pair_id,fold,interaction_label,method,selected,score,threshold,comparison
Leaf141||Leaf262,1,0,LENS,True,0.6843111408293279,0.6366319434058814,>=
Leaf141||Leaf285,1,1,LENS,False,0.2093337066459302,0.6366319434058814,>=
Leaf141||Leaf344,1,0,LENS,False,0.1528127375027695,0.6366319434058814,>=
Leaf141||Leaf88,1,0,LENS,False,0.2335383105203266,0.6366319434058814,>=
Leaf145||Leaf160,1,1,LENS,False,0.5766910074362029,0.6366319434058814,>=
Leaf145||Leaf176,1,0,LENS,False,0.5539741478935115,0.6366319434058814,>=
Leaf145||Leaf202,1,0,LENS,True,0.7395202264021479,0.6366319434058814,>=
Leaf145||Leaf234,1,0,LENS,True,0.7154799093813836,0.6366319434058814,>=
Leaf145||Leaf281,1,0,LENS,False,0.591171343419953,0.6366319434058814,>=
Leaf145||Leaf3,1,0,LENS,False,0.6150124398183162,0.6366319434058814,>=
Leaf145||Leaf324,1,0,LENS,False,0.5399170803346003,0.6366319434058814,>=
Leaf145||Leaf371,1,1,LENS,True,0.6825069617442847,0.6366319434058814,>=
Leaf145||Leaf391,1,0,LENS,False,0.4866998466208649,0.6366319434058814,>=
Leaf145||Leaf443,1,0,LENS,False,0.6347038667647207,0.6366319434058814,>=
Leaf145||Leaf68,1,0,LENS,True,0.7428067249121305,0.6366319434058814,>=
Leaf145||Leaf90,1,0,LENS,False,0.5493674388138311,0.6366319434058814,>=
Leaf160||Leaf176,1,0,LENS,False,0.2103570377914672,0.6366319434058814,>=
Leaf160||Leaf233,1,1,LENS,True,0.7587293118415637,0.6366319434058814,>=
Leaf160||Leaf242,1,1,LENS,False,0.3768016937123971,0.6366319434058814,>=
Leaf160||Leaf351,1,0,LENS,False,0.0441887488068972,0.6366319434058814,>=
Leaf160||Leaf363,1,0,LENS,False,0.0942279364966208,0.6366319434058814,>=
Leaf160||Leaf405,1,0,LENS,False,0.4995917041182029,0.6366319434058814,>=
Leaf160||Leaf86,1,1,LENS,True,0.6613161293023585,0.6366319434058814,>=
Leaf160||Leaf88,1,0,LENS,False,0.0740550702550654,0.6366319434058814,>=
Leaf176||Leaf231,1,0,LENS,False,0.6319333632429117,0.6366319434058814,>=
Leaf176||Leaf265,1,0,LENS,False,0.3964845216558,0.6366319434058814,>=
Leaf177||Leaf285,1,0,LENS,True,0.695032152072433,0.6366319434058814,>=
Leaf177||Leaf420,1,0,LENS,True,0.8203178179757055,0.6366319434058814,>=
Leaf177||Leaf83,1,0,LENS,False,0.5259952235349875,0.6366319434058814,>=
Leaf183||Leaf288,1,0,LENS,False,0.3501343078304856,0.6366319434058814,>=
Leaf183||Leaf33,1,0,LENS,False,0.404302721207799,0.6366319434058814,>=
Leaf187||Leaf233,1,1,LENS,True,0.6704399269415212,0.6366319434058814,>=
Leaf187||Leaf371,1,0,LENS,False,0.0560722750855462,0.6366319434058814,>=
Leaf189||Leaf285,1,0,LENS,False,0.2231271817834259,0.6366319434058814,>=
Leaf189||Leaf344,1,0,LENS,False,0.1269014635129173,0.6366319434058814,>=
Leaf189||Leaf371,1,0,LENS,False,0.1411413757215223,0.6366319434058814,>=
Leaf189||Leaf416,1,0,LENS,False,0.3752265972012865,0.6366319434058814,>=
Leaf189||Leaf90,1,0,LENS,False,0.3097074250127765,0.6366319434058814,>=
Leaf2||Leaf334,1,0,LENS,False,0.1928299783562119,0.6366319434058814,>=
Leaf2||Leaf68,1,0,LENS,True,0.6483753744847977,0.6366319434058814,>=
Leaf2||Leaf90,1,0,LENS,False,0.3373085147439294,0.6366319434058814,>=
Leaf202||Leaf203,1,0,LENS,True,0.855537686986376,0.6366319434058814,>=
Leaf202||Leaf334,1,0,LENS,False,0.6282875463178167,0.6366319434058814,>=
Leaf202||Leaf344,1,0,LENS,False,0.5163745207324264,0.6366319434058814,>=
Leaf202||Leaf371,1,0,LENS,False,0.6339063934038289,0.6366319434058814,>=
Leaf202||Leaf405,1,0,LENS,True,0.7271946303474917,0.6366319434058814,>=
Leaf202||Leaf90,1,0,LENS,True,0.6670994727888513,0.6366319434058814,>=
Leaf203||Leaf225,1,0,LENS,True,0.7872078382430677,0.6366319434058814,>=
Leaf203||Leaf234,1,1,LENS,True,0.7462286998611479,0.6366319434058814,>=
Leaf203||Leaf242,1,0,LENS,True,0.7160247627647547,0.6366319434058814,>=
Leaf203||Leaf262,1,0,LENS,True,0.7520009375683238,0.6366319434058814,>=
Leaf203||Leaf265,1,0,LENS,False,0.4161774991622502,0.6366319434058814,>=
Leaf203||Leaf359,1,1,LENS,True,0.8265955906164079,0.6366319434058814,>=
Leaf203||Leaf86,1,0,LENS,True,0.7011921329646007,0.6366319434058814,>=
Leaf203||Leaf88,1,1,LENS,False,0.6210892646879029,0.6366319434058814,>=
Leaf220||Leaf285,1,0,LENS,False,0.3167753426528832,0.6366319434058814,>=
Leaf220||Leaf359,1,0,LENS,False,0.0327177080959852,0.6366319434058814,>=
Leaf220||Leaf420,1,0,LENS,True,0.6919305803250276,0.6366319434058814,>=
Leaf220||Leaf68,1,0,LENS,True,0.7249387181065102,0.6366319434058814,>=
Leaf222||Leaf405,1,0,LENS,False,0.4845370256922769,0.6366319434058814,>=
Leaf222||Leaf88,1,0,LENS,False,0.1615207692253272,0.6366319434058814,>=
Leaf225||Leaf391,1,0,LENS,False,0.390724598533776,0.6366319434058814,>=
Leaf225||Leaf405,1,0,LENS,False,0.526248757733448,0.6366319434058814,>=
Leaf225||Leaf86,1,0,LENS,False,0.515469773451907,0.6366319434058814,>=
Leaf231||Leaf233,1,0,LENS,False,0.6011645710761506,0.6366319434058814,>=
Leaf231||Leaf242,1,0,LENS,False,0.4797238715389334,0.6366319434058814,>=
Leaf231||Leaf337,1,0,LENS,True,0.6746715590307237,0.6366319434058814,>=
Leaf231||Leaf396,1,0,LENS,False,0.4591293962259445,0.6366319434058814,>=
Leaf231||Leaf420,1,0,LENS,False,0.5752555643261826,0.6366319434058814,>=
Leaf233||Leaf26,1,0,LENS,False,0.6122150182480873,0.6366319434058814,>=
Leaf233||Leaf263,1,0,LENS,True,0.7981046148726945,0.6366319434058814,>=
Leaf233||Leaf281,1,0,LENS,False,0.5481528920225371,0.6366319434058814,>=
Leaf233||Leaf33,1,0,LENS,True,0.6716567563313997,0.6366319434058814,>=
Leaf233||Leaf334,1,0,LENS,True,0.7479673865929607,0.6366319434058814,>=
Leaf233||Leaf336,1,0,LENS,True,0.7314218238309137,0.6366319434058814,>=
Leaf233||Leaf396,1,1,LENS,True,0.6886841442683737,0.6366319434058814,>=
Leaf233||Leaf41,1,0,LENS,True,0.6909094012226749,0.6366319434058814,>=
Leaf233||Leaf427,1,1,LENS,False,0.6187462770065353,0.6366319434058814,>=
Leaf233||Leaf90,1,0,LENS,True,0.7022807710436187,0.6366319434058814,>=
Leaf234||Leaf420,1,0,LENS,True,0.785131428343357,0.6366319434058814,>=
Leaf234||Leaf86,1,0,LENS,False,0.6011664873589748,0.6366319434058814,>=
Leaf242||Leaf33,1,0,LENS,False,0.391801325034655,0.6366319434058814,>=
Leaf242||Leaf371,1,0,LENS,False,0.3249206075593145,0.6366319434058814,>=
Leaf242||Leaf86,1,0,LENS,False,0.4408470771841081,0.6366319434058814,>=
Leaf242||Leaf88,1,0,LENS,False,0.3785163005980826,0.6366319434058814,>=
Leaf26||Leaf83,1,0,LENS,True,0.699072060238513,0.6366319434058814,>=
Leaf26||Leaf88,1,0,LENS,False,0.4929344817251719,0.6366319434058814,>=
Leaf26||Leaf90,1,0,LENS,False,0.2919911783211804,0.6366319434058814,>=
Leaf262||Leaf265,1,0,LENS,True,0.7375165282913063,0.6366319434058814,>=
Leaf262||Leaf337,1,0,LENS,True,0.6910005291781789,0.6366319434058814,>=
Leaf262||Leaf344,1,0,LENS,True,0.65248029030428,0.6366319434058814,>=
Leaf262||Leaf70,1,1,LENS,False,0.627718034730998,0.6366319434058814,>=
Leaf263||Leaf285,1,0,LENS,False,0.3018300365311231,0.6366319434058814,>=
Leaf265||Leaf324,1,0,LENS,False,0.2352595861971055,0.6366319434058814,>=
Leaf265||Leaf33,1,1,LENS,False,0.2921916787382796,0.6366319434058814,>=
Leaf265||Leaf336,1,0,LENS,True,0.6586745246716846,0.6366319434058814,>=
Leaf265||Leaf371,1,0,LENS,False,0.3755540052277424,0.6366319434058814,>=
Leaf265||Leaf420,1,0,LENS,True,0.7172349104024083,0.6366319434058814,>=
Leaf265||Leaf82,1,0,LENS,False,0.4575783902065513,0.6366319434058814,>=
Leaf265||Leaf83,1,0,LENS,False,0.2754015759409869,0.6366319434058814,>=
Leaf281||Leaf334,1,0,LENS,False,0.2796717816970647,0.6366319434058814,>=
Leaf281||Leaf371,1,0,LENS,False,0.2892999884538827,0.6366319434058814,>=
Leaf281||Leaf416,1,0,LENS,False,0.410748660479013,0.6366319434058814,>=
Leaf285||Leaf336,1,0,LENS,True,0.6640317909836065,0.6366319434058814,>=
Leaf285||Leaf351,1,0,LENS,False,0.3019586580592058,0.6366319434058814,>=
Leaf285||Leaf363,1,0,LENS,False,0.3323517384012431,0.6366319434058814,>=
Leaf285||Leaf380,1,0,LENS,False,0.2340192048912157,0.6366319434058814,>=
Leaf285||Leaf391,1,0,LENS,False,0.4579732420623763,0.6366319434058814,>=
Leaf285||Leaf396,1,0,LENS,False,0.1581700636783687,0.6366319434058814,>=
Leaf285||Leaf443,1,0,LENS,False,0.2865898936353781,0.6366319434058814,>=
Leaf285||Leaf5,1,0,LENS,False,0.2863411971813009,0.6366319434058814,>=
Leaf285||Leaf70,1,1,LENS,False,0.2981638274429717,0.6366319434058814,>=
Leaf285||Leaf88,1,0,LENS,False,0.1658643016691097,0.6366319434058814,>=
Leaf288||Leaf3,1,0,LENS,False,0.2545526846913308,0.6366319434058814,>=
Leaf288||Leaf33,1,0,LENS,False,0.0828444898762521,0.6366319434058814,>=
Leaf288||Leaf351,1,0,LENS,False,0.100232970113575,0.6366319434058814,>=
Leaf288||Leaf380,1,0,LENS,False,0.1022376943490181,0.6366319434058814,>=
Leaf288||Leaf405,1,0,LENS,False,0.3696762647520387,0.6366319434058814,>=
Leaf288||Leaf5,1,0,LENS,False,0.0635174377547148,0.6366319434058814,>=
Leaf288||Leaf68,1,0,LENS,False,0.5094374155292467,0.6366319434058814,>=
Leaf288||Leaf88,1,0,LENS,False,0.1368537599932754,0.6366319434058814,>=
Leaf3||Leaf420,1,0,LENS,False,0.476989222456056,0.6366319434058814,>=
Leaf324||Leaf405,1,0,LENS,False,0.3590872539751457,0.6366319434058814,>=
Leaf324||Leaf416,1,0,LENS,False,0.2981348307612173,0.6366319434058814,>=
Leaf324||Leaf88,1,0,LENS,False,0.1836138725644127,0.6366319434058814,>=
Leaf324||Leaf90,1,0,LENS,False,0.2921981545104084,0.6366319434058814,>=
Leaf33||Leaf336,1,0,LENS,False,0.4996417765506341,0.6366319434058814,>=
Leaf33||Leaf344,1,0,LENS,False,0.1644216619909611,0.6366319434058814,>=
Leaf33||Leaf354,1,0,LENS,False,0.6280552040402245,0.6366319434058814,>=
Leaf33||Leaf357,1,0,LENS,False,0.0869982116062266,0.6366319434058814,>=
Leaf33||Leaf427,1,0,LENS,False,0.0577212336999844,0.6366319434058814,>=
Leaf33||Leaf68,1,1,LENS,False,0.432374232893964,0.6366319434058814,>=
Leaf33||Leaf90,1,0,LENS,False,0.3155386607540917,0.6366319434058814,>=
Leaf334||Leaf336,1,0,LENS,True,0.7325592509314074,0.6366319434058814,>=
Leaf334||Leaf359,1,0,LENS,False,0.0734079966966508,0.6366319434058814,>=
Leaf334||Leaf371,1,0,LENS,False,0.0575560794636497,0.6366319434058814,>=
Leaf334||Leaf83,1,0,LENS,False,0.2483368704517182,0.6366319434058814,>=
Leaf336||Leaf359,1,0,LENS,True,0.807936189614432,0.6366319434058814,>=
Leaf336||Leaf88,1,0,LENS,False,0.6198448356505307,0.6366319434058814,>=
Leaf336||Leaf90,1,0,LENS,False,0.5180112735043955,0.6366319434058814,>=
Leaf337||Leaf416,1,0,LENS,False,0.4051171136434172,0.6366319434058814,>=
Leaf337||Leaf420,1,0,LENS,True,0.770323926473489,0.6366319434058814,>=
Leaf337||Leaf86,1,0,LENS,False,0.6064679618251468,0.6366319434058814,>=
Leaf337||Leaf88,1,0,LENS,False,0.1139325788953004,0.6366319434058814,>=
Leaf337||Leaf90,1,0,LENS,False,0.4773795913745812,0.6366319434058814,>=
Leaf344||Leaf354,1,0,LENS,False,0.5312235340106579,0.6366319434058814,>=
Leaf344||Leaf416,1,1,LENS,False,0.2682699932595771,0.6366319434058814,>=
Leaf344||Leaf90,1,0,LENS,False,0.2736509911590186,0.6366319434058814,>=
Leaf351||Leaf68,1,0,LENS,True,0.8113333988942606,0.6366319434058814,>=
Leaf354||Leaf359,1,0,LENS,False,0.4719884710104348,0.6366319434058814,>=
Leaf354||Leaf68,1,1,LENS,True,0.8471309190606098,0.6366319434058814,>=
Leaf354||Leaf88,1,0,LENS,False,0.4122487037621263,0.6366319434058814,>=
Leaf357||Leaf359,1,0,LENS,False,0.2115557250999081,0.6366319434058814,>=
Leaf357||Leaf88,1,0,LENS,False,0.1108239583261687,0.6366319434058814,>=
Leaf359||Leaf363,1,0,LENS,False,0.1772998699598311,0.6366319434058814,>=
Leaf359||Leaf380,1,0,LENS,False,0.1842078390395269,0.6366319434058814,>=
Leaf359||Leaf405,1,0,LENS,False,0.5796515268964879,0.6366319434058814,>=
Leaf359||Leaf416,1,1,LENS,False,0.4241629470532572,0.6366319434058814,>=
Leaf359||Leaf420,1,1,LENS,True,0.7574132512653835,0.6366319434058814,>=
Leaf359||Leaf5,1,0,LENS,False,0.0332939146408441,0.6366319434058814,>=
Leaf359||Leaf83,1,1,LENS,False,0.3934214519697073,0.6366319434058814,>=
Leaf363||Leaf416,1,0,LENS,False,0.2637002950929776,0.6366319434058814,>=
Leaf363||Leaf83,1,0,LENS,False,0.3194834407874561,0.6366319434058814,>=
Leaf363||Leaf90,1,0,LENS,False,0.3892156293252199,0.6366319434058814,>=
Leaf371||Leaf396,1,0,LENS,False,0.090809318717487,0.6366319434058814,>=
Leaf371||Leaf41,1,0,LENS,False,0.1857976259172846,0.6366319434058814,>=
Leaf371||Leaf416,1,0,LENS,False,0.441053503838649,0.6366319434058814,>=
Leaf371||Leaf420,1,0,LENS,False,0.6045608960543457,0.6366319434058814,>=
Leaf371||Leaf70,1,0,LENS,False,0.0409560587820509,0.6366319434058814,>=
Leaf371||Leaf82,1,0,LENS,False,0.5033072412372099,0.6366319434058814,>=
Leaf371||Leaf86,1,0,LENS,False,0.5956947531188928,0.6366319434058814,>=
Leaf371||Leaf88,1,0,LENS,False,0.0489749107778928,0.6366319434058814,>=
Leaf380||Leaf68,1,0,LENS,True,0.6913772922233046,0.6366319434058814,>=
Leaf391||Leaf443,1,0,LENS,False,0.4205935172244441,0.6366319434058814,>=
Leaf391||Leaf68,1,1,LENS,False,0.5370510806713203,0.6366319434058814,>=
Leaf391||Leaf70,1,1,LENS,False,0.529530891421516,0.6366319434058814,>=
Leaf405||Leaf420,1,0,LENS,False,0.476305903059057,0.6366319434058814,>=
Leaf405||Leaf427,1,0,LENS,False,0.3811743144146101,0.6366319434058814,>=
Leaf405||Leaf443,1,0,LENS,False,0.4183839671652975,0.6366319434058814,>=
Leaf405||Leaf82,1,0,LENS,False,0.3612826354192211,0.6366319434058814,>=
Leaf405||Leaf83,1,0,LENS,False,0.3586733956680642,0.6366319434058814,>=
Leaf41||Leaf420,1,0,LENS,False,0.463050401159911,0.6366319434058814,>=
Leaf41||Leaf88,1,0,LENS,False,0.2108602161460619,0.6366319434058814,>=
Leaf416||Leaf70,1,1,LENS,False,0.3038775201547496,0.6366319434058814,>=
Leaf416||Leaf82,1,0,LENS,False,0.3528646454947305,0.6366319434058814,>=
Leaf416||Leaf90,1,1,LENS,False,0.3986056439087352,0.6366319434058814,>=
Leaf420||Leaf5,1,0,LENS,True,0.797433126058399,0.6366319434058814,>=
Leaf420||Leaf88,1,0,LENS,False,0.5410657828788661,0.6366319434058814,>=
Leaf427||Leaf83,1,0,LENS,False,0.2954347459886323,0.6366319434058814,>=
Leaf427||Leaf88,1,0,LENS,False,0.0576347625907722,0.6366319434058814,>=
Leaf443||Leaf86,1,0,LENS,False,0.5737284402159782,0.6366319434058814,>=
Leaf443||Leaf88,1,0,LENS,False,0.1181506970484398,0.6366319434058814,>=
Leaf5||Leaf86,1,0,LENS,False,0.5025833211995554,0.6366319434058814,>=
Leaf68||Leaf82,1,0,LENS,True,0.6586066331319148,0.6366319434058814,>=
Leaf68||Leaf83,1,0,LENS,False,0.4655738882561384,0.6366319434058814,>=
Leaf70||Leaf88,1,0,LENS,False,0.0695355125434787,0.6366319434058814,>=
Leaf82||Leaf88,1,0,LENS,False,0.4653109081927624,0.6366319434058814,>=
Leaf83||Leaf86,1,0,LENS,False,0.3406774626694536,0.6366319434058814,>=
Leaf141||Leaf262,1,0,OneNet,False,0.0222222222222222,0.9,>
Leaf141||Leaf285,1,1,OneNet,False,0.0055555555555555,0.9,>
Leaf141||Leaf344,1,0,OneNet,False,0.0055555555555555,0.9,>
Leaf141||Leaf88,1,0,OneNet,False,0.0666666666666667,0.9,>
Leaf145||Leaf160,1,1,OneNet,False,0.261111111111111,0.9,>
Leaf145||Leaf176,1,0,OneNet,False,0.0222222222222222,0.9,>
Leaf145||Leaf202,1,0,OneNet,False,0.111111111111111,0.9,>
Leaf145||Leaf234,1,0,OneNet,False,0.0055555555555555,0.9,>
Leaf145||Leaf281,1,0,OneNet,False,0.0,0.9,>
Leaf145||Leaf3,1,0,OneNet,False,0.0,0.9,>
Leaf145||Leaf324,1,0,OneNet,False,0.0333333333333333,0.9,>
Leaf145||Leaf371,1,1,OneNet,False,0.0,0.9,>
Leaf145||Leaf391,1,0,OneNet,False,0.277777777777778,0.9,>
Leaf145||Leaf443,1,0,OneNet,False,0.0,0.9,>
Leaf145||Leaf68,1,0,OneNet,False,0.111111111111111,0.9,>
Leaf145||Leaf90,1,0,OneNet,False,0.0444444444444444,0.9,>
Leaf160||Leaf176,1,0,OneNet,False,0.0,0.9,>
Leaf160||Leaf233,1,1,OneNet,False,0.0611111111111111,0.9,>
Leaf160||Leaf242,1,1,OneNet,False,0.0333333333333333,0.9,>
Leaf160||Leaf351,1,0,OneNet,False,0.238888888888889,0.9,>
Leaf160||Leaf363,1,0,OneNet,False,0.205555555555556,0.9,>
Leaf160||Leaf405,1,0,OneNet,False,0.127777777777778,0.9,>
Leaf160||Leaf86,1,1,OneNet,False,0.0,0.9,>
Leaf160||Leaf88,1,0,OneNet,False,0.305555555555556,0.9,>
Leaf176||Leaf231,1,0,OneNet,False,0.0222222222222222,0.9,>
Leaf176||Leaf265,1,0,OneNet,False,0.0055555555555555,0.9,>
Leaf177||Leaf285,1,0,OneNet,False,0.0,0.9,>
Leaf177||Leaf420,1,0,OneNet,False,0.0111111111111111,0.9,>
Leaf177||Leaf83,1,0,OneNet,False,0.0055555555555555,0.9,>
Leaf183||Leaf288,1,0,OneNet,False,0.227777777777778,0.9,>
Leaf183||Leaf33,1,0,OneNet,False,0.0277777777777778,0.9,>
Leaf187||Leaf233,1,1,OneNet,False,0.144444444444444,0.9,>
Leaf187||Leaf371,1,0,OneNet,False,0.866666666666667,0.9,>
Leaf189||Leaf285,1,0,OneNet,False,0.0055555555555555,0.9,>
Leaf189||Leaf344,1,0,OneNet,False,0.05,0.9,>
Leaf189||Leaf371,1,0,OneNet,False,0.0,0.9,>
Leaf189||Leaf416,1,0,OneNet,False,0.127777777777778,0.9,>
Leaf189||Leaf90,1,0,OneNet,False,0.0944444444444444,0.9,>
Leaf2||Leaf334,1,0,OneNet,False,0.3,0.9,>
Leaf2||Leaf68,1,0,OneNet,False,0.0166666666666667,0.9,>
Leaf2||Leaf90,1,0,OneNet,False,0.177777777777778,0.9,>
Leaf202||Leaf203,1,0,OneNet,False,0.0833333333333333,0.9,>
Leaf202||Leaf334,1,0,OneNet,False,0.166666666666667,0.9,>
Leaf202||Leaf344,1,0,OneNet,False,0.0222222222222222,0.9,>
Leaf202||Leaf371,1,0,OneNet,False,0.0,0.9,>
Leaf202||Leaf405,1,0,OneNet,False,0.0,0.9,>
Leaf202||Leaf90,1,0,OneNet,False,0.45,0.9,>
Leaf203||Leaf225,1,0,OneNet,False,0.0277777777777778,0.9,>
Leaf203||Leaf234,1,1,OneNet,False,0.0222222222222222,0.9,>
Leaf203||Leaf242,1,0,OneNet,False,0.0666666666666667,0.9,>
Leaf203||Leaf262,1,0,OneNet,False,0.0055555555555555,0.9,>
Leaf203||Leaf265,1,0,OneNet,False,0.577777777777778,0.9,>
Leaf203||Leaf359,1,1,OneNet,False,0.1,0.9,>
Leaf203||Leaf86,1,0,OneNet,False,0.0,0.9,>
Leaf203||Leaf88,1,1,OneNet,False,0.0222222222222222,0.9,>
Leaf220||Leaf285,1,0,OneNet,False,0.0,0.9,>
Leaf220||Leaf359,1,0,OneNet,False,0.138888888888889,0.9,>
Leaf220||Leaf420,1,0,OneNet,False,0.0055555555555555,0.9,>
Leaf220||Leaf68,1,0,OneNet,False,0.0,0.9,>
Leaf222||Leaf405,1,0,OneNet,False,0.372222222222222,0.9,>
Leaf222||Leaf88,1,0,OneNet,False,0.0555555555555556,0.9,>
Leaf225||Leaf391,1,0,OneNet,False,0.227777777777778,0.9,>
Leaf225||Leaf405,1,0,OneNet,False,0.0222222222222222,0.9,>
Leaf225||Leaf86,1,0,OneNet,False,0.0277777777777778,0.9,>
Leaf231||Leaf233,1,0,OneNet,False,0.138888888888889,0.9,>
Leaf231||Leaf242,1,0,OneNet,False,0.661111111111111,0.9,>
Leaf231||Leaf337,1,0,OneNet,False,0.0055555555555555,0.9,>
Leaf231||Leaf396,1,0,OneNet,False,0.277777777777778,0.9,>
Leaf231||Leaf420,1,0,OneNet,False,0.266666666666667,0.9,>
Leaf233||Leaf26,1,0,OneNet,False,0.0333333333333333,0.9,>
Leaf233||Leaf263,1,0,OneNet,False,0.0277777777777778,0.9,>
Leaf233||Leaf281,1,0,OneNet,False,0.166666666666667,0.9,>
Leaf233||Leaf33,1,0,OneNet,False,0.0333333333333333,0.9,>
Leaf233||Leaf334,1,0,OneNet,False,0.0888888888888889,0.9,>
Leaf233||Leaf336,1,0,OneNet,False,0.0277777777777778,0.9,>
Leaf233||Leaf396,1,1,OneNet,False,0.0333333333333333,0.9,>
Leaf233||Leaf41,1,0,OneNet,False,0.0666666666666667,0.9,>
Leaf233||Leaf427,1,1,OneNet,False,0.116666666666667,0.9,>
Leaf233||Leaf90,1,0,OneNet,False,0.0388888888888889,0.9,>
Leaf234||Leaf420,1,0,OneNet,False,0.0555555555555556,0.9,>
Leaf234||Leaf86,1,0,OneNet,False,0.0277777777777778,0.9,>
Leaf242||Leaf33,1,0,OneNet,False,0.0388888888888889,0.9,>
Leaf242||Leaf371,1,0,OneNet,False,0.0277777777777778,0.9,>
Leaf242||Leaf86,1,0,OneNet,False,0.0166666666666667,0.9,>
Leaf242||Leaf88,1,0,OneNet,False,0.0111111111111111,0.9,>
Leaf26||Leaf83,1,0,OneNet,False,0.0,0.9,>
Leaf26||Leaf88,1,0,OneNet,False,0.116666666666667,0.9,>
Leaf26||Leaf90,1,0,OneNet,False,0.0833333333333333,0.9,>
Leaf262||Leaf265,1,0,OneNet,False,0.0333333333333333,0.9,>
Leaf262||Leaf337,1,0,OneNet,False,0.0333333333333333,0.9,>
Leaf262||Leaf344,1,0,OneNet,False,0.0222222222222222,0.9,>
Leaf262||Leaf70,1,1,OneNet,False,0.0055555555555555,0.9,>
Leaf263||Leaf285,1,0,OneNet,False,0.288888888888889,0.9,>
Leaf265||Leaf324,1,0,OneNet,False,0.505555555555556,0.9,>
Leaf265||Leaf33,1,1,OneNet,False,0.116666666666667,0.9,>
Leaf265||Leaf336,1,0,OneNet,False,0.0333333333333333,0.9,>
Leaf265||Leaf371,1,0,OneNet,False,0.0555555555555556,0.9,>
Leaf265||Leaf420,1,0,OneNet,False,0.0222222222222222,0.9,>
Leaf265||Leaf82,1,0,OneNet,False,0.0111111111111111,0.9,>
Leaf265||Leaf83,1,0,OneNet,False,0.194444444444444,0.9,>
Leaf281||Leaf334,1,0,OneNet,False,0.0166666666666667,0.9,>
Leaf281||Leaf371,1,0,OneNet,False,0.0166666666666667,0.9,>
Leaf281||Leaf416,1,0,OneNet,False,0.0166666666666667,0.9,>
Leaf285||Leaf336,1,0,OneNet,False,0.0,0.9,>
Leaf285||Leaf351,1,0,OneNet,False,0.0111111111111111,0.9,>
Leaf285||Leaf363,1,0,OneNet,False,0.0555555555555556,0.9,>
Leaf285||Leaf380,1,0,OneNet,False,0.0444444444444444,0.9,>
Leaf285||Leaf391,1,0,OneNet,False,0.0111111111111111,0.9,>
Leaf285||Leaf396,1,0,OneNet,False,0.233333333333333,0.9,>
Leaf285||Leaf443,1,0,OneNet,False,0.0833333333333333,0.9,>
Leaf285||Leaf5,1,0,OneNet,False,0.238888888888889,0.9,>
Leaf285||Leaf70,1,1,OneNet,False,0.0,0.9,>
Leaf285||Leaf88,1,0,OneNet,False,0.144444444444444,0.9,>
Leaf288||Leaf3,1,0,OneNet,False,0.194444444444444,0.9,>
Leaf288||Leaf33,1,0,OneNet,False,0.105555555555556,0.9,>
Leaf288||Leaf351,1,0,OneNet,False,0.0111111111111111,0.9,>
Leaf288||Leaf380,1,0,OneNet,False,0.144444444444444,0.9,>
Leaf288||Leaf405,1,0,OneNet,False,0.0888888888888889,0.9,>
Leaf288||Leaf5,1,0,OneNet,False,0.255555555555556,0.9,>
Leaf288||Leaf68,1,0,OneNet,False,0.233333333333333,0.9,>
Leaf288||Leaf88,1,0,OneNet,False,0.238888888888889,0.9,>
Leaf3||Leaf420,1,0,OneNet,False,0.277777777777778,0.9,>
Leaf324||Leaf405,1,0,OneNet,False,0.233333333333333,0.9,>
Leaf324||Leaf416,1,0,OneNet,False,0.427777777777778,0.9,>
Leaf324||Leaf88,1,0,OneNet,False,0.211111111111111,0.9,>
Leaf324||Leaf90,1,0,OneNet,False,0.711111111111111,0.9,>
Leaf33||Leaf336,1,0,OneNet,False,0.0666666666666667,0.9,>
Leaf33||Leaf344,1,0,OneNet,False,0.0555555555555556,0.9,>
Leaf33||Leaf354,1,0,OneNet,False,0.0111111111111111,0.9,>
Leaf33||Leaf357,1,0,OneNet,False,0.122222222222222,0.9,>
Leaf33||Leaf427,1,0,OneNet,False,0.261111111111111,0.9,>
Leaf33||Leaf68,1,1,OneNet,False,0.666666666666667,0.9,>
Leaf33||Leaf90,1,0,OneNet,False,0.405555555555556,0.9,>
Leaf334||Leaf336,1,0,OneNet,False,0.05,0.9,>
Leaf334||Leaf359,1,0,OneNet,False,0.316666666666667,0.9,>
Leaf334||Leaf371,1,0,OneNet,False,0.0277777777777778,0.9,>
Leaf334||Leaf83,1,0,OneNet,False,0.0277777777777778,0.9,>
Leaf336||Leaf359,1,0,OneNet,False,0.0222222222222222,0.9,>
Leaf336||Leaf88,1,0,OneNet,False,0.0,0.9,>
Leaf336||Leaf90,1,0,OneNet,False,0.0611111111111111,0.9,>
Leaf337||Leaf416,1,0,OneNet,False,0.0166666666666667,0.9,>
Leaf337||Leaf420,1,0,OneNet,False,0.05,0.9,>
Leaf337||Leaf86,1,0,OneNet,False,0.0166666666666667,0.9,>
Leaf337||Leaf88,1,0,OneNet,False,0.144444444444444,0.9,>
Leaf337||Leaf90,1,0,OneNet,False,0.05,0.9,>
Leaf344||Leaf354,1,0,OneNet,False,0.0111111111111111,0.9,>
Leaf344||Leaf416,1,1,OneNet,False,0.105555555555556,0.9,>
Leaf344||Leaf90,1,0,OneNet,False,0.266666666666667,0.9,>
Leaf351||Leaf68,1,0,OneNet,False,0.0055555555555555,0.9,>
Leaf354||Leaf359,1,0,OneNet,False,0.0277777777777778,0.9,>
Leaf354||Leaf68,1,1,OneNet,False,0.0111111111111111,0.9,>
Leaf354||Leaf88,1,0,OneNet,False,0.0611111111111111,0.9,>
Leaf357||Leaf359,1,0,OneNet,False,0.0055555555555555,0.9,>
Leaf357||Leaf88,1,0,OneNet,False,0.794444444444444,0.9,>
Leaf359||Leaf363,1,0,OneNet,False,0.45,0.9,>
Leaf359||Leaf380,1,0,OneNet,False,0.0611111111111111,0.9,>
Leaf359||Leaf405,1,0,OneNet,False,0.0222222222222222,0.9,>
Leaf359||Leaf416,1,1,OneNet,False,0.0222222222222222,0.9,>
Leaf359||Leaf420,1,1,OneNet,False,0.0555555555555556,0.9,>
Leaf359||Leaf5,1,0,OneNet,False,0.0277777777777778,0.9,>
Leaf359||Leaf83,1,1,OneNet,False,0.0111111111111111,0.9,>
Leaf363||Leaf416,1,0,OneNet,False,0.411111111111111,0.9,>
Leaf363||Leaf83,1,0,OneNet,False,0.161111111111111,0.9,>
Leaf363||Leaf90,1,0,OneNet,False,0.0222222222222222,0.9,>
Leaf371||Leaf396,1,0,OneNet,False,0.0944444444444444,0.9,>
Leaf371||Leaf41,1,0,OneNet,False,0.0111111111111111,0.9,>
Leaf371||Leaf416,1,0,OneNet,False,0.0833333333333333,0.9,>
Leaf371||Leaf420,1,0,OneNet,False,0.0222222222222222,0.9,>
Leaf371||Leaf70,1,0,OneNet,False,0.783333333333333,0.9,>
Leaf371||Leaf82,1,0,OneNet,False,0.0055555555555555,0.9,>
Leaf371||Leaf86,1,0,OneNet,False,0.0388888888888889,0.9,>
Leaf371||Leaf88,1,0,OneNet,False,0.355555555555556,0.9,>
Leaf380||Leaf68,1,0,OneNet,False,0.0611111111111111,0.9,>
Leaf391||Leaf443,1,0,OneNet,False,0.211111111111111,0.9,>
Leaf391||Leaf68,1,1,OneNet,False,0.0111111111111111,0.9,>
Leaf391||Leaf70,1,1,OneNet,False,0.0111111111111111,0.9,>
Leaf405||Leaf420,1,0,OneNet,False,0.172222222222222,0.9,>
Leaf405||Leaf427,1,0,OneNet,False,0.322222222222222,0.9,>
Leaf405||Leaf443,1,0,OneNet,False,0.0166666666666667,0.9,>
Leaf405||Leaf82,1,0,OneNet,False,0.0722222222222222,0.9,>
Leaf405||Leaf83,1,0,OneNet,False,0.361111111111111,0.9,>
Leaf41||Leaf420,1,0,OneNet,False,0.477777777777778,0.9,>
Leaf41||Leaf88,1,0,OneNet,False,0.0055555555555555,0.9,>
Leaf416||Leaf70,1,1,OneNet,False,0.283333333333333,0.9,>
Leaf416||Leaf82,1,0,OneNet,False,0.0833333333333333,0.9,>
Leaf416||Leaf90,1,1,OneNet,False,0.105555555555556,0.9,>
Leaf420||Leaf5,1,0,OneNet,False,0.0222222222222222,0.9,>
Leaf420||Leaf88,1,0,OneNet,False,0.327777777777778,0.9,>
Leaf427||Leaf83,1,0,OneNet,False,0.0388888888888889,0.9,>
Leaf427||Leaf88,1,0,OneNet,False,0.138888888888889,0.9,>
Leaf443||Leaf86,1,0,OneNet,False,0.0111111111111111,0.9,>
Leaf443||Leaf88,1,0,OneNet,False,0.438888888888889,0.9,>
Leaf5||Leaf86,1,0,OneNet,False,0.588888888888889,0.9,>
Leaf68||Leaf82,1,0,OneNet,False,0.0,0.9,>
Leaf68||Leaf83,1,0,OneNet,False,0.227777777777778,0.9,>
Leaf70||Leaf88,1,0,OneNet,False,0.0444444444444444,0.9,>
Leaf82||Leaf88,1,0,OneNet,False,0.0611111111111111,0.9,>
Leaf83||Leaf86,1,0,OneNet,False,0.15,0.9,>
Leaf141||Leaf145,2,1,LENS,False,0.5472411743411648,0.5648360007759499,>=
Leaf141||Leaf233,2,1,LENS,False,0.5430400053301596,0.5648360007759499,>=
Leaf141||Leaf288,2,0,LENS,False,0.3541194725541486,0.5648360007759499,>=
Leaf141||Leaf334,2,0,LENS,False,0.3416370747935541,0.5648360007759499,>=
Leaf141||Leaf405,2,0,LENS,False,0.4360780995761687,0.5648360007759499,>=
Leaf141||Leaf86,2,0,LENS,False,0.4732805134643249,0.5648360007759499,>=
Leaf141||Leaf90,2,0,LENS,False,0.3364051642730666,0.5648360007759499,>=
Leaf145||Leaf189,2,0,LENS,False,0.5504945821732681,0.5648360007759499,>=
Leaf145||Leaf2,2,0,LENS,False,0.5523371847415538,0.5648360007759499,>=
Leaf145||Leaf265,2,1,LENS,False,0.5302216015362119,0.5648360007759499,>=
Leaf145||Leaf336,2,0,LENS,True,0.6458556294832173,0.5648360007759499,>=
Leaf145||Leaf354,2,0,LENS,True,0.5934713854354694,0.5648360007759499,>=
Leaf145||Leaf357,2,0,LENS,False,0.5500390763321426,0.5648360007759499,>=
Leaf145||Leaf41,2,0,LENS,False,0.5053550441145108,0.5648360007759499,>=
Leaf145||Leaf420,2,0,LENS,True,0.7065311293728639,0.5648360007759499,>=
Leaf160||Leaf189,2,0,LENS,False,0.3054781660684138,0.5648360007759499,>=
Leaf160||Leaf202,2,0,LENS,True,0.6755715697353597,0.5648360007759499,>=
Leaf160||Leaf220,2,0,LENS,False,0.2205003093768291,0.5648360007759499,>=
Leaf160||Leaf234,2,0,LENS,False,0.2089433821893248,0.5648360007759499,>=
Leaf160||Leaf288,2,0,LENS,False,0.2442914679867472,0.5648360007759499,>=
Leaf160||Leaf336,2,0,LENS,False,0.5405037879279886,0.5648360007759499,>=
Leaf160||Leaf337,2,0,LENS,False,0.2442235738471788,0.5648360007759499,>=
Leaf160||Leaf357,2,0,LENS,False,0.2371286988635234,0.5648360007759499,>=
Leaf160||Leaf41,2,0,LENS,False,0.3235045567769413,0.5648360007759499,>=
Leaf160||Leaf416,2,1,LENS,False,0.4400987404351524,0.5648360007759499,>=
Leaf160||Leaf68,2,1,LENS,True,0.6718839033266862,0.5648360007759499,>=
Leaf160||Leaf83,2,0,LENS,False,0.3138796591217138,0.5648360007759499,>=
Leaf176||Leaf233,2,0,LENS,False,0.53348481882868,0.5648360007759499,>=
Leaf176||Leaf262,2,0,LENS,False,0.5166315934178235,0.5648360007759499,>=
Leaf176||Leaf285,2,0,LENS,False,0.3236868254399615,0.5648360007759499,>=
Leaf176||Leaf33,2,0,LENS,False,0.2729231489476525,0.5648360007759499,>=
Leaf176||Leaf391,2,0,LENS,False,0.4649999194103664,0.5648360007759499,>=
Leaf176||Leaf405,2,0,LENS,False,0.4082682211802528,0.5648360007759499,>=
Leaf176||Leaf416,2,0,LENS,False,0.4309912723487804,0.5648360007759499,>=
Leaf176||Leaf90,2,0,LENS,False,0.4000429150301973,0.5648360007759499,>=
Leaf177||Leaf334,2,0,LENS,True,0.6509099000768208,0.5648360007759499,>=
Leaf177||Leaf359,2,0,LENS,True,0.7374882350745501,0.5648360007759499,>=
Leaf177||Leaf68,2,0,LENS,True,0.7456032731908453,0.5648360007759499,>=
Leaf177||Leaf86,2,0,LENS,True,0.6393032659892509,0.5648360007759499,>=
Leaf177||Leaf90,2,0,LENS,False,0.556953571461638,0.5648360007759499,>=
Leaf183||Leaf203,2,0,LENS,True,0.5878114332327689,0.5648360007759499,>=
Leaf183||Leaf86,2,0,LENS,False,0.4838446216516794,0.5648360007759499,>=
Leaf187||Leaf288,2,0,LENS,False,0.2601479642397317,0.5648360007759499,>=
Leaf187||Leaf344,2,0,LENS,False,0.2940089663009881,0.5648360007759499,>=
Leaf187||Leaf68,2,0,LENS,True,0.7723497105043327,0.5648360007759499,>=
Leaf187||Leaf83,2,0,LENS,False,0.502785980465482,0.5648360007759499,>=
Leaf189||Leaf262,2,0,LENS,True,0.5656721500266934,0.5648360007759499,>=
Leaf189||Leaf33,2,0,LENS,False,0.297430700341534,0.5648360007759499,>=
Leaf189||Leaf359,2,0,LENS,False,0.3296543656612393,0.5648360007759499,>=
Leaf189||Leaf391,2,0,LENS,False,0.4658495436227195,0.5648360007759499,>=
Leaf189||Leaf405,2,0,LENS,False,0.5023225596945524,0.5648360007759499,>=
Leaf189||Leaf83,2,0,LENS,False,0.331226663120133,0.5648360007759499,>=
Leaf189||Leaf86,2,0,LENS,False,0.4571973405600193,0.5648360007759499,>=
Leaf2||Leaf359,2,0,LENS,False,0.4141298071812672,0.5648360007759499,>=
Leaf2||Leaf416,2,0,LENS,False,0.3749279955563869,0.5648360007759499,>=
Leaf2||Leaf83,2,0,LENS,False,0.4803617343050532,0.5648360007759499,>=
Leaf2||Leaf86,2,0,LENS,False,0.4617073367942359,0.5648360007759499,>=
Leaf202||Leaf231,2,0,LENS,True,0.6453711851884525,0.5648360007759499,>=
Leaf202||Leaf285,2,0,LENS,False,0.4938635439254578,0.5648360007759499,>=
Leaf202||Leaf288,2,0,LENS,True,0.7114831124567147,0.5648360007759499,>=
Leaf203||Leaf285,2,0,LENS,True,0.5941847935748059,0.5648360007759499,>=
Leaf203||Leaf3,2,1,LENS,True,0.5684345998996527,0.5648360007759499,>=
Leaf203||Leaf336,2,0,LENS,True,0.6803064004895988,0.5648360007759499,>=
Leaf203||Leaf337,2,0,LENS,True,0.6271857179148921,0.5648360007759499,>=
Leaf203||Leaf371,2,1,LENS,True,0.6392318406245063,0.5648360007759499,>=
Leaf203||Leaf41,2,0,LENS,False,0.5118146100760566,0.5648360007759499,>=
Leaf203||Leaf70,2,1,LENS,True,0.6471468046127059,0.5648360007759499,>=
Leaf203||Leaf82,2,0,LENS,True,0.6399648898362039,0.5648360007759499,>=
Leaf220||Leaf231,2,1,LENS,False,0.5173052934007774,0.5648360007759499,>=
Leaf220||Leaf233,2,1,LENS,True,0.6864667097151697,0.5648360007759499,>=
Leaf220||Leaf262,2,1,LENS,False,0.4992944468968016,0.5648360007759499,>=
Leaf220||Leaf371,2,0,LENS,False,0.2266594630097205,0.5648360007759499,>=
Leaf222||Leaf231,2,1,LENS,True,0.6112926067048029,0.5648360007759499,>=
Leaf222||Leaf285,2,0,LENS,False,0.3862374694323189,0.5648360007759499,>=
Leaf222||Leaf33,2,0,LENS,False,0.2697677631023887,0.5648360007759499,>=
Leaf222||Leaf334,2,0,LENS,False,0.2555307967384256,0.5648360007759499,>=
Leaf222||Leaf83,2,0,LENS,False,0.39148551748705,0.5648360007759499,>=
Leaf222||Leaf86,2,0,LENS,False,0.4438901513457554,0.5648360007759499,>=
Leaf225||Leaf262,2,0,LENS,False,0.5017365336298146,0.5648360007759499,>=
Leaf225||Leaf265,2,0,LENS,False,0.4395591248544221,0.5648360007759499,>=
Leaf225||Leaf416,2,0,LENS,False,0.5168703232491784,0.5648360007759499,>=
Leaf225||Leaf420,2,0,LENS,True,0.6344659109600471,0.5648360007759499,>=
Leaf225||Leaf83,2,0,LENS,False,0.3329069310905384,0.5648360007759499,>=
Leaf231||Leaf234,2,1,LENS,False,0.508156505682594,0.5648360007759499,>=
Leaf231||Leaf262,2,0,LENS,False,0.4634133822289716,0.5648360007759499,>=
Leaf231||Leaf359,2,1,LENS,False,0.5601524342428355,0.5648360007759499,>=
Leaf231||Leaf380,2,0,LENS,False,0.4905373219446596,0.5648360007759499,>=
Leaf231||Leaf41,2,0,LENS,False,0.4481382379444559,0.5648360007759499,>=
Leaf231||Leaf88,2,0,LENS,False,0.4736837234352127,0.5648360007759499,>=
Leaf233||Leaf234,2,1,LENS,True,0.683843844400401,0.5648360007759499,>=
Leaf233||Leaf3,2,0,LENS,False,0.5459707536904909,0.5648360007759499,>=
Leaf233||Leaf351,2,1,LENS,True,0.6644520030039534,0.5648360007759499,>=
Leaf233||Leaf357,2,1,LENS,False,0.4824573665102423,0.5648360007759499,>=
Leaf233||Leaf363,2,0,LENS,True,0.615521971009579,0.5648360007759499,>=
Leaf233||Leaf371,2,0,LENS,False,0.5592596514679093,0.5648360007759499,>=
Leaf233||Leaf405,2,0,LENS,True,0.6035942949627355,0.5648360007759499,>=
Leaf233||Leaf86,2,1,LENS,True,0.6427698567479495,0.5648360007759499,>=
Leaf234||Leaf262,2,0,LENS,False,0.4386591319534601,0.5648360007759499,>=
Leaf234||Leaf285,2,0,LENS,False,0.385602368022626,0.5648360007759499,>=
Leaf234||Leaf88,2,0,LENS,False,0.2482927708855955,0.5648360007759499,>=
Leaf242||Leaf68,2,0,LENS,False,0.5630635473313887,0.5648360007759499,>=
Leaf26||Leaf262,2,0,LENS,False,0.4920214195713264,0.5648360007759499,>=
Leaf26||Leaf288,2,0,LENS,False,0.3982685770439212,0.5648360007759499,>=
Leaf26||Leaf33,2,0,LENS,False,0.4604389807923221,0.5648360007759499,>=
Leaf26||Leaf344,2,0,LENS,False,0.4569604452624539,0.5648360007759499,>=
Leaf262||Leaf288,2,0,LENS,False,0.5209895367167385,0.5648360007759499,>=
Leaf262||Leaf3,2,0,LENS,False,0.5132295134439475,0.5648360007759499,>=
Leaf262||Leaf334,2,0,LENS,False,0.5576613545719815,0.5648360007759499,>=
Leaf262||Leaf336,2,0,LENS,False,0.5487573770482879,0.5648360007759499,>=
Leaf262||Leaf351,2,0,LENS,False,0.481197287716511,0.5648360007759499,>=
Leaf262||Leaf357,2,1,LENS,False,0.5642719034717847,0.5648360007759499,>=
Leaf262||Leaf380,2,0,LENS,False,0.5068207713680426,0.5648360007759499,>=
Leaf262||Leaf420,2,0,LENS,True,0.6228962845156999,0.5648360007759499,>=
Leaf262||Leaf427,2,0,LENS,False,0.5469778805732093,0.5648360007759499,>=
Leaf262||Leaf90,2,0,LENS,False,0.4365519709824888,0.5648360007759499,>=
Leaf263||Leaf288,2,0,LENS,False,0.2596868444903849,0.5648360007759499,>=
Leaf263||Leaf371,2,0,LENS,False,0.2193631072283375,0.5648360007759499,>=
Leaf263||Leaf391,2,0,LENS,False,0.4099007536790429,0.5648360007759499,>=
Leaf263||Leaf88,2,0,LENS,False,0.2871884086608814,0.5648360007759499,>=
Leaf265||Leaf334,2,0,LENS,False,0.3932014104804152,0.5648360007759499,>=
Leaf265||Leaf354,2,0,LENS,False,0.4040050669505919,0.5648360007759499,>=
Leaf265||Leaf363,2,0,LENS,False,0.3796853362770672,0.5648360007759499,>=
Leaf265||Leaf396,2,0,LENS,False,0.4259332495046804,0.5648360007759499,>=
Leaf265||Leaf41,2,0,LENS,False,0.3519460973298273,0.5648360007759499,>=
Leaf265||Leaf86,2,1,LENS,False,0.4118468006622194,0.5648360007759499,>=
Leaf281||Leaf288,2,0,LENS,False,0.3607696199077589,0.5648360007759499,>=
Leaf281||Leaf33,2,0,LENS,False,0.3117961446987898,0.5648360007759499,>=
Leaf281||Leaf68,2,0,LENS,True,0.5686976520481325,0.5648360007759499,>=
Leaf281||Leaf86,2,0,LENS,False,0.4644394836200185,0.5648360007759499,>=
Leaf285||Leaf337,2,0,LENS,False,0.4074549665198679,0.5648360007759499,>=
Leaf285||Leaf357,2,0,LENS,False,0.3241777818860912,0.5648360007759499,>=
Leaf285||Leaf405,2,0,LENS,False,0.4147698212681286,0.5648360007759499,>=
Leaf285||Leaf420,2,0,LENS,False,0.4970293886476043,0.5648360007759499,>=
Leaf285||Leaf427,2,0,LENS,False,0.3485312820289585,0.5648360007759499,>=
Leaf285||Leaf68,2,0,LENS,False,0.4915642983476836,0.5648360007759499,>=
Leaf288||Leaf354,2,0,LENS,False,0.5497596546948418,0.5648360007759499,>=
Leaf288||Leaf371,2,0,LENS,False,0.2193274837944578,0.5648360007759499,>=
Leaf288||Leaf83,2,0,LENS,False,0.3775890183196779,0.5648360007759499,>=
Leaf288||Leaf86,2,0,LENS,False,0.4729121013277108,0.5648360007759499,>=
Leaf3||Leaf416,2,0,LENS,False,0.4353673650203069,0.5648360007759499,>=
Leaf3||Leaf83,2,0,LENS,False,0.5255451417600133,0.5648360007759499,>=
Leaf324||Leaf334,2,0,LENS,False,0.2996875725778782,0.5648360007759499,>=
Leaf324||Leaf344,2,0,LENS,False,0.2595218414658823,0.5648360007759499,>=
Leaf324||Leaf420,2,0,LENS,False,0.5048509645180168,0.5648360007759499,>=
Leaf33||Leaf351,2,0,LENS,False,0.2470564570980594,0.5648360007759499,>=
Leaf33||Leaf359,2,0,LENS,False,0.2632586174216111,0.5648360007759499,>=
Leaf33||Leaf396,2,0,LENS,False,0.2658164789870478,0.5648360007759499,>=
Leaf33||Leaf416,2,1,LENS,False,0.3800007486818645,0.5648360007759499,>=
Leaf33||Leaf420,2,0,LENS,True,0.5677452715148513,0.5648360007759499,>=
Leaf33||Leaf5,2,0,LENS,False,0.2640630141686628,0.5648360007759499,>=
Leaf33||Leaf83,2,0,LENS,False,0.2779194248463314,0.5648360007759499,>=
Leaf33||Leaf86,2,0,LENS,False,0.47913864374015,0.5648360007759499,>=
Leaf33||Leaf88,2,0,LENS,False,0.2196365707330938,0.5648360007759499,>=
Leaf334||Leaf351,2,0,LENS,False,0.2432066640546749,0.5648360007759499,>=
Leaf334||Leaf357,2,0,LENS,False,0.3218414685500014,0.5648360007759499,>=
Leaf334||Leaf70,2,0,LENS,False,0.2308286702901993,0.5648360007759499,>=
Leaf334||Leaf88,2,0,LENS,False,0.2392417910802765,0.5648360007759499,>=
Leaf336||Leaf344,2,0,LENS,False,0.4862677105038906,0.5648360007759499,>=
Leaf336||Leaf391,2,0,LENS,False,0.5183220152034139,0.5648360007759499,>=
Leaf337||Leaf83,2,0,LENS,False,0.3631852106740784,0.5648360007759499,>=
Leaf344||Leaf351,2,0,LENS,False,0.31914521621105,0.5648360007759499,>=
Leaf344||Leaf357,2,0,LENS,False,0.2868048733580726,0.5648360007759499,>=
Leaf351||Leaf359,2,0,LENS,False,0.2542584128619465,0.5648360007759499,>=
Leaf351||Leaf371,2,0,LENS,False,0.2530584798327465,0.5648360007759499,>=
Leaf351||Leaf405,2,0,LENS,False,0.4459644617864801,0.5648360007759499,>=
Leaf354||Leaf420,2,0,LENS,True,0.5786514745807503,0.5648360007759499,>=
Leaf354||Leaf86,2,0,LENS,False,0.4421539627895113,0.5648360007759499,>=
Leaf357||Leaf405,2,0,LENS,False,0.44186957631984,0.5648360007759499,>=
Leaf357||Leaf420,2,0,LENS,False,0.5360476467292838,0.5648360007759499,>=
Leaf357||Leaf68,2,0,LENS,False,0.5521605573460041,0.5648360007759499,>=
Leaf357||Leaf90,2,0,LENS,False,0.3685366676650644,0.5648360007759499,>=
Leaf359||Leaf396,2,0,LENS,False,0.3404405241817617,0.5648360007759499,>=
Leaf359||Leaf70,2,0,LENS,False,0.269726713712871,0.5648360007759499,>=
Leaf359||Leaf86,2,0,LENS,False,0.515631098971044,0.5648360007759499,>=
Leaf359||Leaf90,2,0,LENS,False,0.447923832051413,0.5648360007759499,>=
Leaf363||Leaf420,2,0,LENS,True,0.6016147569687513,0.5648360007759499,>=
Leaf371||Leaf427,2,0,LENS,False,0.273701410161309,0.5648360007759499,>=
Leaf371||Leaf443,2,0,LENS,False,0.1984031211248771,0.5648360007759499,>=
Leaf380||Leaf391,2,0,LENS,False,0.425881801876373,0.5648360007759499,>=
Leaf380||Leaf86,2,0,LENS,False,0.416522238515406,0.5648360007759499,>=
Leaf391||Leaf416,2,0,LENS,False,0.4649974377137221,0.5648360007759499,>=
Leaf391||Leaf88,2,0,LENS,False,0.4353978281351735,0.5648360007759499,>=
Leaf391||Leaf90,2,0,LENS,False,0.4103388379315846,0.5648360007759499,>=
Leaf396||Leaf420,2,0,LENS,True,0.5753968104444693,0.5648360007759499,>=
Leaf396||Leaf83,2,0,LENS,False,0.4091762834449222,0.5648360007759499,>=
Leaf405||Leaf5,2,0,LENS,False,0.4681550341416061,0.5648360007759499,>=
Leaf41||Leaf68,2,1,LENS,False,0.5553462223563197,0.5648360007759499,>=
Leaf41||Leaf90,2,0,LENS,False,0.3522257289628277,0.5648360007759499,>=
Leaf416||Leaf427,2,1,LENS,False,0.4563906012251122,0.5648360007759499,>=
Leaf420||Leaf427,2,0,LENS,False,0.5441532959745675,0.5648360007759499,>=
Leaf420||Leaf90,2,0,LENS,True,0.5822037406019184,0.5648360007759499,>=
Leaf427||Leaf68,2,0,LENS,False,0.5507146772344187,0.5648360007759499,>=
Leaf68||Leaf88,2,0,LENS,True,0.6350935295313493,0.5648360007759499,>=
Leaf70||Leaf86,2,0,LENS,False,0.444471314159938,0.5648360007759499,>=
Leaf82||Leaf83,2,0,LENS,False,0.3717172218025803,0.5648360007759499,>=
Leaf82||Leaf90,2,0,LENS,False,0.3729612680275782,0.5648360007759499,>=
Leaf86||Leaf90,2,1,LENS,False,0.3856405833104875,0.5648360007759499,>=
Leaf88||Leaf90,2,1,LENS,False,0.4522033648838696,0.5648360007759499,>=
Leaf141||Leaf145,2,1,OneNet,False,0.0444444444444444,0.9,>
Leaf141||Leaf233,2,1,OneNet,False,0.0777777777777778,0.9,>
Leaf141||Leaf288,2,0,OneNet,False,0.05,0.9,>
Leaf141||Leaf334,2,0,OneNet,False,0.0166666666666667,0.9,>
Leaf141||Leaf405,2,0,OneNet,False,0.0277777777777778,0.9,>
Leaf141||Leaf86,2,0,OneNet,False,0.0388888888888889,0.9,>
Leaf141||Leaf90,2,0,OneNet,False,0.238888888888889,0.9,>
Leaf145||Leaf189,2,0,OneNet,False,0.0388888888888889,0.9,>
Leaf145||Leaf2,2,0,OneNet,False,0.0,0.9,>
Leaf145||Leaf265,2,1,OneNet,False,0.0111111111111111,0.9,>
Leaf145||Leaf336,2,0,OneNet,False,0.122222222222222,0.9,>
Leaf145||Leaf354,2,0,OneNet,False,0.0833333333333333,0.9,>
Leaf145||Leaf357,2,0,OneNet,False,0.0055555555555555,0.9,>
Leaf145||Leaf41,2,0,OneNet,False,0.0888888888888889,0.9,>
Leaf145||Leaf420,2,0,OneNet,False,0.372222222222222,0.9,>
Leaf160||Leaf189,2,0,OneNet,False,0.255555555555556,0.9,>
Leaf160||Leaf202,2,0,OneNet,False,0.0,0.9,>
Leaf160||Leaf220,2,0,OneNet,False,0.105555555555556,0.9,>
Leaf160||Leaf234,2,0,OneNet,False,0.0666666666666667,0.9,>
Leaf160||Leaf288,2,0,OneNet,False,0.133333333333333,0.9,>
Leaf160||Leaf336,2,0,OneNet,False,0.0166666666666667,0.9,>
Leaf160||Leaf337,2,0,OneNet,False,0.0333333333333333,0.9,>
Leaf160||Leaf357,2,0,OneNet,False,0.0666666666666667,0.9,>
Leaf160||Leaf41,2,0,OneNet,False,0.0388888888888889,0.9,>
Leaf160||Leaf416,2,1,OneNet,False,0.0277777777777778,0.9,>
Leaf160||Leaf68,2,1,OneNet,False,0.0,0.9,>
Leaf160||Leaf83,2,0,OneNet,False,0.277777777777778,0.9,>
Leaf176||Leaf233,2,0,OneNet,False,0.144444444444444,0.9,>
Leaf176||Leaf262,2,0,OneNet,False,0.0111111111111111,0.9,>
Leaf176||Leaf285,2,0,OneNet,False,0.0444444444444444,0.9,>
Leaf176||Leaf33,2,0,OneNet,False,0.172222222222222,0.9,>
Leaf176||Leaf391,2,0,OneNet,False,0.0055555555555555,0.9,>
Leaf176||Leaf405,2,0,OneNet,False,0.161111111111111,0.9,>
Leaf176||Leaf416,2,0,OneNet,False,0.0777777777777778,0.9,>
Leaf176||Leaf90,2,0,OneNet,False,0.2,0.9,>
Leaf177||Leaf334,2,0,OneNet,False,0.0055555555555555,0.9,>
Leaf177||Leaf359,2,0,OneNet,False,0.0,0.9,>
Leaf177||Leaf68,2,0,OneNet,False,0.05,0.9,>
Leaf177||Leaf86,2,0,OneNet,False,0.0,0.9,>
Leaf177||Leaf90,2,0,OneNet,False,0.0055555555555555,0.9,>
Leaf183||Leaf203,2,0,OneNet,False,0.0666666666666667,0.9,>
Leaf183||Leaf86,2,0,OneNet,False,0.0222222222222222,0.9,>
Leaf187||Leaf288,2,0,OneNet,False,0.127777777777778,0.9,>
Leaf187||Leaf344,2,0,OneNet,False,0.0166666666666667,0.9,>
Leaf187||Leaf68,2,0,OneNet,False,0.0333333333333333,0.9,>
Leaf187||Leaf83,2,0,OneNet,True,0.972222222222222,0.9,>
Leaf189||Leaf262,2,0,OneNet,False,0.0111111111111111,0.9,>
Leaf189||Leaf33,2,0,OneNet,False,0.283333333333333,0.9,>
Leaf189||Leaf359,2,0,OneNet,False,0.0222222222222222,0.9,>
Leaf189||Leaf391,2,0,OneNet,False,0.0,0.9,>
Leaf189||Leaf405,2,0,OneNet,False,0.0722222222222222,0.9,>
Leaf189||Leaf83,2,0,OneNet,False,0.0333333333333333,0.9,>
Leaf189||Leaf86,2,0,OneNet,False,0.0888888888888889,0.9,>
Leaf2||Leaf359,2,0,OneNet,False,0.0111111111111111,0.9,>
Leaf2||Leaf416,2,0,OneNet,False,0.05,0.9,>
Leaf2||Leaf83,2,0,OneNet,False,0.0055555555555555,0.9,>
Leaf2||Leaf86,2,0,OneNet,False,0.0,0.9,>
Leaf202||Leaf231,2,0,OneNet,False,0.1,0.9,>
Leaf202||Leaf285,2,0,OneNet,False,0.155555555555556,0.9,>
Leaf202||Leaf288,2,0,OneNet,False,0.316666666666667,0.9,>
Leaf203||Leaf285,2,0,OneNet,False,0.0055555555555555,0.9,>
Leaf203||Leaf3,2,1,OneNet,False,0.0,0.9,>
Leaf203||Leaf336,2,0,OneNet,False,0.0111111111111111,0.9,>
Leaf203||Leaf337,2,0,OneNet,False,0.0833333333333333,0.9,>
Leaf203||Leaf371,2,1,OneNet,False,0.0111111111111111,0.9,>
Leaf203||Leaf41,2,0,OneNet,False,0.438888888888889,0.9,>
Leaf203||Leaf70,2,1,OneNet,False,0.105555555555556,0.9,>
Leaf203||Leaf82,2,0,OneNet,False,0.0166666666666667,0.9,>
Leaf220||Leaf231,2,1,OneNet,False,0.0055555555555555,0.9,>
Leaf220||Leaf233,2,1,OneNet,False,0.0333333333333333,0.9,>
Leaf220||Leaf262,2,1,OneNet,False,0.333333333333333,0.9,>
Leaf220||Leaf371,2,0,OneNet,False,0.261111111111111,0.9,>
Leaf222||Leaf231,2,1,OneNet,False,0.555555555555556,0.9,>
Leaf222||Leaf285,2,0,OneNet,False,0.0055555555555555,0.9,>
Leaf222||Leaf33,2,0,OneNet,False,0.0833333333333333,0.9,>
Leaf222||Leaf334,2,0,OneNet,False,0.0277777777777778,0.9,>
Leaf222||Leaf83,2,0,OneNet,False,0.138888888888889,0.9,>
Leaf222||Leaf86,2,0,OneNet,False,0.0,0.9,>
Leaf225||Leaf262,2,0,OneNet,False,0.0111111111111111,0.9,>
Leaf225||Leaf265,2,0,OneNet,False,0.0,0.9,>
Leaf225||Leaf416,2,0,OneNet,False,0.144444444444444,0.9,>
Leaf225||Leaf420,2,0,OneNet,False,0.0388888888888889,0.9,>
Leaf225||Leaf83,2,0,OneNet,False,0.338888888888889,0.9,>
Leaf231||Leaf234,2,1,OneNet,False,0.0277777777777778,0.9,>
Leaf231||Leaf262,2,0,OneNet,False,0.161111111111111,0.9,>
Leaf231||Leaf359,2,1,OneNet,False,0.0,0.9,>
Leaf231||Leaf380,2,0,OneNet,False,0.0277777777777778,0.9,>
Leaf231||Leaf41,2,0,OneNet,False,0.288888888888889,0.9,>
Leaf231||Leaf88,2,0,OneNet,False,0.0444444444444444,0.9,>
Leaf233||Leaf234,2,1,OneNet,False,0.0333333333333333,0.9,>
Leaf233||Leaf3,2,0,OneNet,False,0.05,0.9,>
Leaf233||Leaf351,2,1,OneNet,False,0.0555555555555556,0.9,>
Leaf233||Leaf357,2,1,OneNet,False,0.616666666666667,0.9,>
Leaf233||Leaf363,2,0,OneNet,False,0.1,0.9,>
Leaf233||Leaf371,2,0,OneNet,False,0.311111111111111,0.9,>
Leaf233||Leaf405,2,0,OneNet,False,0.0222222222222222,0.9,>
Leaf233||Leaf86,2,1,OneNet,False,0.0611111111111111,0.9,>
Leaf234||Leaf262,2,0,OneNet,False,0.233333333333333,0.9,>
Leaf234||Leaf285,2,0,OneNet,False,0.0055555555555555,0.9,>
Leaf234||Leaf88,2,0,OneNet,False,0.0055555555555555,0.9,>
Leaf242||Leaf68,2,0,OneNet,False,0.0111111111111111,0.9,>
Leaf26||Leaf262,2,0,OneNet,False,0.227777777777778,0.9,>
Leaf26||Leaf288,2,0,OneNet,False,0.0388888888888889,0.9,>
Leaf26||Leaf33,2,0,OneNet,False,0.0,0.9,>
Leaf26||Leaf344,2,0,OneNet,False,0.05,0.9,>
Leaf262||Leaf288,2,0,OneNet,False,0.0111111111111111,0.9,>
Leaf262||Leaf3,2,0,OneNet,False,0.205555555555556,0.9,>
Leaf262||Leaf334,2,0,OneNet,False,0.155555555555556,0.9,>
Leaf262||Leaf336,2,0,OneNet,False,0.0944444444444444,0.9,>
Leaf262||Leaf351,2,0,OneNet,False,0.0222222222222222,0.9,>
Leaf262||Leaf357,2,1,OneNet,False,0.0055555555555555,0.9,>
Leaf262||Leaf380,2,0,OneNet,False,0.127777777777778,0.9,>
Leaf262||Leaf420,2,0,OneNet,False,0.288888888888889,0.9,>
Leaf262||Leaf427,2,0,OneNet,False,0.0444444444444444,0.9,>
Leaf262||Leaf90,2,0,OneNet,False,0.0944444444444444,0.9,>
Leaf263||Leaf288,2,0,OneNet,False,0.0055555555555555,0.9,>
Leaf263||Leaf371,2,0,OneNet,False,0.0888888888888889,0.9,>
Leaf263||Leaf391,2,0,OneNet,False,0.2,0.9,>
Leaf263||Leaf88,2,0,OneNet,False,0.105555555555556,0.9,>
Leaf265||Leaf334,2,0,OneNet,False,0.05,0.9,>
Leaf265||Leaf354,2,0,OneNet,False,0.122222222222222,0.9,>
Leaf265||Leaf363,2,0,OneNet,False,0.0111111111111111,0.9,>
Leaf265||Leaf396,2,0,OneNet,False,0.0166666666666667,0.9,>
Leaf265||Leaf41,2,0,OneNet,False,0.0444444444444444,0.9,>
Leaf265||Leaf86,2,1,OneNet,False,0.288888888888889,0.9,>
Leaf281||Leaf288,2,0,OneNet,False,0.127777777777778,0.9,>
Leaf281||Leaf33,2,0,OneNet,False,0.0,0.9,>
Leaf281||Leaf68,2,0,OneNet,False,0.0,0.9,>
Leaf281||Leaf86,2,0,OneNet,False,0.0,0.9,>
Leaf285||Leaf337,2,0,OneNet,False,0.105555555555556,0.9,>
Leaf285||Leaf357,2,0,OneNet,False,0.0777777777777778,0.9,>
Leaf285||Leaf405,2,0,OneNet,False,0.0388888888888889,0.9,>
Leaf285||Leaf420,2,0,OneNet,False,0.644444444444444,0.9,>
Leaf285||Leaf427,2,0,OneNet,False,0.133333333333333,0.9,>
Leaf285||Leaf68,2,0,OneNet,False,0.316666666666667,0.9,>
Leaf288||Leaf354,2,0,OneNet,False,0.0,0.9,>
Leaf288||Leaf371,2,0,OneNet,False,0.0944444444444444,0.9,>
Leaf288||Leaf83,2,0,OneNet,False,0.0166666666666667,0.9,>
Leaf288||Leaf86,2,0,OneNet,False,0.0055555555555555,0.9,>
Leaf3||Leaf416,2,0,OneNet,False,0.0111111111111111,0.9,>
Leaf3||Leaf83,2,0,OneNet,False,0.0111111111111111,0.9,>
Leaf324||Leaf334,2,0,OneNet,False,0.183333333333333,0.9,>
Leaf324||Leaf344,2,0,OneNet,False,0.0833333333333333,0.9,>
Leaf324||Leaf420,2,0,OneNet,False,0.272222222222222,0.9,>
Leaf33||Leaf351,2,0,OneNet,False,0.0611111111111111,0.9,>
Leaf33||Leaf359,2,0,OneNet,False,0.0166666666666667,0.9,>
Leaf33||Leaf396,2,0,OneNet,False,0.0055555555555555,0.9,>
Leaf33||Leaf416,2,1,OneNet,False,0.0277777777777778,0.9,>
Leaf33||Leaf420,2,0,OneNet,False,0.0,0.9,>
Leaf33||Leaf5,2,0,OneNet,False,0.772222222222222,0.9,>
Leaf33||Leaf83,2,0,OneNet,False,0.0611111111111111,0.9,>
Leaf33||Leaf86,2,0,OneNet,False,0.0833333333333333,0.9,>
Leaf33||Leaf88,2,0,OneNet,False,0.472222222222222,0.9,>
Leaf334||Leaf351,2,0,OneNet,False,0.0388888888888889,0.9,>
Leaf334||Leaf357,2,0,OneNet,False,0.0111111111111111,0.9,>
Leaf334||Leaf70,2,0,OneNet,False,0.122222222222222,0.9,>
Leaf334||Leaf88,2,0,OneNet,False,0.138888888888889,0.9,>
Leaf336||Leaf344,2,0,OneNet,False,0.15,0.9,>
Leaf336||Leaf391,2,0,OneNet,False,0.0,0.9,>
Leaf337||Leaf83,2,0,OneNet,False,0.0222222222222222,0.9,>
Leaf344||Leaf351,2,0,OneNet,False,0.0,0.9,>
Leaf344||Leaf357,2,0,OneNet,False,0.0111111111111111,0.9,>
Leaf351||Leaf359,2,0,OneNet,False,0.783333333333333,0.9,>
Leaf351||Leaf371,2,0,OneNet,False,0.322222222222222,0.9,>
Leaf351||Leaf405,2,0,OneNet,False,0.294444444444444,0.9,>
Leaf354||Leaf420,2,0,OneNet,False,0.316666666666667,0.9,>
Leaf354||Leaf86,2,0,OneNet,False,0.238888888888889,0.9,>
Leaf357||Leaf405,2,0,OneNet,False,0.0444444444444444,0.9,>
Leaf357||Leaf420,2,0,OneNet,False,0.0277777777777778,0.9,>
Leaf357||Leaf68,2,0,OneNet,False,0.172222222222222,0.9,>
Leaf357||Leaf90,2,0,OneNet,False,0.355555555555556,0.9,>
Leaf359||Leaf396,2,0,OneNet,False,0.0555555555555556,0.9,>
Leaf359||Leaf70,2,0,OneNet,False,0.0722222222222222,0.9,>
Leaf359||Leaf86,2,0,OneNet,False,0.0,0.9,>
Leaf359||Leaf90,2,0,OneNet,False,0.1,0.9,>
Leaf363||Leaf420,2,0,OneNet,False,0.0166666666666667,0.9,>
Leaf371||Leaf427,2,0,OneNet,False,0.0388888888888889,0.9,>
Leaf371||Leaf443,2,0,OneNet,False,0.161111111111111,0.9,>
Leaf380||Leaf391,2,0,OneNet,False,0.05,0.9,>
Leaf380||Leaf86,2,0,OneNet,False,0.2,0.9,>
Leaf391||Leaf416,2,0,OneNet,False,0.105555555555556,0.9,>
Leaf391||Leaf88,2,0,OneNet,False,0.683333333333333,0.9,>
Leaf391||Leaf90,2,0,OneNet,False,0.0333333333333333,0.9,>
Leaf396||Leaf420,2,0,OneNet,False,0.0444444444444444,0.9,>
Leaf396||Leaf83,2,0,OneNet,False,0.0,0.9,>
Leaf405||Leaf5,2,0,OneNet,False,0.233333333333333,0.9,>
Leaf41||Leaf68,2,1,OneNet,False,0.0277777777777778,0.9,>
Leaf41||Leaf90,2,0,OneNet,False,0.783333333333333,0.9,>
Leaf416||Leaf427,2,1,OneNet,False,0.172222222222222,0.9,>
Leaf420||Leaf427,2,0,OneNet,False,0.466666666666667,0.9,>
Leaf420||Leaf90,2,0,OneNet,False,0.0222222222222222,0.9,>
Leaf427||Leaf68,2,0,OneNet,False,0.116666666666667,0.9,>
Leaf68||Leaf88,2,0,OneNet,False,0.0,0.9,>
Leaf70||Leaf86,2,0,OneNet,False,0.188888888888889,0.9,>
Leaf82||Leaf83,2,0,OneNet,False,0.155555555555556,0.9,>
Leaf82||Leaf90,2,0,OneNet,False,0.0611111111111111,0.9,>
Leaf86||Leaf90,2,1,OneNet,False,0.35,0.9,>
Leaf88||Leaf90,2,1,OneNet,False,0.0555555555555556,0.9,>
Leaf141||Leaf203,3,1,LENS,True,0.5762543839266864,0.5334199203519343,>=
Leaf141||Leaf231,3,0,LENS,False,0.5189824146718974,0.5334199203519343,>=
Leaf141||Leaf371,3,0,LENS,False,0.3097198076134886,0.5334199203519343,>=
Leaf145||Leaf177,3,0,LENS,True,0.5380930355844318,0.5334199203519343,>=
Leaf145||Leaf233,3,1,LENS,True,0.6382584926486001,0.5334199203519343,>=
Leaf145||Leaf26,3,0,LENS,True,0.5572868666612367,0.5334199203519343,>=
Leaf145||Leaf334,3,0,LENS,True,0.6559798536420233,0.5334199203519343,>=
Leaf145||Leaf359,3,0,LENS,True,0.7564781229448448,0.5334199203519343,>=
Leaf145||Leaf363,3,1,LENS,True,0.6499949680206919,0.5334199203519343,>=
Leaf145||Leaf380,3,0,LENS,True,0.5365375832286173,0.5334199203519343,>=
Leaf145||Leaf405,3,0,LENS,False,0.5265530800341328,0.5334199203519343,>=
Leaf145||Leaf416,3,1,LENS,True,0.5838844275464121,0.5334199203519343,>=
Leaf145||Leaf5,3,0,LENS,True,0.6911191851918198,0.5334199203519343,>=
Leaf160||Leaf2,3,0,LENS,False,0.3931905917644236,0.5334199203519343,>=
Leaf160||Leaf225,3,0,LENS,False,0.233850237946957,0.5334199203519343,>=
Leaf160||Leaf324,3,0,LENS,False,0.3474718151325015,0.5334199203519343,>=
Leaf160||Leaf33,3,0,LENS,False,0.2256065865258229,0.5334199203519343,>=
Leaf160||Leaf334,3,0,LENS,False,0.2216047979067192,0.5334199203519343,>=
Leaf160||Leaf396,3,0,LENS,False,0.2879367251662071,0.5334199203519343,>=
Leaf160||Leaf5,3,0,LENS,False,0.2462516048272515,0.5334199203519343,>=
Leaf160||Leaf82,3,0,LENS,False,0.5143159847372253,0.5334199203519343,>=
Leaf176||Leaf288,3,0,LENS,False,0.2813072408172348,0.5334199203519343,>=
Leaf177||Leaf262,3,0,LENS,True,0.5931869923344351,0.5334199203519343,>=
Leaf177||Leaf288,3,0,LENS,True,0.6582371341898213,0.5334199203519343,>=
Leaf177||Leaf344,3,0,LENS,False,0.5259446128989647,0.5334199203519343,>=
Leaf177||Leaf391,3,0,LENS,True,0.5780790986803336,0.5334199203519343,>=
Leaf177||Leaf416,3,0,LENS,False,0.5288258534853606,0.5334199203519343,>=
Leaf183||Leaf231,3,0,LENS,False,0.4485190488944466,0.5334199203519343,>=
Leaf183||Leaf265,3,0,LENS,False,0.388219564723084,0.5334199203519343,>=
Leaf183||Leaf334,3,0,LENS,False,0.5145276808181577,0.5334199203519343,>=
Leaf183||Leaf344,3,0,LENS,False,0.3571881509471496,0.5334199203519343,>=
Leaf183||Leaf391,3,0,LENS,False,0.3833263368838323,0.5334199203519343,>=
Leaf183||Leaf83,3,0,LENS,False,0.3706568351891,0.5334199203519343,>=
Leaf183||Leaf88,3,0,LENS,False,0.4538931233388554,0.5334199203519343,>=
Leaf187||Leaf90,3,0,LENS,False,0.5216816932913221,0.5334199203519343,>=
Leaf189||Leaf265,3,0,LENS,False,0.3810986204535999,0.5334199203519343,>=
Leaf189||Leaf288,3,0,LENS,False,0.3219938394601261,0.5334199203519343,>=
Leaf189||Leaf68,3,0,LENS,True,0.6372343988416576,0.5334199203519343,>=
Leaf2||Leaf203,3,0,LENS,False,0.5077686574953109,0.5334199203519343,>=
Leaf2||Leaf231,3,0,LENS,False,0.4799316198009718,0.5334199203519343,>=
Leaf2||Leaf265,3,0,LENS,False,0.277612829340578,0.5334199203519343,>=
Leaf2||Leaf288,3,0,LENS,False,0.341844336315754,0.5334199203519343,>=
Leaf2||Leaf391,3,0,LENS,False,0.4657116757530604,0.5334199203519343,>=
Leaf2||Leaf88,3,0,LENS,False,0.3052405799970182,0.5334199203519343,>=
Leaf202||Leaf265,3,0,LENS,True,0.565770046156585,0.5334199203519343,>=
Leaf202||Leaf391,3,0,LENS,False,0.532432324755633,0.5334199203519343,>=
Leaf202||Leaf420,3,0,LENS,True,0.6311908273938355,0.5334199203519343,>=
Leaf202||Leaf68,3,1,LENS,False,0.454253572038652,0.5334199203519343,>=
Leaf202||Leaf83,3,0,LENS,False,0.4710810150973022,0.5334199203519343,>=
Leaf202||Leaf88,3,0,LENS,True,0.6744393539922121,0.5334199203519343,>=
Leaf203||Leaf222,3,1,LENS,True,0.707131298404651,0.5334199203519343,>=
Leaf203||Leaf231,3,0,LENS,True,0.5417747465894909,0.5334199203519343,>=
Leaf203||Leaf281,3,1,LENS,True,0.5996217322526858,0.5334199203519343,>=
Leaf203||Leaf344,3,0,LENS,False,0.5027467210682419,0.5334199203519343,>=
Leaf203||Leaf351,3,1,LENS,True,0.7000656228948058,0.5334199203519343,>=
Leaf203||Leaf354,3,0,LENS,False,0.5020423807720431,0.5334199203519343,>=
Leaf203||Leaf363,3,0,LENS,True,0.6186464912979113,0.5334199203519343,>=
Leaf203||Leaf405,3,1,LENS,False,0.4752031980570381,0.5334199203519343,>=
Leaf203||Leaf420,3,0,LENS,True,0.5983390466855413,0.5334199203519343,>=
Leaf203||Leaf68,3,1,LENS,True,0.676810647082109,0.5334199203519343,>=
Leaf203||Leaf83,3,0,LENS,True,0.5334398214090958,0.5334199203519343,>=
Leaf220||Leaf265,3,0,LENS,False,0.4688713926465123,0.5334199203519343,>=
Leaf220||Leaf334,3,0,LENS,False,0.2587302773382609,0.5334199203519343,>=
Leaf220||Leaf391,3,0,LENS,True,0.5428262406270145,0.5334199203519343,>=
Leaf220||Leaf405,3,0,LENS,True,0.5374984755909903,0.5334199203519343,>=
Leaf220||Leaf416,3,0,LENS,False,0.4795925599068938,0.5334199203519343,>=
Leaf220||Leaf88,3,0,LENS,False,0.2807477451792128,0.5334199203519343,>=
Leaf222||Leaf233,3,1,LENS,True,0.7290478365995302,0.5334199203519343,>=
Leaf222||Leaf359,3,0,LENS,False,0.2398200761432491,0.5334199203519343,>=
Leaf222||Leaf420,3,0,LENS,True,0.690611978107784,0.5334199203519343,>=
Leaf225||Leaf233,3,0,LENS,True,0.6514314751347611,0.5334199203519343,>=
Leaf225||Leaf288,3,0,LENS,False,0.2575515514709816,0.5334199203519343,>=
Leaf225||Leaf33,3,0,LENS,False,0.308059586026611,0.5334199203519343,>=
Leaf225||Leaf334,3,0,LENS,False,0.2431584388142699,0.5334199203519343,>=
Leaf225||Leaf371,3,0,LENS,False,0.2507135852621899,0.5334199203519343,>=
Leaf225||Leaf68,3,0,LENS,True,0.6922255081808218,0.5334199203519343,>=
Leaf225||Leaf88,3,0,LENS,False,0.2396486287477026,0.5334199203519343,>=
Leaf225||Leaf90,3,0,LENS,False,0.46705054618914,0.5334199203519343,>=
Leaf231||Leaf26,3,1,LENS,False,0.4462429941812949,0.5334199203519343,>=
Leaf231||Leaf265,3,0,LENS,False,0.4688782535342498,0.5334199203519343,>=
Leaf231||Leaf281,3,0,LENS,True,0.5698442568599248,0.5334199203519343,>=
Leaf231||Leaf285,3,0,LENS,False,0.4488900076013475,0.5334199203519343,>=
Leaf231||Leaf33,3,0,LENS,True,0.5442885494666183,0.5334199203519343,>=
Leaf231||Leaf336,3,0,LENS,False,0.403852634430238,0.5334199203519343,>=
Leaf231||Leaf357,3,0,LENS,False,0.5212595214721458,0.5334199203519343,>=
Leaf231||Leaf363,3,0,LENS,True,0.5776227004623414,0.5334199203519343,>=
Leaf231||Leaf371,3,0,LENS,False,0.5213471137172793,0.5334199203519343,>=
Leaf231||Leaf416,3,1,LENS,False,0.4801374698157897,0.5334199203519343,>=
Leaf231||Leaf443,3,0,LENS,True,0.5740904430803294,0.5334199203519343,>=
Leaf231||Leaf68,3,0,LENS,True,0.5850662329937542,0.5334199203519343,>=
Leaf231||Leaf82,3,0,LENS,False,0.4742932331662984,0.5334199203519343,>=
Leaf233||Leaf242,3,0,LENS,False,0.4399733956573235,0.5334199203519343,>=
Leaf233||Leaf262,3,0,LENS,True,0.7659162670032547,0.5334199203519343,>=
Leaf233||Leaf265,3,0,LENS,True,0.57123182202574,0.5334199203519343,>=
Leaf233||Leaf288,3,0,LENS,True,0.616490707303964,0.5334199203519343,>=
Leaf233||Leaf324,3,0,LENS,True,0.5906936868022609,0.5334199203519343,>=
Leaf233||Leaf380,3,0,LENS,True,0.5836163627069465,0.5334199203519343,>=
Leaf233||Leaf416,3,1,LENS,False,0.508924786512443,0.5334199203519343,>=
Leaf233||Leaf443,3,0,LENS,True,0.5700305076237424,0.5334199203519343,>=
Leaf233||Leaf5,3,0,LENS,True,0.7313096387168363,0.5334199203519343,>=
Leaf233||Leaf83,3,0,LENS,True,0.5523337169065878,0.5334199203519343,>=
Leaf234||Leaf33,3,0,LENS,False,0.2511412549325315,0.5334199203519343,>=
Leaf234||Leaf334,3,0,LENS,False,0.2396190327165029,0.5334199203519343,>=
Leaf234||Leaf344,3,0,LENS,False,0.3370760335581925,0.5334199203519343,>=
Leaf234||Leaf359,3,0,LENS,False,0.2372515973700573,0.5334199203519343,>=
Leaf234||Leaf371,3,0,LENS,False,0.274059274403799,0.5334199203519343,>=
Leaf234||Leaf90,3,0,LENS,False,0.4684947274526735,0.5334199203519343,>=
Leaf242||Leaf262,3,0,LENS,False,0.4937191591523667,0.5334199203519343,>=
Leaf242||Leaf265,3,0,LENS,False,0.2826841777223924,0.5334199203519343,>=
Leaf242||Leaf288,3,1,LENS,True,0.5482379784180315,0.5334199203519343,>=
Leaf242||Leaf334,3,0,LENS,False,0.4906674736111563,0.5334199203519343,>=
Leaf242||Leaf344,3,0,LENS,False,0.3240224440871478,0.5334199203519343,>=
Leaf242||Leaf359,3,0,LENS,False,0.4625402409778915,0.5334199203519343,>=
Leaf242||Leaf391,3,0,LENS,False,0.3698607605480717,0.5334199203519343,>=
Leaf242||Leaf405,3,0,LENS,False,0.3373825900079076,0.5334199203519343,>=
Leaf242||Leaf420,3,0,LENS,False,0.4871545931962972,0.5334199203519343,>=
Leaf242||Leaf83,3,0,LENS,False,0.3317029660626911,0.5334199203519343,>=
Leaf242||Leaf90,3,0,LENS,False,0.3398915739993402,0.5334199203519343,>=
Leaf26||Leaf391,3,0,LENS,False,0.4193294518434433,0.5334199203519343,>=
Leaf26||Leaf416,3,0,LENS,False,0.3453566575408452,0.5334199203519343,>=
Leaf26||Leaf420,3,0,LENS,False,0.4588428720834202,0.5334199203519343,>=
Leaf26||Leaf68,3,0,LENS,False,0.5196188997362408,0.5334199203519343,>=
Leaf262||Leaf324,3,0,LENS,True,0.593928772168584,0.5334199203519343,>=
Leaf262||Leaf359,3,1,LENS,True,0.6168525637601192,0.5334199203519343,>=
Leaf262||Leaf391,3,0,LENS,False,0.4830807493729796,0.5334199203519343,>=
Leaf262||Leaf443,3,0,LENS,False,0.4903314417558701,0.5334199203519343,>=
Leaf262||Leaf68,3,1,LENS,False,0.4883917831568817,0.5334199203519343,>=
Leaf262||Leaf83,3,0,LENS,False,0.4863353613863672,0.5334199203519343,>=
Leaf262||Leaf88,3,0,LENS,True,0.5456499197368737,0.5334199203519343,>=
Leaf263||Leaf33,3,0,LENS,False,0.2279084219112412,0.5334199203519343,>=
Leaf263||Leaf334,3,0,LENS,False,0.2366771020194586,0.5334199203519343,>=
Leaf263||Leaf344,3,0,LENS,False,0.3227633701708288,0.5334199203519343,>=
Leaf263||Leaf83,3,0,LENS,False,0.367626821666298,0.5334199203519343,>=
Leaf265||Leaf281,3,0,LENS,False,0.3158181019473786,0.5334199203519343,>=
Leaf265||Leaf380,3,0,LENS,False,0.4210068979209159,0.5334199203519343,>=
Leaf265||Leaf391,3,0,LENS,False,0.4028565985987984,0.5334199203519343,>=
Leaf265||Leaf405,3,0,LENS,False,0.4162554171162109,0.5334199203519343,>=
Leaf265||Leaf443,3,0,LENS,False,0.4093723274106042,0.5334199203519343,>=
Leaf281||Leaf344,3,0,LENS,False,0.3161917997815078,0.5334199203519343,>=
Leaf281||Leaf83,3,0,LENS,False,0.3951423072252054,0.5334199203519343,>=
Leaf285||Leaf82,3,0,LENS,False,0.3991489225275831,0.5334199203519343,>=
Leaf285||Leaf86,3,1,LENS,False,0.4233257662950695,0.5334199203519343,>=
Leaf288||Leaf324,3,0,LENS,False,0.3077734630883451,0.5334199203519343,>=
Leaf288||Leaf334,3,0,LENS,False,0.2203078416386295,0.5334199203519343,>=
Leaf288||Leaf337,3,0,LENS,False,0.2111202781988509,0.5334199203519343,>=
Leaf288||Leaf344,3,0,LENS,False,0.2471425772760752,0.5334199203519343,>=
Leaf288||Leaf396,3,0,LENS,False,0.2651673654150048,0.5334199203519343,>=
Leaf288||Leaf41,3,0,LENS,False,0.3679146145051816,0.5334199203519343,>=
Leaf288||Leaf427,3,0,LENS,False,0.2817823879024236,0.5334199203519343,>=
Leaf288||Leaf70,3,0,LENS,False,0.2394565431267832,0.5334199203519343,>=
Leaf3||Leaf371,3,0,LENS,False,0.385250047550857,0.5334199203519343,>=
Leaf3||Leaf405,3,0,LENS,False,0.3671704343033227,0.5334199203519343,>=
Leaf33||Leaf363,3,0,LENS,False,0.2160668487009727,0.5334199203519343,>=
Leaf33||Leaf380,3,0,LENS,False,0.2503124751382665,0.5334199203519343,>=
Leaf33||Leaf391,3,0,LENS,False,0.3768267887611875,0.5334199203519343,>=
Leaf334||Leaf337,3,0,LENS,False,0.2106235321607896,0.5334199203519343,>=
Leaf334||Leaf344,3,0,LENS,False,0.3006844938342176,0.5334199203519343,>=
Leaf334||Leaf354,3,0,LENS,True,0.5997878087596259,0.5334199203519343,>=
Leaf334||Leaf363,3,0,LENS,False,0.229231163461804,0.5334199203519343,>=
Leaf334||Leaf396,3,0,LENS,False,0.2581524944103607,0.5334199203519343,>=
Leaf334||Leaf420,3,0,LENS,True,0.7022744541562931,0.5334199203519343,>=
Leaf334||Leaf90,3,0,LENS,True,0.5521311409610345,0.5334199203519343,>=
Leaf336||Leaf420,3,0,LENS,True,0.5861434049344486,0.5334199203519343,>=
Leaf336||Leaf83,3,0,LENS,True,0.5676006897182186,0.5334199203519343,>=
Leaf336||Leaf86,3,0,LENS,False,0.4123561264407591,0.5334199203519343,>=
Leaf337||Leaf391,3,0,LENS,False,0.5088216299543225,0.5334199203519343,>=
Leaf344||Leaf391,3,0,LENS,False,0.3859371133974194,0.5334199203519343,>=
Leaf344||Leaf396,3,0,LENS,False,0.3084815895565776,0.5334199203519343,>=
Leaf344||Leaf420,3,0,LENS,False,0.52548779185223,0.5334199203519343,>=
Leaf344||Leaf427,3,0,LENS,False,0.2737276422564661,0.5334199203519343,>=
Leaf344||Leaf443,3,0,LENS,False,0.2453704076638893,0.5334199203519343,>=
Leaf344||Leaf86,3,0,LENS,False,0.4035611207255447,0.5334199203519343,>=
Leaf351||Leaf88,3,0,LENS,False,0.2863334450786129,0.5334199203519343,>=
Leaf359||Leaf371,3,0,LENS,False,0.2608482009032887,0.5334199203519343,>=
Leaf359||Leaf41,3,0,LENS,False,0.4084429954828616,0.5334199203519343,>=
Leaf359||Leaf68,3,1,LENS,True,0.814949894296519,0.5334199203519343,>=
Leaf363||Leaf391,3,0,LENS,False,0.4373771562599208,0.5334199203519343,>=
Leaf363||Leaf405,3,0,LENS,False,0.5213865389213143,0.5334199203519343,>=
Leaf371||Leaf5,3,0,LENS,False,0.2830873409640738,0.5334199203519343,>=
Leaf380||Leaf416,3,0,LENS,False,0.4354939982154839,0.5334199203519343,>=
Leaf380||Leaf420,3,0,LENS,True,0.5475192780750927,0.5334199203519343,>=
Leaf391||Leaf405,3,0,LENS,False,0.4206044393030455,0.5334199203519343,>=
Leaf391||Leaf41,3,0,LENS,False,0.4088078358576489,0.5334199203519343,>=
Leaf391||Leaf86,3,1,LENS,False,0.4735466958374936,0.5334199203519343,>=
Leaf396||Leaf68,3,0,LENS,True,0.5859060428367742,0.5334199203519343,>=
Leaf405||Leaf41,3,0,LENS,False,0.424935668137649,0.5334199203519343,>=
Leaf405||Leaf70,3,0,LENS,False,0.4821229322451893,0.5334199203519343,>=
Leaf416||Leaf68,3,1,LENS,True,0.6279356276365975,0.5334199203519343,>=
Leaf416||Leaf83,3,1,LENS,False,0.3640733751429386,0.5334199203519343,>=
Leaf416||Leaf86,3,1,LENS,False,0.4761784973543604,0.5334199203519343,>=
Leaf416||Leaf88,3,1,LENS,False,0.3907760880616247,0.5334199203519343,>=
Leaf420||Leaf68,3,1,LENS,True,0.630836611805569,0.5334199203519343,>=
Leaf420||Leaf70,3,0,LENS,True,0.6666422645228837,0.5334199203519343,>=
Leaf443||Leaf90,3,0,LENS,False,0.4407248279623634,0.5334199203519343,>=
Leaf5||Leaf83,3,0,LENS,False,0.4498622931876652,0.5334199203519343,>=
Leaf5||Leaf88,3,0,LENS,False,0.303330351398569,0.5334199203519343,>=
Leaf5||Leaf90,3,0,LENS,False,0.4217867890484952,0.5334199203519343,>=
Leaf70||Leaf90,3,0,LENS,False,0.4498894651091756,0.5334199203519343,>=
Leaf141||Leaf203,3,1,OneNet,False,0.0055555555555555,0.9,>
Leaf141||Leaf231,3,0,OneNet,False,0.0333333333333333,0.9,>
Leaf141||Leaf371,3,0,OneNet,False,0.372222222222222,0.9,>
Leaf145||Leaf177,3,0,OneNet,False,0.127777777777778,0.9,>
Leaf145||Leaf233,3,1,OneNet,False,0.166666666666667,0.9,>
Leaf145||Leaf26,3,0,OneNet,False,0.0222222222222222,0.9,>
Leaf145||Leaf334,3,0,OneNet,False,0.0388888888888889,0.9,>
Leaf145||Leaf359,3,0,OneNet,False,0.0055555555555555,0.9,>
Leaf145||Leaf363,3,1,OneNet,False,0.0,0.9,>
Leaf145||Leaf380,3,0,OneNet,False,0.288888888888889,0.9,>
Leaf145||Leaf405,3,0,OneNet,False,0.0555555555555556,0.9,>
Leaf145||Leaf416,3,1,OneNet,False,0.0166666666666667,0.9,>
Leaf145||Leaf5,3,0,OneNet,False,0.0055555555555555,0.9,>
Leaf160||Leaf2,3,0,OneNet,False,0.0111111111111111,0.9,>
Leaf160||Leaf225,3,0,OneNet,False,0.222222222222222,0.9,>
Leaf160||Leaf324,3,0,OneNet,False,0.1,0.9,>
Leaf160||Leaf33,3,0,OneNet,False,0.505555555555556,0.9,>
Leaf160||Leaf334,3,0,OneNet,False,0.0444444444444444,0.9,>
Leaf160||Leaf396,3,0,OneNet,False,0.05,0.9,>
Leaf160||Leaf5,3,0,OneNet,False,0.0611111111111111,0.9,>
Leaf160||Leaf82,3,0,OneNet,False,0.0055555555555555,0.9,>
Leaf176||Leaf288,3,0,OneNet,False,0.333333333333333,0.9,>
Leaf177||Leaf262,3,0,OneNet,False,0.0666666666666667,0.9,>
Leaf177||Leaf288,3,0,OneNet,False,0.0,0.9,>
Leaf177||Leaf344,3,0,OneNet,False,0.0111111111111111,0.9,>
Leaf177||Leaf391,3,0,OneNet,False,0.0055555555555555,0.9,>
Leaf177||Leaf416,3,0,OneNet,False,0.144444444444444,0.9,>
Leaf183||Leaf231,3,0,OneNet,False,0.0444444444444444,0.9,>
Leaf183||Leaf265,3,0,OneNet,False,0.0055555555555555,0.9,>
Leaf183||Leaf334,3,0,OneNet,False,0.0055555555555555,0.9,>
Leaf183||Leaf344,3,0,OneNet,False,0.222222222222222,0.9,>
Leaf183||Leaf391,3,0,OneNet,False,0.0333333333333333,0.9,>
Leaf183||Leaf83,3,0,OneNet,False,0.433333333333333,0.9,>
Leaf183||Leaf88,3,0,OneNet,False,0.1,0.9,>
Leaf187||Leaf90,3,0,OneNet,False,0.05,0.9,>
Leaf189||Leaf265,3,0,OneNet,False,0.183333333333333,0.9,>
Leaf189||Leaf288,3,0,OneNet,False,0.0277777777777778,0.9,>
Leaf189||Leaf68,3,0,OneNet,False,0.0,0.9,>
Leaf2||Leaf203,3,0,OneNet,False,0.05,0.9,>
Leaf2||Leaf231,3,0,OneNet,False,0.0333333333333333,0.9,>
Leaf2||Leaf265,3,0,OneNet,False,0.672222222222222,0.9,>
Leaf2||Leaf288,3,0,OneNet,False,0.0222222222222222,0.9,>
Leaf2||Leaf391,3,0,OneNet,False,0.0444444444444444,0.9,>
Leaf2||Leaf88,3,0,OneNet,False,0.0222222222222222,0.9,>
Leaf202||Leaf265,3,0,OneNet,False,0.0166666666666667,0.9,>
Leaf202||Leaf391,3,0,OneNet,False,0.0111111111111111,0.9,>
Leaf202||Leaf420,3,0,OneNet,False,0.0277777777777778,0.9,>
Leaf202||Leaf68,3,1,OneNet,False,0.827777777777778,0.9,>
Leaf202||Leaf83,3,0,OneNet,False,0.205555555555556,0.9,>
Leaf202||Leaf88,3,0,OneNet,False,0.0,0.9,>
Leaf203||Leaf222,3,1,OneNet,False,0.4,0.9,>
Leaf203||Leaf231,3,0,OneNet,False,0.261111111111111,0.9,>
Leaf203||Leaf281,3,1,OneNet,False,0.0,0.9,>
Leaf203||Leaf344,3,0,OneNet,False,0.144444444444444,0.9,>
Leaf203||Leaf351,3,1,OneNet,False,0.0444444444444444,0.9,>
Leaf203||Leaf354,3,0,OneNet,False,0.55,0.9,>
Leaf203||Leaf363,3,0,OneNet,False,0.0277777777777778,0.9,>
Leaf203||Leaf405,3,1,OneNet,False,0.255555555555556,0.9,>
Leaf203||Leaf420,3,0,OneNet,False,0.288888888888889,0.9,>
Leaf203||Leaf68,3,1,OneNet,False,0.0555555555555556,0.9,>
Leaf203||Leaf83,3,0,OneNet,False,0.0055555555555555,0.9,>
Leaf220||Leaf265,3,0,OneNet,False,0.133333333333333,0.9,>
Leaf220||Leaf334,3,0,OneNet,False,0.222222222222222,0.9,>
Leaf220||Leaf391,3,0,OneNet,False,0.0333333333333333,0.9,>
Leaf220||Leaf405,3,0,OneNet,False,0.0444444444444444,0.9,>
Leaf220||Leaf416,3,0,OneNet,False,0.155555555555556,0.9,>
Leaf220||Leaf88,3,0,OneNet,False,0.422222222222222,0.9,>
Leaf222||Leaf233,3,1,OneNet,False,0.0333333333333333,0.9,>
Leaf222||Leaf359,3,0,OneNet,False,0.122222222222222,0.9,>
Leaf222||Leaf420,3,0,OneNet,False,0.0166666666666667,0.9,>
Leaf225||Leaf233,3,0,OneNet,False,0.1,0.9,>
Leaf225||Leaf288,3,0,OneNet,False,0.05,0.9,>
Leaf225||Leaf33,3,0,OneNet,False,0.0055555555555555,0.9,>
Leaf225||Leaf334,3,0,OneNet,False,0.0,0.9,>
Leaf225||Leaf371,3,0,OneNet,False,0.0111111111111111,0.9,>
Leaf225||Leaf68,3,0,OneNet,False,0.0111111111111111,0.9,>
Leaf225||Leaf88,3,0,OneNet,False,0.0111111111111111,0.9,>
Leaf225||Leaf90,3,0,OneNet,False,0.0611111111111111,0.9,>
Leaf231||Leaf26,3,1,OneNet,False,0.0277777777777778,0.9,>
Leaf231||Leaf265,3,0,OneNet,False,0.0222222222222222,0.9,>
Leaf231||Leaf281,3,0,OneNet,False,0.0277777777777778,0.9,>
Leaf231||Leaf285,3,0,OneNet,False,0.527777777777778,0.9,>
Leaf231||Leaf33,3,0,OneNet,False,0.0666666666666667,0.9,>
Leaf231||Leaf336,3,0,OneNet,False,0.522222222222222,0.9,>
Leaf231||Leaf357,3,0,OneNet,False,0.0055555555555555,0.9,>
Leaf231||Leaf363,3,0,OneNet,False,0.0166666666666667,0.9,>
Leaf231||Leaf371,3,0,OneNet,False,0.277777777777778,0.9,>
Leaf231||Leaf416,3,1,OneNet,False,0.0222222222222222,0.9,>
Leaf231||Leaf443,3,0,OneNet,False,0.0055555555555555,0.9,>
Leaf231||Leaf68,3,0,OneNet,False,0.0722222222222222,0.9,>
Leaf231||Leaf82,3,0,OneNet,False,0.0222222222222222,0.9,>
Leaf233||Leaf242,3,0,OneNet,False,0.355555555555556,0.9,>
Leaf233||Leaf262,3,0,OneNet,False,0.0388888888888889,0.9,>
Leaf233||Leaf265,3,0,OneNet,False,0.0277777777777778,0.9,>
Leaf233||Leaf288,3,0,OneNet,False,0.0166666666666667,0.9,>
Leaf233||Leaf324,3,0,OneNet,False,0.05,0.9,>
Leaf233||Leaf380,3,0,OneNet,False,0.0111111111111111,0.9,>
Leaf233||Leaf416,3,1,OneNet,False,0.1,0.9,>
Leaf233||Leaf443,3,0,OneNet,False,0.127777777777778,0.9,>
Leaf233||Leaf5,3,0,OneNet,False,0.0777777777777778,0.9,>
Leaf233||Leaf83,3,0,OneNet,False,0.433333333333333,0.9,>
Leaf234||Leaf33,3,0,OneNet,False,0.172222222222222,0.9,>
Leaf234||Leaf334,3,0,OneNet,False,0.0611111111111111,0.9,>
Leaf234||Leaf344,3,0,OneNet,False,0.0,0.9,>
Leaf234||Leaf359,3,0,OneNet,False,0.672222222222222,0.9,>
Leaf234||Leaf371,3,0,OneNet,False,0.0,0.9,>
Leaf234||Leaf90,3,0,OneNet,False,0.0111111111111111,0.9,>
Leaf242||Leaf262,3,0,OneNet,False,0.0222222222222222,0.9,>
Leaf242||Leaf265,3,0,OneNet,False,0.144444444444444,0.9,>
Leaf242||Leaf288,3,1,OneNet,False,0.0,0.9,>
Leaf242||Leaf334,3,0,OneNet,False,0.0222222222222222,0.9,>
Leaf242||Leaf344,3,0,OneNet,False,0.127777777777778,0.9,>
Leaf242||Leaf359,3,0,OneNet,False,0.0555555555555556,0.9,>
Leaf242||Leaf391,3,0,OneNet,False,0.05,0.9,>
Leaf242||Leaf405,3,0,OneNet,False,0.15,0.9,>
Leaf242||Leaf420,3,0,OneNet,False,0.0333333333333333,0.9,>
Leaf242||Leaf83,3,0,OneNet,False,0.0277777777777778,0.9,>
Leaf242||Leaf90,3,0,OneNet,False,0.2,0.9,>
Leaf26||Leaf391,3,0,OneNet,False,0.0555555555555556,0.9,>
Leaf26||Leaf416,3,0,OneNet,False,0.272222222222222,0.9,>
Leaf26||Leaf420,3,0,OneNet,False,0.316666666666667,0.9,>
Leaf26||Leaf68,3,0,OneNet,False,0.0,0.9,>
Leaf262||Leaf324,3,0,OneNet,False,0.0111111111111111,0.9,>
Leaf262||Leaf359,3,1,OneNet,False,0.0277777777777778,0.9,>
Leaf262||Leaf391,3,0,OneNet,False,0.0055555555555555,0.9,>
Leaf262||Leaf443,3,0,OneNet,False,0.827777777777778,0.9,>
Leaf262||Leaf68,3,1,OneNet,False,0.0888888888888889,0.9,>
Leaf262||Leaf83,3,0,OneNet,False,0.122222222222222,0.9,>
Leaf262||Leaf88,3,0,OneNet,False,0.0444444444444444,0.9,>
Leaf263||Leaf33,3,0,OneNet,False,0.333333333333333,0.9,>
Leaf263||Leaf334,3,0,OneNet,False,0.0388888888888889,0.9,>
Leaf263||Leaf344,3,0,OneNet,False,0.0055555555555555,0.9,>
Leaf263||Leaf83,3,0,OneNet,False,0.227777777777778,0.9,>
Leaf265||Leaf281,3,0,OneNet,False,0.233333333333333,0.9,>
Leaf265||Leaf380,3,0,OneNet,False,0.0333333333333333,0.9,>
Leaf265||Leaf391,3,0,OneNet,False,0.0555555555555556,0.9,>
Leaf265||Leaf405,3,0,OneNet,False,0.0222222222222222,0.9,>
Leaf265||Leaf443,3,0,OneNet,False,0.105555555555556,0.9,>
Leaf281||Leaf344,3,0,OneNet,False,0.0055555555555555,0.9,>
Leaf281||Leaf83,3,0,OneNet,False,0.0055555555555555,0.9,>
Leaf285||Leaf82,3,0,OneNet,False,0.0277777777777778,0.9,>
Leaf285||Leaf86,3,1,OneNet,False,0.0333333333333333,0.9,>
Leaf288||Leaf324,3,0,OneNet,False,0.127777777777778,0.9,>
Leaf288||Leaf334,3,0,OneNet,False,0.0277777777777778,0.9,>
Leaf288||Leaf337,3,0,OneNet,False,0.277777777777778,0.9,>
Leaf288||Leaf344,3,0,OneNet,False,0.655555555555556,0.9,>
Leaf288||Leaf396,3,0,OneNet,False,0.311111111111111,0.9,>
Leaf288||Leaf41,3,0,OneNet,False,0.0166666666666667,0.9,>
Leaf288||Leaf427,3,0,OneNet,False,0.0166666666666667,0.9,>
Leaf288||Leaf70,3,0,OneNet,False,0.238888888888889,0.9,>
Leaf3||Leaf371,3,0,OneNet,False,0.0,0.9,>
Leaf3||Leaf405,3,0,OneNet,False,0.444444444444444,0.9,>
Leaf33||Leaf363,3,0,OneNet,False,0.216666666666667,0.9,>
Leaf33||Leaf380,3,0,OneNet,False,0.0888888888888889,0.9,>
Leaf33||Leaf391,3,0,OneNet,False,0.4,0.9,>
Leaf334||Leaf337,3,0,OneNet,False,0.222222222222222,0.9,>
Leaf334||Leaf344,3,0,OneNet,False,0.133333333333333,0.9,>
Leaf334||Leaf354,3,0,OneNet,False,0.0,0.9,>
Leaf334||Leaf363,3,0,OneNet,False,0.372222222222222,0.9,>
Leaf334||Leaf396,3,0,OneNet,False,0.0055555555555555,0.9,>
Leaf334||Leaf420,3,0,OneNet,False,0.0055555555555555,0.9,>
Leaf334||Leaf90,3,0,OneNet,False,0.255555555555556,0.9,>
Leaf336||Leaf420,3,0,OneNet,False,0.272222222222222,0.9,>
Leaf336||Leaf83,3,0,OneNet,False,0.0,0.9,>
Leaf336||Leaf86,3,0,OneNet,False,0.3,0.9,>
Leaf337||Leaf391,3,0,OneNet,False,0.0444444444444444,0.9,>
Leaf344||Leaf391,3,0,OneNet,False,0.216666666666667,0.9,>
Leaf344||Leaf396,3,0,OneNet,False,0.0,0.9,>
Leaf344||Leaf420,3,0,OneNet,False,0.0333333333333333,0.9,>
Leaf344||Leaf427,3,0,OneNet,False,0.127777777777778,0.9,>
Leaf344||Leaf443,3,0,OneNet,False,0.827777777777778,0.9,>
Leaf344||Leaf86,3,0,OneNet,False,0.355555555555556,0.9,>
Leaf351||Leaf88,3,0,OneNet,False,0.05,0.9,>
Leaf359||Leaf371,3,0,OneNet,False,0.0,0.9,>
Leaf359||Leaf41,3,0,OneNet,False,0.0277777777777778,0.9,>
Leaf359||Leaf68,3,1,OneNet,False,0.0166666666666667,0.9,>
Leaf363||Leaf391,3,0,OneNet,False,0.0611111111111111,0.9,>
Leaf363||Leaf405,3,0,OneNet,False,0.0166666666666667,0.9,>
Leaf371||Leaf5,3,0,OneNet,False,0.138888888888889,0.9,>
Leaf380||Leaf416,3,0,OneNet,False,0.0166666666666667,0.9,>
Leaf380||Leaf420,3,0,OneNet,False,0.183333333333333,0.9,>
Leaf391||Leaf405,3,0,OneNet,False,0.0555555555555556,0.9,>
Leaf391||Leaf41,3,0,OneNet,False,0.111111111111111,0.9,>
Leaf391||Leaf86,3,1,OneNet,False,0.0333333333333333,0.9,>
Leaf396||Leaf68,3,0,OneNet,False,0.0,0.9,>
Leaf405||Leaf41,3,0,OneNet,False,0.305555555555556,0.9,>
Leaf405||Leaf70,3,0,OneNet,False,0.161111111111111,0.9,>
Leaf416||Leaf68,3,1,OneNet,False,0.0666666666666667,0.9,>
Leaf416||Leaf83,3,1,OneNet,False,0.0388888888888889,0.9,>
Leaf416||Leaf86,3,1,OneNet,False,0.0777777777777778,0.9,>
Leaf416||Leaf88,3,1,OneNet,False,0.166666666666667,0.9,>
Leaf420||Leaf68,3,1,OneNet,False,0.0277777777777778,0.9,>
Leaf420||Leaf70,3,0,OneNet,False,0.0111111111111111,0.9,>
Leaf443||Leaf90,3,0,OneNet,False,0.0222222222222222,0.9,>
Leaf5||Leaf83,3,0,OneNet,False,0.0111111111111111,0.9,>
Leaf5||Leaf88,3,0,OneNet,False,0.0611111111111111,0.9,>
Leaf5||Leaf90,3,0,OneNet,False,0.583333333333333,0.9,>
Leaf70||Leaf90,3,0,OneNet,False,0.0388888888888889,0.9,>
Leaf141||Leaf265,4,0,LENS,False,0.4152223417650481,0.604991683566578,>=
Leaf141||Leaf33,4,0,LENS,False,0.3146995776270692,0.604991683566578,>=
Leaf141||Leaf391,4,0,LENS,False,0.4138026477610236,0.604991683566578,>=
Leaf141||Leaf420,4,0,LENS,False,0.4804263965191928,0.604991683566578,>=
Leaf141||Leaf68,4,1,LENS,False,0.4804359671061457,0.604991683566578,>=
Leaf141||Leaf83,4,0,LENS,False,0.4957116772621258,0.604991683566578,>=
Leaf145||Leaf220,4,0,LENS,True,0.674372374231754,0.604991683566578,>=
Leaf145||Leaf231,4,1,LENS,True,0.6543736579757887,0.604991683566578,>=
Leaf145||Leaf242,4,0,LENS,False,0.4682507186378239,0.604991683566578,>=
Leaf145||Leaf262,4,1,LENS,True,0.6524000438836527,0.604991683566578,>=
Leaf145||Leaf288,4,0,LENS,False,0.5685581845142951,0.604991683566578,>=
Leaf145||Leaf427,4,0,LENS,False,0.5911594947171885,0.604991683566578,>=
Leaf145||Leaf82,4,0,LENS,False,0.5280042884505431,0.604991683566578,>=
Leaf160||Leaf177,4,0,LENS,True,0.6749191323469885,0.604991683566578,>=
Leaf160||Leaf187,4,0,LENS,False,0.1779799558411775,0.604991683566578,>=
Leaf160||Leaf203,4,1,LENS,True,0.6434775793047274,0.604991683566578,>=
Leaf160||Leaf231,4,0,LENS,False,0.5350481998026267,0.604991683566578,>=
Leaf160||Leaf26,4,0,LENS,False,0.4363086115863011,0.604991683566578,>=
Leaf160||Leaf262,4,0,LENS,False,0.5490946918505838,0.604991683566578,>=
Leaf160||Leaf263,4,0,LENS,False,0.1862838445679253,0.604991683566578,>=
Leaf160||Leaf265,4,0,LENS,False,0.4440630639148127,0.604991683566578,>=
Leaf160||Leaf281,4,0,LENS,False,0.3321553277717143,0.604991683566578,>=
Leaf160||Leaf285,4,0,LENS,False,0.3118488266918093,0.604991683566578,>=
Leaf160||Leaf3,4,0,LENS,False,0.3417779089010503,0.604991683566578,>=
Leaf160||Leaf354,4,0,LENS,False,0.5088696677342529,0.604991683566578,>=
Leaf160||Leaf359,4,0,LENS,False,0.2183723177791797,0.604991683566578,>=
Leaf160||Leaf380,4,0,LENS,False,0.3098512746073975,0.604991683566578,>=
Leaf176||Leaf203,4,0,LENS,False,0.5634869356484714,0.604991683566578,>=
Leaf176||Leaf334,4,0,LENS,False,0.3259233537279083,0.604991683566578,>=
Leaf176||Leaf359,4,0,LENS,False,0.3234344047007482,0.604991683566578,>=
Leaf176||Leaf371,4,0,LENS,False,0.3394322481557294,0.604991683566578,>=
Leaf176||Leaf68,4,1,LENS,False,0.5220754140793261,0.604991683566578,>=
Leaf176||Leaf83,4,0,LENS,False,0.5765805462616936,0.604991683566578,>=
Leaf176||Leaf86,4,0,LENS,False,0.4846024504294062,0.604991683566578,>=
Leaf176||Leaf88,4,0,LENS,False,0.3491521792494556,0.604991683566578,>=
Leaf177||Leaf231,4,0,LENS,False,0.5618323107337315,0.604991683566578,>=
Leaf177||Leaf233,4,0,LENS,True,0.7054660675418173,0.604991683566578,>=
Leaf177||Leaf33,4,0,LENS,False,0.5140408339981333,0.604991683566578,>=
Leaf177||Leaf371,4,0,LENS,False,0.5107383711474501,0.604991683566578,>=
Leaf177||Leaf405,4,0,LENS,False,0.4785885036586443,0.604991683566578,>=
Leaf183||Leaf405,4,0,LENS,False,0.3338318642992042,0.604991683566578,>=
Leaf183||Leaf420,4,0,LENS,False,0.5474563097849442,0.604991683566578,>=
Leaf183||Leaf68,4,0,LENS,False,0.5386244810368678,0.604991683566578,>=
Leaf183||Leaf90,4,0,LENS,False,0.331697606749766,0.604991683566578,>=
Leaf187||Leaf262,4,1,LENS,False,0.5528743833634963,0.604991683566578,>=
Leaf187||Leaf334,4,0,LENS,False,0.2201002108973562,0.604991683566578,>=
Leaf187||Leaf359,4,0,LENS,False,0.2338154419753594,0.604991683566578,>=
Leaf187||Leaf391,4,0,LENS,False,0.5139263972004673,0.604991683566578,>=
Leaf187||Leaf416,4,0,LENS,False,0.4190554700006192,0.604991683566578,>=
Leaf187||Leaf86,4,0,LENS,False,0.4822362132738882,0.604991683566578,>=
Leaf189||Leaf203,4,1,LENS,False,0.5163337545662557,0.604991683566578,>=
Leaf189||Leaf231,4,0,LENS,False,0.4754970827211882,0.604991683566578,>=
Leaf189||Leaf334,4,0,LENS,False,0.2957682610133173,0.604991683566578,>=
Leaf2||Leaf33,4,0,LENS,False,0.2541110563462943,0.604991683566578,>=
Leaf2||Leaf371,4,0,LENS,False,0.3134944050738672,0.604991683566578,>=
Leaf2||Leaf405,4,0,LENS,False,0.4717617606116057,0.604991683566578,>=
Leaf202||Leaf233,4,0,LENS,True,0.6761196255228271,0.604991683566578,>=
Leaf202||Leaf86,4,0,LENS,True,0.6126775653061992,0.604991683566578,>=
Leaf203||Leaf220,4,1,LENS,True,0.6855417242120933,0.604991683566578,>=
Leaf203||Leaf26,4,0,LENS,False,0.5595889600834946,0.604991683566578,>=
Leaf203||Leaf263,4,0,LENS,True,0.668716259567326,0.604991683566578,>=
Leaf203||Leaf288,4,0,LENS,True,0.6456619255043581,0.604991683566578,>=
Leaf203||Leaf33,4,0,LENS,False,0.5747505565324379,0.604991683566578,>=
Leaf203||Leaf334,4,1,LENS,True,0.6109037608282907,0.604991683566578,>=
Leaf203||Leaf357,4,1,LENS,False,0.5656897666092973,0.604991683566578,>=
Leaf203||Leaf391,4,0,LENS,False,0.5831691658938158,0.604991683566578,>=
Leaf203||Leaf416,4,1,LENS,False,0.6024075705003828,0.604991683566578,>=
Leaf203||Leaf90,4,0,LENS,False,0.6010250439884592,0.604991683566578,>=
Leaf220||Leaf33,4,0,LENS,False,0.2840394030306185,0.604991683566578,>=
Leaf220||Leaf83,4,0,LENS,False,0.3805568894353416,0.604991683566578,>=
Leaf220||Leaf90,4,0,LENS,False,0.4876584758350077,0.604991683566578,>=
Leaf222||Leaf344,4,0,LENS,False,0.290158536277641,0.604991683566578,>=
Leaf222||Leaf371,4,0,LENS,False,0.2507032027122896,0.604991683566578,>=
Leaf222||Leaf391,4,0,LENS,False,0.479502738557844,0.604991683566578,>=
Leaf222||Leaf68,4,0,LENS,True,0.6940193662343302,0.604991683566578,>=
Leaf225||Leaf231,4,0,LENS,False,0.5235599471595909,0.604991683566578,>=
Leaf225||Leaf285,4,0,LENS,False,0.3269456815512034,0.604991683566578,>=
Leaf231||Leaf263,4,0,LENS,False,0.4972978613583912,0.604991683566578,>=
Leaf231||Leaf324,4,0,LENS,False,0.5313238354334978,0.604991683566578,>=
Leaf231||Leaf334,4,0,LENS,False,0.5284356829596335,0.604991683566578,>=
Leaf231||Leaf354,4,0,LENS,False,0.4096230854288713,0.604991683566578,>=
Leaf231||Leaf391,4,0,LENS,False,0.4715770187470321,0.604991683566578,>=
Leaf231||Leaf86,4,0,LENS,False,0.4263254086658572,0.604991683566578,>=
Leaf231||Leaf90,4,0,LENS,False,0.4678672656590892,0.604991683566578,>=
Leaf233||Leaf285,4,0,LENS,False,0.592446655507073,0.604991683566578,>=
Leaf233||Leaf337,4,0,LENS,True,0.6169053160649733,0.604991683566578,>=
Leaf233||Leaf391,4,0,LENS,False,0.5760679264398271,0.604991683566578,>=
Leaf233||Leaf420,4,0,LENS,True,0.7090167822702393,0.604991683566578,>=
Leaf234||Leaf265,4,0,LENS,False,0.4597278635972291,0.604991683566578,>=
Leaf234||Leaf391,4,0,LENS,False,0.5240721252391054,0.604991683566578,>=
Leaf234||Leaf83,4,0,LENS,False,0.447780643501889,0.604991683566578,>=
Leaf242||Leaf285,4,0,LENS,False,0.339636537030434,0.604991683566578,>=
Leaf26||Leaf265,4,0,LENS,False,0.3906968637515105,0.604991683566578,>=
Leaf26||Leaf285,4,0,LENS,False,0.3698144270709964,0.604991683566578,>=
Leaf26||Leaf359,4,0,LENS,False,0.481974793900059,0.604991683566578,>=
Leaf26||Leaf405,4,0,LENS,False,0.3778879340685372,0.604991683566578,>=
Leaf262||Leaf263,4,0,LENS,True,0.6762573162631448,0.604991683566578,>=
Leaf262||Leaf281,4,0,LENS,False,0.486772596059118,0.604991683566578,>=
Leaf262||Leaf285,4,0,LENS,False,0.5030046192353868,0.604991683566578,>=
Leaf262||Leaf363,4,0,LENS,False,0.5712446340455287,0.604991683566578,>=
Leaf262||Leaf371,4,1,LENS,False,0.4818489002502977,0.604991683566578,>=
Leaf262||Leaf396,4,0,LENS,False,0.5339176961035536,0.604991683566578,>=
Leaf262||Leaf405,4,0,LENS,False,0.3865941599290927,0.604991683566578,>=
Leaf262||Leaf86,4,0,LENS,False,0.4894141529729276,0.604991683566578,>=
Leaf263||Leaf416,4,0,LENS,False,0.4730599869645638,0.604991683566578,>=
Leaf263||Leaf86,4,0,LENS,False,0.5406398445006861,0.604991683566578,>=
Leaf263||Leaf90,4,0,LENS,False,0.5890558631658855,0.604991683566578,>=
Leaf265||Leaf288,4,0,LENS,False,0.3598750837351017,0.604991683566578,>=
Leaf265||Leaf337,4,0,LENS,False,0.4205909497725316,0.604991683566578,>=
Leaf265||Leaf344,4,0,LENS,False,0.3554749477750436,0.604991683566578,>=
Leaf265||Leaf357,4,1,LENS,False,0.3513151150255533,0.604991683566578,>=
Leaf265||Leaf359,4,1,LENS,False,0.3476066486369983,0.604991683566578,>=
Leaf265||Leaf427,4,0,LENS,False,0.4409201660760463,0.604991683566578,>=
Leaf265||Leaf5,4,0,LENS,False,0.3905636081425691,0.604991683566578,>=
Leaf265||Leaf68,4,1,LENS,False,0.5962482528697014,0.604991683566578,>=
Leaf265||Leaf88,4,0,LENS,False,0.3162722210323748,0.604991683566578,>=
Leaf265||Leaf90,4,0,LENS,False,0.3407616365282834,0.604991683566578,>=
Leaf281||Leaf285,4,0,LENS,False,0.2574736342736959,0.604991683566578,>=
Leaf281||Leaf391,4,0,LENS,False,0.4436784192467071,0.604991683566578,>=
Leaf281||Leaf405,4,0,LENS,False,0.3828493121497032,0.604991683566578,>=
Leaf281||Leaf88,4,0,LENS,False,0.27995039001047,0.604991683566578,>=
Leaf285||Leaf288,4,0,LENS,False,0.4043275308259982,0.604991683566578,>=
Leaf285||Leaf3,4,0,LENS,False,0.2759957092200124,0.604991683566578,>=
Leaf285||Leaf33,4,0,LENS,False,0.2804036755492051,0.604991683566578,>=
Leaf285||Leaf344,4,0,LENS,False,0.3035007793228625,0.604991683566578,>=
Leaf285||Leaf359,4,0,LENS,False,0.384633254673111,0.604991683566578,>=
Leaf285||Leaf416,4,1,LENS,False,0.4022006597238176,0.604991683566578,>=
Leaf288||Leaf357,4,0,LENS,False,0.3169199465024657,0.604991683566578,>=
Leaf288||Leaf363,4,0,LENS,False,0.2539008430477684,0.604991683566578,>=
Leaf288||Leaf391,4,0,LENS,False,0.5062567004333284,0.604991683566578,>=
Leaf288||Leaf416,4,1,LENS,False,0.4167576199251183,0.604991683566578,>=
Leaf288||Leaf443,4,0,LENS,False,0.2810039033824216,0.604991683566578,>=
Leaf288||Leaf82,4,0,LENS,False,0.4981928703244806,0.604991683566578,>=
Leaf288||Leaf90,4,0,LENS,False,0.449550032727629,0.604991683566578,>=
Leaf3||Leaf33,4,0,LENS,False,0.2605388753258535,0.604991683566578,>=
Leaf3||Leaf334,4,0,LENS,False,0.387439661832122,0.604991683566578,>=
Leaf3||Leaf391,4,0,LENS,False,0.4063140657823567,0.604991683566578,>=
Leaf3||Leaf68,4,0,LENS,False,0.5580763311511345,0.604991683566578,>=
Leaf3||Leaf88,4,0,LENS,False,0.2774502068485142,0.604991683566578,>=
Leaf324||Leaf33,4,0,LENS,False,0.3295959430248105,0.604991683566578,>=
Leaf324||Leaf83,4,0,LENS,False,0.3456179864138392,0.604991683566578,>=
Leaf324||Leaf86,4,0,LENS,False,0.4231544556243224,0.604991683566578,>=
Leaf33||Leaf334,4,0,LENS,False,0.2355138706544564,0.604991683566578,>=
Leaf33||Leaf443,4,0,LENS,False,0.2533927399665859,0.604991683566578,>=
Leaf334||Leaf380,4,0,LENS,False,0.2930571447716162,0.604991683566578,>=
Leaf334||Leaf391,4,0,LENS,False,0.4625410281035224,0.604991683566578,>=
Leaf334||Leaf41,4,0,LENS,False,0.3436386017962478,0.604991683566578,>=
Leaf334||Leaf427,4,0,LENS,False,0.2887214491817045,0.604991683566578,>=
Leaf334||Leaf443,4,0,LENS,False,0.2655334671018904,0.604991683566578,>=
Leaf334||Leaf5,4,0,LENS,False,0.2149457229651014,0.604991683566578,>=
Leaf334||Leaf82,4,0,LENS,False,0.4832593587467997,0.604991683566578,>=
Leaf334||Leaf86,4,0,LENS,False,0.5149421253805659,0.604991683566578,>=
Leaf336||Leaf405,4,0,LENS,False,0.3176991179551852,0.604991683566578,>=
Leaf337||Leaf68,4,0,LENS,True,0.67712016975019,0.604991683566578,>=
Leaf344||Leaf359,4,0,LENS,False,0.3522449414325613,0.604991683566578,>=
Leaf344||Leaf363,4,0,LENS,False,0.311931625708247,0.604991683566578,>=
Leaf344||Leaf371,4,0,LENS,False,0.2312247782004552,0.604991683566578,>=
Leaf344||Leaf405,4,0,LENS,False,0.4475198119662523,0.604991683566578,>=
Leaf344||Leaf41,4,0,LENS,False,0.2914656487712145,0.604991683566578,>=
Leaf344||Leaf5,4,0,LENS,False,0.2954938727647826,0.604991683566578,>=
Leaf351||Leaf416,4,0,LENS,False,0.4775941516376579,0.604991683566578,>=
Leaf351||Leaf83,4,0,LENS,False,0.3547137882489454,0.604991683566578,>=
Leaf351||Leaf86,4,0,LENS,False,0.5769228599853415,0.604991683566578,>=
Leaf354||Leaf405,4,0,LENS,False,0.3588122540178537,0.604991683566578,>=
Leaf354||Leaf90,4,0,LENS,False,0.4391665438975108,0.604991683566578,>=
Leaf357||Leaf371,4,0,LENS,False,0.2823235819770273,0.604991683566578,>=
Leaf357||Leaf391,4,0,LENS,False,0.3698167000244552,0.604991683566578,>=
Leaf357||Leaf83,4,0,LENS,False,0.3080796700141374,0.604991683566578,>=
Leaf359||Leaf391,4,0,LENS,False,0.4693423075834705,0.604991683566578,>=
Leaf359||Leaf427,4,0,LENS,False,0.3084911666105208,0.604991683566578,>=
Leaf359||Leaf88,4,0,LENS,False,0.3015335456497229,0.604991683566578,>=
Leaf363||Leaf371,4,0,LENS,False,0.243599312789826,0.604991683566578,>=
Leaf363||Leaf86,4,0,LENS,False,0.4535905271845087,0.604991683566578,>=
Leaf371||Leaf380,4,0,LENS,False,0.246673128747575,0.604991683566578,>=
Leaf371||Leaf391,4,0,LENS,False,0.3948010806645472,0.604991683566578,>=
Leaf371||Leaf405,4,0,LENS,False,0.4388929274130259,0.604991683566578,>=
Leaf371||Leaf68,4,1,LENS,True,0.7240540962199334,0.604991683566578,>=
Leaf371||Leaf83,4,0,LENS,False,0.3354662935907989,0.604991683566578,>=
Leaf371||Leaf90,4,0,LENS,False,0.4024345149842771,0.604991683566578,>=
Leaf380||Leaf405,4,0,LENS,False,0.4294474399698167,0.604991683566578,>=
Leaf380||Leaf83,4,1,LENS,False,0.3346127114873643,0.604991683566578,>=
Leaf380||Leaf88,4,0,LENS,False,0.2494892892336762,0.604991683566578,>=
Leaf391||Leaf396,4,0,LENS,False,0.4943573541816484,0.604991683566578,>=
Leaf396||Leaf405,4,0,LENS,False,0.4161031013085771,0.604991683566578,>=
Leaf396||Leaf416,4,0,LENS,False,0.3736752615271194,0.604991683566578,>=
Leaf396||Leaf88,4,0,LENS,False,0.1963095636944206,0.604991683566578,>=
Leaf405||Leaf416,4,1,LENS,False,0.388613297436506,0.604991683566578,>=
Leaf405||Leaf68,4,1,LENS,True,0.6227673861066951,0.604991683566578,>=
Leaf416||Leaf420,4,1,LENS,False,0.574627868571616,0.604991683566578,>=
Leaf416||Leaf5,4,1,LENS,False,0.4411250192841294,0.604991683566578,>=
Leaf420||Leaf83,4,0,LENS,True,0.6814556810768327,0.604991683566578,>=
Leaf420||Leaf86,4,0,LENS,False,0.5880711156574375,0.604991683566578,>=
Leaf427||Leaf86,4,0,LENS,False,0.4352522402629393,0.604991683566578,>=
Leaf427||Leaf90,4,0,LENS,False,0.4871978484248031,0.604991683566578,>=
Leaf443||Leaf83,4,0,LENS,False,0.3845207118730968,0.604991683566578,>=
Leaf68||Leaf70,4,0,LENS,False,0.541804794186079,0.604991683566578,>=
Leaf70||Leaf83,4,0,LENS,False,0.325780838288724,0.604991683566578,>=
Leaf86||Leaf88,4,1,LENS,False,0.4779643576020785,0.604991683566578,>=
Leaf141||Leaf265,4,0,OneNet,False,0.0277777777777778,0.9,>
Leaf141||Leaf33,4,0,OneNet,False,0.122222222222222,0.9,>
Leaf141||Leaf391,4,0,OneNet,False,0.0277777777777778,0.9,>
Leaf141||Leaf420,4,0,OneNet,False,0.15,0.9,>
Leaf141||Leaf68,4,1,OneNet,False,0.0833333333333333,0.9,>
Leaf141||Leaf83,4,0,OneNet,False,0.111111111111111,0.9,>
Leaf145||Leaf220,4,0,OneNet,False,0.15,0.9,>
Leaf145||Leaf231,4,1,OneNet,False,0.0,0.9,>
Leaf145||Leaf242,4,0,OneNet,False,0.505555555555556,0.9,>
Leaf145||Leaf262,4,1,OneNet,False,0.0222222222222222,0.9,>
Leaf145||Leaf288,4,0,OneNet,False,0.294444444444444,0.9,>
Leaf145||Leaf427,4,0,OneNet,False,0.0,0.9,>
Leaf145||Leaf82,4,0,OneNet,False,0.2,0.9,>
Leaf160||Leaf177,4,0,OneNet,False,0.0166666666666667,0.9,>
Leaf160||Leaf187,4,0,OneNet,False,0.661111111111111,0.9,>
Leaf160||Leaf203,4,1,OneNet,False,0.0055555555555555,0.9,>
Leaf160||Leaf231,4,0,OneNet,False,0.0333333333333333,0.9,>
Leaf160||Leaf26,4,0,OneNet,False,0.0833333333333333,0.9,>
Leaf160||Leaf262,4,0,OneNet,False,0.0333333333333333,0.9,>
Leaf160||Leaf263,4,0,OneNet,False,0.111111111111111,0.9,>
Leaf160||Leaf265,4,0,OneNet,False,0.138888888888889,0.9,>
Leaf160||Leaf281,4,0,OneNet,False,0.0222222222222222,0.9,>
Leaf160||Leaf285,4,0,OneNet,False,0.605555555555556,0.9,>
Leaf160||Leaf3,4,0,OneNet,False,0.188888888888889,0.9,>
Leaf160||Leaf354,4,0,OneNet,False,0.0444444444444444,0.9,>
Leaf160||Leaf359,4,0,OneNet,False,0.0833333333333333,0.9,>
Leaf160||Leaf380,4,0,OneNet,False,0.411111111111111,0.9,>
Leaf176||Leaf203,4,0,OneNet,False,0.0111111111111111,0.9,>
Leaf176||Leaf334,4,0,OneNet,False,0.0222222222222222,0.9,>
Leaf176||Leaf359,4,0,OneNet,False,0.311111111111111,0.9,>
Leaf176||Leaf371,4,0,OneNet,False,0.0666666666666667,0.9,>
Leaf176||Leaf68,4,1,OneNet,False,0.0777777777777778,0.9,>
Leaf176||Leaf83,4,0,OneNet,False,0.0222222222222222,0.9,>
Leaf176||Leaf86,4,0,OneNet,False,0.0333333333333333,0.9,>
Leaf176||Leaf88,4,0,OneNet,False,0.0277777777777778,0.9,>
Leaf177||Leaf231,4,0,OneNet,False,0.444444444444444,0.9,>
Leaf177||Leaf233,4,0,OneNet,False,0.172222222222222,0.9,>
Leaf177||Leaf33,4,0,OneNet,False,0.0222222222222222,0.9,>
Leaf177||Leaf371,4,0,OneNet,False,0.555555555555555,0.9,>
Leaf177||Leaf405,4,0,OneNet,False,0.633333333333333,0.9,>
Leaf183||Leaf405,4,0,OneNet,False,0.0833333333333333,0.9,>
Leaf183||Leaf420,4,0,OneNet,False,0.0055555555555555,0.9,>
Leaf183||Leaf68,4,0,OneNet,False,0.0055555555555555,0.9,>
Leaf183||Leaf90,4,0,OneNet,False,0.316666666666667,0.9,>
Leaf187||Leaf262,4,1,OneNet,False,0.0166666666666667,0.9,>
Leaf187||Leaf334,4,0,OneNet,False,0.0333333333333333,0.9,>
Leaf187||Leaf359,4,0,OneNet,False,0.0722222222222222,0.9,>
Leaf187||Leaf391,4,0,OneNet,False,0.0055555555555555,0.9,>
Leaf187||Leaf416,4,0,OneNet,False,0.0166666666666667,0.9,>
Leaf187||Leaf86,4,0,OneNet,False,0.316666666666667,0.9,>
Leaf189||Leaf203,4,1,OneNet,False,0.15,0.9,>
Leaf189||Leaf231,4,0,OneNet,False,0.0833333333333333,0.9,>
Leaf189||Leaf334,4,0,OneNet,False,0.155555555555556,0.9,>
Leaf2||Leaf33,4,0,OneNet,False,0.277777777777778,0.9,>
Leaf2||Leaf371,4,0,OneNet,False,0.0222222222222222,0.9,>
Leaf2||Leaf405,4,0,OneNet,False,0.0111111111111111,0.9,>
Leaf202||Leaf233,4,0,OneNet,False,0.272222222222222,0.9,>
Leaf202||Leaf86,4,0,OneNet,False,0.0,0.9,>
Leaf203||Leaf220,4,1,OneNet,False,0.155555555555556,0.9,>
Leaf203||Leaf26,4,0,OneNet,False,0.0166666666666667,0.9,>
Leaf203||Leaf263,4,0,OneNet,False,0.0833333333333333,0.9,>
Leaf203||Leaf288,4,0,OneNet,False,0.0388888888888889,0.9,>
Leaf203||Leaf33,4,0,OneNet,False,0.0055555555555555,0.9,>
Leaf203||Leaf334,4,1,OneNet,False,0.0555555555555556,0.9,>
Leaf203||Leaf357,4,1,OneNet,False,0.0,0.9,>
Leaf203||Leaf391,4,0,OneNet,False,0.0166666666666667,0.9,>
Leaf203||Leaf416,4,1,OneNet,False,0.0277777777777778,0.9,>
Leaf203||Leaf90,4,0,OneNet,False,0.0,0.9,>
Leaf220||Leaf33,4,0,OneNet,False,0.05,0.9,>
Leaf220||Leaf83,4,0,OneNet,False,0.327777777777778,0.9,>
Leaf220||Leaf90,4,0,OneNet,False,0.0444444444444444,0.9,>
Leaf222||Leaf344,4,0,OneNet,False,0.0555555555555556,0.9,>
Leaf222||Leaf371,4,0,OneNet,False,0.0055555555555555,0.9,>
Leaf222||Leaf391,4,0,OneNet,False,0.0944444444444444,0.9,>
Leaf222||Leaf68,4,0,OneNet,False,0.0944444444444444,0.9,>
Leaf225||Leaf231,4,0,OneNet,False,0.177777777777778,0.9,>
Leaf225||Leaf285,4,0,OneNet,False,0.472222222222222,0.9,>
Leaf231||Leaf263,4,0,OneNet,False,0.0222222222222222,0.9,>
Leaf231||Leaf324,4,0,OneNet,False,0.0277777777777778,0.9,>
Leaf231||Leaf334,4,0,OneNet,False,0.138888888888889,0.9,>
Leaf231||Leaf354,4,0,OneNet,False,0.0333333333333333,0.9,>
Leaf231||Leaf391,4,0,OneNet,False,0.0222222222222222,0.9,>
Leaf231||Leaf86,4,0,OneNet,False,0.0777777777777778,0.9,>
Leaf231||Leaf90,4,0,OneNet,False,0.0611111111111111,0.9,>
Leaf233||Leaf285,4,0,OneNet,False,0.0444444444444444,0.9,>
Leaf233||Leaf337,4,0,OneNet,False,0.0611111111111111,0.9,>
Leaf233||Leaf391,4,0,OneNet,False,0.0944444444444444,0.9,>
Leaf233||Leaf420,4,0,OneNet,False,0.0222222222222222,0.9,>
Leaf234||Leaf265,4,0,OneNet,False,0.105555555555556,0.9,>
Leaf234||Leaf391,4,0,OneNet,False,0.0444444444444444,0.9,>
Leaf234||Leaf83,4,0,OneNet,False,0.0055555555555555,0.9,>
Leaf242||Leaf285,4,0,OneNet,False,0.05,0.9,>
Leaf26||Leaf265,4,0,OneNet,False,0.111111111111111,0.9,>
Leaf26||Leaf285,4,0,OneNet,False,0.0722222222222222,0.9,>
Leaf26||Leaf359,4,0,OneNet,False,0.105555555555556,0.9,>
Leaf26||Leaf405,4,0,OneNet,False,0.0555555555555556,0.9,>
Leaf262||Leaf263,4,0,OneNet,False,0.205555555555556,0.9,>
Leaf262||Leaf281,4,0,OneNet,False,0.116666666666667,0.9,>
Leaf262||Leaf285,4,0,OneNet,False,0.0111111111111111,0.9,>
Leaf262||Leaf363,4,0,OneNet,False,0.0611111111111111,0.9,>
Leaf262||Leaf371,4,1,OneNet,False,0.35,0.9,>
Leaf262||Leaf396,4,0,OneNet,False,0.116666666666667,0.9,>
Leaf262||Leaf405,4,0,OneNet,False,0.161111111111111,0.9,>
Leaf262||Leaf86,4,0,OneNet,False,0.0277777777777778,0.9,>
Leaf263||Leaf416,4,0,OneNet,False,0.133333333333333,0.9,>
Leaf263||Leaf86,4,0,OneNet,False,0.0,0.9,>
Leaf263||Leaf90,4,0,OneNet,False,0.211111111111111,0.9,>
Leaf265||Leaf288,4,0,OneNet,False,0.105555555555556,0.9,>
Leaf265||Leaf337,4,0,OneNet,False,0.127777777777778,0.9,>
Leaf265||Leaf344,4,0,OneNet,False,0.0166666666666667,0.9,>
Leaf265||Leaf357,4,1,OneNet,False,0.161111111111111,0.9,>
Leaf265||Leaf359,4,1,OneNet,False,0.438888888888889,0.9,>
Leaf265||Leaf427,4,0,OneNet,False,0.0333333333333333,0.9,>
Leaf265||Leaf5,4,0,OneNet,False,0.538888888888889,0.9,>
Leaf265||Leaf68,4,1,OneNet,False,0.0111111111111111,0.9,>
Leaf265||Leaf88,4,0,OneNet,False,0.877777777777778,0.9,>
Leaf265||Leaf90,4,0,OneNet,False,0.144444444444444,0.9,>
Leaf281||Leaf285,4,0,OneNet,False,0.427777777777778,0.9,>
Leaf281||Leaf391,4,0,OneNet,False,0.0222222222222222,0.9,>
Leaf281||Leaf405,4,0,OneNet,False,0.6,0.9,>
Leaf281||Leaf88,4,0,OneNet,False,0.0111111111111111,0.9,>
Leaf285||Leaf288,4,0,OneNet,False,0.0888888888888889,0.9,>
Leaf285||Leaf3,4,0,OneNet,False,0.461111111111111,0.9,>
Leaf285||Leaf33,4,0,OneNet,False,0.561111111111111,0.9,>
Leaf285||Leaf344,4,0,OneNet,False,0.144444444444444,0.9,>
Leaf285||Leaf359,4,0,OneNet,False,0.177777777777778,0.9,>
Leaf285||Leaf416,4,1,OneNet,False,0.0277777777777778,0.9,>
Leaf288||Leaf357,4,0,OneNet,False,0.25,0.9,>
Leaf288||Leaf363,4,0,OneNet,False,0.0444444444444444,0.9,>
Leaf288||Leaf391,4,0,OneNet,False,0.0333333333333333,0.9,>
Leaf288||Leaf416,4,1,OneNet,False,0.0388888888888889,0.9,>
Leaf288||Leaf443,4,0,OneNet,False,0.316666666666667,0.9,>
Leaf288||Leaf82,4,0,OneNet,False,0.238888888888889,0.9,>
Leaf288||Leaf90,4,0,OneNet,False,0.0055555555555555,0.9,>
Leaf3||Leaf33,4,0,OneNet,False,0.216666666666667,0.9,>
Leaf3||Leaf334,4,0,OneNet,False,0.0111111111111111,0.9,>
Leaf3||Leaf391,4,0,OneNet,False,0.0111111111111111,0.9,>
Leaf3||Leaf68,4,0,OneNet,False,0.0,0.9,>
Leaf3||Leaf88,4,0,OneNet,False,0.116666666666667,0.9,>
Leaf324||Leaf33,4,0,OneNet,False,0.0833333333333333,0.9,>
Leaf324||Leaf83,4,0,OneNet,False,0.0,0.9,>
Leaf324||Leaf86,4,0,OneNet,False,0.511111111111111,0.9,>
Leaf33||Leaf334,4,0,OneNet,False,0.0833333333333333,0.9,>
Leaf33||Leaf443,4,0,OneNet,False,0.205555555555556,0.9,>
Leaf334||Leaf380,4,0,OneNet,False,0.0833333333333333,0.9,>
Leaf334||Leaf391,4,0,OneNet,False,0.122222222222222,0.9,>
Leaf334||Leaf41,4,0,OneNet,False,0.0277777777777778,0.9,>
Leaf334||Leaf427,4,0,OneNet,False,0.0166666666666667,0.9,>
Leaf334||Leaf443,4,0,OneNet,False,0.0277777777777778,0.9,>
Leaf334||Leaf5,4,0,OneNet,False,0.0388888888888889,0.9,>
Leaf334||Leaf82,4,0,OneNet,False,0.0,0.9,>
Leaf334||Leaf86,4,0,OneNet,False,0.0888888888888889,0.9,>
Leaf336||Leaf405,4,0,OneNet,False,0.261111111111111,0.9,>
Leaf337||Leaf68,4,0,OneNet,False,0.0222222222222222,0.9,>
Leaf344||Leaf359,4,0,OneNet,False,0.0222222222222222,0.9,>
Leaf344||Leaf363,4,0,OneNet,False,0.0222222222222222,0.9,>
Leaf344||Leaf371,4,0,OneNet,False,0.522222222222222,0.9,>
Leaf344||Leaf405,4,0,OneNet,False,0.0055555555555555,0.9,>
Leaf344||Leaf41,4,0,OneNet,False,0.0,0.9,>
Leaf344||Leaf5,4,0,OneNet,False,0.194444444444444,0.9,>
Leaf351||Leaf416,4,0,OneNet,False,0.0166666666666667,0.9,>
Leaf351||Leaf83,4,0,OneNet,False,0.155555555555556,0.9,>
Leaf351||Leaf86,4,0,OneNet,False,0.0055555555555555,0.9,>
Leaf354||Leaf405,4,0,OneNet,False,0.15,0.9,>
Leaf354||Leaf90,4,0,OneNet,False,0.0,0.9,>
Leaf357||Leaf371,4,0,OneNet,False,0.0222222222222222,0.9,>
Leaf357||Leaf391,4,0,OneNet,False,0.572222222222222,0.9,>
Leaf357||Leaf83,4,0,OneNet,False,0.616666666666667,0.9,>
Leaf359||Leaf391,4,0,OneNet,False,0.1,0.9,>
Leaf359||Leaf427,4,0,OneNet,False,0.105555555555556,0.9,>
Leaf359||Leaf88,4,0,OneNet,False,0.0833333333333333,0.9,>
Leaf363||Leaf371,4,0,OneNet,False,0.0888888888888889,0.9,>
Leaf363||Leaf86,4,0,OneNet,False,0.427777777777778,0.9,>
Leaf371||Leaf380,4,0,OneNet,False,0.383333333333333,0.9,>
Leaf371||Leaf391,4,0,OneNet,False,0.383333333333333,0.9,>
Leaf371||Leaf405,4,0,OneNet,False,0.672222222222222,0.9,>
Leaf371||Leaf68,4,1,OneNet,False,0.0277777777777778,0.9,>
Leaf371||Leaf83,4,0,OneNet,False,0.305555555555556,0.9,>
Leaf371||Leaf90,4,0,OneNet,False,0.105555555555556,0.9,>
Leaf380||Leaf405,4,0,OneNet,False,0.15,0.9,>
Leaf380||Leaf83,4,1,OneNet,False,0.0666666666666667,0.9,>
Leaf380||Leaf88,4,0,OneNet,False,0.15,0.9,>
Leaf391||Leaf396,4,0,OneNet,False,0.15,0.9,>
Leaf396||Leaf405,4,0,OneNet,False,0.0666666666666667,0.9,>
Leaf396||Leaf416,4,0,OneNet,False,0.194444444444444,0.9,>
Leaf396||Leaf88,4,0,OneNet,False,0.616666666666667,0.9,>
Leaf405||Leaf416,4,1,OneNet,False,0.116666666666667,0.9,>
Leaf405||Leaf68,4,1,OneNet,False,0.0,0.9,>
Leaf416||Leaf420,4,1,OneNet,False,0.0055555555555555,0.9,>
Leaf416||Leaf5,4,1,OneNet,False,0.161111111111111,0.9,>
Leaf420||Leaf83,4,0,OneNet,False,0.133333333333333,0.9,>
Leaf420||Leaf86,4,0,OneNet,False,0.0666666666666667,0.9,>
Leaf427||Leaf86,4,0,OneNet,False,0.338888888888889,0.9,>
Leaf427||Leaf90,4,0,OneNet,False,0.0,0.9,>
Leaf443||Leaf83,4,0,OneNet,False,0.0388888888888889,0.9,>
Leaf68||Leaf70,4,0,OneNet,False,0.294444444444444,0.9,>
Leaf70||Leaf83,4,0,OneNet,False,0.627777777777778,0.9,>
Leaf86||Leaf88,4,1,OneNet,False,0.277777777777778,0.9,>
Leaf141||Leaf160,5,0,LENS,False,0.1574921134901791,0.521373242578701,>=
Leaf141||Leaf359,5,0,LENS,False,0.3124861967675352,0.521373242578701,>=
Leaf141||Leaf416,5,0,LENS,False,0.1735205770275774,0.521373242578701,>=
Leaf145||Leaf183,5,0,LENS,False,0.4106282270836677,0.521373242578701,>=
Leaf145||Leaf187,5,0,LENS,True,0.6938979728666301,0.521373242578701,>=
Leaf145||Leaf203,5,1,LENS,True,0.820022324899774,0.521373242578701,>=
Leaf145||Leaf222,5,0,LENS,True,0.7043739891541464,0.521373242578701,>=
Leaf145||Leaf225,5,0,LENS,True,0.7513618172233428,0.521373242578701,>=
Leaf145||Leaf263,5,0,LENS,True,0.6077769993388122,0.521373242578701,>=
Leaf145||Leaf285,5,0,LENS,True,0.6392001475508577,0.521373242578701,>=
Leaf145||Leaf33,5,1,LENS,False,0.5197563448603494,0.521373242578701,>=
Leaf145||Leaf337,5,0,LENS,True,0.7524749340615211,0.521373242578701,>=
Leaf145||Leaf344,5,0,LENS,True,0.6951110145421938,0.521373242578701,>=
Leaf145||Leaf351,5,0,LENS,True,0.6257342207019105,0.521373242578701,>=
Leaf145||Leaf396,5,0,LENS,True,0.5917297838497185,0.521373242578701,>=
Leaf145||Leaf70,5,0,LENS,True,0.6210168292571818,0.521373242578701,>=
Leaf145||Leaf83,5,0,LENS,True,0.5698918253804337,0.521373242578701,>=
Leaf145||Leaf86,5,0,LENS,True,0.6248088100196484,0.521373242578701,>=
Leaf145||Leaf88,5,1,LENS,True,0.543192019453595,0.521373242578701,>=
Leaf160||Leaf183,5,0,LENS,False,0.3436665977932089,0.521373242578701,>=
Leaf160||Leaf222,5,0,LENS,False,0.0726830465989296,0.521373242578701,>=
Leaf160||Leaf344,5,1,LENS,False,0.167924383563764,0.521373242578701,>=
Leaf160||Leaf371,5,0,LENS,False,0.048035648790952,0.521373242578701,>=
Leaf160||Leaf391,5,0,LENS,True,0.5301326059856115,0.521373242578701,>=
Leaf160||Leaf420,5,0,LENS,True,0.7386025685358774,0.521373242578701,>=
Leaf160||Leaf427,5,0,LENS,False,0.0778952947558819,0.521373242578701,>=
Leaf160||Leaf443,5,0,LENS,False,0.1206094892318457,0.521373242578701,>=
Leaf160||Leaf70,5,0,LENS,False,0.0630056612255053,0.521373242578701,>=
Leaf160||Leaf90,5,0,LENS,False,0.4644582723929037,0.521373242578701,>=
Leaf176||Leaf344,5,0,LENS,False,0.1398180199021059,0.521373242578701,>=
Leaf176||Leaf420,5,0,LENS,True,0.733626028930028,0.521373242578701,>=
Leaf177||Leaf203,5,0,LENS,True,0.6351701683158887,0.521373242578701,>=
Leaf177||Leaf265,5,0,LENS,True,0.6652586416793997,0.521373242578701,>=
Leaf177||Leaf88,5,0,LENS,True,0.6613930745249151,0.521373242578701,>=
Leaf183||Leaf233,5,0,LENS,True,0.590678508483742,0.521373242578701,>=
Leaf183||Leaf262,5,0,LENS,True,0.6076950921428802,0.521373242578701,>=
Leaf183||Leaf285,5,0,LENS,False,0.2437974248639152,0.521373242578701,>=
Leaf183||Leaf359,5,0,LENS,False,0.454054860385133,0.521373242578701,>=
Leaf183||Leaf371,5,0,LENS,False,0.3668799597330098,0.521373242578701,>=
Leaf183||Leaf416,5,0,LENS,False,0.2776017973463322,0.521373242578701,>=
Leaf187||Leaf203,5,1,LENS,True,0.7625077219239824,0.521373242578701,>=
Leaf187||Leaf231,5,1,LENS,True,0.6002690062646558,0.521373242578701,>=
Leaf187||Leaf265,5,1,LENS,False,0.361569580697742,0.521373242578701,>=
Leaf187||Leaf285,5,0,LENS,False,0.1807624595735933,0.521373242578701,>=
Leaf187||Leaf33,5,0,LENS,False,0.1145495396799168,0.521373242578701,>=
Leaf187||Leaf405,5,0,LENS,False,0.4457661562858054,0.521373242578701,>=
Leaf187||Leaf420,5,1,LENS,True,0.7750129709031208,0.521373242578701,>=
Leaf187||Leaf88,5,0,LENS,False,0.0926222764540824,0.521373242578701,>=
Leaf189||Leaf233,5,0,LENS,True,0.7500213190368833,0.521373242578701,>=
Leaf189||Leaf420,5,0,LENS,True,0.6017368924566047,0.521373242578701,>=
Leaf189||Leaf88,5,0,LENS,False,0.1198170238146961,0.521373242578701,>=
Leaf2||Leaf233,5,1,LENS,True,0.6354007732949213,0.521373242578701,>=
Leaf2||Leaf262,5,0,LENS,True,0.6681557860550627,0.521373242578701,>=
Leaf2||Leaf285,5,0,LENS,False,0.1622714316072367,0.521373242578701,>=
Leaf2||Leaf344,5,0,LENS,False,0.1636398423611244,0.521373242578701,>=
Leaf2||Leaf420,5,0,LENS,True,0.657011450316491,0.521373242578701,>=
Leaf202||Leaf262,5,0,LENS,True,0.7395191523617487,0.521373242578701,>=
Leaf202||Leaf33,5,0,LENS,False,0.4634516054624779,0.521373242578701,>=
Leaf202||Leaf359,5,0,LENS,True,0.8079096996930079,0.521373242578701,>=
Leaf202||Leaf416,5,0,LENS,True,0.6625219612880453,0.521373242578701,>=
Leaf203||Leaf233,5,1,LENS,True,0.7606245738297182,0.521373242578701,>=
Leaf203||Leaf324,5,0,LENS,True,0.6853030563479017,0.521373242578701,>=
Leaf203||Leaf380,5,0,LENS,True,0.5756028195584177,0.521373242578701,>=
Leaf203||Leaf396,5,0,LENS,True,0.7314969834428052,0.521373242578701,>=
Leaf203||Leaf427,5,0,LENS,True,0.5931968646351912,0.521373242578701,>=
Leaf203||Leaf443,5,0,LENS,True,0.6599996945509874,0.521373242578701,>=
Leaf203||Leaf5,5,0,LENS,True,0.6441307354993452,0.521373242578701,>=
Leaf220||Leaf288,5,0,LENS,False,0.0861061084671709,0.521373242578701,>=
Leaf220||Leaf344,5,1,LENS,False,0.1553350761499362,0.521373242578701,>=
Leaf220||Leaf86,5,0,LENS,True,0.6190135373751697,0.521373242578701,>=
Leaf222||Leaf262,5,1,LENS,True,0.7755151379881454,0.521373242578701,>=
Leaf222||Leaf265,5,0,LENS,False,0.3470742810589884,0.521373242578701,>=
Leaf222||Leaf288,5,0,LENS,False,0.113827780141571,0.521373242578701,>=
Leaf222||Leaf416,5,0,LENS,False,0.4042163175163517,0.521373242578701,>=
Leaf222||Leaf90,5,0,LENS,False,0.4759082736548428,0.521373242578701,>=
Leaf225||Leaf344,5,0,LENS,False,0.1748879516812871,0.521373242578701,>=
Leaf225||Leaf359,5,0,LENS,False,0.1180355719979826,0.521373242578701,>=
Leaf231||Leaf288,5,0,LENS,True,0.654009759307826,0.521373242578701,>=
Leaf231||Leaf3,5,0,LENS,True,0.6562477905681284,0.521373242578701,>=
Leaf231||Leaf344,5,0,LENS,True,0.6658642515323242,0.521373242578701,>=
Leaf231||Leaf351,5,1,LENS,False,0.4046840124297708,0.521373242578701,>=
Leaf231||Leaf405,5,0,LENS,False,0.4145866650135106,0.521373242578701,>=
Leaf231||Leaf427,5,0,LENS,True,0.6163613387142435,0.521373242578701,>=
Leaf231||Leaf5,5,0,LENS,True,0.6373764680330078,0.521373242578701,>=
Leaf231||Leaf70,5,1,LENS,True,0.5816867164747019,0.521373242578701,>=
Leaf231||Leaf83,5,1,LENS,True,0.579534709273071,0.521373242578701,>=
Leaf233||Leaf344,5,0,LENS,True,0.5673451036610636,0.521373242578701,>=
Leaf233||Leaf354,5,0,LENS,True,0.6655083211748811,0.521373242578701,>=
Leaf233||Leaf359,5,1,LENS,True,0.8381603953555676,0.521373242578701,>=
Leaf233||Leaf68,5,0,LENS,True,0.6671647833205866,0.521373242578701,>=
Leaf233||Leaf70,5,1,LENS,True,0.676068954274459,0.521373242578701,>=
Leaf233||Leaf82,5,0,LENS,True,0.6176618807788761,0.521373242578701,>=
Leaf233||Leaf88,5,1,LENS,True,0.7366251255584942,0.521373242578701,>=
Leaf234||Leaf288,5,0,LENS,False,0.0706079440715842,0.521373242578701,>=
Leaf234||Leaf405,5,0,LENS,False,0.3872478609731625,0.521373242578701,>=
Leaf234||Leaf416,5,0,LENS,False,0.3803311476450092,0.521373242578701,>=
Leaf234||Leaf68,5,0,LENS,True,0.7052289176741237,0.521373242578701,>=
Leaf242||Leaf416,5,0,LENS,False,0.3100310036972348,0.521373242578701,>=
Leaf26||Leaf334,5,0,LENS,False,0.4571569379177005,0.521373242578701,>=
Leaf26||Leaf371,5,0,LENS,False,0.3846533617721344,0.521373242578701,>=
Leaf26||Leaf86,5,0,LENS,False,0.489521559157472,0.521373242578701,>=
Leaf262||Leaf33,5,0,LENS,True,0.6339830575242078,0.521373242578701,>=
Leaf262||Leaf354,5,0,LENS,False,0.4248802177832508,0.521373242578701,>=
Leaf262||Leaf41,5,0,LENS,True,0.7324062918914614,0.521373242578701,>=
Leaf262||Leaf416,5,0,LENS,True,0.6550143885977218,0.521373242578701,>=
Leaf262||Leaf5,5,0,LENS,True,0.5466283905416622,0.521373242578701,>=
Leaf262||Leaf82,5,0,LENS,True,0.5359035644931892,0.521373242578701,>=
Leaf263||Leaf265,5,0,LENS,False,0.3420585512546019,0.521373242578701,>=
Leaf263||Leaf359,5,0,LENS,False,0.1163613862582642,0.521373242578701,>=
Leaf263||Leaf405,5,0,LENS,False,0.3933906919636561,0.521373242578701,>=
Leaf263||Leaf420,5,0,LENS,True,0.734184863671158,0.521373242578701,>=
Leaf263||Leaf68,5,0,LENS,True,0.5929562934491369,0.521373242578701,>=
Leaf265||Leaf285,5,0,LENS,False,0.2183703136045306,0.521373242578701,>=
Leaf265||Leaf3,5,0,LENS,False,0.2496580991352354,0.521373242578701,>=
Leaf265||Leaf351,5,0,LENS,False,0.464098873517974,0.521373242578701,>=
Leaf265||Leaf416,5,1,LENS,False,0.2252527988042547,0.521373242578701,>=
Leaf265||Leaf70,5,1,LENS,False,0.3450747968135645,0.521373242578701,>=
Leaf281||Leaf359,5,0,LENS,False,0.3057237870928804,0.521373242578701,>=
Leaf281||Leaf420,5,0,LENS,True,0.5580124598278396,0.521373242578701,>=
Leaf281||Leaf90,5,0,LENS,False,0.3811199156402293,0.521373242578701,>=
Leaf285||Leaf324,5,0,LENS,False,0.1689567147178403,0.521373242578701,>=
Leaf285||Leaf334,5,0,LENS,False,0.2844645814550219,0.521373242578701,>=
Leaf285||Leaf354,5,0,LENS,False,0.4481239745564925,0.521373242578701,>=
Leaf285||Leaf371,5,0,LENS,False,0.257726378696564,0.521373242578701,>=
Leaf285||Leaf41,5,0,LENS,False,0.1695306932085023,0.521373242578701,>=
Leaf285||Leaf83,5,0,LENS,False,0.1157837842101099,0.521373242578701,>=
Leaf285||Leaf90,5,0,LENS,False,0.4685845008155502,0.521373242578701,>=
Leaf288||Leaf336,5,0,LENS,True,0.6819328260708948,0.521373242578701,>=
Leaf288||Leaf359,5,0,LENS,False,0.109675871496565,0.521373242578701,>=
Leaf288||Leaf420,5,0,LENS,True,0.6207396867721641,0.521373242578701,>=
Leaf3||Leaf344,5,0,LENS,False,0.1763652538035961,0.521373242578701,>=
Leaf3||Leaf359,5,0,LENS,False,0.3145688876717615,0.521373242578701,>=
Leaf3||Leaf86,5,0,LENS,True,0.5694919363057042,0.521373242578701,>=
Leaf3||Leaf90,5,0,LENS,False,0.4104944835523565,0.521373242578701,>=
Leaf324||Leaf359,5,0,LENS,False,0.2464707972968518,0.521373242578701,>=
Leaf324||Leaf371,5,0,LENS,False,0.1865931535976518,0.521373242578701,>=
Leaf324||Leaf391,5,0,LENS,False,0.433678564628788,0.521373242578701,>=
Leaf324||Leaf68,5,1,LENS,True,0.7585337155456647,0.521373242578701,>=
Leaf33||Leaf337,5,0,LENS,False,0.0980498083261856,0.521373242578701,>=
Leaf33||Leaf371,5,0,LENS,False,0.0966067219813722,0.521373242578701,>=
Leaf33||Leaf405,5,0,LENS,False,0.353639152069686,0.521373242578701,>=
Leaf33||Leaf41,5,0,LENS,False,0.1298854539883434,0.521373242578701,>=
Leaf33||Leaf70,5,0,LENS,False,0.0878626281366212,0.521373242578701,>=
Leaf33||Leaf82,5,0,LENS,True,0.5440422697274521,0.521373242578701,>=
Leaf334||Leaf405,5,0,LENS,True,0.5234298029227299,0.521373242578701,>=
Leaf334||Leaf416,5,1,LENS,True,0.5860378088234879,0.521373242578701,>=
Leaf334||Leaf68,5,0,LENS,True,0.694146749723857,0.521373242578701,>=
Leaf336||Leaf371,5,0,LENS,True,0.5557575692311469,0.521373242578701,>=
Leaf336||Leaf416,5,0,LENS,True,0.624524375322425,0.521373242578701,>=
Leaf336||Leaf68,5,0,LENS,True,0.671619258036505,0.521373242578701,>=
Leaf337||Leaf344,5,0,LENS,False,0.1790008047235172,0.521373242578701,>=
Leaf337||Leaf359,5,0,LENS,False,0.1182880768785692,0.521373242578701,>=
Leaf337||Leaf371,5,0,LENS,False,0.0914885973201008,0.521373242578701,>=
Leaf337||Leaf405,5,0,LENS,False,0.3873874270002154,0.521373242578701,>=
Leaf344||Leaf380,5,0,LENS,False,0.1023225938673816,0.521373242578701,>=
Leaf344||Leaf68,5,0,LENS,True,0.570753779623059,0.521373242578701,>=
Leaf344||Leaf70,5,0,LENS,False,0.2085605792148976,0.521373242578701,>=
Leaf344||Leaf82,5,0,LENS,True,0.5913952172912745,0.521373242578701,>=
Leaf344||Leaf83,5,0,LENS,False,0.413453058374695,0.521373242578701,>=
Leaf344||Leaf88,5,0,LENS,False,0.1457595322907002,0.521373242578701,>=
Leaf351||Leaf391,5,0,LENS,False,0.4851731038170822,0.521373242578701,>=
Leaf351||Leaf420,5,0,LENS,True,0.5991500604575335,0.521373242578701,>=
Leaf351||Leaf90,5,0,LENS,False,0.3490616209817017,0.521373242578701,>=
Leaf354||Leaf371,5,0,LENS,False,0.4687645844432168,0.521373242578701,>=
Leaf354||Leaf391,5,0,LENS,False,0.4172670509151039,0.521373242578701,>=
Leaf354||Leaf416,5,0,LENS,True,0.5955016368147601,0.521373242578701,>=
Leaf354||Leaf83,5,1,LENS,False,0.3018573142366423,0.521373242578701,>=
Leaf357||Leaf416,5,0,LENS,False,0.4241629796634545,0.521373242578701,>=
Leaf357||Leaf86,5,0,LENS,False,0.4766208991858589,0.521373242578701,>=
Leaf359||Leaf443,5,0,LENS,False,0.2074255800995853,0.521373242578701,>=
Leaf359||Leaf82,5,0,LENS,False,0.5012536738248216,0.521373242578701,>=
Leaf363||Leaf68,5,0,LENS,True,0.735682733538799,0.521373242578701,>=
Leaf363||Leaf88,5,0,LENS,False,0.0658804314838653,0.521373242578701,>=
Leaf380||Leaf90,5,0,LENS,False,0.3045522793732774,0.521373242578701,>=
Leaf391||Leaf420,5,0,LENS,True,0.6233965366217781,0.521373242578701,>=
Leaf391||Leaf427,5,0,LENS,False,0.5147412994922604,0.521373242578701,>=
Leaf391||Leaf5,5,0,LENS,False,0.5026372292905794,0.521373242578701,>=
Leaf391||Leaf82,5,0,LENS,False,0.3986529986540826,0.521373242578701,>=
Leaf391||Leaf83,5,0,LENS,False,0.4570295805054843,0.521373242578701,>=
Leaf396||Leaf86,5,0,LENS,False,0.4913446884457063,0.521373242578701,>=
Leaf396||Leaf90,5,0,LENS,False,0.397349248021905,0.521373242578701,>=
Leaf405||Leaf86,5,0,LENS,False,0.4023774088621172,0.521373242578701,>=
Leaf405||Leaf88,5,0,LENS,False,0.5111548865529728,0.521373242578701,>=
Leaf405||Leaf90,5,0,LENS,False,0.286268117648684,0.521373242578701,>=
Leaf41||Leaf416,5,0,LENS,False,0.3657819427455041,0.521373242578701,>=
Leaf41||Leaf83,5,0,LENS,False,0.2431645574229543,0.521373242578701,>=
Leaf41||Leaf86,5,0,LENS,False,0.4953436893625942,0.521373242578701,>=
Leaf416||Leaf443,5,0,LENS,False,0.3869307339233357,0.521373242578701,>=
Leaf420||Leaf443,5,0,LENS,True,0.7103041700813068,0.521373242578701,>=
Leaf420||Leaf82,5,0,LENS,True,0.800515182116781,0.521373242578701,>=
Leaf443||Leaf68,5,0,LENS,True,0.8312716502414644,0.521373242578701,>=
Leaf5||Leaf68,5,0,LENS,True,0.8380440929282803,0.521373242578701,>=
Leaf68||Leaf86,5,1,LENS,True,0.5812106076285787,0.521373242578701,>=
Leaf68||Leaf90,5,0,LENS,False,0.3997702410128786,0.521373242578701,>=
Leaf82||Leaf86,5,0,LENS,False,0.4746403872652141,0.521373242578701,>=
Leaf83||Leaf88,5,0,LENS,False,0.2493555842083012,0.521373242578701,>=
Leaf83||Leaf90,5,0,LENS,False,0.287467641011368,0.521373242578701,>=
Leaf141||Leaf160,5,0,OneNet,False,0.361111111111111,0.9,>
Leaf141||Leaf359,5,0,OneNet,False,0.177777777777778,0.9,>
Leaf141||Leaf416,5,0,OneNet,False,0.605555555555556,0.9,>
Leaf145||Leaf183,5,0,OneNet,False,0.622222222222222,0.9,>
Leaf145||Leaf187,5,0,OneNet,False,0.0444444444444444,0.9,>
Leaf145||Leaf203,5,1,OneNet,False,0.05,0.9,>
Leaf145||Leaf222,5,0,OneNet,False,0.1,0.9,>
Leaf145||Leaf225,5,0,OneNet,False,0.105555555555556,0.9,>
Leaf145||Leaf263,5,0,OneNet,False,0.238888888888889,0.9,>
Leaf145||Leaf285,5,0,OneNet,False,0.0,0.9,>
Leaf145||Leaf33,5,1,OneNet,False,0.111111111111111,0.9,>
Leaf145||Leaf337,5,0,OneNet,False,0.0055555555555555,0.9,>
Leaf145||Leaf344,5,0,OneNet,False,0.0111111111111111,0.9,>
Leaf145||Leaf351,5,0,OneNet,False,0.0333333333333333,0.9,>
Leaf145||Leaf396,5,0,OneNet,False,0.0833333333333333,0.9,>
Leaf145||Leaf70,5,0,OneNet,False,0.0888888888888889,0.9,>
Leaf145||Leaf83,5,0,OneNet,False,0.611111111111111,0.9,>
Leaf145||Leaf86,5,0,OneNet,False,0.0111111111111111,0.9,>
Leaf145||Leaf88,5,1,OneNet,False,0.155555555555556,0.9,>
Leaf160||Leaf183,5,0,OneNet,False,0.0111111111111111,0.9,>
Leaf160||Leaf222,5,0,OneNet,False,0.0333333333333333,0.9,>
Leaf160||Leaf344,5,1,OneNet,False,0.0666666666666667,0.9,>
Leaf160||Leaf371,5,0,OneNet,False,0.638888888888889,0.9,>
Leaf160||Leaf391,5,0,OneNet,False,0.0166666666666667,0.9,>
Leaf160||Leaf420,5,0,OneNet,False,0.0222222222222222,0.9,>
Leaf160||Leaf427,5,0,OneNet,False,0.116666666666667,0.9,>
Leaf160||Leaf443,5,0,OneNet,False,0.0777777777777778,0.9,>
Leaf160||Leaf70,5,0,OneNet,False,0.0777777777777778,0.9,>
Leaf160||Leaf90,5,0,OneNet,False,0.0444444444444444,0.9,>
Leaf176||Leaf344,5,0,OneNet,False,0.611111111111111,0.9,>
Leaf176||Leaf420,5,0,OneNet,False,0.0055555555555555,0.9,>
Leaf177||Leaf203,5,0,OneNet,False,0.15,0.9,>
Leaf177||Leaf265,5,0,OneNet,False,0.0,0.9,>
Leaf177||Leaf88,5,0,OneNet,False,0.0277777777777778,0.9,>
Leaf183||Leaf233,5,0,OneNet,False,0.144444444444444,0.9,>
Leaf183||Leaf262,5,0,OneNet,False,0.0333333333333333,0.9,>
Leaf183||Leaf285,5,0,OneNet,False,0.0111111111111111,0.9,>
Leaf183||Leaf359,5,0,OneNet,False,0.0277777777777778,0.9,>
Leaf183||Leaf371,5,0,OneNet,False,0.0,0.9,>
Leaf183||Leaf416,5,0,OneNet,False,0.0166666666666667,0.9,>
Leaf187||Leaf203,5,1,OneNet,False,0.111111111111111,0.9,>
Leaf187||Leaf231,5,1,OneNet,False,0.0,0.9,>
Leaf187||Leaf265,5,1,OneNet,False,0.111111111111111,0.9,>
Leaf187||Leaf285,5,0,OneNet,False,0.0166666666666667,0.9,>
Leaf187||Leaf33,5,0,OneNet,False,0.122222222222222,0.9,>
Leaf187||Leaf405,5,0,OneNet,False,0.0777777777777778,0.9,>
Leaf187||Leaf420,5,1,OneNet,False,0.0166666666666667,0.9,>
Leaf187||Leaf88,5,0,OneNet,False,0.0666666666666667,0.9,>
Leaf189||Leaf233,5,0,OneNet,False,0.0111111111111111,0.9,>
Leaf189||Leaf420,5,0,OneNet,False,0.0555555555555556,0.9,>
Leaf189||Leaf88,5,0,OneNet,False,0.544444444444444,0.9,>
Leaf2||Leaf233,5,1,OneNet,False,0.0222222222222222,0.9,>
Leaf2||Leaf262,5,0,OneNet,False,0.0722222222222222,0.9,>
Leaf2||Leaf285,5,0,OneNet,False,0.177777777777778,0.9,>
Leaf2||Leaf344,5,0,OneNet,False,0.0222222222222222,0.9,>
Leaf2||Leaf420,5,0,OneNet,False,0.0166666666666667,0.9,>
Leaf202||Leaf262,5,0,OneNet,False,0.266666666666667,0.9,>
Leaf202||Leaf33,5,0,OneNet,False,0.377777777777778,0.9,>
Leaf202||Leaf359,5,0,OneNet,False,0.0166666666666667,0.9,>
Leaf202||Leaf416,5,0,OneNet,False,0.05,0.9,>
Leaf203||Leaf233,5,1,OneNet,False,0.0388888888888889,0.9,>
Leaf203||Leaf324,5,0,OneNet,False,0.0111111111111111,0.9,>
Leaf203||Leaf380,5,0,OneNet,False,0.166666666666667,0.9,>
Leaf203||Leaf396,5,0,OneNet,False,0.0,0.9,>
Leaf203||Leaf427,5,0,OneNet,False,0.0888888888888889,0.9,>
Leaf203||Leaf443,5,0,OneNet,False,0.0166666666666667,0.9,>
Leaf203||Leaf5,5,0,OneNet,False,0.233333333333333,0.9,>
Leaf220||Leaf288,5,0,OneNet,False,0.0222222222222222,0.9,>
Leaf220||Leaf344,5,1,OneNet,False,0.0666666666666667,0.9,>
Leaf220||Leaf86,5,0,OneNet,False,0.6,0.9,>
Leaf222||Leaf262,5,1,OneNet,False,0.4,0.9,>
Leaf222||Leaf265,5,0,OneNet,False,0.0,0.9,>
Leaf222||Leaf288,5,0,OneNet,False,0.172222222222222,0.9,>
Leaf222||Leaf416,5,0,OneNet,False,0.261111111111111,0.9,>
Leaf222||Leaf90,5,0,OneNet,False,0.0,0.9,>
Leaf225||Leaf344,5,0,OneNet,False,0.266666666666667,0.9,>
Leaf225||Leaf359,5,0,OneNet,False,0.0611111111111111,0.9,>
Leaf231||Leaf288,5,0,OneNet,False,0.0166666666666667,0.9,>
Leaf231||Leaf3,5,0,OneNet,False,0.0,0.9,>
Leaf231||Leaf344,5,0,OneNet,False,0.0055555555555555,0.9,>
Leaf231||Leaf351,5,1,OneNet,False,0.622222222222222,0.9,>
Leaf231||Leaf405,5,0,OneNet,False,0.0555555555555556,0.9,>
Leaf231||Leaf427,5,0,OneNet,False,0.0055555555555555,0.9,>
Leaf231||Leaf5,5,0,OneNet,False,0.0555555555555556,0.9,>
Leaf231||Leaf70,5,1,OneNet,False,0.155555555555556,0.9,>
Leaf231||Leaf83,5,1,OneNet,False,0.105555555555556,0.9,>
Leaf233||Leaf344,5,0,OneNet,False,0.0888888888888889,0.9,>
Leaf233||Leaf354,5,0,OneNet,False,0.05,0.9,>
Leaf233||Leaf359,5,1,OneNet,False,0.0444444444444444,0.9,>
Leaf233||Leaf68,5,0,OneNet,False,0.0777777777777778,0.9,>
Leaf233||Leaf70,5,1,OneNet,False,0.0944444444444444,0.9,>
Leaf233||Leaf82,5,0,OneNet,False,0.0222222222222222,0.9,>
Leaf233||Leaf88,5,1,OneNet,False,0.0666666666666667,0.9,>
Leaf234||Leaf288,5,0,OneNet,False,0.0111111111111111,0.9,>
Leaf234||Leaf405,5,0,OneNet,False,0.0555555555555556,0.9,>
Leaf234||Leaf416,5,0,OneNet,False,0.0166666666666667,0.9,>
Leaf234||Leaf68,5,0,OneNet,False,0.0111111111111111,0.9,>
Leaf242||Leaf416,5,0,OneNet,False,0.127777777777778,0.9,>
Leaf26||Leaf334,5,0,OneNet,False,0.0333333333333333,0.9,>
Leaf26||Leaf371,5,0,OneNet,False,0.0333333333333333,0.9,>
Leaf26||Leaf86,5,0,OneNet,False,0.0166666666666667,0.9,>
Leaf262||Leaf33,5,0,OneNet,False,0.0277777777777778,0.9,>
Leaf262||Leaf354,5,0,OneNet,False,0.127777777777778,0.9,>
Leaf262||Leaf41,5,0,OneNet,False,0.0055555555555555,0.9,>
Leaf262||Leaf416,5,0,OneNet,False,0.0277777777777778,0.9,>
Leaf262||Leaf5,5,0,OneNet,False,0.138888888888889,0.9,>
Leaf262||Leaf82,5,0,OneNet,False,0.0388888888888889,0.9,>
Leaf263||Leaf265,5,0,OneNet,False,0.0,0.9,>
Leaf263||Leaf359,5,0,OneNet,False,0.772222222222222,0.9,>
Leaf263||Leaf405,5,0,OneNet,False,0.1,0.9,>
Leaf263||Leaf420,5,0,OneNet,False,0.0611111111111111,0.9,>
Leaf263||Leaf68,5,0,OneNet,False,0.194444444444444,0.9,>
Leaf265||Leaf285,5,0,OneNet,False,0.0611111111111111,0.9,>
Leaf265||Leaf3,5,0,OneNet,False,0.0222222222222222,0.9,>
Leaf265||Leaf351,5,0,OneNet,False,0.0055555555555555,0.9,>
Leaf265||Leaf416,5,1,OneNet,False,0.0888888888888889,0.9,>
Leaf265||Leaf70,5,1,OneNet,False,0.216666666666667,0.9,>
Leaf281||Leaf359,5,0,OneNet,False,0.0388888888888889,0.9,>
Leaf281||Leaf420,5,0,OneNet,False,0.0166666666666667,0.9,>
Leaf281||Leaf90,5,0,OneNet,False,0.0111111111111111,0.9,>
Leaf285||Leaf324,5,0,OneNet,False,0.866666666666667,0.9,>
Leaf285||Leaf334,5,0,OneNet,False,0.866666666666667,0.9,>
Leaf285||Leaf354,5,0,OneNet,False,0.0333333333333333,0.9,>
Leaf285||Leaf371,5,0,OneNet,False,0.0722222222222222,0.9,>
Leaf285||Leaf41,5,0,OneNet,False,0.0388888888888889,0.9,>
Leaf285||Leaf83,5,0,OneNet,False,0.416666666666667,0.9,>
Leaf285||Leaf90,5,0,OneNet,False,0.644444444444444,0.9,>
Leaf288||Leaf336,5,0,OneNet,False,0.0055555555555555,0.9,>
Leaf288||Leaf359,5,0,OneNet,False,0.0111111111111111,0.9,>
Leaf288||Leaf420,5,0,OneNet,False,0.05,0.9,>
Leaf3||Leaf344,5,0,OneNet,False,0.0111111111111111,0.9,>
Leaf3||Leaf359,5,0,OneNet,False,0.0722222222222222,0.9,>
Leaf3||Leaf86,5,0,OneNet,False,0.0222222222222222,0.9,>
Leaf3||Leaf90,5,0,OneNet,False,0.0111111111111111,0.9,>
Leaf324||Leaf359,5,0,OneNet,False,0.294444444444444,0.9,>
Leaf324||Leaf371,5,0,OneNet,False,0.116666666666667,0.9,>
Leaf324||Leaf391,5,0,OneNet,False,0.0388888888888889,0.9,>
Leaf324||Leaf68,5,1,OneNet,False,0.0444444444444444,0.9,>
Leaf33||Leaf337,5,0,OneNet,False,0.0277777777777778,0.9,>
Leaf33||Leaf371,5,0,OneNet,False,0.155555555555556,0.9,>
Leaf33||Leaf405,5,0,OneNet,False,0.344444444444444,0.9,>
Leaf33||Leaf41,5,0,OneNet,False,0.0166666666666667,0.9,>
Leaf33||Leaf70,5,0,OneNet,False,0.0277777777777778,0.9,>
Leaf33||Leaf82,5,0,OneNet,False,0.0388888888888889,0.9,>
Leaf334||Leaf405,5,0,OneNet,False,0.1,0.9,>
Leaf334||Leaf416,5,1,OneNet,False,0.205555555555556,0.9,>
Leaf334||Leaf68,5,0,OneNet,False,0.0111111111111111,0.9,>
Leaf336||Leaf371,5,0,OneNet,False,0.0055555555555555,0.9,>
Leaf336||Leaf416,5,0,OneNet,False,0.0111111111111111,0.9,>
Leaf336||Leaf68,5,0,OneNet,False,0.0,0.9,>
Leaf337||Leaf344,5,0,OneNet,False,0.0111111111111111,0.9,>
Leaf337||Leaf359,5,0,OneNet,False,0.211111111111111,0.9,>
Leaf337||Leaf371,5,0,OneNet,False,0.0166666666666667,0.9,>
Leaf337||Leaf405,5,0,OneNet,False,0.161111111111111,0.9,>
Leaf344||Leaf380,5,0,OneNet,False,0.0833333333333333,0.9,>
Leaf344||Leaf68,5,0,OneNet,False,0.0111111111111111,0.9,>
Leaf344||Leaf70,5,0,OneNet,False,0.0722222222222222,0.9,>
Leaf344||Leaf82,5,0,OneNet,False,0.583333333333333,0.9,>
Leaf344||Leaf83,5,0,OneNet,False,0.155555555555556,0.9,>
Leaf344||Leaf88,5,0,OneNet,False,0.2,0.9,>
Leaf351||Leaf391,5,0,OneNet,False,0.144444444444444,0.9,>
Leaf351||Leaf420,5,0,OneNet,False,0.355555555555556,0.9,>
Leaf351||Leaf90,5,0,OneNet,False,0.327777777777778,0.9,>
Leaf354||Leaf371,5,0,OneNet,False,0.172222222222222,0.9,>
Leaf354||Leaf391,5,0,OneNet,False,0.1,0.9,>
Leaf354||Leaf416,5,0,OneNet,False,0.0111111111111111,0.9,>
Leaf354||Leaf83,5,1,OneNet,False,0.0777777777777778,0.9,>
Leaf357||Leaf416,5,0,OneNet,False,0.0388888888888889,0.9,>
Leaf357||Leaf86,5,0,OneNet,False,0.0166666666666667,0.9,>
Leaf359||Leaf443,5,0,OneNet,False,0.361111111111111,0.9,>
Leaf359||Leaf82,5,0,OneNet,False,0.0,0.9,>
Leaf363||Leaf68,5,0,OneNet,False,0.0,0.9,>
Leaf363||Leaf88,5,0,OneNet,False,0.15,0.9,>
Leaf380||Leaf90,5,0,OneNet,False,0.0722222222222222,0.9,>
Leaf391||Leaf420,5,0,OneNet,False,0.0277777777777778,0.9,>
Leaf391||Leaf427,5,0,OneNet,False,0.266666666666667,0.9,>
Leaf391||Leaf5,5,0,OneNet,False,0.0111111111111111,0.9,>
Leaf391||Leaf82,5,0,OneNet,False,0.0444444444444444,0.9,>
Leaf391||Leaf83,5,0,OneNet,False,0.894444444444444,0.9,>
Leaf396||Leaf86,5,0,OneNet,False,0.0333333333333333,0.9,>
Leaf396||Leaf90,5,0,OneNet,False,0.0055555555555555,0.9,>
Leaf405||Leaf86,5,0,OneNet,False,0.216666666666667,0.9,>
Leaf405||Leaf88,5,0,OneNet,False,0.0,0.9,>
Leaf405||Leaf90,5,0,OneNet,False,0.144444444444444,0.9,>
Leaf41||Leaf416,5,0,OneNet,False,0.0388888888888889,0.9,>
Leaf41||Leaf83,5,0,OneNet,False,0.0222222222222222,0.9,>
Leaf41||Leaf86,5,0,OneNet,False,0.0833333333333333,0.9,>
Leaf416||Leaf443,5,0,OneNet,False,0.0277777777777778,0.9,>
Leaf420||Leaf443,5,0,OneNet,False,0.0333333333333333,0.9,>
Leaf420||Leaf82,5,0,OneNet,False,0.0666666666666667,0.9,>
Leaf443||Leaf68,5,0,OneNet,False,0.0111111111111111,0.9,>
Leaf5||Leaf68,5,0,OneNet,False,0.0222222222222222,0.9,>
Leaf68||Leaf86,5,1,OneNet,False,0.0111111111111111,0.9,>
Leaf68||Leaf90,5,0,OneNet,False,0.316666666666667,0.9,>
Leaf82||Leaf86,5,0,OneNet,False,0.388888888888889,0.9,>
Leaf83||Leaf88,5,0,OneNet,False,0.0333333333333333,0.9,>
Leaf83||Leaf90,5,0,OneNet,False,0.0277777777777778,0.9,>
