"taxon_1","taxon_2","pln_score_percentile","glmnet_score_percentile","sparcc_score_percentile","direct_prevalence_min","direct_prevalence_max","direct_joint_prevalence","direct_presence_jaccard","presence_phi_abs","presence_log_odds_abs","spearman_all_abs","spearman_copresent_abs","log_ratio_variance","abundance_contrast_min","abundance_contrast_max"
"Leaf141","Leaf145",0.5003367003367,0.481144781144781,0.556228956228956,0.5625,1,0.5625,0.5625,0,0.246133069538909,0.0310908610774518,0.131347780994281,6.85959107618079,0.0195603760331789,0.0195603760331789
"Leaf141","Leaf160",0.5003367003367,0.481144781144781,0.691582491582492,0.1875,0.5625,0.125,0.2,0.1008712554448,0.468757005356885,0.228264987240677,0.714285714285714,4.11926343532514,0.404200746034411,0.610165291170357
"Leaf141","Leaf203",0.5003367003367,0.481144781144781,0.55959595959596,0.5625,1,0.5625,0.5625,0,0.246133069538909,0.00204410865896209,0.242049005782,3.69130809084545,0.205491588013363,0.205491588013363
"Leaf141","Leaf231",0.5003367003367,0.481144781144781,0.57037037037037,0.5625,0.9375,0.5,0.5,0.227710017021324,1.81528996663825,0.0470374822645541,0.121413804276845,9.57425611970512,0.0939244808845401,0.493028068820145
"Leaf141","Leaf233",0.5003367003367,0.481144781144781,0.585858585858586,0.5625,1,0.5625,0.5625,0,0.246133069538909,0.0722858769819361,0.340212285198302,5.02900020196816,0.0373693859799104,0.0373693859799104
"Leaf141","Leaf262",0.5003367003367,0.481144781144781,0.260606060606061,0.5625,0.958333333333333,0.520833333333333,0.520833333333333,0.183892428122457,1.43881239540334,0.0100146416303542,0.0106693593484462,9.54123134024151,0.00778494017621048,0.345393959370109
"Leaf141","Leaf265",0.5003367003367,0.481144781144781,0.0888888888888889,0.5625,0.708333333333333,0.395833333333333,0.452380952380952,0.0115493154779207,0.0386895449501792,0.0398595626525449,0.176473111532689,9.72723345156503,0.0820116393842921,0.11893201701986
"Leaf141","Leaf285",0.5003367003367,0.481144781144781,0.530639730639731,0.5625,0.625,0.375,0.461538461538462,0.0975900072948533,0.392042087776024,0.0126330960166189,0.16118378228108,8.59386961136561,0.094689941770612,0.139648995458922
"Leaf141","Leaf288",0.5003367003367,0.481144781144781,0.273400673400673,0.25,0.5625,0.145833333333333,0.21875,0.0242464322484436,0.093090423066012,0.0492834851148515,0.178571428571429,5.0994847348326,0.00637896400866868,0.105435877790568
"Leaf141","Leaf33",0.5003367003367,0.481144781144781,0.728619528619529,0.354166666666667,0.5625,0.1875,0.257142857142857,0.0493931731278727,0.203855411529671,0.0634889901608359,0.630274355112013,6.85415794018494,0.0569028177759208,0.114546855710519
"Leaf141","Leaf334",0.5003367003367,0.481144781144781,0.639057239057239,0.1875,0.5625,0.104166666666667,0.161290322580645,0.00672475036298669,0.0506437328187549,0.0095531820400979,0.223606797749979,3.96871631711513,0.0167507437627421,0.160418789626397
"Leaf141","Leaf344",0.5003367003367,0.481144781144781,0.573737373737374,0.479166666666667,0.5625,0.25,0.31578947368421,0.07881104062391,0.306083157822672,0.0474458683808535,0.483045891539648,7.43763922547435,0.135002261148427,0.135020088894547
"Leaf141","Leaf359",0.5003367003367,0.481144781144781,0.292255892255892,0.0416666666666667,0.5625,0.0416666666666667,0.0740740740740741,0.183892428122457,1.43881239540334,0.2344119466256,NA,2.96486776864329,0.385191275722372,1.03360602704321
"Leaf141","Leaf371",0.5003367003367,0.481144781144781,0.812121212121212,0.25,0.5625,0.166666666666667,0.258064516129032,0.121232161242218,0.527775182079764,0.186343844097139,0.218185825304479,5.25504204296069,0.248306632154332,0.408946761680194
"Leaf141","Leaf391",0.5003367003367,0.481144781144781,0.54949494949495,0.5625,0.8125,0.458333333333333,0.5,0.00672475036298669,0.0506437328187549,0.0540245924662375,0.114311058558475,9.15002536363573,0.0116386194311252,0.0923835230957591
"Leaf141","Leaf405",0.5003367003367,0.481144781144781,0.163636363636364,0.5625,0.854166666666667,0.458333333333333,0.478260869565217,0.126426378671729,0.645356516723597,0.0639513544755721,0.336303221396018,11.800945881778,0.194124508489773,0.295415614348582
"Leaf141","Leaf416",0.5003367003367,0.481144781144781,0.981818181818182,0.5625,0.708333333333333,0.375,0.418604651162791,0.103943839301286,0.432133355190326,0.267336106332202,0.250415550895952,7.77320140315938,0.470246634801278,0.475593461973465
"Leaf141","Leaf420",0.5003367003367,0.481144781144781,0.878114478114478,0.5625,1,0.5625,0.5625,0,0.246133069538909,0.0799887770022118,0.0238394684474398,7.44933867054424,0.324440461730642,0.324440461730642
"Leaf141","Leaf68",0.5003367003367,0.481144781144781,0.931313131313131,0.5625,1,0.5625,0.5625,0,0.246133069538909,0.157737051516574,0.0916526095591308,3.60377790209236,0.380897431707193,0.380897431707193
"Leaf141","Leaf83",0.5003367003367,0.976430976430976,0.583164983164983,0.5625,0.6875,0.416666666666667,0.5,0.130243171145171,0.542898343653985,0.114453583200977,0.0815168425763002,9.46289874596804,0.106184858996833,0.34529927539216
"Leaf141","Leaf86",0.5003367003367,0.481144781144781,0.21952861952862,0.5625,0.895833333333333,0.5,0.521739130434783,0.0257769631113234,0.108213584640233,0.0797105787090387,0.154999625217034,9.57583167111273,0.0078441680808528,0.124662973619895
"Leaf141","Leaf88",0.5003367003367,0.481144781144781,0.348821548821549,0.3125,0.5625,0.1875,0.272727272727273,0.0509647191437626,0.202558913545826,0.0973918762323611,0.254237288135593,4.92201643702956,0.0682209881152557,0.293453592400264
"Leaf141","Leaf90",0.5003367003367,0.481144781144781,0.884848484848485,0.5625,0.791666666666667,0.4375,0.477272727272727,0.038778336716474,0.161872725921169,0.165054325523292,0.279312665567759,12.0466570224871,0.210395185130991,0.461749775752723
"Leaf145","Leaf160",0.5003367003367,0.481144781144781,0.898316498316498,0.1875,1,0.1875,0.1875,0,1.42500887330058,0.203154139212143,0.0680906549648196,3.82164848957908,0.556857118499741,0.556857118499741
"Leaf145","Leaf176",0.5003367003367,0.481144781144781,0.794612794612795,0.479166666666667,1,0.479166666666667,0.479166666666667,0,0.0816780310142672,0.118446149810594,0.0912981674516401,3.68247653623098,0.232402737838459,0.232402737838459
"Leaf145","Leaf177",0.5003367003367,0.481144781144781,0.946127946127946,1,1,1,1,0,4.57471097850338,0.334699528206109,0.334699528206109,3.73806818747894,NA,NA
"Leaf145","Leaf183",0.5003367003367,0.481144781144781,0.989225589225589,0.708333333333333,1,0.708333333333333,0.708333333333333,0,0.866810674610785,0.512228826395461,0.298363525990283,2.84490295602823,0.893021341602555,0.893021341602555
"Leaf145","Leaf187",0.5003367003367,0.481144781144781,0.491582491582492,0.145833333333333,1,0.145833333333333,0.145833333333333,0,1.71079040669439,0.267066752424988,0.0181848241863327,4.60022912333524,0.603995577494407,0.603995577494407
"Leaf145","Leaf189",0.5003367003367,0.481144781144781,0.638383838383838,0.4375,1,0.4375,0.4375,0,0.246133069538908,0.113569958229371,0.319098169149968,3.86752904848645,0.042067715690308,0.042067715690308
"Leaf145","Leaf2",0.5003367003367,0.481144781144781,0.509090909090909,0.520833333333333,1,0.520833333333333,0.520833333333333,0,0.0816780310142671,0.0926833913369027,0.1188791639964,5.05023604476093,0.223155762777355,0.223155762777355
"Leaf145","Leaf202",0.5003367003367,0.481144781144781,0.856565656565657,1,1,1,1,0,4.57471097850338,0.183160523585664,0.183160523585664,5.49274583180881,NA,NA
"Leaf145","Leaf203",0.5003367003367,0.481144781144781,0.197979797979798,1,1,1,1,0,4.57471097850338,0.0372380851179451,0.0372380851179451,3.85324431499631,NA,NA
"Leaf145","Leaf220",0.5003367003367,0.481144781144781,0.624242424242424,0.0833333333333333,1,0.0833333333333333,0.0833333333333333,0,2.29141179239592,0.192476796678812,0.258198889747161,3.5128216642947,0.465545861561181,0.465545861561181
"Leaf145","Leaf222",0.5003367003367,0.481144781144781,0.637037037037037,0.0625,1,0.0625,0.0625,0,2.56494935746154,0.198962440663314,0.5,3.09818485962458,0.774780081893065,0.774780081893065
"Leaf145","Leaf225",0.5003367003367,0.481144781144781,0.334006734006734,0.208333333333333,1,0.208333333333333,0.208333333333333,0,1.29928298413026,0.129662084153935,0.0204836622599676,3.54221009109973,0.288417241107871,0.288417241107871
"Leaf145","Leaf231",0.5003367003367,0.481144781144781,0.144781144781145,0.9375,1,0.9375,0.9375,0,2.56494935746154,0.0260685404163538,0.128468796114339,9.03955848565846,0.809553132296073,0.809553132296073
"Leaf145","Leaf233",0.5003367003367,0.481144781144781,0.727272727272727,1,1,1,1,0,4.57471097850338,0.0110743173715102,0.0110743173715102,6.57490034325853,NA,NA
"Leaf145","Leaf234",0.5003367003367,0.481144781144781,0.531986531986532,0.145833333333333,1,0.145833333333333,0.145833333333333,0,1.71079040669439,0.0650355185685341,0.15762208124782,3.78453909392255,0.161134830536406,0.161134830536406
"Leaf145","Leaf242",0.5003367003367,0.481144781144781,0.979124579124579,0.708333333333333,1,0.708333333333333,0.708333333333333,0,0.866810674610785,0.265105941403336,0.0392417267948718,6.05243825739262,0.948912339000031,0.948912339000031
"Leaf145","Leaf26",0.5003367003367,0.481144781144781,0.64040404040404,0.833333333333333,1,0.833333333333333,0.833333333333333,0,1.56123581061622,0.000516966049919241,0.0587959286043285,8.7773162565284,0.216089059023356,0.216089059023356
"Leaf145","Leaf262",0.5003367003367,0.481144781144781,0.327946127946128,0.958333333333333,1,0.958333333333333,0.958333333333333,0,2.92316158071916,0.00587500510030524,0.0204643632135962,9.62639646106693,0.517806296162916,0.517806296162916
"Leaf145","Leaf263",0.5003367003367,0.481144781144781,0.696969696969697,0.145833333333333,1,0.145833333333333,0.145833333333333,0,1.71079040669439,0.294804701004851,0.717137165600636,2.85519955601531,0.797631406524408,0.797631406524408
"Leaf145","Leaf265",0.5003367003367,0.481144781144781,0.694276094276094,0.708333333333333,1,0.708333333333333,0.708333333333333,0,0.866810674610785,0.0777308808964711,0.136564922014065,10.5985388181268,0.227860834478381,0.227860834478381
"Leaf145","Leaf281",0.5003367003367,0.481144781144781,0.623569023569024,0.541666666666667,1,0.541666666666667,0.541666666666667,0,0.163629423781802,0.0475100731891965,0.00348125247847246,5.94760807885649,0.11756990135877,0.11756990135877
"Leaf145","Leaf285",0.5003367003367,0.481144781144781,0.410774410774411,0.625,1,0.625,0.625,0,0.499955951529087,0.0150687269281055,0.078880437747007,8.35908426251736,0.102144061491446,0.102144061491446
"Leaf145","Leaf288",0.5003367003367,0.481144781144781,0.925925925925926,0.25,1,0.25,0.25,0,1.07158361628019,0.217873170257713,0.497373792520226,3.79743532514634,0.43190680323532,0.43190680323532
"Leaf145","Leaf3",0.5003367003367,0.481144781144781,0.538047138047138,0.541666666666667,1,0.541666666666667,0.541666666666667,0,0.163629423781802,0.0511230671788794,0.18564949808896,5.92297765619534,0.0341712760951821,0.0341712760951821
"Leaf145","Leaf324",0.5003367003367,0.481144781144781,0.743434343434343,0.458333333333333,1,0.458333333333333,0.458333333333333,0,0.163629423781802,0.059901805035381,0.0503251523966421,7.48001568578782,0.202420390302505,0.202420390302505
"Leaf145","Leaf33",0.5003367003367,0.481144781144781,0.802693602693603,0.354166666666667,1,0.354166666666667,0.354166666666667,0,0.587786664902119,0.267653220694044,0.159163464936804,6.81584411726613,0.624843432548304,0.624843432548304
"Leaf145","Leaf334",0.5003367003367,0.481144781144781,0.463299663299663,0.1875,1,0.1875,0.1875,0,1.42500887330058,0.159128223468445,0.306030119842418,3.66281773551186,0.374851984575057,0.374851984575057
"Leaf145","Leaf336",0.5003367003367,0.481144781144781,0.978451178451179,0.958333333333333,1,0.958333333333333,0.958333333333333,0,2.92316158071916,0.317640427210861,0.295058843096307,3.13614131474898,0.924668022420702,0.924668022420702
"Leaf145","Leaf337",0.5003367003367,0.481144781144781,0.413468013468014,0.208333333333333,1,0.208333333333333,0.208333333333333,0,1.29928298413026,0.06063219187454,0.112366643743874,3.29785912150804,0.210934211989657,0.210934211989657
"Leaf145","Leaf344",0.5003367003367,0.481144781144781,0.138720538720539,0.479166666666667,1,0.479166666666667,0.479166666666667,0,0.0816780310142672,0.0785121312564221,0.014534180983959,6.69721659588716,0.239847261146286,0.239847261146286
"Leaf145","Leaf351",0.5003367003367,0.481144781144781,0.708417508417508,0.145833333333333,1,0.145833333333333,0.145833333333333,0,1.71079040669439,0.25828391660075,0.610785564835303,3.01580231466031,0.664361175809506,0.664361175809506
"Leaf145","Leaf354",0.5003367003367,0.481144781144781,0.863299663299663,0.875,1,0.875,0.875,0,1.87770189902878,0.236663007800652,0.386593293067029,4.36405755502453,0.34447808575853,0.34447808575853
"Leaf145","Leaf357",0.5003367003367,0.481144781144781,0.235690235690236,0.4375,1,0.4375,0.4375,0,0.246133069538908,0.0216964368394769,0.664740136785948,5.23088577213938,0.277785552208598,0.277785552208598
"Leaf145","Leaf359",0.5003367003367,0.481144781144781,0.274747474747475,0.0416666666666667,1,0.0416666666666667,0.0416666666666667,0,2.92316158071916,0.102055947169706,NA,3.16610811662302,0.41944940756551,0.41944940756551
"Leaf145","Leaf363",0.5003367003367,0.481144781144781,0.234343434343434,0.291666666666667,1,0.291666666666667,0.291666666666667,0,0.866810674610785,0.0263357590383484,0.487863474466051,6.17986022859247,0.273758701826095,0.273758701826095
"Leaf145","Leaf371",0.5003367003367,0.481144781144781,0.257912457912458,0.25,1,0.25,0.25,0,1.07158361628019,0.168187807708772,0.478947368421053,6.49731279265284,0.374486911006902,0.374486911006902
"Leaf145","Leaf380",0.5003367003367,0.481144781144781,0.911111111111111,0.395833333333333,1,0.395833333333333,0.395833333333333,0,0.413975797776073,0.287204989318066,0.00356390752546186,4.79981426256164,0.595622812811505,0.595622812811505
"Leaf145","Leaf391",0.5003367003367,0.481144781144781,0.947474747474747,0.8125,1,0.8125,0.8125,0,1.42500887330058,0.157424099296945,0.113347347725906,10.7159830483313,0.391708475207266,0.391708475207266
"Leaf145","Leaf396",0.5003367003367,0.481144781144781,0.771043771043771,0.375,1,0.375,0.375,0,0.499955951529087,0.223103887556889,0.0878399829864296,3.33566830188143,0.411164368820859,0.411164368820859
"Leaf145","Leaf405",0.5003367003367,0.481144781144781,0.873400673400673,0.854166666666667,1,0.854166666666667,0.854166666666667,0,1.71079040669439,0.14077801801485,0.0497360953986999,13.1546456077316,0.759721924326136,0.759721924326136
"Leaf145","Leaf41",0.5003367003367,0.481144781144781,0.894276094276094,0.520833333333333,1,0.520833333333333,0.520833333333333,0,0.0816780310142671,0.200278300175541,0.145621787824996,5.78491266496748,0.445491757200156,0.445491757200156
"Leaf145","Leaf416",0.5003367003367,0.481144781144781,0.113131313131313,0.708333333333333,1,0.708333333333333,0.708333333333333,0,0.866810674610785,0.0870341500892594,0.0424651064866014,6.24542932846726,0.150299163431263,0.150299163431263
"Leaf145","Leaf420",0.5003367003367,0.481144781144781,0.972390572390572,1,1,1,1,0,4.57471097850338,0.209701938525031,0.209701938525031,7.89024913578994,NA,NA
"Leaf145","Leaf427",0.5003367003367,0.481144781144781,0.545454545454545,0.333333333333333,1,0.333333333333333,0.333333333333333,0,0.677879708429157,0.0710357942467294,0.379434269776442,5.57702375061786,0.0972613861403063,0.0972613861403063
"Leaf145","Leaf443",0.5003367003367,0.481144781144781,0.487542087542088,0.395833333333333,1,0.395833333333333,0.395833333333333,0,0.413975797776073,0.0645462837584432,0.224404035066867,5.73887896360478,0.137095830565234,0.137095830565234
"Leaf145","Leaf5",0.5003367003367,0.481144781144781,0.765656565656566,0.0625,1,0.0625,0.0625,0,2.56494935746154,0.0879677891099176,0.5,3.6889581425616,0.285015330794293,0.285015330794293
"Leaf145","Leaf68",0.5003367003367,0.481144781144781,0.838383838383838,1,1,1,1,0,4.57471097850338,0.190695908191459,0.190695908191459,5.46829638040198,NA,NA
"Leaf145","Leaf70",0.5003367003367,0.481144781144781,0.665319865319865,0.208333333333333,1,0.208333333333333,0.208333333333333,0,1.29928298413026,0.214967030591747,0.286590693659979,5.70903569958154,0.358947453184316,0.358947453184316
"Leaf145","Leaf82",0.5003367003367,0.481144781144781,0.752861952861953,0.8125,1,0.8125,0.8125,0,1.42500887330058,0.185891995747833,0.0175847684439927,6.90679435497427,0.565421957055314,0.565421957055314
"Leaf145","Leaf83",0.5003367003367,0.98047138047138,0.991919191919192,0.6875,1,0.6875,0.6875,0,0.77070541490582,0.349089533407142,0.368222239312674,14.0898419495578,0.346233534605817,0.346233534605817
"Leaf145","Leaf86",0.5003367003367,0.481144781144781,0.507070707070707,0.895833333333333,1,0.895833333333333,0.895833333333333,0,2.06801284585621,0.00690292916612821,0.0407453785867252,10.852991466828,0.286297157196458,0.286297157196458
"Leaf145","Leaf88",0.5003367003367,0.481144781144781,0.852525252525253,0.3125,1,0.3125,0.3125,0,0.77070541490582,0.287786695080107,0.259428353810864,4.29240134009571,0.535949250826482,0.535949250826482
"Leaf145","Leaf90",0.5003367003367,0.481144781144781,0.747474747474748,0.791666666666667,1,0.791666666666667,0.791666666666667,0,1.29928298413026,0.221358853614674,0.156507673057684,8.85226770765818,0.355393534835195,0.355393534835195
"Leaf160","Leaf176",0.5003367003367,0.481144781144781,0.129292929292929,0.1875,0.479166666666667,0.0833333333333333,0.142857142857143,0.0333890281647089,0.15066027488749,0.0105505869154229,0.737864787372622,2.86169294404809,0.0137549802069143,0.0583363522637457
"Leaf160","Leaf177",0.5003367003367,0.481144781144781,0.332659932659933,0.1875,1,0.1875,0.1875,0,1.42500887330058,0.117915487180237,0.728918266392371,3.85664928730912,0.457635025847932,0.457635025847932
"Leaf160","Leaf183",0.5003367003367,0.481144781144781,0.579124579124579,0.1875,0.708333333333333,0.145833333333333,0.194444444444444,0.0733946189625129,0.310154928303839,0.0441564842166838,0.688102353203976,3.17106853741629,0.0851237046392121,0.326713183587184
"Leaf160","Leaf187",0.5003367003367,0.481144781144781,0.976430976430976,0.145833333333333,0.1875,0.0625,0.230769230769231,0.255205783553705,1.44641609129887,0.31144254437093,1,1.3685839611998,0.605527037633669,0.717436815318163
"Leaf160","Leaf189",0.5003367003367,0.481144781144781,0.561616161616162,0.1875,0.4375,0.125,0.25,0.221916761978561,1.0768723020317,0.245671122453308,0.144942758913112,2.49412838242311,0.50800176897383,0.64465674205841
"Leaf160","Leaf2",0.5003367003367,0.481144781144781,0.0451178451178451,0.1875,0.520833333333333,0.104166666666667,0.172413793103448,0.0333890281647089,0.15066027488749,0.0128669418311055,0.223606797749979,4.05535127782182,0.000961683114134166,0.379843337109976
"Leaf160","Leaf202",0.5003367003367,0.481144781144781,0.132659932659933,0.1875,1,0.1875,0.1875,0,1.42500887330058,0.0401821538464093,0.152564288314682,3.37128295666462,0.0959095413551981,0.0959095413551981
"Leaf160","Leaf203",0.5003367003367,0.481144781144781,0.501683501683502,0.1875,1,0.1875,0.1875,0,1.42500887330058,0.138238239818609,0.254273813857804,2.47684808162208,0.293846106054541,0.293846106054541
"Leaf160","Leaf220",0.5003367003367,0.481144781144781,0.527946127946128,0.0833333333333333,0.1875,0,0,0.14484136487558,0.878983679461344,0.143752240892698,NA,2.37214964364066,0.45257107151713,0.570957410211677
"Leaf160","Leaf222",0.5003367003367,0.481144781144781,0.461952861952862,0.0625,0.1875,0.0208333333333333,0.0909090909090909,0.096471460236051,0.973449145714104,0.0604168059687308,NA,2.50937975295356,0.143212017815493,0.177718662830018
"Leaf160","Leaf225",0.5003367003367,0.481144781144781,0.510437710437711,0.1875,0.208333333333333,0,0,0.246432029045072,1.91142397298414,0.243026677439354,NA,3.15282481050748,0.62149064274703,0.699173202807893
"Leaf160","Leaf231",0.5003367003367,0.481144781144781,0.415488215488216,0.1875,0.9375,0.1875,0.2,0.124034734589208,0.599889687073363,0.164228188482431,0.406838102172486,6.97843462007946,0.497884340251728,0.563680026347581
"Leaf160","Leaf233",0.5003367003367,0.481144781144781,0.236363636363636,0.1875,1,0.1875,0.1875,0,1.42500887330058,0.0088496410256973,0.0339031751810405,4.69938255710693,0.103840306550186,0.103840306550186
"Leaf160","Leaf234",0.5003367003367,0.481144781144781,0.407407407407407,0.145833333333333,0.1875,0.0208333333333333,0.0666666666666667,0.047260330287723,0.0948577934586771,0.047042210024218,NA,2.8085369863609,0.0067560472988515,0.325950234480145
"Leaf160","Leaf242",0.5003367003367,0.481144781144781,0.350841750841751,0.1875,0.708333333333333,0.166666666666667,0.228571428571429,0.190826009302533,1.06014600784031,0.0647219741876143,0.8,7.66413111690243,0.15877498246506,0.417661729040345
"Leaf160","Leaf26",0.5003367003367,0.481144781144781,0.781818181818182,0.1875,0.833333333333333,0.145833333333333,0.166666666666667,0.0716114874039432,0.54113097326132,0.151048389669114,0.142857142857143,7.4486625623654,0.290362277501978,0.399326625966577
"Leaf160","Leaf262",0.5003367003367,0.481144781144781,0.274074074074074,0.1875,0.958333333333333,0.1875,0.195652173913043,0.100167084494127,0.23638877806423,0.133578524871273,0.502168580365544,8.1866772551117,0.394449965128634,0.556674855258128
"Leaf160","Leaf263",0.5003367003367,0.481144781144781,0.502356902356902,0.145833333333333,0.1875,0.0208333333333333,0.0666666666666667,0.047260330287723,0.0948577934586771,0.0573124605432084,NA,2.67716173140109,0.100040663395452,0.412202149710769
"Leaf160","Leaf265",0.5003367003367,0.481144781144781,0.34949494949495,0.1875,0.708333333333333,0.166666666666667,0.228571428571429,0.190826009302533,1.06014600784031,0.163269415649954,0.567944518073514,7.84379133769867,0.25834707871307,0.283398607536582
"Leaf160","Leaf281",0.5003367003367,0.481144781144781,0.665993265993266,0.1875,0.541666666666667,0.0833333333333333,0.129032258064516,0.0937341224376835,0.451985123743057,0.117932417244712,0.948683298050514,4.64073917024904,0.0589712923287171,0.40711126788992
"Leaf160","Leaf285",0.5003367003367,0.481144781144781,0.903703703703704,0.1875,0.625,0.0833333333333333,0.114285714285714,0.179161283295523,0.875125743009944,0.240110437528535,0.632455532033676,8.62881013847927,0.19597314489112,0.733121559338019
"Leaf160","Leaf288",0.5003367003367,0.481144781144781,0.141414141414141,0.1875,0.25,0.0208333333333333,0.05,0.154083387840341,0.827044003482706,0.133778331639983,NA,4.12700480191277,0.0110674984695786,0.380748735198222
"Leaf160","Leaf3",0.5003367003367,0.481144781144781,0.437037037037037,0.1875,0.541666666666667,0.0625,0.09375,0.200858833795036,0.972679248649802,0.140909205448503,0.5,4.51964560138946,0.0231705213781369,0.433611072664513
"Leaf160","Leaf324",0.5003367003367,0.481144781144781,0.269360269360269,0.1875,0.458333333333333,0.0833333333333333,0.148148148148148,0.0133905889196691,0.0503884924128131,0.0333815500307444,0.2,5.64486883250986,0.230602078935366,0.298269157746599
"Leaf160","Leaf33",0.5003367003367,0.481144781144781,0.715151515151515,0.1875,0.354166666666667,0.104166666666667,0.238095238095238,0.202283466182723,0.989128055826421,0.247970678066309,0.335410196624968,5.6325779753538,0.336192348542329,0.697757803356305
"Leaf160","Leaf334",0.5003367003367,0.481144781144781,0.351515151515152,0.1875,0.1875,0.0416666666666667,0.125,0.0427350427350427,0.367724780125317,0.0387746767200972,NA,2.77915110669477,0.00845000558574887,0.22051112367408
"Leaf160","Leaf336",0.5003367003367,0.481144781144781,0.148148148148148,0.1875,0.958333333333333,0.1875,0.195652173913043,0.100167084494127,0.23638877806423,0.186247834330213,0.45110058914193,3.13628951227337,0.546256349332258,0.556674855258128
"Leaf160","Leaf337",0.5003367003367,0.481144781144781,0.116498316498317,0.1875,0.208333333333333,0.0416666666666667,0.117647058823529,0.0164288019363381,0.211309093667207,0.00608290496706571,NA,2.53459621649918,0.0585317725763175,0.190537734597709
"Leaf160","Leaf344",0.5003367003367,0.481144781144781,0.3003367003367,0.1875,0.479166666666667,0.104166666666667,0.185185185185185,0.0734558619623596,0.350952898511489,0.0078422001666152,0.763157894736842,6.18155810964796,0.0502063691904324,0.206320869678567
"Leaf160","Leaf351",0.5003367003367,0.481144781144781,0.651178451178451,0.145833333333333,0.1875,0,0,0.198493387208437,1.47810191037301,0.196485694907783,NA,2.86746692779551,0.564695399867575,0.594613342991371
"Leaf160","Leaf354",0.5003367003367,0.481144781144781,0.481481481481482,0.1875,0.875,0.125,0.133333333333333,0.302613766334401,1.72551008368685,0.070161915631814,0.11595420713049,4.74674900805197,0.265781095940288,0.660869013112429
"Leaf160","Leaf357",0.5003367003367,0.481144781144781,0.701010101010101,0.1875,0.4375,0.0625,0.111111111111111,0.1008712554448,0.468757005356885,0.16372261313757,0.866025403784439,4.21111367433119,0.0460685416270197,0.588046392710746
"Leaf160","Leaf359",0.5003367003367,0.481144781144781,0.113804713804714,0.0416666666666667,0.1875,0,0,0.100167084494127,0.23638877806423,0.0994619463356999,NA,2.2441945065819,0.318634962421492,0.556674855258128
"Leaf160","Leaf363",0.5003367003367,0.481144781144781,0.444444444444444,0.1875,0.291666666666667,0.0208333333333333,0.0454545454545455,0.190826009302533,1.06014600784031,0.164045491281118,NA,4.97431025592235,0.0603856791365566,0.474812788728933
"Leaf160","Leaf371",0.5003367003367,0.481144781144781,0.934680134680135,0.1875,0.25,0.0833333333333333,0.235294117647059,0.215716742976478,1.10925068687317,0.257491835821159,0.4,3.57209028115671,0.495374527680282,0.553004522007948
"Leaf160","Leaf380",0.5003367003367,0.481144781144781,0.0303030303030303,0.1875,0.395833333333333,0.125,0.272727272727273,0.266045859343924,1.29349425595402,0.209273442624511,0.17912443020796,4.7753610650851,0.316086129698137,0.32440820041243
"Leaf160","Leaf391",0.5003367003367,0.481144781144781,0.371717171717172,0.1875,0.8125,0.125,0.142857142857143,0.179487179487179,1.02070405352321,0.0578799574455097,0.2,7.8583119745132,0.13926125144938,0.152480561433068
"Leaf160","Leaf396",0.5003367003367,0.481144781144781,0.305050505050505,0.1875,0.375,0.0833333333333333,0.173913043478261,0.0689081858828936,0.363859107275701,0.100392492889925,0.777777777777778,2.30320301980893,0.230928312754289,0.23804830931948
"Leaf160","Leaf405",0.5003367003367,0.481144781144781,0.652525252525253,0.1875,0.854166666666667,0.1875,0.219512195121951,0.198493387208437,1.47810191037301,0.127791732847044,0.76601986835422,8.9209546649061,0.0705532893290326,0.594613342991371
"Leaf160","Leaf41",0.5003367003367,0.481144781144781,0.496969696969697,0.1875,0.520833333333333,0.0833333333333333,0.133333333333333,0.0734558619623596,0.350952898511489,0.0986094978151492,0.316227766016838,3.84746469738148,0.102046988855874,0.2805616638009
"Leaf160","Leaf416",0.5003367003367,0.481144781144781,0.174410774410774,0.1875,0.708333333333333,0.125,0.162162162162162,0.0440367713775076,0.288517843499177,0.00959279838425383,0.212511859251621,5.12284323478545,0.200167605291546,0.321877781178316
"Leaf160","Leaf420",0.5003367003367,0.481144781144781,0.391919191919192,0.1875,1,0.1875,0.1875,0,1.42500887330058,0.051508908651435,0.220370638676763,5.15110822993093,0.13020305942798,0.13020305942798
"Leaf160","Leaf427",0.5003367003367,0.481144781144781,0.722558922558923,0.1875,0.333333333333333,0.0416666666666667,0.0869565217391304,0.11322770341446,0.534082485930258,0.142176455622602,NA,4.28937761211236,0.0528123358290534,0.638455401030449
"Leaf160","Leaf443",0.5003367003367,0.481144781144781,0.645791245791246,0.1875,0.395833333333333,0.0416666666666667,0.0769230769230769,0.170542217528157,0.847297860387204,0.128683131701959,NA,4.35370560068885,0.0813702807685781,0.27848617307058
"Leaf160","Leaf5",0.5003367003367,0.481144781144781,0.191919191919192,0.0625,0.1875,0,0,0.124034734589208,0.599889687073363,0.12311349140798,NA,3.30418320038161,0.356437055144725,0.563680026347581
"Leaf160","Leaf68",0.5003367003367,0.481144781144781,0.186531986531987,0.1875,1,0.1875,0.1875,0,1.42500887330058,0.0483116339850502,0.152564288314682,3.33548399165451,0.0807158860279973,0.0807158860279973
"Leaf160","Leaf70",0.5003367003367,0.481144781144781,0.387878787878788,0.1875,0.208333333333333,0.0416666666666667,0.117647058823529,0.0164288019363382,0.211309093667207,0.049866611636378,NA,3.07437002771307,0.0914172245087011,0.272011152570269
"Leaf160","Leaf82",0.5003367003367,0.481144781144781,0.179124579124579,0.1875,0.8125,0.145833333333333,0.170731707317073,0.0427350427350427,0.367724780125317,0.0998871066798906,0.234243740300845,6.57867700821123,0.0352810856709515,0.184270494684591
"Leaf160","Leaf83",0.5003367003367,0.481144781144781,0.921212121212121,0.1875,0.6875,0.145833333333333,0.2,0.0935639287022983,0.424157241120317,0.172546076600526,0.702731220902536,7.57118901157293,0.209605095853234,0.357148601400618
"Leaf160","Leaf86",0.5003367003367,0.481144781144781,0.0956228956228956,0.1875,0.895833333333333,0.1875,0.209302325581395,0.16380974172739,1.10822774736755,0.075675258109219,0.31491927921229,8.52556092651516,0.120523041970549,0.578525161788274
"Leaf160","Leaf88",0.5003367003367,0.481144781144781,0.672053872053872,0.1875,0.3125,0.0833333333333333,0.2,0.136747280411051,0.706886356443249,0.189184980803635,0,3.44317139239458,0.364065895066031,0.448489132061783
"Leaf160","Leaf90",0.5003367003367,0.481144781144781,0.315151515151515,0.1875,0.791666666666667,0.166666666666667,0.205128205128205,0.115001613554367,0.568166170381236,0.136701222784643,0.072289156626506,8.26766848221703,0.294117515679444,0.486850132929905
"Leaf176","Leaf203",0.5003367003367,0.481144781144781,0.290909090909091,0.479166666666667,1,0.479166666666667,0.479166666666667,0,0.0816780310142672,0.135242987880254,0.0562231652668292,1.59545861506087,0.266817653320711,0.266817653320711
"Leaf176","Leaf231",0.5003367003367,0.481144781144781,0.123905723905724,0.479166666666667,0.9375,0.4375,0.446808510638298,0.0969087423704698,0.641445806183055,0.138814060932589,0.146104326474804,6.98485609688517,0.244321907215769,0.2504446485795
"Leaf176","Leaf233",0.5003367003367,0.481144781144781,0.907744107744108,0.479166666666667,1,0.479166666666667,0.479166666666667,0,0.0816780310142672,0.136427954917333,0.190849276593824,3.09138025816464,0.17910687018495,0.17910687018495
"Leaf176","Leaf262",0.5003367003367,0.481144781144781,0.376430976430976,0.479166666666667,0.958333333333333,0.458333333333333,0.468085106382979,0.00869565217391302,0.0851578083403068,0.0572920364471929,0.135876932542794,7.57145880981458,0.0712718921211849,0.3542005348445
"Leaf176","Leaf265",0.5003367003367,0.481144781144781,0.0343434343434343,0.479166666666667,0.708333333333333,0.333333333333333,0.390243902439024,0.0267602789964774,0.114410351177744,0.0861978665681269,0.200104490038072,7.7389856054648,0.01229834363862,0.165109426512961
"Leaf176","Leaf285",0.5003367003367,0.481144781144781,0.661952861952862,0.479166666666667,0.625,0.291666666666667,0.358974358974359,0.03230291412349,0.129211731480006,0.111863135913837,0.271901045124737,6.54990846174545,0.0325382333945497,0.37717210563477
"Leaf176","Leaf288",0.5003367003367,0.481144781144781,0.826936026936027,0.25,0.479166666666667,0.1875,0.346153846153846,0.313003218023,1.43789548989497,0.20213124838147,0.505224802281456,2.49105420261473,0.437869174986069,0.492354027373664
"Leaf176","Leaf33",0.5003367003367,0.481144781144781,0.447138047138047,0.354166666666667,0.479166666666667,0.104166666666667,0.142857142857143,0.274307522282553,1.13606159870973,0.21252243689592,0.447213595499958,6.11736286499024,0.253971389100867,0.583321209608358
"Leaf176","Leaf334",0.5003367003367,0.481144781144781,0.28013468013468,0.1875,0.479166666666667,0.0625,0.103448275862069,0.140233918291777,0.669049628980885,0.0663575304985722,0,1.62624900958855,0.152744742312908,0.294639848061505
"Leaf176","Leaf344",0.5003367003367,0.481144781144781,0.946801346801347,0.479166666666667,0.479166666666667,0.333333333333333,0.533333333333333,0.415652173913044,1.69132507190628,0.361286582166422,0.0879263134552607,3.44726943621944,0.701894199624819,0.841738941751503
"Leaf176","Leaf359",0.5003367003367,0.481144781144781,0.460606060606061,0.0416666666666667,0.479166666666667,0,0,0.2,1.6094379124341,0.187722763827001,NA,0.974347332903345,0.400923578777272,1.31059469791872
"Leaf176","Leaf371",0.5003367003367,0.481144781144781,0.14006734006734,0.25,0.479166666666667,0.0625,0.09375,0.264848876788692,1.21559333534895,0.275922123580681,0.866025403784439,4.73414276200576,0.382591049320783,0.729332631017798
"Leaf176","Leaf391",0.5003367003367,0.481144781144781,0.00538720538720539,0.479166666666667,0.8125,0.375,0.409090909090909,0.0734558619623596,0.350952898511489,0.0369821264691413,0.401587252572304,6.57866183240135,0.044131833453075,0.22811110647935
"Leaf176","Leaf405",0.5003367003367,0.481144781144781,0.826262626262626,0.479166666666667,0.854166666666667,0.395833333333333,0.422222222222222,0.0763109434940691,0.394415271921579,0.164854152371954,0.0290059675557661,10.2753556591043,0.0296913920241485,0.4756042548409
"Leaf176","Leaf416",0.5003367003367,0.481144781144781,0.0673400673400673,0.479166666666667,0.708333333333333,0.3125,0.357142857142857,0.1185098069844,0.49783842823918,0.160555706550824,0.20261799558377,3.96441885249668,0.0548822068191812,0.364489605819128
"Leaf176","Leaf420",0.5003367003367,0.481144781144781,0.125252525252525,0.479166666666667,1,0.479166666666667,0.479166666666667,0,0.0816780310142672,0.0373936806878396,0.106567193482308,4.06919861842445,0.0628539455832992,0.0628539455832992
"Leaf176","Leaf68",0.5003367003367,0.481144781144781,0.77979797979798,0.479166666666667,1,0.479166666666667,0.479166666666667,0,0.0816780310142672,0.0315586597752791,0.355908110404699,1.93069767660563,0.353507513428709,0.353507513428709
"Leaf176","Leaf83",0.5003367003367,0.995286195286195,0.0121212121212121,0.479166666666667,0.6875,0.270833333333333,0.302325581395349,0.25304470070199,1.06436236562503,0.0949149352301421,0.0437990276023031,8.23642228871671,0.0377876835111703,0.496534252938627
"Leaf176","Leaf86",0.5003367003367,0.481144781144781,0.466666666666667,0.479166666666667,0.895833333333333,0.4375,0.466666666666667,0.0540381470322725,0.291009862544456,0.0471639554109589,0.16822008692272,7.71169490551063,0.0780768266373586,0.105144758124885
"Leaf176","Leaf88",0.5003367003367,0.481144781144781,0.0606060606060606,0.3125,0.479166666666667,0.125,0.1875,0.106841095851951,0.438330121727837,0.0610382287335553,0.375183239688433,3.22393804559238,0.0644224577545301,0.141964555193569
"Leaf176","Leaf90",0.5003367003367,0.481144781144781,0.750841750841751,0.479166666666667,0.791666666666667,0.333333333333333,0.355555555555556,0.226767151415496,1.07229498035074,0.209299710075788,0.0879631724472194,8.50034161940705,0.289755411144199,0.617268892850636
"Leaf177","Leaf203",0.5003367003367,0.481144781144781,0.993939393939394,1,1,1,1,0,4.57471097850338,0.285838354652209,0.285838354652209,1.63463641189133,NA,NA
"Leaf177","Leaf231",0.5003367003367,0.481144781144781,0.985858585858586,0.9375,1,0.9375,0.9375,0,2.56494935746154,0.198653217400956,0.22171694240905,9.74412318064852,0.166044938052062,0.166044938052062
"Leaf177","Leaf233",0.5003367003367,0.481144781144781,0.655892255892256,1,1,1,1,0,4.57471097850338,0.060145478232548,0.060145478232548,4.91982621658203,NA,NA
"Leaf177","Leaf262",0.5003367003367,0.481144781144781,0.754208754208754,0.958333333333333,1,0.958333333333333,0.958333333333333,0,2.92316158071916,0.191580043732863,0.134833906898574,6.98028217697144,0.957496553774091,0.957496553774091
"Leaf177","Leaf265",0.5003367003367,0.481144781144781,0.277441077441077,0.708333333333333,1,0.708333333333333,0.708333333333333,0,0.866810674610785,0.0401748817848359,0.0491527623737498,8.53888449193938,0.00615375613498738,0.00615375613498738
"Leaf177","Leaf285",0.5003367003367,0.481144781144781,0.187205387205387,0.625,1,0.625,0.625,0,0.499955951529087,0.111485752909623,0.115299619662837,6.45749317461045,0.0918830976837648,0.0918830976837648
"Leaf177","Leaf288",0.5003367003367,0.481144781144781,0.137373737373737,0.25,1,0.25,0.25,0,1.07158361628019,0.0690274963369929,0.255692160943496,3.86332033296013,0.0282904088831866,0.0282904088831866
"Leaf177","Leaf33",0.5003367003367,0.481144781144781,0.874747474747475,0.354166666666667,1,0.354166666666667,0.354166666666667,0,0.587786664902119,0.210693613158697,0.0505558313538676,5.35245033933655,0.483000678464552,0.483000678464552
"Leaf177","Leaf334",0.5003367003367,0.481144781144781,0.617508417508418,0.1875,1,0.1875,0.1875,0,1.42500887330058,0.044346109985291,0.183618071905451,2.28570762563978,0.0389145565813731,0.0389145565813731
"Leaf177","Leaf344",0.5003367003367,0.481144781144781,0.820875420875421,0.479166666666667,1,0.479166666666667,0.479166666666667,0,0.0816780310142672,0.01384742686725,0.373971672066246,6.40887271924274,0.0334309881527193,0.0334309881527193
"Leaf177","Leaf359",0.5003367003367,0.481144781144781,0.313131313131313,0.0416666666666667,1,0.0416666666666667,0.0416666666666667,0,2.92316158071916,0.157386495779959,NA,1.65849433742542,0.742442091355855,0.742442091355855
"Leaf177","Leaf371",0.5003367003367,0.481144781144781,0.962962962962963,0.25,1,0.25,0.25,0,1.07158361628019,0.432082146150794,0.0840631762006016,6.56002734716244,1.09292499308988,1.09292499308988
"Leaf177","Leaf391",0.5003367003367,0.481144781144781,0.275420875420875,0.8125,1,0.8125,0.8125,0,1.42500887330058,0.00872108330331304,0.0414702666775269,7.41287265068753,0.0296377224985707,0.0296377224985707
"Leaf177","Leaf405",0.5003367003367,0.481144781144781,0.985185185185185,0.854166666666667,1,0.854166666666667,0.854166666666667,0,1.71079040669439,0.324501019353812,0.112938529384287,12.5799374070933,1.19816234349741,1.19816234349741
"Leaf177","Leaf416",0.5003367003367,0.481144781144781,0.816161616161616,0.708333333333333,1,0.708333333333333,0.708333333333333,0,0.866810674610785,0.123119562491849,0.0770337568850914,5.36948031834243,0.343462392687946,0.343462392687946
"Leaf177","Leaf420",0.5003367003367,0.481144781144781,0.402693602693603,1,1,1,1,0,4.57471097850338,0.073669924429908,0.073669924429908,5.06149850224349,NA,NA
"Leaf177","Leaf68",0.5003367003367,0.481144781144781,0.786531986531987,1,1,1,1,0,4.57471097850338,0.21147478726263,0.21147478726263,3.81685578428026,NA,NA
"Leaf177","Leaf83",0.5003367003367,0.481144781144781,0.815488215488216,0.6875,1,0.6875,0.6875,0,0.77070541490582,0.148812265443592,0.176940663191575,10.3064289941574,0.0907253753041636,0.0907253753041636
"Leaf177","Leaf86",0.5003367003367,0.481144781144781,0.341414141414141,0.895833333333333,1,0.895833333333333,0.895833333333333,0,2.06801284585621,0.0306538638335461,0.0193514342434779,9.18140531822752,0.450277304984,0.450277304984
"Leaf177","Leaf88",0.5003367003367,0.481144781144781,0.546127946127946,0.3125,1,0.3125,0.3125,0,0.77070541490582,0.204587247035471,0.0383661650001982,3.65571301019857,0.344567501299483,0.344567501299483
"Leaf177","Leaf90",0.5003367003367,0.481144781144781,0.668686868686869,0.791666666666667,1,0.791666666666667,0.791666666666667,0,1.29928298413026,0.207874739655784,0.306820203899437,7.85146187242461,0.00432096436117181,0.00432096436117181
"Leaf183","Leaf203",0.5003367003367,0.481144781144781,0.769023569023569,0.708333333333333,1,0.708333333333333,0.708333333333333,0,0.866810674610785,0.237028359874466,0.0577234525207202,2.08597210463289,0.652652956413905,0.652652956413905
"Leaf183","Leaf231",0.5003367003367,0.481144781144781,0.839057239057239,0.708333333333333,0.9375,0.6875,0.717391304347826,0.213021480749018,1.49664241828876,0.120476112976468,0.522077216597102,8.73355118701864,0.301319553162938,0.73361765845199
"Leaf183","Leaf233",0.5003367003367,0.481144781144781,0.642424242424243,0.708333333333333,1,0.708333333333333,0.708333333333333,0,0.866810674610785,0.222257179433772,0.0486247762432287,3.95521470924998,0.419235372895485,0.419235372895485
"Leaf183","Leaf262",0.5003367003367,0.481144781144781,0.465319865319865,0.708333333333333,0.958333333333333,0.6875,0.702127659574468,0.0955724249874193,0.908855753386637,0.0128246112858318,0.0308596845631141,8.33857998125773,0.107376109125584,1.02460122819901
"Leaf183","Leaf265",0.5003367003367,0.481144781144781,0.249158249158249,0.708333333333333,0.708333333333333,0.479166666666667,0.511111111111111,0.109243697478992,0.474930681092927,0.0567652828448211,0.229083133926323,7.68765839417879,0.248274255901494,0.268799712611749
"Leaf183","Leaf285",0.5003367003367,0.481144781144781,0.772390572390572,0.625,0.708333333333333,0.458333333333333,0.523809523809524,0.0710071602496725,0.31952267830744,0.173864514781292,0.0230556167081694,5.80497615167554,0.156255006328762,0.588751687681046
"Leaf183","Leaf288",0.5003367003367,0.481144781144781,0.662626262626263,0.25,0.708333333333333,0.208333333333333,0.277777777777778,0.158776837207489,0.762140052046897,0.265577137493669,0.129236275272214,3.16191526459227,0.198378350965212,0.590512442963248
"Leaf183","Leaf33",0.5003367003367,0.481144781144781,0.251851851851852,0.354166666666667,0.708333333333333,0.3125,0.416666666666667,0.283517297437949,1.3798634707896,0.139913723542345,0.239745654933164,6.3567226153627,0.372031652352981,0.485267711375917
"Leaf183","Leaf334",0.5003367003367,0.481144781144781,0.0471380471380471,0.1875,0.708333333333333,0.166666666666667,0.228571428571429,0.190826009302533,1.06014600784031,0.0738809923915235,0.0064582021524344,2.38402018536829,0.199446068307823,0.384292867957646
"Leaf183","Leaf344",0.5003367003367,0.481144781144781,0.877441077441078,0.479166666666667,0.708333333333333,0.333333333333333,0.390243902439024,0.0267602789964774,0.114410351177744,0.12790269130365,0.123194236941282,6.56307261485764,0.255107096470104,0.267481683927023
"Leaf183","Leaf359",0.5003367003367,0.481144781144781,0.367676767676768,0.0416666666666667,0.708333333333333,0.0416666666666667,0.0588235294117647,0.133801394982387,0.802346472524937,0.168464903805894,NA,1.76079903568277,0.341912065716311,0.847394541375329
"Leaf183","Leaf371",0.5003367003367,0.481144781144781,0.317845117845118,0.25,0.708333333333333,0.166666666666667,0.210526315789474,0.0529256124024965,0.289780709108702,0.072723594738433,0.433766423440692,5.26547444873513,0.0870642019774166,0.229221610158274
"Leaf183","Leaf391",0.5003367003367,0.481144781144781,0.783838383838384,0.708333333333333,0.8125,0.583333333333333,0.622222222222222,0.0440367713775076,0.288517843499177,0.0461967913335926,0.20955805994559,7.9263998156825,0.0393644418336656,0.256656327085173
"Leaf183","Leaf405",0.5003367003367,0.481144781144781,0.895622895622896,0.708333333333333,0.854166666666667,0.583333333333333,0.595744680851064,0.135277503406888,0.719122666963206,0.198160714633706,0.00376445965145749,11.7678135487329,0.0386919830142546,1.06892401666201
"Leaf183","Leaf416",0.5003367003367,0.481144781144781,0.74006734006734,0.708333333333333,0.708333333333333,0.520833333333333,0.581395348837209,0.0924369747899159,0.440842947189815,0.115417856588468,0.0931020052571055,3.93618371694071,0.21420461430157,0.483623462391871
"Leaf183","Leaf420",0.5003367003367,0.481144781144781,0.628282828282828,0.708333333333333,1,0.708333333333333,0.708333333333333,0,0.866810674610785,0.0193372053046215,0.00409096841290277,5.29433551274304,0.0268767782795845,0.0268767782795845
"Leaf183","Leaf68",0.5003367003367,0.481144781144781,0.681481481481482,0.708333333333333,1,0.708333333333333,0.708333333333333,0,0.866810674610785,0.0653662104843479,0.162675184376575,3.61072736280154,0.519350325989759,0.519350325989759
"Leaf183","Leaf83",0.5003367003367,0.987878787878788,0.96026936026936,0.6875,0.708333333333333,0.458333333333333,0.488888888888889,0.13596836013567,0.601797401971717,0.227123736200384,0.174486224082203,11.2319528709337,0.293688441283627,0.666546939803498
"Leaf183","Leaf86",0.5003367003367,0.481144781144781,0.193939393939394,0.708333333333333,0.895833333333333,0.645833333333333,0.673913043478261,0.0812738141766629,0.587786664902119,0.11549294664786,0.217133642045554,8.39181431565334,0.156337225039772,0.733724714823646
"Leaf183","Leaf88",0.5003367003367,0.481144781144781,0.581818181818182,0.3125,0.708333333333333,0.3125,0.441176470588235,0.432626600431677,3.13772138834197,0.257568279813568,0.19591871576556,3.57728041207016,0.631177698666109,0.895281502800253
"Leaf183","Leaf90",0.5003367003367,0.481144781144781,0.924579124579125,0.708333333333333,0.791666666666667,0.604166666666667,0.674418604651163,0.235128203334985,1.13309846473928,0.334939932692271,0.115036123783708,6.88232403523537,0.497976713083908,0.64527570127794
"Leaf187","Leaf203",0.5003367003367,0.481144781144781,0.235016835016835,0.145833333333333,1,0.145833333333333,0.145833333333333,0,1.71079040669439,0.121581761439618,0.618284022335312,1.80047706801339,0.525086836695679,0.525086836695679
"Leaf187","Leaf231",0.5003367003367,0.481144781144781,0.541414141414141,0.145833333333333,0.9375,0.145833333333333,0.155555555555556,0.106686989933816,0.310154928303839,0.00906779831183278,0.490990253030983,6.71378318990887,0.0154871330787289,0.4811736543223
"Leaf187","Leaf233",0.5003367003367,0.481144781144781,0.647138047138047,0.145833333333333,1,0.145833333333333,0.145833333333333,0,1.71079040669439,0.149531577146088,0.127293769304329,4.22773009139583,0.332950560323024,0.332950560323024
"Leaf187","Leaf262",0.5003367003367,0.481144781144781,0.167003367003367,0.145833333333333,0.958333333333333,0.145833333333333,0.152173913043478,0.0861575168481426,0.0519597389307111,0.0950794635482851,0.26606624323887,7.22779741988362,0.186796039299598,0.475420894080739
"Leaf187","Leaf265",0.5003367003367,0.481144781144781,0.430976430976431,0.145833333333333,0.708333333333333,0.125,0.171428571428571,0.135277503406887,0.719122666963206,0.189230096364607,0.0869656553478673,7.23405418957923,0.313618467794287,0.357546971213727
"Leaf187","Leaf285",0.5003367003367,0.481144781144781,0.834343434343434,0.145833333333333,0.625,0.104166666666667,0.15625,0.0762049928098688,0.353139289106425,0.0735466393001125,0.802955068546966,6.8516419861033,0.291547176804301,0.413336469351113
"Leaf187","Leaf288",0.5003367003367,0.481144781144781,0.0929292929292929,0.145833333333333,0.25,0.0416666666666667,0.117647058823529,0.0340799088295498,0.310154928303839,0.0525024399010142,NA,2.70417486626012,0.125603125353942,0.288655762510827
"Leaf187","Leaf33",0.5003367003367,0.481144781144781,0.390572390572391,0.145833333333333,0.354166666666667,0.0208333333333333,0.0434782608695652,0.18256271792955,1.03101899753558,0.161419717164297,NA,6.12927939782337,0.00966542382508865,0.55881819206145
"Leaf187","Leaf334",0.5003367003367,0.481144781144781,0.155555555555556,0.145833333333333,0.1875,0.0208333333333333,0.0666666666666667,0.047260330287723,0.0948577934586771,0.0456051553006457,NA,1.76425828402402,0.263462021653743,0.315908045484568
"Leaf187","Leaf344",0.5003367003367,0.481144781144781,0.755555555555556,0.145833333333333,0.479166666666667,0.0625,0.111111111111111,0.0418479367548121,0.203686379291651,0.11030341802507,0,5.58020931935599,0.264619072566013,0.356864202192289
"Leaf187","Leaf359",0.5003367003367,0.481144781144781,0.31043771043771,0.0416666666666667,0.145833333333333,0.0208333333333333,0.125,0.20923968377406,1.8294997972109,0.172243083408297,NA,1.17121532001933,0.228052997952633,0.342900296573587
"Leaf187","Leaf371",0.5003367003367,0.481144781144781,0.984511784511785,0.145833333333333,0.25,0.104166666666667,0.357142857142857,0.443038814784149,2.31451366385932,0.451648896069854,0.1,2.68910783576711,0.811640217648193,1.05150177930697
"Leaf187","Leaf391",0.5003367003367,0.481144781144781,0.27003367003367,0.145833333333333,0.8125,0.145833333333333,0.17948717948718,0.198493387208437,1.47810191037301,0.127861274361003,0.0727392967453308,6.45571503933517,0.468352077875746,0.520723199964968
"Leaf187","Leaf405",0.5003367003367,0.481144781144781,0.562289562289562,0.145833333333333,0.854166666666667,0.125,0.142857142857143,0.00348432055749117,0.231393450786352,0.114924718121061,0.161764705882353,8.40806684704114,0.260076128899365,0.303168974709009
"Leaf187","Leaf416",0.5003367003367,0.481144781144781,0.485521885521886,0.145833333333333,0.708333333333333,0.104166666666667,0.138888888888889,0.00541110013627551,0.0702042586732486,0.0381030822935913,0.148087219439773,4.14101185513185,0.1350399635372,0.235028938086052
"Leaf187","Leaf420",0.5003367003367,0.481144781144781,0.318518518518519,0.145833333333333,1,0.145833333333333,0.145833333333333,0,1.71079040669439,0.0940090633249479,0.0727392967453308,4.12986577698511,0.00548590135755607,0.00548590135755607
"Leaf187","Leaf68",0.5003367003367,0.968350168350168,0.746127946127946,0.145833333333333,1,0.145833333333333,0.145833333333333,0,1.71079040669439,0.268275683060219,0.236402714422325,2.08513936617238,0.278856861348196,0.278856861348196
"Leaf187","Leaf83",0.5003367003367,0.996632996632997,0.958249158249158,0.145833333333333,0.6875,0.125,0.176470588235294,0.151227686333275,0.82629971354743,0.424524007731209,0.231908414260979,5.72583232498417,0.439962809343156,1.45345697390049
"Leaf187","Leaf86",0.5003367003367,0.481144781144781,0.677441077441077,0.145833333333333,0.895833333333333,0.125,0.136363636363636,0.0523339088890696,0.653926467406664,0.246579747627418,0.63235294117647,8.99505911312875,0.028312995459358,0.860644750947053
"Leaf187","Leaf88",0.5003367003367,0.481144781144781,0.584511784511785,0.145833333333333,0.3125,0.0208333333333333,0.0476190476190476,0.151227686333275,0.82629971354743,0.126028914349808,NA,3.63469795471469,0.0648143665788912,0.470019687732242
"Leaf187","Leaf90",0.5003367003367,0.481144781144781,0.23030303030303,0.145833333333333,0.791666666666667,0.145833333333333,0.184210526315789,0.211965555367819,1.6094379124341,0.18776773252283,0.57800597669134,7.81171555596302,0.52831578432447,0.567487524603699
"Leaf189","Leaf203",0.5003367003367,0.481144781144781,0.896296296296296,0.4375,1,0.4375,0.4375,0,0.246133069538908,0.0877122368945377,0.224104584203856,1.4835851580844,0.195737666154039,0.195737666154039
"Leaf189","Leaf231",0.5003367003367,0.481144781144781,0.823569023569024,0.4375,0.9375,0.395833333333333,0.404255319148936,0.119276675582599,0.817555891188466,0.0723784488429032,0.30364461116205,7.72954519082738,0.0105010215843467,0.346298983412447
"Leaf189","Leaf233",0.5003367003367,0.481144781144781,0.0249158249158249,0.4375,1,0.4375,0.4375,0,0.246133069538908,0.0371341295611939,0.274700939863445,3.81767967710195,0.0987024263973326,0.0987024263973326
"Leaf189","Leaf262",0.5003367003367,0.481144781144781,0.228282828282828,0.4375,0.958333333333333,0.4375,0.456521739130435,0.183892428122457,1.43881239540334,0.0219295021052401,0.176560163947041,7.35225286856354,0.0781252540466631,1.11207634172086
"Leaf189","Leaf265",0.5003367003367,0.481144781144781,0.385858585858586,0.4375,0.708333333333333,0.354166666666667,0.447368421052632,0.196338363124651,0.847297860387204,0.233840959108145,0.17070073337576,6.77441873515924,0.345727844054342,0.585729360282581
"Leaf189","Leaf285",0.5003367003367,0.481144781144781,0.532659932659933,0.4375,0.625,0.291666666666667,0.378378378378378,0.0759033390071081,0.298232283346933,0.0925115874020374,0.327744088084845,6.20945881523162,0.144732966528663,0.213958364583307
"Leaf189","Leaf288",0.5003367003367,0.481144781144781,0.285521885521886,0.25,0.4375,0.125,0.222222222222222,0.0727392967453308,0.327212911208416,0.0708598823766243,0.11595420713049,3.0154621340605,0.118013418207048,0.142488879839836
"Leaf189","Leaf33",0.5003367003367,0.481144781144781,0.222895622895623,0.354166666666667,0.4375,0.208333333333333,0.357142857142857,0.225013344249198,0.914550087396371,0.202544690957731,0.0685361581133937,5.47612298661677,0.22956011284265,0.463627208056679
"Leaf189","Leaf334",0.5003367003367,0.481144781144781,0.361616161616162,0.1875,0.4375,0.104166666666667,0.2,0.114320756170774,0.55431073570573,0.142161294810483,0.0512989176042577,1.67625811872054,0.312473758885698,0.327186616124724
"Leaf189","Leaf344",0.5003367003367,0.481144781144781,0.613468013468014,0.4375,0.479166666666667,0.166666666666667,0.222222222222222,0.173384289372602,0.677734901565059,0.0794344361898681,0.802409595481884,5.38011250564674,0.0305926004719496,0.214481854870068
"Leaf189","Leaf359",0.5003367003367,0.481144781144781,0.439057239057239,0.0416666666666667,0.4375,0.0208333333333333,0.0454545454545455,0.0262703468746367,0.256719846847814,0.071606777061884,NA,1.20704841519086,0.124023128477379,0.311756770156036
"Leaf189","Leaf371",0.5003367003367,0.481144781144781,0.478787878787879,0.25,0.4375,0.125,0.222222222222222,0.0727392967453308,0.327212911208416,0.0296071931935756,0.0338061701891407,4.7737892201258,0.0841274875303292,0.232315413356672
"Leaf189","Leaf391",0.5003367003367,0.481144781144781,0.0801346801346801,0.4375,0.8125,0.333333333333333,0.363636363636364,0.114320756170774,0.554310735705729,0.0828036418623056,0.32239100996277,6.67496576654205,0.109324944662456,0.247798456236001
"Leaf189","Leaf405",0.5003367003367,0.481144781144781,0.144107744107744,0.4375,0.854166666666667,0.416666666666667,0.476190476190476,0.245415911539238,1.41870901980417,0.171796855918924,0.00155968237962894,9.35333944858259,0.288031607688709,0.317010578031087
"Leaf189","Leaf416",0.5003367003367,0.481144781144781,0.412794612794613,0.4375,0.708333333333333,0.354166666666667,0.447368421052632,0.19633836312465,0.847297860387204,0.242219237084899,0.324633456624663,3.41587369361495,0.279774197695593,0.583596676485295
"Leaf189","Leaf420",0.5003367003367,0.481144781144781,0.816835016835017,0.4375,1,0.4375,0.4375,0,0.246133069538908,0.00909689814062043,0.244173651445992,4.88352049919997,0.0673069917544731,0.0673069917544731
"Leaf189","Leaf68",0.5003367003367,0.481144781144781,0.0693602693602694,0.4375,1,0.4375,0.4375,0,0.246133069538908,0.0199919061505004,0.0929866782218984,2.69973944987035,0.12971934337458,0.12971934337458
"Leaf189","Leaf83",0.5003367003367,0.481144781144781,0.573063973063973,0.4375,0.6875,0.291666666666667,0.35,0.0396392260007042,0.171102673189166,0.0760314157705611,0.524588215662927,9.14446757515976,0.0248681451170345,0.0707237573200736
"Leaf189","Leaf86",0.5003367003367,0.481144781144781,0.136700336700337,0.4375,0.895833333333333,0.395833333333333,0.422222222222222,0.0257769631113234,0.108213584640233,0.135557324472202,0.585877164517582,8.09567005354384,0.0800827455672237,0.452352438126942
"Leaf189","Leaf88",0.5003367003367,0.481144781144781,0.664646464646465,0.3125,0.4375,0.1875,0.333333333333333,0.220847116289638,0.921813912530265,0.311703742558506,0.355944985326645,2.66239650753156,0.526610015875852,0.660421337869622
"Leaf189","Leaf90",0.5003367003367,0.481144781144781,0.723232323232323,0.4375,0.791666666666667,0.333333333333333,0.372093023255814,0.0646305611941233,0.31015492830384,0.0526207938310023,0.50574800287967,8.74563585922607,0.174602572248411,0.355615174653114
"Leaf2","Leaf203",0.5003367003367,0.481144781144781,0.920538720538721,0.520833333333333,1,0.520833333333333,0.520833333333333,0,0.0816780310142671,0.139471055789959,0.269226055288683,2.49568587153323,0.156156474517901,0.156156474517901
"Leaf2","Leaf231",0.5003367003367,0.481144781144781,0.678114478114478,0.520833333333333,0.9375,0.5,0.521739130434783,0.0969087423704697,0.641445806183055,0.0977062959180843,0.0264569013018773,8.88945223817408,0.0357440579768652,0.272600760091885
"Leaf2","Leaf233",0.5003367003367,0.481144781144781,0.520538720538721,0.520833333333333,1,0.520833333333333,0.520833333333333,0,0.0816780310142671,0.095963600450778,0.0762694472775595,4.63378782713448,0.138369540081358,0.138369540081358
"Leaf2","Leaf262",0.5003367003367,0.481144781144781,0.24040404040404,0.520833333333333,0.958333333333333,0.479166666666667,0.479166666666667,0.2,1.6094379124341,0.0357792556374052,0.418355697514566,8.89126839564045,0.198240207834763,1.6645945905281
"Leaf2","Leaf265",0.5003367003367,0.481144781144781,0.945454545454546,0.520833333333333,0.708333333333333,0.3125,0.340909090909091,0.24848830496729,1.0768723020317,0.312901177599908,0.283859486680362,10.9807750978115,0.171603911160727,0.789167259863798
"Leaf2","Leaf285",0.5003367003367,0.481144781144781,0.828956228956229,0.520833333333333,0.625,0.354166666666667,0.447368421052632,0.118444018452796,0.470820289152292,0.222585387071735,0.393192547906208,5.80572321904791,0.188986008818559,0.848653155291097
"Leaf2","Leaf288",0.5003367003367,0.481144781144781,0.272727272727273,0.25,0.520833333333333,0.104166666666667,0.15625,0.120385853085769,0.527219433541667,0.086630526109348,0.5,4.37654198917136,0.0657229657825497,0.223235877670399
"Leaf2","Leaf33",0.5003367003367,0.481144781144781,0.790572390572391,0.354166666666667,0.520833333333333,0.25,0.4,0.274307522282554,1.13606159870973,0.235745971326706,0.021201545790383,5.85772391610253,0.48071379323024,0.531457053795532
"Leaf2","Leaf334",0.5003367003367,0.481144781144781,0.643097643097643,0.1875,0.520833333333333,0.166666666666667,0.307692307692308,0.353923698545914,1.98591548366901,0.285432974720088,0.73369057243019,2.6494856435687,0.628085835257441,0.77284100528167
"Leaf2","Leaf344",0.5003367003367,0.481144781144781,0.537373737373737,0.479166666666667,0.520833333333333,0.208333333333333,0.263157894736842,0.165217391304348,0.640779195042629,0.128586638785764,0.105590062111801,6.78814661920178,0.168656250159743,0.272944959705897
"Leaf2","Leaf359",0.5003367003367,0.481144781144781,0.162289562289562,0.0416666666666667,0.520833333333333,0.0416666666666667,0.08,0.2,1.6094379124341,0.120503980626741,NA,2.3183799613114,0.400923578777272,0.723357090400643
"Leaf2","Leaf371",0.5003367003367,0.481144781144781,0.565656565656566,0.25,0.520833333333333,0.125,0.193548387096774,0.024077170617154,0.108213584640233,0.00898138000346259,0.231908414260979,5.33906361438026,0.0950980390276078,0.126435476650855
"Leaf2","Leaf391",0.5003367003367,0.481144781144781,0.183838383838384,0.520833333333333,0.8125,0.458333333333333,0.523809523809524,0.180300752089428,0.87035363668713,0.130215308536604,0.288951037715203,7.4193720493387,0.337785182083855,0.494724073135856
"Leaf2","Leaf405",0.5003367003367,0.481144781144781,0.206734006734007,0.520833333333333,0.854166666666667,0.4375,0.466666666666667,0.0418479367548121,0.203686379291651,0.0638419573634507,0.040629802308824,10.3229406962266,0.242637186954523,0.258765947040392
"Leaf2","Leaf416",0.5003367003367,0.481144781144781,0.921885521885522,0.520833333333333,0.708333333333333,0.395833333333333,0.475,0.1185098069844,0.49783842823918,0.0161219652031527,0.111569271714944,5.99370391936074,0.117898907880938,0.277570980916817
"Leaf2","Leaf420",0.5003367003367,0.481144781144781,0.372390572390572,0.520833333333333,1,0.520833333333333,0.520833333333333,0,0.0816780310142671,0.0757416594351117,0.0644009873695719,5.6447878321182,0.21872953508909,0.21872953508909
"Leaf2","Leaf68",0.5003367003367,0.481144781144781,0.304377104377104,0.520833333333333,1,0.520833333333333,0.520833333333333,0,0.0816780310142671,0.0968228817054263,0.18791356171161,3.92359444690526,0.333673365609158,0.333673365609158
"Leaf2","Leaf83",0.5003367003367,0.971717171717172,0.641077441077441,0.520833333333333,0.6875,0.333333333333333,0.380952380952381,0.106841095851951,0.438330121727837,0.0436520239028443,0.464634642301886,10.3982650726181,0.00988383767450115,0.0874896118704086
"Leaf2","Leaf86",0.5003367003367,0.481144781144781,0.609427609427609,0.520833333333333,0.895833333333333,0.458333333333333,0.478260869565217,0.0540381470322725,0.291009862544456,0.0425307147947693,0.0422703946673839,9.69810767655427,0.0547036346233491,0.146552518086392
"Leaf2","Leaf88",0.5003367003367,0.481144781144781,0.596632996632997,0.3125,0.520833333333333,0.208333333333333,0.333333333333333,0.196812544990436,0.823557873084131,0.084249739965197,0.321435348261442,4.94101318626782,0.0662020920622335,0.287837922149231
"Leaf2","Leaf90",0.5003367003367,0.481144781144781,0.843771043771044,0.520833333333333,0.791666666666667,0.416666666666667,0.465116279069767,0.0213931274920279,0.102654154060083,0.242446437703657,0.23717712899958,7.57737265007953,0.00702031406574294,0.747111586148708
"Leaf202","Leaf203",0.5003367003367,0.481144781144781,0.228956228956229,1,1,1,1,0,4.57471097850338,0.144113336802434,0.144113336802434,2.41186414419047,NA,NA
"Leaf202","Leaf231",0.5003367003367,0.481144781144781,0.725252525252525,0.9375,1,0.9375,0.9375,0,2.56494935746154,0.037172806809993,0.0435341452444462,8.08397561374574,0.521863204027986,0.521863204027986
"Leaf202","Leaf233",0.5003367003367,0.481144781144781,0.956228956228956,1,1,1,1,0,4.57471097850338,0.161763109325806,0.161763109325806,3.20358291634935,NA,NA
"Leaf202","Leaf262",0.5003367003367,0.963636363636364,0.918518518518519,0.958333333333333,1,0.958333333333333,0.958333333333333,0,2.92316158071916,0.241542073877279,0.243076832932281,8.90638369171723,0.136819179844964,0.136819179844964
"Leaf202","Leaf265",0.5003367003367,0.481144781144781,0.0484848484848485,0.708333333333333,1,0.708333333333333,0.708333333333333,0,0.866810674610785,0.113980695538009,0.0187308027609505,7.98984295998756,0.0302170977295519,0.0302170977295519
"Leaf202","Leaf285",0.5003367003367,0.481144781144781,0.981144781144781,0.625,1,0.625,0.625,0,0.499955951529087,0.0819929070421077,0.38518823446829,8.21702388296559,0.254022120551704,0.254022120551704
"Leaf202","Leaf288",0.5003367003367,0.964309764309764,0.957575757575757,0.25,1,0.25,0.25,0,1.07158361628019,0.306876118668803,0.4238185133447,2.50029332230669,0.825497205885957,0.825497205885957
"Leaf202","Leaf33",0.5003367003367,0.481144781144781,0.974410774410774,0.354166666666667,1,0.354166666666667,0.354166666666667,0,0.587786664902119,0.294316809336998,0.0591873147557474,8.04789639540022,0.79927347016435,0.79927347016435
"Leaf202","Leaf334",0.5003367003367,0.481144781144781,0.8,0.1875,1,0.1875,0.1875,0,1.42500887330058,0.0200594364411883,0.297286402132634,2.90007336529995,0.339826700467158,0.339826700467158
"Leaf202","Leaf344",0.5003367003367,0.481144781144781,0.898989898989899,0.479166666666667,1,0.479166666666667,0.479166666666667,0,0.0816780310142672,0.0910644343134409,0.0511202227711663,4.3535671580622,0.29568532582789,0.29568532582789
"Leaf202","Leaf359",0.5003367003367,0.481144781144781,0.45993265993266,0.0416666666666667,1,0.0416666666666667,0.0416666666666667,0,2.92316158071916,0.101423369292464,NA,1.55640730321468,0.47802363319768,0.47802363319768
"Leaf202","Leaf371",0.5003367003367,0.481144781144781,0.785185185185185,0.25,1,0.25,0.25,0,1.07158361628019,0.134378760966276,0.105078970250752,4.22417463888742,0.0611580623581499,0.0611580623581499
"Leaf202","Leaf391",0.5003367003367,0.481144781144781,0.882828282828283,0.8125,1,0.8125,0.8125,0,1.42500887330058,0.177528551993066,0.0176417143821066,5.89914410023625,0.596170412194095,0.596170412194095
"Leaf202","Leaf405",0.5003367003367,0.481144781144781,0.127946127946128,0.854166666666667,1,0.854166666666667,0.854166666666667,0,1.71079040669439,5.4414524918892e-05,0.0322792088297541,9.9620970201584,0.105554480006011,0.105554480006011
"Leaf202","Leaf416",0.5003367003367,0.481144781144781,0.295622895622896,0.708333333333333,1,0.708333333333333,0.708333333333333,0,0.866810674610785,0.188238115947637,0.156290749061589,4.22914188697577,0.118164532051268,0.118164532051268
"Leaf202","Leaf420",0.5003367003367,0.481144781144781,0.793939393939394,1,1,1,1,0,4.57471097850338,0.0366720957644826,0.0366720957644826,5.21740217432036,NA,NA
"Leaf202","Leaf68",0.5003367003367,0.999326599326599,1,1,1,1,1,0,4.57471097850338,0.99625468311558,0.99625468311558,0.00547899325765328,NA,NA
"Leaf202","Leaf83",0.5003367003367,0.481144781144781,0.962289562289562,0.6875,1,0.6875,0.6875,0,0.77070541490582,0.279610123707604,0.344313890898225,6.94926799110034,0.500114254604306,0.500114254604306
"Leaf202","Leaf86",0.5003367003367,0.481144781144781,0.32996632996633,0.895833333333333,1,0.895833333333333,0.895833333333333,0,2.06801284585621,0.169846319999701,0.409977553807379,8.83861113376673,0.850853986810358,0.850853986810358
"Leaf202","Leaf88",0.5003367003367,0.481144781144781,0.0828282828282828,0.3125,1,0.3125,0.3125,0,0.77070541490582,0.0136876406387662,0.233850910477398,3.72419713865897,0.247503193952444,0.247503193952444
"Leaf202","Leaf90",0.5003367003367,0.99057239057239,0.995959595959596,0.791666666666667,1,0.791666666666667,0.791666666666667,0,1.29928298413026,0.213367420432806,0.448963177331263,11.0480332467634,0.161178298806484,0.161178298806484
"Leaf203","Leaf220",0.5003367003367,0.481144781144781,0.560942760942761,0.0833333333333333,1,0.0833333333333333,0.0833333333333333,0,2.29141179239592,0.178636231029239,0.258198889747161,0.861228509582804,0.591935791634556,0.591935791634556
"Leaf203","Leaf222",0.5003367003367,0.481144781144781,0.860606060606061,0.0625,1,0.0625,0.0625,0,2.56494935746154,0.258183302506599,1,0.661924556982961,1.17482231978383,1.17482231978383
"Leaf203","Leaf225",0.5003367003367,0.481144781144781,0.127272727272727,0.208333333333333,1,0.208333333333333,0.208333333333333,0,1.29928298413026,0.0471099113425123,0.157041410659751,1.44678726291742,0.149680163052835,0.149680163052835
"Leaf203","Leaf231",0.5003367003367,0.481144781144781,0.831649831649832,0.9375,1,0.9375,0.9375,0,2.56494935746154,0.314852060410117,0.258221868908821,5.83548072735797,0.911882988197826,0.911882988197826
"Leaf203","Leaf233",0.5003367003367,0.481144781144781,0.574410774410774,1,1,1,1,0,4.57471097850338,0.0834826033906376,0.0834826033906376,3.19590758101465,NA,NA
"Leaf203","Leaf234",0.5003367003367,0.481144781144781,0.478114478114478,0.145833333333333,1,0.145833333333333,0.145833333333333,0,1.71079040669439,0.0110592616183204,0.177324841403798,1.19323352394356,0.158960217947824,0.158960217947824
"Leaf203","Leaf242",0.5003367003367,0.481144781144781,0.11986531986532,0.708333333333333,1,0.708333333333333,0.708333333333333,0,0.866810674610785,0.099393582069961,0.0979807311869289,6.24586216216279,0.179016526769764,0.179016526769764
"Leaf203","Leaf26",0.5003367003367,0.481144781144781,0.753535353535354,0.833333333333333,1,0.833333333333333,0.833333333333333,0,1.56123581061622,0.0297631295448249,0.045605970648223,6.07176070337596,0.00415056325760584,0.00415056325760584
"Leaf203","Leaf262",0.5003367003367,0.481144781144781,0.146127946127946,0.958333333333333,1,0.958333333333333,0.958333333333333,0,2.92316158071916,0.125483012817036,0.0918619113313619,6.97738242131087,0.542797865514573,0.542797865514573
"Leaf203","Leaf263",0.5003367003367,0.481144781144781,0.455218855218855,0.145833333333333,1,0.145833333333333,0.145833333333333,0,1.71079040669439,0.125022908866865,0.179284291400159,1.23990138651907,0.235247321274089,0.235247321274089
"Leaf203","Leaf265",0.5003367003367,0.481144781144781,0.995286195286195,0.708333333333333,1,0.708333333333333,0.708333333333333,0,0.866810674610785,0.40145091048508,0.335142049400478,9.03895905507629,0.720163877185958,0.720163877185958
"Leaf203","Leaf281",0.5003367003367,0.481144781144781,0.215488215488215,0.541666666666667,1,0.541666666666667,0.541666666666667,0,0.163629423781802,0.0197006521172747,0.0671881728345186,3.22370891830302,0.0743550334017673,0.0743550334017673
"Leaf203","Leaf285",0.5003367003367,0.481144781144781,0.220875420875421,0.625,1,0.625,0.625,0,0.499955951529087,0.104491254937904,0.0519127667223892,5.42359653713982,0.167981331426369,0.167981331426369
"Leaf203","Leaf288",0.5003367003367,0.481144781144781,0.411447811447811,0.25,1,0.25,0.25,0,1.07158361628019,0.059316169535389,0.497373792520226,3.02231297898439,0.150019229868357,0.150019229868357
"Leaf203","Leaf3",0.5003367003367,0.481144781144781,0.668013468013468,0.541666666666667,1,0.541666666666667,0.541666666666667,0,0.163629423781802,0.00504015856468305,0.113897534474841,3.37011242205659,0.109992463858652,0.109992463858652
"Leaf203","Leaf324",0.5003367003367,0.481144781144781,0.325252525252525,0.458333333333333,1,0.458333333333333,0.458333333333333,0,0.163629423781802,0.09315731769039,0.117015337645849,4.40718977486513,0.000376772328894814,0.000376772328894814
"Leaf203","Leaf33",0.5003367003367,0.481144781144781,0.497643097643098,0.354166666666667,1,0.354166666666667,0.354166666666667,0,0.587786664902119,0.0573548404743357,0.0332928645501079,5.20536958440051,0.22114097233893,0.22114097233893
"Leaf203","Leaf334",0.5003367003367,0.481144781144781,0.808754208754209,0.1875,1,0.1875,0.1875,0,1.42500887330058,0.0775217252920329,0.096180894807617,1.19365925494632,0.226571834524906,0.226571834524906
"Leaf203","Leaf336",0.5003367003367,0.481144781144781,0.930639730639731,0.958333333333333,1,0.958333333333333,0.958333333333333,0,2.92316158071916,0.189141328343962,0.154186009848987,1.62850331981796,0.82396772456247,0.82396772456247
"Leaf203","Leaf337",0.5003367003367,0.481144781144781,0.503703703703704,0.208333333333333,1,0.208333333333333,0.208333333333333,0,1.29928298413026,0.090650816701278,0.674199862463242,0.864384610518932,0.123128956214406,0.123128956214406
"Leaf203","Leaf344",0.5003367003367,0.481144781144781,0.774410774410774,0.479166666666667,1,0.479166666666667,0.479166666666667,0,0.0816780310142672,0.122331855489482,0.494663332109226,5.13839946018387,0.0255975519884228,0.0255975519884228
"Leaf203","Leaf351",0.5003367003367,0.481144781144781,0.424242424242424,0.145833333333333,1,0.145833333333333,0.145833333333333,0,1.71079040669439,0.0140673807785036,0.07881104062391,1.269075185223,0.0518278558227952,0.0518278558227952
"Leaf203","Leaf354",0.5003367003367,0.481144781144781,0.997306397306397,0.875,1,0.875,0.875,0,1.87770189902878,0.317348077327664,0.278360344290967,1.74962864031452,0.596664122456507,0.596664122456507
"Leaf203","Leaf357",0.5003367003367,0.481144781144781,0.504377104377104,0.4375,1,0.4375,0.4375,0,0.246133069538908,0.0221735086902473,0.178008475364616,2.32269778839868,0.0964419503024999,0.0964419503024999
"Leaf203","Leaf359",0.5003367003367,0.481144781144781,0.00606060606060606,0.0416666666666667,1,0.0416666666666667,0.0416666666666667,0,2.92316158071916,0.146248635677729,NA,0.789705291753714,0.717489776910852,0.717489776910852
"Leaf203","Leaf363",0.5003367003367,0.481144781144781,0.517171717171717,0.291666666666667,1,0.291666666666667,0.291666666666667,0,0.866810674610785,0.0316400441947401,0.32009141989854,3.64104682362384,0.00225612474850571,0.00225612474850571
"Leaf203","Leaf371",0.5003367003367,0.481144781144781,0.405387205387205,0.25,1,0.25,0.25,0,1.07158361628019,0.0642413388469916,0.0140105293667669,4.04462736953965,0.145382780895952,0.145382780895952
"Leaf203","Leaf380",0.5003367003367,0.481144781144781,0.965656565656566,0.395833333333333,1,0.395833333333333,0.395833333333333,0,0.413975797776073,0.120445595128742,0.185323191324017,3.11507977384316,0.175964807603228,0.175964807603228
"Leaf203","Leaf391",0.5003367003367,0.481144781144781,0.471380471380471,0.8125,1,0.8125,0.8125,0,1.42500887330058,0.0285054937281904,0.0301110574906923,6.56094329924495,0.111368736668275,0.111368736668275
"Leaf203","Leaf396",0.5003367003367,0.481144781144781,0.417508417508417,0.375,1,0.375,0.375,0,0.499955951529087,0.0336724026278402,0.217888788966338,1.42592034904878,0.00704755610150135,0.00704755610150135
"Leaf203","Leaf405",0.5003367003367,0.481144781144781,0.936700336700337,0.854166666666667,1,0.854166666666667,0.854166666666667,0,1.71079040669439,0.282831348032906,0.154067791333367,10.1477237820175,0.544669986378552,0.544669986378552
"Leaf203","Leaf41",0.5003367003367,0.481144781144781,0.955555555555556,0.520833333333333,1,0.520833333333333,0.520833333333333,0,0.0816780310142671,0.392164294523457,0.0529783479124218,3.08468575760484,0.823485913737936,0.823485913737936
"Leaf203","Leaf416",0.5003367003367,0.481144781144781,0.212121212121212,0.708333333333333,1,0.708333333333333,0.708333333333333,0,0.866810674610785,0.0766978448294803,0.170179712461342,3.62715242864559,0.0954588670825253,0.0954588670825253
"Leaf203","Leaf420",0.5003367003367,0.481144781144781,0.950841750841751,1,1,1,1,0,4.57471097850338,0.114163184837333,0.114163184837333,4.5654363964859,NA,NA
"Leaf203","Leaf427",0.5003367003367,0.481144781144781,0.756228956228956,0.333333333333333,1,0.333333333333333,0.333333333333333,0,0.677879708429157,0.197026850833922,0.421261669594318,2.87978349183831,0.358998654250024,0.358998654250024
"Leaf203","Leaf443",0.5003367003367,0.481144781144781,0.684848484848485,0.395833333333333,1,0.395833333333333,0.395833333333333,0,0.413975797776073,0.0763519945487356,0.00177394494124005,3.21676985898093,0.144742875056765,0.144742875056765
"Leaf203","Leaf5",0.5003367003367,0.481144781144781,0.91986531986532,0.0625,1,0.0625,0.0625,0,2.56494935746154,0.272670541925807,0.5,1.21312747186163,1.36474465739349,1.36474465739349
"Leaf203","Leaf68",0.5003367003367,0.481144781144781,0.0767676767676768,1,1,1,1,0,4.57471097850338,0.134824142422927,0.134824142422927,2.3745573009647,NA,NA
"Leaf203","Leaf70",0.5003367003367,0.481144781144781,0.451178451178451,0.208333333333333,1,0.208333333333333,0.208333333333333,0,1.29928298413026,0.114544878436178,0.134148835330203,2.68760774044103,0.355989373930013,0.355989373930013
"Leaf203","Leaf82",0.5003367003367,0.481144781144781,0.265993265993266,0.8125,1,0.8125,0.8125,0,1.42500887330058,0.0227231155054544,0.0587788665190084,5.86580276738337,0.0497394298122174,0.0497394298122174
"Leaf203","Leaf83",0.5003367003367,0.481144781144781,0.671380471380472,0.6875,1,0.6875,0.6875,0,0.77070541490582,0.0403920763192898,0.247797233637822,8.54687004428944,0.212868811221992,0.212868811221992
"Leaf203","Leaf86",0.5003367003367,0.481144781144781,0.204713804713805,0.895833333333333,1,0.895833333333333,0.895833333333333,0,2.06801284585621,0.00945652978344085,0.105971336732659,7.83274057437166,0.521446098000556,0.521446098000556
"Leaf203","Leaf88",0.5003367003367,0.481144781144781,0.64983164983165,0.3125,1,0.3125,0.3125,0,0.77070541490582,0.0870142867896848,0.358084206668516,3.31906897232599,0.292706179523717,0.292706179523717
"Leaf203","Leaf90",0.5003367003367,0.481144781144781,0.197306397306397,0.791666666666667,1,0.791666666666667,0.791666666666667,0,1.29928298413026,0.187724720170143,0.139623371936137,7.41230534766745,0.152585863142285,0.152585863142285
"Leaf220","Leaf231",0.5003367003367,0.481144781144781,0.360942760942761,0.0833333333333333,0.9375,0.0833333333333333,0.0888888888888889,0.0778498944161523,0.275705881405065,0.081938574608954,0.258198889747161,5.81626851358854,0.41913259810114,0.83833101165045
"Leaf220","Leaf233",0.5003367003367,0.481144781144781,0.0585858585858586,0.0833333333333333,1,0.0833333333333333,0.0833333333333333,0,2.29141179239592,0.082016266092481,0.774596669241483,2.98782713824674,0.336495428003679,0.336495428003679
"Leaf220","Leaf262",0.5003367003367,0.481144781144781,0.0808080808080808,0.0833333333333333,0.958333333333333,0.0833333333333333,0.0869565217391304,0.0628694613461931,0.635988766719997,0.339641469248587,0.774596669241483,6.16858430555678,0.414249880573296,1.51326116849763
"Leaf220","Leaf265",0.5003367003367,0.481144781144781,0.223569023569024,0.0833333333333333,0.708333333333333,0.0416666666666667,0.0555555555555556,0.138197498205695,0.955511445027436,0.17021597252405,NA,7.17397278178928,0.173386572422361,0.831986170716854
"Leaf220","Leaf285",0.5003367003367,0.481144781144781,0.76026936026936,0.0833333333333333,0.625,0.0833333333333333,0.133333333333333,0.233549683248457,1.83785057642832,0.0957933981559726,0.258198889747161,5.29653515232013,0.0179570596768359,0.522269438699985
"Leaf220","Leaf288",0.5003367003367,0.481144781144781,0.404040404040404,0.0833333333333333,0.25,0.0208333333333333,0.0666666666666667,1.44948766286094e-16,0.221900543074613,0.00692702580803584,NA,2.2169769863188,0.0588479392404403,0.0647671454829512
"Leaf220","Leaf33",0.5003367003367,0.481144781144781,0.139393939393939,0.0833333333333333,0.354166666666667,0.0208333333333333,0.05,0.0656702022996026,0.300754154019134,0.0792693484643762,NA,5.21729026941578,0.191728852612812,0.43585868482487
"Leaf220","Leaf334",0.5003367003367,0.481144781144781,0.199326599326599,0.0833333333333333,0.1875,0,0,0.14484136487558,0.878983679461344,0.143811191988427,NA,0.918897546280953,0.452571071517129,0.612457892376587
"Leaf220","Leaf344",0.5003367003367,0.481144781144781,0.608754208754209,0.0833333333333333,0.479166666666667,0.0416666666666667,0.08,0.0125738922692387,0.0889474860164961,0.0915918603860728,NA,3.71193048823772,0.114623336799095,0.410467450381507
"Leaf220","Leaf359",0.5003367003367,0.481144781144781,0.682828282828283,0.0416666666666667,0.0833333333333333,0,0,0.0628694613461931,0.635988766719997,0.0628106354402645,NA,0.235551286629184,0.299547684798516,0.414249880573296
"Leaf220","Leaf371",0.5003367003367,0.481144781144781,0.836363636363636,0.0833333333333333,0.25,0.0416666666666667,0.142857142857143,0.174077655955698,1.18958406687384,0.192467039655533,NA,3.10632709178416,0.247030939571862,0.688762404422908
"Leaf220","Leaf391",0.5003367003367,0.481144781144781,0.135353535353535,0.0833333333333333,0.8125,0.0833333333333333,0.102564102564103,0.14484136487558,0.878983679461344,0.153675277679184,0.774596669241483,5.84598621990975,0.452571071517129,0.490807282405109
"Leaf220","Leaf405",0.5003367003367,0.481144781144781,0.37979797979798,0.0833333333333333,0.854166666666667,0.0833333333333333,0.0975609756097561,0.124583563528871,0.587786664902119,0.167098793250374,0.258198889747161,8.24224591883246,0.44055004442513,0.756677206347839
"Leaf220","Leaf416",0.5003367003367,0.481144781144781,0.408754208754209,0.0833333333333333,0.708333333333333,0.0416666666666667,0.0555555555555556,0.138197498205696,0.955511445027436,0.129079705871769,NA,3.22682099144262,0.173386572422361,0.563423547380823
"Leaf220","Leaf420",0.5003367003367,0.481144781144781,0.556902356902357,0.0833333333333333,1,0.0833333333333333,0.0833333333333333,0,2.29141179239592,0.0210727651073098,0.258198889747161,3.29840288666109,0.657756414506812,0.657756414506812
"Leaf220","Leaf68",0.5003367003367,0.481144781144781,0.705050505050505,0.0833333333333333,1,0.0833333333333333,0.0833333333333333,0,2.29141179239592,0.130720488654243,0.258198889747161,1.58319908261721,0.159337091368701,0.159337091368701
"Leaf220","Leaf83",0.5003367003367,0.481144781144781,0.797306397306397,0.0833333333333333,0.6875,0.0833333333333333,0.121212121212121,0.203278907045435,1.55367433791565,0.254162907686375,0.258198889747161,7.14294021742143,0.495576274612621,0.84333351070456
"Leaf220","Leaf86",0.5003367003367,0.481144781144781,0.490909090909091,0.0833333333333333,0.895833333333333,0.0416666666666667,0.0444444444444444,0.390695157547516,2.47293045874128,0.329496239148319,NA,7.8939787544842,0.755765225024288,1.51933049039299
"Leaf220","Leaf88",0.5003367003367,0.481144781144781,0.599326599326599,0.0833333333333333,0.3125,0,0,0.203278907045435,1.55367433791565,0.198709644536576,NA,2.78834619532606,0.495576274612621,0.755067242421482
"Leaf220","Leaf90",0.5003367003367,0.481144781144781,0.494949494949495,0.0833333333333333,0.791666666666667,0.0625,0.0769230769230769,0.0309344112444873,0.470943037487671,0.0918717624284767,0.5,7.38027657144231,0.002237698063636,0.156579160304992
"Leaf222","Leaf231",0.5003367003367,0.984511784511785,0.42020202020202,0.0625,0.9375,0.0625,0.0666666666666667,0.0666666666666667,0.55083095837969,0.401958595229816,1,5.55207931337285,0.368683179449822,1.52627764857496
"Leaf222","Leaf233",0.5003367003367,0.481144781144781,0.456565656565657,0.0625,1,0.0625,0.0625,0,2.56494935746154,0.0223788255777502,0.5,2.92739892645515,0.241832227701336,0.241832227701336
"Leaf222","Leaf262",0.5003367003367,0.997306397306397,0.472053872053872,0.0625,0.958333333333333,0.0625,0.0652173913043478,0.0538381902058166,0.91056005716517,0.382912349849027,0.5,5.9285675807923,0.364468544377461,1.94198263231816
"Leaf222","Leaf265",0.5003367003367,0.481144781144781,0.515151515151515,0.0625,0.708333333333333,0.0625,0.0882352941176471,0.165683373915903,1.17007125265025,0.0552711965342041,0.866025403784439,7.37769909898471,0.427421630952247,0.714204626465457
"Leaf222","Leaf285",0.5003367003367,0.481144781144781,0.306397306397306,0.0625,0.625,0.0625,0.1,0.2,1.54949487646707,0.0321099201799255,0.866025403784439,5.57259044435374,0.121347596740998,0.456981132000537
"Leaf222","Leaf288",0.5003367003367,0.481144781144781,0.0653198653198653,0.0625,0.25,0,0,0.149071198499986,0.960093354532548,0.146972931352401,NA,2.60785218408958,0.414646088973552,0.740839168401547
"Leaf222","Leaf33",0.5003367003367,0.481144781144781,0.63030303030303,0.0625,0.354166666666667,0.0416666666666667,0.111111111111111,0.168709804405277,1.18771228345416,0.174981324538156,NA,4.85536507145739,0.33034661219905,0.555967665038739
"Leaf222","Leaf334",0.5003367003367,0.481144781144781,0.323905723905724,0.0625,0.1875,0.0208333333333333,0.0909090909090909,0.096471460236051,0.973449145714104,0.0997856309692791,NA,0.970212387404281,0.143212017815493,0.330040234604118
"Leaf222","Leaf344",0.5003367003367,0.481144781144781,0.562962962962963,0.0625,0.479166666666667,0.0208333333333333,0.04,0.0753734662881432,0.467340511826252,0.128639063807562,NA,4.54829187547638,0.20329286714546,0.798492300925447
"Leaf222","Leaf359",0.5003367003367,0.481144781144781,0.104377104377104,0.0416666666666667,0.0625,0,0,0.0538381902058167,0.91056005716517,0.0537928075317924,NA,0.426790426657392,0.296126194591816,0.364468544377461
"Leaf222","Leaf371",0.5003367003367,0.481144781144781,0.131986531986532,0.0625,0.25,0,0,0.149071198499986,0.960093354532548,0.146972931352401,NA,3.81460330868634,0.414646088973552,0.755709697201111
"Leaf222","Leaf391",0.5003367003367,0.481144781144781,0.548148148148148,0.0625,0.8125,0.0416666666666667,0.05,0.096471460236051,0.973449145714104,0.130670152860114,NA,6.65171311486699,0.143212017815493,0.583434502319638
"Leaf222","Leaf405",0.5003367003367,0.481144781144781,0.752188552188552,0.0625,0.854166666666667,0.0416666666666667,0.0476190476190476,0.137168987057764,1.29367287123949,0.290463005188018,NA,9.68757266537378,0.283182024165779,1.3635386131844
"Leaf222","Leaf416",0.5003367003367,0.481144781144781,0.203367003367003,0.0625,0.708333333333333,0.0625,0.0882352941176471,0.165683373915903,1.17007125265025,0.360509952379582,0.5,2.88514906456448,0.427421630952247,1.09638353969752
"Leaf222","Leaf420",0.5003367003367,0.481144781144781,0.575084175084175,0.0625,1,0.0625,0.0625,0,2.56494935746154,0.0173357701944788,1,3.75621249158076,0.0297858417825559,0.0297858417825559
"Leaf222","Leaf68",0.5003367003367,0.481144781144781,0.656565656565657,0.0625,1,0.0625,0.0625,0,2.56494935746154,0.138922278002048,0.5,2.16444598294802,0.861996255040535,0.861996255040535
"Leaf222","Leaf83",0.5003367003367,0.481144781144781,0.453872053872054,0.0625,0.6875,0.0208333333333333,0.0285714285714286,0.197288010083124,1.3893760276573,0.240453506227641,NA,8.39799105242661,0.305434397807478,1.14393287446852
"Leaf222","Leaf86",0.5003367003367,0.481144781144781,0.597306397306397,0.0625,0.895833333333333,0.0625,0.0697674418604651,0.0880450906325622,0.0506437328187549,0.00673499735920108,0.5,7.49236400851356,0.0037319094735759,0.377571192110549
"Leaf222","Leaf88",0.5003367003367,0.481144781144781,0.183164983164983,0.0625,0.3125,0.0416666666666667,0.125,0.197288010083124,1.3893760276573,0.154738257889093,NA,2.73726417911052,0.0906290302927049,0.409205621404588
"Leaf222","Leaf90",0.5003367003367,0.481144781144781,0.221548821548822,0.0625,0.791666666666667,0.0625,0.0789473684210526,0.132453235706504,0.727752709737421,0.167880085333032,0.5,7.15865136663871,0.402953660861911,0.456135639465308
"Leaf225","Leaf231",0.5003367003367,0.481144781144781,0.736026936026936,0.208333333333333,0.9375,0.1875,0.195652173913043,0.0794719414239026,0.83519483821596,0.219263974744738,0.383405790253616,5.96535016829172,0.0207130667201521,0.156225123378405
"Leaf225","Leaf233",0.5003367003367,0.481144781144781,0.455892255892256,0.208333333333333,1,0.208333333333333,0.208333333333333,0,1.29928298413026,0.191973733582387,0.150213523239762,3.86079140637064,0.460889454776265,0.460889454776265
"Leaf225","Leaf262",0.5003367003367,0.481144781144781,0.758922558922559,0.208333333333333,0.958333333333333,0.208333333333333,0.217391304347826,0.10696563746014,0.363500909009132,0.0287865558291748,0.0308190263106934,7.50470172320712,0.131186194765629,0.633098174644191
"Leaf225","Leaf265",0.5003367003367,0.481144781144781,0.331313131313131,0.208333333333333,0.708333333333333,0.1875,0.257142857142857,0.216317947068187,1.20983792377833,0.0711914246892585,0.0354005216196922,7.30696930261457,0.0611318029176549,0.220627669947072
"Leaf225","Leaf285",0.5003367003367,0.481144781144781,0.746801346801347,0.208333333333333,0.625,0.1875,0.290322580645161,0.29139711855431,1.63997463629418,0.314703328417176,0.0248574780802505,4.61081301222374,0.530623252291604,0.759149968589842
"Leaf225","Leaf288",0.5003367003367,0.481144781144781,0.178451178451178,0.208333333333333,0.25,0.0416666666666667,0.1,0.0592348877759092,0.225246601510988,0.0537437039141114,NA,2.83828433860723,0.174149354249264,0.182232837337281
"Leaf225","Leaf33",0.5003367003367,0.481144781144781,0.0525252525252525,0.208333333333333,0.354166666666667,0.0833333333333333,0.173913043478261,0.0491615508755588,0.268263986594679,0.00385453397067731,0.258198889747161,5.71780809037417,0.09985755348402,0.102275107306075
"Leaf225","Leaf334",0.5003367003367,0.481144781144781,0.373063973063973,0.1875,0.208333333333333,0.0416666666666667,0.117647058823529,0.0164288019363381,0.211309093667207,0.028646135870979,NA,1.25059301092122,0.158560298208855,0.223499238951448
"Leaf225","Leaf344",0.5003367003367,0.481144781144781,0.554882154882155,0.208333333333333,0.479166666666667,0.0416666666666667,0.0645161290322581,0.286667908393174,1.42962748582626,0.245267302137564,NA,5.08766342421856,0.543970295771408,0.55526283455608
"Leaf225","Leaf359",0.5003367003367,0.481144781144781,0.122558922558923,0.0416666666666667,0.208333333333333,0.0208333333333333,0.0909090909090909,0.149751892444195,1.37304913436987,0.122557823693685,NA,0.716590515557827,0.219683365566957,0.258743747753934
"Leaf225","Leaf371",0.5003367003367,0.481144781144781,0.0175084175084175,0.208333333333333,0.25,0.0416666666666667,0.1,0.0592348877759093,0.225246601510988,0.090160477981499,NA,4.27580808539046,0.0595682474923943,0.565802080662597
"Leaf225","Leaf391",0.5003367003367,0.481144781144781,0.787205387205387,0.208333333333333,0.8125,0.166666666666667,0.195121951219512,0.0164288019363381,0.211309093667207,0.220264832033223,0.150925857485824,7.37014520794959,0.0217612559002418,0.59055091031143
"Leaf225","Leaf405",0.5003367003367,0.481144781144781,0.303030303030303,0.208333333333333,0.854166666666667,0.166666666666667,0.186046511627907,0.0787300634223325,0.58302191497048,0.087043007613612,0.10976425998969,9.31024572348098,0.0538433818226817,0.25945662058584
"Leaf225","Leaf416",0.5003367003367,0.481144781144781,0.112457912457912,0.208333333333333,0.708333333333333,0.208333333333333,0.294117647058824,0.32917948466898,2.51999796959927,0.146885833416386,0.206984511197578,3.58765790269407,0.0780973696358219,0.761548816722051
"Leaf225","Leaf420",0.5003367003367,0.481144781144781,0.44040404040404,0.208333333333333,1,0.208333333333333,0.208333333333333,0,1.29928298413026,0.132848603185632,0.204836622599676,3.60047197517556,0.348952369105324,0.348952369105324
"Leaf225","Leaf68",0.5003367003367,0.481144781144781,0.507744107744108,0.208333333333333,1,0.208333333333333,0.208333333333333,0,1.29928298413026,0.0108774104237996,0.58719831811907,2.21186585474196,0.563987067705014,0.563987067705014
"Leaf225","Leaf83",0.5003367003367,0.481144781144781,0.758249158249158,0.208333333333333,0.6875,0.0833333333333333,0.102564102564103,0.318188653378394,1.5008232448646,0.297505116895382,0.316227766016838,9.08253606728108,0.232576219588217,1.04350089505438
"Leaf225","Leaf86",0.5003367003367,0.481144781144781,0.493602693602694,0.208333333333333,0.895833333333333,0.1875,0.204545454545455,0.00699711428541332,0.191055236762709,0.0330583301569532,0.110003819643385,7.14637464371109,0.121258139215566,0.214919267148946
"Leaf225","Leaf88",0.5003367003367,0.481144781144781,0.459259259259259,0.208333333333333,0.3125,0.0625,0.136363636363636,0.0138342892773215,0.0107239633629757,0.0535633417262682,0.866025403784439,3.3893357846719,0.0651848167674371,0.401940856291989
"Leaf225","Leaf90",0.5003367003367,0.481144781144781,0.311784511784512,0.208333333333333,0.791666666666667,0.166666666666667,0.2,0.0105263157894737,0.0538850884949795,0.0689915917955904,0.791109834620379,8.16638445721937,0.0637195829919608,0.238369543270524
"Leaf231","Leaf233",0.5003367003367,0.481144781144781,0.881481481481482,0.9375,1,0.9375,0.9375,0,2.56494935746154,0.0944390227064687,0.107105202153255,6.86985008012208,0.37077847474181,0.37077847474181
"Leaf231","Leaf234",0.5003367003367,0.481144781144781,0.030976430976431,0.145833333333333,0.9375,0.145833333333333,0.155555555555556,0.106686989933816,0.310154928303839,0.0974133366753755,0.591082804679325,6.45030612499593,0.0948231779355908,0.529235088282025
"Leaf231","Leaf242",0.5003367003367,0.985185185185185,0.996632996632997,0.708333333333333,0.9375,0.645833333333333,0.645833333333333,0.165683373915903,1.17007125265025,0.277747507530203,0.338429859409938,16.3762108868198,0.641456079404817,0.670462987896188
"Leaf231","Leaf26",0.5003367003367,0.481144781144781,0.320538720538721,0.833333333333333,0.9375,0.770833333333333,0.770833333333333,0.115470053837925,0.461635379575219,0.143362922165053,0.180179114411225,10.0671015389503,0.212850419870382,0.31791304039952
"Leaf231","Leaf262",0.5003367003367,0.481144781144781,0.737373737373737,0.9375,0.958333333333333,0.895833333333333,0.895833333333333,0.0538381902058166,0.91056005716517,0.242327271126819,0.25766555388417,10.2893638631947,0.275951307740691,0.790285951981958
"Leaf231","Leaf263",0.5003367003367,0.481144781144781,0.508417508417509,0.145833333333333,0.9375,0.145833333333333,0.155555555555556,0.106686989933816,0.310154928303839,0.199178386151875,0.0597614304667197,6.36189055058978,0.31452528042755,0.532686252461306
"Leaf231","Leaf265",0.5003367003367,0.481144781144781,0.498316498316498,0.708333333333333,0.9375,0.645833333333333,0.645833333333333,0.165683373915903,1.17007125265025,0.0677883171619783,0.00752750460918885,11.4994684597555,4.3890590935526e-05,0.150852167360207
"Leaf231","Leaf281",0.5003367003367,0.481144781144781,0.247138047138047,0.541666666666667,0.9375,0.479166666666667,0.479166666666667,0.237508434398142,1.90242503711557,0.0510519243728295,0.0465266150203745,8.37320297244435,0.224809606712746,0.254695658266226
"Leaf231","Leaf285",0.5003367003367,0.481144781144781,0.951515151515152,0.625,0.9375,0.604166666666667,0.630434782608696,0.155555555555556,1.09185550620523,0.324310573604808,0.0423331039683635,7.80624910428033,0.767421920917827,0.805774507053982
"Leaf231","Leaf288",0.5003367003367,0.481144781144781,0.362962962962963,0.25,0.9375,0.25,0.266666666666667,0.149071198499986,0.960093354532548,0.0920528512687212,0.0105078970250752,8.27403718842795,0.0173296861261097,0.740839168401547
"Leaf231","Leaf3",0.5003367003367,0.481144781144781,0.0747474747474747,0.541666666666667,0.9375,0.5,0.51063829787234,0.0647750275631296,0.380205441348927,0.00753528241669334,0.122891341425848,8.06599683403984,0.0262909373102378,0.274877051993357
"Leaf231","Leaf324",0.5003367003367,0.481144781144781,0.222222222222222,0.458333333333333,0.9375,0.458333333333333,0.488888888888889,0.237508434398142,1.90242503711557,0.154726218165087,0.0503393745680145,8.68346250466013,0.312113949185479,1.20196944558992
"Leaf231","Leaf33",0.5003367003367,0.481144781144781,0.364309764309764,0.354166666666667,0.9375,0.333333333333333,0.347826086956522,0.0112473202936851,0.0702042586732486,0.0763516373052712,0.06051675348959,9.26888051844493,0.16105345070951,0.615684474103253
"Leaf231","Leaf334",0.5003367003367,0.481144781144781,0.438383838383838,0.1875,0.9375,0.1875,0.2,0.124034734589208,0.599889687073363,0.208261947704409,0.358492426101118,5.79437456464841,0.60448342622832,0.660729432463208
"Leaf231","Leaf336",0.5003367003367,0.481144781144781,0.987205387205387,0.9375,0.958333333333333,0.916666666666667,0.936170212765957,0.376867331440716,2.87919845729804,0.271883869938131,0.331470832222529,9.0949624331178,0.397226714080724,0.494811130245363
"Leaf231","Leaf337",0.5003367003367,0.481144781144781,0.342087542087542,0.208333333333333,0.9375,0.208333333333333,0.222222222222222,0.132453235706504,0.727752709737421,0.0704383508518497,0.337099931231621,6.22853148048954,0.00890546254355137,0.714076993321323
"Leaf231","Leaf344",0.5003367003367,0.481144781144781,0.0632996632996633,0.479166666666667,0.9375,0.4375,0.446808510638298,0.0969087423704697,0.641445806183055,0.0153209700881219,0.0542780162809021,9.30982996544169,0.00664932854634971,0.750934013031147
"Leaf231","Leaf351",0.5003367003367,0.481144781144781,0.948821548821549,0.145833333333333,0.9375,0.125,0.130434782608696,0.137168987057764,1.29367287123949,0.345660226912623,0.831655489905492,7.80546102815616,0.189289803998672,1.06588272600216
"Leaf231","Leaf354",0.5003367003367,0.481144781144781,0.738720538720539,0.875,0.9375,0.8125,0.8125,0.0975900072948533,0.141411654049829,0.0732113529981328,0.175712894942593,8.98827596058639,0.125762645489541,0.261106199952458
"Leaf231","Leaf357",0.5003367003367,0.481144781144781,0.762962962962963,0.4375,0.9375,0.395833333333333,0.404255319148936,0.119276675582599,0.817555891188466,0.0185569075169696,0.045398179100718,8.28964279126384,0.128012740814755,0.596851277662932
"Leaf231","Leaf359",0.5003367003367,0.481144781144781,0.534680134680135,0.0416666666666667,0.9375,0.0416666666666667,0.0444444444444444,0.0538381902058165,0.91056005716517,0.0335611015242468,NA,6.09838822216802,0.278099384596919,0.296126194591816
"Leaf231","Leaf363",0.5003367003367,0.481144781144781,0.153535353535354,0.291666666666667,0.9375,0.270833333333333,0.282608695652174,0.0236690534165575,0.367724780125317,0.06185676334711,0.607744082120813,8.0634746896165,0.196730324214463,0.524916346215546
"Leaf231","Leaf371",0.5003367003367,0.481144781144781,0.857912457912458,0.25,0.9375,0.25,0.266666666666667,0.149071198499986,0.960093354532548,0.201066565358483,0.584939601062519,7.6218265223287,0.640506820323815,0.755709697201111
"Leaf231","Leaf380",0.5003367003367,0.481144781144781,0.253872053872054,0.395833333333333,0.9375,0.375,0.391304347826087,0.0329989275522815,0.114410351177744,0.129248284780712,0.279904355163309,8.75157698625582,0.266984986774806,0.282459317988728
"Leaf231","Leaf391",0.5003367003367,0.481144781144781,0.397306397306397,0.8125,0.9375,0.75,0.75,0.124034734589208,0.599889687073363,0.039370989499199,0.0745278512999183,10.7740849384415,0.194048273394183,0.232587320601823
"Leaf231","Leaf396",0.5003367003367,0.481144781144781,0.953535353535354,0.375,0.9375,0.354166666666667,0.369565217391304,0.0222222222222222,0.0231224174208542,0.2600202015293,0.0524028774934257,7.92771893023366,0.0310618451848298,0.507340527913493
"Leaf231","Leaf405",0.5003367003367,0.481144781144781,0.501010101010101,0.854166666666667,0.9375,0.791666666666667,0.791666666666667,0.106686989933816,0.31015492830384,0.0812217504728535,0.409472574761586,12.733880466708,0.497188179205331,0.8659019953183
"Leaf231","Leaf41",0.5003367003367,0.481144781144781,0.806060606060606,0.520833333333333,0.9375,0.479166666666667,0.48936170212766,0.0753734662881432,0.467340511826252,0.301914229958916,0.199804746587495,8.35674508413637,0.0497027868738495,0.496151100172535
"Leaf231","Leaf416",0.5003367003367,0.481144781144781,0.457912457912458,0.708333333333333,0.9375,0.645833333333333,0.645833333333333,0.165683373915903,1.17007125265025,0.109071409354933,0.158230051691548,8.1681678060091,0.0749407207124246,0.652018671861735
"Leaf231","Leaf420",0.5003367003367,0.481144781144781,0.964309764309764,0.9375,1,0.9375,0.9375,0,2.56494935746154,0.224907680853519,0.20526680972927,6.38379324686004,0.426366679227987,0.426366679227987
"Leaf231","Leaf427",0.5003367003367,0.481144781144781,0.175084175084175,0.333333333333333,0.9375,0.3125,0.326086956521739,1.77360806714237e-17,0.166061035922174,0.0306405712535925,0.358573202547186,7.6089059560283,0.243405868891177,0.260328427203825
"Leaf231","Leaf443",0.5003367003367,0.481144781144781,0.0242424242424242,0.395833333333333,0.9375,0.375,0.391304347826087,0.0329989275522816,0.114410351177744,0.0454273309184607,0.219682579271191,7.63847942003796,0.143240474823124,0.153265689150052
"Leaf231","Leaf5",0.5003367003367,0.481144781144781,0.347474747474748,0.0625,0.9375,0.0625,0.0666666666666667,0.0666666666666667,0.55083095837969,0.0274356800350036,0.5,7.22942161774544,0.093021188467769,0.330971073006349
"Leaf231","Leaf68",0.5003367003367,0.481144781144781,0.711784511784512,0.9375,1,0.9375,0.9375,0,2.56494935746154,0.0470268858770544,0.0594477094833478,8.02928728947574,0.499065411085612,0.499065411085612
"Leaf231","Leaf70",0.5003367003367,0.481144781144781,0.521212121212121,0.208333333333333,0.9375,0.208333333333333,0.222222222222222,0.132453235706504,0.727752709737421,0.189841167231555,0.237809298994451,6.63907158114302,0.584867880747366,0.704934596738903
"Leaf231","Leaf82",0.5003367003367,0.481144781144781,0.825589225589226,0.8125,0.9375,0.791666666666667,0.826086956521739,0.31697765506131,2.14658084451746,0.0595887447047078,0.290536660119084,8.7047306752005,0.427564370015647,1.22612438203997
"Leaf231","Leaf83",0.5003367003367,0.481144781144781,0.483501683501684,0.6875,0.9375,0.666666666666667,0.695652173913043,0.197288010083124,1.3893760276573,0.0268951455890064,0.0547100467010759,11.9126882914572,0.158711168574257,0.313390138822998
"Leaf231","Leaf86",0.5003367003367,0.481144781144781,0.473400673400673,0.895833333333333,0.9375,0.833333333333333,0.833333333333333,0.0880450906325623,0.0506437328187549,0.0815072860959239,0.0644434290928593,11.6265105048778,0.11209878539751,0.198421554935055
"Leaf231","Leaf88",0.5003367003367,0.481144781144781,0.666666666666667,0.3125,0.9375,0.291666666666667,0.304347826086957,0.0116051770637132,0.265013272639068,0.132635966434535,0.25094760353286,8.81857832627841,0.470702723694566,0.57981359963306
"Leaf231","Leaf90",0.5003367003367,0.481144781144781,0.558922558922559,0.791666666666667,0.9375,0.75,0.765957446808511,0.0794719414239026,0.83519483821596,0.0256983260990223,0.275490873143388,13.4719856171137,0.0715083470863409,0.457941977663355
"Leaf233","Leaf234",0.5003367003367,0.481144781144781,0.0410774410774411,0.145833333333333,1,0.145833333333333,0.145833333333333,0,1.71079040669439,0.0107501857969999,0.433460723431505,3.15105810467918,0.0332280895697013,0.0332280895697013
"Leaf233","Leaf242",0.5003367003367,0.481144781144781,0.886868686868687,0.708333333333333,1,0.708333333333333,0.708333333333333,0,0.866810674610785,0.207274478492632,0.458671544351894,9.85689688114402,0.0123555732354267,0.0123555732354267
"Leaf233","Leaf26",0.5003367003367,0.481144781144781,0.663973063973064,0.833333333333333,1,0.833333333333333,0.833333333333333,0,1.56123581061622,0.0783841231456639,0.163569826302092,8.28052240359374,0.152794449154873,0.152794449154873
"Leaf233","Leaf262",0.5003367003367,0.481144781144781,0.103703703703704,0.958333333333333,1,0.958333333333333,0.958333333333333,0,2.92316158071916,0.0414491747088136,0.156409804884636,8.7987384723693,2.26974492707873,2.26974492707873
"Leaf233","Leaf263",0.5003367003367,0.481144781144781,0.121885521885522,0.145833333333333,1,0.145833333333333,0.145833333333333,0,1.71079040669439,0.0444638512979544,0.358568582800318,3.19437836169979,0.0397496181615585,0.0397496181615585
"Leaf233","Leaf265",0.5003367003367,0.481144781144781,0.365656565656566,0.708333333333333,1,0.708333333333333,0.708333333333333,0,0.866810674610785,0.0606074677097696,0.207215661219729,8.78104848893702,0.389405780192018,0.389405780192018
"Leaf233","Leaf281",0.5003367003367,0.481144781144781,0.789225589225589,0.541666666666667,1,0.541666666666667,0.541666666666667,0,0.163629423781802,0.00652905886826639,0.049433785194309,5.79671347829261,0.154782421670184,0.154782421670184
"Leaf233","Leaf285",0.5003367003367,0.481144781144781,0.0444444444444444,0.625,1,0.625,0.625,0,0.499955951529087,0.120794869188185,0.104499725220394,7.38020093209037,0.179775551369634,0.179775551369634
"Leaf233","Leaf288",0.5003367003367,0.481144781144781,0.628956228956229,0.25,1,0.25,0.25,0,1.07158361628019,0.095938940100226,0.0980737055673685,4.62919980891629,0.103881541011947,0.103881541011947
"Leaf233","Leaf3",0.5003367003367,0.481144781144781,0.673400673400673,0.541666666666667,1,0.541666666666667,0.541666666666667,0,0.163629423781802,0.00572776380885786,0.150121826784882,5.68044301653769,0.0156289761600479,0.0156289761600479
"Leaf233","Leaf324",0.5003367003367,0.481144781144781,0.181818181818182,0.458333333333333,1,0.458333333333333,0.458333333333333,0,0.163629423781802,0.0956186885963476,0.0344827806589215,6.1618277963952,0.153606826873844,0.153606826873844
"Leaf233","Leaf33",0.5003367003367,0.481144781144781,0.158922558922559,0.354166666666667,1,0.354166666666667,0.354166666666667,0,0.587786664902119,0.0488463637380277,0.549948799605486,7.20554598749959,0.34513277607051,0.34513277607051
"Leaf233","Leaf334",0.5003367003367,0.481144781144781,0.264646464646465,0.1875,1,0.1875,0.1875,0,1.42500887330058,0.121712524887687,0.0262311531293501,3.36315116374977,0.267697535940708,0.267697535940708
"Leaf233","Leaf336",0.5003367003367,0.481144781144781,0.366329966329966,0.958333333333333,1,0.958333333333333,0.958333333333333,0,2.92316158071916,0.0305988535609556,0.0783367756158438,4.40588505724745,0.551499421106355,0.551499421106355
"Leaf233","Leaf337",0.5003367003367,0.481144781144781,0.564309764309764,0.208333333333333,1,0.208333333333333,0.208333333333333,0,1.29928298413026,0.139780102653778,0.0788960930334004,3.29009471300475,0.392058540127865,0.392058540127865
"Leaf233","Leaf344",0.5003367003367,0.481144781144781,0.726599326599327,0.479166666666667,1,0.479166666666667,0.479166666666667,0,0.0816780310142672,0.152761762071549,0.0468717846356488,5.60978068627905,0.312531120190069,0.312531120190069
"Leaf233","Leaf351",0.5003367003367,0.481144781144781,0.145454545454545,0.145833333333333,1,0.145833333333333,0.145833333333333,0,1.71079040669439,0.0493712236602958,0.571380044523348,3.30995568447275,0.0518113657320905,0.0518113657320905
"Leaf233","Leaf354",0.5003367003367,0.481144781144781,0.374410774410774,0.875,1,0.875,0.875,0,1.87770189902878,0.111836856030086,0.237738024462499,5.11424445523403,0.615656661915092,0.615656661915092
"Leaf233","Leaf357",0.5003367003367,0.481144781144781,0.973063973063973,0.4375,1,0.4375,0.4375,0,0.246133069538908,0.324230252825298,0.378473018184873,5.88816329709472,0.560555671110985,0.560555671110985
"Leaf233","Leaf359",0.5003367003367,0.481144781144781,0.107070707070707,0.0416666666666667,1,0.0416666666666667,0.0416666666666667,0,2.92316158071916,0.123996731237,NA,2.62457016752951,0.550760406190982,0.550760406190982
"Leaf233","Leaf363",0.5003367003367,0.481144781144781,0.255218855218855,0.291666666666667,1,0.291666666666667,0.291666666666667,0,0.866810674610785,0.11226740435914,0.169979581601294,4.85145862830057,0.323603361244609,0.323603361244609
"Leaf233","Leaf371",0.5003367003367,0.481144781144781,0.803367003367004,0.25,1,0.25,0.25,0,1.07158361628019,0.287352829890967,0.0875658085422933,7.20039258776798,0.447516826925479,0.447516826925479
"Leaf233","Leaf380",0.5003367003367,0.481144781144781,0.58989898989899,0.395833333333333,1,0.395833333333333,0.395833333333333,0,0.413975797776073,0.0103710702226372,0.696743921227793,6.49888843676078,0.276038788235254,0.276038788235254
"Leaf233","Leaf391",0.5003367003367,0.481144781144781,0.317171717171717,0.8125,1,0.8125,0.8125,0,1.42500887330058,0.168889228845722,0.0241813154030599,7.64358396653429,0.726978652272264,0.726978652272264
"Leaf233","Leaf396",0.5003367003367,0.481144781144781,0.209427609427609,0.375,1,0.375,0.375,0,0.499955951529087,0.0497574449410619,0.608349193607552,3.490768244036,0.32366811526712,0.32366811526712
"Leaf233","Leaf405",0.5003367003367,0.481144781144781,0.346127946127946,0.854166666666667,1,0.854166666666667,0.854166666666667,0,1.71079040669439,0.0259013138613926,0.0326310157963237,11.3783365760689,0.197533516343731,0.197533516343731
"Leaf233","Leaf41",0.5003367003367,0.481144781144781,0.245791245791246,0.520833333333333,1,0.520833333333333,0.520833333333333,0,0.0816780310142671,0.0742797534110961,0.0096675817358434,4.16362752587257,0.0826547212024455,0.0826547212024455
"Leaf233","Leaf416",0.5003367003367,0.481144781144781,0.78047138047138,0.708333333333333,1,0.708333333333333,0.708333333333333,0,0.866810674610785,0.120272544723958,0.19533844880603,4.66636991570076,0.0632493400888116,0.0632493400888116
"Leaf233","Leaf420",0.5003367003367,0.481144781144781,0.626936026936027,1,1,1,1,0,4.57471097850338,0.00678610210297605,0.00678610210297605,5.14417810434885,NA,NA
"Leaf233","Leaf427",0.5003367003367,0.481144781144781,0.606060606060606,0.333333333333333,1,0.333333333333333,0.333333333333333,0,0.677879708429157,0.193184856295164,0.162828092148158,3.60522777469697,0.367592471814551,0.367592471814551
"Leaf233","Leaf443",0.5003367003367,0.481144781144781,0.533333333333333,0.395833333333333,1,0.395833333333333,0.395833333333333,0,0.413975797776073,0.164556401190669,0.171185686829665,4.45262955035159,0.234094644040219,0.234094644040219
"Leaf233","Leaf5",0.5003367003367,0.481144781144781,0.218181818181818,0.0625,1,0.0625,0.0625,0,2.56494935746154,0.0292347663616852,0.5,3.61580161298866,0.0716359895028686,0.0716359895028686
"Leaf233","Leaf68",0.5003367003367,0.481144781144781,0.949494949494949,1,1,1,1,0,4.57471097850338,0.168919285924359,0.168919285924359,3.21900600579588,NA,NA
"Leaf233","Leaf70",0.5003367003367,0.481144781144781,0.637710437710438,0.208333333333333,1,0.208333333333333,0.208333333333333,0,1.29928298413026,0.160547414057518,0.0304883716659552,4.88394886496015,0.206674462521737,0.206674462521737
"Leaf233","Leaf82",0.5003367003367,0.481144781144781,0.49023569023569,0.8125,1,0.8125,0.8125,0,1.42500887330058,0.117845094969842,0.0764670678001705,7.06847393600208,0.639066062384412,0.639066062384412
"Leaf233","Leaf83",0.5003367003367,0.994612794612795,0.938720538720539,0.6875,1,0.6875,0.6875,0,0.77070541490582,0.243608938807306,0.177361549640651,12.1830397960619,0.362316186597323,0.362316186597323
"Leaf233","Leaf86",0.5003367003367,0.481144781144781,0.0134680134680135,0.895833333333333,1,0.895833333333333,0.895833333333333,0,2.06801284585621,0.034675824691139,0.165394289549725,9.7052303529139,1.16949446755979,1.16949446755979
"Leaf233","Leaf88",0.5003367003367,0.481144781144781,0.0356902356902357,0.3125,1,0.3125,0.3125,0,0.77070541490582,0.145208013732998,0.298060763404977,4.65894980989058,0.386260656356662,0.386260656356662
"Leaf233","Leaf90",0.5003367003367,0.481144781144781,0.0754208754208754,0.791666666666667,1,0.791666666666667,0.791666666666667,0,1.29928298413026,0.140568905059728,0.0582162366589699,9.37465654894457,0.323173858147637,0.323173858147637
"Leaf234","Leaf262",0.5003367003367,0.481144781144781,0.874074074074074,0.145833333333333,0.958333333333333,0.145833333333333,0.152173913043478,0.0861575168481425,0.0519597389307111,0.128205211571434,0.490716492065718,8.0932181197277,0.332328353769999,0.5227669963846
"Leaf234","Leaf265",0.5003367003367,0.481144781144781,0.0612794612794613,0.145833333333333,0.708333333333333,0.125,0.171428571428571,0.135277503406888,0.719122666963206,0.173317175618114,0.439480212458829,7.16358011218594,0.0529998623805126,0.478331973617434
"Leaf234","Leaf285",0.5003367003367,0.481144781144781,0.17979797979798,0.145833333333333,0.625,0.104166666666667,0.15625,0.0762049928098687,0.353139289106425,0.149684236252938,0.223606797749979,5.17331221115594,0.168122378517775,0.334231414504428
"Leaf234","Leaf288",0.5003367003367,0.481144781144781,0.598653198653199,0.145833333333333,0.25,0.0416666666666667,0.117647058823529,0.0340799088295499,0.310154928303839,0.0201288155836356,NA,2.83874809115217,0.0961217852985914,0.416892232039719
"Leaf234","Leaf33",0.5003367003367,0.481144781144781,0.744107744107744,0.145833333333333,0.354166666666667,0.0208333333333333,0.0434782608695652,0.182562717929551,1.03101899753558,0.174558073399578,NA,5.94569616530123,0.333945135477459,0.481890478930424
"Leaf234","Leaf334",0.5003367003367,0.481144781144781,0.210774410774411,0.145833333333333,0.1875,0.0416666666666667,0.142857142857143,0.103972726632991,0.737598943130779,0.112323583640012,NA,1.17958755637226,0.207047399162828,0.301071656358701
"Leaf234","Leaf344",0.5003367003367,0.481144781144781,0.523905723905724,0.145833333333333,0.479166666666667,0.104166666666667,0.2,0.19446982374295,1.0276870494301,0.0229532818339298,0.790569415042095,4.747078951929,0.254822186010593,0.429990095873875
"Leaf234","Leaf359",0.5003367003367,0.481144781144781,0.111111111111111,0.0416666666666667,0.145833333333333,0.0416666666666667,0.285714285714286,0.504636884396263,3.63038324743233,0.466052731189961,NA,0.544400643997643,0.808193244384991,1.63931372194833
"Leaf234","Leaf371",0.5003367003367,0.481144781144781,0.0518518518518519,0.145833333333333,0.25,0.0416666666666667,0.117647058823529,0.0340799088295498,0.310154928303839,0.0147184691984387,NA,3.95776059725927,0.0367841255985424,0.0807179543809447
"Leaf234","Leaf391",0.5003367003367,0.481144781144781,0.177104377104377,0.145833333333333,0.8125,0.145833333333333,0.17948717948718,0.198493387208437,1.47810191037301,0.164272109320479,0.0985138007798876,5.94669528699818,0.528964879706181,0.573852593357544
"Leaf234","Leaf405",0.5003367003367,0.481144781144781,0.688888888888889,0.145833333333333,0.854166666666667,0.125,0.142857142857143,0.00348432055749129,0.231393450786352,0.0315305043189568,0.698253251826754,9.45197807888716,0.0221770957521659,0.209943744639074
"Leaf234","Leaf416",0.5003367003367,0.481144781144781,0.703030303030303,0.145833333333333,0.708333333333333,0.125,0.171428571428571,0.135277503406888,0.719122666963206,0.0094630211567953,0.419920627420627,3.71338668872362,0.194259613205269,0.213058214733175
"Leaf234","Leaf420",0.5003367003367,0.481144781144781,0.168350168350168,0.145833333333333,1,0.145833333333333,0.145833333333333,0,1.71079040669439,0.129458679595226,0.39405520311955,3.68730692068927,0.0504005460785752,0.0504005460785752
"Leaf234","Leaf68",0.5003367003367,0.481144781144781,0.616161616161616,0.145833333333333,1,0.145833333333333,0.145833333333333,0,1.71079040669439,0.183406794678226,0.374352442963573,1.702091157245,0.305868831399743,0.305868831399743
"Leaf234","Leaf83",0.5003367003367,0.481144781144781,0.0949494949494949,0.145833333333333,0.6875,0.104166666666667,0.142857142857143,0.023878055736833,0.041242958534049,0.0632739830318096,0.335410196624968,8.08566713288785,0.0163867402239196,0.101962840195505
"Leaf234","Leaf86",0.5003367003367,0.481144781144781,0.389225589225589,0.145833333333333,0.895833333333333,0.145833333333333,0.162790697674419,0.140898985470572,0.81548603275219,0.0135542041024628,0.12267912301643,7.59232592943657,0.0849941530940954,0.542928221453375
"Leaf234","Leaf88",0.5003367003367,0.481144781144781,0.0841750841750842,0.145833333333333,0.3125,0.0625,0.157894736842105,0.10347157485961,0.607347190756613,0.103306306993112,0.866025403784439,3.01255867534157,0.181724908603649,0.204874788013125
"Leaf234","Leaf90",0.5003367003367,0.481144781144781,0.581144781144781,0.145833333333333,0.791666666666667,0.104166666666667,0.125,0.0787300634223326,0.58302191497048,0.0205336283765453,0.894427190999916,8.04222167506381,0.0371184958204456,0.187950432373751
"Leaf242","Leaf262",0.5003367003367,0.481144781144781,0.35016835016835,0.708333333333333,0.958333333333333,0.6875,0.702127659574468,0.0955724249874193,0.908855753386637,0.0752015101743421,0.135223915448799,10.9814345446778,0.0221787171382671,0.282795256943314
"Leaf242","Leaf265",0.5003367003367,0.481144781144781,0.824915824915825,0.708333333333333,0.708333333333333,0.5,0.545454545454545,0.00840336134453783,0,0.127215527703904,0.234291308469374,13.9609567838971,0.033669619738942,0.416647770374263
"Leaf242","Leaf285",0.5003367003367,0.481144781144781,0.607407407407407,0.625,0.708333333333333,0.416666666666667,0.454545454545455,0.118345267082788,0.50102162366937,0.101668509471326,0.104714064914992,11.3190129647367,0.20118531630874,0.253098697452078
"Leaf242","Leaf288",0.5003367003367,0.975084175084175,0.307070707070707,0.25,0.708333333333333,0.1875,0.243243243243243,0.0529256124024963,0.202197413315951,0.0333677829698589,0.568341651135919,6.94984596424935,0.28134669558261,0.292386237307031
"Leaf242","Leaf33",0.5003367003367,0.481144781144781,0.172390572390572,0.354166666666667,0.708333333333333,0.291666666666667,0.378378378378378,0.187680464501177,0.843307830156003,0.0442631848911267,0.341816705037233,10.7286019136782,0.0610386011078258,0.324350753598952
"Leaf242","Leaf334",0.5003367003367,0.481144781144781,0.000673400673400673,0.1875,0.708333333333333,0.125,0.162162162162162,0.0440367713775076,0.288517843499177,0.0545250660249396,0.0924061655450546,6.26040302553222,0.0636354109026386,0.255105616643148
"Leaf242","Leaf344",0.5003367003367,0.481144781144781,0.832996632996633,0.479166666666667,0.708333333333333,0.375,0.461538461538462,0.156738776979368,0.660954057545814,0.141018172844138,0.361232605298464,11.1298188483487,0.186102692945288,0.313690546374988
"Leaf242","Leaf359",0.5003367003367,0.481144781144781,0.625589225589226,0.0416666666666667,0.708333333333333,0.0416666666666667,0.0588235294117647,0.133801394982387,0.802346472524937,0.137064764110025,NA,5.136610968128,0.341912065716311,0.494806270808477
"Leaf242","Leaf371",0.5003367003367,0.481144781144781,0.399326599326599,0.25,0.708333333333333,0.166666666666667,0.210526315789474,0.0529256124024964,0.289780709108702,0.123268360372874,0.0368160520255362,9.4974624158427,0.105754318212692,0.338188789017988
"Leaf242","Leaf391",0.5003367003367,0.481144781144781,0.612121212121212,0.708333333333333,0.8125,0.604166666666667,0.659090909090909,0.161468161717528,0.832344310720145,0.0848098162809552,0.142629469498447,11.9692804153121,0.0144825737784085,0.108769638429971
"Leaf242","Leaf405",0.5003367003367,0.481144781144781,0.893602693602694,0.708333333333333,0.854166666666667,0.583333333333333,0.595744680851064,0.135277503406888,0.719122666963206,0.166343374322744,0.111527392081584,16.3864119033739,0.0634142539705277,0.752668950929907
"Leaf242","Leaf416",0.5003367003367,0.481144781144781,0.279461279461279,0.708333333333333,0.708333333333333,0.520833333333333,0.581395348837209,0.0924369747899159,0.440842947189815,0.0918566239757446,0.172886892242672,8.48847578440552,0.109779258841442,0.229613756981802
"Leaf242","Leaf420",0.5003367003367,0.481144781144781,0.908417508417508,0.708333333333333,1,0.708333333333333,0.708333333333333,0,0.866810674610785,0.0958752007754647,0.145865914833234,9.98198099417729,0.139045103951184,0.139045103951184
"Leaf242","Leaf68",0.5003367003367,0.481144781144781,0.711111111111111,0.708333333333333,1,0.708333333333333,0.708333333333333,0,0.866810674610785,0.0905585969970756,0.141011763208992,6.42568248053135,0.391556757648912,0.391556757648912
"Leaf242","Leaf83",0.5003367003367,0.481144781144781,0.568350168350168,0.6875,0.708333333333333,0.5,0.558139534883721,0.0618038000616681,0.300754154019134,0.0195907627911937,0.244518464511401,13.9058506231103,0.0574330238893436,0.0982485317544547
"Leaf242","Leaf86",0.5003367003367,0.481144781144781,0.557575757575758,0.708333333333333,0.895833333333333,0.645833333333333,0.673913043478261,0.0812738141766629,0.587786664902119,0.031460424274156,0.229358571666887,11.4927832298646,0.1793099970399,0.319296715339515
"Leaf242","Leaf88",0.5003367003367,0.481144781144781,0.324579124579125,0.3125,0.708333333333333,0.25,0.324324324324324,0.13596836013567,0.601797401971717,0.013150770528071,0.155572628934551,8.16608723772507,0.0629483651365709,0.371166999055933
"Leaf242","Leaf90",0.5003367003367,0.481144781144781,0.778451178451179,0.708333333333333,0.791666666666667,0.604166666666667,0.674418604651163,0.235128203334986,1.13309846473928,0.235015623466297,0.0930924524227892,10.3119312570655,0.339866580603862,0.394598318966103
"Leaf26","Leaf262",0.5003367003367,0.481144781144781,0.696296296296296,0.833333333333333,0.958333333333333,0.8125,0.829787234042553,0.186500961648063,1.66139765136481,0.18618284110588,0.102110327371514,9.58669238800863,0.270727721436321,2.03518731101415
"Leaf26","Leaf265",0.5003367003367,0.481144781144781,0.71043771043771,0.708333333333333,0.833333333333333,0.604166666666667,0.644444444444444,0.0819920061690788,0.490058104233512,0.0812918824495077,0.187067818531626,9.99656969015595,0.361235869147623,0.470617323667843
"Leaf26","Leaf285",0.5003367003367,0.481144781144781,0.846464646464647,0.625,0.833333333333333,0.5625,0.627906976744186,0.23094010767585,1.1634814429712,0.176181093685319,0.114369872212432,8.20046096533773,0.263288827300643,0.706048686877613
"Leaf26","Leaf288",0.5003367003367,0.481144781144781,0.853198653198653,0.25,0.833333333333333,0.229166666666667,0.268292682926829,0.12909944487358,0.667394684457531,0.0543111555522545,0.728931276125128,7.72813019622992,0.172530588125688,0.292200380318603
"Leaf26","Leaf33",0.5003367003367,0.481144781144781,0.0424242424242424,0.354166666666667,0.833333333333333,0.291666666666667,0.325581395348837,0.0194809301976632,0.151010959822591,0.0572104811868107,0.21854517634452,9.64001411801724,0.00986047838413797,0.157656447340416
"Leaf26","Leaf334",0.5003367003367,0.481144781144781,0.62962962962963,0.1875,0.833333333333333,0.166666666666667,0.195121951219512,0.0716114874039434,0.268263986594679,0.0222268108606003,0.491028616140236,5.82407728701186,0.0544202857420267,0.358776516627802
"Leaf26","Leaf344",0.5003367003367,0.481144781144781,0.352861952861953,0.479166666666667,0.833333333333333,0.416666666666667,0.465116279069767,0.0932504808240313,0.451985123743057,0.163895769769645,0.00922218949157228,7.98803164734694,0.148221577821885,0.339551706312697
"Leaf26","Leaf359",0.5003367003367,0.481144781144781,0.266666666666667,0.0416666666666667,0.833333333333333,0.0416666666666667,0.05,0.0932504808240312,0.0988458346366326,0.0386563175259626,NA,5.27737404739626,0.314525526403538,0.789187615731033
"Leaf26","Leaf371",0.5003367003367,0.481144781144781,0.661279461279461,0.25,0.833333333333333,0.208333333333333,0.238095238095238,2.2932668186396e-16,0.110839981422452,0.0879783474986783,0.133739219609614,9.34687998165083,0.00439714429068056,0.239168648982315
"Leaf26","Leaf391",0.5003367003367,0.481144781144781,0.338720538720539,0.8125,0.833333333333333,0.708333333333333,0.755555555555556,0.21483446221183,1.21717202339267,0.165501275547328,0.072718991254711,9.62618434863689,0.430998116317415,0.569608267328933
"Leaf26","Leaf405",0.5003367003367,0.481144781144781,0.588552188552189,0.833333333333333,0.854166666666667,0.708333333333333,0.723404255319149,0.0263981838674227,0.0597192347016223,0.177494136257023,0.161996904901446,11.9414416141806,0.18786946693386,0.477696879552464
"Leaf26","Leaf416",0.5003367003367,0.481144781144781,0.47003367003367,0.708333333333333,0.833333333333333,0.645833333333333,0.72093023255814,0.327968024676315,1.65068087096815,0.401983028036324,0.190455179965516,6.88596394419907,0.120586414125263,0.853836944535899
"Leaf26","Leaf420",0.5003367003367,0.481144781144781,0.84040404040404,0.833333333333333,1,0.833333333333333,0.833333333333333,0,1.56123581061622,0.245898728498608,0.290688944400436,6.69285761287379,0.0136154164079681,0.0136154164079681
"Leaf26","Leaf68",0.5003367003367,0.481144781144781,0.872053872053872,0.833333333333333,1,0.833333333333333,0.833333333333333,0,1.56123581061622,0.0565880342351332,0.0919626568626719,7.4524882471691,0.139754887715599,0.139754887715599
"Leaf26","Leaf83",0.5003367003367,0.985858585858586,0.0101010101010101,0.6875,0.833333333333333,0.541666666666667,0.553191489361702,0.180906806746659,1.00644182886845,0.0220740651651679,0.0605337565676337,12.4503240812065,0.0775569618578957,0.237899382630601
"Leaf26","Leaf86",0.5003367003367,0.481144781144781,0.195959595959596,0.833333333333333,0.895833333333333,0.75,0.765957446808511,0.0304997140665209,0.483796951378071,0.0248985433288584,0.043231761388766,12.2083595700866,0.0749060975325962,0.458033356861423
"Leaf26","Leaf88",0.5003367003367,0.481144781144781,0.482828282828283,0.3125,0.833333333333333,0.291666666666667,0.341463414634146,0.180906806746658,1.00644182886845,0.290324695585154,0.0904315688406705,6.31998418444343,0.312591191487354,0.709430870297939
"Leaf26","Leaf90",0.5003367003367,0.481144781144781,0.795959595959596,0.791666666666667,0.833333333333333,0.645833333333333,0.659574468085106,0.0917662935482248,0.410742165209008,0.105846631044104,0.208869265847823,9.98417047697647,0.349482776939399,0.4793038122885
"Leaf262","Leaf263",0.5003367003367,0.981818181818182,0.620875420875421,0.145833333333333,0.958333333333333,0.145833333333333,0.152173913043478,0.0861575168481425,0.0519597389307111,0.244325682541039,0.776898596067356,6.06876717865292,0.526165297035212,0.625884090953913
"Leaf262","Leaf265",0.5003367003367,0.481144781144781,0.0114478114478115,0.708333333333333,0.958333333333333,0.708333333333333,0.739130434782609,0.324946244957225,2.62466859216316,0.0819271252246569,0.175096638939976,12.3577413485505,0.543957522689871,1.44485758654416
"Leaf262","Leaf281",0.5003367003367,0.481144781144781,0.658585858585859,0.541666666666667,0.958333333333333,0.541666666666667,0.565217391304348,0.226679066544501,1.86615775928191,0.221758637792099,0.127348669659735,7.22793580458336,0.46340399972494,1.23247007595816
"Leaf262","Leaf285",0.5003367003367,0.481144781144781,0.511111111111111,0.625,0.958333333333333,0.583333333333333,0.583333333333333,0.16151457061745,1.17730455724377,0.14031785838684,0.391594280514654,11.4929835446351,0.159351665282045,0.50970628803231
"Leaf262","Leaf288",0.5003367003367,0.481144781144781,0.124579124579125,0.25,0.958333333333333,0.25,0.260869565217391,0.120385853085769,0.594207232705042,0.122925753303134,0.387719298245614,7.92751615423572,0.366448888126788,0.730697613307426
"Leaf262","Leaf3",0.5003367003367,0.481144781144781,0.82020202020202,0.541666666666667,0.958333333333333,0.541666666666667,0.565217391304348,0.226679066544501,1.86615775928191,0.247549614048236,0.302940861649885,7.04047557018524,0.429242275125758,1.19047622589239
"Leaf262","Leaf324",0.5003367003367,0.481144781144781,0.0296296296296296,0.458333333333333,0.958333333333333,0.458333333333333,0.478260869565217,0.191805363999193,1.52428010409379,0.0962317138760221,0.0961266955890916,9.81626424852747,0.279056742860053,1.17969094553223
"Leaf262","Leaf33",0.5003367003367,0.481144781144781,0.284848484848485,0.354166666666667,0.958333333333333,0.354166666666667,0.369565217391304,0.154411519165676,1.08724853001779,0.12488279117071,0.208901312733508,10.1222186125243,0.209804495385046,0.87350417656705
"Leaf262","Leaf334",0.5003367003367,0.481144781144781,0.845791245791246,0.1875,0.958333333333333,0.145833333333333,0.145833333333333,0.434057366141215,3.27083556379891,0.113332550749991,0.29649972666444,7.83443254246743,0.262717123783388,1.72684657796234
"Leaf262","Leaf336",0.5003367003367,0.481144781144781,0.801346801346801,0.958333333333333,0.958333333333333,0.9375,0.957446808510638,0.478260869565218,3.41224721784874,0.28554313990536,0.227884880441298,6.6497496460703,0.518669968608945,1.4237393003828
"Leaf262","Leaf337",0.5003367003367,0.481144781144781,0.0323232323232323,0.208333333333333,0.958333333333333,0.208333333333333,0.217391304347826,0.10696563746014,0.363500909009132,0.133844025891192,0.629253204965693,6.45408284854377,0.251638272403338,0.704453344090277
"Leaf262","Leaf344",0.5003367003367,0.481144781144781,0.513131313131313,0.479166666666667,0.958333333333333,0.479166666666667,0.5,0.2,1.6094379124341,0.107363224097138,0.0181322401429358,9.3292532411517,0.261030868870836,1.10037555257676
"Leaf262","Leaf351",0.5003367003367,0.481144781144781,0.578451178451179,0.145833333333333,0.958333333333333,0.145833333333333,0.152173913043478,0.0861575168481425,0.0519597389307111,0.0207469014576179,0.453163483587483,6.76859949880328,0.0441198202712488,0.5146292774263
"Leaf262","Leaf354",0.5003367003367,0.481144781144781,0.798653198653199,0.875,0.958333333333333,0.833333333333333,0.833333333333333,0.0788110406239101,0.220061884776802,0.121854813797515,0.215201240699017,9.44082141627379,0.0125011409607307,0.142329967305481
"Leaf262","Leaf357",0.5003367003367,0.481144781144781,0.2,0.4375,0.958333333333333,0.4375,0.456521739130435,0.183892428122457,1.43881239540334,0.0334510041678598,0.114381571532644,8.1395868414649,0.146475975461909,1.13848522264203
"Leaf262","Leaf359",0.5003367003367,0.481144781144781,0.635016835016835,0.0416666666666667,0.958333333333333,0.0416666666666667,0.0434782608695652,0.0434782608695652,1.26976054486394,0.162895918894422,NA,6.46324617051451,0.292819402070044,1.09904138129471
"Leaf262","Leaf363",0.5003367003367,0.481144781144781,0.278114478114478,0.291666666666667,0.958333333333333,0.270833333333333,0.276595744680851,0.0955724249874194,0.908855753386637,0.154843764757129,0.284926380924405,8.14185720792596,0.300015501107947,0.419212980612504
"Leaf262","Leaf371",0.5003367003367,0.481144781144781,0.890909090909091,0.25,0.958333333333333,0.229166666666667,0.234042553191489,0.120385853085769,1.12718566111217,0.228970227712151,0.0737358507259307,11.6004621664492,0.411079062900928,0.555151854906565
"Leaf262","Leaf380",0.5003367003367,0.481144781144781,0.36969696969697,0.395833333333333,0.958333333333333,0.375,0.382978723404255,0.0444150634536924,0.432133355190326,0.204520047987029,0.182607059995021,8.54671639057042,0.167536485914952,0.479720082908545
"Leaf262","Leaf391",0.5003367003367,0.481144781144781,0.211447811447811,0.8125,0.958333333333333,0.770833333333333,0.770833333333333,0.100167084494127,0.23638877806423,0.0328263517313901,0.116475439620456,11.8558603701317,0.145627213711827,0.397243439063262
"Leaf262","Leaf396",0.5003367003367,0.481144781144781,0.338047138047138,0.375,0.958333333333333,0.354166666666667,0.361702127659574,0.0538381902058166,0.522189382416306,0.21329171466845,0.0358987291458817,6.56801361228926,0.315732591459597,0.420179722600537
"Leaf262","Leaf405",0.5003367003367,0.481144781144781,0.767676767676768,0.854166666666667,0.958333333333333,0.8125,0.8125,0.0861575168481425,0.051959738930711,0.137190226452597,0.130384036204254,16.0028328709315,0.0762286637162805,0.38510936213676
"Leaf262","Leaf41",0.5003367003367,0.481144781144781,0.0902356902356902,0.520833333333333,0.958333333333333,0.479166666666667,0.479166666666667,0.2,1.6094379124341,0.0539786761710637,0.156025928195849,7.71788573725653,0.066287006129761,0.693050946750562
"Leaf262","Leaf416",0.5003367003367,0.481144781144781,0.0626262626262626,0.708333333333333,0.958333333333333,0.666666666666667,0.666666666666667,0.133801394982387,0.802346472524937,0.0648337484727372,0.244920708941554,8.94436948305125,0.121689614663362,0.204419772355343
"Leaf262","Leaf420",0.5003367003367,0.481144781144781,0.944107744107744,0.958333333333333,1,0.958333333333333,0.958333333333333,0,2.92316158071916,0.283783592857897,0.291950766465797,6.88995855392352,0.512554147669972,0.512554147669972
"Leaf262","Leaf427",0.5003367003367,0.481144781144781,0.301683501683502,0.333333333333333,0.958333333333333,0.3125,0.319148936170213,0.0737209780774486,0.709147521906387,0.162309985380624,0.00910897935558179,7.65096582417167,0.346929543853298,0.616875281772332
"Leaf262","Leaf443",0.5003367003367,0.481144781144781,0.940740740740741,0.395833333333333,0.958333333333333,0.395833333333333,0.41304347826087,0.168777241124031,1.26566637333128,0.405753022707248,0.276735410833448,5.84059126568207,0.85569367259152,0.959642591077781
"Leaf262","Leaf5",0.5003367003367,0.481144781144781,0.683501683501684,0.0625,0.958333333333333,0.0625,0.0652173913043478,0.0538381902058166,0.91056005716517,0.148679913770086,0.5,8.21139686588556,0.327235470143881,0.873653550161184
"Leaf262","Leaf68",0.5003367003367,0.481144781144781,0.901683501683502,0.958333333333333,1,0.958333333333333,0.958333333333333,0,2.92316158071916,0.231928724166381,0.236763876446242,8.84120233176956,0.128539184537455,0.128539184537455
"Leaf262","Leaf70",0.5003367003367,0.481144781144781,0.593939393939394,0.208333333333333,0.958333333333333,0.1875,0.191489361702128,0.149751892444196,1.37304913436987,0.0103447237765492,0.0840336134453782,8.40276914859831,0.0482526296669084,0.324193014200155
"Leaf262","Leaf82",0.5003367003367,0.481144781144781,0.278787878787879,0.8125,0.958333333333333,0.770833333333333,0.770833333333333,0.100167084494127,0.23638877806423,0.0870991218491202,0.184393375454403,10.74713070887,0.428112658219306,0.59426117872005
"Leaf262","Leaf83",0.5003367003367,0.481144781144781,0.603367003367003,0.6875,0.958333333333333,0.666666666666667,0.680851063829787,0.08434823356733,0.807091439909163,0.105236874970194,0.0393090477067285,12.0747207940631,0.302046388646596,0.843990927528482
"Leaf262","Leaf86",0.5003367003367,0.481144781144781,0.193265993265993,0.895833333333333,0.958333333333333,0.854166666666667,0.854166666666667,0.0711028250424637,0.411507422564127,0.0860519866701542,0.0687817865993286,12.8327746593437,0.128892380418573,0.258960473781813
"Leaf262","Leaf88",0.5003367003367,0.481144781144781,0.648484848484848,0.3125,0.958333333333333,0.3125,0.326086956521739,0.140580389278883,0.900290390527714,0.181885589615324,0.00365718728104266,8.57044592772231,0.462015462136702,0.734202562587169
"Leaf262","Leaf90",0.5003367003367,0.481144781144781,0.626262626262626,0.791666666666667,0.958333333333333,0.75,0.75,0.10696563746014,0.363500909009132,0.164162963660743,0.171322363357892,11.708311615081,0.051954515961464,0.560007417639213
"Leaf263","Leaf265",0.5003367003367,0.481144781144781,0.55016835016835,0.145833333333333,0.708333333333333,0.125,0.171428571428571,0.135277503406888,0.719122666963206,0.1631126306834,0.246885359939347,6.44629154411445,0.36473826627777,0.384725401901896
"Leaf263","Leaf285",0.5003367003367,0.481144781144781,0.601346801346801,0.145833333333333,0.625,0.145833333333333,0.233333333333333,0.320060969801449,2.46882051203638,0.346554249661712,0.119522860933439,4.79428732026279,0.673581835674751,0.895096385544805
"Leaf263","Leaf288",0.5003367003367,0.481144781144781,0.207407407407407,0.145833333333333,0.25,0.0416666666666667,0.117647058823529,0.0340799088295499,0.310154928303839,0.003665337669066,NA,2.57273233696663,0.0552906750074139,0.103312527818382
"Leaf263","Leaf33",0.5003367003367,0.481144781144781,0.655218855218855,0.145833333333333,0.354166666666667,0.104166666666667,0.263157894736842,0.311128012246135,1.64711897940179,0.336405741653024,0.288675134594813,4.68364861106795,0.387742282142155,0.881324399998317
"Leaf263","Leaf334",0.5003367003367,0.481144781144781,0.15959595959596,0.145833333333333,0.1875,0.0416666666666667,0.142857142857143,0.103972726632991,0.737598943130779,0.13046857047431,NA,1.00230468245592,0.145397045604514,0.344294659381302
"Leaf263","Leaf344",0.5003367003367,0.481144781144781,0.612794612794613,0.145833333333333,0.479166666666667,0.0833333333333333,0.153846153846154,0.0763109434940691,0.394415271921579,0.00975584828389442,0.544331053951817,4.49812688850348,0.0428952559179043,0.114265466957474
"Leaf263","Leaf359",0.5003367003367,0.481144781144781,0.0760942760942761,0.0416666666666667,0.145833333333333,0.0416666666666667,0.285714285714286,0.504636884396263,3.63038324743233,0.520130892238626,NA,0.265722407672659,0.808193244384991,1.8067129911672
"Leaf263","Leaf371",0.5003367003367,0.481144781144781,0.523232323232323,0.145833333333333,0.25,0.0208333333333333,0.0555555555555556,0.10223972648865,0.490957420549265,0.135093874088432,NA,3.97588326505168,0.334311581903384,0.647545558805078
"Leaf263","Leaf391",0.5003367003367,0.481144781144781,0.843097643097643,0.145833333333333,0.8125,0.125,0.15,0.047260330287723,0.094857793458677,0.109418978813069,0.222948160685261,6.87551704572004,0.100040663395452,0.29844697281622
"Leaf263","Leaf405",0.5003367003367,0.481144781144781,0.78989898989899,0.145833333333333,0.854166666666667,0.104166666666667,0.116279069767442,0.163763066202091,1.10410680798575,0.11202784484464,0.866025403784439,9.49655389964292,0.140748531018569,0.501838316735867
"Leaf263","Leaf416",0.5003367003367,0.481144781144781,0.190572390572391,0.145833333333333,0.708333333333333,0.125,0.171428571428571,0.135277503406887,0.719122666963206,0.246238287754524,0.786991002940744,3.10723611154681,0.282052212712265,0.384725401901896
"Leaf263","Leaf420",0.5003367003367,0.481144781144781,0.364983164983165,0.145833333333333,1,0.145833333333333,0.145833333333333,0,1.71079040669439,0.226723893469815,0.119522860933439,3.34675545111584,0.530146517340906,0.530146517340906
"Leaf263","Leaf68",0.5003367003367,0.481144781144781,0.84983164983165,0.145833333333333,1,0.145833333333333,0.145833333333333,0,1.71079040669439,0.235711981048358,0.836660026534075,2.36231450708906,0.669843423504226,0.669843423504226
"Leaf263","Leaf83",0.5003367003367,0.481144781144781,0.806734006734007,0.145833333333333,0.6875,0.0625,0.0810810810810811,0.230821205456052,1.22669407652507,0.250231745345876,0.866025403784439,8.60203643544191,0.497670677625783,0.653698829836342
"Leaf263","Leaf86",0.5003367003367,0.481144781144781,0.169023569023569,0.145833333333333,0.895833333333333,0.145833333333333,0.162790697674419,0.140898985470572,0.81548603275219,0.00478418173441926,0.0597614304667197,7.51461486485667,0.0113320897758031,0.546492657298851
"Leaf263","Leaf88",0.5003367003367,0.481144781144781,0.288215488215488,0.145833333333333,0.3125,0.0625,0.157894736842105,0.10347157485961,0.607347190756613,0.0755047332480313,0,2.91752422318968,0.0332906356561385,0.0635264641219197
"Leaf263","Leaf90",0.5003367003367,0.981144781144781,0.706397306397306,0.145833333333333,0.791666666666667,0.125,0.153846153846154,0.066617745972743,0.23638877806423,0.234126971530562,0.617213399848368,6.44239493957663,0.274532789522189,0.587139930815409
"Leaf265","Leaf281",0.5003367003367,0.481144781144781,0.88013468013468,0.541666666666667,0.708333333333333,0.354166666666667,0.395348837209302,0.13031890493331,0.54654370636807,0.175929697036412,0.141455317351837,10.1722323744869,0.185171998211635,0.207691127119273
"Leaf265","Leaf285",0.5003367003367,0.481144781144781,0.465993265993266,0.625,0.708333333333333,0.4375,0.488372093023256,0.0236690534165576,0.0811804566788366,0.0747959974008475,0.223271806104572,12.5353619123484,0.068635966467221,0.4144042283655
"Leaf265","Leaf288",0.5003367003367,0.481144781144781,0.812794612794613,0.25,0.708333333333333,0.166666666666667,0.210526315789474,0.0529256124024964,0.289780709108702,0.0681172134890605,0.167667676667856,9.67668048258756,0.140132252004545,0.211763987326074
"Leaf265","Leaf3",0.5003367003367,0.481144781144781,0.732659932659933,0.541666666666667,0.708333333333333,0.354166666666667,0.395348837209302,0.13031890493331,0.54654370636807,0.114092258256964,0.0127229037382982,9.7405441672821,0.119844641624979,0.207343476019903
"Leaf265","Leaf324",0.5003367003367,0.481144781144781,0.857239057239057,0.458333333333333,0.708333333333333,0.333333333333333,0.4,0.0383290896862676,0.153853635416935,0.181032028058389,0.0891539318407218,7.91765745237982,0.152006539331448,0.574715132194199
"Leaf265","Leaf33",0.5003367003367,0.481144781144781,0.492255892255892,0.354166666666667,0.708333333333333,0.270833333333333,0.342105263157895,0.0918436315644059,0.38193461069797,0.0774142846852883,0.0417246578800703,10.5632482767325,0.106898495562814,0.20897338886514
"Leaf265","Leaf334",0.5003367003367,0.481144781144781,0.464646464646465,0.1875,0.708333333333333,0.104166666666667,0.131578947368421,0.161468161717528,0.832344310720145,0.138669576353199,0.205195670417031,7.76205725379985,0.054910264735834,0.396399673226724
"Leaf265","Leaf336",0.5003367003367,0.481144781144781,0.434343434343434,0.708333333333333,0.958333333333333,0.6875,0.702127659574468,0.0955724249874193,0.908855753386637,0.0950220947183406,0.0361359993929169,7.46116879445505,0.134637454869333,1.07591732575888
"Leaf265","Leaf337",0.5003367003367,0.481144781144781,0.373737373737374,0.208333333333333,0.708333333333333,0.1875,0.257142857142857,0.216317947068187,1.20983792377833,0.207859762352807,0.137504774554232,6.53853813986309,0.383718936343152,0.426365255320524
"Leaf265","Leaf344",0.5003367003367,0.481144781144781,0.618181818181818,0.479166666666667,0.708333333333333,0.354166666666667,0.425,0.0649892489914451,0.268263986594679,0.0255481368637046,0.0477987421383648,11.0346161478812,0.0252536386705794,0.0744027382025596
"Leaf265","Leaf351",0.5003367003367,0.481144781144781,0.0404040404040404,0.145833333333333,0.708333333333333,0.0833333333333333,0.108108108108108,0.124455303134337,0.724065219963256,0.0780399850744765,0.258198889747161,6.6032737383746,0.205569628368139,0.322029312787981
"Leaf265","Leaf354",0.5003367003367,0.481144781144781,0.858585858585859,0.708333333333333,0.875,0.604166666666667,0.617021276595745,0.103943839301285,0.51758240622887,0.226413466149976,0.0850011723698224,10.2200307307097,0.238907255554231,0.527902133118662
"Leaf265","Leaf357",0.5003367003367,0.481144781144781,0.575757575757576,0.4375,0.708333333333333,0.375,0.486486486486487,0.288732886948016,1.30399441805158,0.234794638853542,0.015789902335577,7.1948807525079,0.367398072318764,0.57464923439931
"Leaf265","Leaf359",0.5003367003367,0.481144781144781,0.286868686868687,0.0416666666666667,0.708333333333333,0.0416666666666667,0.0588235294117647,0.133801394982387,0.802346472524937,0.336970310393246,NA,6.22853388829986,0.341912065716311,2.70073955482381
"Leaf265","Leaf363",0.5003367003367,0.481144781144781,0.393939393939394,0.291666666666667,0.708333333333333,0.1875,0.230769230769231,0.0924369747899159,0.440842947189815,0.0421976005551018,0.212783296765061,9.44323074603042,0.0701804775964571,0.33987357535935
"Leaf265","Leaf371",0.5003367003367,0.481144781144781,0.0727272727272727,0.25,0.708333333333333,0.1875,0.243243243243243,0.0529256124024962,0.202197413315951,0.049780756766259,0.243697478991597,9.70613667696191,0.109545024296179,0.113411524746548
"Leaf265","Leaf380",0.5003367003367,0.481144781144781,0.217508417508418,0.395833333333333,0.708333333333333,0.291666666666667,0.358974358974359,0.0507684696300642,0.200267469650236,0.0288657591008132,0.0932058930609647,10.1700398085832,0.0588967362438819,0.126855747553635
"Leaf265","Leaf391",0.5003367003367,0.481144781144781,0.312457912457912,0.708333333333333,0.8125,0.583333333333333,0.622222222222222,0.0440367713775076,0.288517843499177,0.123600124588677,0.0542830624568302,11.1332594280085,0.124949179574932,0.335366318093256
"Leaf265","Leaf396",0.5003367003367,0.481144781144781,0.158249158249158,0.375,0.708333333333333,0.291666666666667,0.368421052631579,0.118345267082788,0.50102162366937,0.0383479831378547,0.0286937429373347,7.55449082591158,0.0703261010610503,0.0918544401095521
"Leaf265","Leaf405",0.5003367003367,0.481144781144781,0.356228956228956,0.708333333333333,0.854166666666667,0.645833333333333,0.704545454545455,0.254321706404949,1.34992671694902,0.0758115308236982,0.176021950477644,14.4552022411362,0.118088819822287,0.464876432227549
"Leaf265","Leaf41",0.5003367003367,0.481144781144781,0.653198653198653,0.520833333333333,0.708333333333333,0.375,0.439024390243902,0.0267602789964774,0.114410351177744,0.0633527767332819,0.368840333597111,7.67282984726823,0.10828850130256,0.345012390917485
"Leaf265","Leaf416",0.5003367003367,0.481144781144781,0.705723905723906,0.708333333333333,0.708333333333333,0.520833333333333,0.581395348837209,0.0924369747899159,0.440842947189815,0.151404413198487,0.171646671702312,8.4462660842793,0.0579744199883045,0.242123327673856
"Leaf265","Leaf420",0.5003367003367,0.481144781144781,0.0161616161616162,0.708333333333333,1,0.708333333333333,0.708333333333333,0,0.866810674610785,0.012813174755652,0.0692061849088901,9.67232537495408,0.108254003672956,0.108254003672956
"Leaf265","Leaf427",0.5003367003367,0.481144781144781,0.125925925925926,0.333333333333333,0.708333333333333,0.229166666666667,0.282051282051282,0.0324101861776082,0.168109679412839,0.0392601255941093,0.382254786053997,8.19092788849305,0.297116439564331,0.365185705517582
"Leaf265","Leaf443",0.5003367003367,0.481144781144781,0.148821548821549,0.395833333333333,0.708333333333333,0.291666666666667,0.358974358974359,0.0507684696300642,0.200267469650236,0.160302444444326,0.0738321549012048,7.93642687278433,0.119859895234385,0.392231765879092
"Leaf265","Leaf5",0.5003367003367,0.481144781144781,0.85993265993266,0.0625,0.708333333333333,0,0,0.402373908081477,3.04452243772342,0.322152116942218,NA,8.77305893050367,0.617840579529096,1.47809136746972
"Leaf265","Leaf68",0.5003367003367,0.481144781144781,0.103030303030303,0.708333333333333,1,0.708333333333333,0.708333333333333,0,0.866810674610785,0.109004690137214,0.00309600045635545,8.0675694252486,0.0282443000524163,0.0282443000524163
"Leaf265","Leaf70",0.5003367003367,0.481144781144781,0.511784511784512,0.208333333333333,0.708333333333333,0.1875,0.257142857142857,0.216317947068187,1.20983792377833,0.230659061856047,0.281512605042017,7.32437496262268,0.471733095520926,0.599268669035976
"Leaf265","Leaf82",0.5003367003367,0.481144781144781,0.120538720538721,0.708333333333333,0.8125,0.583333333333333,0.622222222222222,0.0440367713775076,0.288517843499177,0.0664433958692714,0.0683107726920898,11.6375849318567,0.0389424082724063,0.297164805920625
"Leaf265","Leaf83",0.5003367003367,0.481144781144781,0.435016835016835,0.6875,0.708333333333333,0.520833333333333,0.595238095238095,0.160689880160337,0.719122666963206,0.16372940993505,0.0993959217707225,12.5493874624985,0.209830310137736,0.505620353558037
"Leaf265","Leaf86",0.5003367003367,0.481144781144781,0.928619528619529,0.708333333333333,0.895833333333333,0.666666666666667,0.711111111111111,0.231317778810502,1.3753652905877,0.166042720331331,0.373324864209848,10.5608549901725,0.0752111814446111,0.967452846333973
"Leaf265","Leaf88",0.5003367003367,0.481144781144781,0.986531986531987,0.3125,0.708333333333333,0.25,0.324324324324324,0.13596836013567,0.601797401971717,0.349665602752961,0.13451854182691,5.69200150944978,0.599633804917134,0.659916460978997
"Leaf265","Leaf90",0.5003367003367,0.481144781144781,0.793265993265993,0.708333333333333,0.791666666666667,0.541666666666667,0.565217391304348,0.103456409467394,0.472359342938195,0.127380155507088,0.140029014306231,15.5224796329554,0.171916337109023,0.310664814200552
"Leaf281","Leaf285",0.5003367003367,0.481144781144781,0.905050505050505,0.541666666666667,0.625,0.395833333333333,0.513513513513513,0.237508434398142,0.955511445027436,0.401926821337083,0.173550229051433,5.49549894009671,0.552029953102906,0.910762263983936
"Leaf281","Leaf288",0.5003367003367,0.481144781144781,0.446464646464646,0.25,0.541666666666667,0.1875,0.310344827586207,0.241402274792634,1.10674241475136,0.151231363226036,0.0128223863427821,4.25087735822074,0.28781043720913,0.298779017306672
"Leaf281","Leaf33",0.5003367003367,0.481144781144781,0.484175084175084,0.354166666666667,0.541666666666667,0.1875,0.264705882352941,0.01821363705087,0.0768265963927152,0.0121971902612134,0.129871346788434,7.70150584857872,0.107904600355591,0.218779145406398
"Leaf281","Leaf334",0.5003367003367,0.481144781144781,0.212794612794613,0.1875,0.541666666666667,0.145833333333333,0.25,0.227640011634374,1.14862270924277,0.172847733229757,0.504878164297401,2.99003331263767,0.299483533427752,0.474511117404016
"Leaf281","Leaf344",0.5003367003367,0.481144781144781,0.442424242424243,0.479166666666667,0.541666666666667,0.291666666666667,0.4,0.129032699417639,0.499817891956162,0.00711930220508412,0.182449983209216,6.63101189989514,0.0098411830145761,0.0705179174532893
"Leaf281","Leaf359",0.5003367003367,0.481144781144781,0.182491582491582,0.0416666666666667,0.541666666666667,0.0208333333333333,0.037037037037037,0.0174368512726539,0.170625517030763,0.0124044504167767,NA,2.5098220619668,0.0209211755095692,0.0430490591627385
"Leaf281","Leaf371",0.5003367003367,0.481144781144781,0.0107744107744108,0.25,0.541666666666667,0.104166666666667,0.151515151515152,0.14484136487558,0.637367839512256,0.090377308700818,0.205195670417031,6.01930165359929,0.0351692789793398,0.283096890470474
"Leaf281","Leaf391",0.5003367003367,0.481144781144781,0.156228956228956,0.541666666666667,0.8125,0.4375,0.477272727272727,0.013390588919669,0.0503884924128131,0.123557274905788,0.109286424998955,7.64973049171591,0.0878188202071499,0.522663256682678
"Leaf281","Leaf405",0.5003367003367,0.481144781144781,0.954208754208754,0.541666666666667,0.854166666666667,0.5,0.558139534883721,0.212255761917416,1.12492959698548,0.328995433301968,0.36044221257293,7.69671522576027,0.442296211068312,0.681803188222014
"Leaf281","Leaf416",0.5003367003367,0.481144781144781,0.237037037037037,0.541666666666667,0.708333333333333,0.4375,0.538461538461538,0.237640356054859,1.0119069560573,0.114439331721499,0.112472050624608,5.43292721517958,0.228363841852033,0.519905517358164
"Leaf281","Leaf420",0.5003367003367,0.481144781144781,0.757575757575758,0.541666666666667,1,0.541666666666667,0.541666666666667,0,0.163629423781802,0.198413295757938,0.0490856599464617,4.33288500565825,0.418487395325891,0.418487395325891
"Leaf281","Leaf68",0.5003367003367,0.481144781144781,0.631649831649832,0.541666666666667,1,0.541666666666667,0.541666666666667,0,0.163629423781802,0.00177534946405673,0.148649480830774,3.46474610694243,0.0194420595800531,0.0194420595800531
"Leaf281","Leaf83",0.5003367003367,0.481144781144781,0.00875420875420875,0.541666666666667,0.6875,0.375,0.439024390243902,0.0112758849626553,0.0517675652050723,0.098851367101038,0.100472071860666,9.45354211636656,0.0738154469388508,0.280840744228743
"Leaf281","Leaf86",0.5003367003367,0.481144781144781,0.354882154882155,0.541666666666667,0.895833333333333,0.479166666666667,0.5,0.0399218622076571,0.199896701615462,0.0578601822357853,0.221109275709534,9.385314732651,0.0230835365101865,0.221876292756574
"Leaf281","Leaf88",0.5003367003367,0.481144781144781,0.841077441077441,0.3125,0.541666666666667,0.1875,0.28125,0.0789311947385874,0.32064912168197,0.0344641608857537,0.0786033695366628,5.09363812659319,0.0502399062313837,0.182506356969182
"Leaf281","Leaf90",0.5003367003367,0.481144781144781,0.395959595959596,0.541666666666667,0.791666666666667,0.416666666666667,0.454545454545455,0.0600576339560015,0.265070626065234,0.00937031464005813,0.20626799750855,9.99529401340629,0.245601737306895,0.280948927457481
"Leaf285","Leaf288",0.5003367003367,0.481144781144781,0.23973063973064,0.25,0.625,0.166666666666667,0.235294117647059,0.0496903994999953,0.196622106936151,0.0731191998328841,0.614457831325301,6.37152784461934,0.0657570643746593,0.187449628552421
"Leaf285","Leaf3",0.5003367003367,0.481144781144781,0.867340067340067,0.541666666666667,0.625,0.395833333333333,0.513513513513513,0.237508434398142,0.955511445027436,0.412965846970709,0.539183019192921,5.66725440429393,0.706414891354166,0.872860792380912
"Leaf285","Leaf324",0.5003367003367,0.481144781144781,0.98989898989899,0.458333333333333,0.625,0.354166666666667,0.485714285714286,0.280691786106895,1.15745278869104,0.412689489679565,0.24384236453202,4.71147728307558,0.543189692188383,0.974330518213823
"Leaf285","Leaf33",0.5003367003367,0.481144781144781,0.943434343434343,0.354166666666667,0.625,0.229166666666667,0.305555555555556,0.0337419608810553,0.125859037206167,0.210272639791861,0.178082191780822,6.72378746401915,0.0996029955885978,0.55985812369234
"Leaf285","Leaf334",0.5003367003367,0.481144781144781,0.817508417508418,0.1875,0.625,0.1875,0.3,0.372104203767625,2.7941567761171,0.428210982218873,0.237070237340613,4.1449417525804,0.773119688858661,1.10922735305954
"Leaf285","Leaf336",0.5003367003367,0.481144781144781,0.402020202020202,0.625,0.958333333333333,0.604166666666667,0.617021276595745,0.0538381902058166,0.522189382416306,0.0500950269449714,0.084832626082085,6.42122161139131,0.0390106704701295,0.894575787541013
"Leaf285","Leaf337",0.5003367003367,0.481144781144781,0.409427609427609,0.208333333333333,0.625,0.1875,0.290322580645161,0.29139711855431,1.63997463629418,0.223837079229101,0.0345215481711871,5.15300904764714,0.388597039124227,0.565924119386847
"Leaf285","Leaf344",0.5003367003367,0.481144781144781,0.622895622895623,0.479166666666667,0.625,0.25,0.292682926829268,0.204585122782103,0.819486102602963,0.15471343823851,0.073221757703458,9.67170109426759,0.201818731466445,0.422106550569235
"Leaf285","Leaf351",0.5003367003367,0.481144781144781,0.328619528619529,0.145833333333333,0.625,0.104166666666667,0.15625,0.0762049928098688,0.353139289106425,0.145811128161158,0.111803398874989,5.21802415487413,0.151820678145713,0.338749870276461
"Leaf285","Leaf354",0.5003367003367,0.481144781144781,0.544107744107744,0.625,0.875,0.541666666666667,0.565217391304348,0.0325300024316178,0.114002312816477,0.0830793644805115,0.046475743942515,7.58762143816768,0.0216257155118628,0.30606855865023
"Leaf285","Leaf357",0.5003367003367,0.481144781144781,0.851851851851852,0.4375,0.625,0.25,0.307692307692308,0.0975900072948533,0.392042087776024,0.116358635438351,0.00177935943060498,7.79190610628032,0.206995993485333,0.310789869225894
"Leaf285","Leaf359",0.5003367003367,0.481144781144781,0.205387205387205,0.0416666666666667,0.625,0.0416666666666667,0.0666666666666667,0.16151457061745,1.17730455724377,0.263341138783587,NA,4.95798700709932,0.364724381648543,1.489229720639
"Leaf285","Leaf363",0.5003367003367,0.481144781144781,0.063973063973064,0.291666666666667,0.625,0.208333333333333,0.294117647058824,0.118345267082788,0.50102162366937,0.11845410362122,0.228412469225218,7.15432761153,0.142242153242253,0.256559646887769
"Leaf285","Leaf371",0.5003367003367,0.481144781144781,0.237710437710438,0.25,0.625,0.166666666666667,0.235294117647059,0.0496903994999953,0.196622106936151,0.0240422105031203,0.561142541945407,9.06988169175935,0.0202873470020029,0.0667763101481677
"Leaf285","Leaf380",0.5003367003367,0.481144781144781,0.614141414141414,0.395833333333333,0.625,0.291666666666667,0.4,0.186993922796262,0.768729861725952,0.0373396256524233,0.331894654408066,8.94361739464482,0.0112018918317899,0.235777067538173
"Leaf285","Leaf391",0.5003367003367,0.481144781144781,0.406734006734007,0.625,0.8125,0.583333333333333,0.682926829268293,0.399667478120783,2.00616934057351,0.12424040581793,0.0411358000000011,11.045535286114,0.363448287662004,0.439738865160425
"Leaf285","Leaf396",0.5003367003367,0.481144781144781,0.913131313131313,0.375,0.625,0.208333333333333,0.263157894736842,0.111111111111111,0.457740535313678,0.159442680939903,0.334936256967465,6.85790783055298,0.278083149013115,0.431182302701095
"Leaf285","Leaf405",0.5003367003367,0.481144781144781,0.528619528619529,0.625,0.854166666666667,0.520833333333333,0.543478260869565,0.0762049928098689,0.353139289106425,0.0701978113061434,0.118231611159469,12.0108908584505,0.190631155869606,0.216466993669921
"Leaf285","Leaf41",0.5003367003367,0.481144781144781,0.776430976430977,0.520833333333333,0.625,0.333333333333333,0.41025641025641,0.03230291412349,0.129211731480006,0.0860259488149434,0.237238306950382,7.68129949197211,0.0720763597558549,0.124473723172763
"Leaf285","Leaf416",0.5003367003367,0.481144781144781,0.0377104377104377,0.625,0.708333333333333,0.520833333333333,0.641025641025641,0.355035801248363,1.53393035992596,0.205037045604352,0.287839762234831,7.76322078543122,0.198746531034177,0.569296804425826
"Leaf285","Leaf420",0.5003367003367,0.481144781144781,0.973737373737374,0.625,1,0.625,0.625,0,0.499955951529087,0.384566961547112,0.257008021607122,5.47994860604325,0.828479788633316,0.828479788633316
"Leaf285","Leaf427",0.5003367003367,0.481144781144781,0.544781144781145,0.333333333333333,0.625,0.270833333333333,0.393939393939394,0.273861278752583,1.22856585994475,0.21688452673212,0.306472092262404,6.2214576906089,0.227252513487033,0.479356225128155
"Leaf285","Leaf443",0.5003367003367,0.481144781144781,0.379124579124579,0.395833333333333,0.625,0.291666666666667,0.4,0.186993922796262,0.768729861725952,0.151936385195621,0.078772256027194,7.27186549379891,0.116531831368809,0.356897809544844
"Leaf285","Leaf5",0.5003367003367,0.481144781144781,0.590572390572391,0.0625,0.625,0.0416666666666667,0.0645161290322581,0.0222222222222222,0.0231224174208542,0.187996254663381,NA,5.12994621519384,0.0154105534066643,0.886993166506828
"Leaf285","Leaf68",0.5003367003367,0.481144781144781,0.98047138047138,0.625,1,0.625,0.625,0,0.499955951529087,0.095490135598684,0.399346261756215,8.23570352463188,0.255463712947069,0.255463712947069
"Leaf285","Leaf70",0.5003367003367,0.481144781144781,0.326599326599327,0.208333333333333,0.625,0.166666666666667,0.25,0.185434529989106,0.913620503318276,0.00385935306544116,0.0193875487476292,7.42778227975151,0.257917641384354,0.366217887743836
"Leaf285","Leaf82",0.5003367003367,0.481144781144781,0.632323232323232,0.625,0.8125,0.583333333333333,0.682926829268293,0.399667478120783,2.00616934057351,0.0402163437603048,0.220057299432257,10.8694110839657,0.0367135298836386,0.919928779706499
"Leaf285","Leaf83",0.5003367003367,0.481144781144781,0.97979797979798,0.625,0.6875,0.395833333333333,0.431818181818182,0.150867301828271,0.642003822449758,0.227094316712867,0.35802396486868,15.7164015206385,0.0644300211668984,0.513296135695375
"Leaf285","Leaf86",0.5003367003367,0.481144781144781,0.606734006734007,0.625,0.895833333333333,0.5625,0.58695652173913,0.0176090181265125,0.174353387144778,0.120917975208594,0.274252132722569,10.9366164262785,0.069369485144685,0.135115883907143
"Leaf285","Leaf88",0.5003367003367,0.481144781144781,0.845117845117845,0.3125,0.625,0.208333333333333,0.285714285714286,0.058025885318566,0.228891964225074,0.0189336367245115,0.316227766016838,8.28008826172051,0.195190058116288,0.272779772204753
"Leaf285","Leaf90",0.5003367003367,0.98989898989899,0.988552188552189,0.625,0.791666666666667,0.520833333333333,0.581395348837209,0.132453235706504,0.635988766719997,0.284811088187405,0.502482076410368,7.16251684439481,0.361696130516716,0.47821351148913
"Leaf288","Leaf3",0.5003367003367,0.481144781144781,0.428956228956229,0.25,0.541666666666667,0.208333333333333,0.357142857142857,0.337963184709687,1.65214903052715,0.173050574950921,0.60308291234204,4.42119504725566,0.280430713265163,0.562503353714734
"Leaf288","Leaf324",0.5003367003367,0.481144781144781,0.406060606060606,0.25,0.458333333333333,0.145833333333333,0.259259259259259,0.14484136487558,0.637367839512256,0.0503584700053809,0.107142857142857,5.8559820460443,0.0165317903801103,0.256991840252224
"Leaf288","Leaf33",0.5003367003367,0.481144781144781,0.600673400673401,0.25,0.354166666666667,0.0625,0.115384615384615,0.125748863706964,0.559162170327281,0.0868286039679711,0.5,7.26359114842409,0.0132860884251389,0.26886160318965
"Leaf288","Leaf334",0.5003367003367,0.481144781144781,0.345454545454545,0.1875,0.25,0.0625,0.166666666666667,0.0924500327042048,0.547395676600647,0.106667991243546,0.866025403784439,2.54586059634879,0.0461427101947381,0.46270417338254
"Leaf288","Leaf336",0.5003367003367,0.481144781144781,0.554208754208754,0.25,0.958333333333333,0.25,0.260869565217391,0.120385853085769,0.594207232705042,0.0807270376818241,0.0299297630049579,3.14951944470116,0.155334148575095,0.730697613307426
"Leaf288","Leaf337",0.5003367003367,0.481144781144781,0.653872053872054,0.208333333333333,0.25,0.0833333333333333,0.222222222222222,0.177704663327728,0.909935739991778,0.172315850011751,0.388888888888889,2.12815440067133,0.31522394319153,0.471212865056442
"Leaf288","Leaf344",0.5003367003367,0.481144781144781,0.862626262626263,0.25,0.479166666666667,0.1875,0.346153846153846,0.313003218023,1.43789548989497,0.332055983150157,0.449579831932773,4.33459182000322,0.437869174986069,0.683780430756766
"Leaf288","Leaf351",0.5003367003367,0.481144781144781,0.140740740740741,0.145833333333333,0.25,0.0416666666666667,0.117647058823529,0.0340799088295499,0.310154928303839,0.0519509604514063,NA,2.52838342299562,0.0440454104605656,0.178531877124373
"Leaf288","Leaf354",0.5003367003367,0.481144781144781,0.218855218855219,0.25,0.875,0.208333333333333,0.227272727272727,0.0727392967453308,0.542078167270095,0.0022537744323559,0.00607905543680065,4.22156915763233,0.0236045104005363,0.316568077563554
"Leaf288","Leaf357",0.5003367003367,0.481144781144781,0.118518518518519,0.25,0.4375,0.1875,0.375,0.363696483726654,1.67147330335355,0.212081307930578,0.347246753180985,3.49154946993875,0.503582551732135,0.549528365629343
"Leaf288","Leaf359",0.5003367003367,0.481144781144781,0.096969696969697,0.0416666666666667,0.25,0,0,0.120385853085769,0.594207232705042,0.118737708140616,NA,2.22169082148059,0.332003445856495,0.730697613307426
"Leaf288","Leaf363",0.5003367003367,0.481144781144781,0.253198653198653,0.25,0.291666666666667,0.0625,0.130434782608696,0.0529256124024964,0.202197413315951,0.0203157767511482,0.5,4.92259823740101,0.0010896441603111,0.121042627324042
"Leaf288","Leaf371",0.5003367003367,0.481144781144781,0.343434343434343,0.25,0.25,0.0416666666666667,0.0909090909090909,0.111111111111111,0.509315049460624,0.108607903876842,NA,5.62025066923959,0.203634483612115,0.218164021858298
"Leaf288","Leaf380",0.5003367003367,0.481144781144781,0.622222222222222,0.25,0.395833333333333,0.0625,0.107142857142857,0.172171638780149,0.7814643248733,0.175029886549359,1,5.90784596362604,0.0680196523835037,0.597970195826307
"Leaf288","Leaf391",0.5003367003367,0.481144781144781,0.156902356902357,0.25,0.8125,0.208333333333333,0.24390243902439,0.0308166775680683,0.0655972824858133,0.0273091292785489,0.455929157760048,7.4878438534067,0.0158596084873959,0.0744882205918915
"Leaf288","Leaf396",0.5003367003367,0.481144781144781,0.282828282828283,0.25,0.375,0.145833333333333,0.304347826086957,0.248451997499977,1.10648634509902,0.23702593217293,0.411376675603721,2.34038888332313,0.340205011232996,0.625360259714612
"Leaf288","Leaf405",0.5003367003367,0.481144781144781,0.715824915824916,0.25,0.854166666666667,0.208333333333333,0.232558139534884,0.03407990882955,0.31015492830384,0.0698388508814234,0.0335365853658537,11.4229997465598,0.172882644174001,0.196718064938113
"Leaf288","Leaf41",0.5003367003367,0.481144781144781,0.327272727272727,0.25,0.520833333333333,0.125,0.193548387096774,0.0240771706171538,0.108213584640233,0.00904859340474389,0.318874069608847,3.9668552221301,0.131656903362834,0.258965775058679
"Leaf288","Leaf416",0.5003367003367,0.481144781144781,0.391245791245791,0.25,0.708333333333333,0.1875,0.243243243243243,0.0529256124024963,0.202197413315951,0.029620744220977,0.079023412446871,4.85098735255626,0.121370319947727,0.12966276707752
"Leaf288","Leaf420",0.5003367003367,0.481144781144781,0.645117845117845,0.25,1,0.25,0.25,0,1.07158361628019,0.137962896835693,0.493871160178534,5.50595066949888,0.258633981783556,0.258633981783556
"Leaf288","Leaf427",0.5003367003367,0.481144781144781,0.0579124579124579,0.25,0.333333333333333,0.104166666666667,0.217391304347826,0.102062072615966,0.486176488491337,0.0143901780366422,0.688247201611685,4.08533798062119,0.0620210958987638,0.0961251216421758
"Leaf288","Leaf443",0.5003367003367,0.481144781144781,0.22020202020202,0.25,0.395833333333333,0.166666666666667,0.347826086956522,0.319747329163133,1.43232018351517,0.258589790768546,0.385570154169504,4.00526945026821,0.442295880041599,0.582821131349886
"Leaf288","Leaf5",0.5003367003367,0.481144781144781,0.630976430976431,0.0625,0.25,0.0208333333333333,0.0714285714285714,0.0496903994999953,0.587786664902119,0.0784195848998342,NA,2.540824586839,0.249887135317417,0.271166117532935
"Leaf288","Leaf68",0.5003367003367,0.481144781144781,0.958922558922559,0.25,1,0.25,0.25,0,1.07158361628019,0.303504636419343,0.402802719294549,2.50399303454078,0.817087112377533,0.817087112377533
"Leaf288","Leaf70",0.5003367003367,0.481144781144781,0.226262626262626,0.208333333333333,0.25,0.0833333333333333,0.222222222222222,0.177704663327728,0.909935739991778,0.179346528588304,0.2,3.23595921098139,0.345801494323253,0.351887838430745
"Leaf288","Leaf82",0.5003367003367,0.481144781144781,0.469360269360269,0.25,0.8125,0.25,0.307692307692308,0.277350098112615,2.15598161880217,0.245405894843681,0.389473684210526,6.10457768110607,0.662671016723738,0.812122920191087
"Leaf288","Leaf83",0.5003367003367,0.481144781144781,0.435690235690236,0.25,0.6875,0.166666666666667,0.216216216216216,0.0259499648053841,0.160342650075179,0.00552266108919782,0.107786363572193,9.58559186410168,0.0107809913995802,0.0304084189233905
"Leaf288","Leaf86",0.5003367003367,0.481144781144781,0.28956228956229,0.25,0.895833333333333,0.229166666666667,0.25,0.039374961547908,0.0597192347016223,0.0363794666531958,0.244851899659684,9.33301331770566,0.0606797031450605,0.116772009007004
"Leaf288","Leaf88",0.5003367003367,0.481144781144781,0.0996632996632997,0.25,0.3125,0.125,0.285714285714286,0.233549683248457,1.06289420606603,0.215429085419558,0.347862621391469,4.05517302828839,0.194718166057952,0.492844104575257
"Leaf288","Leaf90",0.5003367003367,0.481144781144781,0.261952861952862,0.25,0.791666666666667,0.208333333333333,0.25,0.0592348877759094,0.225246601510988,0.0721579914639665,0.207320927328495,8.55568073535221,0.0401078332219227,0.547053080941936
"Leaf3","Leaf33",0.5003367003367,0.481144781144781,0.822222222222222,0.354166666666667,0.541666666666667,0.145833333333333,0.194444444444444,0.193064552739222,0.781158057882659,0.152244116933682,0.172727272727273,8.3469257136052,0.122343416254136,0.505961251678935
"Leaf3","Leaf334",0.5003367003367,0.481144781144781,0.028956228956229,0.1875,0.541666666666667,0.125,0.206896551724138,0.120515300277021,0.569028787831562,0.090639671002361,0.281387429766325,3.06765887625255,0.0855154843412322,0.263012466971561
"Leaf3","Leaf344",0.5003367003367,0.481144781144781,0.424915824915825,0.479166666666667,0.541666666666667,0.25,0.324324324324324,0.0383610727998386,0.148420005118273,0.0403050945943877,0.248227135239801,6.59080455831267,0.0228459128864084,0.131713640386199
"Leaf3","Leaf359",0.5003367003367,0.481144781144781,0.333333333333333,0.0416666666666667,0.541666666666667,0.0416666666666667,0.0769230769230769,0.191805363999193,1.52428010409379,0.17955002083557,NA,2.41365323101776,0.39282087925023,0.57821149121485
"Leaf3","Leaf371",0.5003367003367,0.481144781144781,0.142087542087542,0.25,0.541666666666667,0.125,0.1875,0.0482804549585267,0.217064505237827,0.0167966390485551,0.202919862478357,5.7097734860216,0.090966532163567,0.0940955365033209
"Leaf3","Leaf391",0.5003367003367,0.481144781144781,0.563636363636364,0.541666666666667,0.8125,0.4375,0.477272727272727,0.013390588919669,0.0503884924128131,0.00468737759621472,0.121976979910772,8.2655583573454,0.13942796924016,0.456052232042807
"Leaf3","Leaf405",0.5003367003367,0.481144781144781,0.963636363636364,0.541666666666667,0.854166666666667,0.5,0.558139534883721,0.212255761917416,1.12492959698548,0.338068356342107,0.410400030891476,7.7295199196892,0.430010630418443,0.680704774967363
"Leaf3","Leaf416",0.5003367003367,0.481144781144781,0.245117845117845,0.541666666666667,0.708333333333333,0.458333333333333,0.578947368421053,0.3296301713019,1.43508452528932,0.104318285720691,0.0734017386915525,5.23652259560048,0.343771958941035,0.70330635426988
"Leaf3","Leaf420",0.5003367003367,0.481144781144781,0.933333333333333,0.541666666666667,1,0.541666666666667,0.541666666666667,0,0.163629423781802,0.225125559961674,0.089167488763178,3.97477362518616,0.574426883082944,0.574426883082944
"Leaf3","Leaf68",0.5003367003367,0.481144781144781,0.383164983164983,0.541666666666667,1,0.541666666666667,0.541666666666667,0,0.163629423781802,0.0163232408060758,0.117728950007633,3.5096539726853,0.21907494987923,0.21907494987923
"Leaf3","Leaf83",0.5003367003367,0.97979797979798,0.394612794612795,0.541666666666667,0.6875,0.375,0.439024390243902,0.0112758849626552,0.0517675652050723,0.0433807633029798,0.103823404613519,9.89021993076583,0.108230771371693,0.158232241089215
"Leaf3","Leaf86",0.5003367003367,0.481144781144781,0.157575757575758,0.541666666666667,0.895833333333333,0.5,0.533333333333333,0.0969530939328821,0.564730888602193,0.0986981174827208,0.104313109520642,9.13057482356698,0.145984285974743,0.328347797628483
"Leaf3","Leaf88",0.5003367003367,0.481144781144781,0.911784511784512,0.3125,0.541666666666667,0.166666666666667,0.242424242424242,0.0112758849626551,0.0517675652050722,0.0175825017309502,0.187514650154337,5.50124551814562,0.124346642309116,0.223405746882944
"Leaf3","Leaf90",0.5003367003367,0.481144781144781,0.259259259259259,0.541666666666667,0.791666666666667,0.4375,0.488372093023256,0.0428983099685725,0.205852054204149,0.038061343340708,0.122933401584006,9.5856889744927,0.141832180420754,0.232339872784078
"Leaf324","Leaf33",0.5003367003367,0.481144781144781,0.061952861952862,0.354166666666667,0.458333333333333,0.166666666666667,0.258064516129032,0.0182136370508701,0.0768265963927152,0.00325519009959493,0.383240403812243,8.30468302594092,0.0360841890246136,0.0540051731156931
"Leaf324","Leaf334",0.5003367003367,0.481144781144781,0.384511784511785,0.1875,0.458333333333333,0.125,0.24,0.200858833795036,0.972679248649802,0.177977493366315,0.516100229611079,3.64398667958427,0.390571033021188,0.437493703551864
"Leaf324","Leaf344",0.5003367003367,0.481144781144781,0.724579124579125,0.458333333333333,0.479166666666667,0.1875,0.25,0.129032699417639,0.499817891956162,0.135121229946083,0.0435194139889245,8.60807465909322,0.214851545606693,0.311806042344524
"Leaf324","Leaf359",0.5003367003367,0.481144781144781,0.1003367003367,0.0416666666666667,0.458333333333333,0.0416666666666667,0.0909090909090909,0.226679066544501,1.86615775928191,0.293478740742485,NA,3.53672455585218,0.428623720908157,1.66398438688308
"Leaf324","Leaf371",0.5003367003367,0.481144781144781,0.134006734006734,0.25,0.458333333333333,0.125,0.214285714285714,0.0482804549585267,0.217064505237828,0.0237782265635918,0.11595420713049,7.13781556600683,0.00240975809715078,0.078122525504809
"Leaf324","Leaf391",0.5003367003367,0.481144781144781,0.534006734006734,0.458333333333333,0.8125,0.395833333333333,0.452380952380952,0.120515300277022,0.569028787831562,0.012153919716229,0.0423843083720567,9.92195738609178,0.0784966936080395,0.239522832774495
"Leaf324","Leaf405",0.5003367003367,0.481144781144781,0.866666666666667,0.458333333333333,0.854166666666667,0.395833333333333,0.431818181818182,0.0246809025485367,0.108213584640233,0.176868061749078,0.0105820270398603,10.114732950705,0.0866871247432201,0.501598381129812
"Leaf324","Leaf416",0.5003367003367,0.481144781144781,0.837037037037037,0.458333333333333,0.708333333333333,0.395833333333333,0.513513513513513,0.314298535427393,1.41915850851834,0.267486623676252,0.00546055084993023,4.865815597454,0.478600131130705,0.920700248667378
"Leaf324","Leaf420",0.5003367003367,0.481144781144781,0.926599326599327,0.458333333333333,1,0.458333333333333,0.458333333333333,0,0.163629423781802,0.265488322117588,0.193384293479231,5.22217485246185,0.504864411105629,0.504864411105629
"Leaf324","Leaf68",0.5003367003367,0.962289562289562,0.942760942760943,0.458333333333333,1,0.458333333333333,0.458333333333333,0,0.163629423781802,0.0588891557191474,0.292255698371515,6.12440530285477,0.0598834053580025,0.0598834053580025
"Leaf324","Leaf83",0.5003367003367,0.481144781144781,0.546801346801347,0.458333333333333,0.6875,0.3125,0.375,0.0112758849626553,0.0517675652050722,0.045189364814594,0.0774077721305025,11.8243157461942,0.144628532837403,0.341473279267403
"Leaf324","Leaf86",0.5003367003367,0.481144781144781,0.72996632996633,0.458333333333333,0.895833333333333,0.4375,0.477272727272727,0.176796818348196,1.05314991459135,0.294593039789823,0.048796366866559,8.40837266171988,0.217044294554236,0.727262059532488
"Leaf324","Leaf88",0.5003367003367,0.481144781144781,0.284175084175084,0.3125,0.458333333333333,0.208333333333333,0.37037037037037,0.281897124066383,1.18895145575041,0.199354472473231,0.181926374735712,5.81010376668575,0.28210560852996,0.394751522213832
"Leaf324","Leaf90",0.5003367003367,0.481144781144781,0.982491582491583,0.458333333333333,0.791666666666667,0.416666666666667,0.5,0.26596952180515,1.3264295856822,0.334372971831611,0.329557432953631,7.09687705277538,0.543987355906827,0.72475824212156
"Leaf33","Leaf334",0.5003367003367,0.481144781144781,0.488888888888889,0.1875,0.354166666666667,0.104166666666667,0.238095238095238,0.202283466182723,0.989128055826421,0.197300596601117,0.0512989176042577,5.05369605227788,0.286148970217567,0.536404348400655
"Leaf33","Leaf336",0.5003367003367,0.481144781144781,0.868013468013468,0.354166666666667,0.958333333333333,0.354166666666667,0.369565217391304,0.154411519165676,1.08724853001779,0.293999165885426,0.0444449863771662,5.14330235039416,0.655272086179099,0.87350417656705
"Leaf33","Leaf337",0.5003367003367,0.481144781144781,0.543434343434343,0.208333333333333,0.354166666666667,0.0833333333333333,0.173913043478261,0.0491615508755588,0.268263986594679,0.00834648167012533,0.272165526975909,5.40202557588366,0.0425613174568667,0.186744701291674
"Leaf33","Leaf344",0.5003367003367,0.481144781144781,0.196632996632997,0.354166666666667,0.479166666666667,0.145833333333333,0.212121212121212,0.0999133359307314,0.398992593602547,0.0451778592576862,0.0900937462695559,8.39359050776645,0.118008541566146,0.153096859542904
"Leaf33","Leaf351",0.5003367003367,0.481144781144781,0.463973063973064,0.145833333333333,0.354166666666667,0.0625,0.142857142857143,0.0642826471582925,0.388722926965091,0.00119063929068514,0.5,5.64937918222985,0.0256158081226686,0.160346638302287
"Leaf33","Leaf354",0.5003367003367,0.481144781144781,0.308417508417508,0.354166666666667,0.875,0.270833333333333,0.282608695652174,0.246965865639364,1.36948724280351,0.00254665513415963,0.0842709927985378,7.48986826527276,0.0372588886249302,0.78993771440784
"Leaf33","Leaf357",0.5003367003367,0.481144781144781,0.923232323232323,0.354166666666667,0.4375,0.166666666666667,0.266666666666667,0.0493931731278727,0.203855411529671,0.066482491159448,0.0736321040510724,7.71402151644807,0.00434610638689417,0.368638380978829
"Leaf33","Leaf359",0.5003367003367,0.481144781144781,0.690909090909091,0.0416666666666667,0.354166666666667,0.0208333333333333,0.0555555555555556,0.0635812137741018,0.614366302706831,0.0840121131063077,NA,4.76961060548744,0.191523505529335,0.427731575505175
"Leaf33","Leaf363",0.5003367003367,0.481144781144781,0.828282828282828,0.291666666666667,0.354166666666667,0.0833333333333333,0.148148148148148,0.0918436315644059,0.38193461069797,0.120333540046017,0.210818510677892,8.46820727037091,0.194825904226628,0.257286464920612
"Leaf33","Leaf371",0.5003367003367,0.481144781144781,0.214814814814815,0.25,0.354166666666667,0.104166666666667,0.208333333333333,0.0754493182241785,0.362789544938586,0.0307805104013443,0.6,8.50294648491432,0.0604133294228803,0.152665519507817
"Leaf33","Leaf380",0.5003367003367,0.481144781144781,0.396632996632997,0.354166666666667,0.395833333333333,0.125,0.2,0.0649511638175088,0.255463811827718,0.088875387377906,0.264820448851425,9.01207419286831,0.0737754015336841,0.300581707326249
"Leaf33","Leaf391",0.5003367003367,0.481144781144781,0.975084175084175,0.354166666666667,0.8125,0.270833333333333,0.302325581395349,0.0906787951853584,0.473784352085642,0.1732299161344,0.32964115392679,13.1455353939949,0.240583897862102,0.343971291737589
"Leaf33","Leaf396",0.5003367003367,0.481144781144781,0.226936026936027,0.354166666666667,0.375,0.166666666666667,0.296296296296296,0.146215163817907,0.605452042859915,0.10203872725538,0.227172055625561,5.63381243692448,0.0248758490917735,0.275760572193987
"Leaf33","Leaf405",0.5003367003367,0.481144781144781,0.797979797979798,0.354166666666667,0.854166666666667,0.3125,0.348837209302326,0.059140035385629,0.252152651297295,0.139412741857008,0.114901441908813,10.7594431992576,0.122232231803769,0.330676070164741
"Leaf33","Leaf41",0.5003367003367,0.481144781144781,0.709090909090909,0.354166666666667,0.520833333333333,0.1875,0.272727272727273,0.0127162427548203,0.0487052781288903,0.103527561553055,0.10215078369105,7.00062010082069,0.165559135961322,0.289729990675835
"Leaf33","Leaf416",0.5003367003367,0.481144781144781,0.592592592592593,0.354166666666667,0.708333333333333,0.229166666666667,0.275,0.0998300343091369,0.44638939918623,0.00565039470431136,0.153490032351136,8.44309258405018,0.088302846719196,0.224545250149378
"Leaf33","Leaf420",0.5003367003367,0.481144781144781,0.0794612794612795,0.354166666666667,1,0.354166666666667,0.354166666666667,0,0.587786664902119,0.0405614951802264,0.618763392758194,7.21753550520055,0.136958215811128,0.136958215811128
"Leaf33","Leaf427",0.5003367003367,0.481144781144781,0.830976430976431,0.333333333333333,0.354166666666667,0.0833333333333333,0.137931034482759,0.154010275908424,0.653926467406664,0.176162178180273,0,7.71928847573951,0.320585230638274,0.48767816371788
"Leaf33","Leaf443",0.5003367003367,0.481144781144781,0.433670033670034,0.354166666666667,0.395833333333333,0.166666666666667,0.285714285714286,0.11320059979623,0.466852215664934,0.143634165648126,0.265079480991534,6.25134704662848,0.204572588030549,0.261957188990628
"Leaf33","Leaf5",0.5003367003367,0.481144781144781,0.863973063973064,0.0625,0.354166666666667,0.0625,0.176470588235294,0.348666929104239,2.72174904546037,0.379025291214136,0.5,4.47393500251755,0.55450674111127,1.35621570335399
"Leaf33","Leaf68",0.5003367003367,0.481144781144781,0.977777777777778,0.354166666666667,1,0.354166666666667,0.354166666666667,0,0.587786664902119,0.308623665409521,0.0110976215167026,8.10758702936257,0.799724121995971,0.799724121995971
"Leaf33","Leaf70",0.5003367003367,0.481144781144781,0.608080808080808,0.208333333333333,0.354166666666667,0.0416666666666667,0.08,0.165361580217789,0.807615034397203,0.130999968076548,NA,7.20325382617024,0.234118545753094,0.307572364201231
"Leaf33","Leaf82",0.5003367003367,0.481144781144781,0.0868686868686869,0.354166666666667,0.8125,0.3125,0.365853658536585,0.13253054680937,0.640779195042629,0.045529856727512,0.0322871123829304,9.45395835905265,0.126654113048623,0.276710266838242
"Leaf33","Leaf83",0.5003367003367,0.481144781144781,0.872727272727273,0.354166666666667,0.6875,0.25,0.31578947368421,0.0293686072876149,0.104302874099691,0.154055767310726,0.358635271646329,13.979562111622,0.0585456619529168,0.419575061196633
"Leaf33","Leaf86",0.5003367003367,0.481144781144781,0.551515151515152,0.354166666666667,0.895833333333333,0.291666666666667,0.304347826086957,0.175278026229681,1.04671385054046,0.0461091168240176,0.0640887499162625,10.6913379734905,0.0256029151306958,0.25562119871771
"Leaf33","Leaf88",0.5003367003367,0.481144781144781,0.67003367003367,0.3125,0.354166666666667,0.166666666666667,0.333333333333333,0.252570022673488,1.07254446189819,0.275493855191848,0.343373493975904,5.95833461785752,0.323105717644803,0.744760224496662
"Leaf33","Leaf90",0.5003367003367,0.481144781144781,0.914478114478115,0.354166666666667,0.791666666666667,0.291666666666667,0.341463414634146,0.058100014671115,0.237615583922744,0.278131631086867,0.200897361528728,8.99628506686563,0.00725032230250835,0.497674939499092
"Leaf334","Leaf336",0.5003367003367,0.481144781144781,0.171043771043771,0.1875,0.958333333333333,0.166666666666667,0.170212765957447,0.166945140823544,1.51059207779747,0.0752663341748041,0.342458745366493,2.20398620288158,0.361220783087556,0.580286383476646
"Leaf334","Leaf337",0.5003367003367,0.481144781144781,0.567676767676768,0.1875,0.208333333333333,0.0625,0.1875,0.147859217427043,0.847297860387204,0.157206153608703,NA,0.8211537573823,0.204731811760282,0.547397348843515
"Leaf334","Leaf344",0.5003367003367,0.481144781144781,0.4,0.1875,0.479166666666667,0.0625,0.103448275862069,0.140233918291777,0.669049628980885,0.179668651406332,0.866025403784439,5.19236071581587,0.247586636453488,0.513457283796502
"Leaf334","Leaf351",0.5003367003367,0.481144781144781,0.283501683501684,0.145833333333333,0.1875,0.0416666666666667,0.142857142857143,0.103972726632991,0.737598943130779,0.0871677810539677,NA,1.19060028060986,0.0059867335741866,0.207047399162828
"Leaf334","Leaf354",0.5003367003367,0.481144781144781,0.0235690235690236,0.1875,0.875,0.166666666666667,0.186046511627907,0.0201742510889601,0.101610176410782,0.0179074193141411,0.179066939259324,2.63361903391239,0.0621979195543336,0.263424719657589
"Leaf334","Leaf357",0.5003367003367,0.481144781144781,0.261279461279461,0.1875,0.4375,0.0833333333333333,0.153846153846154,0.00672475036298669,0.0506437328187549,0.0159827098512022,0.210818510677892,2.61268664348841,0.0631000825524468,0.10407163294719
"Leaf334","Leaf359",0.5003367003367,0.481144781144781,0.505050505050505,0.0416666666666667,0.1875,0.0208333333333333,0.1,0.166945140823544,1.51059207779747,0.20522438991629,NA,0.649731488452275,0.377375601791723,0.674130672465593
"Leaf334","Leaf363",0.5003367003367,0.481144781144781,0.315824915824916,0.1875,0.291666666666667,0.104166666666667,0.277777777777778,0.278899552057549,1.36710558046902,0.27199803203675,0.447213595499958,2.99874119395383,0.342397440719982,0.769697340440245
"Leaf334","Leaf371",0.5003367003367,0.481144781144781,0.660606060606061,0.1875,0.25,0.0625,0.166666666666667,0.0924500327042048,0.547395676600647,0.0560085617738974,0.866025403784439,3.91157007320026,0.0674688158236679,0.255678187299976
"Leaf334","Leaf380",0.5003367003367,0.481144781144781,0.5003367003367,0.1875,0.395833333333333,0.125,0.272727272727273,0.266045859343924,1.29349425595402,0.13493046249719,0.848528137423857,4.00763962126117,0.00893123202619044,0.15220163555278
"Leaf334","Leaf391",0.5003367003367,0.481144781144781,0.426262626262626,0.1875,0.8125,0.145833333333333,0.170731707317073,0.0427350427350427,0.367724780125317,0.157653416769826,0.0591082804679325,6.64226864029057,0.371584838926106,0.443088576186501
"Leaf334","Leaf396",0.5003367003367,0.481144781144781,0.675420875420875,0.1875,0.375,0.0625,0.125,0.0413449115297361,0.161206114780743,0.0480013828914758,1,1.73282641092274,0.08680385664742,0.271543405519322
"Leaf334","Leaf405",0.5003367003367,0.481144781144781,0.558249158249158,0.1875,0.854166666666667,0.1875,0.219512195121951,0.198493387208437,1.47810191037301,0.14503393849327,0.174874354195667,8.75484371907848,0.42622999918671,0.638427702076335
"Leaf334","Leaf41",0.5003367003367,0.481144781144781,0.426936026936027,0.1875,0.520833333333333,0.0833333333333333,0.133333333333333,0.0734558619623596,0.350952898511489,0.0725491599206704,0.544331053951817,2.67116087019463,0.160812297519542,0.33174866962635
"Leaf334","Leaf416",0.5003367003367,0.481144781144781,0.0154882154882155,0.1875,0.708333333333333,0.1875,0.264705882352941,0.308257399642554,2.37990917642859,0.273260799851598,0.0224271627174533,3.42704091584751,0.319923179538578,0.714807656617071
"Leaf334","Leaf420",0.5003367003367,0.481144781144781,0.111784511784512,0.1875,1,0.1875,0.1875,0,1.42500887330058,0.142186194684413,0.209849225034801,3.58619929376193,0.52518406031815,0.52518406031815
"Leaf334","Leaf427",0.5003367003367,0.481144781144781,0.0646464646464647,0.1875,0.333333333333333,0.0625,0.136363636363636,3.77124010068484e-17,0.0554158391415693,0.0158408612872799,NA,2.58924053949082,0.142693201919657,0.273273053833967
"Leaf334","Leaf443",0.5003367003367,0.481144781144781,0.887542087542088,0.1875,0.395833333333333,0.0833333333333333,0.166666666666667,0.0477518209078838,0.257162398163329,0.00361617705432675,1,3.26943539274543,0.034665017832562,0.119739180137586
"Leaf334","Leaf5",0.5003367003367,0.481144781144781,0.252525252525253,0.0625,0.1875,0,0,0.124034734589208,0.599889687073363,0.123163978796367,NA,1.80232124771249,0.356437055144725,0.60448342622832
"Leaf334","Leaf68",0.5003367003367,0.481144781144781,0.818855218855219,0.1875,1,0.1875,0.1875,0,1.42500887330058,0.00271166528799292,0.297286402132634,2.86221342199787,0.336336162518243,0.336336162518243
"Leaf334","Leaf70",0.5003367003367,0.481144781144781,0.0942760942760943,0.1875,0.208333333333333,0.0625,0.1875,0.147859217427043,0.847297860387204,0.160953187784406,0.5,2.26943936602694,0.290009282303962,0.355125111626874
"Leaf334","Leaf82",0.5003367003367,0.481144781144781,0.621548821548822,0.1875,0.8125,0.1875,0.230769230769231,0.230769230769231,1.77800409415957,0.0559292919373412,0.379152743608086,6.2308357935551,0.132907121471176,0.657705495668647
"Leaf334","Leaf83",0.5003367003367,0.481144781144781,0.7003367003367,0.1875,0.6875,0.104166666666667,0.135135135135135,0.136747280411051,0.706886356443249,0.142494142364882,0.111803398874989,8.79641878233223,0.272444899868501,0.411675587317589
"Leaf334","Leaf86",0.5003367003367,0.481144781144781,0.519191919191919,0.1875,0.895833333333333,0.166666666666667,0.181818181818182,0.0109206494484927,0.33085424431699,0.160676222338372,0.468913124226961,7.89925396028078,0.395147396077497,0.443034614354181
"Leaf334","Leaf88",0.5003367003367,0.481144781144781,0.21010101010101,0.1875,0.3125,0.104166666666667,0.263157894736842,0.251902884967726,1.23368570164445,0.211025814964667,0.883883476483184,2.99163541416156,0.253725017764516,0.302278676792785
"Leaf334","Leaf90",0.5003367003367,0.987205387205387,0.841750841750842,0.1875,0.791666666666667,0.1875,0.236842105263158,0.246432029045072,1.91142397298414,0.297404929624445,0.391300527087824,6.33242224713837,0.61692606920683,0.668026586982867
"Leaf336","Leaf344",0.5003367003367,0.481144781144781,0.854545454545455,0.479166666666667,0.958333333333333,0.458333333333333,0.468085106382979,0.00869565217391306,0.0851578083403068,0.0860890805453325,0.24389135030761,6.07683446682243,0.108263167609513,0.306394546619136
"Leaf336","Leaf359",0.5003367003367,0.481144781144781,0.00134680134680135,0.0416666666666667,0.958333333333333,0.0416666666666667,0.0434782608695652,0.0434782608695652,1.26976054486394,0.239991449795499,NA,1.2648544226675,0.292819402070044,1.24608822870717
"Leaf336","Leaf371",0.5003367003367,0.481144781144781,0.784511784511785,0.25,0.958333333333333,0.25,0.260869565217391,0.120385853085769,0.594207232705042,0.236842307623994,0.0644131879224487,5.26704575619495,0.545019239440867,0.745272951891056
"Leaf336","Leaf391",0.5003367003367,0.481144781144781,0.133333333333333,0.8125,0.958333333333333,0.770833333333333,0.770833333333333,0.100167084494127,0.23638877806423,0.0531874157747271,0.0555160487809755,7.06305051495047,0.0382299960533454,0.935790085574731
"Leaf336","Leaf405",0.5003367003367,0.481144781144781,0.983164983164983,0.854166666666667,0.958333333333333,0.8125,0.8125,0.0861575168481425,0.051959738930711,0.261635813917049,0.00346782953173797,11.7036538041424,0.577625605958775,1.7602018873383
"Leaf336","Leaf416",0.5003367003367,0.481144781144781,0.494276094276094,0.708333333333333,0.958333333333333,0.666666666666667,0.666666666666667,0.133801394982387,0.802346472524937,0.0722659174248632,0.249764288125249,4.40252353343693,0.204419772355343,0.22312763806248
"Leaf336","Leaf420",0.5003367003367,0.481144781144781,0.948148148148148,0.958333333333333,1,0.958333333333333,0.958333333333333,0,2.92316158071916,0.0786718453952423,0.0693005093697508,5.47370877255437,0.621250685603277,0.621250685603277
"Leaf336","Leaf68",0.5003367003367,0.481144781144781,0.61952861952862,0.958333333333333,1,0.958333333333333,0.958333333333333,0,2.92316158071916,0.149525728889609,0.130832001928912,3.26621769592988,0.62912637671111,0.62912637671111
"Leaf336","Leaf83",0.5003367003367,0.979124579124579,0.763636363636364,0.6875,0.958333333333333,0.666666666666667,0.680851063829787,0.08434823356733,0.807091439909163,0.0683447651021476,0.0955656980343773,9.58805235204917,0.0871922189983418,0.159400991640568
"Leaf336","Leaf86",0.5003367003367,0.481144781144781,0.931986531986532,0.895833333333333,0.958333333333333,0.854166666666667,0.854166666666667,0.0711028250424638,0.411507422564127,0.220871050274972,0.310808721444881,9.74037116898663,0.648026695265776,1.35366276374958
"Leaf336","Leaf88",0.5003367003367,0.481144781144781,0.644444444444445,0.3125,0.958333333333333,0.3125,0.326086956521739,0.140580389278883,0.900290390527714,0.177671459269813,0.135437125956146,3.2635981144309,0.282769263938951,0.734202562587169
"Leaf336","Leaf90",0.5003367003367,0.481144781144781,0.643771043771044,0.791666666666667,0.958333333333333,0.75,0.75,0.10696563746014,0.363500909009132,0.251180695494706,0.444321581891505,7.40055957640424,0.0758181892122178,0.268450232027555
"Leaf337","Leaf344",0.5003367003367,0.481144781144781,0.436363636363636,0.208333333333333,0.479166666666667,0.125,0.222222222222222,0.124080139453762,0.573576834329466,0.049990673220777,0.55745196041636,4.33576247606215,0.18848797813806,0.359284940676819
"Leaf337","Leaf359",0.5003367003367,0.481144781144781,0.107744107744108,0.0416666666666667,0.208333333333333,0.0208333333333333,0.0909090909090909,0.149751892444195,1.37304913436987,0.13787569191232,NA,0.350326590518169,0.346263667999841,0.425686289728453
"Leaf337","Leaf371",0.5003367003367,0.481144781144781,0.0855218855218855,0.208333333333333,0.25,0.0416666666666667,0.1,0.0592348877759092,0.225246601510988,0.0726177418837932,NA,3.72228291841432,0.175373703732934,0.229367503846385
"Leaf337","Leaf391",0.5003367003367,0.481144781144781,0.251178451178451,0.208333333333333,0.8125,0.1875,0.225,0.115001613554367,0.568166170381236,0.135966766716758,0.478091443733758,6.05923618577544,0.340986006800375,0.375128541754601
"Leaf337","Leaf405",0.5003367003367,0.481144781144781,0.74949494949495,0.208333333333333,0.854166666666667,0.166666666666667,0.186046511627907,0.0787300634223326,0.58302191497048,0.0791124460679534,0.63887656499994,9.35002782788769,0.216320765163989,0.294491582889802
"Leaf337","Leaf416",0.5003367003367,0.481144781144781,0.482154882154882,0.208333333333333,0.708333333333333,0.1875,0.257142857142857,0.216317947068187,1.20983792377833,0.00638880475928852,0.688918990157769,3.39392103245661,0.125687766654585,0.426365255320524
"Leaf337","Leaf420",0.5003367003367,0.481144781144781,0.173737373737374,0.208333333333333,1,0.208333333333333,0.208333333333333,0,1.29928298413026,0.0211706432975896,0.146521315633458,3.72491743820431,0.077516833958688,0.077516833958688
"Leaf337","Leaf68",0.5003367003367,0.481144781144781,0.288888888888889,0.208333333333333,1,0.208333333333333,0.208333333333333,0,1.29928298413026,0.0586699448193551,0.42699324622672,1.73952510158789,0.00534813608400648,0.00534813608400648
"Leaf337","Leaf83",0.5003367003367,0.481144781144781,0.294949494949495,0.208333333333333,0.6875,0.145833333333333,0.194444444444444,0.0138342892773215,0.0107239633629756,0.0638270440933201,0.516886561221819,8.02993192138032,0.0500680389841444,0.133037416323842
"Leaf337","Leaf86",0.5003367003367,0.481144781144781,0.0188552188552189,0.208333333333333,0.895833333333333,0.1875,0.204545454545455,0.00699711428541334,0.191055236762709,0.0195821736025897,0.640128038412805,7.30842001653998,0.101615624927031,0.111285156655597
"Leaf337","Leaf88",0.5003367003367,0.481144781144781,0.0821548821548822,0.208333333333333,0.3125,0.0833333333333333,0.19047619047619,0.0968400249412505,0.504114189178004,0.181902553932547,0.777777777777778,2.40042883870475,0.301674349354405,0.387610314256738
"Leaf337","Leaf90",0.5003367003367,0.481144781144781,0.102356902356902,0.208333333333333,0.791666666666667,0.166666666666667,0.2,0.0105263157894738,0.0538850884949795,0.0157529923175011,0.255030685225335,7.62312206248648,0.0852769982519588,0.111722465666355
"Leaf344","Leaf351",0.5003367003367,0.481144781144781,0.16026936026936,0.145833333333333,0.479166666666667,0.0833333333333333,0.153846153846154,0.0763109434940691,0.394415271921579,0.0297436277098007,0.544331053951817,4.5360742644095,0.0937374235462742,0.0946630755248288
"Leaf344","Leaf354",0.5003367003367,0.481144781144781,0.43030303030303,0.479166666666667,0.875,0.458333333333333,0.511627906976744,0.23643312187173,1.39237340719627,0.110888845122382,0.366052779437249,5.71987747551043,0.387209703202962,0.421578433601145
"Leaf344","Leaf357",0.5003367003367,0.481144781144781,0.448484848484848,0.4375,0.479166666666667,0.229166666666667,0.333333333333333,0.0788110406239101,0.306083157822672,0.00592749531077076,0.382113732598078,5.98601882931921,0.0158034998957627,0.0306607821843713
"Leaf344","Leaf359",0.5003367003367,0.481144781144781,0.0222222222222222,0.0416666666666667,0.479166666666667,0.0208333333333333,0.0416666666666667,0.00869565217391305,0.0851578083403068,0.0542222564326695,NA,4.04030702275838,0.0917761775193764,0.640897469212449
"Leaf344","Leaf363",0.5003367003367,0.481144781144781,0.334680134680135,0.291666666666667,0.479166666666667,0.104166666666667,0.15625,0.156738776979368,0.660954057545814,0.0282095372289832,0.3,6.25107740889905,0.0485113608256288,0.219056369305545
"Leaf344","Leaf371",0.5003367003367,0.481144781144781,0.864646464646465,0.25,0.479166666666667,0.0625,0.09375,0.264848876788692,1.21559333534895,0.30848375058309,0,8.91564104355187,0.574710757014284,0.730861420995762
"Leaf344","Leaf380",0.5003367003367,0.481144781144781,0.6996632996633,0.395833333333333,0.479166666666667,0.1875,0.272727272727273,0.00888301269073846,0.0333920840583103,0.0893165252887992,0.147831676161468,8.01410294681254,0.145009361351145,0.145660624215064
"Leaf344","Leaf391",0.5003367003367,0.481144781144781,0.87003367003367,0.479166666666667,0.8125,0.416666666666667,0.476190476190476,0.140233918291777,0.669049628980885,0.214341863469511,0.253991018557956,7.60443561343737,0.312847672999759,0.46895123313126
"Leaf344","Leaf396",0.5003367003367,0.481144781144781,0.335353535353535,0.375,0.479166666666667,0.1875,0.28125,0.03230291412349,0.129211731480006,0.0874327186038998,0.083766303820391,4.39181340700036,0.0450360952022221,0.270771577237433
"Leaf344","Leaf405",0.5003367003367,0.481144781144781,0.381818181818182,0.479166666666667,0.854166666666667,0.416666666666667,0.454545454545455,0.041847936754812,0.203686379291651,0.0261739162201658,0.0573499621752965,12.0285676727683,0.0141470804977306,0.284736807733947
"Leaf344","Leaf41",0.5003367003367,0.481144781144781,0.69023569023569,0.479166666666667,0.520833333333333,0.208333333333333,0.263157894736842,0.165217391304348,0.640779195042629,0.0475519090154443,0.544365417201367,4.76504058527268,0.159046537538807,0.178880337147304
"Leaf344","Leaf416",0.5003367003367,0.481144781144781,0.657239057239057,0.479166666666667,0.708333333333333,0.333333333333333,0.390243902439024,0.0267602789964774,0.114410351177744,0.0241968164034251,0.379482040539395,5.83533731605001,0.0222464515877045,0.0460554818136704
"Leaf344","Leaf420",0.5003367003367,0.481144781144781,0.468686868686869,0.479166666666667,1,0.479166666666667,0.479166666666667,0,0.0816780310142672,0.156827401187777,0.289251547965448,6.24259057305386,0.0525003285502598,0.0525003285502598
"Leaf344","Leaf427",0.5003367003367,0.481144781144781,0.567003367003367,0.333333333333333,0.479166666666667,0.125,0.181818181818182,0.147441956154897,0.600933937266154,0.11730456314282,0.698253251826754,6.0157784976719,0.130644095483494,0.44456094466956
"Leaf344","Leaf443",0.5003367003367,0.481144781144781,0.971717171717172,0.395833333333333,0.479166666666667,0.208333333333333,0.3125,0.0763939091403509,0.300754154019134,0.266692256776218,0.104302330253774,3.74739853614404,0.408906775675529,0.628856654631709
"Leaf344","Leaf5",0.5003367003367,0.481144781144781,0.566329966329966,0.0625,0.479166666666667,0.0416666666666667,0.0833333333333333,0.0969087423704698,0.641445806183055,0.152968625875514,NA,4.18463476737984,0.115859770616791,0.676247625605584
"Leaf344","Leaf68",0.5003367003367,0.481144781144781,0.882154882154882,0.479166666666667,1,0.479166666666667,0.479166666666667,0,0.0816780310142672,0.0874804779543486,0.0661555824097446,4.36593055065572,0.285215662895343,0.285215662895343
"Leaf344","Leaf70",0.5003367003367,0.481144781144781,0.298989898989899,0.208333333333333,0.479166666666667,0.125,0.222222222222222,0.124080139453762,0.573576834329466,0.0849717192717463,0.0924061655450546,5.40607773489302,0.158702668933598,0.175752013952794
"Leaf344","Leaf82",0.5003367003367,0.97037037037037,0.954882154882155,0.479166666666667,0.8125,0.4375,0.51219512195122,0.247078808418846,1.24889449171745,0.355253674149094,0.0660790781891647,6.08428315994667,0.591466188149281,0.789790903623328
"Leaf344","Leaf83",0.5003367003367,0.971043771043771,0.679461279461279,0.479166666666667,0.6875,0.333333333333333,0.4,0.016869646713466,0.0663226429310725,0.114831907341423,0.263302579377522,9.76805226027086,0.0650763558167235,0.230033215794595
"Leaf344","Leaf86",0.5003367003367,0.481144781144781,0.88956228956229,0.479166666666667,0.895833333333333,0.4375,0.466666666666667,0.0540381470322725,0.291009862544456,0.220190996701219,0.0653482571955551,13.0262875048912,0.232759020548884,0.446256373070177
"Leaf344","Leaf88",0.5003367003367,0.481144781144781,0.618855218855219,0.3125,0.479166666666667,0.166666666666667,0.266666666666667,0.0731018024250193,0.302093851113084,0.0964193176980997,0.0859041213929178,5.07006252085176,0.128590327542778,0.409791303438986
"Leaf344","Leaf90",0.5003367003367,0.481144781144781,0.83030303030303,0.479166666666667,0.791666666666667,0.395833333333333,0.452380952380952,0.0812938844697061,0.367724780125317,0.172738650014588,0.196100770318371,8.92923124204075,0.373754356056164,0.443619325666806
"Leaf351","Leaf359",0.5003367003367,0.481144781144781,0.542087542087542,0.0416666666666667,0.145833333333333,0.0416666666666667,0.285714285714286,0.504636884396263,3.63038324743233,0.52009338505327,NA,0.343236094195433,0.808193244384991,1.68071491394716
"Leaf351","Leaf371",0.5003367003367,0.481144781144781,0.457239057239057,0.145833333333333,0.25,0,0,0.238559361806849,1.84938858206469,0.234564694893696,NA,4.15702787846209,0.59115320893862,0.802350295250672
"Leaf351","Leaf391",0.5003367003367,0.481144781144781,0.353535353535354,0.145833333333333,0.8125,0.145833333333333,0.17948717948718,0.198493387208437,1.47810191037301,0.185017126911789,0.835004911111921,6.2673601905948,0.564695399867576,0.635176318619688
"Leaf351","Leaf405",0.5003367003367,0.481144781144781,0.870707070707071,0.145833333333333,0.854166666666667,0.0625,0.0666666666666667,0.498257839721255,2.64920970107928,0.215791046436067,NA,9.97790666670093,0.331682801051203,1.14084552491782
"Leaf351","Leaf416",0.5003367003367,0.481144781144781,0.0181818181818182,0.145833333333333,0.708333333333333,0.125,0.171428571428571,0.135277503406888,0.719122666963206,0.110508069181999,0.07184212081071,3.39243410650511,0.170308065388248,0.190642101242031
"Leaf351","Leaf420",0.5003367003367,0.481144781144781,0.886195286195286,0.145833333333333,1,0.145833333333333,0.145833333333333,0,1.71079040669439,0.222327363282984,0.387680851587678,4.30752402928775,0.864219800351199,0.864219800351199
"Leaf351","Leaf68",0.5003367003367,0.481144781144781,0.0592592592592593,0.145833333333333,1,0.145833333333333,0.145833333333333,0,1.71079040669439,0.0509610775372205,0.610785564835303,2.13095435037925,0.00899460944495497,0.00899460944495497
"Leaf351","Leaf83",0.5003367003367,0.481144781144781,0.779124579124579,0.145833333333333,0.6875,0.0625,0.0810810810810811,0.230821205456052,1.22669407652507,0.190677611499418,0,8.66640049637359,0.459956944194962,0.572049884136878
"Leaf351","Leaf86",0.5003367003367,0.481144781144781,0.0531986531986532,0.145833333333333,0.895833333333333,0.125,0.136363636363636,0.0523339088890695,0.653926467406664,0.0183380408445084,0.0338061701891407,7.7272441403327,0.104800483914073,0.255609808922863
"Leaf351","Leaf88",0.5003367003367,0.481144781144781,0.0922558922558922,0.145833333333333,0.3125,0.0625,0.157894736842105,0.10347157485961,0.607347190756613,0.0994262579041691,NA,2.79249761573942,0.0621351049281379,0.481577809758273
"Leaf351","Leaf90",0.5003367003367,0.481144781144781,0.761616161616162,0.145833333333333,0.791666666666667,0.145833333333333,0.184210526315789,0.211965555367818,1.6094379124341,0.345641987422974,0.669893845303235,6.3580695688746,0.573114539478877,0.810623735944286
"Leaf354","Leaf359",0.5003367003367,0.481144781144781,0.698989898989899,0.0416666666666667,0.875,0.0416666666666667,0.0476190476190476,0.0788110406239101,0.220061884776802,0.0718049194979603,NA,2.0732171207566,0.306321589494586,0.306762505118488
"Leaf354","Leaf371",0.5003367003367,0.481144781144781,0.775084175084175,0.25,0.875,0.1875,0.2,0.218217890235992,1.26025364022453,0.296532321742826,0.0635616045226152,6.74376179121905,0.650368559332222,0.805469493413216
"Leaf354","Leaf391",0.5003367003367,0.481144781144781,0.796632996632997,0.8125,0.875,0.729166666666667,0.760869565217391,0.141219757622721,0.966843011036986,0.143029078604388,0.129701269007338,6.57407796130029,0.120524585662227,0.816925461454951
"Leaf354","Leaf405",0.5003367003367,0.481144781144781,0.906397306397306,0.854166666666667,0.875,0.729166666666667,0.729166666666667,0.156173761888606,1.01031968152243,0.206353969048775,0.0335749989888592,12.4013044591959,0.471948330758241,0.786156254452343
"Leaf354","Leaf416",0.5003367003367,0.481144781144781,0.0511784511784512,0.708333333333333,0.875,0.625,0.652173913043478,0.0346479464337619,0.304211374402992,0.0232485181324712,0.129272697435193,5.0443737301893,0.110493072811149,0.469608500176751
"Leaf354","Leaf420",0.5003367003367,0.481144781144781,0.952861952861953,0.875,1,0.875,0.875,0,1.87770189902878,0.239995141350876,0.210810959135649,6.67815137320345,0.385270476000089,0.385270476000089
"Leaf354","Leaf68",0.5003367003367,0.962962962962963,0.420875420875421,0.875,1,0.875,0.875,0,1.87770189902878,0.277903990912002,0.252944128490771,3.57215451493306,0.0163931675189495,0.0163931675189495
"Leaf354","Leaf83",0.5003367003367,0.481144781144781,0.855892255892256,0.6875,0.875,0.583333333333333,0.595744680851064,0.118917678002113,0.623527546282185,0.244339063430072,0.27566892601673,11.1008911730065,0.307356738684484,0.348041206927808
"Leaf354","Leaf86",0.5003367003367,0.481144781144781,0.822895622895623,0.875,0.895833333333333,0.791666666666667,0.808510638297872,0.07733088933397,0.847297860387204,0.238280852448061,0.328340453509863,7.92176639396721,0.054143098288828,0.184750206959035
"Leaf354","Leaf88",0.5003367003367,0.481144781144781,0.915824915824916,0.3125,0.875,0.291666666666667,0.325581395348837,0.118917678002113,0.623527546282185,0.214571616316242,0.477472820482212,3.40198457505353,0.307497462653873,0.415035494428328
"Leaf354","Leaf90",0.5003367003367,0.481144781144781,0.31986531986532,0.791666666666667,0.875,0.708333333333333,0.739130434782609,0.116335010149422,0.813106495638924,0.0375243446094445,0.030384621137917,8.66180425463228,0.0903606673400762,0.861178560687391
"Leaf357","Leaf359",0.5003367003367,0.481144781144781,0.0861952861952862,0.0416666666666667,0.4375,0.0208333333333333,0.0454545454545455,0.0262703468746367,0.256719846847814,0.0545176785597095,NA,1.78387014379935,0.124023128477379,0.163928754263698
"Leaf357","Leaf371",0.5003367003367,0.481144781144781,0.636363636363636,0.25,0.4375,0.0833333333333333,0.137931034482759,0.121232161242218,0.527775182079764,0.108129154396415,0.8,5.38600152512322,0.212075934819298,0.290646097288957
"Leaf357","Leaf391",0.5003367003367,0.481144781144781,0.968350168350168,0.4375,0.8125,0.395833333333333,0.463414634146341,0.208467261252587,1.04860186809345,0.330170968420211,0.242379190597462,5.30213588657423,0.668173492772502,0.729727622271507
"Leaf357","Leaf405",0.5003367003367,0.481144781144781,0.767003367003367,0.4375,0.854166666666667,0.416666666666667,0.476190476190476,0.245415911539238,1.41870901980417,0.0218680104752021,0.127393992045563,10.80833677484,0.117165946006871,0.699032726064226
"Leaf357","Leaf416",0.5003367003367,0.481144781144781,0.15016835016835,0.4375,0.708333333333333,0.333333333333333,0.41025641025641,0.103943839301286,0.432133355190326,0.12187918498905,0.123206759554669,4.12718269168391,0.221122809081114,0.223873856842857
"Leaf357","Leaf420",0.5003367003367,0.481144781144781,0.909090909090909,0.4375,1,0.4375,0.4375,0,0.246133069538908,0.0755520537765194,0.075538651907494,5.54869537261088,0.103134005377505,0.103134005377505
"Leaf357","Leaf68",0.5003367003367,0.481144781144781,0.751515151515152,0.4375,1,0.4375,0.4375,0,0.246133069538908,0.17816713874623,0.212821941026331,2.56380509275748,0.545746240882747,0.545746240882747
"Leaf357","Leaf83",0.5003367003367,0.481144781144781,0.92996632996633,0.4375,0.6875,0.375,0.5,0.322776554577163,1.44989638397197,0.340583931457375,0.360865150357243,6.99186625358425,0.460704952994284,0.702924912284243
"Leaf357","Leaf86",0.5003367003367,0.481144781144781,0.516498316498316,0.4375,0.895833333333333,0.395833333333333,0.422222222222222,0.0257769631113235,0.108213584640233,0.0911500563748077,0.232051490056713,8.12633564752883,0.0617861420808578,0.0864375090357098
"Leaf357","Leaf88",0.5003367003367,0.481144781144781,0.901010101010101,0.3125,0.4375,0.229166666666667,0.44,0.402055006578571,1.74389480257957,0.430290173643286,0.00466201732772497,2.70570106374993,0.705272157619645,0.869312644354501
"Leaf357","Leaf90",0.5003367003367,0.481144781144781,0.915151515151515,0.4375,0.791666666666667,0.333333333333333,0.372093023255814,0.0646305611941234,0.31015492830384,0.140382962279319,0.121809469421841,10.3958385707129,0.338942330324964,0.413549922241863
"Leaf359","Leaf363",0.5003367003367,0.481144781144781,0.515824915824916,0.0416666666666667,0.291666666666667,0.0416666666666667,0.142857142857143,0.324946244957225,2.62466859216316,0.363941215263598,NA,2.52554830589823,0.545148461897738,2.62202206317435
"Leaf359","Leaf371",0.5003367003367,0.481144781144781,0.387205387205387,0.0416666666666667,0.25,0,0,0.120385853085769,0.594207232705042,0.118737708140616,NA,3.39269207437739,0.332003445856495,0.745272951891056
"Leaf359","Leaf380",0.5003367003367,0.481144781144781,0.12996632996633,0.0416666666666667,0.395833333333333,0.0208333333333333,0.05,0.0444150634536923,0.432133355190326,0.0634544986079383,NA,3.16173028561491,0.00840614944463819,0.0926223796081304
"Leaf359","Leaf391",0.5003367003367,0.481144781144781,0.445117845117845,0.0416666666666667,0.8125,0.0416666666666667,0.0512820512820513,0.100167084494127,0.23638877806423,0.0733511454134159,NA,5.94671005928285,0.226152901114679,0.318634962421492
"Leaf359","Leaf396",0.5003367003367,0.481144781144781,0.119191919191919,0.0416666666666667,0.375,0.0208333333333333,0.0526315789473684,0.0538381902058165,0.522189382416306,0.0137884996633741,NA,0.956354318511852,0.0266699803637094,0.0839078204757603
"Leaf359","Leaf405",0.5003367003367,0.481144781144781,0.432323232323232,0.0416666666666667,0.854166666666667,0.0208333333333333,0.0238095238095238,0.20923968377406,1.8294997972109,0.0243566228313992,NA,8.49694301107449,0.0678465132443203,0.342900296573587
"Leaf359","Leaf41",0.5003367003367,0.481144781144781,0.286195286195286,0.0416666666666667,0.520833333333333,0.0208333333333333,0.0384615384615385,0.00869565217391306,0.0851578083403068,0.02760319555012,NA,1.78827524082913,0.0803505778148087,0.0917761775193764
"Leaf359","Leaf416",0.5003367003367,0.481144781144781,0.325925925925926,0.0416666666666667,0.708333333333333,0.0416666666666667,0.0588235294117647,0.133801394982387,0.802346472524937,0.145572145480879,NA,3.00101791364563,0.204419772355343,0.341912065716311
"Leaf359","Leaf420",0.5003367003367,0.481144781144781,0.522558922558923,0.0416666666666667,1,0.0416666666666667,0.0416666666666667,0,2.92316158071916,0.0707061922288783,NA,3.37226632061359,0.35653552654238,0.35653552654238
"Leaf359","Leaf427",0.5003367003367,0.481144781144781,0.032996632996633,0.0416666666666667,0.333333333333333,0.0208333333333333,0.0588235294117647,0.0737209780774485,0.709147521906386,0.106864584814235,NA,1.75251523587091,0.0656890400654602,0.48488038104981
"Leaf359","Leaf443",0.5003367003367,0.481144781144781,0.233670033670034,0.0416666666666667,0.395833333333333,0.0416666666666667,0.105263157894737,0.257607368031416,2.13162729485041,0.283224635632735,NA,2.31997855237597,0.463016756911572,1.15267121164876
"Leaf359","Leaf5",0.5003367003367,0.481144781144781,0.58047138047138,0.0416666666666667,0.0625,0,0,0.0538381902058166,0.91056005716517,0.0537928075317924,NA,1.05354641078482,0.296126194591816,0.327235470143881
"Leaf359","Leaf68",0.5003367003367,0.96969696969697,0.462626262626263,0.0416666666666667,1,0.0416666666666667,0.0416666666666667,0,2.92316158071916,0.131827548344019,NA,1.55475013800385,0.539795802969021,0.539795802969021
"Leaf359","Leaf70",0.5003367003367,0.481144781144781,0.243097643097643,0.0416666666666667,0.208333333333333,0.0208333333333333,0.0909090909090909,0.149751892444195,1.37304913436987,0.153697642623115,NA,1.76674226128242,0.346263667999841,0.493602203592329
"Leaf359","Leaf82",0.5003367003367,0.481144781144781,0.571717171717172,0.0416666666666667,0.8125,0.0416666666666667,0.0512820512820513,0.100167084494127,0.23638877806423,0.0279334310417712,NA,5.16335480739971,0.200093110990258,0.318634962421492
"Leaf359","Leaf83",0.5003367003367,0.481144781144781,0.243771043771044,0.0416666666666667,0.6875,0.0208333333333333,0.0294117647058824,0.0843482335673299,0.807091439909163,0.0181918873135898,NA,7.46545211704292,0.0226596865478478,0.0867978137125385
"Leaf359","Leaf86",0.5003367003367,0.481144781144781,0.25993265993266,0.0416666666666667,0.895833333333333,0.0416666666666667,0.0465116279069767,0.0711028250424636,0.411507422564127,0.062311349600531,NA,7.11557643742336,0.303090665092584,0.351471549704667
"Leaf359","Leaf88",0.5003367003367,0.481144781144781,0.068013468013468,0.0416666666666667,0.3125,0.0208333333333333,0.0625,0.0843482335673299,0.807091439909163,0.110466894074721,NA,2.42012716782234,0.228786416315265,0.421105710717936
"Leaf359","Leaf90",0.5003367003367,0.481144781144781,0.035016835016835,0.0416666666666667,0.791666666666667,0.0416666666666667,0.0526315789473684,0.106965637460139,0.363500909009132,0.240374687204462,NA,6.92345995960465,0.322909949072194,0.950661330646177
"Leaf363","Leaf371",0.5003367003367,0.481144781144781,0.101010101010101,0.25,0.291666666666667,0.0625,0.130434782608696,0.0529256124024964,0.202197413315951,0.0731279053733892,0,6.40959385486644,0.0495419233789746,0.221642519445343
"Leaf363","Leaf391",0.5003367003367,0.481144781144781,0.692929292929293,0.291666666666667,0.8125,0.25,0.292682926829268,0.0733946189625127,0.310154928303839,0.160151117318782,0.128070175438597,7.57215636453527,0.18724787990293,0.345876549079365
"Leaf363","Leaf405",0.5003367003367,0.481144781144781,0.166329966329966,0.291666666666667,0.854166666666667,0.270833333333333,0.30952380952381,0.135277503406888,0.719122666963206,0.00504920140488025,0.347705482333919,10.7212788880449,0.0451885012993101,0.164666869318973
"Leaf363","Leaf416",0.5003367003367,0.481144781144781,0.87946127946128,0.291666666666667,0.708333333333333,0.229166666666667,0.297297297297297,0.109243697478992,0.474930681092928,0.251315809951888,0.0329565978365252,4.14123252004714,0.308479977727564,0.554448804961154
"Leaf363","Leaf420",0.5003367003367,0.481144781144781,0.11043771043771,0.291666666666667,1,0.291666666666667,0.291666666666667,0,0.866810674610785,0.127223160206045,0.492278528533617,5.05279713535533,0.25596534395916,0.25596534395916
"Leaf363","Leaf68",0.5003367003367,0.481144781144781,0.367003367003367,0.291666666666667,1,0.291666666666667,0.291666666666667,0,0.866810674610785,0.0104114675341666,0.214130122276954,4.01749742101639,0.195640125915441,0.195640125915441
"Leaf363","Leaf83",0.5003367003367,0.974410774410774,0.810774410774411,0.291666666666667,0.6875,0.166666666666667,0.205128205128205,0.160689880160337,0.719122666963206,0.156958207825895,0.775,11.19186744131,0.322229861128285,0.32224176477967
"Leaf363","Leaf86",0.5003367003367,0.481144781144781,0.876767676767677,0.291666666666667,0.895833333333333,0.291666666666667,0.325581395348837,0.218814115091016,1.68765365887913,0.287636788294918,0.0949236624526705,7.59145445723213,0.695206481148064,0.912096404862172
"Leaf363","Leaf88",0.5003367003367,0.481144781144781,0.692255892255892,0.291666666666667,0.3125,0.104166666666667,0.208333333333333,0.061803800061668,0.300754154019134,0.0212897409151075,0.410391340834062,5.58261609193596,0.15533797331745,0.156774881005112
"Leaf363","Leaf90",0.5003367003367,0.481144781144781,0.256565656565657,0.291666666666667,0.791666666666667,0.229166666666667,0.268292682926829,0.00940512813339937,0.109698917256424,0.0462550695841317,0.30046187677234,10.0463921926622,0.290924488441207,0.341235004238951
"Leaf371","Leaf380",0.5003367003367,0.481144781144781,0.896969696969697,0.25,0.395833333333333,0.104166666666667,0.192307692307692,0.0245959483971641,0.129211731480006,0.073209032316252,0.872081599272381,5.21184808719114,0.108611445421935,0.170064021550779
"Leaf371","Leaf391",0.5003367003367,0.481144781144781,0.880808080808081,0.25,0.8125,0.1875,0.214285714285714,0.0924500327042048,0.547395676600647,0.235030537806724,0.331941942953495,10.9050698611156,0.208170480509513,0.427331612029741
"Leaf371","Leaf396",0.5003367003367,0.481144781144781,0.571043771043771,0.25,0.375,0.0416666666666667,0.0714285714285714,0.248451997499977,1.2180200200515,0.21546309902649,NA,4.60644608836446,0.452059040001781,0.480580768786894
"Leaf371","Leaf405",0.5003367003367,0.481144781144781,0.90976430976431,0.25,0.854166666666667,0.25,0.292682926829268,0.238559361806849,1.84938858206469,0.259677448615456,0.204588401638161,9.38909089069083,0.506701563047833,0.802350295250672
"Leaf371","Leaf41",0.5003367003367,0.481144781144781,0.41010101010101,0.25,0.520833333333333,0.125,0.193548387096774,0.0240771706171538,0.108213584640233,0.148979979278942,0.794461346554275,5.35746801841611,0.0441859519036482,0.449910231618565
"Leaf371","Leaf416",0.5003367003367,0.481144781144781,0.0417508417508418,0.25,0.708333333333333,0.166666666666667,0.210526315789474,0.0529256124024964,0.289780709108702,0.086659946847245,0.0893916527417895,6.11998897443266,0.000555783356482524,0.113357209340111
"Leaf371","Leaf420",0.5003367003367,0.481144781144781,0.717171717171717,0.25,1,0.25,0.25,0,1.07158361628019,0.078815543651542,0.199650043476429,7.16976472005713,0.192500924960832,0.192500924960832
"Leaf371","Leaf427",0.5003367003367,0.481144781144781,0.232996632996633,0.25,0.333333333333333,0.0833333333333333,0.166666666666667,6.23214146275654e-17,0.0369557065224291,0.0108564952643307,0,4.90901019899084,0.00468843049136652,0.00508115464588409
"Leaf371","Leaf443",0.5003367003367,0.481144781144781,0.892929292929293,0.25,0.395833333333333,0.0625,0.107142857142857,0.172171638780149,0.7814643248733,0.191717305765354,0.866025403784439,6.63130948001749,0.184270555873008,0.637513416560694
"Leaf371","Leaf5",0.5003367003367,0.481144781144781,0.0430976430976431,0.0625,0.25,0,0,0.149071198499986,0.960093354532548,0.146972931352401,NA,4.57416256838137,0.371595240577549,0.755709697201111
"Leaf371","Leaf68",0.5003367003367,0.967676767676768,0.821548821548822,0.25,1,0.25,0.25,0,1.07158361628019,0.151466801148129,0.105078970250752,4.14705311687035,0.105718714230841,0.105718714230841
"Leaf371","Leaf70",0.5003367003367,0.481144781144781,0.966329966329966,0.208333333333333,0.25,0.104166666666667,0.294117647058824,0.296174438879547,1.43508452528932,0.353564560984847,0.3,2.94150459135555,0.783050138833214,0.784247991165768
"Leaf371","Leaf82",0.5003367003367,0.481144781144781,0.167676767676768,0.25,0.8125,0.1875,0.214285714285714,0.0924500327042048,0.547395676600647,0.0169480198950301,0.319327731092437,8.74964072677807,0.108457996992923,0.372232956196991
"Leaf371","Leaf83",0.5003367003367,0.481144781144781,0.878787878787879,0.25,0.6875,0.208333333333333,0.285714285714286,0.181649753637689,0.880773789583593,0.151618846876464,0.061541083462959,8.62474100940658,0.386925779355634,0.412336279608227
"Leaf371","Leaf86",0.5003367003367,0.481144781144781,0.404713804713805,0.25,0.895833333333333,0.1875,0.195652173913043,0.275624730835355,1.62613976205203,0.0576067782366912,0.0294117647058824,10.6866472326894,0.136485712379135,0.69209943629367
"Leaf371","Leaf88",0.5003367003367,0.481144781144781,0.875420875420875,0.25,0.3125,0.0208333333333333,0.0384615384615385,0.285449612859225,1.59751526747719,0.269123317607884,NA,6.83684712244437,0.601346254593186,0.651297029158841
"Leaf371","Leaf90",0.5003367003367,0.481144781144781,0.663299663299663,0.25,0.791666666666667,0.208333333333333,0.25,0.0592348877759095,0.225246601510988,0.128252924071164,0.153666185665022,11.7611941044527,0.0622873487646819,0.202110250647115
"Leaf380","Leaf391",0.5003367003367,0.481144781144781,0.267340067340067,0.395833333333333,0.8125,0.354166666666667,0.414634146341463,0.170542217528157,0.847297860387204,0.112327299863256,0.468872034521408,9.16133907565246,0.0527505895234667,0.364365099155366
"Leaf380","Leaf405",0.5003367003367,0.481144781144781,0.542760942760943,0.395833333333333,0.854166666666667,0.3125,0.333333333333333,0.148366299174445,0.787619137347882,0.15825690165817,0.0696087453514267,12.95025335145,0.230604843750359,0.510875318308065
"Leaf380","Leaf416",0.5003367003367,0.481144781144781,0.316498316498317,0.395833333333333,0.708333333333333,0.270833333333333,0.325,0.0429579358408236,0.197099263094554,0.0291164404734476,0.205416426241144,6.70598361683509,0.171089253347547,0.260292702887517
"Leaf380","Leaf420",0.5003367003367,0.481144781144781,0.871380471380471,0.395833333333333,1,0.395833333333333,0.395833333333333,0,0.413975797776073,0.00584782583533028,0.157702908001687,7.69977556990035,0.00413180350481817,0.00413180350481817
"Leaf380","Leaf68",0.5003367003367,0.481144781144781,0.263973063973064,0.395833333333333,1,0.395833333333333,0.395833333333333,0,0.413975797776073,0.042159035596928,0.174631468747631,5.03247536108987,0.131611296647009,0.131611296647009
"Leaf380","Leaf83",0.5003367003367,0.481144781144781,0.650505050505051,0.395833333333333,0.6875,0.291666666666667,0.368421052631579,0.0861656393602959,0.35036134878188,0.054416755630111,0.104906420442134,9.74111328280652,0.00594254998306855,0.532725504738465
"Leaf380","Leaf86",0.5003367003367,0.481144781144781,0.842424242424242,0.395833333333333,0.895833333333333,0.354166666666667,0.377777777777778,0.00290539356711795,0.0784716154414952,0.0808537938071128,0.0596839648023865,11.9455620464561,0.137996332878769,0.563325126321814
"Leaf380","Leaf88",0.5003367003367,0.481144781144781,0.602020202020202,0.3125,0.395833333333333,0.166666666666667,0.307692307692308,0.189564406592651,0.796331416795176,0.0899704603776469,0.293359410884466,5.97811100639288,0.0364218118374035,0.0536056872439374
"Leaf380","Leaf90",0.5003367003367,0.481144781144781,0.717845117845118,0.395833333333333,0.791666666666667,0.333333333333333,0.390243902439024,0.100528738770317,0.451985123743057,0.0774620093611532,0.434527868674325,11.2173094501265,0.150901790489003,0.198938674694026
"Leaf391","Leaf396",0.5003367003367,0.481144781144781,0.0565656565656566,0.375,0.8125,0.354166666666667,0.425,0.261851106354996,1.4832866271072,0.234830674825222,0.256297687795179,6.03860122972258,0.582390101320503,0.825486052844989
"Leaf391","Leaf405",0.5003367003367,0.481144781144781,0.263299663299663,0.8125,0.854166666666667,0.6875,0.702127659574468,0.0472603302877231,0.0948577934586771,0.0452956610857495,0.135076374122978,13.0162821005912,0.181839403796296,0.420232048882347
"Leaf391","Leaf41",0.5003367003367,0.481144781144781,0.425589225589226,0.520833333333333,0.8125,0.458333333333333,0.523809523809524,0.180300752089428,0.87035363668713,0.223411276995528,0.476669710623252,6.44848613838275,0.228131159749525,0.401302078072854
"Leaf391","Leaf416",0.5003367003367,0.481144781144781,0.0835016835016835,0.708333333333333,0.8125,0.625,0.697674418604651,0.278899552057549,1.36710558046902,0.234502245087223,0.0888994271618882,7.85867174736019,0.314797958896526,0.61424719909315
"Leaf391","Leaf420",0.5003367003367,0.481144781144781,0.484848484848485,0.8125,1,0.8125,0.8125,0,1.42500887330058,0.000408845168873805,0.160480843208794,8.97469729779628,0.554611948707252,0.554611948707252
"Leaf391","Leaf427",0.5003367003367,0.481144781144781,0.633670033670034,0.333333333333333,0.8125,0.333333333333333,0.41025641025641,0.339683110243379,2.59079893892286,0.240566966164939,0.350590224209229,6.0892511283947,0.423068417595571,0.985298941130665
"Leaf391","Leaf443",0.5003367003367,0.481144781144781,0.740740740740741,0.395833333333333,0.8125,0.375,0.45,0.279689236746177,1.58431885233877,0.23699435811317,0.181064202729178,6.47237284562603,0.436195656451896,0.850892788981885
"Leaf391","Leaf5",0.5003367003367,0.481144781144781,0.43973063973064,0.0625,0.8125,0.0625,0.0769230769230769,0.124034734589208,0.599889687073363,0.0140282072653005,0.5,6.85267405110117,0.0671043865200177,0.356437055144725
"Leaf391","Leaf68",0.5003367003367,0.481144781144781,0.855218855218855,0.8125,1,0.8125,0.8125,0,1.42500887330058,0.168743802260951,0.00121660838346231,5.94298273428462,0.581517306382761,0.581517306382761
"Leaf391","Leaf70",0.5003367003367,0.481144781144781,0.121212121212121,0.208333333333333,0.8125,0.1875,0.225,0.115001613554367,0.568166170381236,0.0494493438578401,0.151265845226883,7.34451263281999,0.190798997641002,0.376289769184835
"Leaf391","Leaf82",0.5003367003367,0.481144781144781,0.377104377104377,0.8125,0.8125,0.6875,0.733333333333333,0.179487179487179,1.02070405352321,0.16965800679994,0.136835930953578,9.50699637918683,0.225412258944948,0.380290606869625
"Leaf391","Leaf83",0.5003367003367,0.986531986531987,0.99057239057239,0.6875,0.8125,0.583333333333333,0.636363636363636,0.136747280411051,0.706886356443249,0.403694144437106,0.251960891345061,7.73352954683407,0.598629264290507,0.913960584240871
"Leaf391","Leaf86",0.5003367003367,0.481144781144781,0.131313131313131,0.8125,0.895833333333333,0.75,0.782608695652174,0.185651040624376,1.24593700342497,0.0628703429223767,0.11800761953504,12.5431574723606,0.218329776419563,0.557846523379706
"Leaf391","Leaf88",0.5003367003367,0.481144781144781,0.837710437710438,0.3125,0.8125,0.291666666666667,0.35,0.208719533258973,1.17007125265025,0.33948553315618,0.0338313543864585,5.9400997009403,0.601597870355742,0.825781138198004
"Leaf391","Leaf90",0.5003367003367,0.481144781144781,0.378451178451178,0.791666666666667,0.8125,0.666666666666667,0.711111111111111,0.147859217427043,0.847297860387204,0.0844037734985787,0.0575700925769004,12.9760094865901,0.139076830132789,0.149826131447596
"Leaf396","Leaf405",0.5003367003367,0.481144781144781,0.813468013468014,0.375,0.854166666666667,0.3125,0.340909090909091,0.0457229956859212,0.28499028078607,0.13294522476141,0.266177456811519,9.89956944325232,0.161137838624546,0.376765539345056
"Leaf396","Leaf416",0.5003367003367,0.481144781144781,0.548821548821549,0.375,0.708333333333333,0.291666666666667,0.368421052631579,0.118345267082788,0.50102162366937,0.230555437918901,0.212397106151622,3.2353532667456,0.343390952742915,0.527907413491459
"Leaf396","Leaf420",0.5003367003367,0.481144781144781,0.525252525252525,0.375,1,0.375,0.375,0,0.499955951529087,0.0298137263530356,0.347546584340525,4.31833931681853,0.110105217442694,0.110105217442694
"Leaf396","Leaf68",0.5003367003367,0.481144781144781,0.503030303030303,0.375,1,0.375,0.375,0,0.499955951529087,0.143421819401789,0.0262379169959465,2.35653328261777,0.0816393911241585,0.0816393911241585
"Leaf396","Leaf83",0.5003367003367,0.481144781144781,0.0740740740740741,0.375,0.6875,0.291666666666667,0.378378378378378,0.150867301828271,0.642003822449758,0.0763938146051422,0.0985380103084728,8.15593542053269,0.085476298622715,0.207336856572918
"Leaf396","Leaf86",0.5003367003367,0.481144781144781,0.678787878787879,0.375,0.895833333333333,0.354166666666667,0.386363636363636,0.123263126885587,0.683668436605402,0.13404765999764,0.217215951089666,7.37774883480481,0.16297237761122,0.585119556484011
"Leaf396","Leaf88",0.5003367003367,0.481144781144781,0.929292929292929,0.3125,0.375,0.166666666666667,0.32,0.220498364210551,0.930788306940642,0.31560696083005,0.268946436835298,2.16131275929948,0.420488290481602,0.728585023090848
"Leaf396","Leaf90",0.5003367003367,0.481144781144781,0.672727272727273,0.375,0.791666666666667,0.270833333333333,0.302325581395349,0.132453235706504,0.635988766719997,0.0752090009723966,0.0561640231056685,7.96805842795118,0.10687232746811,0.214066658683575
"Leaf405","Leaf41",0.5003367003367,0.481144781144781,0.89023569023569,0.520833333333333,0.854166666666667,0.5,0.571428571428571,0.312628703991832,1.80280930541464,0.303149656318865,0.500226914089373,8.43868884342916,0.914037252436698,0.958761241278497
"Leaf405","Leaf416",0.5003367003367,0.481144781144781,0.811447811447811,0.708333333333333,0.854166666666667,0.625,0.666666666666667,0.124455303134337,0.724065219963255,0.0522659077310401,0.213928067207487,12.510908813985,0.267969027692078,0.446895248808754
"Leaf405","Leaf420",0.5003367003367,0.481144781144781,0.927272727272727,0.854166666666667,1,0.854166666666667,0.854166666666667,0,1.71079040669439,0.146554227253901,0.00165772540141751,8.94242793781008,0.813522158172307,0.813522158172307
"Leaf405","Leaf427",0.5003367003367,0.481144781144781,0.848484848484848,0.333333333333333,0.854166666666667,0.291666666666667,0.325581395348837,0.0417391935564841,0.148420005118273,0.237141612408712,0.00445461919567026,8.25619325338807,0.140127273777349,0.505538370242655
"Leaf405","Leaf443",0.5003367003367,0.481144781144781,0.610774410774411,0.395833333333333,0.854166666666667,0.3125,0.333333333333333,0.148366299174445,0.787619137347882,0.131526371233145,0.0825783564789252,10.9163756380273,0.0893579746556758,0.156549320681282
"Leaf405","Leaf5",0.5003367003367,0.481144781144781,0.847138047138047,0.0625,0.854166666666667,0.0208333333333333,0.0232558139534884,0.381024964049344,2.50737950564006,0.144194134718338,NA,10.7549233599511,0.263224979018282,0.80052207103838
"Leaf405","Leaf68",0.5003367003367,0.481144781144781,0.162962962962963,0.854166666666667,1,0.854166666666667,0.854166666666667,0,1.71079040669439,0.00979408284838844,0.025125438224241,9.97247032187367,0.127723579999603,0.127723579999603
"Leaf405","Leaf70",0.5003367003367,0.481144781144781,0.764983164983165,0.208333333333333,0.854166666666667,0.208333333333333,0.24390243902439,0.211965555367819,1.6094379124341,0.20072045546672,0.330276773735591,8.86417701705949,0.348288974566081,0.74702031298287
"Leaf405","Leaf82",0.5003367003367,0.481144781144781,0.647811447811448,0.8125,0.854166666666667,0.6875,0.702127659574468,0.0472603302877231,0.0948577934586771,0.136485453820179,0.192575325874923,11.4832191400729,0.0090506993258761,0.269799548805761
"Leaf405","Leaf83",0.5003367003367,0.481144781144781,0.944781144781145,0.6875,0.854166666666667,0.625,0.681818181818182,0.230821205456052,1.22669407652507,0.216336917195893,0.172163136676876,12.0049065562696,0.291223544015787,0.975731627942295
"Leaf405","Leaf86",0.5003367003367,0.481144781144781,0.847811447811448,0.854166666666667,0.895833333333333,0.791666666666667,0.826086956521739,0.245566803248711,1.6094379124341,0.159906399715973,0.00439053839638221,12.4189980185611,0.378023064276099,0.843755130599366
"Leaf405","Leaf88",0.5003367003367,0.481144781144781,0.191245791245791,0.3125,0.854166666666667,0.270833333333333,0.302325581395349,0.023878055736833,0.041242958534049,0.0292644641782752,0.0336139728712916,10.5271415328736,0.0140399408701313,0.451783862892212
"Leaf405","Leaf90",0.5003367003367,0.481144781144781,0.684175084175084,0.791666666666667,0.854166666666667,0.666666666666667,0.680851063829787,0.066617745972743,0.23638877806423,0.0923144789385691,0.279568518378821,13.5748973723127,0.396523252073396,0.51002353091866
"Leaf41","Leaf416",0.5003367003367,0.481144781144781,0.175757575757576,0.520833333333333,0.708333333333333,0.375,0.439024390243902,0.0267602789964774,0.114410351177744,0.11493784702462,0.277098847677952,4.24687659036558,0.0246836654462778,0.0746625807107493
"Leaf41","Leaf420",0.5003367003367,0.481144781144781,0.902356902356902,0.520833333333333,1,0.520833333333333,0.520833333333333,0,0.0816780310142671,0.269566884180566,0.0731150445039376,3.42532192655676,0.767370659631477,0.767370659631477
"Leaf41","Leaf68",0.5003367003367,0.481144781144781,0.781144781144781,0.520833333333333,1,0.520833333333333,0.520833333333333,0,0.0816780310142671,0.000806093102823138,0.226221412618735,2.65703682061025,0.0829410650532365,0.0829410650532365
"Leaf41","Leaf83",0.5003367003367,0.481144781144781,0.535353535353535,0.520833333333333,0.6875,0.354166666666667,0.414634146341463,0.0168696467134661,0.0663226429310726,0.0596422904964056,0.244555497708066,8.3318235687581,0.174797172054044,0.286397643262277
"Leaf41","Leaf86",0.5003367003367,0.481144781144781,0.777104377104377,0.520833333333333,0.895833333333333,0.5,0.545454545454545,0.218996701130788,1.32687094064909,0.146669816250894,0.156861191973501,7.90462306752818,0.419492131891914,0.682884290068397
"Leaf41","Leaf88",0.5003367003367,0.481144781144781,0.305723905723906,0.3125,0.520833333333333,0.125,0.176470588235294,0.163073251563505,0.675755437848076,0.0791898849474823,0.705882352941176,4.08993740381588,0.0319004929195171,0.170795152780386
"Leaf41","Leaf90",0.5003367003367,0.481144781144781,0.967676767676768,0.520833333333333,0.791666666666667,0.354166666666667,0.369565217391304,0.286667908393174,1.42962748582626,0.33709180423063,0.18738321466994,10.7923965853453,0.419897879299688,1.00161671488896
"Leaf416","Leaf420",0.5003367003367,0.481144781144781,0.2996632996633,0.708333333333333,1,0.708333333333333,0.708333333333333,0,0.866810674610785,0.129720864092272,0.0495083241708865,5.56012575436835,0.294417589291437,0.294417589291437
"Leaf416","Leaf427",0.5003367003367,0.481144781144781,0.164309764309764,0.333333333333333,0.708333333333333,0.291666666666667,0.388888888888889,0.259281489420866,1.26316167571627,0.230964650353608,0.0036136920552412,4.2351073988821,0.319292809842841,0.479452208020423
"Leaf416","Leaf443",0.5003367003367,0.481144781144781,0.356902356902357,0.395833333333333,0.708333333333333,0.291666666666667,0.358974358974359,0.0507684696300641,0.200267469650236,0.0388189268474238,0.0483999464769323,4.89044018224314,0.0485865065227505,0.255393178629781
"Leaf416","Leaf5",0.5003367003367,0.481144781144781,0.526599326599327,0.0625,0.708333333333333,0.0208333333333333,0.0277777777777778,0.213021480749018,1.49664241828876,0.135956151783001,NA,4.49852430038824,0.521854009569049,0.6432208546118
"Leaf416","Leaf68",0.5003367003367,0.964983164983165,0.368350168350168,0.708333333333333,1,0.708333333333333,0.708333333333333,0,0.866810674610785,0.190069986640743,0.169700782688937,4.17980861942348,0.121990578415562,0.121990578415562
"Leaf416","Leaf70",0.5003367003367,0.481144781144781,0.777777777777778,0.208333333333333,0.708333333333333,0.1875,0.257142857142857,0.216317947068187,1.20983792377833,0.173598083951839,0.584643403798007,3.69870416297936,0.337410964471893,0.442632609739497
"Leaf416","Leaf82",0.5003367003367,0.481144781144781,0.57979797979798,0.708333333333333,0.8125,0.583333333333333,0.622222222222222,0.0440367713775076,0.288517843499177,0.0677545515057461,0.184601208278554,8.60703491986511,0.168249050467303,0.284861504421858
"Leaf416","Leaf83",0.5003367003367,0.481144781144781,0.293602693602694,0.6875,0.708333333333333,0.458333333333333,0.488888888888889,0.13596836013567,0.601797401971717,0.0548386137131552,0.0635312711887162,10.4230137800959,0.0272505599035447,0.130937361527815
"Leaf416","Leaf86",0.5003367003367,0.481144781144781,0.513804713804714,0.708333333333333,0.895833333333333,0.6875,0.75,0.381361743444342,2.25878247033565,0.114749776597713,0.184154628877006,8.80192458808129,0.413754599647267,1.14287485609626
"Leaf416","Leaf88",0.5003367003367,0.481144781144781,0.441077441077441,0.3125,0.708333333333333,0.25,0.324324324324324,0.13596836013567,0.601797401971717,0.22481116578615,0.208029197080292,4.5311782067697,0.134425081427771,0.35855519506417
"Leaf416","Leaf90",0.5003367003367,0.481144781144781,0.337373737373737,0.708333333333333,0.791666666666667,0.625,0.714285714285714,0.347989740935778,1.64538530024241,0.298280020836373,0.077333808744934,9.25743680161214,0.670634788628104,0.736509251669282
"Leaf420","Leaf427",0.5003367003367,0.481144781144781,0.910437710437711,0.333333333333333,1,0.333333333333333,0.333333333333333,0,0.677879708429157,0.275772428282666,0.259927413153941,3.55765950870468,1.05134677076209,1.05134677076209
"Leaf420","Leaf443",0.5003367003367,0.481144781144781,0.242424242424242,0.395833333333333,1,0.395833333333333,0.395833333333333,0,0.413975797776073,0.110085387095598,0.00177472349951376,4.9614176336218,0.210203437730789,0.210203437730789
"Leaf420","Leaf5",0.5003367003367,0.481144781144781,0.254545454545455,0.0625,1,0.0625,0.0625,0,2.56494935746154,0.0934061647792069,0.5,4.35232066987246,0.0733800382449942,0.0733800382449942
"Leaf420","Leaf68",0.5003367003367,0.481144781144781,0.804713804713805,1,1,1,1,0,4.57471097850338,0.0346886709990756,0.0346886709990756,5.21062998744034,NA,NA
"Leaf420","Leaf70",0.5003367003367,0.481144781144781,0.423569023569024,0.208333333333333,1,0.208333333333333,0.208333333333333,0,1.29928298413026,0.00910084152255268,0.152441858329776,4.99711511997976,0.108459479341973,0.108459479341973
"Leaf420","Leaf82",0.5003367003367,0.967003367003367,0.688215488215488,0.8125,1,0.8125,0.8125,0,1.42500887330058,0.0143609499561111,0.113166500502388,8.78025795372082,0.198564993446421,0.198564993446421
"Leaf420","Leaf83",0.5003367003367,0.988552188552189,0.824242424242424,0.6875,1,0.6875,0.6875,0,0.77070541490582,0.103069071952555,0.382701943281988,9.09797170275646,0.200094588659597,0.200094588659597
"Leaf420","Leaf86",0.5003367003367,0.481144781144781,0.531313131313131,0.895833333333333,1,0.895833333333333,0.895833333333333,0,2.06801284585621,0.113388126272263,0.0772662246476171,9.21653809660954,0.38246779330787,0.38246779330787
"Leaf420","Leaf88",0.5003367003367,0.481144781144781,0.960942760942761,0.3125,1,0.3125,0.3125,0,0.77070541490582,0.131997571374853,0.462220940240483,6.75205292220079,0.0369754756401164,0.0369754756401164
"Leaf420","Leaf90",0.5003367003367,0.481144781144781,0.476767676767677,0.791666666666667,1,0.791666666666667,0.791666666666667,0,1.29928298413026,0.0543315176968235,0.149063995585552,9.24620916452754,0.047899400157715,0.047899400157715
"Leaf427","Leaf68",0.5003367003367,0.481144781144781,0.695622895622896,0.333333333333333,1,0.333333333333333,0.333333333333333,0,0.677879708429157,0.177732075431849,0.585583597450257,3.6684667010445,0.140471091429468,0.140471091429468
"Leaf427","Leaf83",0.5003367003367,0.481144781144781,0.445791245791246,0.333333333333333,0.6875,0.1875,0.225,0.190692517849118,0.82221817599018,0.144288577337217,0.0170226637412049,9.72342504477639,0.179940099954899,0.388045253747249
"Leaf427","Leaf86",0.5003367003367,0.481144781144781,0.850505050505051,0.333333333333333,0.895833333333333,0.3125,0.340909090909091,0.0964485644340824,0.489548225318706,0.218159938982804,0.20385887657505,7.2261205838506,0.288097346028339,0.436514474835109
"Leaf427","Leaf88",0.5003367003367,0.481144781144781,0.923905723905724,0.3125,0.333333333333333,0.125,0.24,0.0953462589245594,0.426135542281732,0.0138032105534479,0.28736848324284,4.81470857699253,0.122813475723222,0.170291756595245
"Leaf427","Leaf90",0.5003367003367,0.481144781144781,0.0148148148148148,0.333333333333333,0.791666666666667,0.208333333333333,0.227272727272727,0.290190500044005,1.36625361023644,0.0773842952314811,0.259279019120517,8.70148642961442,0.141434651205764,0.56003682764397
"Leaf443","Leaf68",0.5003367003367,0.966329966329966,0.498989898989899,0.395833333333333,1,0.395833333333333,0.395833333333333,0,0.413975797776073,0.127171291484477,0.399137611779012,4.02736434155159,0.0892282430647741,0.0892282430647741
"Leaf443","Leaf83",0.5003367003367,0.481144781144781,0.258585858585859,0.395833333333333,0.6875,0.291666666666667,0.368421052631579,0.0861656393602959,0.35036134878188,0.0844934962437196,0.0246368151583912,8.95023310393576,0.127714948804572,0.340990972664597
"Leaf443","Leaf86",0.5003367003367,0.481144781144781,0.0215488215488215,0.395833333333333,0.895833333333333,0.354166666666667,0.377777777777778,0.00290539356711802,0.0784716154414952,0.108855813080398,0.156467641746065,8.93305657430816,0.223137695929199,0.2431066969238
"Leaf443","Leaf88",0.5003367003367,0.481144781144781,0.506397306397306,0.3125,0.395833333333333,0.1875,0.36,0.2814744219103,1.18511478569154,0.313062955516545,0.600005432396094,3.60531561861357,0.39452328330796,0.532763184278617
"Leaf443","Leaf90",0.5003367003367,0.481144781144781,0.268013468013468,0.395833333333333,0.791666666666667,0.333333333333333,0.390243902439024,0.100528738770317,0.451985123743057,0.097939780028896,0.326255277473238,9.12215444858493,0.0529908418725802,0.105026282971802
"Leaf5","Leaf68",0.5003367003367,0.481144781144781,0.0505050505050505,0.0625,1,0.0625,0.0625,0,2.56494935746154,0.0551032499337732,0.5,2.40186800300149,0.0550670432561618,0.0550670432561618
"Leaf5","Leaf83",0.5003367003367,0.481144781144781,0.540740740740741,0.0625,0.6875,0.0416666666666667,0.0588235294117647,0.0116051770637132,0.265013272639068,0.0492495133237338,NA,9.05687644043013,0.178571854916884,0.561172968933197
"Leaf5","Leaf86",0.5003367003367,0.481144781144781,0.861952861952862,0.0625,0.895833333333333,0.0416666666666667,0.0454545454545455,0.193699199391637,1.71079040669439,0.289604886445646,NA,9.45510535066552,0.472769858402468,1.51454015126962
"Leaf5","Leaf88",0.5003367003367,0.481144781144781,0.344107744107744,0.0625,0.3125,0.0208333333333333,0.0588235294117647,0.0116051770637132,0.265013272639068,0.0204846980912241,NA,3.52409729670902,0.178571854916884,0.372199250454387
"Leaf5","Leaf90",0.5003367003367,0.481144781144781,0.849158249158249,0.0625,0.791666666666667,0.0625,0.0789473684210526,0.132453235706504,0.727752709737421,0.333936802788125,0.5,6.41047841725698,0.361281558277655,1.95755991522897
"Leaf68","Leaf70",0.5003367003367,0.481144781144781,0.956902356902357,0.208333333333333,1,0.208333333333333,0.208333333333333,0,1.29928298413026,0.449003689036874,0.134148835330203,2.15910038097381,1.04374072352444,1.04374072352444
"Leaf68","Leaf82",0.5003367003367,0.481144781144781,0.392592592592593,0.8125,1,0.8125,0.8125,0,1.42500887330058,0.0198895375527359,0.0819863845066858,6.11884925042433,0.431739771932388,0.431739771932388
"Leaf68","Leaf83",0.5003367003367,0.481144781144781,0.967003367003367,0.6875,1,0.6875,0.6875,0,0.77070541490582,0.274400890563055,0.327590636317392,6.96409419846864,0.511213885703093,0.511213885703093
"Leaf68","Leaf86",0.5003367003367,0.481144781144781,0.416161616161616,0.895833333333333,1,0.895833333333333,0.895833333333333,0,2.06801284585621,0.162174050998779,0.401360768937533,8.90112731821234,0.831466591109057,0.831466591109057
"Leaf68","Leaf88",0.5003367003367,0.481144781144781,0.0915824915824916,0.3125,1,0.3125,0.3125,0,0.77070541490582,0.000528962229724528,0.244812671906026,3.72643113721715,0.245768247267269,0.245768247267269
"Leaf68","Leaf90",0.5003367003367,0.481144781144781,0.994612794612795,0.791666666666667,1,0.791666666666667,0.791666666666667,0,1.29928298413026,0.216580223008523,0.455919782219812,11.0127321551987,0.145708014031812,0.145708014031812
"Leaf70","Leaf83",0.5003367003367,0.481144781144781,0.97037037037037,0.208333333333333,0.6875,0.1875,0.264705882352941,0.235182917714465,1.32130222237418,0.352011738889084,0.158997207663587,6.46931428129973,0.627570937463789,0.829684026696374
"Leaf70","Leaf86",0.5003367003367,0.481144781144781,0.809427609427609,0.208333333333333,0.895833333333333,0.1875,0.204545454545455,0.00699711428541319,0.191055236762709,0.14371252049403,0.00854732074939197,10.2802231990483,0.0575230793221198,0.383883043888923
"Leaf70","Leaf88",0.5003367003367,0.481144781144781,0.51986531986532,0.208333333333333,0.3125,0.0625,0.136363636363636,0.0138342892773215,0.0107239633629757,0.0176053339306462,1,4.33571885236966,0.0301964699904583,0.0381601904397921
"Leaf70","Leaf90",0.5003367003367,0.481144781144781,0.707070707070707,0.208333333333333,0.791666666666667,0.1875,0.230769230769231,0.136842105263158,0.712728225759052,0.139162049910186,0.423778818243523,9.70307498166776,0.447293358507493,0.556444623066117
"Leaf82","Leaf83",0.5003367003367,0.481144781144781,0.720538720538721,0.6875,0.8125,0.5625,0.6,0.0215916758543765,0.169418151958047,0.220900044348013,0.172466241037122,10.3309815192219,0.0769237911833389,0.493990917217383
"Leaf82","Leaf86",0.5003367003367,0.978451178451179,0.942087542087542,0.8125,0.895833333333333,0.729166666666667,0.74468085106383,0.0109206494484927,0.33085424431699,0.202046813035628,0.289534645290324,14.6699475460604,0.0226887791211412,0.106693008327496
"Leaf82","Leaf88",0.5003367003367,0.481144781144781,0.56026936026936,0.3125,0.8125,0.291666666666667,0.35,0.208719533258973,1.17007125265025,0.120251017548016,0.444318454275488,6.25852456406759,0.205232391156711,0.601597870355742
"Leaf82","Leaf90",0.5003367003367,0.481144781144781,0.782491582491582,0.791666666666667,0.8125,0.666666666666667,0.711111111111111,0.147859217427043,0.847297860387204,0.0413696470954583,0.182314738207265,13.3692730745929,0.0240867918644756,0.194496016534306
"Leaf83","Leaf86",0.5003367003367,0.481144781144781,0.804040404040404,0.6875,0.895833333333333,0.604166666666667,0.617021276595745,0.0827640881769064,0.388370674748864,0.124598742386469,0.256234317717254,16.6985802930294,0.0217026877040778,0.228199419561083
"Leaf83","Leaf88",0.5003367003367,0.481144781144781,0.748821548821549,0.3125,0.6875,0.229166666666667,0.297297297297297,0.0666666666666667,0.26710136475176,0.00794290574784358,0.148838819249586,10.1893751572399,0.0519000857134472,0.0780451795616249
"Leaf83","Leaf90",0.5003367003367,0.481144781144781,0.388552188552189,0.6875,0.791666666666667,0.541666666666667,0.577777777777778,0.0138342892773216,0.0107239633629757,0.0438413246762256,0.0487089377251233,15.0026145778818,0.199048137611758,0.386958212549475
"Leaf86","Leaf88",0.5003367003367,0.481144781144781,0.731986531986532,0.3125,0.895833333333333,0.3125,0.348837209302326,0.229900244935851,1.78883120944897,0.290051022059212,0.174184424706287,7.98105009184515,0.574415081087965,0.766193239663527
"Leaf86","Leaf90",0.5003367003367,0.481144781144781,0.938047138047138,0.791666666666667,0.895833333333333,0.729166666666667,0.760869565217391,0.160933628564503,1.09299429636389,0.103150788030008,0.141016480302037,16.8138687748022,0.0123995123479379,0.0494934853328389
"Leaf88","Leaf90",0.5003367003367,0.481144781144781,0.0336700336700337,0.3125,0.791666666666667,0.270833333333333,0.325,0.124508603495893,0.587786664902119,0.214305985758967,0.0512989176042577,8.99868906352488,0.278109577709282,0.281642798411114
