"taxon_1","taxon_2","pln_score_percentile","glmnet_score_percentile","sparcc_score_percentile","direct_prevalence_min","direct_prevalence_max","direct_joint_prevalence","direct_presence_jaccard","presence_phi_abs","presence_log_odds_abs","spearman_all_abs","spearman_copresent_abs","log_ratio_variance","abundance_contrast_min","abundance_contrast_max"
"Leaf10","Leaf129",0.398449612403101,0.480262373285629,0.432796660703637,0.0196374622356495,0.989425981873112,0.0196374622356495,0.0198473282442748,0.014631124227591,1.15462693022278,0.0331556766565911,0.0433453603962179,1.98898138996776,0.150491157847895,0.284811921958531
"Leaf10","Leaf187",0.398449612403101,0.480262373285629,0.946332737030411,0.0196374622356495,0.651057401812689,0.0151057401812689,0.0230414746543779,0.0350899139608285,0.486328721560459,0.0522829718277145,0.279962820182862,2.39902996827235,0.055071304361926,0.367548497824872
"Leaf10","Leaf220",0.398449612403101,0.480262373285629,0.889326177698271,0.0196374622356495,1,0.0196374622356495,0.0196374622356495,0,3.87351315066627,0.0148933175127002,0.378549480793637,1.13265256146798,0.00596427334379262,0.00596427334379262
"Leaf10","Leaf299",0.398449612403101,0.480262373285629,0.342874180083482,0.0196374622356495,1,0.0196374622356495,0.0196374622356495,0,3.87351315066627,0.0197186076078335,0.0375659790100555,0.860518571951433,0.19482068377947,0.19482068377947
"Leaf10","Leaf33",0.398449612403101,0.480262373285629,0.932498509242695,0.0196374622356495,0.998489425981873,0.0196374622356495,0.0196671709531014,0.00550488940158943,2.77336002964401,0.00695286953449516,0.118477318416329,1.11200758061063,0.0156711789965885,0.0156711789965885
"Leaf10","Leaf359",0.398449612403101,0.480262373285629,0.60226595110316,0.0196374622356495,0.194864048338369,0.00302114803625378,0.0142857142857143,0.0146562282929713,0.115547684254564,0.0183231865438087,NA,0.728707581969024,0.0845813944044924,0.2112654568215
"Leaf10","Leaf371",0.398449612403101,0.480262373285629,0.138938580799046,0.0196374622356495,1,0.0196374622356495,0.0196374622356495,0,3.87351315066627,0.0253735028365119,0.407446387724449,0.796446914649892,0.260983880714348,0.260983880714348
"Leaf10","Leaf405",0.398449612403101,0.480262373285629,0.93309481216458,0.0196374622356495,1,0.0196374622356495,0.0196374622356495,0,3.87351315066627,0.0267559118109286,0.3380938110905,1.01916536889644,0.146208629277537,0.146208629277537
"Leaf10","Leaf41",0.398449612403101,0.480262373285629,0.940131186642814,0.0196374622356495,0.963746223564955,0.0181268882175227,0.0187793427230047,0.0307934295072862,1.16288481698592,0.070555314660915,0.138991940529955,0.987207391629581,0.030163864084493,0.532513278669864
"Leaf10","Leaf427",0.398449612403101,0.480262373285629,0.883720930232558,0.0196374622356495,1,0.0196374622356495,0.0196374622356495,0,3.87351315066627,0.00464126736477303,0.332314429704338,1.46336410171635,0.0595811112547313,0.0595811112547313
"Leaf10","Leaf61",0.398449612403101,0.480262373285629,0.957066189624329,0.0196374622356495,0.998489425981873,0.0196374622356495,0.0196671709531014,0.00550488940158954,2.77336002964401,0.0275337422644454,0.343873192476662,1.17767834507938,0.235667258491139,0.235667258491139
"Leaf10","Leaf67",0.398449612403101,0.480262373285629,0.978533094812165,0.0196374622356495,1,0.0196374622356495,0.0196374622356495,0,3.87351315066627,0.00182303643563904,0.632842261784782,1.36914155523483,0.157395156742063,0.157395156742063
"Leaf10","Leaf88",0.398449612403101,0.480262373285629,0.308527131782946,0.0196374622356495,1,0.0196374622356495,0.0196374622356495,0,3.87351315066627,0.0559201749339115,0.00866907207924359,1.27192695452822,0.512516279709874,0.512516279709874
"Leaf106","Leaf129",0.398449612403101,0.480262373285629,0.886344663088849,0.0528700906344411,0.989425981873112,0.0528700906344411,0.0534351145038168,0.0244246653356213,0.152942707061082,0.0321288892669912,0.121812476854457,2.3718555487155,0.190183656741971,0.237386797998133
"Leaf106","Leaf187",0.86273106738223,0.480262373285629,0.554442456768038,0.0528700906344411,0.651057401812689,0.0438066465256798,0.0663615560640732,0.0879926286684638,0.933213148528298,0.0678630486230817,0.0786826253702306,2.86894943518278,0.17124904091718,0.217962624726596
"Leaf106","Leaf220",0.398449612403101,0.480262373285629,0.760882528324389,0.0528700906344411,1,0.0528700906344411,0.0528700906344411,0,2.87221097452457,0.0625663650084538,0.0782324510284347,1.46613347744212,0.370436458524658,0.370436458524658
"Leaf106","Leaf299",0.398449612403101,0.480262373285629,0.728443649373882,0.0528700906344411,1,0.0528700906344411,0.0528700906344411,0,2.87221097452457,0.0040768417449352,0.14258165967105,1.34721031770987,0.0693940192011023,0.0693940192011023
"Leaf106","Leaf33",0.398449612403101,0.480262373285629,0.347048300536673,0.0528700906344411,0.998489425981873,0.0528700906344411,0.0529500756429652,0.00918966165907303,1.77200378918664,0.0438691526672298,0.0808816755351688,1.54960788397843,0.135566432100212,0.135566432100212
"Leaf106","Leaf359",0.398449612403101,0.480262373285629,0.630530709600477,0.0528700906344411,0.194864048338369,0.013595166163142,0.0580645161290323,0.0371483970591638,0.411994023599551,0.0366869308783921,0.459279326771846,1.20135890802832,0.108671564168311,0.144184590615673
"Leaf106","Leaf371",0.398449612403101,0.480262373285629,0.0673822301729279,0.0528700906344411,1,0.0528700906344411,0.0528700906344411,0,2.87221097452457,0.0883407147114678,0.0797398200270557,1.22104054879008,0.395432130993737,0.395432130993737
"Leaf106","Leaf405",0.398449612403101,0.480262373285629,0.274180083482409,0.0528700906344411,1,0.0528700906344411,0.0528700906344411,0,2.87221097452457,0.0807456983174065,0.139366023789739,1.40246908932819,0.401192439697763,0.401192439697763
"Leaf106","Leaf41",0.398449612403101,0.480262373285629,0.739415623136553,0.0528700906344411,0.963746223564955,0.0528700906344411,0.054858934169279,0.0458242676850584,1.05860695405441,0.0637927873474139,0.0909130896920985,1.38540038552581,0.240614261965964,0.305259220633852
"Leaf106","Leaf427",0.398449612403101,0.480262373285629,0.726535480023852,0.0528700906344411,1,0.0528700906344411,0.0528700906344411,0,2.87221097452457,0.0171370819849875,0.00987465004203832,1.87424013181738,0.128422036977348,0.128422036977348
"Leaf106","Leaf61",0.398449612403101,0.972212283840191,0.908050089445438,0.0528700906344411,0.998489425981873,0.0528700906344411,0.0529500756429652,0.00918966165907292,1.77200378918664,0.0105638329561657,0.170193878700504,1.45980705344619,0.144273594578583,0.144273594578583
"Leaf106","Leaf67",0.398449612403101,0.480262373285629,0.624686940966011,0.0528700906344411,1,0.0528700906344411,0.0528700906344411,0,2.87221097452457,0.0467314130002419,0.102501091906234,1.65952866657339,0.0684992138074878,0.0684992138074878
"Leaf106","Leaf88",0.398449612403101,0.480262373285629,0.970423375074538,0.0528700906344411,1,0.0528700906344411,0.0528700906344411,0,2.87221097452457,0.0103694412853174,0.277054421946557,1.88276007920575,0.0587338144232571,0.0587338144232571
"Leaf122","Leaf129",0.398449612403101,0.480262373285629,0.916159809183065,0.0725075528700906,0.989425981873112,0.0725075528700906,0.0732824427480916,0.028904456201999,0.180261823830944,0.0443947733740004,0.102456341858731,2.43595927207171,0.169869237392307,0.282962937153226
"Leaf122","Leaf187",0.398449612403101,0.480262373285629,0.960644007155635,0.0725075528700906,0.651057401812689,0.0422960725075529,0.0620842572062084,0.0397276464882303,0.316472288093428,0.0555753980638771,0.213954590058758,3.20541292344604,0.0776220610373188,0.230067759694998
"Leaf122","Leaf220",0.398449612403101,0.480262373285629,0.208944543828265,0.0725075528700906,1,0.0725075528700906,0.0725075528700906,0,2.53924513106265,0.00328323842680718,0.158226779218438,1.5935442340237,0.0412321530699513,0.0412321530699513
"Leaf122","Leaf299",0.398449612403101,0.480262373285629,0.96577221228384,0.0725075528700906,1,0.0725075528700906,0.0725075528700906,0,2.53924513106265,0.0592684156732324,0.0123441459595483,1.50433166781568,0.280322777167943,0.280322777167943
"Leaf122","Leaf33",0.398449612403101,0.480262373285629,0.0944543828264758,0.0725075528700906,0.998489425981873,0.0725075528700906,0.0726172465960666,0.010875161206343,1.43900417753942,0.023479849730187,0.0124568720771868,1.60977973896402,0.0100148321858517,0.0100148321858517
"Leaf122","Leaf359",0.398449612403101,0.480262373285629,0.0709600477042338,0.0725075528700906,0.194864048338369,0.00906344410876133,0.0350877192982456,0.0493162119631333,0.49648111550959,0.0424134425040415,0.751469149302179,1.1884304225039,0.0370929269203004,0.134858972139037
"Leaf122","Leaf371",0.398449612403101,0.480262373285629,0.764937388193202,0.0725075528700906,1,0.0725075528700906,0.0725075528700906,0,2.53924513106265,0.0347769329439425,0.151803877838233,1.31802819478684,0.0503224422714191,0.0503224422714191
"Leaf122","Leaf405",0.398449612403101,0.480262373285629,0.231961836612999,0.0725075528700906,1,0.0725075528700906,0.0725075528700906,0,2.53924513106265,0.00964803658243187,0.0363033556272449,1.4933165855648,0.0951989803320362,0.0951989803320362
"Leaf122","Leaf41",0.398449612403101,0.480262373285629,0.0432915921288014,0.0725075528700906,0.963746223564955,0.0725075528700906,0.0752351097178683,0.0542290148131417,1.39241446041665,0.042667621768844,0.0914836250953255,1.41535480762103,0.197037441576283,0.286855469663528
"Leaf122","Leaf427",0.398449612403101,0.480262373285629,0.387358378056053,0.0725075528700906,1,0.0725075528700906,0.0725075528700906,0,2.53924513106265,0.0140135106011325,0.103358471048034,1.92051665095519,0.0221132713819326,0.0221132713819326
"Leaf122","Leaf61",0.398449612403101,0.480262373285629,0.934168157423971,0.0725075528700906,0.998489425981873,0.0725075528700906,0.0726172465960666,0.0108751612063429,1.43900417753942,0.0547163014461083,0.133722568256626,1.52595708440459,0.169399368565486,0.169399368565486
"Leaf122","Leaf67",0.398449612403101,0.480262373285629,0.0512820512820513,0.0725075528700906,1,0.0725075528700906,0.0725075528700906,0,2.53924513106265,0.00305044702720078,0.202572724400027,1.7206534164438,0.0510284493423004,0.0510284493423004
"Leaf122","Leaf88",0.985211687537269,0.974358974358974,0.98783542039356,0.0725075528700906,1,0.0725075528700906,0.0725075528700906,0,2.53924513106265,0.184667452326624,0.232509029963416,2.17907905565249,0.711204484906441,0.711204484906441
"Leaf126","Leaf129",0.398449612403101,0.480262373285629,0.383542039355993,0.00906344410876133,0.989425981873112,0.00906344410876133,0.00916030534351145,0.00988671637489998,1.89635045810685,0.0191337071185374,0.164197394357296,1.77664961001869,0.125565274102024,0.262839686011731
"Leaf126","Leaf187",0.398449612403101,0.480262373285629,0.6608228980322,0.00906344410876133,0.651057401812689,0.00604229607250755,0.0092378752886836,0.00313198389059894,0.034264593974096,0.00756546546307819,0.105409255338946,2.29957125334654,0.027020806467856,0.0798249936166148
"Leaf126","Leaf220",0.398449612403101,0.480262373285629,0.722003577817531,0.00906344410876133,1,0.00906344410876133,0.00906344410876133,0,4.61512051684126,0.0214780806976844,0.05884898863365,0.833501578618921,0.188359357426431,0.188359357426431
"Leaf126","Leaf299",0.398449612403101,0.480262373285629,0.358258795468098,0.00906344410876133,1,0.00906344410876133,0.00906344410876133,0,4.61512051684126,0.0595730656386493,0.205971460217775,0.620909407946582,0.634791043803722,0.634791043803722
"Leaf126","Leaf33",0.398449612403101,0.480262373285629,0.624567680381634,0.00906344410876133,0.998489425981873,0.00906344410876133,0.00907715582450832,0.00371982899892759,3.51498383763405,0.00241187421025326,0.264820448851425,0.855260531650769,0.126613746738175,0.126613746738175
"Leaf126","Leaf359",0.398449612403101,0.480262373285629,0.226356589147287,0.00906344410876133,0.194864048338369,0.00302114803625378,0.0150375939849624,0.0334331028968511,0.836030135540861,0.0276459535598772,NA,0.448051030165516,0.0201636688607307,0.143015355800978
"Leaf126","Leaf371",0.398449612403101,0.480262373285629,0.806917113893858,0.00906344410876133,1,0.00906344410876133,0.00906344410876133,0,4.61512051684126,0.00419981072951109,0.2353959545346,0.538167480487952,0.143612090267653,0.143612090267653
"Leaf126","Leaf405",0.398449612403101,0.480262373285629,0.892665474060823,0.00906344410876133,1,0.00906344410876133,0.00906344410876133,0,4.61512051684126,0.0156728763697917,0.088273482950475,0.722740632755567,0.00450456728085357,0.00450456728085357
"Leaf126","Leaf41",0.398449612403101,0.480262373285629,0.875253428741801,0.00906344410876133,0.963746223564955,0.00906344410876133,0.00940438871473354,0.01854893532682,0.686057745589457,0.0115581249231664,0.0298540717013266,0.700129281871972,0.0575773721056645,0.12723796079169
"Leaf126","Leaf427",0.398449612403101,0.480262373285629,0.419200954084675,0.00906344410876133,1,0.00906344410876133,0.00906344410876133,0,4.61512051684126,0.0262398109966132,0.088273482950475,1.18106780595598,0.144334551999929,0.144334551999929
"Leaf126","Leaf61",0.398449612403101,0.480262373285629,0.847584973166368,0.00906344410876133,0.998489425981873,0.00906344410876133,0.00907715582450832,0.00371982899892754,3.51498383763405,0.0240544795794789,0.735612357920625,0.868069568311462,0.0432728918134589,0.0432728918134589
"Leaf126","Leaf67",0.398449612403101,0.480262373285629,0.911866428145498,0.00906344410876133,1,0.00906344410876133,0.00906344410876133,0,4.61512051684126,0.00664179764165248,0.7061878636038,1.01368016460872,0.15897890668858,0.15897890668858
"Leaf126","Leaf88",0.398449612403101,0.480262373285629,0.867859272510435,0.00906344410876133,1,0.00906344410876133,0.00906344410876133,0,4.61512051684126,0.00633650576598873,0.4707919090692,1.04633033885072,0.234419513268792,0.234419513268792
"Leaf127","Leaf129",0.871437090041741,0.480262373285629,0.972689326177698,0.00604229607250755,0.989425981873112,0.00604229607250755,0.00610687022900763,0.00806019258851225,2.26714979868642,0.0591435701327545,0.8,2.05324358237509,0.102537882791875,0.711715762318772
"Leaf127","Leaf187",0.398449612403101,0.480262373285629,0.718783542039356,0.00604229607250755,0.651057401812689,0.00302114803625378,0.0046189376443418,0.0247099817035915,0.62671871192371,0.0414554297803144,NA,2.52129216260507,0.0803562450170289,0.650809824190489
"Leaf127","Leaf220",0.398449612403101,0.480262373285629,0.84830053667263,0.00604229607250755,1,0.00604229607250755,0.00604229607250755,0,4.98588712440706,0.0284458788244179,0.2,1.00708815750615,0.317912856293884,0.317912856293884
"Leaf127","Leaf299",0.398449612403101,0.480262373285629,0.880023852116876,0.00604229607250755,1,0.00604229607250755,0.00604229607250755,0,4.98588712440706,0.000328028027782675,0.4,0.790418826923225,0.0272067475337835,0.0272067475337835
"Leaf127","Leaf33",0.398449612403101,0.480262373285629,0.179010137149672,0.00604229607250755,0.998489425981873,0.00604229607250755,0.00605143721633888,0.00303260829893016,3.88575507860754,0.0678269102549477,0.2,0.964143469281141,0.910180373609262,0.910180373609262
"Leaf127","Leaf359",0.398449612403101,0.480262373285629,0.587358378056053,0.00604229607250755,0.194864048338369,0.00151057401812689,0.00757575757575758,0.010853041249512,0.57059319333156,0.00774731243298554,NA,0.601886634083789,0.0101205686557727,0.0535475494473357
"Leaf127","Leaf371",0.398449612403101,0.480262373285629,0.480858676207514,0.00604229607250755,1,0.00604229607250755,0.00604229607250755,0,4.98588712440706,0.0431845307202032,0.4,0.686556525237168,0.530795903590814,0.530795903590814
"Leaf127","Leaf405",0.398449612403101,0.480262373285629,0.736791890280262,0.00604229607250755,1,0.00604229607250755,0.00604229607250755,0,4.98588712440706,0.0308136060463769,0.4,0.871909478981009,0.220036877061044,0.220036877061044
"Leaf127","Leaf41",0.398449612403101,0.480262373285629,0.166726296958855,0.00604229607250755,0.963746223564955,0.00604229607250755,0.00626959247648903,0.0151221078239482,1.05693959226754,0.0589971735041199,0.4,0.824896043513124,0.103900174062186,0.801890164386828
"Leaf127","Leaf427",0.398449612403101,0.480262373285629,0.0122838401908169,0.00604229607250755,1,0.00604229607250755,0.00604229607250755,0,4.98588712440706,0.0706184022375924,0.4,1.27425082770837,0.958612999367855,0.958612999367855
"Leaf127","Leaf61",0.398449612403101,0.480262373285629,0.439117471675611,0.00604229607250755,0.998489425981873,0.00604229607250755,0.00605143721633888,0.00303260829893021,3.88575507860754,0.0196959466442422,0.4,1.01000772439738,0.268847481873024,0.268847481873024
"Leaf127","Leaf67",0.398449612403101,0.480262373285629,0.475730471079308,0.00604229607250755,1,0.00604229607250755,0.00604229607250755,0,4.98588712440706,0.0488970100424045,0.2,1.12720943146887,0.636397233896074,0.636397233896074
"Leaf127","Leaf88",0.398449612403101,0.961478831246273,0.294454382826476,0.00604229607250755,1,0.00604229607250755,0.00604229607250755,0,4.98588712440706,0.0308297838366629,0.4,1.19810234676026,0.424128547587485,0.424128547587485
"Leaf129","Leaf13",0.398449612403101,0.480262373285629,0.704353011329756,0.00151057401812689,0.989425981873112,0.00151057401812689,0.00152671755725191,0.00402094044079059,3.37035627613958,0.0310402981674423,NA,1.75805698494715,0.055257896399556,0.055257896399556
"Leaf129","Leaf130",0.879666070363745,0.480262373285629,0.958497316636852,0.00453172205438067,0.989425981873112,0.00453172205438067,0.00458015267175573,0.00697503337592597,2.51999796959927,0.0636995081150941,0.5,1.92257963183971,0.0949894609222504,0.99111620748919
"Leaf129","Leaf131",0.398449612403101,0.480262373285629,0.947644603458557,0.0332326283987915,0.989425981873112,0.0332326283987915,0.033587786259542,0.0191668049558016,0.629694489448609,0.0622357789638636,0.225142202748028,2.34615746475419,0.195443116299038,0.294001230211339
"Leaf129","Leaf132",0.398449612403101,0.480262373285629,0.866070363744782,0.00302114803625378,0.989425981873112,0.00302114803625378,0.00305343511450382,0.00569077480498918,2.85800160008791,0.0668472307492306,NA,1.76364641567725,0.0768469269621586,1.4093927424928
"Leaf129","Leaf137",0.398449612403101,0.480262373285629,0.930232558139535,0.0302114803625378,0.989425981873112,0.0302114803625378,0.0305343511450382,0.0182463438071597,0.725937003382936,0.0187931321923134,0.141158033329489,2.28400045516016,0.060690082175673,0.17739364237667
"Leaf129","Leaf141",0.398449612403101,0.480262373285629,0.976147883124627,0.0287009063444109,0.989425981873112,0.027190332326284,0.0274390243902439,0.070681167596712,2.07344647615488,0.044950018326987,0.278772940108189,2.14668717855372,0.17781909344444,0.335886788476056
"Leaf129","Leaf145",0.398449612403101,0.480262373285629,0.841621943947525,0.0181268882175227,0.989425981873112,0.0181268882175227,0.0183206106870229,0.0140463121253153,1.23314318162572,0.00413489794607859,0.0703350413908653,2.13953873821996,0.0520586255649713,0.134828758274721
"Leaf129","Leaf15",0.961001788908766,0.480262373285629,0.986523553965414,0.0317220543806647,0.989425981873112,0.0302114803625378,0.0304878048780488,0.0655539547356423,1.96765013569172,0.00560595581892285,0.548960044314984,2.6522887547991,0.164864879740988,0.478331968377614
"Leaf129","Leaf151",0.398449612403101,0.480262373285629,0.810614192009541,0.0120845921450151,0.989425981873112,0.0120845921450151,0.0122137404580153,0.0114336393540218,1.62500242897521,0.0194296411904125,0.687440062596331,1.95988955691313,0.0667831007756199,0.122156263963937
"Leaf129","Leaf160",0.398449612403101,0.480262373285629,0.973047107930829,0.0422960725075529,0.989425981873112,0.0422960725075529,0.0427480916030534,0.0217251486518589,0.383789382629124,0.0384402385355997,0.432997923792128,2.35437240758232,0.135590068346514,0.202311169186571
"Leaf129","Leaf161",0.398449612403101,0.480262373285629,0.875730471079308,0.0528700906344411,0.989425981873112,0.0528700906344411,0.0534351145038168,0.0244246653356213,0.152942707061082,0.0743571533761785,0.118237631528838,2.35932401679071,0.239646661983436,0.35828480950165
"Leaf129","Leaf164",0.398449612403101,0.480262373285629,0.879785330948122,0.0105740181268882,0.989425981873112,0.0105740181268882,0.0106870229007634,0.0106870229007631,1.75170878211202,0.0448962211918511,0.334946922651618,1.86629997889682,0.115105708649866,0.508167899044715
"Leaf129","Leaf168",0.398449612403101,0.480262373285629,0.334883720930233,0.0377643504531722,0.989425981873112,0.0377643504531722,0.0381679389312977,0.0204799389731493,0.499784502138384,0.0188664804633825,0.154071331872772,2.06780018373569,0.138880880918026,0.195202253433307
"Leaf129","Leaf17",0.398449612403101,0.480262373285629,0.469528920691711,0.00755287009063444,0.989425981873112,0.00755287009063444,0.00763358778625954,0.00901842478186455,2.06494300461192,0.0554748530274061,0.3,1.85338749713457,0.108277156555745,0.754290782719719
"Leaf129","Leaf176",0.398449612403101,0.480262373285629,0.805963029218843,0.00302114803625378,0.989425981873112,0.00302114803625378,0.00305343511450382,0.00569077480498916,2.85800160008791,0.0309402010228736,NA,1.76511768306763,0.076228824047446,0.498905439506723
"Leaf129","Leaf177",0.398449612403101,0.480262373285629,0.967561121049493,0.0120845921450151,0.989425981873112,0.0120845921450151,0.0122137404580153,0.0114336393540218,1.62500242897521,0.015955702385784,0.0507346289431841,1.99408570448596,0.121627049482518,0.244009646919164
"Leaf129","Leaf180",0.398449612403101,0.480262373285629,0.857483601669648,0.00302114803625378,0.989425981873112,0.00302114803625378,0.00305343511450382,0.00569077480498917,2.85800160008791,0.0336088814794434,NA,1.77057185780801,0.0768883273983328,0.533195367861632
"Leaf129","Leaf182",0.398449612403101,0.480262373285629,0.954800238521169,0.00151057401812689,0.989425981873112,0.00151057401812689,0.00152671755725191,0.00402094044079066,3.37035627613958,0.0495627055985062,NA,1.74310808243806,0.0552578963995557,0.0552578963995557
"Leaf129","Leaf183",0.398449612403101,0.480262373285629,0.32093023255814,0.0302114803625378,0.989425981873112,0.0302114803625378,0.0305343511450382,0.0182463438071598,0.725937003382936,0.0166653644422933,0.0309676593967506,2.04226469168546,0.156367036696819,0.193525109206009
"Leaf129","Leaf185",0.398449612403101,0.480262373285629,0.986762075134168,0.546827794561934,0.989425981873112,0.54380664652568,0.547945205479452,0.0542251532006837,0.987280480243121,0.210583217256072,0.264981145639563,2.09481887392437,0.295908620448768,0.554335405867793
"Leaf129","Leaf187",0.398449612403101,0.480262373285629,0.989982110912343,0.651057401812689,0.989425981873112,0.648036253776435,0.65296803652968,0.0792396708873961,1.42833415686549,0.228786882487719,0.178922615613773,3.16660508995659,0.254411348776264,0.370024613909746
"Leaf129","Leaf189",0.398449612403101,0.480262373285629,0.390459153249851,0.00453172205438067,0.989425981873112,0.00453172205438067,0.00458015267175573,0.00697503337592596,2.51999796959927,0.0290964040838424,1,1.75995417177689,0.0931386705933409,0.501229080546599
"Leaf129","Leaf2",0.398449612403101,0.480262373285629,0.145736434108527,0.00755287009063444,0.989425981873112,0.00755287009063444,0.00763358778625954,0.00901842478186436,2.06494300461192,0.00953372112334109,0.66688592885535,1.81423869184421,0.0582112239752934,0.108201419900162
"Leaf129","Leaf201",0.398449612403101,0.480262373285629,0.818962432915921,0.0196374622356495,0.989425981873112,0.0196374622356495,0.0198473282442748,0.0146311242275911,1.15462693022278,0.0127486649790345,0.00866907207924359,2.05536052772899,0.0830400080429712,0.148626488558294
"Leaf129","Leaf208",0.398449612403101,0.480262373285629,0.440667859272511,0.0151057401812689,0.989425981873112,0.0151057401812689,0.0152671755725191,0.012802788531546,1.41059975202101,0.0488130393946674,0.0713624032148063,1.86109402087481,0.137420615406134,0.516937718951874
"Leaf129","Leaf21",0.398449612403101,0.480262373285629,0.886106141920095,0.0181268882175227,0.989425981873112,0.0181268882175227,0.0183206106870229,0.0140463121253153,1.23314318162572,0.0333424916806404,0.374303853688395,1.92115257904555,0.138466317372715,0.316250335778931
"Leaf129","Leaf216",0.398449612403101,0.480262373285629,0.881574239713775,0.00453172205438067,0.989425981873112,0.00453172205438067,0.00458015267175573,0.00697503337592595,2.51999796959927,0.039109765649605,0.5,1.78164479978834,0.0952398550427378,0.510719381919991
"Leaf129","Leaf220",0.398449612403101,0.964460345855695,0.996302921884317,0.989425981873112,1,0.989425981873112,0.989425981873112,0,4.47049528266149,0.33838685553419,0.32927278662006,1.7434891935901,1.20025150917936,1.20025150917936
"Leaf129","Leaf222",0.398449612403101,0.480262373285629,0.748240906380441,0.0226586102719033,0.989425981873112,0.0226586102719033,0.0229007633587786,0.0157406208923415,1.01335889630938,0.0441014976381204,0.480863897315774,1.93605108751516,0.183723621475029,0.259245391104661
"Leaf129","Leaf226",0.398449612403101,0.480262373285629,0.960047704233751,0.0151057401812689,0.989425981873112,0.0151057401812689,0.0152671755725191,0.0128027885315461,1.41059975202101,0.040819213226792,0.559886768439114,1.9726754934426,0.134074245077044,0.278110301847263
"Leaf129","Leaf231",0.398449612403101,0.480262373285629,0.966249254621348,0.00755287009063444,0.989425981873112,0.00755287009063444,0.00763358778625954,0.00901842478186445,2.06494300461192,0.0556654584022184,0.564288093646835,1.98219838220781,0.107651515631091,0.568824201090767
"Leaf129","Leaf233",0.398449612403101,0.480262373285629,0.978771615980918,0.0981873111782477,0.989425981873112,0.095166163141994,0.0958904109589041,0.0651487762786672,1.44485360674637,0.0198905321634655,0.11679068395379,3.02704769301067,0.00516668028989626,0.286762170495068
"Leaf129","Leaf234",0.398449612403101,0.480262373285629,0.837209302325582,0.00604229607250755,0.989425981873112,0.00604229607250755,0.00610687022900763,0.00806019258851226,2.26714979868642,0.0377089980096429,0.2,1.8196610580145,0.0981928921047836,0.378886877395769
"Leaf129","Leaf254",0.398449612403101,0.480262373285629,0.758855098389982,0.0377643504531722,0.989425981873112,0.0377643504531722,0.0381679389312977,0.0204799389731492,0.499784502138384,0.0199719145394176,0.337500559945064,2.39262699028941,0.10558719850532,0.244879645064953
"Leaf129","Leaf257",0.398449612403101,0.480262373285629,0.535122242098986,0.0181268882175227,0.989425981873112,0.0181268882175227,0.0183206106870229,0.0140463121253153,1.23314318162572,0.0439050559768225,0.522526304762925,2.02199395153108,0.140994158948605,0.376295616656935
"Leaf129","Leaf26",0.398449612403101,0.480262373285629,0.329874776386404,0.0166163141993958,0.989425981873112,0.0166163141993958,0.016793893129771,0.013437987052347,1.31807758590783,0.0499257767257603,0.193315822867678,1.92834991075926,0.138300012118412,0.381980157864443
"Leaf129","Leaf261",0.398449612403101,0.480262373285629,0.405008944543828,0.00755287009063444,0.989425981873112,0.00755287009063444,0.00763358778625954,0.00901842478186443,2.06494300461192,0.0201267369314969,0.0512989176042577,1.81362046196439,0.105740179693193,0.182170795782791
"Leaf129","Leaf262",0.398449612403101,0.480262373285629,0.97757901013715,0.0755287009063444,0.989425981873112,0.0740181268882175,0.0746951219512195,0.0263405119007742,1.03939499001603,0.0256385750388852,0.250337463815065,2.64269398373208,0.0581986169320681,0.0817921524271742
"Leaf129","Leaf264",0.398449612403101,0.480262373285629,0.744305307096005,0.0105740181268882,0.989425981873112,0.0105740181268882,0.0106870229007634,0.0106870229007632,1.75170878211202,0.00101027123887529,0.321428571428571,1.88352973721923,0.0177626160073104,0.133593321925278
"Leaf129","Leaf265",0.398449612403101,0.480262373285629,0.484078711985689,0.0256797583081571,0.989425981873112,0.0256797583081571,0.0259541984732824,0.0167831305721862,0.888870593440916,0.03020580228047,0.273198737109863,2.15929365353291,0.163703876548621,0.263254634517643
"Leaf129","Leaf267",0.398449612403101,0.480262373285629,0.807632677400119,0.00604229607250755,0.989425981873112,0.00604229607250755,0.00610687022900763,0.00806019258851229,2.26714979868642,0.000183666352558382,0.4,1.91184512183201,0.101205324739693,0.178524455466931
"Leaf129","Leaf274",0.398449612403101,0.480262373285629,0.823017292784735,0.0196374622356495,0.989425981873112,0.0196374622356495,0.0198473282442748,0.0146311242275911,1.15462693022278,0.0294790437674379,0.124343407155922,2.12306716012223,0.150711323038506,0.165235751257623
"Leaf129","Leaf28",0.398449612403101,0.480262373285629,0.0170542635658915,0.0181268882175227,0.989425981873112,0.0181268882175227,0.0183206106870229,0.0140463121253153,1.23314318162572,0.0127899002482349,0.431839827252839,1.90237412419777,0.1370542853994,0.151816343396231
"Leaf129","Leaf280",0.398449612403101,0.480262373285629,0.946571258199165,0.0211480362537764,0.989425981873112,0.0211480362537764,0.0213740458015267,0.0151951462670886,1.08161033352695,0.0286451778907861,0.156441576155605,2.05522184784537,0.158214560300417,0.170094058036441
"Leaf129","Leaf288",0.398449612403101,0.480262373285629,0.696004770423375,0.0105740181268882,0.989425981873112,0.0105740181268882,0.0106870229007634,0.0106870229007632,1.75170878211202,0.010149525280686,0.785714285714285,2.03179088481388,0.0115080130608644,0.124432215249594
"Leaf129","Leaf299",0.398449612403101,0.966607036374478,0.996779964221825,0.989425981873112,1,0.989425981873112,0.989425981873112,0,4.47049528266149,0.331974944752233,0.325490027812157,1.63251388820749,0.83087345995844,0.83087345995844
"Leaf129","Leaf3",0.398449612403101,0.480262373285629,0.898986285032797,0.0151057401812689,0.989425981873112,0.0151057401812689,0.0152671755725191,0.012802788531546,1.41059975202101,0.0268976647774321,0.18819969800246,1.90888823982458,0.135363255564827,0.251599305037399
"Leaf129","Leaf30",0.398449612403101,0.480262373285629,0.165891472868217,0.00906344410876133,0.989425981873112,0.00906344410876133,0.00916030534351145,0.00988671637490003,1.89635045810685,0.0515381308392491,0.151794185179729,1.84954847517001,0.112447808204957,0.471404251552754
"Leaf129","Leaf304",0.398449612403101,0.480262373285629,0.0200357781753131,0.00755287009063444,0.989425981873112,0.00755287009063444,0.00763358778625954,0.0090184247818644,2.06494300461192,0.00858469349151888,0.872081599272381,1.86369920854997,0.107208086777669,0.123778074715499
"Leaf129","Leaf311",0.398449612403101,0.480262373285629,0.983899821109123,0.0694864048338369,0.989425981873112,0.0694864048338369,0.0702290076335878,0.0282499009719879,0.134863564774194,0.0508408157412739,0.0480873116705583,2.58185797115462,0.198394132346301,0.264331550792588
"Leaf129","Leaf313",0.398449612403101,0.480262373285629,0.435778175313059,0.989425981873112,0.998489425981873,0.987915407854985,0.987915407854985,0.00402094044079073,3.37035627613958,0.130955989970108,0.130369664356837,2.32840803707773,0.228690722305716,0.228690722305716
"Leaf129","Leaf314",0.398449612403101,0.480262373285629,0.386523553965414,0.0362537764350453,0.989425981873112,0.0347432024169184,0.0350609756097561,0.0589578066755737,1.82634273065814,0.029322705191583,0.355900251189515,2.2427473248545,0.0750673445371088,0.159036858863375
"Leaf129","Leaf32",0.398449612403101,0.480262373285629,0.685629099582588,0.0513595166163142,0.989425981873112,0.0513595166163142,0.0519083969465649,0.0240540387721378,0.183126385811242,0.0379816815824095,0.0464056984610516,2.46680445833102,0.209887658100923,0.241688856218255
"Leaf129","Leaf324",0.932379248658318,0.480262373285629,0.860584376863447,0.0105740181268882,0.989425981873112,0.0105740181268882,0.0106870229007634,0.0106870229007632,1.75170878211202,0.0712677261818253,0.487086198148621,2.06294612842411,0.11333082797776,0.632774997986213
"Leaf129","Leaf326",0.398449612403101,0.480262373285629,0.931305903398927,0.00755287009063444,0.989425981873112,0.00755287009063444,0.00763358778625954,0.00901842478186428,2.06494300461192,0.0315103792328109,0.631578947368421,1.94315182135083,0.106169919003461,0.300700250142744
"Leaf129","Leaf33",0.398449612403101,0.480262373285629,0.979606440071556,0.989425981873112,0.998489425981873,0.987915407854985,0.987915407854985,0.00402094044079072,3.37035627613958,0.144781827406847,0.136066165949841,2.28501592102712,0.430140238506279,0.430140238506279
"Leaf129","Leaf334",0.398449612403101,0.480262373285629,0.859272510435301,0.0211480362537764,0.989425981873112,0.0211480362537764,0.0213740458015267,0.0151951462670886,1.08161033352695,0.0247983951739104,0.404211530101227,1.8952323382172,0.183844109906579,0.200971730267503
"Leaf129","Leaf335",0.398449612403101,0.973524150268336,0.952057245080501,0.0845921450151057,0.989425981873112,0.0845921450151057,0.0854961832061069,0.0314257804039598,0.346194864787036,0.0163096986380476,0.36027641849561,2.46053276907088,0.0765189329743949,0.328561271660027
"Leaf129","Leaf336",0.398449612403101,0.480262373285629,0.243887895050686,0.0241691842900302,0.989425981873112,0.0226586102719033,0.0228658536585366,0.0798944790272435,2.25507202861816,0.00154635297568588,0.0904405576154892,1.87235709120847,0.0933734610462224,0.292298374319194
"Leaf129","Leaf337",0.398449612403101,0.480262373285629,0.956112104949314,0.0241691842900302,0.989425981873112,0.0241691842900302,0.0244274809160305,0.016269421183729,0.949276039010152,0.0382993452202503,0.534616198668195,2.18474432285859,0.155864231072613,0.24264113708138
"Leaf129","Leaf339",0.398449612403101,0.480262373285629,0.752295766249255,0.0256797583081571,0.989425981873112,0.0256797583081571,0.0259541984732824,0.0167831305721864,0.888870593440916,0.0778443428590315,0.130763648302792,2.03796298930511,0.178142670221179,0.542267917035032
"Leaf129","Leaf34",0.861061419200954,0.480262373285629,0.613476446034586,0.0241691842900302,0.989425981873112,0.0241691842900302,0.0244274809160305,0.016269421183729,0.949276039010152,0.113383665166631,0.0927457451067881,1.95308344653369,0.175186997887779,0.817441903048357
"Leaf129","Leaf343",0.398449612403101,0.480262373285629,0.485629099582588,0.00604229607250755,0.989425981873112,0.00604229607250755,0.00610687022900763,0.00806019258851233,2.26714979868642,0.014686528574207,1,1.80079717683933,0.0932302273290781,0.132873218777231
"Leaf129","Leaf344",0.398449612403101,0.480262373285629,0.682170542635659,0.0151057401812689,0.989425981873112,0.0151057401812689,0.0152671755725191,0.0128027885315461,1.41059975202101,0.0434530043617447,0.275896698141883,1.90087204075677,0.128159350598427,0.344851401821852
"Leaf129","Leaf351",0.843887895050686,0.480262373285629,0.247465712581992,0.0256797583081571,0.989425981873112,0.0256797583081571,0.0259541984732824,0.0167831305721864,0.888870593440916,0.0685485785177468,0.226532226132086,1.97122139110457,0.194750523693365,0.489558444770618
"Leaf129","Leaf354",0.398449612403101,0.480262373285629,0.849254621347645,0.0105740181268882,0.989425981873112,0.0105740181268882,0.0106870229007634,0.0106870229007632,1.75170878211202,0.0528548476313681,0.39405520311955,1.99897333510123,0.114320823741679,0.42925147556019
"Leaf129","Leaf357",0.398449612403101,0.480262373285629,0.94752534287418,0.00755287009063444,0.989425981873112,0.00755287009063444,0.00763358778625954,0.00901842478186435,2.06494300461192,0.011337508055878,0.153896752812773,1.84869962440287,0.0825753184764627,0.108736636325453
"Leaf129","Leaf359",0.398449612403101,0.480262373285629,0.934525939177102,0.194864048338369,0.989425981873112,0.194864048338369,0.196946564885496,0.050858040188149,1.30547975066777,0.077298535357421,0.168294801914163,1.95543482502922,0.181195151824669,0.62686583760709
"Leaf129","Leaf361",0.398449612403101,0.480262373285629,0.488729874776387,0.0196374622356495,0.989425981873112,0.0196374622356495,0.0198473282442748,0.0146311242275911,1.15462693022278,0.0378191658931805,0.0665641242111856,2.05845803019894,0.145163889639757,0.347893290284896
"Leaf129","Leaf363",0.398449612403101,0.480262373285629,0.832081097197376,0.00755287009063444,0.989425981873112,0.00755287009063444,0.00763358778625954,0.00901842478186436,2.06494300461192,0.00942814335090105,0.205195670417031,1.81143320671627,0.108932134110049,0.119311303390666
"Leaf129","Leaf369",0.398449612403101,0.480262373285629,0.298509242695289,0.00755287009063444,0.989425981873112,0.00755287009063444,0.00763358778625954,0.00901842478186438,2.06494300461192,0.0203252038348819,0.102597835208515,1.89338346042375,0.105330795582446,0.392237979240242
"Leaf129","Leaf380",0.398449612403101,0.480262373285629,0.31484794275492,0.00906344410876133,0.989425981873112,0.00906344410876133,0.00916030534351145,0.00988671637489985,1.89635045810685,0.0361708882166679,0.0303588370359458,1.8915705248867,0.111646547765509,0.389665649592799
"Leaf129","Leaf394",0.398449612403101,0.480262373285629,0.728085867620751,0.00906344410876133,0.989425981873112,0.00906344410876133,0.00916030534351145,0.00988671637489982,1.89635045810685,0.0326315342171486,0.0308606699924184,1.75897145379107,0.122036665833841,0.445845914714122
"Leaf129","Leaf396",0.398449612403101,0.480262373285629,0.791771019677996,0.00906344410876133,0.989425981873112,0.00906344410876133,0.00916030534351145,0.00988671637489983,1.89635045810685,0.0266171626789898,0.0303588370359458,1.83389442686131,0.114628307140452,0.3376905962304
"Leaf129","Leaf405",0.398449612403101,0.480262373285629,0.678950506857484,0.989425981873112,1,0.989425981873112,0.989425981873112,0,4.47049528266149,0.114447477555498,0.110268853022983,2.35289882283852,0.168687694079633,0.168687694079633
"Leaf129","Leaf406",0.398449612403101,0.480262373285629,0.763267740011926,0.00302114803625378,0.989425981873112,0.00302114803625378,0.00305343511450382,0.00569077480498926,2.85800160008791,0.0574696980209962,NA,1.74362532021787,0.0778573329146923,1.1971239954513
"Leaf129","Leaf41",0.398449612403101,0.480262373285629,0.989028026237328,0.963746223564955,0.989425981873112,0.95619335347432,0.959090909090909,0.137966041532318,2.54928733018655,0.197762450881214,0.197195036588635,1.95178407141963,0.424021070442401,0.488583181934278
"Leaf129","Leaf412",0.398449612403101,0.480262373285629,0.585807990459153,0.00604229607250755,0.989425981873112,0.00604229607250755,0.00610687022900763,0.0080601925885124,2.26714979868642,0.0646403866548552,0.4,1.82359733163808,0.103672531219826,0.758354738821564
"Leaf129","Leaf416",0.398449612403101,0.480262373285629,0.951818723911747,0.15558912386707,0.989425981873112,0.154078549848943,0.155487804878049,0.00363126401023227,0.220061884776802,0.0710637519041928,0.0628690347260242,3.48049947595627,0.0205165395946261,0.171238061578964
"Leaf129","Leaf42",0.999165175909362,0.480262373285629,0.982230172927847,0.0891238670694864,0.989425981873112,0.0891238670694864,0.0900763358778626,0.0323367016541943,0.402947272115823,0.173588420402276,0.00652549404965852,2.91405551438704,0.321270711741501,0.587563986534863
"Leaf129","Leaf420",0.398449612403101,0.480262373285629,0.917829457364341,0.0226586102719033,0.989425981873112,0.0226586102719033,0.0229007633587786,0.0157406208923416,1.01335889630938,0.00560734741578772,0.0343923091771598,2.2133953141197,0.0114361191664905,0.171977911693722
"Leaf129","Leaf427",0.398449612403101,0.480262373285629,0.991532498509243,0.989425981873112,1,0.989425981873112,0.989425981873112,0,4.47049528266149,0.161940895610528,0.154983085365062,2.28267137393005,0.795778216703812,0.795778216703812
"Leaf129","Leaf443",0.398449612403101,0.480262373285629,0.73536076326774,0.0105740181268882,0.989425981873112,0.0105740181268882,0.0106870229007634,0.0106870229007633,1.75170878211202,0.0103511495556852,0.14824986333222,1.96261469976195,0.0128362328595556,0.116541590917786
"Leaf129","Leaf446",0.398449612403101,0.480262373285629,0.841144901610018,0.00604229607250755,0.989425981873112,0.00604229607250755,0.00610687022900763,0.00806019258851243,2.26714979868642,0.0218729368655853,0.4,1.77886026644536,0.105591468038459,0.211528640749531
"Leaf129","Leaf454",0.398449612403101,0.480262373285629,0.925342874180083,0.00453172205438067,0.989425981873112,0.00453172205438067,0.00458015267175573,0.00697503337592589,2.51999796959927,0.040136116098252,0.5,1.86037060910833,0.0955969839361216,0.527470865636159
"Leaf129","Leaf456",0.398449612403101,0.480262373285629,0.443887895050686,0.0196374622356495,0.989425981873112,0.0196374622356495,0.0198473282442748,0.0146311242275911,1.15462693022278,0.0340203264655733,0.298091512771831,2.08287151062307,0.145459216609825,0.155981416489298
"Leaf129","Leaf466",0.398449612403101,0.480262373285629,0.96768038163387,0.361027190332326,0.989425981873112,0.358006042296073,0.360730593607306,0.0162101346668009,0.221948093909436,0.055715246839903,0.111844390300306,2.52547649709827,0.107099844250715,0.28649034976584
"Leaf129","Leaf49",0.398449612403101,0.480262373285629,0.55324985092427,0.00604229607250755,0.989425981873112,0.00604229607250755,0.00610687022900763,0.00806019258851205,2.26714979868642,0.0303919277493304,0.8,1.82835717301882,0.0974779970302532,0.47450161707112
"Leaf129","Leaf5",0.976982707215265,0.480262373285629,0.969350029815146,0.0226586102719033,0.989425981873112,0.0226586102719033,0.0229007633587786,0.0157406208923411,1.01335889630938,0.09833648930299,0.47258540855081,1.94276053403054,0.173264293570906,0.659538804236456
"Leaf129","Leaf50",0.398449612403101,0.480262373285629,0.570184853905784,0.0468277945619335,0.989425981873112,0.0438066465256798,0.0441400304414003,0.116891363437766,2.26730115062608,0.00720314844371087,0.15850834409734,2.2687937282127,0.0987800567679641,0.535279542027043
"Leaf129","Leaf51",0.398449612403101,0.480262373285629,0.46046511627907,0.0196374622356495,0.989425981873112,0.0196374622356495,0.0198473282442748,0.014631124227591,1.15462693022278,0.011133759047816,0.0816992244333062,1.8554685400496,0.0436909921079201,0.164185373348818
"Leaf129","Leaf53",0.398449612403101,0.480262373285629,0.176505664877758,0.0120845921450151,0.989425981873112,0.0120845921450151,0.0122137404580153,0.0114336393540218,1.62500242897521,0.0177966966317107,0.393193374309677,1.90496694239922,0.120794581559804,0.246174548766124
"Leaf129","Leaf61",0.398449612403101,0.97602862254025,0.999045915324985,0.989425981873112,0.998489425981873,0.987915407854985,0.987915407854985,0.00402094044079073,3.37035627613958,0.456365021539715,0.446385014905674,1.50444094091127,1.92597066186415,1.92597066186415
"Leaf129","Leaf62",0.398449612403101,0.480262373285629,0.47453786523554,0.125377643504532,0.989425981873112,0.125377643504532,0.126717557251908,0.0391406590775921,0.782884097530625,0.0835412907039633,0.263364789941105,2.09387554297986,0.302690807070205,0.408707852752623
"Leaf129","Leaf64",0.398449612403101,0.480262373285629,0.849016100178891,0.013595166163142,0.989425981873112,0.013595166163142,0.0137404580152672,0.012136488091529,1.51223119850321,0.0718849332404458,0.255603860169077,2.00794539376689,0.126148693124796,0.632724856330645
"Leaf129","Leaf67",0.398449612403101,0.480262373285629,0.958974358974359,0.989425981873112,1,0.989425981873112,0.989425981873112,0,4.47049528266149,0.214932932012946,0.21154522223682,2.48115311659387,0.339026721702548,0.339026721702548
"Leaf129","Leaf68",0.900298151460942,0.480262373285629,0.993082886106142,0.182779456193353,0.989425981873112,0.176737160120846,0.177541729893778,0.103956757519237,1.77366359129314,0.0752071152571083,0.0691253756430421,4.58156344732645,0.217567230121854,1.36925140105707
"Leaf129","Leaf69",0.398449612403101,0.480262373285629,0.0595110316040549,0.0151057401812689,0.989425981873112,0.013595166163142,0.013719512195122,0.108275011581076,2.75394433081199,1.36563013705455e-05,0.529661016949153,1.99694168812204,0.162277607792398,0.240234280442591
"Leaf129","Leaf70",0.398449612403101,0.480262373285629,0.868694096601073,0.00906344410876133,0.989425981873112,0.00755287009063444,0.0076219512195122,0.145946765534239,3.30665613692071,0.019002157282665,0.3,1.79443158140958,0.0898417719314053,0.390294033648928
"Leaf129","Leaf75",0.398449612403101,0.480262373285629,0.741323792486583,0.00604229607250755,0.989425981873112,0.00604229607250755,0.00610687022900763,0.00806019258851216,2.26714979868642,0.00220738604593237,0.4,1.80168651706406,0.00992479756584801,0.0963188976889637
"Leaf129","Leaf78",0.398449612403101,0.480262373285629,0.919737626714371,0.0256797583081571,0.989425981873112,0.0256797583081571,0.0259541984732824,0.0167831305721864,0.888870593440916,0.0424972129267966,0.246810280178162,2.16898076949701,0.16512158127544,0.369515816588259
"Leaf129","Leaf82",0.946213476446035,0.480262373285629,0.265354800238521,0.0196374622356495,0.989425981873112,0.0196374622356495,0.0198473282442748,0.014631124227591,1.15462693022278,0.0831106211679704,0.11370245477722,1.91442083249675,0.147738137562462,0.637727597624485
"Leaf129","Leaf83",0.398449612403101,0.480262373285629,0.88288610614192,0.0241691842900302,0.989425981873112,0.0241691842900302,0.0244274809160305,0.016269421183729,0.949276039010152,0.0348978646144248,0.209600344821684,2.26245925529832,0.163014122477,0.221921686786764
"Leaf129","Leaf85",0.398449612403101,0.480262373285629,0.802504472271914,0.0422960725075529,0.989425981873112,0.040785498489426,0.0411585365853659,0.0516526493457448,1.66281295456435,0.00488508965408603,0.0457436669375743,2.29434000392078,0.0777264038221837,0.361835197251892
"Leaf129","Leaf86",0.398449612403101,0.480262373285629,0.57185450208706,0.0498489425981873,0.989425981873112,0.0498489425981873,0.050381679389313,0.023678817877953,0.214147988405632,0.00994834784561386,0.176287146603359,2.27807273036913,0.0358902737198528,0.221828030903651
"Leaf129","Leaf87",0.398449612403101,0.480262373285629,0.687418008348241,0.138972809667674,0.989425981873112,0.138972809667674,0.140458015267176,0.0415321922670734,0.901091512140759,0.0360660265617517,0.0127281230049912,3.45678137992103,0.0938033539148459,0.380822123390806
"Leaf129","Leaf88",0.398449612403101,0.966487775790101,0.75551580202743,0.989425981873112,1,0.989425981873112,0.989425981873112,0,4.47049528266149,0.0377135383998184,0.0228471276237685,2.61045092233861,0.832673392607621,0.832673392607621
"Leaf129","Leaf90",0.398449612403101,0.979606440071556,0.98175313059034,0.167673716012085,0.989425981873112,0.166163141993958,0.167682926829268,0.00686737687218656,0.130350215521891,0.0718615879586683,0.237767948342504,3.45324838756826,0.162570879563607,0.191523159444156
"Leaf129","Leaf91",0.398449612403101,0.480262373285629,0.898628503279666,0.0422960725075529,0.989425981873112,0.0422960725075529,0.0427480916030534,0.0217251486518589,0.383789382629124,0.0392510510685876,0.264678912241061,2.27988720213662,0.200456127321329,0.239345241750822
"Leaf129","Leaf99",0.398449612403101,0.480262373285629,0.0778771615980918,0.193353474320242,0.989425981873112,0.193353474320242,0.195419847328244,0.0506130753061223,1.29583024008726,0.0368447492163638,0.0366859278052968,2.1866599463326,0.0994327228790892,0.576501932831532
"Leaf13","Leaf187",0.398449612403101,0.480262373285629,0.753130590339893,0.00151057401812689,0.651057401812689,0.00151057401812689,0.00232018561484919,0.028475189642199,0.478244838326613,0.00658747337557393,NA,2.26417216867346,0.0681202703290178,0.0681202703290178
"Leaf13","Leaf220",0.398449612403101,0.480262373285629,0.0233750745378652,0.00151057401812689,1,0.00151057401812689,0.00151057401812689,0,6.08904487544685,0.0564801323395982,NA,0.784033124598879,NA,NA
"Leaf13","Leaf299",0.398449612403101,0.480262373285629,0.899105545617173,0.00151057401812689,1,0.00151057401812689,0.00151057401812689,0,6.08904487544685,0.0548525416162605,NA,0.594228134895625,NA,NA
"Leaf13","Leaf33",0.398449612403101,0.480262373285629,0.898270721526536,0.00151057401812689,0.998489425981873,0.00151057401812689,0.00151285930408472,0.00151285930408475,4.98891972718611,0.0438613741420261,NA,0.803319329829999,NA,NA
"Leaf13","Leaf359",0.398449612403101,0.480262373285629,0.403935599284437,0.00151057401812689,0.194864048338369,0,0,0.0191350905140567,0.315289727775878,0.0190292512135765,NA,0.415131653192276,0.06125638918317,0.06125638918317
"Leaf13","Leaf371",0.398449612403101,0.480262373285629,0.630292188431723,0.00151057401812689,1,0.00151057401812689,0.00151057401812689,0,6.08904487544685,0.0540377325924021,NA,0.50168053649677,NA,NA
"Leaf13","Leaf405",0.398449612403101,0.480262373285629,0.629218843172332,0.00151057401812689,1,0.00151057401812689,0.00151057401812689,0,6.08904487544685,0.0353127936035073,NA,0.686787614534759,NA,NA
"Leaf13","Leaf41",0.398449612403101,0.480262373285629,0.925939177101968,0.00151057401812689,0.963746223564955,0.00151057401812689,0.00156739811912226,0.00754387618305472,2.16026887081379,0.0544204881475187,NA,0.654287834019343,0.0559892510955865,0.0559892510955865
"Leaf13","Leaf427",0.398449612403101,0.480262373285629,0.924269528920692,0.00151057401812689,1,0.00151057401812689,0.00151057401812689,0,6.08904487544685,0.0412154213646206,NA,1.13863748146394,NA,NA
"Leaf13","Leaf61",0.398449612403101,0.480262373285629,0.580202742993441,0.00151057401812689,0.998489425981873,0.00151057401812689,0.00151285930408472,0.00151285930408477,4.98891972718611,0.0274773874245759,NA,0.818429821157208,NA,NA
"Leaf13","Leaf67",0.398449612403101,0.480262373285629,0.876565295169946,0.00151057401812689,1,0.00151057401812689,0.00151057401812689,0,6.08904487544685,0.0456930176347537,NA,0.954649383524129,NA,NA
"Leaf13","Leaf88",0.398449612403101,0.480262373285629,0.88896839594514,0.00151057401812689,1,0.00151057401812689,0.00151057401812689,0,6.08904487544685,0.0473211787482158,NA,1.01417527073183,NA,NA
"Leaf130","Leaf187",0.398449612403101,0.480262373285629,0.602742993440668,0.00453172205438067,0.651057401812689,0.00453172205438067,0.00696055684454756,0.0493952599061851,1.33019928454377,0.044597106651114,1,2.3329308956435,0.117191290000958,0.500050854067943
"Leaf130","Leaf220",0.398449612403101,0.480262373285629,0.930113297555158,0.00453172205438067,1,0.00453172205438067,0.00453172205438067,0,5.238719003662,0.0754237293388671,1,0.926464626325508,1.04205965292416,1.04205965292416
"Leaf130","Leaf299",0.398449612403101,0.480262373285629,0.744424567680382,0.00453172205438067,1,0.00453172205438067,0.00453172205438067,0,5.238719003662,0.00191501601003167,1,0.702479154595802,0.0561135721364007,0.0561135721364007
"Leaf130","Leaf33",0.398449612403101,0.480262373285629,0.880858676207513,0.00453172205438067,0.998489425981873,0.00453172205438067,0.00453857791225416,0.00262432241771675,4.13858926401986,0.00340192080929102,1,0.914612328983461,0.0275702465897167,0.0275702465897167
"Leaf130","Leaf359",0.398449612403101,0.480262373285629,0.370065593321407,0.00453172205438067,0.194864048338369,0,0,0.0331932036677103,0.535771072140868,0.0330095057683254,NA,0.529121217961277,0.10533705016384,0.62459046546006
"Leaf130","Leaf371",0.398449612403101,0.480262373285629,0.815026833631485,0.00453172205438067,1,0.00453172205438067,0.00453172205438067,0,5.238719003662,0.0490415429561367,1,0.619691760697223,0.424757970716873,0.424757970716873
"Leaf130","Leaf405",0.398449612403101,0.480262373285629,0.425163983303518,0.00453172205438067,1,0.00453172205438067,0.00453172205438067,0,5.238719003662,0.0775196754725043,1,0.764503308872798,1.08885057396745,1.08885057396745
"Leaf130","Leaf41",0.398449612403101,0.480262373285629,0.566845557543232,0.00453172205438067,0.963746223564955,0.00453172205438067,0.00470219435736677,0.0130861893966055,1.30982882402351,0.0579485155970756,0.5,0.737333055368516,0.096250508265965,0.939744752724881
"Leaf130","Leaf427",0.398449612403101,0.480262373285629,0.332498509242695,0.00453172205438067,1,0.00453172205438067,0.00453172205438067,0,5.238719003662,0.0637289135040384,0.5,1.2031566126756,0.969455116229546,0.969455116229546
"Leaf130","Leaf61",0.398449612403101,0.480262373285629,0.801192605843769,0.00453172205438067,0.998489425981873,0.00453172205438067,0.00453857791225416,0.00262432241771674,4.13858926401986,0.0498319053486817,0.5,0.943938260880636,0.662267929228895,0.662267929228895
"Leaf130","Leaf67",0.398449612403101,0.480262373285629,0.921526535480024,0.00453172205438067,1,0.00453172205438067,0.00453172205438067,0,5.238719003662,0.0111612705981114,0.5,1.05488115287499,0.286803134600973,0.286803134600973
"Leaf130","Leaf88",0.398449612403101,0.480262373285629,0.0844364937388193,0.00453172205438067,1,0.00453172205438067,0.00453172205438067,0,5.238719003662,0.0267620699818952,1,1.10338663910095,0.504714621095165,0.504714621095165
"Leaf131","Leaf187",0.398449612403101,0.480262373285629,0.506976744186047,0.0332326283987915,0.651057401812689,0.0196374622356495,0.0295454545454545,0.0233968911043747,0.280351901485346,0.026523025375457,0.177842565597668,2.83596467951739,0.0120018142916895,0.123407122890864
"Leaf131","Leaf220",0.398449612403101,0.480262373285629,0.966010733452594,0.0332326283987915,1,0.0332326283987915,0.0332326283987915,0,3.34873381212641,0.0849218820945925,0.0587936263562169,1.38016799231178,0.370291250413119,0.370291250413119
"Leaf131","Leaf299",0.398449612403101,0.480262373285629,0.782826475849732,0.0332326283987915,1,0.0332326283987915,0.0332326283987915,0,3.34873381212641,0.0342829329105777,0.0273182506301614,1.13273066665664,0.137265978073333,0.137265978073333
"Leaf131","Leaf33",0.398449612403101,0.480262373285629,0.976744186046512,0.0332326283987915,0.998489425981873,0.0332326283987915,0.0332829046898638,0.00721141723781896,2.24855902314041,0.0269610245590601,0.618223889260826,1.41617236276939,0.110793236336445,0.110793236336445
"Leaf131","Leaf359",0.398449612403101,0.480262373285629,0.0985092426952892,0.0332326283987915,0.194864048338369,0.00604229607250755,0.0272108843537415,0.00610652042257514,0.000861790422829052,0.00831467814860334,0.816496580927726,0.954559943835871,0.0322055306520505,0.104204796308806
"Leaf131","Leaf371",0.398449612403101,0.480262373285629,0.960763267740012,0.0332326283987915,1,0.0332326283987915,0.0332326283987915,0,3.34873381212641,0.0675688869036107,0.153219753534384,1.08125929810759,0.24999623315247,0.24999623315247
"Leaf131","Leaf405",0.398449612403101,0.480262373285629,0.865235539654144,0.0332326283987915,1,0.0332326283987915,0.0332326283987915,0,3.34873381212641,0.0526220147167271,0.0415712509589413,1.23486510913533,0.166283270709792,0.166283270709792
"Leaf131","Leaf41",0.398449612403101,0.480262373285629,0.984138342277877,0.0332326283987915,0.963746223564955,0.027190332326284,0.0280373831775701,0.144383835106392,1.99640738319229,0.0731712404729665,0.381148757291981,1.33092331384726,0.346235702876219,0.478697960877145
"Leaf131","Leaf427",0.398449612403101,0.480262373285629,0.971258199165176,0.0332326283987915,1,0.0332326283987915,0.0332326283987915,0,3.34873381212641,0.0221991096881645,0.261081789202528,1.759950688158,0.0812183970301075,0.0812183970301075
"Leaf131","Leaf61",0.991771019677996,0.480262373285629,0.988789505068575,0.0332326283987915,0.998489425981873,0.0332326283987915,0.0332829046898638,0.00721141723781898,2.24855902314041,0.092401304426793,0.349792383068806,1.59207756822744,0.564853558901296,0.564853558901296
"Leaf131","Leaf67",0.868694096601073,0.480262373285629,0.979725700655933,0.0332326283987915,1,0.0332326283987915,0.0332326283987915,0,3.34873381212641,0.0642876812817077,0.300500756931775,1.61823150705883,0.381106623661979,0.381106623661979
"Leaf131","Leaf88",0.398449612403101,0.967322599880739,0.069886702444842,0.0332326283987915,1,0.0332326283987915,0.0332326283987915,0,3.34873381212641,0.033960178096887,0.195384879507024,1.52523324447341,0.0794608164500638,0.0794608164500638
"Leaf132","Leaf187",0.398449612403101,0.480262373285629,0.218485390578414,0.00302114803625378,0.651057401812689,0.00151057401812689,0.00231481481481481,0.0174461019096438,0.624696461431082,0.0365937545087315,NA,2.26851292926776,0.0527826731657606,0.762104975127412
"Leaf132","Leaf220",0.398449612403101,0.480262373285629,0.217769827072153,0.00302114803625378,1,0.00302114803625378,0.00302114803625378,0,5.57670639208822,0.0290581297034819,NA,0.786624374640091,0.554074049557431,0.554074049557431
"Leaf132","Leaf299",0.398449612403101,0.480262373285629,0.952415026833631,0.00302114803625378,1,0.00302114803625378,0.00302114803625378,0,5.57670639208822,0.0018928339478711,NA,0.598997505960619,0.0578773321124146,0.0578773321124146
"Leaf132","Leaf33",0.398449612403101,0.480262373285629,0.667740011926059,0.00302114803625378,0.998489425981873,0.00302114803625378,0.00302571860816944,0.0021411263702991,4.4765789516151,0.0636983136441034,NA,0.813616990933252,1.0840870006488,1.0840870006488
"Leaf132","Leaf359",0.398449612403101,0.480262373285629,0.829576624925462,0.00302114803625378,0.194864048338369,0,0,0.0270815975993819,0.19741559579169,0.0269317740546558,NA,0.414000603658847,0.0852029384903004,0.624025484401615
"Leaf132","Leaf371",0.398449612403101,0.480262373285629,0.862254025044723,0.00302114803625378,1,0.00302114803625378,0.00302114803625378,0,5.57670639208822,0.0121246474747259,NA,0.505301626106564,0.0422829791672744,0.0422829791672744
"Leaf132","Leaf405",0.398449612403101,0.480262373285629,0.873345259391771,0.00302114803625378,1,0.00302114803625378,0.00302114803625378,0,5.57670639208822,0.0297900083016757,NA,0.689862460440601,0.318172697244239,0.318172697244239
"Leaf132","Leaf41",0.398449612403101,0.480262373285629,0.876088252832439,0.00302114803625378,0.963746223564955,0.00302114803625378,0.00313479623824451,0.0106767312639039,1.64787338801268,0.0205399121870778,NA,0.663495534084252,0.0778655005663433,0.368950527557349
"Leaf132","Leaf427",0.398449612403101,0.480262373285629,0.948002385211688,0.00302114803625378,1,0.00302114803625378,0.00302114803625378,0,5.57670639208822,0.0166564869977834,NA,1.14316371769829,0.07106106512485,0.07106106512485
"Leaf132","Leaf61",0.398449612403101,0.480262373285629,0.917590936195587,0.00302114803625378,0.998489425981873,0.00302114803625378,0.00302571860816944,0.00214112637029913,4.4765789516151,0.0112569094823026,NA,0.822453878092355,0.172274361411269,0.172274361411269
"Leaf132","Leaf67",0.398449612403101,0.480262373285629,0.697793679189028,0.00302114803625378,1,0.00302114803625378,0.00302114803625378,0,5.57670639208822,0.0484934691454097,NA,0.962095872400459,0.639165133589637,0.639165133589637
"Leaf132","Leaf88",0.398449612403101,0.480262373285629,0.176744186046512,0.00302114803625378,1,0.00302114803625378,0.00302114803625378,0,5.57670639208822,0.00372709609067743,NA,1.01806617058681,0.122254023424626,0.122254023424626
"Leaf137","Leaf220",0.398449612403101,0.480262373285629,0.645080500894454,0.0302114803625378,1,0.0302114803625378,0.0302114803625378,0,3.44494193062501,0.0546076509780387,0.0105868524997117,1.31323322800041,0.204990099043021,0.204990099043021
"Leaf137","Leaf299",0.398449612403101,0.480262373285629,0.881693500298152,0.0302114803625378,1,0.0302114803625378,0.0302114803625378,0,3.44494193062501,0.0615008729454206,0.0952816724974051,1.07790056511788,0.297913763396848,0.297913763396848
"Leaf137","Leaf33",0.398449612403101,0.480262373285629,0.451401311866428,0.0302114803625378,0.998489425981873,0.0302114803625378,0.0302571860816944,0.0068650982029374,2.34477200924322,0.0482030801591672,0.278787115825741,1.25301673684285,0.326039135567822,0.326039135567822
"Leaf137","Leaf359",0.398449612403101,0.480262373285629,0.361359570661896,0.0302114803625378,0.194864048338369,0.00302114803625378,0.0136054421768707,0.0422715981974445,0.60445906135159,0.0399388720758286,NA,0.950697112214112,0.147823679731904,0.202113816757919
"Leaf137","Leaf371",0.398449612403101,0.480262373285629,0.975074537865236,0.0302114803625378,1,0.0302114803625378,0.0302114803625378,0,3.44494193062501,0.0350838413665334,0.310547673324876,1.05716177743379,0.12632547863677,0.12632547863677
"Leaf137","Leaf405",0.398449612403101,0.480262373285629,0.839952295766249,0.0302114803625378,1,0.0302114803625378,0.0302114803625378,0,3.44494193062501,0.0220287215026846,0.0176447541661861,1.20549057378354,0.0902462214724939,0.0902462214724939
"Leaf137","Leaf41",0.398449612403101,0.480262373285629,0.0190816935002982,0.0302114803625378,0.963746223564955,0.0302114803625378,0.0313479623824451,0.0342328269969565,0.484947992422446,0.074425394748576,0.154148139482325,1.11120961739494,0.179775585535525,0.472048513676662
"Leaf137","Leaf427",0.398449612403101,0.480262373285629,0.464400715563506,0.0302114803625378,1,0.0302114803625378,0.0302114803625378,0,3.44494193062501,0.0204098217407832,0.045876360832084,1.61918391037759,0.165513677304701,0.165513677304701
"Leaf137","Leaf61",0.398449612403101,0.480262373285629,0.780202742993441,0.0302114803625378,0.998489425981873,0.0302114803625378,0.0302571860816944,0.00686509820293752,2.34477200924322,0.000446861951120919,0.135864607079633,1.3256480816346,0.0575232072341373,0.0575232072341373
"Leaf137","Leaf67",0.398449612403101,0.480262373285629,0.840071556350626,0.0302114803625378,1,0.0302114803625378,0.0302114803625378,0,3.44494193062501,0.0217854440957512,0.326550738594518,1.39879577739719,0.18013861334653,0.18013861334653
"Leaf137","Leaf88",0.398449612403101,0.480262373285629,0.925223613595707,0.0302114803625378,1,0.0302114803625378,0.0302114803625378,0,3.44494193062501,0.00545590549391036,0.294667394575308,1.57743985135849,0.0343119209344806,0.0343119209344806
"Leaf141","Leaf187",0.398449612403101,0.480262373285629,0.718545020870602,0.0287009063444109,0.651057401812689,0.0211480362537764,0.0321100917431193,0.0309381636751682,0.357860957820282,0.00242727949634713,0.142470651161215,2.59183210361216,0.0289642404802098,0.0420820064795009
"Leaf141","Leaf220",0.398449612403101,0.480262373285629,0.888491353607633,0.0287009063444109,1,0.0287009063444109,0.0287009063444109,0,3.49650756146648,0.0418749946431627,0.128206418378049,1.11579141110212,0.274134603190012,0.274134603190012
"Leaf141","Leaf299",0.398449612403101,0.480262373285629,0.51138938580799,0.0287009063444109,1,0.0287009063444109,0.0287009063444109,0,3.49650756146648,0.0346614801869827,0.0723768015461796,0.861219234293955,0.220729757248068,0.220729757248068
"Leaf141","Leaf33",0.398449612403101,0.480262373285629,0.815265354800239,0.0287009063444109,0.998489425981873,0.0287009063444109,0.0287443267776097,0.00668606484463776,2.39634006253156,0.0263984242939772,0.103480894833711,1.07708568657539,0.215880914924915,0.215880914924915
"Leaf141","Leaf359",0.398449612403101,0.480262373285629,0.639594514013119,0.0287009063444109,0.194864048338369,0.0105740181268882,0.049645390070922,0.0753204644077801,0.937772620690055,0.0679629345532117,0.427792631946499,0.675155856058018,0.131026973072968,0.252676035089811
"Leaf141","Leaf371",0.398449612403101,0.480262373285629,0.908646392367323,0.0287009063444109,1,0.0287009063444109,0.0287009063444109,0,3.49650756146648,0.00118794961271959,0.0109891215752613,0.812845940080284,0.107352302930296,0.107352302930296
"Leaf141","Leaf405",0.398449612403101,0.480262373285629,0.5391771019678,0.0287009063444109,1,0.0287009063444109,0.0287009063444109,0,3.49650756146648,0.0759894482069564,0.0961548137835366,0.957527249333083,0.260856718224397,0.260856718224397
"Leaf141","Leaf41",0.398449612403101,0.480262373285629,0.931067382230173,0.0287009063444109,0.963746223564955,0.0256797583081571,0.0265625,0.0634631285877883,1.37271045268508,0.0011040992924495,0.153088653129328,0.980217802617601,0.102887812661164,0.288512400124042
"Leaf141","Leaf427",0.398449612403101,0.480262373285629,0.0771615980918307,0.0287009063444109,1,0.0287009063444109,0.0287009063444109,0,3.49650756146648,0.0211742587575962,0.0439564863010453,1.3917109847166,0.150183311904421,0.150183311904421
"Leaf141","Leaf61",0.398449612403101,0.480262373285629,0.968872987477639,0.0287009063444109,0.998489425981873,0.0287009063444109,0.0287443267776097,0.00668606484463782,2.39634006253156,0.105416025814159,0.00687423366113794,1.2181498100408,0.679636758492117,0.679636758492117
"Leaf141","Leaf67",0.398449612403101,0.480262373285629,0.738103756708408,0.0287009063444109,1,0.0287009063444109,0.0287009063444109,0,3.49650756146648,0.0968570113903741,0.0439564863010453,1.18036295033066,0.632064948808567,0.632064948808567
"Leaf141","Leaf88",0.398449612403101,0.480262373285629,0.94108527131783,0.0287009063444109,1,0.0287009063444109,0.0287009063444109,0,3.49650756146648,0.0445546715286127,0.00641032091890244,1.3543305690223,0.314931505965463,0.314931505965463
"Leaf145","Leaf187",0.398449612403101,0.480262373285629,0.740488968395945,0.0181268882175227,0.651057401812689,0.0120845921450151,0.0183908045977011,0.00444969003161641,0.0145854910188928,0.0119590456791598,0.307459346906221,2.54933230714037,0.00341132989925711,0.195782213528475
"Leaf145","Leaf220",0.81216457960644,0.480262373285629,0.902802623732856,0.0181268882175227,1,0.0181268882175227,0.0181268882175227,0,3.9520126536443,0.0458786229666372,0.0507975298934027,1.22507831708329,0.413698769011623,0.413698769011623
"Leaf145","Leaf299",0.398449612403101,0.480262373285629,0.875968992248062,0.0181268882175227,1,0.0181268882175227,0.0181268882175227,0,3.9520126536443,0.0290651131260573,0.0547050321928952,1.01223670367487,0.0301360966551046,0.0301360966551046
"Leaf145","Leaf33",0.398449612403101,0.480262373285629,0.497793679189028,0.0181268882175227,0.998489425981873,0.0181268882175227,0.0181543116490166,0.00528485668956643,2.85186190313429,0.0116174530033955,0.0312600183959401,1.17555270248009,0.185095981355218,0.185095981355218
"Leaf145","Leaf359",0.398449612403101,0.480262373285629,0.0840787119856887,0.0181268882175227,0.194864048338369,0.00453172205438067,0.0217391304347826,0.0189133452117305,0.42367428955765,0.0170131579589061,NA,0.825877564778042,0.060726782368294,0.083956843710367
"Leaf145","Leaf371",0.398449612403101,0.480262373285629,0.93953488372093,0.0181268882175227,1,0.0181268882175227,0.0181268882175227,0,3.9520126536443,0.0264969024973156,0.261802654065998,0.936540543882362,0.123783779841895,0.123783779841895
"Leaf145","Leaf405",0.398449612403101,0.480262373285629,0.440906380441264,0.0181268882175227,1,0.0181268882175227,0.0181268882175227,0,3.9520126536443,0.00652460427621992,0.461085271340117,1.09935750157043,0.0225727499083766,0.0225727499083766
"Leaf145","Leaf41",0.398449612403101,0.480262373285629,0.438521168753727,0.0181268882175227,0.963746223564955,0.0181268882175227,0.0188087774294671,0.0263529492819538,0.0225998319172409,0.0176029309414627,0.35549837531396,1.09158621353214,0.0857769103242614,0.136627045394061
"Leaf145","Leaf427",0.398449612403101,0.480262373285629,0.63231961836613,0.0181268882175227,1,0.0181268882175227,0.0181268882175227,0,3.9520126536443,0.00570980614805068,0.0195375114974626,1.52633487560983,0.0908585167742261,0.0908585167742261
"Leaf145","Leaf61",0.398449612403101,0.480262373285629,0.836016696481813,0.0181268882175227,0.998489425981873,0.0181268882175227,0.0181543116490166,0.00528485668956637,2.85186190313429,0.00470683828074782,0.293062672461939,1.21751798461762,0.0562473016021207,0.0562473016021207
"Leaf145","Leaf67",0.398449612403101,0.480262373285629,0.857841383422779,0.0181268882175227,1,0.0181268882175227,0.0181268882175227,0,3.9520126536443,0.0580331471091905,0.187560110375641,1.29273477630741,0.514417047577481,0.514417047577481
"Leaf145","Leaf88",0.398449612403101,0.961836612999404,0.813595706618962,0.0181268882175227,1,0.0181268882175227,0.0181268882175227,0,3.9520126536443,0.0443752385179464,0.183652608076148,1.45220058081032,0.205462143038227,0.205462143038227
"Leaf15","Leaf220",0.398449612403101,0.480262373285629,0.674180083482409,0.0317220543806647,1,0.0317220543806647,0.0317220543806647,0,3.39575624892207,0.0307203573569727,0.0501726681053408,1.37523476827751,0.083394872006752,0.083394872006752
"Leaf15","Leaf299",0.398449612403101,0.480262373285629,0.312701252236136,0.0317220543806647,1,0.0317220543806647,0.0317220543806647,0,3.39575624892207,0.00408495525477089,0.193394815153558,1.16461599922097,0.0335070716966739,0.0335070716966739
"Leaf15","Leaf33",0.398449612403101,0.480262373285629,0.904591532498509,0.0317220543806647,0.998489425981873,0.0317220543806647,0.0317700453857791,0.00704011742316492,2.29558389753506,0.0823155236170924,0.00535175126456969,1.30320966578649,0.389780404879534,0.389780404879534
"Leaf15","Leaf359",0.398449612403101,0.480262373285629,0.378056052474657,0.0317220543806647,0.194864048338369,0.00906344410876133,0.0416666666666667,0.0415151134204974,0.565661024577941,0.0458781973507962,0,0.980948173656099,0.038520551995961,0.20494827280819
"Leaf15","Leaf371",0.398449612403101,0.480262373285629,0.129636255217651,0.0317220543806647,1,0.0317220543806647,0.0317220543806647,0,3.39575624892207,0.067076390397401,0.085628020233115,1.07358627561359,0.152354109083736,0.152354109083736
"Leaf15","Leaf405",0.398449612403101,0.480262373285629,0.214549791293977,0.0317220543806647,1,0.0317220543806647,0.0317220543806647,0,3.39575624892207,0.0342542416631824,0.0214070050582788,1.22693540855261,0.211513393879793,0.211513393879793
"Leaf15","Leaf41",0.398449612403101,0.480262373285629,0.844007155635063,0.0317220543806647,0.963746223564955,0.0302114803625378,0.0312989045383412,0.011005314668948,0.655336992646231,0.0493018245784976,0.388362841384298,1.23892249382509,0.00359638023853112,0.16612779755865
"Leaf15","Leaf427",0.398449612403101,0.480262373285629,0.540131186642815,0.0317220543806647,1,0.0317220543806647,0.0317220543806647,0,3.39575624892207,0.0296921747070246,0.0328007826248079,1.65919493176461,0.261101209763025,0.261101209763025
"Leaf15","Leaf61",0.398449612403101,0.480262373285629,0.924746571258199,0.0317220543806647,0.998489425981873,0.0317220543806647,0.0317700453857791,0.00704011742316503,2.29558389753506,0.045209038026778,0.250194371618633,1.44808362572892,0.094088033205284,0.094088033205284
"Leaf15","Leaf67",0.398449612403101,0.480262373285629,0.839594514013119,0.0317220543806647,1,0.0317220543806647,0.0317220543806647,0,3.39575624892207,0.014811270958436,0.0722486420716908,1.54329150147294,0.0543296413889163,0.0543296413889163
"Leaf15","Leaf88",0.398449612403101,0.480262373285629,0.615503875968992,0.0317220543806647,1,0.0317220543806647,0.0317220543806647,0,3.39575624892207,0.0537059621856175,0.316422293517683,1.59140486944043,0.153759809445618,0.153759809445618
"Leaf151","Leaf187",0.398449612403101,0.480262373285629,0.484913536076327,0.0120845921450151,0.651057401812689,0.00906344410876133,0.0138568129330254,0.0229589908147033,0.338149526514607,0.0310857411450715,0.87988269012812,2.55920193689372,0.0180536455067311,0.443735588541235
"Leaf151","Leaf220",0.398449612403101,0.480262373285629,0.903995229576625,0.0120845921450151,1,0.0120845921450151,0.0120845921450151,0,4.34380542185368,0.0317595520792327,0.355995746701671,1.04225578212611,0.130262327220165,0.130262327220165
"Leaf151","Leaf299",0.398449612403101,0.480262373285629,0.966607036374478,0.0120845921450151,1,0.0120845921450151,0.0120845921450151,0,4.34380542185368,0.0248493480794819,0.650612916385813,0.86918398553669,0.192476384201384,0.192476384201384
"Leaf151","Leaf33",0.398449612403101,0.480262373285629,0.9072152653548,0.0120845921450151,0.998489425981873,0.0120845921450151,0.0121028744326778,0.00430185125370325,3.2436640808999,0.0644564933334375,0.687440062596331,1.07542612063426,0.58251398970829,0.58251398970829
"Leaf151","Leaf359",0.398449612403101,0.480262373285629,0.372331544424568,0.0120845921450151,0.194864048338369,0.00302114803625378,0.0148148148148148,0.0153953839413343,0.464521055724304,0.0107448900720167,NA,0.666718904974144,0.0104982394693578,0.0540579235384547
"Leaf151","Leaf371",0.398449612403101,0.480262373285629,0.560405485986881,0.0120845921450151,1,0.0120845921450151,0.0120845921450151,0,4.34380542185368,0.0197268656739575,0.564682908561272,0.754747150532274,0.0478129069870202,0.0478129069870202
"Leaf151","Leaf405",0.398449612403101,0.480262373285629,0.404054859868813,0.0120845921450151,1,0.0120845921450151,0.0120845921450151,0,4.34380542185368,0.0250862269847741,0.257790023473624,0.93099606081017,0.0247279020309957,0.0247279020309957
"Leaf151","Leaf41",0.398449612403101,0.480262373285629,0.876923076923077,0.0120845921450151,0.963746223564955,0.0120845921450151,0.0125391849529781,0.0214511905556797,0.414626693798077,0.0403839089764988,0.327050493527308,0.913140008830509,0.123782840821063,0.298150933643768
"Leaf151","Leaf427",0.398449612403101,0.480262373285629,0.911627906976744,0.0120845921450151,1,0.0120845921450151,0.0120845921450151,0,4.34380542185368,0.0540886298721922,0.0982057232280473,1.42038665876123,0.302076182227987,0.302076182227987
"Leaf151","Leaf61",0.398449612403101,0.480262373285629,0.270483005366726,0.0120845921450151,0.998489425981873,0.0120845921450151,0.0121028744326778,0.0043018512537033,3.2436640808999,0.0620609243915472,0.392822892912189,1.05005401795634,0.439804155307064,0.439804155307064
"Leaf151","Leaf67",0.398449612403101,0.480262373285629,0.210733452593918,0.0120845921450151,1,0.0120845921450151,0.0120845921450151,0,4.34380542185368,0.0277650087800897,0.564682908561272,1.21532342866274,0.3595675362969,0.3595675362969
"Leaf151","Leaf88",0.398449612403101,0.480262373285629,0.262969588550984,0.0120845921450151,1,0.0120845921450151,0.0120845921450151,0,4.34380542185368,0.0241411933951681,0.47875290073673,1.26942382154749,0.0657004551070228,0.0657004551070228
"Leaf160","Leaf187",0.398449612403101,0.480262373285629,0.0590339892665474,0.0422960725075529,0.651057401812689,0.027190332326284,0.0408163265306122,0.00361555787947195,0.0578394500577543,9.79682860593458e-05,0.287013195810918,2.71687331443093,0.0176753502390179,0.0699026653107507
"Leaf160","Leaf220",0.398449612403101,0.480262373285629,0.972808586762075,0.0422960725075529,1,0.0422960725075529,0.0422960725075529,0,3.10293319987984,0.0550275351789769,0.37085095613009,1.37175197996751,0.195230271346032,0.195230271346032
"Leaf160","Leaf299",0.398449612403101,0.480262373285629,0.960166964818128,0.0422960725075529,1,0.0422960725075529,0.0422960725075529,0,3.10293319987984,0.00965576267811705,0.177531246700366,1.05992940994392,0.0802267966324749,0.0802267966324749
"Leaf160","Leaf33",0.398449612403101,0.480262373285629,0.530232558139535,0.0422960725075529,0.998489425981873,0.0422960725075529,0.0423600605143722,0.00817398162309648,2.00274362381848,0.0552973147367809,0.118118009158872,1.21209666660428,0.301188174927965,0.301188174927965
"Leaf160","Leaf359",0.398449612403101,0.480262373285629,0.589266547406082,0.0422960725075529,0.194864048338369,0.0151057401812689,0.0680272108843537,0.0860985282233304,0.895425457164648,0.0807026349331385,0.319275428407051,0.808607649726885,0.185559607007959,0.287495836274633
"Leaf160","Leaf371",0.398449612403101,0.480262373285629,0.894812164579606,0.0422960725075529,1,0.0422960725075529,0.0422960725075529,0,3.10293319987984,0.00311740696129057,0.103600711943815,0.972676558913637,0.00575465562479179,0.00575465562479179
"Leaf160","Leaf405",0.398449612403101,0.480262373285629,0.657245080500895,0.0422960725075529,1,0.0422960725075529,0.0422960725075529,0,3.10293319987984,0.0285534788286784,0.00329938573069475,1.11305660353512,0.108303991931479,0.108303991931479
"Leaf160","Leaf41",0.398449612403101,0.480262373285629,0.344186046511628,0.0422960725075529,0.963746223564955,0.0422960725075529,0.0438871473354232,0.0407595769948402,0.827446091834472,0.0526465934225766,0.068029511676973,1.06410195901109,0.205040639518735,0.392794105436401
"Leaf160","Leaf427",0.398449612403101,0.480262373285629,0.686940966010733,0.0422960725075529,1,0.0422960725075529,0.0422960725075529,0,3.10293319987984,0.0107671252232877,0.302265096612519,1.60161548147988,0.121611110632411,0.121611110632411
"Leaf160","Leaf61",0.398449612403101,0.480262373285629,0.488133571854502,0.0422960725075529,0.998489425981873,0.0422960725075529,0.0423600605143722,0.00817398162309648,2.00274362381848,0.029304475118777,0.158457269675896,1.27099282359178,0.192527499769968,0.192527499769968
"Leaf160","Leaf67",0.398449612403101,0.480262373285629,0.528682170542636,0.0422960725075529,1,0.0422960725075529,0.0422960725075529,0,3.10293319987984,0.0190787541319181,0.065327837467756,1.36861421238487,0.133026737514785,0.133026737514785
"Leaf160","Leaf88",0.398449612403101,0.962194394752534,0.704233750745379,0.0422960725075529,1,0.0422960725075529,0.0422960725075529,0,3.10293319987984,0.000205642392552098,0.396586164829509,1.51688365323957,0.0488661212518147,0.0488661212518147
"Leaf161","Leaf187",0.398449612403101,0.480262373285629,0.978652355396541,0.0528700906344411,0.651057401812689,0.0332326283987915,0.0495495495495495,0.011146160840328,0.117325264991489,0.0292749832333223,0.127897170739954,3.19112968074743,0.112120985498934,0.125339932652377
"Leaf161","Leaf220",0.398449612403101,0.480262373285629,0.965533691115087,0.0528700906344411,1,0.0528700906344411,0.0528700906344411,0,2.87221097452457,0.0722208154541812,0.297472469375783,1.4385160639145,0.361027716745774,0.361027716745774
"Leaf161","Leaf33",0.398449612403101,0.480262373285629,0.251639833035182,0.0528700906344411,0.998489425981873,0.0528700906344411,0.0529500756429652,0.00918966165907304,1.77200378918664,0.00975370004448676,0.358104957786112,1.51731195123398,0.076926666108397,0.076926666108397
"Leaf161","Leaf359",0.398449612403101,0.480262373285629,0.0649970184853906,0.0528700906344411,0.194864048338369,0.013595166163142,0.0580645161290323,0.0371483970591638,0.411994023599551,0.0400762478139643,0.158837520120925,1.1903273038424,0.00176743928891117,0.153817304775686
"Leaf161","Leaf371",0.398449612403101,0.480262373285629,0.342039355992844,0.0528700906344411,1,0.0528700906344411,0.0528700906344411,0,2.87221097452457,0.0359790759713573,0.266519251396971,1.22421360113132,0.177602851440836,0.177602851440836
"Leaf161","Leaf405",0.398449612403101,0.480262373285629,0.345736434108527,0.0528700906344411,1,0.0528700906344411,0.0528700906344411,0,2.87221097452457,0.0136202912423659,0.145051083487564,1.42478243229604,0.0597698267945897,0.0597698267945897
"Leaf161","Leaf41",0.398449612403101,0.480262373285629,0.857125819916518,0.0528700906344411,0.963746223564955,0.0513595166163142,0.05320813771518,0.00971038053326256,0.111907032975584,0.0749423053138333,0.405040261465773,1.41828394229842,0.16352815601192,0.294193251125087
"Leaf161","Leaf427",0.398449612403101,0.480262373285629,0.217650566487776,0.0528700906344411,1,0.0528700906344411,0.0528700906344411,0,2.87221097452457,0.032844380620822,0.119385041027093,1.8159848130981,0.247931911605854,0.247931911605854
"Leaf161","Leaf61",0.398449612403101,0.480262373285629,0.77984496124031,0.0528700906344411,0.998489425981873,0.0528700906344411,0.0529500756429652,0.00918966165907294,1.77200378918664,0.0361513439335824,0.476281132069895,1.47096889470168,0.175395141268898,0.175395141268898
"Leaf161","Leaf67",0.398449612403101,0.480262373285629,0.730709600477042,0.0528700906344411,1,0.0528700906344411,0.0528700906344411,0,2.87221097452457,0.0311097980203549,0.367958093746848,1.61265048818431,0.144693529099234,0.144693529099234
"Leaf161","Leaf88",0.398449612403101,0.480262373285629,0.7840190816935,0.0528700906344411,1,0.0528700906344411,0.0528700906344411,0,2.87221097452457,0.0279956799696645,0.169280106341834,1.70322625642572,0.153888378220482,0.153888378220482
"Leaf164","Leaf187",0.398449612403101,0.480262373285629,0.509361955873584,0.0105740181268882,0.651057401812689,0.00755287009063444,0.0115473441108545,0.0137136583402286,0.168748022933136,0.0258838134185473,0.688247201611685,2.41043728060139,0.00904802734323472,0.143694700045931
"Leaf164","Leaf220",0.398449612403101,0.480262373285629,0.358497316636852,0.0105740181268882,1,0.0105740181268882,0.0105740181268882,0,4.47049528266149,0.0327505628222412,0.906326967174966,0.911085926481114,0.282911709274448,0.282911709274448
"Leaf164","Leaf299",0.398449612403101,0.480262373285629,0.578175313059034,0.0105740181268882,1,0.0105740181268882,0.0105740181268882,0,4.47049528266149,0.04237735346128,0.669893845303235,0.712371008658804,0.407636565380943,0.407636565380943
"Leaf164","Leaf33",0.398449612403101,0.480262373285629,0.391174716756112,0.0105740181268882,0.998489425981873,0.0105740181268882,0.010590015128593,0.0040209404407907,3.37035627613958,0.058005085921848,0.07881104062391,0.940490435594124,0.306256817543887,0.306256817543887
"Leaf164","Leaf359",0.398449612403101,0.480262373285629,0.106738223017293,0.0105740181268882,0.194864048338369,0,0,0.0508580401881487,1.30547975066777,0.0505759696080403,NA,0.59778460395692,0.127675603356248,0.62686583760709
"Leaf164","Leaf371",0.398449612403101,0.480262373285629,0.178771615980918,0.0105740181268882,1,0.0105740181268882,0.0105740181268882,0,4.47049528266149,0.0580237391702169,0.70929936561519,0.63955522147921,0.458195176930907,0.458195176930907
"Leaf164","Leaf405",0.398449612403101,0.480262373285629,0.694096601073345,0.0105740181268882,1,0.0105740181268882,0.0105740181268882,0,4.47049528266149,0.0773986253410509,0.70929936561519,0.790839408741216,0.756337860632775,0.756337860632775
"Leaf164","Leaf41",0.398449612403101,0.480262373285629,0.624209898628503,0.0105740181268882,0.963746223564955,0.0105740181268882,0.0109717868338558,0.020050428181167,0.541374623137654,0.0773802447658535,0.216730361715753,0.777555243250702,0.116637101562761,0.748196103019668
"Leaf164","Leaf427",0.398449612403101,0.480262373285629,0.636970781156828,0.0105740181268882,1,0.0105740181268882,0.0105740181268882,0,4.47049528266149,0.0210312167648679,0.86692144686301,1.26550612341182,0.231575346370897,0.231575346370897
"Leaf164","Leaf61",0.398449612403101,0.480262373285629,0.0542635658914729,0.0105740181268882,0.998489425981873,0.0105740181268882,0.010590015128593,0.0040209404407907,3.37035627613958,0.0536125304597153,0.70929936561519,0.933593395994218,0.556155657308613,0.556155657308613
"Leaf164","Leaf67",0.398449612403101,0.480262373285629,0.202862254025045,0.0105740181268882,1,0.0105740181268882,0.0105740181268882,0,4.47049528266149,0.0674831646143228,0.39405520311955,1.06809270927482,0.627355765061126,0.627355765061126
"Leaf164","Leaf88",0.398449612403101,0.969469290399523,0.877996422182469,0.0105740181268882,1,0.0105740181268882,0.0105740181268882,0,4.47049528266149,0.00456741092151222,0.0197027601559775,1.18747845923208,0.148890719941121,0.148890719941121
"Leaf168","Leaf187",0.807394156231366,0.480262373285629,0.910196779964222,0.0377643504531722,0.651057401812689,0.027190332326284,0.0410958904109589,0.0286550584650726,0.292085904260577,0.0623363836036456,0.270393942041263,2.47082809164598,0.0316245153882113,0.352093008435008
"Leaf168","Leaf220",0.398449612403101,0.480262373285629,0.701729278473465,0.0377643504531722,1,0.0377643504531722,0.0377643504531722,0,3.2188758248682,0.00470005285638338,0.168836652952592,1.09513854116731,0.0138077551625998,0.0138077551625998
"Leaf168","Leaf299",0.398449612403101,0.480262373285629,0.537149672033393,0.0377643504531722,1,0.0377643504531722,0.0377643504531722,0,3.2188758248682,0.0245542381905177,0.105305335088988,0.886659303273525,0.166861242520862,0.166861242520862
"Leaf168","Leaf33",0.398449612403101,0.480262373285629,0.17984496124031,0.0377643504531722,0.998489425981873,0.0377643504531722,0.037821482602118,0.00770547753165042,2.11869367716497,0.0478599990421099,0.221011659977825,1.13363453341772,0.314648755586363,0.314648755586363
"Leaf168","Leaf359",0.398449612403101,0.480262373285629,0.53154442456768,0.0377643504531722,0.194864048338369,0.0120845921450151,0.0547945205479452,0.0625866806246908,0.725026308345893,0.0582210182764086,0.326530612244898,0.754986615352861,0.00447106575507868,0.226391331956691
"Leaf168","Leaf371",0.398449612403101,0.480262373285629,0.351818723911747,0.0377643504531722,1,0.0377643504531722,0.0377643504531722,0,3.2188758248682,0.00971128961174195,0.229712906433645,0.822099509074178,0.0110597532462386,0.0110597532462386
"Leaf168","Leaf405",0.398449612403101,0.480262373285629,0.909958258795468,0.0377643504531722,1,0.0377643504531722,0.0377643504531722,0,3.2188758248682,0.0400429361415664,0.236673903598301,0.975471973439264,0.187268181714195,0.187268181714195
"Leaf168","Leaf41",0.398449612403101,0.480262373285629,0.80608228980322,0.0377643504531722,0.963746223564955,0.0377643504531722,0.0391849529780564,0.0384233803322811,0.711318486124041,0.0172813333722169,0.223303427920162,0.956486556595931,0.197832082421354,0.205478965901701
"Leaf168","Leaf427",0.398449612403101,0.480262373285629,0.537865235539654,0.0377643504531722,1,0.0377643504531722,0.0377643504531722,0,3.2188758248682,0.00384986514120978,0.301063127371368,1.44544144923266,0.022782830725424,0.022782830725424
"Leaf168","Leaf61",0.398449612403101,0.480262373285629,0.383780560524747,0.0377643504531722,0.998489425981873,0.0377643504531722,0.037821482602118,0.00770547753165065,2.11869367716497,0.00366630466437075,0.134869320065208,1.14580940363273,0.127308171331855,0.127308171331855
"Leaf168","Leaf67",0.398449612403101,0.964818127608825,0.0607036374478235,0.0377643504531722,1,0.0377643504531722,0.0377643504531722,0,3.2188758248682,0.0174669432016358,0.0269738640130417,1.23865172789788,0.131420214570806,0.131420214570806
"Leaf168","Leaf88",0.398449612403101,0.480262373285629,0.857245080500895,0.0377643504531722,1,0.0377643504531722,0.0377643504531722,0,3.2188758248682,0.00578065633286616,0.150531563685684,1.38195033622069,0.0715455565810828,0.0715455565810828
"Leaf17","Leaf220",0.398449612403101,0.480262373285629,0.349791293977341,0.00755287009063444,1,0.00755287009063444,0.00755287009063444,0,4.78369667181349,0.0565634518013131,0.2,0.928665540223351,0.645555103778868,0.645555103778868
"Leaf17","Leaf299",0.398449612403101,0.480262373285629,0.77948717948718,0.00755287009063444,1,0.00755287009063444,0.00755287009063444,0,4.78369667181349,0.0564499449329629,0.8,0.713736024120635,0.769852555905078,0.769852555905078
"Leaf17","Leaf33",0.398449612403101,0.480262373285629,0.504472271914132,0.00755287009063444,0.998489425981873,0.00755287009063444,0.0075642965204236,0.00339313850586387,3.68356231283632,0.0353187579159199,0.2,0.962800157326304,0.481373053632917,0.481373053632917
"Leaf17","Leaf359",0.398449612403101,0.480262373285629,0.750506857483602,0.00755287009063444,0.194864048338369,0.00453172205438067,0.0229007633587786,0.0892283025607216,1.77193312623564,0.091415134043579,0.866025403784439,0.485746900802858,0.157133660751493,0.765280089982659
"Leaf17","Leaf371",0.398449612403101,0.480262373285629,0.675014907573047,0.00755287009063444,1,0.00755287009063444,0.00755287009063444,0,4.78369667181349,0.0210978552473874,0.3,0.675667851730491,0.318480449578272,0.318480449578272
"Leaf17","Leaf405",0.398449612403101,0.480262373285629,0.0821705426356589,0.00755287009063444,1,0.00755287009063444,0.00755287009063444,0,4.78369667181349,0.00678763990357,0.3,0.858624443798873,0.160063285277047,0.160063285277047
"Leaf17","Leaf41",0.398449612403101,0.480262373285629,0.76159809183065,0.00755287009063444,0.963746223564955,0.00604229607250755,0.00625978090766823,0.0764215143611612,2.19722457733622,0.0264344136472939,0.316227766016838,0.820185090889581,0.0449936676896884,0.12098027889231
"Leaf17","Leaf427",0.398449612403101,0.480262373285629,0.799642218246869,0.00755287009063444,1,0.00755287009063444,0.00755287009063444,0,4.78369667181349,0.0104347871063908,0.2,1.31705849300413,0.241762562523669,0.241762562523669
"Leaf17","Leaf61",0.398449612403101,0.480262373285629,0.216696481812761,0.00755287009063444,0.998489425981873,0.00755287009063444,0.0075642965204236,0.00339313850586394,3.68356231283632,0.00381956669208694,0.2,0.983544993740787,0.193468935164115,0.193468935164115
"Leaf17","Leaf67",0.398449612403101,0.480262373285629,0.761121049493143,0.00755287009063444,1,0.00755287009063444,0.00755287009063444,0,4.78369667181349,0.0186442925956238,0.8,1.17887166776834,0.233565372359995,0.233565372359995
"Leaf17","Leaf88",0.398449612403101,0.960763267740012,0.881932021466905,0.00755287009063444,1,0.00755287009063444,0.00755287009063444,0,4.78369667181349,0.0532205747288044,0.3,1.24967170276465,0.624586642883829,0.624586642883829
"Leaf176","Leaf220",0.398449612403101,0.480262373285629,0.861776982707215,0.00302114803625378,1,0.00302114803625378,0.00302114803625378,0,5.57670639208822,0.0619060151088899,NA,0.805031275180837,0.951452496712804,0.951452496712804
"Leaf176","Leaf299",0.398449612403101,0.480262373285629,0.645199761478831,0.00302114803625378,1,0.00302114803625378,0.00302114803625378,0,5.57670639208822,0.0381772641093976,NA,0.595685707322815,0.738214956820802,0.738214956820802
"Leaf176","Leaf33",0.398449612403101,0.480262373285629,0.839236732259988,0.00302114803625378,0.998489425981873,0.00302114803625378,0.00302571860816944,0.0021411263702991,4.4765789516151,0.0593155633330186,NA,0.822710835710736,0.971689314122311,0.971689314122311
"Leaf176","Leaf359",0.398449612403101,0.480262373285629,0.0895646988670245,0.00302114803625378,0.194864048338369,0,0,0.0270815975993818,0.19741559579169,0.0269317740546558,NA,0.423349774565839,0.0845171670575723,0.624025484401615
"Leaf176","Leaf371",0.398449612403101,0.480262373285629,0.8768038163387,0.00302114803625378,1,0.00302114803625378,0.00302114803625378,0,5.57670639208822,0.0417329891789633,NA,0.515747612741022,0.481993353886415,0.481993353886415
"Leaf176","Leaf405",0.398449612403101,0.480262373285629,0.81216457960644,0.00302114803625378,1,0.00302114803625378,0.00302114803625378,0,5.57670639208822,0.00408346661175206,NA,0.69705332407806,0.0496544875176117,0.0496544875176117
"Leaf176","Leaf41",0.398449612403101,0.480262373285629,0.618723911747168,0.00302114803625378,0.963746223564955,0.00151057401812689,0.00156494522691706,0.136573187417431,3.30055385588247,0.0581112691887433,NA,0.679732134416669,0.25926578169215,1.01293246811978
"Leaf176","Leaf427",0.398449612403101,0.480262373285629,0.847227191413238,0.00302114803625378,1,0.00302114803625378,0.00302114803625378,0,5.57670639208822,0.0408841440064652,NA,1.15925172122261,0.555044323884906,0.555044323884906
"Leaf176","Leaf67",0.398449612403101,0.480262373285629,0.845319022063208,0.00302114803625378,1,0.00302114803625378,0.00302114803625378,0,5.57670639208822,0.0154851796673929,NA,0.966196046432133,0.0985399013937037,0.0985399013937037
"Leaf176","Leaf88",0.398449612403101,0.480262373285629,0.591532498509243,0.00302114803625378,1,0.00302114803625378,0.00302114803625378,0,5.57670639208822,0.0127858258745509,NA,1.02673833716533,0.0418201798764668,0.0418201798764668
"Leaf177","Leaf187",0.398449612403101,0.480262373285629,0.729397734048897,0.0120845921450151,0.651057401812689,0.00755287009063444,0.0115207373271889,0.00604645177944446,0.172091032854417,0.00668012720064424,0.458831467741123,2.5059897678719,0.0615541048184838,0.0800145433399173
"Leaf177","Leaf220",0.398449612403101,0.480262373285629,0.936791890280262,0.0120845921450151,1,0.0120845921450151,0.0120845921450151,0,4.34380542185368,0.0675546098784489,0.164887544065348,1.02929881791942,0.520548816772806,0.520548816772806
"Leaf177","Leaf299",0.398449612403101,0.480262373285629,0.903398926654741,0.0120845921450151,1,0.0120845921450151,0.0120845921450151,0,4.34380542185368,0.00343409943835647,0.146738114486038,0.782956324725952,0.0574197405927005,0.0574197405927005
"Leaf177","Leaf33",0.398449612403101,0.480262373285629,0.323792486583184,0.0120845921450151,0.998489425981873,0.0120845921450151,0.0121028744326778,0.00430185125370324,3.2436640808999,0.0183351765889708,0.646866519025597,0.961957442892588,0.178878702664286,0.178878702664286
"Leaf177","Leaf359",0.398449612403101,0.480262373285629,0.302564102564103,0.0120845921450151,0.194864048338369,0.00151057401812689,0.00735294117647059,0.0195078495147039,0.199115485195345,0.0128358164031176,NA,0.611544819043461,0.0883642552387271,0.166879519350397
"Leaf177","Leaf371",0.398449612403101,0.480262373285629,0.933333333333333,0.0120845921450151,1,0.0120845921450151,0.0120845921450151,0,4.34380542185368,0.0449266967861362,0.431244346017065,0.71835180849551,0.489278831657142,0.489278831657142
"Leaf177","Leaf405",0.398449612403101,0.480262373285629,0.861419200954085,0.0120845921450151,1,0.0120845921450151,0.0120845921450151,0,4.34380542185368,0.032578408080586,0.393193374309677,0.882901575891322,0.192583225490124,0.192583225490124
"Leaf177","Leaf41",0.398449612403101,0.480262373285629,0.963387000596303,0.0120845921450151,0.963746223564955,0.0120845921450151,0.0125391849529781,0.0214511905556798,0.414626693798077,0.0696971977617807,0.25666783666517,0.87022961551933,0.123246473458863,0.535605326907066
"Leaf177","Leaf427",0.398449612403101,0.480262373285629,0.821347644603459,0.0120845921450151,1,0.0120845921450151,0.0120845921450151,0,4.34380542185368,0.0223649711110236,0.291724116423309,1.34041351057186,0.330314735835569,0.330314735835569
"Leaf177","Leaf61",0.398449612403101,0.480262373285629,0.936314847942755,0.0120845921450151,0.998489425981873,0.0120845921450151,0.0121028744326778,0.00430185125370329,3.2436640808999,0.0482739030375965,0.177571201301144,1.05797207571967,0.54045817605439,0.54045817605439
"Leaf177","Leaf67",0.398449612403101,0.961001788908766,0.460226595110316,0.0120845921450151,1,0.0120845921450151,0.0120845921450151,0,4.34380542185368,0.0216658016351965,0.380509717073881,1.11508348808736,0.327865207033863,0.327865207033863
"Leaf177","Leaf88",0.398449612403101,0.971735241502683,0.781156827668456,0.0120845921450151,1,0.0120845921450151,0.0120845921450151,0,4.34380542185368,0.00677790477466396,0.86248869203413,1.16761807669951,0.172959560960715,0.172959560960715
"Leaf180","Leaf187",0.398449612403101,0.480262373285629,0.853786523553966,0.00302114803625378,0.651057401812689,0.00151057401812689,0.00231481481481481,0.0174461019096438,0.624696461431082,0.0132425406745516,NA,2.27671304067884,0.0139834667537892,0.337782798112074
"Leaf180","Leaf220",0.398449612403101,0.480262373285629,0.216577221228384,0.00302114803625378,1,0.00302114803625378,0.00302114803625378,0,5.57670639208822,0.00797950370295036,NA,0.799066781456427,0.275873532305783,0.275873532305783
"Leaf180","Leaf299",0.398449612403101,0.480262373285629,0.583542039355993,0.00302114803625378,1,0.00302114803625378,0.00302114803625378,0,5.57670639208822,0.0253139344637704,NA,0.608282711655904,0.451685921279238,0.451685921279238
"Leaf180","Leaf33",0.398449612403101,0.480262373285629,0.967084078711986,0.00302114803625378,0.998489425981873,0.00302114803625378,0.00302571860816944,0.0021411263702991,4.4765789516151,0.0416384667855496,NA,0.811570309528854,0.759270304635564,0.759270304635564
"Leaf180","Leaf359",0.398449612403101,0.480262373285629,0.766249254621348,0.00302114803625378,0.194864048338369,0,0,0.0270815975993818,0.19741559579169,0.0269317740546558,NA,0.427851526208625,0.085248871752697,0.624025484401615
"Leaf180","Leaf371",0.398449612403101,0.480262373285629,0.74752534287418,0.00302114803625378,1,0.00302114803625378,0.00302114803625378,0,5.57670639208822,0.0180959205029756,NA,0.514830410302878,0.356733263132272,0.356733263132272
"Leaf180","Leaf405",0.398449612403101,0.480262373285629,0.00035778175313059,0.00302114803625378,1,0.00302114803625378,0.00302114803625378,0,5.57670639208822,0.0423717587496283,NA,0.693827403770081,0.722098737360363,0.722098737360363
"Leaf180","Leaf41",0.398449612403101,0.480262373285629,0.804651162790698,0.00302114803625378,0.963746223564955,0.00302114803625378,0.00313479623824451,0.0106767312639039,1.64787338801268,0.0433786748770725,NA,0.66412868378155,0.0779074530562768,0.8283296115983
"Leaf180","Leaf427",0.398449612403101,0.480262373285629,0.387239117471676,0.00302114803625378,1,0.00302114803625378,0.00302114803625378,0,5.57670639208822,0.0282283598850279,NA,1.14525844379356,0.550300292957404,0.550300292957404
"Leaf180","Leaf61",0.398449612403101,0.480262373285629,0.591413237924866,0.00302114803625378,0.998489425981873,0.00302114803625378,0.00302571860816944,0.00214112637029912,4.4765789516151,0.0482535329783335,NA,0.823545819354932,0.898798258599379,0.898798258599379
"Leaf180","Leaf67",0.398449612403101,0.480262373285629,0.880381633870006,0.00302114803625378,1,0.00302114803625378,0.00302114803625378,0,5.57670639208822,0.015981227572439,NA,0.97112353399677,0.0642900570676192,0.0642900570676192
"Leaf180","Leaf88",0.398449612403101,0.480262373285629,0.772570065593321,0.00302114803625378,1,0.00302114803625378,0.00302114803625378,0,5.57670639208822,0.0409045042965591,NA,1.02193641588899,0.891874255929994,0.891874255929994
"Leaf182","Leaf187",0.398449612403101,0.480262373285629,0.271675611210495,0.00151057401812689,0.651057401812689,0.00151057401812689,0.00232018561484919,0.0284751896421972,0.478244838326613,0.00658747337557393,NA,2.25750758688077,0.0681202703290176,0.0681202703290176
"Leaf182","Leaf220",0.398449612403101,0.480262373285629,0.9536076326774,0.00151057401812689,1,0.00151057401812689,0.00151057401812689,0,6.08904487544685,0.0387728476061025,NA,0.78687174841341,NA,NA
"Leaf182","Leaf299",0.398449612403101,0.480262373285629,0.878354203935599,0.00151057401812689,1,0.00151057401812689,0.00151057401812689,0,6.08904487544685,0.0397909903004784,NA,0.593556340818178,NA,NA
"Leaf182","Leaf33",0.398449612403101,0.480262373285629,0.595587358378056,0.00151057401812689,0.998489425981873,0.00151057401812689,0.00151285930408472,0.00151285930408476,4.98891972718611,0.0235080682756567,NA,0.801677362806982,NA,NA
"Leaf182","Leaf359",0.398449612403101,0.480262373285629,0.845080500894454,0.00151057401812689,0.194864048338369,0,0,0.0191350905140554,0.315289727775878,0.0190292512135765,NA,0.408729217531455,0.0612563891831695,0.0612563891831695
"Leaf182","Leaf371",0.398449612403101,0.480262373285629,0.96541443053071,0.00151057401812689,1,0.00151057401812689,0.00151057401812689,0,6.08904487544685,0.0349057293393482,NA,0.499637484988462,NA,NA
"Leaf182","Leaf405",0.398449612403101,0.480262373285629,0.293858079904592,0.00151057401812689,1,0.00151057401812689,0.00151057401812689,0,6.08904487544685,0.0446752633773479,NA,0.682524913104665,NA,NA
"Leaf182","Leaf41",0.398449612403101,0.480262373285629,0.745020870602266,0.00151057401812689,0.963746223564955,0.00151057401812689,0.00156739811912226,0.00754387618305466,2.16026887081379,0.0565646349600851,NA,0.651731732663708,0.0559892510955862,0.0559892510955862
"Leaf182","Leaf427",0.398449612403101,0.480262373285629,0.939892665474061,0.00151057401812689,1,0.00151057401812689,0.00151057401812689,0,6.08904487544685,0.0650287759308459,NA,1.13273683609479,NA,NA
"Leaf182","Leaf61",0.398449612403101,0.480262373285629,0.899463327370304,0.00151057401812689,0.998489425981873,0.00151057401812689,0.00151285930408472,0.00151285930408477,4.98891972718611,0.000203536203145006,NA,0.815859097766874,NA,NA
"Leaf182","Leaf67",0.398449612403101,0.480262373285629,0.936672629695886,0.00151057401812689,1,0.00151057401812689,0.00151057401812689,0,6.08904487544685,0.0564802333792613,NA,0.951081115904628,NA,NA
"Leaf182","Leaf88",0.398449612403101,0.480262373285629,0.907453786523554,0.00151057401812689,1,0.00151057401812689,0.00151057401812689,0,6.08904487544685,0.0218796847975622,NA,1.01342588492945,NA,NA
"Leaf183","Leaf187",0.398449612403101,0.480262373285629,0.00226595110316041,0.0302114803625378,0.651057401812689,0.0211480362537764,0.0320366132723112,0.0181237419087328,0.18638208717676,0.0336079962805886,0.175042674334504,2.56343086372298,0.00596586192890051,0.207707500098109
"Leaf183","Leaf220",0.398449612403101,0.480262373285629,0.636374478234943,0.0302114803625378,1,0.0302114803625378,0.0302114803625378,0,3.44494193062501,0.00849610834702157,0.240411650750139,1.1386645854008,0.0198307125831772,0.0198307125831772
"Leaf183","Leaf299",0.398449612403101,0.480262373285629,0.95968992248062,0.0302114803625378,1,0.0302114803625378,0.0302114803625378,0,3.44494193062501,0.0419585314016669,0.565248797583103,0.999152023922588,0.201928937980996,0.201928937980996
"Leaf183","Leaf33",0.398449612403101,0.480262373285629,0.910912343470483,0.0302114803625378,0.998489425981873,0.0302114803625378,0.0302571860816944,0.0068650982029373,2.34477200924322,0.0343659245908409,0.0474390882751111,1.16837109505606,0.183343815623916,0.183343815623916
"Leaf183","Leaf359",0.398449612403101,0.480262373285629,0.61633870005963,0.0302114803625378,0.194864048338369,0.00453172205438067,0.0205479452054795,0.0199915042430591,0.202604932041982,0.0242018658117729,NA,0.769188135381595,0.0496518485385832,0.222715890354288
"Leaf183","Leaf371",0.398449612403101,0.480262373285629,0.911270125223614,0.0302114803625378,1,0.0302114803625378,0.0302114803625378,0,3.44494193062501,0.0376628075388191,0.25810080231035,0.865490554057889,0.13678646982046,0.13678646982046
"Leaf183","Leaf405",0.398449612403101,0.480262373285629,0.95551580202743,0.0302114803625378,1,0.0302114803625378,0.0302114803625378,0,3.44494193062501,0.0414756666128399,0.323229042145672,1.05662702244232,0.106940943103737,0.106940943103737
"Leaf183","Leaf41",0.398449612403101,0.480262373285629,0.937149672033393,0.0302114803625378,0.963746223564955,0.0287009063444109,0.0297339593114241,0.0129799469030123,0.706962922457547,0.0202696530512131,0.215509393879927,0.984746043678773,0.0783681322198542,0.129255825900033
"Leaf183","Leaf427",0.398449612403101,0.480262373285629,0.950626118067979,0.0302114803625378,1,0.0302114803625378,0.0302114803625378,0,3.44494193062501,0.0140483108504855,0.104526804673974,1.47462253480224,0.147332654186777,0.147332654186777
"Leaf183","Leaf61",0.398449612403101,0.480262373285629,0.657364341085271,0.0302114803625378,0.998489425981873,0.0302114803625378,0.0302571860816944,0.00686509820293728,2.34477200924322,0.0387874719382008,0.00361959655286695,1.1206865410497,0.261437356488945,0.261437356488945
"Leaf183","Leaf67",0.398449612403101,0.480262373285629,0.965056648777579,0.0302114803625378,1,0.0302114803625378,0.0302114803625378,0,3.44494193062501,0.0264786236863175,0.219506289815344,1.32378494416813,0.184445438761181,0.184445438761181
"Leaf183","Leaf88",0.398449612403101,0.480262373285629,0.828503279666071,0.0302114803625378,1,0.0302114803625378,0.0302114803625378,0,3.44494193062501,0.017054078661391,0.0787971296773031,1.32223812686845,0.181099152959614,0.181099152959614
"Leaf185","Leaf187",0.398449612403101,0.480262373285629,0.896362552176506,0.546827794561934,0.651057401812689,0.365558912386707,0.439201451905626,0.0402183723726683,0.168987523824521,0.105755793161195,0.122888983958044,2.85161281181092,0.132106264748975,0.14880051703438
"Leaf185","Leaf220",0.398449612403101,0.480262373285629,0.933571854502087,0.546827794561934,1,0.546827794561934,0.546827794561934,0,0.187576720319467,0.121455378320837,0.141144989793991,1.48915525744098,0.199049482342471,0.199049482342471
"Leaf185","Leaf299",0.398449612403101,0.980202742993441,0.996422182468694,0.546827794561934,1,0.546827794561934,0.546827794561934,0,0.187576720319467,0.518655401787814,0.48312909666855,0.747569994405338,0.926871849461198,0.926871849461198
"Leaf185","Leaf33",0.398449612403101,0.963267740011926,0.985092426952892,0.546827794561934,0.998489425981873,0.546827794561934,0.547655068078669,0.0427260680802204,1.28952234540734,0.225348835461809,0.106406565351764,1.37391270375686,0.400566694355305,0.400566694355305
"Leaf185","Leaf359",0.398449612403101,0.480262373285629,0.362432915921288,0.194864048338369,0.546827794561934,0.114803625377644,0.183132530120482,0.0418229609034804,0.21128113278448,0.0382171205159123,0.0410336268423327,1.26687382213954,0.0463070747150249,0.0590080107762236
"Leaf185","Leaf371",0.398449612403101,0.480262373285629,0.980322003577817,0.546827794561934,1,0.546827794561934,0.546827794561934,0,0.187576720319467,0.215299136228899,0.189612443062306,1.17133110428633,0.370723257890985,0.370723257890985
"Leaf185","Leaf405",0.398449612403101,0.480262373285629,0.884675014907573,0.546827794561934,1,0.546827794561934,0.546827794561934,0,0.187576720319467,0.113532536955896,0.0927738302057899,1.52695419812986,0.122460874668399,0.122460874668399
"Leaf185","Leaf41",0.398449612403101,0.480262373285629,0.975551580202743,0.546827794561934,0.963746223564955,0.527190332326284,0.536098310291859,0.00201086529841749,0.0280056145856356,0.219313682448073,0.196220380546966,1.29520283721683,0.224234960276875,0.350825005810202
"Leaf185","Leaf427",0.398449612403101,0.480262373285629,0.986404293381037,0.546827794561934,1,0.546827794561934,0.546827794561934,0,0.187576720319467,0.234856120562574,0.208754018776681,1.60706895172544,0.420198681028849,0.420198681028849
"Leaf185","Leaf61",0.398449612403101,0.963387000596303,0.986165772212284,0.546827794561934,0.998489425981873,0.545317220543807,0.545317220543807,0.0354083437128885,0.913798001044553,0.268628873439782,0.19273397163196,1.3062890082729,0.456271720660866,0.456271720660866
"Leaf185","Leaf67",0.398449612403101,0.480262373285629,0.623613595706619,0.546827794561934,1,0.546827794561934,0.546827794561934,0,0.187576720319467,0.23546740765443,0.202593368488024,1.6854755551609,0.237755778764924,0.237755778764924
"Leaf185","Leaf88",0.398449612403101,0.480262373285629,0.983542039355993,0.546827794561934,1,0.546827794561934,0.546827794561934,0,0.187576720319467,0.144158523883359,0.0831776810439178,1.60672333650397,0.289683726652791,0.289683726652791
"Leaf187","Leaf189",0.922242098986285,0.480262373285629,0.695766249254621,0.00453172205438067,0.651057401812689,0.00453172205438067,0.00696055684454756,0.0493952599061851,1.33019928454377,0.0750293822565109,0.5,2.25317916732589,0.114902697299462,1.08225116319204
"Leaf187","Leaf2",0.398449612403101,0.480262373285629,0.700059630292189,0.00755287009063444,0.651057401812689,0.00755287009063444,0.0116009280742459,0.063865993470667,1.78686277939293,0.0391360077087641,0,2.33954844511,0.133538040033904,0.2470766883584
"Leaf187","Leaf201",0.398449612403101,0.480262373285629,0.122957662492546,0.0196374622356495,0.651057401812689,0.013595166163142,0.0206896551724138,0.012248691697241,0.128175193423998,0.028544348712824,0,2.53796397946288,0.0157337801597699,0.210111090050323
"Leaf187","Leaf203",0.398449612403101,0.480262373285629,0.507930828861062,0.0664652567975831,0.651057401812689,0.0513595166163142,0.0770975056689342,0.0681127652848875,0.60481172226464,0.0584550726446843,0.0394692543845022,3.26256010051579,0.0536099186052914,0.155365530895952
"Leaf187","Leaf208",0.398449612403101,0.480262373285629,0.613237924865832,0.0151057401812689,0.651057401812689,0.00755287009063444,0.0114678899082569,0.0392492694058364,0.632867422008645,0.032174168171276,0.630893268144045,2.45053205690161,0.07680906904751,0.212447810869071
"Leaf187","Leaf216",0.398449612403101,0.480262373285629,0.87262969588551,0.00453172205438067,0.651057401812689,0.00151057401812689,0.0023094688221709,0.0449760591642174,1.13986991813318,0.0278436005363432,NA,2.29186512034454,0.0945840541439629,0.406208414521397
"Leaf187","Leaf220",0.398449612403101,0.480262373285629,0.746451997614788,0.651057401812689,1,0.651057401812689,0.651057401812689,0,0.622687636997194,0.0302020093098984,0.0178348674417173,2.99454455296183,0.0787157767137235,0.0787157767137235
"Leaf187","Leaf222",0.398449612403101,0.480262373285629,0.912104949314252,0.0226586102719033,0.651057401812689,0.0196374622356495,0.0300230946882217,0.0688770078721926,1.0856250931413,0.0496341169782474,0.356731246097877,2.32184258695578,0.169802271110157,0.360668954780061
"Leaf187","Leaf225",0.398449612403101,0.480262373285629,0.945497912939773,0.054380664652568,0.651057401812689,0.0332326283987915,0.049438202247191,0.0200980492613807,0.19337139298054,0.0456972635748297,0.42670318653613,3.39635201246959,0.0400672399994369,0.211139361981954
"Leaf187","Leaf226",0.398449612403101,0.480262373285629,0.786165772212284,0.0151057401812689,0.651057401812689,0.0105740181268882,0.0161290322580645,0.012716763287491,0.142764256629754,0.0258871809647252,0.277777777777778,2.45514251840735,0.00399416815873291,0.309721115309791
"Leaf187","Leaf231",0.398449612403101,0.480262373285629,0.878831246273107,0.00755287009063444,0.651057401812689,0.00453172205438067,0.0069284064665127,0.00934489428272119,0.287915471916022,0.039938879527564,0.866025403784439,2.47615416195409,0.0183232681310826,0.594301170115001
"Leaf187","Leaf233",0.398449612403101,0.997376267143709,0.901490757304711,0.0981873111782477,0.651057401812689,0.0604229607250755,0.087719298245614,0.0246956186929177,0.177061581081657,0.0129617759609443,0.0271609149447343,3.55761027833972,0.07430570734177,0.149145904676839
"Leaf187","Leaf242",0.398449612403101,0.480262373285629,0.685152057245081,0.104229607250755,0.651057401812689,0.0649546827794562,0.0940919037199125,0.0199449010744797,0.141230930768951,0.0285329128380595,0.040792945406319,3.10775247448374,0.0468724565259653,0.115838591470801
"Leaf187","Leaf254",0.398449612403101,0.480262373285629,0.264281454979129,0.0377643504531722,0.651057401812689,0.0287009063444109,0.0434782608695652,0.0452805174518196,0.494696241836107,0.0137767751949472,0.0627306849861759,3.02474658938847,0.0231540391455889,0.102308597264297
"Leaf187","Leaf257",0.398449612403101,0.480262373285629,0.900059630292189,0.0181268882175227,0.651057401812689,0.0120845921450151,0.0183908045977011,0.0044496900316166,0.0145854910188928,0.0317610551920873,0.395437297647372,2.66491254599578,0.010516268504642,0.333677307456026
"Leaf187","Leaf26",0.398449612403101,0.480262373285629,0.0704830053667263,0.0166163141993958,0.651057401812689,0.013595166163142,0.0207852193995381,0.0455784042874427,0.724714649435712,0.030102718739204,0.47557745220256,2.52566116260223,0.0472422147419534,0.229389672978429
"Leaf187","Leaf261",0.398449612403101,0.480262373285629,0.858079904591533,0.00755287009063444,0.651057401812689,0.00453172205438067,0.0069284064665127,0.00934489428272098,0.287915471916022,0.0199943887049908,0.866025403784439,2.36276400513623,0.0040507790620321,0.150383370210549
"Leaf187","Leaf262",0.398449612403101,0.480262373285629,0.779725700655933,0.0755287009063444,0.651057401812689,0.0422960725075529,0.0618101545253863,0.0546056913165568,0.419063970283581,0.082464953042761,0.0361376058424873,3.09031771781513,0.0303161127603999,0.282220267967314
"Leaf187","Leaf263",0.398449612403101,0.480262373285629,0.578056052474657,0.0287009063444109,0.651057401812689,0.0181268882175227,0.0273972602739726,0.00702488424505658,0.114362194958961,0.014822445708366,0.25045743283718,2.59944745400608,0.0318947824788588,0.134713744249125
"Leaf187","Leaf264",0.398449612403101,0.480262373285629,0.163625521765057,0.0105740181268882,0.651057401812689,0.00755287009063444,0.0115473441108545,0.0137136583402287,0.168748022933136,0.00349884492523387,0.66688592885535,2.38711507276068,0.0197650055099617,0.110252540149192
"Leaf187","Leaf265",0.862850327966607,0.480262373285629,0.625163983303518,0.0256797583081571,0.651057401812689,0.0226586102719033,0.0346420323325635,0.0787816776927304,1.22856585994475,0.0796311428708174,0.308006005482144,2.63810406186007,0.00794763186135864,0.4158410924115
"Leaf187","Leaf267",0.398449612403101,0.480262373285629,0.669886702444842,0.00604229607250755,0.651057401812689,0.00302114803625378,0.0046189376443418,0.0247099817035909,0.62671871192371,0.0237273539527141,NA,2.40562277253068,0.0184108298372786,0.311016702441088
"Leaf187","Leaf28",0.398449612403101,0.480262373285629,0.117352415026834,0.0181268882175227,0.651057401812689,0.0151057401812689,0.023094688221709,0.0519608964982309,0.827167777348012,0.0748986523558238,0.21399716244395,2.38230358086706,0.129424675547662,0.432893579001362
"Leaf187","Leaf280",0.398449612403101,0.480262373285629,0.748717948717949,0.0211480362537764,0.651057401812689,0.0151057401812689,0.0229885057471264,0.019498512005787,0.230628321336298,0.00919305835784854,0.138349647632367,2.57343110940797,0.0341777571176897,0.046693480136854
"Leaf187","Leaf288",0.398449612403101,0.480262373285629,0.826833631484794,0.0105740181268882,0.651057401812689,0.00604229607250755,0.00921658986175115,0.0172707847356466,0.375103649761649,0.0250007108899531,0.632455532033676,2.57613285409737,0.0746551813346338,0.335931357462472
"Leaf187","Leaf289",0.398449612403101,0.480262373285629,0.959570661896243,0.651057401812689,0.720543806646526,0.484894259818731,0.546848381601363,0.0737738597391574,0.339058668994638,0.137512382657961,0.0836147680427368,3.119623196093,0.0683731959850881,0.297532785043305
"Leaf187","Leaf299",0.398449612403101,0.480262373285629,0.989266547406082,0.651057401812689,1,0.651057401812689,0.651057401812689,0,0.622687636997194,0.194204096087393,0.209633033524766,2.4141844662199,0.239963728010551,0.239963728010551
"Leaf187","Leaf3",0.398449612403101,0.480262373285629,0.642337507453787,0.0151057401812689,0.651057401812689,0.00906344410876133,0.0137931034482759,0.0132662530591731,0.258389929497106,0.0456004717359515,0.257247877713763,2.47096971340017,0.0689039607398393,0.466897187624994
"Leaf187","Leaf30",0.398449612403101,0.480262373285629,0.785688729874776,0.00906344410876133,0.651057401812689,0.00755287009063444,0.0115740740740741,0.0365734893031226,0.68392147963523,0.0201372207512782,0.631578947368421,2.40620555115925,0.0474337382302476,0.116573703946901
"Leaf187","Leaf304",0.398449612403101,0.480262373285629,0.869051878354204,0.00755287009063444,0.651057401812689,0.00453172205438067,0.0069284064665127,0.00934489428272102,0.287915471916022,0.0305507792079397,0.866025403784439,2.42698692467511,0.000287918420852583,0.495029272484237
"Leaf187","Leaf306",0.398449612403101,0.480262373285629,0.61216457960644,0.114803625377644,0.651057401812689,0.0830815709969789,0.121681415929204,0.0548742141561342,0.36689769150126,0.0575788182437062,0.269066200721124,3.10336803468917,0.135774284676389,0.189764128387395
"Leaf187","Leaf311",0.398449612403101,0.480262373285629,0.332259988073942,0.0694864048338369,0.651057401812689,0.0453172205438066,0.0671140939597315,0.000640125340849912,0.00788032113618288,0.00446485590426248,0.233345433251085,2.87825163971408,0.0209196155869553,0.073104056885565
"Leaf187","Leaf313",0.398449612403101,0.480262373285629,0.9840190816935,0.651057401812689,0.998489425981873,0.651057401812689,0.652042360060514,0.0531290334882541,1.72562893675489,0.134807638088046,0.146430568285753,2.65393373365026,0.201578843010022,0.201578843010022
"Leaf187","Leaf314",0.930471079308289,0.480262373285629,0.968634466308885,0.0362537764350453,0.651057401812689,0.0256797583081571,0.0388127853881279,0.0233067011292049,0.234100592994163,0.0601425030226093,0.304468337992656,2.60691148323335,0.0762932377003045,0.395203529488231
"Leaf187","Leaf32",0.398449612403101,0.480262373285629,0.886940966010734,0.0513595166163142,0.651057401812689,0.0317220543806647,0.0472972972972973,0.0163099990286439,0.165226664667605,0.0306317442531134,0.0748710805395776,3.11870090732155,0.00968941299030417,0.157382602808299
"Leaf187","Leaf324",0.398449612403101,0.480262373285629,0.215503875968992,0.0105740181268882,0.651057401812689,0.00604229607250755,0.00921658986175115,0.0172707847356463,0.375103649761649,0.0168131261197042,0.258198889747161,2.54915793863265,0.0724219503874997,0.20323343555876
"Leaf187","Leaf326",0.398449612403101,0.480262373285629,0.865831842576029,0.00755287009063444,0.651057401812689,0.00604229607250755,0.00925925925925926,0.0272605495939727,0.480908862727998,0.0141776859664689,0.316227766016838,2.39348471957591,0.0479649684580483,0.110063134025038
"Leaf187","Leaf33",0.398449612403101,0.480262373285629,0.937030411449016,0.651057401812689,0.998489425981873,0.651057401812689,0.652042360060514,0.0531290334882547,1.72562893675489,0.0919486280929092,0.0653829568059945,2.85913661301614,0.171467989661136,0.171467989661136
"Leaf187","Leaf334",0.398449612403101,0.480262373285629,0.417173524150268,0.0211480362537764,0.651057401812689,0.013595166163142,0.0206422018348624,0.0025288172567232,0.0769007955060699,0.00332130901581958,0.0577920491816703,2.38860960110994,0.00280696199219728,0.00307630177538144
"Leaf187","Leaf335",0.398449612403101,0.480262373285629,0.954323196183661,0.0845921450151057,0.651057401812689,0.0498489425981873,0.0726872246696035,0.0393967622611939,0.293223439310506,0.0436223314628423,0.061924520714474,3.28592962670109,0.0330192077649972,0.204010304021126
"Leaf187","Leaf336",0.398449612403101,0.480262373285629,0.87072152653548,0.0241691842900302,0.651057401812689,0.00906344410876133,0.0136054421768707,0.091149962209507,1.13241543879012,0.0723777019619316,0.277218496635164,2.43909562985478,0.163567050359899,0.449709423408335
"Leaf187","Leaf337",0.398449612403101,0.480262373285629,0.252713178294574,0.0241691842900302,0.651057401812689,0.013595166163142,0.0205479452054795,0.0292403093544859,0.395924961550689,0.0255440726891701,0.292138370616061,2.54346611540408,0.0729969734228262,0.236072395971983
"Leaf187","Leaf339",0.398449612403101,0.480262373285629,0.153965414430531,0.0256797583081571,0.651057401812689,0.0196374622356495,0.0298850574712644,0.0387098600726098,0.489085637129585,0.0218407720767462,0.253645392846228,2.57753645160836,0.0421722834515537,0.118979244103354
"Leaf187","Leaf34",0.398449612403101,0.480262373285629,0.514013118664281,0.0241691842900302,0.651057401812689,0.0166163141993958,0.0252293577981651,0.0120327925488614,0.118899408640865,0.00289280711712041,0.367542812877963,2.61290985361078,0.0430884826580464,0.0676989195865398
"Leaf187","Leaf343",0.398449612403101,0.480262373285629,0.419797257006559,0.00604229607250755,0.651057401812689,0.00453172205438067,0.00694444444444444,0.0161850380158525,0.227257984786072,0.0428957251250021,1,2.35141220030421,0.0395275779558207,0.570213035062813
"Leaf187","Leaf344",0.398449612403101,0.480262373285629,0.46273106738223,0.0151057401812689,0.651057401812689,0.00755287009063444,0.0114678899082569,0.0392492694058366,0.632867422008645,0.0301699990024231,0.707106781186547,2.49117668629988,0.0802100053143705,0.298856813258964
"Leaf187","Leaf354",0.398449612403101,0.480262373285629,0.431246273106738,0.0105740181268882,0.651057401812689,0.00604229607250755,0.00921658986175115,0.0172707847356466,0.375103649761649,0.00712947025966126,0.258198889747161,2.5147408242739,0.0457151129883306,0.0760947931191089
"Leaf187","Leaf357",0.398449612403101,0.480262373285629,0.873583780560525,0.00755287009063444,0.651057401812689,0.00604229607250755,0.00925925925925926,0.0272605495939727,0.480908862727998,0.0264250204449292,0.105409255338946,2.34551265027274,0.0152259648879246,0.171446802081585
"Leaf187","Leaf359",0.398449612403101,0.480262373285629,0.966845557543232,0.194864048338369,0.651057401812689,0.149546827794562,0.214750542299349,0.120126716368252,0.68158048184201,0.153753461863398,0.229832286634313,2.29411966858263,0.304756806078286,0.343064805793561
"Leaf187","Leaf363",0.398449612403101,0.480262373285629,0.580679785330948,0.00755287009063444,0.651057401812689,0.00453172205438067,0.0069284064665127,0.00934489428272071,0.287915471916022,0.0397801903378327,0.866025403784439,2.3277303735643,0.0350533824887026,0.594301170115001
"Leaf187","Leaf369",0.398449612403101,0.480262373285629,0.848777579010137,0.00755287009063444,0.651057401812689,0.00302114803625378,0.00460829493087558,0.0459503381594143,0.967557767711264,0.034873717937591,NA,2.48036883886181,0.076130317994184,0.169401804650092
"Leaf187","Leaf371",0.398449612403101,0.480262373285629,0.887179487179487,0.651057401812689,1,0.651057401812689,0.651057401812689,0,0.622687636997194,0.0954178756753094,0.0854557067745348,2.59528763177773,0.151996878154265,0.151996878154265
"Leaf187","Leaf380",0.398449612403101,0.480262373285629,0.284675014907573,0.00906344410876133,0.651057401812689,0.00906344410876133,0.0139211136890951,0.0700149947156463,1.9562642829744,0.027896485941438,0.381000381000571,2.40830499115888,0.0855134364937422,0.13780350877492
"Leaf187","Leaf391",0.398449612403101,0.480262373285629,0.764460345855695,0.110271903323263,0.651057401812689,0.06797583081571,0.0980392156862745,0.0255700889314155,0.173657624462527,0.0272423142582226,0.187106055627012,3.38524681570388,0.0292026827670696,0.089225027801698
"Leaf187","Leaf394",0.398449612403101,0.480262373285629,0.751460942158617,0.00906344410876133,0.651057401812689,0.00755287009063444,0.0115740740740741,0.0365734893031225,0.68392147963523,0.0254359472452225,0.702959491566638,2.27335217630579,0.0999772025122778,0.156145386855039
"Leaf187","Leaf396",0.398449612403101,0.480262373285629,0.142158616577221,0.00906344410876133,0.651057401812689,0.00604229607250755,0.0092378752886836,0.00313198389059878,0.034264593974096,0.000787991711643741,0.737864787372622,2.37985195983154,0.0178865447069718,0.0385031568048766
"Leaf187","Leaf405",0.398449612403101,0.480262373285629,0.980799045915325,0.651057401812689,1,0.651057401812689,0.651057401812689,0,0.622687636997194,0.117491285087372,0.136862633358646,2.6720921467742,0.166143680200833,0.166143680200833
"Leaf187","Leaf41",0.398449612403101,0.480262373285629,0.983184257602862,0.651057401812689,0.963746223564955,0.638972809667674,0.654798761609907,0.129288161868381,1.33888682195857,0.1317636514056,0.0858798990996623,2.53518033623576,0.276527121563624,0.607634260524155
"Leaf187","Leaf412",0.398449612403101,0.480262373285629,0.885390578413834,0.00604229607250755,0.651057401812689,0.00453172205438067,0.00694444444444444,0.0161850380158528,0.227257984786072,0.00558403360004059,1,2.40542772979893,0.0275270188670635,0.242534739892704
"Leaf187","Leaf416",0.932140727489565,0.480262373285629,0.979010137149672,0.15558912386707,0.651057401812689,0.0891238670694864,0.124210526315789,0.0704636737956038,0.395971069029759,0.063961717415769,0.167652534468658,4.6144248692009,0.209351820434453,0.215094527300113
"Leaf187","Leaf42",0.837209302325582,0.480262373285629,0.388431723315444,0.0891238670694864,0.651057401812689,0.0574018126888218,0.084070796460177,0.00458704879641166,0.0429901085749003,0.0172980956320052,0.140026656017284,3.85185780857916,0.105289098270287,0.15868998738217
"Leaf187","Leaf420",0.398449612403101,0.480262373285629,0.0664281454979129,0.0226586102719033,0.651057401812689,0.0105740181268882,0.0159453302961276,0.0589041575964435,0.766663734651785,0.0355730749085936,0.00909090909090909,2.77252617479104,0.0792494868642768,0.122538194520707
"Leaf187","Leaf427",0.398449612403101,0.480262373285629,0.965652951699463,0.651057401812689,1,0.651057401812689,0.651057401812689,0,0.622687636997194,0.0768031169146682,0.0905411718931495,3.11674828157508,0.109675827793364,0.109675827793364
"Leaf187","Leaf434",0.398449612403101,0.992248062015504,0.95587358378056,0.0422960725075529,0.651057401812689,0.0287009063444109,0.0431818181818182,0.0121311481482277,0.101813562794765,0.0279115150233813,0.058029386074556,2.56139666438091,0.0717950945805115,0.193077987653436
"Leaf187","Leaf446",0.398449612403101,0.480262373285629,0.00870602265951103,0.00604229607250755,0.651057401812689,0.00151057401812689,0.00230414746543779,0.0656050014230363,1.48070897392073,0.0604398458865959,NA,2.30742883100812,0.095800838424681,0.881176592089883
"Leaf187","Leaf454",0.398449612403101,0.480262373285629,0.605008944543828,0.00453172205438067,0.651057401812689,0.00151057401812689,0.0023094688221709,0.0449760591642171,1.13986991813318,0.0257798938661366,NA,2.36370523429216,0.0788278917739688,0.363957035821326
"Leaf187","Leaf456",0.398449612403101,0.480262373285629,0.651520572450805,0.0196374622356495,0.651057401812689,0.0105740181268882,0.0160183066361556,0.033433752829934,0.489491003167996,0.00951339942148286,0.188870158465792,2.61095375774049,0.0950205794777379,0.159353804479334
"Leaf187","Leaf466",0.398449612403101,0.480262373285629,0.92510435301133,0.361027190332326,0.651057401812689,0.240181268882175,0.311154598825832,0.0224169073181819,0.0967337486465066,0.00820096496474567,0.038184397946817,3.41620340257407,0.0254795986555202,0.0597624148242501
"Leaf187","Leaf49",0.398449612403101,0.480262373285629,0.853190220632081,0.00604229607250755,0.651057401812689,0.00453172205438067,0.00694444444444444,0.0161850380158522,0.227257984786072,0.00123813474288882,0.866025403784439,2.35770371894755,0.0628240153155716,0.0818973626766964
"Leaf187","Leaf5",0.398449612403101,0.480262373285629,0.737507453786524,0.0226586102719033,0.651057401812689,0.0151057401812689,0.0229357798165138,0.00498642513787461,0.0255523324062311,0.0262799954527778,0.176949254784717,2.59338051430928,0.00410617843924553,0.00956804378453031
"Leaf187","Leaf50",0.398449612403101,0.480262373285629,0.426952892069171,0.0468277945619335,0.651057401812689,0.0302114803625378,0.0452488687782805,0.00274185963955095,0.0458334744550657,0.0360382496464744,0.439886225932505,2.7935409828109,0.00483343239430686,0.218679011232501
"Leaf187","Leaf51",0.398449612403101,0.480262373285629,0.884436493738819,0.0196374622356495,0.651057401812689,0.0120845921450151,0.018348623853211,0.0105925305663465,0.190490497911175,0.020925100010592,0.653720450460613,2.41920127018604,0.114482575896712,0.253932148957521
"Leaf187","Leaf53",0.398449612403101,0.480262373285629,0.588550983899821,0.0120845921450151,0.651057401812689,0.0120845921450151,0.0185614849187935,0.0809698760029978,2.2292397034904,0.0637670349356777,0.241959301944497,2.38637644379695,0.149136183938796,0.425606359188598
"Leaf187","Leaf58",0.934168157423971,0.480262373285629,0.961240310077519,0.0166163141993958,0.651057401812689,0.0105740181268882,0.0160919540229885,0.00400730423891222,0.112936143594406,0.0325428355897796,0.607142857142857,2.47751969854963,0.02032428452988,0.358674665055283
"Leaf187","Leaf61",0.398449612403101,0.480262373285629,0.981037567084079,0.651057401812689,0.998489425981873,0.651057401812689,0.652042360060514,0.0531290334882539,1.72562893675489,0.137160500631772,0.133715247618951,2.75301688935155,0.182567041964379,0.182567041964379
"Leaf187","Leaf62",0.398449612403101,0.480262373285629,0.437924865831843,0.125377643504532,0.651057401812689,0.0876132930513595,0.12719298245614,0.0379206119755174,0.237730709901646,0.0551422298606298,0.0319229790515372,2.61303542275092,0.094586635111704,0.0963722617280655
"Leaf187","Leaf64",0.398449612403101,0.480262373285629,0.768992248062015,0.013595166163142,0.651057401812689,0.00755287009063444,0.0114942528735632,0.0235228422452344,0.427791433078578,0.022412456079115,0.458831467741123,2.51452128151101,0.0827941606058251,0.178348982086436
"Leaf187","Leaf67",0.398449612403101,0.480262373285629,0.594514013118664,0.651057401812689,1,0.651057401812689,0.651057401812689,0,0.622687636997194,0.0348791597019886,0.0367936685003905,3.18121597847626,0.0818382101319115,0.0818382101319115
"Leaf187","Leaf68",0.398449612403101,0.480262373285629,0.621943947525343,0.182779456193353,0.651057401812689,0.11631419939577,0.162105263157895,0.0145794291622943,0.0821407533746099,0.0336775779070638,0.0896692676664665,4.21582487697195,0.0209221860345553,0.094306475626779
"Leaf187","Leaf69",0.398449612403101,0.480262373285629,0.560882528324389,0.0151057401812689,0.651057401812689,0.0105740181268882,0.0161290322580645,0.0127167632874913,0.142764256629754,0.0298170597328894,0.33166247903554,2.52823735804351,0.0993454088727043,0.384382985350473
"Leaf187","Leaf70",0.398449612403101,0.480262373285629,0.374955277280859,0.00906344410876133,0.651057401812689,0.00604229607250755,0.0092378752886836,0.00313198389059857,0.034264593974096,0.02743695433939,0.4,2.31750130526969,0.025708441344898,0.33400282831949
"Leaf187","Leaf75",0.398449612403101,0.480262373285629,0.593440667859273,0.00604229607250755,0.651057401812689,0.00302114803625378,0.0046189376443418,0.0247099817035919,0.62671871192371,0.00653444172290634,NA,2.31484723648538,0.0797533462531733,0.140660397355221
"Leaf187","Leaf76",0.398449612403101,0.480262373285629,0.441860465116279,0.0936555891238671,0.651057401812689,0.0604229607250755,0.0883002207505519,0.00397648428999442,0.0374751111665464,0.000903721944677769,0.234430302727079,3.54125954004731,0.026270180802125,0.0471130387843704
"Leaf187","Leaf78",0.398449612403101,0.480262373285629,0.609183064997018,0.0256797583081571,0.651057401812689,0.0181268882175227,0.0275229357798165,0.0186739512625486,0.204661971085658,0.0125954937335804,0.532874364870337,2.68697736578499,0.0346198323943258,0.0357094155594427
"Leaf187","Leaf83",0.398449612403101,0.480262373285629,0.571258199165176,0.0241691842900302,0.651057401812689,0.0181268882175227,0.0275862068965517,0.0326693435005348,0.409737960015726,0.00292158329460592,0.116467133996829,2.73420475298454,0.0442038572607109,0.11047792408327
"Leaf187","Leaf85",0.398449612403101,0.480262373285629,0.292665474060823,0.0422960725075529,0.651057401812689,0.0287009063444109,0.0431818181818182,0.0121311481482278,0.101813562794765,0.0124427508630736,0.132674938463101,2.6584648765854,0.0395539857908006,0.141621729879945
"Leaf187","Leaf86",0.398449612403101,0.480262373285629,0.0406678592725104,0.0498489425981873,0.651057401812689,0.0287009063444109,0.0426966292134831,0.0361858671646394,0.343771539102824,0.001924916114097,0.160754262909813,2.77375576288639,0.0140000636084236,0.0172196573760019
"Leaf187","Leaf87",0.398449612403101,0.480262373285629,0.174120453190221,0.138972809667674,0.651057401812689,0.0936555891238671,0.134490238611714,0.0192647451747994,0.111078514127471,0.0340174712597757,0.0562416303990304,3.97652881842791,0.068292404010283,0.0777053968228014
"Leaf187","Leaf88",0.398449612403101,0.961717352415027,0.419439475253429,0.651057401812689,1,0.651057401812689,0.651057401812689,0,0.622687636997194,0.0490766377710336,0.0354683108306735,3.12993253590694,0.111991801567706,0.111991801567706
"Leaf187","Leaf90",0.398449612403101,0.480262373285629,0.19773404889684,0.167673716012085,0.651057401812689,0.104229607250755,0.145877378435518,0.0277188115323657,0.156812773131873,0.00224704968097795,0.0398927531942176,4.32992496186125,0.00358224081341095,0.0117027400275302
"Leaf187","Leaf91",0.398449612403101,0.480262373285629,0.51902206320811,0.0422960725075529,0.651057401812689,0.0317220543806647,0.047945205479452,0.0436245602036265,0.449649692881178,0.0540133413705164,0.121164849125362,2.66939810591804,0.141027637702645,0.224924301314062
"Leaf187","Leaf99",0.398449612403101,0.480262373285629,0.58211091234347,0.193353474320242,0.651057401812689,0.132930513595166,0.186836518046709,0.037433208504524,0.197401274859687,0.0277360813487966,0.0515297944003601,2.75714009280554,0.0450444663868275,0.0944336203567631
"Leaf189","Leaf220",0.398449612403101,0.480262373285629,0.91711389385808,0.00453172205438067,1,0.00453172205438067,0.00453172205438067,0,5.238719003662,0.042987961333508,0.5,0.799641385856853,0.652291822098535,0.652291822098535
"Leaf189","Leaf299",0.398449612403101,0.480262373285629,0.95134168157424,0.00453172205438067,1,0.00453172205438067,0.00453172205438067,0,5.238719003662,0.0855049670717508,0.5,0.600794134477939,1.48421688271294,1.48421688271294
"Leaf189","Leaf33",0.398449612403101,0.480262373285629,0.469051878354204,0.00453172205438067,0.998489425981873,0.00453172205438067,0.00453857791225416,0.00262432241771674,4.13858926401986,0.0262761760669554,0.5,0.821702034835274,0.350490779984021,0.350490779984021
"Leaf189","Leaf359",0.398449612403101,0.480262373285629,0.660584376863447,0.00453172205438067,0.194864048338369,0,0,0.0331932036677105,0.535771072140868,0.0330095057683254,NA,0.435940232234492,0.103282582603601,0.62459046546006
"Leaf189","Leaf371",0.398449612403101,0.480262373285629,0.722361359570662,0.00453172205438067,1,0.00453172205438067,0.00453172205438067,0,5.238719003662,0.0724050881158044,0.5,0.512634116254225,1.01463233481903,1.01463233481903
"Leaf189","Leaf405",0.398449612403101,0.480262373285629,0.635897435897436,0.00453172205438067,1,0.00453172205438067,0.00453172205438067,0,5.238719003662,0.0702572113741618,0.5,0.695031331764073,0.994015158214097,0.994015158214097
"Leaf189","Leaf41",0.398449612403101,0.480262373285629,0.73953488372093,0.00453172205438067,0.963746223564955,0.00453172205438067,0.00470219435736677,0.0130861893966054,1.30982882402351,0.00715732623111511,0.866025403784439,0.678613128524348,0.0171587499658772,0.0943749282267031
"Leaf189","Leaf427",0.398449612403101,0.480262373285629,0.0172927847346452,0.00453172205438067,1,0.00453172205438067,0.00453172205438067,0,5.238719003662,0.0380031461808314,1,1.15200893149772,0.630466204322851,0.630466204322851
"Leaf189","Leaf61",0.398449612403101,0.480262373285629,0.75169946332737,0.00453172205438067,0.998489425981873,0.00453172205438067,0.00453857791225416,0.00262432241771675,4.13858926401986,0.0454989048846716,0.5,0.82603260836874,0.675966494104407,0.675966494104407
"Leaf189","Leaf67",0.398449612403101,0.480262373285629,0.934883720930232,0.00453172205438067,1,0.00453172205438067,0.00453172205438067,0,5.238719003662,0.0362066192498663,1,0.969420882926242,0.592573453577995,0.592573453577995
"Leaf189","Leaf88",0.398449612403101,0.480262373285629,0.0592725104353011,0.00453172205438067,1,0.00453172205438067,0.00453172205438067,0,5.238719003662,0.0283901333866887,0.5,1.0260142370575,0.49629552222669,0.49629552222669
"Leaf2","Leaf220",0.398449612403101,0.480262373285629,0.927608825283244,0.00755287009063444,1,0.00755287009063444,0.00755287009063444,0,4.78369667181349,0.0751740949495296,0.102597835208515,0.927137335427144,0.842009289914407,0.842009289914407
"Leaf2","Leaf299",0.398449612403101,0.480262373285629,0.950029815146094,0.00755287009063444,1,0.00755287009063444,0.00755287009063444,0,4.78369667181349,0.0209122185180476,0.615587011251092,0.667899950247807,0.210464561461079,0.210464561461079
"Leaf2","Leaf33",0.398449612403101,0.480262373285629,0.62206320810972,0.00755287009063444,0.998489425981873,0.00755287009063444,0.0075642965204236,0.00339313850586377,3.68356231283632,0.0215308898394931,0.0512989176042577,0.888954941636809,0.279667652358883,0.279667652358883
"Leaf2","Leaf359",0.398449612403101,0.480262373285629,0.599045915324985,0.00755287009063444,0.194864048338369,0.00151057401812689,0.0075187969924812,0.00113115670658586,0.317391972038077,0.00197190644927721,NA,0.517326986558727,0.0756914864436187,0.107759003377599
"Leaf2","Leaf371",0.398449612403101,0.480262373285629,0.913059033989267,0.00755287009063444,1,0.00755287009063444,0.00755287009063444,0,4.78369667181349,0.0105577588789014,0.102597835208515,0.602195814408451,0.311255107215996,0.311255107215996
"Leaf2","Leaf405",0.398449612403101,0.480262373285629,0.77185450208706,0.00755287009063444,1,0.00755287009063444,0.00755287009063444,0,4.78369667181349,0.0209287843545267,0.410391340834062,0.781461745017943,0.141635542946366,0.141635542946366
"Leaf2","Leaf41",0.398449612403101,0.480262373285629,0.833035181872391,0.00755287009063444,0.963746223564955,0.00755287009063444,0.00783699059561128,0.0169198924784859,0.854691609412142,0.00650310065266162,0.573539334676404,0.750701103376905,0.0750245703895175,0.10963982859552
"Leaf2","Leaf427",0.398449612403101,0.480262373285629,0.965891472868217,0.00755287009063444,1,0.00755287009063444,0.00755287009063444,0,4.78369667181349,0.0299466198219027,0.153896752812773,1.26830889890211,0.517269248360367,0.517269248360367
"Leaf2","Leaf61",0.398449612403101,0.480262373285629,0.964937388193202,0.00755287009063444,0.998489425981873,0.00755287009063444,0.0075642965204236,0.00339313850586386,3.68356231283632,0.0886347442794777,0.153896752812773,0.973612575144381,1.11945793336916,1.11945793336916
"Leaf2","Leaf67",0.398449612403101,0.480262373285629,0.891472868217054,0.00755287009063444,1,0.00755287009063444,0.00755287009063444,0,4.78369667181349,0.0636102364069544,0.615587011251092,1.06707754888662,0.56823018225837,0.56823018225837
"Leaf2","Leaf88",0.398449612403101,0.480262373285629,0.865712581991652,0.00755287009063444,1,0.00755287009063444,0.00755287009063444,0,4.78369667181349,0.028597826622846,0.564288093646835,1.10175526624949,0.443445965800806,0.443445965800806
"Leaf201","Leaf220",0.398449612403101,0.480262373285629,0.00667859272510435,0.0196374622356495,1,0.0196374622356495,0.0196374622356495,0,3.87351315066627,0.0289767661660254,0.450791748120667,1.08501996877967,0.126580279026508,0.126580279026508
"Leaf201","Leaf299",0.398449612403101,0.480262373285629,0.562432915921288,0.0196374622356495,1,0.0196374622356495,0.0196374622356495,0,3.87351315066627,0.0250085270910491,0.346762883169744,0.914109794033454,0.166696329381418,0.166696329381418
"Leaf201","Leaf33",0.398449612403101,0.972570065593321,0.987358378056052,0.0196374622356495,0.998489425981873,0.0181268882175227,0.0181268882175227,0.274821017048582,5.04908648047051,0.0621188927144012,0.511329312518005,1.38839965895761,0.571766309690018,0.571766309690018
"Leaf201","Leaf359",0.398449612403101,0.480262373285629,0.441144901610018,0.0196374622356495,0.194864048338369,0.00302114803625378,0.0142857142857143,0.0146562282929711,0.115547684254564,0.00890220875735786,NA,0.754769369183326,0.0111521651392201,0.115870255165699
"Leaf201","Leaf371",0.398449612403101,0.480262373285629,0.030530709600477,0.0196374622356495,1,0.0196374622356495,0.0196374622356495,0,3.87351315066627,0.00262743703532668,0.101139174257842,0.805363333839785,0.136759408419154,0.136759408419154
"Leaf201","Leaf405",0.398449612403101,0.480262373285629,0.984615384615385,0.0196374622356495,1,0.0196374622356495,0.0196374622356495,0,3.87351315066627,0.0368327806942212,0.317865976238932,1.18685715703998,0.341388013959887,0.341388013959887
"Leaf201","Leaf41",0.398449612403101,0.480262373285629,0.848062015503876,0.0196374622356495,0.963746223564955,0.0196374622356495,0.0203761755485893,0.0274501428750663,0.0559586536480446,0.0252288122723902,0.115256396868299,0.990664664924734,0.0745647427528211,0.150612734723195
"Leaf201","Leaf427",0.398449612403101,0.480262373285629,0.105068574836017,0.0196374622356495,1,0.0196374622356495,0.0196374622356495,0,3.87351315066627,0.00371896864748518,0.0491247417823803,1.45090163647743,0.00400866047782556,0.00400866047782556
"Leaf201","Leaf61",0.398449612403101,0.480262373285629,0.367561121049493,0.0196374622356495,0.998489425981873,0.0196374622356495,0.0196671709531014,0.00550488940158956,2.77336002964401,0.0425931043382174,0.397879383799519,1.11824087059473,0.195814350136719,0.195814350136719
"Leaf201","Leaf67",0.398449612403101,0.480262373285629,0.115444245676804,0.0196374622356495,1,0.0196374622356495,0.0196374622356495,0,3.87351315066627,0.00135461705269311,0.274520615842714,1.26242963664126,0.0871691213152911,0.0871691213152911
"Leaf201","Leaf88",0.398449612403101,0.967441860465116,0.500536672629696,0.0196374622356495,1,0.0196374622356495,0.0196374622356495,0,3.87351315066627,0.0143148787848085,0.303417522773526,1.29489513261824,0.177986164337913,0.177986164337913
"Leaf203","Leaf220",0.398449612403101,0.480262373285629,0.181991651759094,0.0664652567975831,1,0.0664652567975831,0.0664652567975831,0,2.63180800266035,0.021403412207677,0.103835983661147,1.76040957165417,0.0449500661468203,0.0449500661468203
"Leaf203","Leaf33",0.398449612403101,0.989266547406082,0.879666070363745,0.0664652567975831,0.998489425981873,0.0664652567975831,0.0665658093797277,0.010378423081711,1.53157759066183,0.0254806179276867,0.229172765572166,1.67236340510568,0.0369699730730704,0.0369699730730704
"Leaf203","Leaf359",0.398449612403101,0.985450208706023,0.650924269528921,0.0664652567975831,0.194864048338369,0.0105740181268882,0.0421686746987952,0.0240984263417947,0.209965458933655,0.0314795149712432,NA,1.44036354285206,0.0896528825440828,0.209180160617774
"Leaf203","Leaf371",0.398449612403101,0.480262373285629,0.799284436493739,0.0664652567975831,1,0.0664652567975831,0.0664652567975831,0,2.63180800266035,0.0172135899062792,0.0529693077048383,1.47572697106903,0.0228352111100244,0.0228352111100244
"Leaf203","Leaf405",0.398449612403101,0.974478234943351,0.950506857483602,0.0664652567975831,1,0.0664652567975831,0.0664652567975831,0,2.63180800266035,0.0048035435900949,0.137454963440243,1.70691455321677,0.0432467149698868,0.0432467149698868
"Leaf203","Leaf41",0.398449612403101,0.480262373285629,0.829934406678593,0.0664652567975831,0.963746223564955,0.0649546827794562,0.0672926447574335,0.0193089956996023,0.134894862341233,0.0114330594886985,0.0896364767339546,1.61474943435502,0.0616423708856728,0.196811060338735
"Leaf203","Leaf427",0.398449612403101,0.480262373285629,0.67871198568873,0.0664652567975831,1,0.0664652567975831,0.0664652567975831,0,2.63180800266035,0.0194636358030076,0.0550794799979402,2.11532962114109,0.0235717176012467,0.0235717176012467
"Leaf203","Leaf61",0.398449612403101,0.480262373285629,0.923911747167561,0.0664652567975831,0.998489425981873,0.0664652567975831,0.0665658093797277,0.010378423081711,1.53157759066183,0.0438463440143869,0.0226263103859108,1.81102062688061,0.148615519638828,0.148615519638828
"Leaf203","Leaf67",0.398449612403101,0.480262373285629,0.913178294573643,0.0664652567975831,1,0.0664652567975831,0.0664652567975831,0,2.63180800266035,0.00903802534650842,0.0399415103753715,1.94766609707458,0.017518174189949,0.017518174189949
"Leaf203","Leaf88",0.398449612403101,0.976624925462135,0.960882528324389,0.0664652567975831,1,0.0664652567975831,0.0664652567975831,0,2.63180800266035,0.0247340806070715,0.210160994045412,1.85849931800362,0.145525521780062,0.145525521780062
"Leaf208","Leaf220",0.398449612403101,0.480262373285629,0.468336314847943,0.0151057401812689,1,0.0151057401812689,0.0151057401812689,0,4.12943588203337,0.0412657132825777,0.0778498944161523,0.913086057607371,0.461679377262918,0.461679377262918
"Leaf208","Leaf299",0.398449612403101,0.480262373285629,0.0550983899821109,0.0151057401812689,1,0.0151057401812689,0.0151057401812689,0,4.12943588203337,0.0298401890809601,0.116774841624228,0.734492310097122,0.228105160741116,0.228105160741116
"Leaf208","Leaf33",0.398449612403101,0.480262373285629,0.833273703041145,0.0151057401812689,0.998489425981873,0.0151057401812689,0.0151285930408472,0.00481698697938686,3.02928985073331,0.00956373004660046,0.402224454483454,0.975374538143685,0.0313325232387212,0.0313325232387212
"Leaf208","Leaf359",0.398449612403101,0.480262373285629,0.400596302921884,0.0151057401812689,0.194864048338369,0.00151057401812689,0.0072463768115942,0.0296604261287681,0.439310166997253,0.0311673317325114,NA,0.557531401896312,0.0355925680019093,0.336593563539826
"Leaf208","Leaf371",0.398449612403101,0.480262373285629,0.510673822301729,0.0151057401812689,1,0.0151057401812689,0.0151057401812689,0,4.12943588203337,0.0159685527734424,0.12974982402692,0.650867798174748,0.266062926279081,0.266062926279081
"Leaf208","Leaf405",0.398449612403101,0.480262373285629,0.729874776386404,0.0151057401812689,1,0.0151057401812689,0.0151057401812689,0,4.12943588203337,0.0117994790494922,0.0454124384094222,0.837021149149251,0.0380589387729207,0.0380589387729207
"Leaf208","Leaf41",0.398449612403101,0.480262373285629,0.909361955873584,0.0151057401812689,0.963746223564955,0.0151057401812689,0.0156739811912226,0.0240199159629481,0.200140472756198,0.00523893535289204,0.118585412256314,0.791964017611687,0.0849177353935778,0.13925412731316
"Leaf208","Leaf427",0.398449612403101,0.480262373285629,0.872510435301133,0.0151057401812689,1,0.0151057401812689,0.0151057401812689,0,4.12943588203337,0.00986928893359407,0.116774841624228,1.28939510805269,0.0939568914038846,0.0939568914038846
"Leaf208","Leaf61",0.398449612403101,0.480262373285629,0.794275491949911,0.0151057401812689,0.998489425981873,0.0151057401812689,0.0151285930408472,0.00481698697938694,3.02928985073331,0.0229754889952627,0.181649753637689,0.983279698429877,0.0926658292003136,0.0926658292003136
"Leaf208","Leaf67",0.398449612403101,0.480262373285629,0.975790101371497,0.0151057401812689,1,0.0151057401812689,0.0151057401812689,0,4.12943588203337,0.0415151127166267,0.272474630456533,1.18252477605419,0.327380092056743,0.327380092056743
"Leaf208","Leaf88",0.398449612403101,0.480262373285629,0.0888491353607633,0.0151057401812689,1,0.0151057401812689,0.0151057401812689,0,4.12943588203337,0.00876949879406401,0.0648749120134602,1.15546911818077,0.208375282602697,0.208375282602697
"Leaf21","Leaf220",0.985450208706023,0.480262373285629,0.938461538461539,0.0181268882175227,1,0.0181268882175227,0.0181268882175227,0,3.9520126536443,0.102025853391321,0.428889832351286,0.977235893075372,0.846722737974522,0.846722737974522
"Leaf21","Leaf299",0.398449612403101,0.480262373285629,0.706141920095408,0.0181268882175227,1,0.0181268882175227,0.0181268882175227,0,3.9520126536443,0.0257841498931296,0.187151926844198,0.844909362143408,0.18070501607141,0.18070501607141
"Leaf21","Leaf33",0.398449612403101,0.960644007155635,0.849373881932021,0.0181268882175227,0.998489425981873,0.0181268882175227,0.0181543116490166,0.00528485668956643,2.85186190313429,0.0474431781619091,0.405495841495762,1.09837092018904,0.269774757611316,0.269774757611316
"Leaf21","Leaf359",0.398449612403101,0.480262373285629,0.806201550387597,0.0181268882175227,0.194864048338369,0.00755287009063444,0.0367647058823529,0.0760851923814391,1.13179068736543,0.0806136582849137,0.186338998124982,0.666026222563072,0.080678414585786,0.47357494517934
"Leaf21","Leaf371",0.998330351818724,0.965295169946333,0.918783542039356,0.0181268882175227,1,0.0181268882175227,0.0181268882175227,0,3.9520126536443,0.131489861441122,0.265131896362613,0.707343948356627,1.00078859743649,1.00078859743649
"Leaf21","Leaf405",0.398449612403101,0.480262373285629,0.600238521168754,0.0181268882175227,1,0.0181268882175227,0.0181268882175227,0,3.9520126536443,0.0668959976342876,0.054585978662891,0.908168906707898,0.49620317042186,0.49620317042186
"Leaf21","Leaf41",0.398449612403101,0.480262373285629,0.391532498509243,0.0181268882175227,0.963746223564955,0.0181268882175227,0.0188087774294671,0.0263529492819537,0.0225998319172409,0.12092952028183,0.086079471675703,0.869229400116377,0.140314051521483,0.87120875644627
"Leaf21","Leaf427",0.974120453190221,0.480262373285629,0.078592725104353,0.0181268882175227,1,0.0181268882175227,0.0181268882175227,0,3.9520126536443,0.125131708554802,0.187151926844198,1.33741682770838,1.01346521369328,1.01346521369328
"Leaf21","Leaf61",0.958735837805605,0.480262373285629,0.16768038163387,0.0181268882175227,0.998489425981873,0.0181268882175227,0.0181543116490166,0.00528485668956631,2.85186190313429,0.0895388301943989,0.0234349970059352,1.03477170264132,0.602558154510882,0.602558154510882
"Leaf21","Leaf67",0.398449612403101,0.480262373285629,0.36994633273703,0.0181268882175227,1,0.0181268882175227,0.0181268882175227,0,3.9520126536443,0.0706499630211095,0.0467879817110494,1.19740651111159,0.587876740933354,0.587876740933354
"Leaf21","Leaf88",0.908646392367323,0.480262373285629,0.769350029815146,0.0181268882175227,1,0.0181268882175227,0.0181268882175227,0,3.9520126536443,0.0841449867040919,0.280727890266296,1.23857773298779,0.74153802099631,0.74153802099631
"Leaf216","Leaf220",0.398449612403101,0.480262373285629,0.7855694692904,0.00453172205438067,1,0.00453172205438067,0.00453172205438067,0,5.238719003662,0.0223116569848432,0.5,0.807545935484768,0.109679037238907,0.109679037238907
"Leaf216","Leaf299",0.398449612403101,0.480262373285629,0.953488372093023,0.00453172205438067,1,0.00453172205438067,0.00453172205438067,0,5.238719003662,0.0300263914851781,0.5,0.62382781636102,0.391379499516312,0.391379499516312
"Leaf216","Leaf33",0.398449612403101,0.480262373285629,0.911508646392367,0.00453172205438067,0.998489425981873,0.00453172205438067,0.00453857791225416,0.00262432241771675,4.13858926401986,0.0934207347157191,1,0.844823683568371,1.56359285834729,1.56359285834729
"Leaf216","Leaf359",0.398449612403101,0.480262373285629,0.319499105545617,0.00453172205438067,0.194864048338369,0.00151057401812689,0.00763358778625954,0.0235869018310606,0.908948669680738,0.0195440950684802,NA,0.42808342174698,0.0386204987067862,0.135153664899732
"Leaf216","Leaf371",0.398449612403101,0.480262373285629,0.942039355992844,0.00453172205438067,1,0.00453172205438067,0.00453172205438067,0,5.238719003662,0.0237057620216266,0.5,0.523504167215098,0.139364993399721,0.139364993399721
"Leaf216","Leaf405",0.398449612403101,0.480262373285629,0.813118664281455,0.00453172205438067,1,0.00453172205438067,0.00453172205438067,0,5.238719003662,0.0605435856438809,1,0.713558178517652,0.668331026212079,0.668331026212079
"Leaf216","Leaf41",0.398449612403101,0.480262373285629,0.968515205724508,0.00453172205438067,0.963746223564955,0.00453172205438067,0.00470219435736677,0.0130861893966054,1.30982882402351,0.0697116939829476,1,0.689614155756348,0.0965042572037967,1.0361108517678
"Leaf216","Leaf427",0.398449612403101,0.480262373285629,0.970900417412045,0.00453172205438067,1,0.00453172205438067,0.00453172205438067,0,5.238719003662,0.0476558422007622,0.5,1.16993734679113,0.584223675457103,0.584223675457103
"Leaf216","Leaf61",0.398449612403101,0.480262373285629,0.90685748360167,0.00453172205438067,0.998489425981873,0.00453172205438067,0.00453857791225416,0.00262432241771676,4.13858926401986,0.0147488772204983,0.5,0.839530041524965,0.187378040181277,0.187378040181277
"Leaf216","Leaf67",0.398449612403101,0.480262373285629,0.886821705426357,0.00453172205438067,1,0.00453172205438067,0.00453172205438067,0,5.238719003662,0.0420019182994153,0.5,0.980733462584467,0.374417332050469,0.374417332050469
"Leaf216","Leaf88",0.398449612403101,0.480262373285629,0.748479427549195,0.00453172205438067,1,0.00453172205438067,0.00453172205438067,0,5.238719003662,0.0215397517269038,1,1.03754615384713,0.128601142932596,0.128601142932596
"Leaf220","Leaf222",0.398449612403101,0.480262373285629,0.926416219439475,0.0226586102719033,1,0.0226586102719033,0.0226586102719033,0,3.73227876964849,0.0594001838634871,0.00553283335172488,0.987192153415979,0.295741594475153,0.295741594475153
"Leaf220","Leaf225",0.398449612403101,0.480262373285629,0.835420393559929,0.054380664652568,1,0.054380664652568,0.054380664652568,0,2.84283651374768,0.0415406085663768,0.086563462456486,1.85355137347235,0.21363109108741,0.21363109108741
"Leaf220","Leaf226",0.398449612403101,0.480262373285629,0.37567084078712,0.0151057401812689,1,0.0151057401812689,0.0151057401812689,0,4.12943588203337,0.0408315578851959,0.0477952119399243,0.933652523813051,0.297636530891136,0.297636530891136
"Leaf220","Leaf231",0.398449612403101,0.480262373285629,0.957543231961837,0.00755287009063444,1,0.00755287009063444,0.00755287009063444,0,4.78369667181349,0.0526488041703084,0.4,1.01849078413585,0.733389105214561,0.733389105214561
"Leaf220","Leaf233",0.398449612403101,0.998926654740608,0.129159212880143,0.0981873111782477,1,0.0981873111782477,0.0981873111782477,0,2.21070414116446,0.0778107318611719,0.0655512392137533,1.88652486108101,0.240836949708336,0.240836949708336
"Leaf220","Leaf234",0.398449612403101,0.480262373285629,0.724031007751938,0.00604229607250755,1,0.00604229607250755,0.00604229607250755,0,4.98588712440706,0.00900448355010328,0.4,0.843582712533873,0.190779135249966,0.190779135249966
"Leaf220","Leaf242",0.398449612403101,0.480262373285629,0.939773404889684,0.104229607250755,1,0.104229607250755,0.104229607250755,0,2.14471046147898,0.0433042762434276,0.0858411184402819,1.66225007196056,0.179832711955463,0.179832711955463
"Leaf220","Leaf254",0.398449612403101,0.480262373285629,0.665712581991652,0.0377643504531722,1,0.0377643504531722,0.0377643504531722,0,3.2188758248682,0.0172836444663325,0.30406156437447,1.50180879110296,0.0176873023044826,0.0176873023044826
"Leaf220","Leaf257",0.398449612403101,0.480262373285629,0.705664877757901,0.0181268882175227,1,0.0181268882175227,0.0181268882175227,0,3.9520126536443,0.0449023764477601,0.19781352966025,1.07259450894615,0.372717356466265,0.372717356466265
"Leaf220","Leaf26",0.398449612403101,0.480262373285629,0.122480620155039,0.0166163141993958,1,0.0166163141993958,0.0166163141993958,0,4.0369303611957,0.0700747358909923,0.594817916515932,1.02662072578004,0.37716486173582,0.37716486173582
"Leaf220","Leaf261",0.398449612403101,0.480262373285629,0.694812164579607,0.00755287009063444,1,0.00755287009063444,0.00755287009063444,0,4.78369667181349,0.0752968371723115,0.974679434480896,0.880969625028162,0.740279886021311,0.740279886021311
"Leaf220","Leaf262",0.398449612403101,0.480262373285629,0.975313059033989,0.0755287009063444,1,0.0755287009063444,0.0755287009063444,0,2.49557560613757,0.00143099297269718,0.000510025213847195,1.57713975055334,0.0676621200722916,0.0676621200722916
"Leaf220","Leaf263",0.398449612403101,0.480262373285629,0.326058437686345,0.0287009063444109,1,0.0287009063444109,0.0287009063444109,0,3.49650756146648,0.0290601820537394,0.258071798040827,1.03738697336943,0.191878356819273,0.191878356819273
"Leaf220","Leaf264",0.398449612403101,0.480262373285629,0.674776386404293,0.0105740181268882,1,0.0105740181268882,0.0105740181268882,0,4.47049528266149,0.0206643888616306,0.285714285714286,0.91901061464184,0.33426473613865,0.33426473613865
"Leaf220","Leaf265",0.398449612403101,0.480262373285629,0.986285032796661,0.0256797583081571,1,0.0256797583081571,0.0256797583081571,0,3.60782432935723,0.0305947851803406,0.560640062410287,1.41702545683594,0.292299055092555,0.292299055092555
"Leaf220","Leaf267",0.398449612403101,0.480262373285629,0.877161598091831,0.00604229607250755,1,0.00604229607250755,0.00604229607250755,0,4.98588712440706,0.0327759041219382,1,0.947312760678988,0.363876808423942,0.363876808423942
"Leaf220","Leaf274",0.833512224209899,0.480262373285629,0.976624925462135,0.0196374622356495,1,0.0196374622356495,0.0196374622356495,0,3.87351315066627,0.0570917504955881,0.469113763360978,1.2015107389363,0.430033050969097,0.430033050969097
"Leaf220","Leaf28",0.398449612403101,0.480262373285629,0.657722122838402,0.0181268882175227,1,0.0181268882175227,0.0181268882175227,0,3.9520126536443,0.0104127626608095,0.492667658776472,0.935050182850315,0.132024636759527,0.132024636759527
"Leaf220","Leaf280",0.398449612403101,0.480262373285629,0.913655336911151,0.0211480362537764,1,0.0211480362537764,0.0211480362537764,0,3.80051335432997,0.0604124209162181,0.0728474676839187,1.09804768297174,0.350805507611553,0.350805507611553
"Leaf220","Leaf288",0.398449612403101,0.480262373285629,0.719499105545617,0.0105740181268882,1,0.0105740181268882,0.0105740181268882,0,4.47049528266149,0.0751855218084563,0,0.999540925103743,0.75228280296918,0.75228280296918
"Leaf220","Leaf289",0.398449612403101,0.480262373285629,0.372927847346452,0.720543806646526,1,0.720543806646526,0.720543806646526,0,0.945509277873295,0.0827281304613028,0.0523946514516617,1.91099870725404,0.0891538185624288,0.0891538185624288
"Leaf220","Leaf299",0.398449612403101,0.480262373285629,0.990697674418605,1,1,1,1,0,7.18916773842032,0.250538634249066,0.250538634249066,1.09663940480573,NA,NA
"Leaf220","Leaf3",0.398449612403101,0.480262373285629,0.921168753726893,0.0151057401812689,1,0.0151057401812689,0.0151057401812689,0,4.12943588203337,0.0362514231822916,0.288572870270439,0.99383064807809,0.144513065682675,0.144513065682675
"Leaf220","Leaf30",0.398449612403101,0.480262373285629,0.147048300536673,0.00906344410876133,1,0.00906344410876133,0.00906344410876133,0,4.61512051684126,0.0636129501237369,0.698253251826754,0.893082027275295,0.506053235569631,0.506053235569631
"Leaf220","Leaf304",0.398449612403101,0.480262373285629,0.830888491353608,0.00755287009063444,1,0.00755287009063444,0.00755287009063444,0,4.78369667181349,0.00749954981197514,0.205195670417031,0.929746774923897,0.433398502899859,0.433398502899859
"Leaf220","Leaf306",0.398449612403101,0.480262373285629,0.959093619558736,0.114803625377644,1,0.114803625377644,0.114803625377644,0,2.03688192726104,0.134099716705413,0.0431899225384759,1.52485189310262,0.305842442616065,0.305842442616065
"Leaf220","Leaf311",0.398449612403101,0.480262373285629,0.942993440667859,0.0694864048338369,1,0.0694864048338369,0.0694864048338369,0,2.58460601001109,0.0191785403365806,0.134903187551346,1.48522077045031,0.000190933151769696,0.000190933151769696
"Leaf220","Leaf313",0.398449612403101,0.970065593321407,0.995110316040549,0.998489425981873,1,0.998489425981873,0.998489425981873,0,6.08904487544685,0.32084974979569,0.318825161767129,1.03367891625255,NA,NA
"Leaf220","Leaf314",0.398449612403101,0.480262373285629,0.217054263565891,0.0362537764350453,1,0.0362537764350453,0.0362537764350453,0,3.26044855792191,0.0262223310003048,0.0749812101137084,1.39418366248897,0.0524821838233766,0.0524821838233766
"Leaf220","Leaf32",0.398449612403101,0.480262373285629,0.78366129994037,0.0513595166163142,1,0.0513595166163142,0.0513595166163142,0,2.90237670399299,0.0582935677062869,0.159297725364651,1.51555852621043,0.350469201593403,0.350469201593403
"Leaf220","Leaf324",0.398449612403101,0.480262373285629,0.326177698270722,0.0105740181268882,1,0.0105740181268882,0.0105740181268882,0,4.47049528266149,0.00814409873913399,0.256135882027708,1.02521802526076,0.101555599270911,0.101555599270911
"Leaf220","Leaf326",0.398449612403101,0.480262373285629,0.783064997018485,0.00755287009063444,1,0.00755287009063444,0.00755287009063444,0,4.78369667181349,0.0686430364403477,0.718184846459608,0.978042111998407,0.533290226516537,0.533290226516537
"Leaf220","Leaf33",0.398449612403101,0.97185450208706,0.993202146690519,0.998489425981873,1,0.998489425981873,0.998489425981873,0,6.08904487544685,0.29417818716472,0.295558416410339,1.19076555088344,NA,NA
"Leaf220","Leaf334",0.398449612403101,0.480262373285629,0.250685748360167,0.0211480362537764,1,0.0211480362537764,0.0211480362537764,0,3.80051335432997,0.0188433152512716,0.228074662235888,0.920758780980096,0.222091004079453,0.222091004079453
"Leaf220","Leaf335",0.398449612403101,0.966964818127609,0.941800834824091,0.0845921450151057,1,0.0845921450151057,0.0845921450151057,0,2.37346409023171,0.0662224538934133,0.271347014567472,1.56623554782663,0.185083538006253,0.185083538006253
"Leaf220","Leaf336",0.398449612403101,0.480262373285629,0.427549194991055,0.0241691842900302,1,0.0241691842900302,0.0241691842900302,0,3.66821281730538,0.0395231166841881,0.231102368006626,0.91183157352646,0.240818897250219,0.240818897250219
"Leaf220","Leaf337",0.911627906976744,0.480262373285629,0.953726893261777,0.0241691842900302,1,0.0241691842900302,0.0241691842900302,0,3.66821281730538,0.0667009041771526,0.269970453391872,1.17320546323815,0.308459128071932,0.308459128071932
"Leaf220","Leaf339",0.398449612403101,0.480262373285629,0.955396541443053,0.0256797583081571,1,0.0256797583081571,0.0256797583081571,0,3.60782432935723,0.0537268569009508,0.113862850574832,1.23637678279322,0.257842092834686,0.257842092834686
"Leaf220","Leaf34",0.398449612403101,0.480262373285629,0.0208706022659511,0.0241691842900302,1,0.0241691842900302,0.0241691842900302,0,3.66821281730538,0.105748537659199,0.278032573847051,1.06178512036164,0.741393458197192,0.741393458197192
"Leaf220","Leaf343",0.398449612403101,0.480262373285629,0.818485390578414,0.00604229607250755,1,0.00604229607250755,0.00604229607250755,0,4.98588712440706,0.0455794731515584,0.2,0.882834414574682,0.417139692945873,0.417139692945873
"Leaf220","Leaf344",0.398449612403101,0.480262373285629,0.419677996422182,0.0151057401812689,1,0.0151057401812689,0.0151057401812689,0,4.12943588203337,0.0339306697344591,0.037283337586741,0.966836859015541,0.369106442102677,0.369106442102677
"Leaf220","Leaf351",0.398449612403101,0.480262373285629,0.906261180679785,0.0256797583081571,1,0.0256797583081571,0.0256797583081571,0,3.60782432935723,0.0595187151337547,0.251271770152832,1.08604877957687,0.0308667291794649,0.0308667291794649
"Leaf220","Leaf354",0.398449612403101,0.480262373285629,0.910435301132976,0.0105740181268882,1,0.0105740181268882,0.0105740181268882,0,4.47049528266149,0.0251739104605823,0.610785564835303,1.04248320111017,0.129831792523274,0.129831792523274
"Leaf220","Leaf357",0.398449612403101,0.480262373285629,0.924985092426953,0.00755287009063444,1,0.00755287009063444,0.00755287009063444,0,4.78369667181349,0.00365882153978007,0.410391340834062,0.883140370235992,0.0683459988297862,0.0683459988297862
"Leaf220","Leaf359",0.398449612403101,0.480262373285629,0.00453190220632081,0.194864048338369,1,0.194864048338369,0.194864048338369,0,1.41577818960222,0.0232711081088141,0.0971486554227321,1.15423768366569,0.0525010901333548,0.0525010901333548
"Leaf220","Leaf361",0.398449612403101,0.480262373285629,0.922480620155039,0.0196374622356495,1,0.0196374622356495,0.0196374622356495,0,3.87351315066627,0.0060896573022821,0.613547579685711,1.17335103512928,0.15545519879996,0.15545519879996
"Leaf220","Leaf363",0.398449612403101,0.480262373285629,0.796064400715564,0.00755287009063444,1,0.00755287009063444,0.00755287009063444,0,4.78369667181349,0.0343525140792416,0.102597835208515,0.846627204671629,0.344788831800862,0.344788831800862
"Leaf220","Leaf369",0.398449612403101,0.480262373285629,0.630172927847347,0.00755287009063444,1,0.00755287009063444,0.00755287009063444,0,4.78369667181349,0.0423562723928916,0.153896752812773,0.926611475986933,0.561455765037594,0.561455765037594
"Leaf220","Leaf371",0.398449612403101,0.990697674418605,0.999880739415623,1,1,1,1,0,7.18916773842032,0.634277573930976,0.634277573930976,0.49600655939473,NA,NA
"Leaf220","Leaf380",0.966129994036971,0.986404293381037,0.968276684555754,0.00906344410876133,1,0.00906344410876133,0.00906344410876133,0,4.61512051684126,0.0918609719628297,0.516100229611079,0.89127885979039,1.01097506795843,1.01097506795843
"Leaf220","Leaf391",0.398449612403101,0.480262373285629,0.947048300536673,0.110271903323263,1,0.110271903323263,0.110271903323263,0,2.08198931375863,0.0262641726188813,0.247019249094111,2.06698372017774,0.0474453772033081,0.0474453772033081
"Leaf220","Leaf394",0.398449612403101,0.480262373285629,0.890757304710793,0.00906344410876133,1,0.00906344410876133,0.00906344410876133,0,4.61512051684126,0.0116206816181131,0.617213399848368,0.802945799192493,0.189262137058694,0.189262137058694
"Leaf220","Leaf396",0.398449612403101,0.480262373285629,0.691353607632677,0.00906344410876133,1,0.00906344410876133,0.00906344410876133,0,4.61512051684126,0.0159362159199817,0.151794185179729,0.881460400768691,0.170785917874207,0.170785917874207
"Leaf220","Leaf405",0.398449612403101,0.480262373285629,0.994156231365534,1,1,1,1,0,7.18916773842032,0.299791758498315,0.299791758498315,1.04710102948547,NA,NA
"Leaf220","Leaf406",0.398449612403101,0.480262373285629,0.825879546809779,0.00302114803625378,1,0.00302114803625378,0.00302114803625378,0,5.57670639208822,0.0380035109217145,NA,0.788766006859801,0.663009108826713,0.663009108826713
"Leaf220","Leaf41",0.398449612403101,0.480262373285629,0.994514013118664,0.963746223564955,1,0.963746223564955,0.963746223564955,0,3.26044855792191,0.333535011017722,0.307178902751951,0.925315630190797,0.966802633977723,0.966802633977723
"Leaf220","Leaf412",0.999284436493739,0.480262373285629,0.259988073941562,0.00604229607250755,1,0.00604229607250755,0.00604229607250755,0,4.98588712440706,0.109152351905466,0.2,0.85517178384845,1.58931964733472,1.58931964733472
"Leaf220","Leaf42",0.398449612403101,0.480262373285629,0.929039952295766,0.0891238670694864,1,0.0891238670694864,0.0891238670694864,0,2.316769727986,0.0807107864050234,0.052764803368634,2.21392671934294,0.238393361870668,0.238393361870668
"Leaf220","Leaf420",0.398449612403101,0.480262373285629,0.945736434108527,0.0226586102719033,1,0.0226586102719033,0.0226586102719033,0,3.73227876964849,0.0297030683176427,0.128518629030439,1.27256881377733,0.243285569551683,0.243285569551683
"Leaf220","Leaf427",0.398449612403101,0.966726296958855,0.998926654740608,1,1,1,1,0,7.18916773842032,0.35037098120443,0.35037098120443,1.09114048316704,NA,NA
"Leaf220","Leaf434",0.398449612403101,0.480262373285629,0.813953488372093,0.0422960725075529,1,0.0422960725075529,0.0422960725075529,0,3.10293319987984,0.0799758947968147,0.0932460879813499,1.23333043270079,0.507420989302225,0.507420989302225
"Leaf220","Leaf443",0.398449612403101,0.480262373285629,0.674657125819917,0.0105740181268882,1,0.0105740181268882,0.0105740181268882,0,4.47049528266149,0.00321112612564184,0.037062465833055,0.983932764861124,0.114678582135563,0.114678582135563
"Leaf220","Leaf446",0.398449612403101,0.480262373285629,0.632558139534884,0.00604229607250755,1,0.00604229607250755,0.00604229607250755,0,4.98588712440706,0.0103740494358349,0.8,0.809049334780824,0.126452450499158,0.126452450499158
"Leaf220","Leaf454",0.398449612403101,0.480262373285629,0.0722719141323793,0.00453172205438067,1,0.00453172205438067,0.00453172205438067,0,5.238719003662,0.0307474384058606,0.5,0.860550270383949,0.499059004434054,0.499059004434054
"Leaf220","Leaf456",0.398449612403101,0.971138938580799,0.957304710793083,0.0196374622356495,1,0.0196374622356495,0.0196374622356495,0,3.87351315066627,0.0398018152901637,0.196798280276549,1.02350719994941,0.421162010049056,0.421162010049056
"Leaf220","Leaf466",0.398449612403101,0.480262373285629,0.9231961836613,0.361027190332326,1,0.361027190332326,0.361027190332326,0,0.570000097241139,0.128473982340392,0.0410489267357083,1.65829018222221,0.269160214113121,0.269160214113121
"Leaf220","Leaf49",0.398449612403101,0.480262373285629,0.392486583184258,0.00604229607250755,1,0.00604229607250755,0.00604229607250755,0,4.98588712440706,0.00817833749550853,0.6,0.885151552375848,0.0342336992498925,0.0342336992498925
"Leaf220","Leaf5",0.398449612403101,0.480262373285629,0.0195587358378056,0.0226586102719033,1,0.0226586102719033,0.0226586102719033,0,3.73227876964849,0.0135914944777738,0.227062520514647,1.13420916804005,0.0813078105231047,0.0813078105231047
"Leaf220","Leaf50",0.398449612403101,0.480262373285629,0.5695885509839,0.0468277945619335,1,0.0468277945619335,0.0468277945619335,0,2.99811039595896,0.0133374367852741,0.115403519661362,1.27898570881658,0.0129414309408186,0.0129414309408186
"Leaf220","Leaf51",0.398449612403101,0.480262373285629,0.773047107930829,0.0196374622356495,1,0.0196374622356495,0.0196374622356495,0,3.87351315066627,0.0239795697681738,0.354589319369612,0.895627873503402,0.0352642594142144,0.0352642594142144
"Leaf220","Leaf53",0.398449612403101,0.480262373285629,0.566726296958855,0.0120845921450151,1,0.0120845921450151,0.0120845921450151,0,4.34380542185368,0.0148640336287192,0.0761019434147761,0.959475398819285,0.21745225576382,0.21745225576382
"Leaf220","Leaf58",0.398449612403101,0.480262373285629,0.967918902802624,0.0166163141993958,1,0.0166163141993958,0.0166163141993958,0,4.0369303611957,0.0403377464247516,0.324204293133828,1.20614065814495,0.136831539597292,0.136831539597292
"Leaf220","Leaf61",0.398449612403101,0.979248658318426,0.999522957662493,0.998489425981873,1,0.998489425981873,0.998489425981873,0,6.08904487544685,0.484147133287376,0.481836160060414,0.787659981721225,NA,NA
"Leaf220","Leaf62",0.398449612403101,0.480262373285629,0.854979129397734,0.125377643504532,1,0.125377643504532,0.125377643504532,0,1.937319030923,0.12935275553573,0.113153465429182,1.09585202471892,0.344927482483951,0.344927482483951
"Leaf220","Leaf64",0.398449612403101,0.480262373285629,0.112343470483005,0.013595166163142,1,0.013595166163142,0.013595166163142,0,4.23105073445778,0.0152056452995373,0.675524487589705,0.973841410492566,0.00377281695110873,0.00377281695110873
"Leaf220","Leaf67",0.398449612403101,0.975909361955874,0.998688133571854,1,1,1,1,0,7.18916773842032,0.456019244115223,0.456019244115223,1.02051225373479,NA,NA
"Leaf220","Leaf68",0.814669051878354,0.480262373285629,0.993440667859273,0.182779456193353,1,0.182779456193353,0.182779456193353,0,1.49442880366044,0.0842470007783571,0.173703452810409,3.35321341685111,0.222651591124027,0.222651591124027
"Leaf220","Leaf69",0.398449612403101,0.480262373285629,0.558497316636852,0.0151057401812689,1,0.0151057401812689,0.0151057401812689,0,4.12943588203337,0.0117971871515316,0.110782341881399,1.01844457612363,0.0775058387811188,0.0775058387811188
"Leaf220","Leaf70",0.398449612403101,0.480262373285629,0.175313059033989,0.00906344410876133,1,0.00906344410876133,0.00906344410876133,0,4.61512051684126,0.027045145695688,0.202919862478357,0.843445990427956,0.338260642067335,0.338260642067335
"Leaf220","Leaf75",0.398449612403101,0.480262373285629,0.715921288014311,0.00604229607250755,1,0.00604229607250755,0.00604229607250755,0,4.98588712440706,0.00929506755960826,0.8,0.817758610795265,0.184567687195764,0.184567687195764
"Leaf220","Leaf76",0.974001192605844,0.480262373285629,0.989862850327967,0.0936555891238671,1,0.0936555891238671,0.0936555891238671,0,2.26259608477768,0.0631595951684015,0.327064559783738,2.4770936571996,0.258440242210242,0.258440242210242
"Leaf220","Leaf78",0.923911747167561,0.480262373285629,0.983064997018485,0.0256797583081571,1,0.0256797583081571,0.0256797583081571,0,3.60782432935723,0.0225109559120422,0.294580011825548,1.36738780635301,0.218446794512691,0.218446794512691
"Leaf220","Leaf82",0.398449612403101,0.480262373285629,0.789147286821705,0.0196374622356495,1,0.0196374622356495,0.0196374622356495,0,3.87351315066627,0.0474800872161358,0.540086660191797,1.01180675213823,0.363806771210603,0.363806771210603
"Leaf220","Leaf83",0.398449612403101,0.480262373285629,0.58175313059034,0.0241691842900302,1,0.0241691842900302,0.0241691842900302,0,3.66821281730538,0.0253328504269582,0.125424015953321,1.22350383354233,0.0516461529336052,0.0516461529336052
"Leaf220","Leaf85",0.398449612403101,0.480262373285629,0.798449612403101,0.0422960725075529,1,0.0422960725075529,0.0422960725075529,0,3.10293319987984,0.00343736783517648,0,1.28063926176039,0.161862823191298,0.161862823191298
"Leaf220","Leaf86",0.398449612403101,0.480262373285629,0.0622540250447227,0.0498489425981873,1,0.0498489425981873,0.0498489425981873,0,2.93338041465338,0.0597375577639466,0.108642485188244,1.27252374337529,0.302381659627698,0.302381659627698
"Leaf220","Leaf87",0.398449612403101,0.480262373285629,0.519976147883125,0.138972809667674,1,0.138972809667674,0.138972809667674,0,1.81930452478375,0.0111099882991967,0.0322157549186602,2.57610235609672,0.0849386036958899,0.0849386036958899
"Leaf220","Leaf88",0.398449612403101,0.480262373285629,0.988073941562314,1,1,1,1,0,7.18916773842032,0.156158842122617,0.156158842122617,1.52373975402207,NA,NA
"Leaf220","Leaf90",0.398449612403101,0.480262373285629,0.970184853905784,0.167673716012085,1,0.167673716012085,0.167673716012085,0,1.59861724779338,0.0927776753683048,0.0920769359196071,2.69330100099858,0.21696821465029,0.21696821465029
"Leaf220","Leaf91",0.398449612403101,0.480262373285629,0.940011926058438,0.0422960725075529,1,0.0422960725075529,0.0422960725075529,0,3.10293319987984,0.018936712090531,0.200471276552378,1.32363175681335,0.0351007718154244,0.0351007718154244
"Leaf220","Leaf99",0.398449612403101,0.480262373285629,0.931663685152057,0.193353474320242,1,0.193353474320242,0.193353474320242,0,1.42540282612983,0.165256797550488,0.123601373096387,1.17873016192292,0.407542802674755,0.407542802674755
"Leaf222","Leaf299",0.398449612403101,0.480262373285629,0.802623732856291,0.0226586102719033,1,0.0226586102719033,0.0226586102719033,0,3.73227876964849,0.0208569431681917,0.228690445204628,0.761100947298141,0.230908961190276,0.230908961190276
"Leaf222","Leaf33",0.398449612403101,0.480262373285629,0.926058437686345,0.0226586102719033,0.998489425981873,0.0226586102719033,0.0226928895612708,0.00592233213092988,2.6321208856186,0.02848668488195,0.00737711113563317,0.988684921872013,0.0991077148486805,0.0991077148486805
"Leaf222","Leaf359",0.398449612403101,0.480262373285629,0.14716756112105,0.0226586102719033,0.194864048338369,0.00755287009063444,0.0359712230215827,0.0532287746506052,0.789604149480777,0.0437065710054523,NA,0.592351399936169,0.0273206578398415,0.148365544120311
"Leaf222","Leaf371",0.398449612403101,0.480262373285629,0.776386404293381,0.0226586102719033,1,0.0226586102719033,0.0226586102719033,0,3.73227876964849,0.0375592891371615,0.0184427778390829,0.687432655517094,0.0785661254553607,0.0785661254553607
"Leaf222","Leaf405",0.398449612403101,0.480262373285629,0.896481812760883,0.0226586102719033,1,0.0226586102719033,0.0226586102719033,0,3.73227876964849,0.0408354412463216,0.0405741112459825,0.850111765086225,0.290102768600952,0.290102768600952
"Leaf222","Leaf41",0.398449612403101,0.480262373285629,0.838282647584973,0.0226586102719033,0.963746223564955,0.0226586102719033,0.0235109717868339,0.0295317219453455,0.197311556915736,0.0242500060497123,0.143963538248633,0.853389835677767,0.113935169966746,0.186193400817784
"Leaf222","Leaf427",0.398449612403101,0.480262373285629,0.858199165175909,0.0226586102719033,1,0.0226586102719033,0.0226586102719033,0,3.73227876964849,0.0506748946940104,0.15123077828048,1.33440420900011,0.210103425666133,0.210103425666133
"Leaf222","Leaf61",0.398449612403101,0.480262373285629,0.937984496124031,0.0226586102719033,0.998489425981873,0.0226586102719033,0.0226928895612708,0.00592233213093007,2.6321208856186,0.044903247318055,0.127483018958949,1.02776780418312,0.2553625799502,0.2553625799502
"Leaf222","Leaf67",0.398449612403101,0.480262373285629,0.93118664281455,0.0226586102719033,1,0.0226586102719033,0.0226586102719033,0,3.73227876964849,0.0600400532618299,0.0848367780597815,1.1608664588403,0.326960681605264,0.326960681605264
"Leaf222","Leaf88",0.398449612403101,0.970184853905784,0.9391771019678,0.0226586102719033,1,0.0226586102719033,0.0226586102719033,0,3.73227876964849,0.0701779554784606,0.350412778942576,1.24339704693944,0.393248914915864,0.393248914915864
"Leaf225","Leaf299",0.398449612403101,0.480262373285629,0.959928443649374,0.054380664652568,1,0.054380664652568,0.054380664652568,0,2.84283651374768,0.0560514502343089,0.344126252962031,1.69323911134729,0.187751133415775,0.187751133415775
"Leaf225","Leaf33",0.398449612403101,0.480262373285629,0.323076923076923,0.054380664652568,0.998489425981873,0.054380664652568,0.0544629349470499,0.00932745911412328,1.74262678065041,0.00415495067498949,0.0622379651266473,1.78442132057445,0.0102369098695379,0.0102369098695379
"Leaf225","Leaf359",0.398449612403101,0.480262373285629,0.641383422778772,0.054380664652568,0.194864048338369,0.00604229607250755,0.0248447204968944,0.0507065030070935,0.591864843729266,0.053248890236196,0.333333333333333,1.47029916390152,0.140359478064876,0.284125554467201
"Leaf225","Leaf371",0.398449612403101,0.480262373285629,0.971973762671437,0.054380664652568,1,0.054380664652568,0.054380664652568,0,2.84283651374768,0.0823250459100296,0.0333754670915176,1.57085037090373,0.335261037001758,0.335261037001758
"Leaf225","Leaf405",0.398449612403101,0.480262373285629,0.583899821109123,0.054380664652568,1,0.054380664652568,0.054380664652568,0,2.84283651374768,0.0157576755756068,0.0825743628041133,1.6864496229279,0.0289024078901402,0.0289024078901402
"Leaf225","Leaf41",0.398449612403101,0.480262373285629,0.5855694692904,0.054380664652568,0.963746223564955,0.0498489425981873,0.0514820592823713,0.0604002143297521,1.07921915752388,0.0225945444663793,0.0573905990226697,1.66478057439881,0.0152772585975337,0.157840621616515
"Leaf225","Leaf427",0.975193798449612,0.960524746571258,0.982945736434108,0.054380664652568,1,0.054380664652568,0.054380664652568,0,2.84283651374768,0.0461249659903841,0.331382536297448,2.36184465409059,0.297130158950858,0.297130158950858
"Leaf225","Leaf61",0.398449612403101,0.480262373285629,0.981872391174717,0.054380664652568,0.998489425981873,0.0528700906344411,0.0528700906344411,0.162194150151139,3.96922836652286,0.0623814845802169,0.323141834250937,1.98647910833367,0.314784162002664,0.314784162002664
"Leaf225","Leaf67",0.398449612403101,0.480262373285629,0.858676207513417,0.054380664652568,1,0.054380664652568,0.054380664652568,0,2.84283651374768,0.0287535195758608,0.139095558975574,2.02034923379775,0.105665695812808,0.105665695812808
"Leaf225","Leaf88",0.398449612403101,0.978652355396541,0.965175909361956,0.054380664652568,1,0.054380664652568,0.054380664652568,0,2.84283651374768,0.0417590862669624,0.410744294205968,1.82310742995956,0.153638025488921,0.153638025488921
"Leaf226","Leaf299",0.398449612403101,0.480262373285629,0.887298747763864,0.0151057401812689,1,0.0151057401812689,0.0151057401812689,0,4.12943588203337,0.0469729666969135,0.167792476580442,0.74503481966338,0.289240739319137,0.289240739319137
"Leaf226","Leaf33",0.398449612403101,0.480262373285629,0.908527131782946,0.0151057401812689,0.998489425981873,0.0151057401812689,0.0151285930408472,0.00481698697938686,3.02928985073331,0.00325618270693987,0.0682788741998919,0.962807509134981,0.0703505133834578,0.0703505133834578
"Leaf226","Leaf359",0.398449612403101,0.480262373285629,0.932021466905188,0.0151057401812689,0.194864048338369,0.00151057401812689,0.0072463768115942,0.0296604261287681,0.439310166997253,0.0311674328194885,NA,0.580652986811725,0.023238845226548,0.336593563539826
"Leaf226","Leaf371",0.398449612403101,0.480262373285629,0.794156231365534,0.0151057401812689,1,0.0151057401812689,0.0151057401812689,0,4.12943588203337,0.0708715974965116,0.0546230993599135,0.62912676540643,0.628320904542815,0.628320904542815
"Leaf226","Leaf405",0.398449612403101,0.480262373285629,0.653070960047704,0.0151057401812689,1,0.0151057401812689,0.0151057401812689,0,4.12943588203337,0.0185259328057549,0.518919443919178,0.809717320538941,0.20920220344649,0.20920220344649
"Leaf226","Leaf41",0.398449612403101,0.480262373285629,0.575551580202743,0.0151057401812689,0.963746223564955,0.0151057401812689,0.0156739811912226,0.0240199159629481,0.200140472756198,0.0609731848239253,0.506475166239268,0.778967040577341,0.135862284879374,0.564351044557681
"Leaf226","Leaf427",0.999880739415623,0.991651759093619,0.166845557543232,0.0151057401812689,1,0.0151057401812689,0.0151057401812689,0,4.12943588203337,0.106944791852913,0.84665804007866,1.21088158812409,0.883169657316557,0.883169657316557
"Leaf226","Leaf61",0.398449612403101,0.480262373285629,0.924150268336315,0.0151057401812689,0.998489425981873,0.0151057401812689,0.0151285930408472,0.00481698697938685,3.02928985073331,0.00431317373944839,0.211664510019665,0.980129850216965,0.100335398736251,0.100335398736251
"Leaf226","Leaf67",0.831127012522361,0.480262373285629,0.0816935002981515,0.0151057401812689,1,0.0151057401812689,0.0151057401812689,0,4.12943588203337,0.0690253392469576,0.67596085457893,1.07654389199811,0.58026952298108,0.58026952298108
"Leaf226","Leaf88",0.919737626714371,0.99010137149672,0.289922480620155,0.0151057401812689,1,0.0151057401812689,0.0151057401812689,0,4.12943588203337,0.0739663915116475,0.232148172279632,1.10405306083769,0.437522520417242,0.437522520417242
"Leaf231","Leaf299",0.398449612403101,0.480262373285629,0.907692307692308,0.00755287009063444,1,0.00755287009063444,0.00755287009063444,0,4.78369667181349,0.00480893091301374,0.1,0.788557289098321,0.121043285947602,0.121043285947602
"Leaf231","Leaf33",0.398449612403101,0.480262373285629,0.606559332140727,0.00755287009063444,0.998489425981873,0.00755287009063444,0.0075642965204236,0.00339313850586382,3.68356231283632,0.0423702628017859,0.5,0.950757600490418,0.531918157560661,0.531918157560661
"Leaf231","Leaf359",0.398449612403101,0.480262373285629,0.0350626118067979,0.00755287009063444,0.194864048338369,0.00151057401812689,0.0075187969924812,0.00113115670658643,0.317391972038077,0.00166304564155793,NA,0.583330724973105,0.0382392918461617,0.107759003377599
"Leaf231","Leaf371",0.398449612403101,0.480262373285629,0.874776386404293,0.00755287009063444,1,0.00755287009063444,0.00755287009063444,0,4.78369667181349,0.0249180316779837,0.3,0.671349010395463,0.0950585033034755,0.0950585033034755
"Leaf231","Leaf405",0.398449612403101,0.480262373285629,0.766010733452594,0.00755287009063444,1,0.00755287009063444,0.00755287009063444,0,4.78369667181349,0.0280487837785312,0.3,0.828525062892047,0.531786853460935,0.531786853460935
"Leaf231","Leaf41",0.398449612403101,0.480262373285629,0.952772808586762,0.00755287009063444,0.963746223564955,0.00755287009063444,0.00783699059561128,0.0169198924784858,0.854691609412142,0.0307250730387898,0.3,0.840866133739748,0.109082527608513,0.312902050354876
"Leaf231","Leaf427",0.398449612403101,0.480262373285629,0.778056052474657,0.00755287009063444,1,0.00755287009063444,0.00755287009063444,0,4.78369667181349,0.0298213808830879,0.8,1.31289949865315,0.468663724906153,0.468663724906153
"Leaf231","Leaf61",0.398449612403101,0.480262373285629,0.980679785330948,0.00755287009063444,0.998489425981873,0.00755287009063444,0.0075642965204236,0.00339313850586381,3.68356231283632,0.0698356637517709,0.6,1.05991785071371,0.791296228028316,0.791296228028316
"Leaf231","Leaf67",0.398449612403101,0.480262373285629,0.935957066189624,0.00755287009063444,1,0.00755287009063444,0.00755287009063444,0,4.78369667181349,0.0134398775198332,0.6,1.14700771049996,0.0607876970194827,0.0607876970194827
"Leaf231","Leaf88",0.986762075134168,0.974597495527728,0.691949910554562,0.00755287009063444,1,0.00755287009063444,0.00755287009063444,0,4.78369667181349,0.0379547633992644,0.9,1.11781236033818,0.375760942772335,0.375760942772335
"Leaf233","Leaf299",0.398449612403101,0.480262373285629,0.918425760286225,0.0981873111782477,1,0.0981873111782477,0.0981873111782477,0,2.21070414116446,0.0169023141292576,0.0694962409457633,1.71273942767902,0.0420226141761964,0.0420226141761964
"Leaf233","Leaf33",0.398449612403101,0.999761478831246,0.954680977936792,0.0981873111782477,0.998489425981873,0.0981873111782477,0.0983358547655068,0.0128341994159778,1.11041681022865,0.117925185984405,0.0580773481331101,1.72028618918803,0.279503027736369,0.279503027736369
"Leaf233","Leaf359",0.398449612403101,0.994275491949911,0.541800834824091,0.0981873111782477,0.194864048338369,0.013595166163142,0.0486486486486487,0.0469858916411997,0.406034432555825,0.0470868416208735,0.190692517849118,1.54576001464752,0.0448940501880569,0.207300326876148
"Leaf233","Leaf371",0.398449612403101,0.480262373285629,0.455336911150865,0.0981873111782477,1,0.0981873111782477,0.0981873111782477,0,2.21070414116446,0.13227943984458,0.0230669242914921,1.53895945539383,0.31619009898429,0.31619009898429
"Leaf233","Leaf405",0.398449612403101,0.994871794871795,0.972093023255814,0.0981873111782477,1,0.0981873111782477,0.0981873111782477,0,2.21070414116446,0.0958719346757169,0.0336883711225291,1.63468835382164,0.266628187928414,0.266628187928414
"Leaf233","Leaf41",0.398449612403101,0.995468097793679,0.956231365533691,0.0981873111782477,0.963746223564955,0.095166163141994,0.0984375,0.00968171287486274,0.00697474492707197,0.128878417553426,0.102110043493663,1.54997961918813,0.156134882914996,0.41864738697989
"Leaf233","Leaf427",0.398449612403101,0.999522957662493,0.96386404293381,0.0981873111782477,1,0.0981873111782477,0.0981873111782477,0,2.21070414116446,0.134896738783551,0.0436793407997779,2.04816787194639,0.410112145221379,0.410112145221379
"Leaf233","Leaf61",0.398449612403101,0.997853309481216,0.909838998211091,0.0981873111782477,0.998489425981873,0.0981873111782477,0.0983358547655068,0.0128341994159776,1.11041681022865,0.0492352592272156,0.108116370071576,1.93519891092991,0.20647190441492,0.20647190441492
"Leaf233","Leaf67",0.398449612403101,0.989385807990459,0.944424567680382,0.0981873111782477,1,0.0981873111782477,0.0981873111782477,0,2.21070414116446,0.117364488126065,0.0637388660578685,1.9188557805773,0.394834114487357,0.394834114487357
"Leaf233","Leaf88",0.398449612403101,0.993440667859273,0.898032200357782,0.0981873111782477,1,0.0981873111782477,0.0981873111782477,0,2.21070414116446,0.0599884891487968,0.150075374573957,2.18059986413874,0.120741730862298,0.120741730862298
"Leaf234","Leaf299",0.398449612403101,0.480262373285629,0.0144305307096005,0.00604229607250755,1,0.00604229607250755,0.00604229607250755,0,4.98588712440706,0.0769023885452677,0.4,0.633758928758653,1.0526236067357,1.0526236067357
"Leaf234","Leaf33",0.398449612403101,0.480262373285629,0.527966607036374,0.00604229607250755,0.998489425981873,0.00604229607250755,0.00605143721633888,0.00303260829893017,3.88575507860754,0.064581242684243,0.2,0.849337576237907,0.874383525535128,0.874383525535128
"Leaf234","Leaf359",0.398449612403101,0.480262373285629,0.0562909958258796,0.00604229607250755,0.194864048338369,0.00151057401812689,0.00757575757575758,0.0108530412495121,0.57059319333156,0.017846579296245,NA,0.454144223932619,0.0769052329870207,0.252011454304723
"Leaf234","Leaf371",0.398449612403101,0.480262373285629,0.889445438282648,0.00604229607250755,1,0.00604229607250755,0.00604229607250755,0,4.98588712440706,0.00299720524931895,0.2,0.561199912819663,0.15757831740334,0.15757831740334
"Leaf234","Leaf405",0.398449612403101,0.480262373285629,0.935837805605247,0.00604229607250755,1,0.00604229607250755,0.00604229607250755,0,4.98588712440706,0.0457857657705493,0.2,0.738412101316874,0.568308701562118,0.568308701562118
"Leaf234","Leaf41",0.398449612403101,0.480262373285629,0.946213476446035,0.00604229607250755,0.963746223564955,0.00604229607250755,0.00626959247648903,0.0151221078239482,1.05693959226754,0.0281718757302702,0.632455532033676,0.723478861215879,0.0994968779410947,0.219538993104074
"Leaf234","Leaf427",0.398449612403101,0.480262373285629,0.904353011329755,0.00604229607250755,1,0.00604229607250755,0.00604229607250755,0,4.98588712440706,0.00859699675534662,1,1.2116520473449,0.0466940306890949,0.0466940306890949
"Leaf234","Leaf61",0.398449612403101,0.480262373285629,0.902564102564103,0.00604229607250755,0.998489425981873,0.00604229607250755,0.00605143721633888,0.0030326082989302,3.88575507860754,0.0195994941845644,1,0.876979347797698,0.241570398066198,0.241570398066198
"Leaf234","Leaf67",0.398449612403101,0.480262373285629,0.974120453190221,0.00604229607250755,1,0.00604229607250755,0.00604229607250755,0,4.98588712440706,0.035716551851969,0.2,1.06003303966504,0.582357063135492,0.582357063135492
"Leaf234","Leaf88",0.398449612403101,0.480262373285629,0.729039952295766,0.00604229607250755,1,0.00604229607250755,0.00604229607250755,0,4.98588712440706,0.0086303888949797,0.4,1.07836872832947,0.217288911757667,0.217288911757667
"Leaf242","Leaf299",0.398449612403101,0.480262373285629,0.327847346451998,0.104229607250755,1,0.104229607250755,0.104229607250755,0,2.14471046147898,0.0272237461643871,0.109192153169763,1.5205150762222,0.110573741585638,0.110573741585638
"Leaf242","Leaf33",0.398449612403101,0.480262373285629,0.914490161001789,0.104229607250755,0.998489425981873,0.104229607250755,0.104387291981846,0.0132677252327983,1.04441183177043,0.0372212313172354,0.0429741394900802,1.68612418412681,0.187428488434938,0.187428488434938
"Leaf242","Leaf359",0.398449612403101,0.480262373285629,0.0407871198568873,0.104229607250755,0.194864048338369,0.0211480362537764,0.0760869565217391,0.00691919726667642,0.0791513096053006,0.00206578321212946,0.273587827582291,1.42561940373993,0.00735312447409167,0.124523427028748
"Leaf242","Leaf371",0.398449612403101,0.480262373285629,0.920095408467501,0.104229607250755,1,0.104229607250755,0.104229607250755,0,2.14471046147898,0.0846129278951925,0.0965703761508771,1.36973075539927,0.271314803499242,0.271314803499242
"Leaf242","Leaf405",0.398449612403101,0.480262373285629,0.808944543828265,0.104229607250755,1,0.104229607250755,0.104229607250755,0,2.14471046147898,0.0723150476062985,0.158810072898031,1.59702939545874,0.255735947184663,0.255735947184663
"Leaf242","Leaf41",0.398449612403101,0.480262373285629,0.527131782945737,0.104229607250755,0.963746223564955,0.102719033232628,0.10641627543036,0.039711704860427,0.631855889007998,0.0482755066968761,0.0748754741007246,1.59080792661251,0.199266000967291,0.265945384752596
"Leaf242","Leaf427",0.398449612403101,0.480262373285629,0.894215861657722,0.104229607250755,1,0.104229607250755,0.104229607250755,0,2.14471046147898,0.0299171885150291,0.152022271245805,2.13448068041368,0.0608031830240361,0.0608031830240361
"Leaf242","Leaf61",0.398449612403101,0.480262373285629,0.348598688133572,0.104229607250755,0.998489425981873,0.104229607250755,0.104387291981846,0.0132677252327984,1.04441183177043,0.028461021769541,0.0614542424459851,1.75154895825721,0.0978640371723865,0.0978640371723865
"Leaf242","Leaf67",0.398449612403101,0.480262373285629,0.928562909958259,0.104229607250755,1,0.104229607250755,0.104229607250755,0,2.14471046147898,0.00276727427041907,0.144176244171388,1.99669572113992,0.0130413373854973,0.0130413373854973
"Leaf242","Leaf88",0.398449612403101,0.480262373285629,0.822182468694097,0.104229607250755,1,0.104229607250755,0.104229607250755,0,2.14471046147898,0.066758625002422,0.116450043369198,1.90090314799813,0.312190457166213,0.312190457166213
"Leaf254","Leaf299",0.398449612403101,0.480262373285629,0.93154442456768,0.0377643504531722,1,0.0377643504531722,0.0377643504531722,0,3.2188758248682,0.0141236924812941,0.137644237581282,1.37524846655394,0.126544266644188,0.126544266644188
"Leaf254","Leaf33",0.398449612403101,0.480262373285629,0.702564102564103,0.0377643504531722,0.998489425981873,0.0377643504531722,0.037821482602118,0.0077054775316504,2.11869367716497,0.00221979408005183,0.108913046061274,1.55398668185476,0.0441141998000991,0.0441141998000991
"Leaf254","Leaf359",0.398449612403101,0.480262373285629,0.468097793679189,0.0377643504531722,0.194864048338369,0.00906344410876133,0.0405405405405405,0.0225747225623584,0.328342110537963,0.0216095057672676,0.414039335605413,1.13611509797837,0.0410909009599726,0.0797571390439756
"Leaf254","Leaf371",0.398449612403101,0.480262373285629,0.809540846750149,0.0377643504531722,1,0.0377643504531722,0.0377643504531722,0,3.2188758248682,0.0710382211344074,0.190524509646407,1.27332342212718,0.234158662141525,0.234158662141525
"Leaf254","Leaf405",0.398449612403101,0.480262373285629,0.945020870602266,0.0377643504531722,1,0.0377643504531722,0.0377643504531722,0,3.2188758248682,0.0612672859185635,0.0699885953803128,1.49701092710076,0.260351929149959,0.260351929149959
"Leaf254","Leaf41",0.398449612403101,0.480262373285629,0.859511031604055,0.0377643504531722,0.963746223564955,0.0362537764350453,0.0375586854460094,0.00397041596766875,0.470600498413459,0.064515948718722,0.186298456273321,1.43850368628601,0.167065354590898,0.303568444889102
"Leaf254","Leaf427",0.398449612403101,0.480262373285629,0.553488372093023,0.0377643504531722,1,0.0377643504531722,0.0377643504531722,0,3.2188758248682,0.0670261335036203,0.32894639828747,1.89821335477033,0.218939616029035,0.218939616029035
"Leaf254","Leaf61",0.398449612403101,0.480262373285629,0.549791293977341,0.0377643504531722,0.998489425981873,0.0377643504531722,0.037821482602118,0.00770547753165062,2.11869367716497,0.0292324474949729,0.283064985760376,1.5561777737011,0.0930313975570983,0.0930313975570983
"Leaf254","Leaf67",0.398449612403101,0.480262373285629,0.188073941562314,0.0377643504531722,1,0.0377643504531722,0.0377643504531722,0,3.2188758248682,0.0175393012183811,0.443346371192401,1.66819386915451,0.191192647094678,0.191192647094678
"Leaf254","Leaf88",0.398449612403101,0.480262373285629,0.0307692307692308,0.0377643504531722,1,0.0377643504531722,0.0377643504531722,0,3.2188758248682,0.00848754913535997,0.0202189275543126,1.74420464186631,0.0752327122180574,0.0752327122180574
"Leaf257","Leaf299",0.398449612403101,0.480262373285629,0.552653548002385,0.0181268882175227,1,0.0181268882175227,0.0181268882175227,0,3.9520126536443,0.0146512358455668,0.134363906939038,0.9264696997916,0.126054332921719,0.126054332921719
"Leaf257","Leaf33",0.398449612403101,0.480262373285629,0.921884317233154,0.0181268882175227,0.998489425981873,0.0181268882175227,0.0181543116490166,0.00528485668956645,2.85186190313429,0.0192597455989441,0.683016526940109,1.16366363981683,0.181833095015306,0.181833095015306
"Leaf257","Leaf359",0.398449612403101,0.480262373285629,0.828741800834824,0.0181268882175227,0.194864048338369,0.00755287009063444,0.0367647058823529,0.0760851923814382,1.13179068736543,0.0707618570934115,0.395284707521047,0.712884336504667,0.151476052942031,0.352210108399754
"Leaf257","Leaf371",0.398449612403101,0.480262373285629,0.782110912343471,0.0181268882175227,1,0.0181268882175227,0.0181268882175227,0,3.9520126536443,0.0297307073745308,0.24260149863993,0.829971006404615,0.263063370410876,0.263063370410876
"Leaf257","Leaf405",0.398449612403101,0.480262373285629,0.386046511627907,0.0181268882175227,1,0.0181268882175227,0.0181268882175227,0,3.9520126536443,0.00587048999257894,0.235136837143316,1.00892974524931,0.103465885645296,0.103465885645296
"Leaf257","Leaf41",0.398449612403101,0.480262373285629,0.961955873583781,0.0181268882175227,0.963746223564955,0.0166163141993958,0.0172143974960876,0.0342222327480925,1.24786132259479,0.00147712977129569,0.167027064334841,1.01474827819828,0.0475666348035509,0.113102441887996
"Leaf257","Leaf427",0.398449612403101,0.480262373285629,0.0581991651759094,0.0181268882175227,1,0.0181268882175227,0.0181268882175227,0,3.9520126536443,0.0254330222367595,0.18661653741533,1.43436051960909,0.314190910276138,0.314190910276138
"Leaf257","Leaf61",0.398449612403101,0.480262373285629,0.30113297555158,0.0181268882175227,0.998489425981873,0.0181268882175227,0.0181543116490166,0.00528485668956641,2.85186190313429,0.0456632788029541,0.085843607211052,1.12471746026328,0.37382557537225,0.37382557537225
"Leaf257","Leaf67",0.398449612403101,0.480262373285629,0.51484794275492,0.0181268882175227,1,0.0181268882175227,0.0181268882175227,0,3.9520126536443,0.0161253214548851,0.272460144626382,1.29629921492857,0.0900389640060345,0.0900389640060345
"Leaf257","Leaf88",0.398449612403101,0.480262373285629,0.870363744782349,0.0181268882175227,1,0.0181268882175227,0.0181268882175227,0,3.9520126536443,0.0216697416919581,0.302318790612835,1.36034043808826,0.142092160192523,0.142092160192523
"Leaf26","Leaf299",0.398449612403101,0.480262373285629,0.885152057245081,0.0166163141993958,1,0.0166163141993958,0.0166163141993958,0,4.0369303611957,0.0302925576470089,0.176368260459597,0.856852940595953,0.173254267676456,0.173254267676456
"Leaf26","Leaf33",0.398449612403101,0.963148479427549,0.894096601073345,0.0166163141993958,0.998489425981873,0.0166163141993958,0.0166414523449319,0.00505597733656439,2.93678197391525,0.0594839989071054,0.0919102202395081,1.06186604431913,0.23526746976474,0.23526746976474
"Leaf26","Leaf359",0.398449612403101,0.480262373285629,0.254025044722719,0.0166163141993958,0.194864048338369,0.00453172205438067,0.0218978102189781,0.0255527568479061,0.536804687148528,0.0201641636796244,NA,0.636586397326744,0.0332937649911449,0.137761083897255
"Leaf26","Leaf371",0.398449612403101,0.480262373285629,0.743709004174121,0.0166163141993958,1,0.0166163141993958,0.0166163141993958,0,4.0369303611957,0.0200167571111365,0.287495326316034,0.740917087074442,0.00210802872197209,0.00210802872197209
"Leaf26","Leaf405",0.398449612403101,0.480262373285629,0.836255217650567,0.0166163141993958,1,0.0166163141993958,0.0166163141993958,0,4.0369303611957,0.0411713780877132,0.302365774228932,0.985559639638308,0.281179853211195,0.281179853211195
"Leaf26","Leaf41",0.398449612403101,0.480262373285629,0.59618366129994,0.0166163141993958,0.963746223564955,0.0151057401812689,0.0156494522691706,0.0380084601288527,1.34042545782488,0.0484655205038205,0.0405488718348518,0.919376051352008,0.00895079561117886,0.341019622027971
"Leaf26","Leaf427",0.398449612403101,0.480262373285629,0.973285629099583,0.0166163141993958,1,0.0166163141993958,0.0166163141993958,0,4.0369303611957,0.0651649041983984,0.237927166606373,1.46254228078289,0.4113563410773,0.4113563410773
"Leaf26","Leaf61",0.398449612403101,0.480262373285629,0.893261776982707,0.0166163141993958,0.998489425981873,0.0166163141993958,0.0166414523449319,0.0050559773365644,2.93678197391525,0.00671140491297018,0.275730660718524,1.04254016235457,0.0389381344903363,0.0389381344903363
"Leaf26","Leaf67",0.398449612403101,0.480262373285629,0.378533094812165,0.0166163141993958,1,0.0166163141993958,0.0166163141993958,0,4.0369303611957,0.0585096724192137,0.614645180399796,1.18004674520381,0.234187425281374,0.234187425281374
"Leaf26","Leaf88",0.398449612403101,0.480262373285629,0.964698867024448,0.0166163141993958,1,0.0166163141993958,0.0166163141993958,0,4.0369303611957,4.71696801010368e-05,0.391588461706322,1.35059636875208,0.175519851963201,0.175519851963201
"Leaf261","Leaf299",0.398449612403101,0.480262373285629,0.0923076923076923,0.00755287009063444,1,0.00755287009063444,0.00755287009063444,0,4.78369667181349,0.00507062547578214,0.872081599272381,0.659319120265492,0.0281953987774461,0.0281953987774461
"Leaf261","Leaf33",0.398449612403101,0.480262373285629,0.887656529516995,0.00755287009063444,0.998489425981873,0.00755287009063444,0.0075642965204236,0.00339313850586381,3.68356231283632,0.0459532703775868,0.0512989176042577,0.899150648912398,0.388454706304534,0.388454706304534
"Leaf261","Leaf359",0.398449612403101,0.480262373285629,0.227191413237925,0.00755287009063444,0.194864048338369,0.00151057401812689,0.0075187969924812,0.00113115670658645,0.317391972038077,0.00178659042347834,NA,0.495067252626093,0.0036209538928736,0.107759003377599
"Leaf261","Leaf371",0.398449612403101,0.480262373285629,0.679427549194991,0.00755287009063444,1,0.00755287009063444,0.00755287009063444,0,4.78369667181349,0.0352518320014106,0.615587011251092,0.585715605562453,0.208173018462006,0.208173018462006
"Leaf261","Leaf405",0.398449612403101,0.480262373285629,0.835181872391175,0.00755287009063444,1,0.00755287009063444,0.00755287009063444,0,4.78369667181349,0.0489990264356259,0.615587011251092,0.785600694368256,0.646078425792294,0.646078425792294
"Leaf261","Leaf41",0.398449612403101,0.480262373285629,0.891949910554562,0.00755287009063444,0.963746223564955,0.00604229607250755,0.00625978090766823,0.0764215143611606,2.19722457733622,0.110562811978204,0.5,0.788633002735828,0.244354941725331,1.40863098331629
"Leaf261","Leaf427",0.398449612403101,0.480262373285629,0.536076326774001,0.00755287009063444,1,0.00755287009063444,0.00755287009063444,0,4.78369667181349,0.00167592174704806,0.410391340834062,1.21181895481518,0.133146403021335,0.133146403021335
"Leaf261","Leaf61",0.398449612403101,0.480262373285629,0.946929039952296,0.00755287009063444,0.998489425981873,0.00755287009063444,0.0075642965204236,0.0033931385058638,3.68356231283632,0.0543652368880172,0.820782681668123,0.908946617409114,0.584655706570438,0.584655706570438
"Leaf261","Leaf67",0.398449612403101,0.480262373285629,0.863685152057245,0.00755287009063444,1,0.00755287009063444,0.00755287009063444,0,4.78369667181349,0.0590473895468417,0.872081599272381,1.04157378335509,0.458718843734017,0.458718843734017
"Leaf261","Leaf88",0.966726296958855,0.976386404293381,0.581872391174717,0.00755287009063444,1,0.00755287009063444,0.00755287009063444,0,4.78369667181349,0.0682609304963812,0.66688592885535,1.05999687892356,0.868104372972084,0.868104372972084
"Leaf262","Leaf299",0.398449612403101,0.480262373285629,0.788193202146691,0.0755287009063444,1,0.0755287009063444,0.0755287009063444,0,2.49557560613757,0.0275160347572327,0.0781669945005826,1.28255659625222,0.0518993815626691,0.0518993815626691
"Leaf262","Leaf33",0.398449612403101,0.480262373285629,0.649731663685152,0.0755287009063444,0.998489425981873,0.0755287009063444,0.075642965204236,0.0111175364333471,1.3953293301778,0.0258969891187473,0.0674063059155993,1.45170591015295,0.103516855065296,0.103516855065296
"Leaf262","Leaf359",0.398449612403101,0.480262373285629,0.388550983899821,0.0755287009063444,0.194864048338369,0.0120845921450151,0.0467836257309941,0.0251586095957762,0.211890235627482,0.0233485252997264,0.768349819927832,1.06392152587084,0.0548004542353386,0.121165920032099
"Leaf262","Leaf371",0.398449612403101,0.480262373285629,0.976863446630889,0.0755287009063444,1,0.0755287009063444,0.0755287009063444,0,2.49557560613757,0.00357319252653332,0.289031288687205,1.2931236855081,0.0952464861616433,0.0952464861616433
"Leaf262","Leaf405",0.398449612403101,0.480262373285629,0.962194394752534,0.0755287009063444,1,0.0755287009063444,0.0755287009063444,0,2.49557560613757,0.0198507612994992,0.15232268736675,1.43364875498855,0.150112729016002,0.150112729016002
"Leaf262","Leaf41",0.398449612403101,0.480262373285629,0.661180679785331,0.0755287009063444,0.963746223564955,0.0709969788519638,0.0733229329173167,0.0363116407105349,0.706642005739597,0.0669762840480915,0.0992860909667532,1.33136516147316,0.013852364107713,0.184824695567816
"Leaf262","Leaf427",0.398449612403101,0.480262373285629,0.981514609421586,0.0755287009063444,1,0.0755287009063444,0.0755287009063444,0,2.49557560613757,0.00284021606675726,0.217882771355522,1.98932170231488,0.125192605586746,0.125192605586746
"Leaf262","Leaf61",0.398449612403101,0.480262373285629,0.936553369111509,0.0755287009063444,0.998489425981873,0.0755287009063444,0.075642965204236,0.0111175364333474,1.3953293301778,7.60725889941744e-06,0.0663192026899531,1.57245719299622,0.0553406414862823,0.0553406414862823
"Leaf262","Leaf67",0.398449612403101,0.480262373285629,0.237209302325581,0.0755287009063444,1,0.0755287009063444,0.0755287009063444,0,2.49557560613757,0.0635264365514042,0.162319421578664,1.58803715802321,0.161244968146639,0.161244968146639
"Leaf262","Leaf88",0.398449612403101,0.966129994036971,0.889564698867025,0.0755287009063444,1,0.0755287009063444,0.0755287009063444,0,2.49557560613757,0.0154211718020266,0.347123160544401,1.73533133916235,0.091052819303445,0.091052819303445
"Leaf263","Leaf299",0.398449612403101,0.480262373285629,0.691234347048301,0.0287009063444109,1,0.0287009063444109,0.0287009063444109,0,3.49650756146648,0.0140781036021581,0.192754601042705,0.8212383317693,0.242796228992086,0.242796228992086
"Leaf263","Leaf33",0.398449612403101,0.480262373285629,0.374120453190221,0.0287009063444109,0.998489425981873,0.0287009063444109,0.0287443267776097,0.00668606484463778,2.39634006253156,0.0554546080259589,0.0176761505507416,1.03823733350224,0.40289689451374,0.40289689451374
"Leaf263","Leaf359",0.398449612403101,0.480262373285629,0.875491949910555,0.0287009063444109,0.194864048338369,0.0196374622356495,0.0962962962962963,0.212367136248233,2.24114510088726,0.215569787379581,0.244081013313719,0.581438107166574,0.33127998756865,1.02536144160212
"Leaf263","Leaf371",0.398449612403101,0.480262373285629,0.710077519379845,0.0287009063444109,1,0.0287009063444109,0.0287009063444109,0,3.49650756146648,0.0793176828710303,0.0477256064870022,0.745244931411389,0.395684066168103,0.395684066168103
"Leaf263","Leaf405",0.398449612403101,0.480262373285629,0.623494335122242,0.0287009063444109,1,0.0287009063444109,0.0287009063444109,0,3.49650756146648,0.00816948474063877,0.367663931455424,0.949458120140904,0.035468978337029,0.035468978337029
"Leaf263","Leaf41",0.398449612403101,0.480262373285629,0.545736434108527,0.0287009063444109,0.963746223564955,0.0287009063444109,0.0297805642633229,0.0333400767696214,0.433322062611131,0.0340194217773431,0.295191451469279,0.921338603974838,0.216475179389806,0.248726134505012
"Leaf263","Leaf427",0.398449612403101,0.480262373285629,0.734287418008348,0.0287009063444109,1,0.0287009063444109,0.0287009063444109,0,3.49650756146648,0.0260723469104995,0.143176819461007,1.38853602951072,0.247327242262539,0.247327242262539
"Leaf263","Leaf61",0.398449612403101,0.480262373285629,0.26654740608229,0.0287009063444109,0.998489425981873,0.0287009063444109,0.0287443267776097,0.00668606484463783,2.39634006253156,0.0250303513840063,0.0592151043449842,1.07804076381236,0.217896230861181,0.217896230861181
"Leaf263","Leaf67",0.398449612403101,0.480262373285629,0.463446630888491,0.0287009063444109,1,0.0287009063444109,0.0287009063444109,0,3.49650756146648,0.0526219115038121,0.106056903304449,1.17933774904169,0.322638436912741,0.322638436912741
"Leaf263","Leaf88",0.398449612403101,0.480262373285629,0.665951103160406,0.0287009063444109,1,0.0287009063444109,0.0287009063444109,0,3.49650756146648,0.0258882030878425,0.167039622704508,1.28180646716853,0.204030599870171,0.204030599870171
"Leaf264","Leaf299",0.398449612403101,0.480262373285629,0.939654144305307,0.0105740181268882,1,0.0105740181268882,0.0105740181268882,0,4.47049528266149,0.0389409869115702,0.5,0.780184812820467,0.434703681732004,0.434703681732004
"Leaf264","Leaf33",0.398449612403101,0.480262373285629,0.103637447823494,0.0105740181268882,0.998489425981873,0.0105740181268882,0.010590015128593,0.00402094044079072,3.37035627613958,0.00577148090651898,0.0714285714285714,0.941737665492333,0.163378486025225,0.163378486025225
"Leaf264","Leaf359",0.398449612403101,0.480262373285629,0.155635062611807,0.0105740181268882,0.194864048338369,0,0,0.0508580401881495,1.30547975066777,0.0505758029863337,NA,0.578449856301831,0.148221242238222,0.62686583760709
"Leaf264","Leaf371",0.398449612403101,0.480262373285629,0.94561717352415,0.0105740181268882,1,0.0105740181268882,0.0105740181268882,0,4.47049528266149,0.0103363354989444,0.428571428571428,0.647771132459734,0.126523707557263,0.126523707557263
"Leaf264","Leaf405",0.398449612403101,0.480262373285629,0.891353607632677,0.0105740181268882,1,0.0105740181268882,0.0105740181268882,0,4.47049528266149,0.00143104305323626,0.428571428571428,0.843186961902671,0.0142299002845319,0.0142299002845319
"Leaf264","Leaf41",0.398449612403101,0.480262373285629,0.95169946332737,0.0105740181268882,0.963746223564955,0.0105740181268882,0.0109717868338558,0.0200504281811672,0.541374623137654,0.0214242543353665,0,0.812744573087239,0.135374831753631,0.161549979356967
"Leaf264","Leaf427",0.398449612403101,0.480262373285629,0.951103160405486,0.0105740181268882,1,0.0105740181268882,0.0105740181268882,0,4.47049528266149,0.0253889685860715,0.321428571428571,1.30190228320825,0.0648147213035355,0.0648147213035355
"Leaf264","Leaf61",0.398449612403101,0.480262373285629,0.521407274895647,0.0105740181268882,0.998489425981873,0.0105740181268882,0.010590015128593,0.00402094044079072,3.37035627613958,0.0155065783270677,0.428571428571428,0.961606351827289,0.154281305587528,0.154281305587528
"Leaf264","Leaf67",0.398449612403101,0.480262373285629,0.92546213476446,0.0105740181268882,1,0.0105740181268882,0.0105740181268882,0,4.47049528266149,0.00251539109915583,0.0714285714285714,1.09344369448173,0.145878641584186,0.145878641584186
"Leaf264","Leaf88",0.398449612403101,0.480262373285629,0.79809183064997,0.0105740181268882,1,0.0105740181268882,0.0105740181268882,0,4.47049528266149,0.00941226865017048,0.5,1.16998069201157,0.0729154984176025,0.0729154984176025
"Leaf265","Leaf299",0.398449612403101,0.480262373285629,0.724150268336315,0.0256797583081571,1,0.0256797583081571,0.0256797583081571,0,3.60782432935723,0.00884627200387295,0.0945189943555449,0.997235491230545,0.0464524602248772,0.0464524602248772
"Leaf265","Leaf33",0.398449612403101,0.480262373285629,0.953130590339893,0.0256797583081571,0.998489425981873,0.0256797583081571,0.0257186081694402,0.00631457133267261,2.50766165278166,0.000867222984575889,0.192922330944879,1.24249305283753,0.0157675649694189,0.0157675649694189
"Leaf265","Leaf359",0.398449612403101,0.480262373285629,0.471914132379249,0.0256797583081571,0.194864048338369,0.00755287009063444,0.0354609929078014,0.040680885295165,0.611423006466235,0.053996637126419,0.552631578947368,0.781228696790363,0.00554898065446973,0.411585823107597
"Leaf265","Leaf371",0.398449612403101,0.480262373285629,0.968992248062015,0.0256797583081571,1,0.0256797583081571,0.0256797583081571,0,3.60782432935723,0.0139360641949609,0.697886821337517,0.964950886308936,0.0777038288908473,0.0777038288908473
"Leaf265","Leaf405",0.398449612403101,0.480262373285629,0.962313655336911,0.0256797583081571,1,0.0256797583081571,0.0256797583081571,0,3.60782432935723,0.0897891127441103,0.299094352001793,0.972253701149116,0.550087708182764,0.550087708182764
"Leaf265","Leaf41",0.398449612403101,0.480262373285629,0.960524746571258,0.0256797583081571,0.963746223564955,0.0241691842900302,0.0250391236306729,0.0196025891838418,0.878847934390379,0.0191507398420485,0.4505759391967,1.13142025222397,0.114528098261857,0.226549147818219
"Leaf265","Leaf427",0.819439475253429,0.480262373285629,0.97567084078712,0.0256797583081571,1,0.0256797583081571,0.0256797583081571,0,3.60782432935723,0.0137497733044521,0.339232555084285,1.71478844423478,0.223185494504104,0.223185494504104
"Leaf265","Leaf61",0.398449612403101,0.480262373285629,0.749552772808587,0.0256797583081571,0.998489425981873,0.0256797583081571,0.0257186081694402,0.00631457133267259,2.50766165278166,0.0149444389586942,0.467989717460889,1.24319131980187,0.25604941245997,0.25604941245997
"Leaf265","Leaf67",0.398449612403101,0.480262373285629,0.603935599284437,0.0256797583081571,1,0.0256797583081571,0.0256797583081571,0,3.60782432935723,0.0192630864522582,0.148899785628598,1.33897228727153,0.136071508763298,0.136071508763298
"Leaf265","Leaf88",0.398449612403101,0.480262373285629,0.845199761478831,0.0256797583081571,1,0.0256797583081571,0.0256797583081571,0,3.60782432935723,0.000103142326701337,0.110123861833259,1.46114715511908,0.0254767582594292,0.0254767582594292
"Leaf267","Leaf299",0.398449612403101,0.480262373285629,0.68062015503876,0.00604229607250755,1,0.00604229607250755,0.00604229607250755,0,4.98588712440706,0.0124032034995393,0.2,0.720770129086269,0.187631327681758,0.187631327681758
"Leaf267","Leaf33",0.398449612403101,0.480262373285629,0.885271317829457,0.00604229607250755,0.998489425981873,0.00604229607250755,0.00605143721633888,0.00303260829893017,3.88575507860754,0.0108189175815207,0.6,0.942607277141818,0.0362815424791261,0.0362815424791261
"Leaf267","Leaf359",0.398449612403101,0.480262373285629,0.254144305307096,0.00604229607250755,0.194864048338369,0.00151057401812689,0.00757575757575758,0.0108530412495119,0.57059319333156,0.0175097881766122,NA,0.528005113392974,0.0332790566640827,0.252011454304723
"Leaf267","Leaf371",0.398449612403101,0.480262373285629,0.115802027429934,0.00604229607250755,1,0.00604229607250755,0.00604229607250755,0,4.98588712440706,0.02380292186127,0.4,0.628254229667347,0.334773474622605,0.334773474622605
"Leaf267","Leaf405",0.398449612403101,0.480262373285629,0.588193202146691,0.00604229607250755,1,0.00604229607250755,0.00604229607250755,0,4.98588712440706,0.0389492627069927,0.8,0.834354914853288,0.336791262995183,0.336791262995183
"Leaf267","Leaf41",0.398449612403101,0.480262373285629,0.944066785927251,0.00604229607250755,0.963746223564955,0.00453172205438067,0.00469483568075117,0.0891574273786944,2.45011380909219,0.0631182865231007,1,0.818582176981291,0.0662812942003501,0.861063538362416
"Leaf267","Leaf427",0.398449612403101,0.480262373285629,0.604412641621944,0.00604229607250755,1,0.00604229607250755,0.00604229607250755,0,4.98588712440706,0.00446763414877743,1,1.27356676558665,0.145852254941566,0.145852254941566
"Leaf267","Leaf61",0.398449612403101,0.480262373285629,0.122003577817531,0.00604229607250755,0.998489425981873,0.00604229607250755,0.00605143721633888,0.00303260829893021,3.88575507860754,0.0497187777252913,0.8,0.931370203817272,0.624570956161591,0.624570956161591
"Leaf267","Leaf67",0.398449612403101,0.480262373285629,0.686106141920095,0.00604229607250755,1,0.00604229607250755,0.00604229607250755,0,4.98588712440706,0.0307610533274444,0.6,1.06648617545438,0.521395287754401,0.521395287754401
"Leaf267","Leaf88",0.398449612403101,0.480262373285629,0.0887298747763864,0.00604229607250755,1,0.00604229607250755,0.00604229607250755,0,4.98588712440706,0.0481958713376742,0.2,1.12183399975139,0.709602719962591,0.709602719962591
"Leaf274","Leaf299",0.398449612403101,0.480262373285629,0.97149672033393,0.0196374622356495,1,0.0196374622356495,0.0196374622356495,0,3.87351315066627,0.042489710839908,0.5934571705169,0.998361618628879,0.37134341802579,0.37134341802579
"Leaf274","Leaf33",0.398449612403101,0.480262373285629,0.966129994036971,0.0196374622356495,0.998489425981873,0.0196374622356495,0.0196671709531014,0.00550488940158944,2.77336002964401,0.00729739986655492,0.540506390980254,1.15864195598813,0.0340246923901665,0.0340246923901665
"Leaf274","Leaf359",0.398449612403101,0.480262373285629,0.632677400119261,0.0196374622356495,0.194864048338369,0.00453172205438067,0.0215827338129496,0.0128293896388893,0.321682433474907,0.0184175607838648,0.5,0.703856540260602,0.0461872264956227,0.150796040112028
"Leaf274","Leaf371",0.398449612403101,0.480262373285629,0.943112701252236,0.0196374622356495,1,0.0196374622356495,0.0196374622356495,0,3.87351315066627,0.00484181645333173,0.35607430231014,0.839627429622054,0.0547813850580372,0.0547813850580372
"Leaf274","Leaf405",0.398449612403101,0.480262373285629,0.408228980322004,0.0196374622356495,1,0.0196374622356495,0.0196374622356495,0,3.87351315066627,0.0475533551834744,0.276946679574553,0.965174500773638,0.384649005879316,0.384649005879316
"Leaf274","Leaf41",0.398449612403101,0.480262373285629,0.487656529516995,0.0196374622356495,0.963746223564955,0.0181268882175227,0.0187793427230047,0.0307934295072859,1.16288481698592,0.0203083368586879,0.349278010568569,0.995988494462663,0.0625111846951381,0.185671566640449
"Leaf274","Leaf427",0.398449612403101,0.480262373285629,0.852593917710197,0.0196374622356495,1,0.0196374622356495,0.0196374622356495,0,3.87351315066627,0.0228749775750936,0.113039461050838,1.47586915381557,0.107747677392803,0.107747677392803
"Leaf274","Leaf61",0.398449612403101,0.480262373285629,0.956946929039952,0.0196374622356495,0.998489425981873,0.0196374622356495,0.0196671709531014,0.00550488940158955,2.77336002964401,0.0293208502744686,0.447737613825183,1.17630562225761,0.142839362895321,0.142839362895321
"Leaf274","Leaf67",0.398449612403101,0.480262373285629,0.917352415026834,0.0196374622356495,1,0.0196374622356495,0.0196374622356495,0,3.87351315066627,0.023998738111393,0.316510490942347,1.30752516200369,0.06644682109128,0.06644682109128
"Leaf274","Leaf88",0.398449612403101,0.480262373285629,0.0877757901013715,0.0196374622356495,1,0.0196374622356495,0.0196374622356495,0,3.87351315066627,0.036300845241883,0.248686814311844,1.34178865382862,0.196000748243079,0.196000748243079
"Leaf28","Leaf299",0.398449612403101,0.480262373285629,0.173166368515206,0.0181268882175227,1,0.0181268882175227,0.0181268882175227,0,3.9520126536443,0.0160181356047027,0.123166914694118,0.77214786967305,0.129076378706266,0.129076378706266
"Leaf28","Leaf33",0.398449612403101,0.480262373285629,0.873225998807394,0.0181268882175227,0.998489425981873,0.0181268882175227,0.0181543116490166,0.00528485668956644,2.85186190313429,0.0382810259963038,0.0821112764627454,0.979531555710127,0.154106653724541,0.154106653724541
"Leaf28","Leaf359",0.398449612403101,0.480262373285629,0.413834227787716,0.0181268882175227,0.194864048338369,0.00151057401812689,0.00714285714285714,0.0382585019579765,0.634185847757349,0.0398943223246856,NA,0.599165157320144,0.117074722771333,0.380741360427051
"Leaf28","Leaf371",0.398449612403101,0.480262373285629,0.641860465116279,0.0181268882175227,1,0.0181268882175227,0.0181268882175227,0,3.9520126536443,0.0204478433050771,0.145560899183958,0.660621849099662,0.0428468744869096,0.0428468744869096
"Leaf28","Leaf405",0.398449612403101,0.480262373285629,0.9695885509839,0.0181268882175227,1,0.0181268882175227,0.0181268882175227,0,3.9520126536443,0.0248247234124284,0.18661653741533,0.863087561293753,0.0398568065613254,0.0398568065613254
"Leaf28","Leaf41",0.398449612403101,0.480262373285629,0.94943351222421,0.0181268882175227,0.963746223564955,0.0181268882175227,0.0188087774294671,0.0263529492819538,0.0225998319172409,0.0231723189565246,0.395849528189393,0.849922236159797,0.0913926460137437,0.153846202786749
"Leaf28","Leaf427",0.398449612403101,0.480262373285629,0.919618366129994,0.0181268882175227,1,0.0181268882175227,0.0181268882175227,0,3.9520126536443,0.00454810924367125,0.324712775102675,1.32534163260331,0.0511695608433575,0.0511695608433575
"Leaf28","Leaf61",0.398449612403101,0.480262373285629,0.564937388193202,0.0181268882175227,0.998489425981873,0.0181268882175227,0.0181543116490166,0.00528485668956632,2.85186190313429,0.00269175838161089,0.167954883673797,0.996021314168752,0.0111592962141137,0.0111592962141137
"Leaf28","Leaf67",0.398449612403101,0.480262373285629,0.166368515205725,0.0181268882175227,1,0.0181268882175227,0.0181268882175227,0,3.9520126536443,0.0239215276399927,0,1.13105757988707,0.0403525840924811,0.0403525840924811
"Leaf28","Leaf88",0.398449612403101,0.480262373285629,0.927131782945736,0.0181268882175227,1,0.0181268882175227,0.0181268882175227,0,3.9520126536443,0.0336130289228184,0.373233074830661,1.21619353148072,0.146633452359067,0.146633452359067
"Leaf280","Leaf299",0.398449612403101,0.480262373285629,0.927966607036374,0.0211480362537764,1,0.0211480362537764,0.0211480362537764,0,3.80051335432997,0.0150713080218437,0.119845833931608,0.869163265668257,0.0798550616970003,0.0798550616970003
"Leaf280","Leaf33",0.398449612403101,0.480262373285629,0.947286821705426,0.0211480362537764,0.998489425981873,0.0211480362537764,0.0211800302571861,0.00571709995350562,2.70035785547905,0.027228111990497,0.270240605924215,1.1052160992209,0.104488722686729,0.104488722686729
"Leaf280","Leaf359",0.398449612403101,0.480262373285629,0.358616577221228,0.0211480362537764,0.194864048338369,0.00151057401812689,0.00704225352112676,0.0458053329214402,0.79836359361647,0.0405971577103307,NA,0.695459667008514,0.068636894154696,0.126128868533513
"Leaf280","Leaf371",0.398449612403101,0.480262373285629,0.830769230769231,0.0211480362537764,1,0.0211480362537764,0.0211480362537764,0,3.80051335432997,0.00226849560502894,0.0164494281866913,0.793580802492,0.21110053872432,0.21110053872432
"Leaf280","Leaf405",0.398449612403101,0.480262373285629,0.867501490757305,0.0211480362537764,1,0.0211480362537764,0.0211480362537764,0,3.80051335432997,0.0108603403559024,0.350137828545287,0.963897262332984,0.255578446049396,0.255578446049396
"Leaf280","Leaf41",0.398449612403101,0.480262373285629,0.809183064997019,0.0211480362537764,0.963746223564955,0.0211480362537764,0.0219435736677116,0.0285083312499342,0.129017617971523,0.0212810771860978,0.0318996542253751,0.943390990745989,0.0618511568578391,0.160332089530923
"Leaf280","Leaf427",0.398449612403101,0.480262373285629,0.895408467501491,0.0211480362537764,1,0.0211480362537764,0.0211480362537764,0,3.80051335432997,0.00528557538590304,0.00117625245229778,1.41183729612702,0.00957268277984113,0.00957268277984113
"Leaf280","Leaf61",0.398449612403101,0.480262373285629,0.973524150268336,0.0211480362537764,0.998489425981873,0.0211480362537764,0.0211800302571861,0.0057170999535056,2.70035785547905,0.0348744765327266,0.533431456911276,1.15013316872938,0.212051499728898,0.212051499728898
"Leaf280","Leaf67",0.398449612403101,0.480262373285629,0.789505068574836,0.0211480362537764,1,0.0211480362537764,0.0211480362537764,0,3.80051335432997,0.0274241950878762,0.206792811489834,1.188699890109,0.255523780569089,0.255523780569089
"Leaf280","Leaf88",0.398449612403101,0.963625521765057,0.114728682170543,0.0211480362537764,1,0.0211480362537764,0.0211480362537764,0,3.80051335432997,0.0145024722632961,0.148044853680222,1.25891122986957,0.00941575397713582,0.00941575397713582
"Leaf288","Leaf299",0.398449612403101,0.480262373285629,0.879904591532499,0.0105740181268882,1,0.0105740181268882,0.0105740181268882,0,4.47049528266149,0.0513496231002824,0.178571428571429,0.83923542661192,0.421818585679525,0.421818585679525
"Leaf288","Leaf33",0.398449612403101,0.480262373285629,0.508527131782946,0.0105740181268882,0.998489425981873,0.0105740181268882,0.010590015128593,0.00402094044079071,3.37035627613958,0.0290162804759167,0.321428571428571,1.04727044498014,0.370099059090301,0.370099059090301
"Leaf288","Leaf359",0.398449612403101,0.480262373285629,0.431365533691115,0.0105740181268882,0.194864048338369,0,0,0.0508580401881495,1.30547975066777,0.0505758029863337,NA,0.684747730559254,0.138038294722925,0.62686583760709
"Leaf288","Leaf371",0.398449612403101,0.480262373285629,0.381633870005963,0.0105740181268882,1,0.0105740181268882,0.0105740181268882,0,4.47049528266149,0.0891048712689083,0.107142857142857,0.719224333390591,0.83466197388325,0.83466197388325
"Leaf288","Leaf405",0.398449612403101,0.480262373285629,0.630769230769231,0.0105740181268882,1,0.0105740181268882,0.0105740181268882,0,4.47049528266149,0.08976827195143,0.535714285714286,0.900498364355075,0.82652470191107,0.82652470191107
"Leaf288","Leaf41",0.398449612403101,0.480262373285629,0.32546213476446,0.0105740181268882,0.963746223564955,0.0105740181268882,0.0109717868338558,0.0200504281811671,0.541374623137654,0.0360923365815278,0.0714285714285714,0.881756527792401,0.126089569840259,0.443697177750094
"Leaf288","Leaf427",0.398449612403101,0.480262373285629,0.526416219439475,0.0105740181268882,1,0.0105740181268882,0.0105740181268882,0,4.47049528266149,0.0807751226842937,0.178571428571429,1.34619893161976,0.808241017429981,0.808241017429981
"Leaf288","Leaf61",0.398449612403101,0.480262373285629,0.85855694692904,0.0105740181268882,0.998489425981873,0.0105740181268882,0.010590015128593,0.00402094044079071,3.37035627613958,0.0245412842234879,0.678571428571428,1.07243735667961,0.28803534462135,0.28803534462135
"Leaf288","Leaf67",0.398449612403101,0.480262373285629,0.849612403100775,0.0105740181268882,1,0.0105740181268882,0.0105740181268882,0,4.47049528266149,0.0693560611698555,0.321428571428571,1.17571214297491,0.66247661218831,0.66247661218831
"Leaf288","Leaf88",0.398449612403101,0.480262373285629,0.200834824090638,0.0105740181268882,1,0.0105740181268882,0.0105740181268882,0,4.47049528266149,0.0367582768570449,0.0357142857142857,1.22991458273073,0.445695991707301,0.445695991707301
"Leaf289","Leaf299",0.398449612403101,0.480262373285629,0.990816935002982,0.720543806646526,1,0.720543806646526,0.720543806646526,0,0.945509277873295,0.297890713068003,0.223151703268215,1.39011930104653,0.504377183033405,0.504377183033405
"Leaf289","Leaf33",0.398449612403101,0.480262373285629,0.117829457364341,0.720543806646526,0.998489425981873,0.719033232628399,0.719033232628399,0.0242228893283251,0.155199447621343,0.099779358227063,0.0675324307440941,1.9206719653704,0.140663404124417,0.140663404124417
"Leaf289","Leaf359",0.398449612403101,0.480262373285629,0.743470483005367,0.194864048338369,0.720543806646526,0.13595166163142,0.174418604651163,0.0250725629228146,0.143641241537475,0.00281774822400103,0.0873530827593832,1.5622305231394,0.027866848783002,0.0288686200425672
"Leaf289","Leaf371",0.398449612403101,0.480262373285629,0.98366129994037,0.720543806646526,1,0.720543806646526,0.720543806646526,0,0.945509277873295,0.191589646838676,0.113408808289683,1.45637476354054,0.31633785204379,0.31633785204379
"Leaf289","Leaf405",0.398449612403101,0.480262373285629,0.982349433512224,0.720543806646526,1,0.720543806646526,0.720543806646526,0,0.945509277873295,0.175089186739998,0.121500347985115,1.67882398239921,0.223863610202447,0.223863610202447
"Leaf289","Leaf41",0.398449612403101,0.480262373285629,0.977459749552773,0.720543806646526,0.963746223564955,0.699395770392749,0.710122699386503,0.0593055693576766,0.648393949836938,0.165569541260034,0.0943663755768253,1.58290305572474,0.241951609103862,0.306094775342361
"Leaf289","Leaf427",0.398449612403101,0.480262373285629,0.982587954680978,0.720543806646526,1,0.720543806646526,0.720543806646526,0,0.945509277873295,0.135515066127641,0.0642219747554442,2.02862436777838,0.251696640310985,0.251696640310985
"Leaf289","Leaf61",0.398449612403101,0.480262373285629,0.954919499105546,0.720543806646526,0.998489425981873,0.719033232628399,0.719033232628399,0.0242228893283247,0.155199447621343,0.148421009685677,0.129187946351794,1.80609343665207,0.180901393793189,0.180901393793189
"Leaf289","Leaf67",0.398449612403101,0.480262373285629,0.915444245676804,0.720543806646526,1,0.720543806646526,0.720543806646526,0,0.945509277873295,0.0594643605295412,0.0213662569621212,2.14784720301997,0.0534184273547041,0.0534184273547041
"Leaf289","Leaf88",0.398449612403101,0.969707811568277,0.989624329159213,0.720543806646526,1,0.720543806646526,0.720543806646526,0,0.945509277873295,0.182241825633932,0.117491751406059,1.75587023578291,0.391334614653946,0.391334614653946
"Leaf299","Leaf3",0.398449612403101,0.480262373285629,0.514728682170543,0.0151057401812689,1,0.0151057401812689,0.0151057401812689,0,4.12943588203337,0.038893737115787,0.489319214806397,0.757627748074032,0.300602341475583,0.300602341475583
"Leaf299","Leaf30",0.398449612403101,0.480262373285629,0.147644603458557,0.00906344410876133,1,0.00906344410876133,0.00906344410876133,0,4.61512051684126,0.0794886461516488,0.151794185179729,0.707945314905646,0.868352577392534,0.868352577392534
"Leaf299","Leaf304",0.832558139534884,0.480262373285629,0.971019677996422,0.00755287009063444,1,0.00755287009063444,0.00755287009063444,0,4.78369667181349,0.0799416002382792,0.394736842105263,0.792395153740605,0.943311990507847,0.943311990507847
"Leaf299","Leaf306",0.398449612403101,0.480262373285629,0.101729278473465,0.114803625377644,1,0.114803625377644,0.114803625377644,0,2.03688192726104,0.12549210041919,0.19859970247153,1.41826059993703,0.379658768756704,0.379658768756704
"Leaf299","Leaf311",0.398449612403101,0.480262373285629,0.981633870005963,0.0694864048338369,1,0.0694864048338369,0.0694864048338369,0,2.58460601001109,0.019810595710704,0.359343496361811,1.33330520326694,0.122051735788952,0.122051735788952
"Leaf299","Leaf313",0.398449612403101,0.480262373285629,0.988193202146691,0.998489425981873,1,0.998489425981873,0.998489425981873,0,6.08904487544685,0.298210346486985,0.296350728652653,1.05958283854189,NA,NA
"Leaf299","Leaf314",0.398449612403101,0.480262373285629,0.910793082886106,0.0362537764350453,1,0.0362537764350453,0.0362537764350453,0,3.26044855792191,0.0234896714941719,0.133730509912204,1.24168597162432,0.181587492536569,0.181587492536569
"Leaf299","Leaf32",0.398449612403101,0.480262373285629,0.664758497316637,0.0513595166163142,1,0.0513595166163142,0.0513595166163142,0,2.90237670399299,0.0295334198595042,0.0706797426717102,1.38616094174517,0.110185714179072,0.110185714179072
"Leaf299","Leaf324",0.398449612403101,0.480262373285629,0.855694692903995,0.0105740181268882,1,0.0105740181268882,0.0105740181268882,0,4.47049528266149,0.00465986407176312,0.197027601559775,0.856943976332697,0.104252636784017,0.104252636784017
"Leaf299","Leaf326",0.398449612403101,0.480262373285629,0.753846153846154,0.00755287009063444,1,0.00755287009063444,0.00755287009063444,0,4.78369667181349,0.0160925280796823,0.205195670417031,0.767611536205396,0.219484576774681,0.219484576774681
"Leaf299","Leaf33",0.398449612403101,0.974239713774598,0.993559928443649,0.998489425981873,1,0.998489425981873,0.998489425981873,0,6.08904487544685,0.335219849882099,0.333666419973129,1.02210548821753,NA,NA
"Leaf299","Leaf334",0.398449612403101,0.480262373285629,0.867024448419797,0.0211480362537764,1,0.0211480362537764,0.0211480362537764,0,3.80051335432997,0.0508752654818759,0.191944022673767,0.756253988190112,0.354091411953585,0.354091411953585
"Leaf299","Leaf335",0.398449612403101,0.480262373285629,0.96159809183065,0.0845921450151057,1,0.0845921450151057,0.0845921450151057,0,2.37346409023171,0.0136858560610428,0.0515717033041354,1.54517683170526,0.0456344056796212,0.0456344056796212
"Leaf299","Leaf336",0.398449612403101,0.480262373285629,0.890041741204532,0.0241691842900302,1,0.0241691842900302,0.0241691842900302,0,3.66821281730538,0.0168240283435053,0.0062884998097041,0.708144954940377,0.0506775798471946,0.0506775798471946
"Leaf299","Leaf337",0.398449612403101,0.480262373285629,0.91484794275492,0.0241691842900302,1,0.0241691842900302,0.0241691842900302,0,3.66821281730538,0.0324544829774865,0.152874835053229,0.912151835687107,0.229107169943711,0.229107169943711
"Leaf299","Leaf339",0.398449612403101,0.480262373285629,0.805247465712582,0.0256797583081571,1,0.0256797583081571,0.0256797583081571,0,3.60782432935723,0.0365044156725331,0.151385835423356,0.970504076927676,0.318690342649363,0.318690342649363
"Leaf299","Leaf34",0.398449612403101,0.480262373285629,0.877757901013715,0.0241691842900302,1,0.0241691842900302,0.0241691842900302,0,3.66821281730538,0.00106089405982734,0.0486949705607829,0.931915166716003,0.00880848895654155,0.00880848895654155
"Leaf299","Leaf343",0.398449612403101,0.480262373285629,0.939415623136553,0.00604229607250755,1,0.00604229607250755,0.00604229607250755,0,4.98588712440706,0.012089504549532,0.8,0.679700520634515,0.0999908132894509,0.0999908132894509
"Leaf299","Leaf344",0.398449612403101,0.480262373285629,0.227549194991055,0.0151057401812689,1,0.0151057401812689,0.0151057401812689,0,4.12943588203337,0.0473755301956252,0.0074566675173482,0.784496237713078,0.43821395718478,0.43821395718478
"Leaf299","Leaf351",0.398449612403101,0.480262373285629,0.890399522957662,0.0256797583081571,1,0.0256797583081571,0.0256797583081571,0,3.60782432935723,0.0566476684585686,0.0398054289351021,0.874494766700431,0.328677370208389,0.328677370208389
"Leaf299","Leaf354",0.398449612403101,0.480262373285629,0.869290399522958,0.0105740181268882,1,0.0105740181268882,0.0105740181268882,0,4.47049528266149,0.0548735240950289,0.70929936561519,0.823472979866803,0.566142199448882,0.566142199448882
"Leaf299","Leaf357",0.398449612403101,0.480262373285629,0.767322599880739,0.00755287009063444,1,0.00755287009063444,0.00755287009063444,0,4.78369667181349,0.0437075876095539,0.66688592885535,0.679883856290886,0.488979786994308,0.488979786994308
"Leaf299","Leaf359",0.398449612403101,0.480262373285629,0.783780560524747,0.194864048338369,1,0.194864048338369,0.194864048338369,0,1.41577818960222,0.0652363718496154,0.0658875041066042,0.90720785266266,0.209085629287734,0.209085629287734
"Leaf299","Leaf361",0.398449612403101,0.480262373285629,0.285390578413834,0.0196374622356495,1,0.0196374622356495,0.0196374622356495,0,3.87351315066627,0.0321315326754233,0.274938773915767,0.936123400090428,0.249302717552684,0.249302717552684
"Leaf299","Leaf363",0.398449612403101,0.480262373285629,0.932259988073942,0.00755287009063444,1,0.00755287009063444,0.00755287009063444,0,4.78369667181349,0.0314083229190615,0.102597835208515,0.657407077992224,0.0473923453802664,0.0473923453802664
"Leaf299","Leaf369",0.398449612403101,0.480262373285629,0.895646988670245,0.00755287009063444,1,0.00755287009063444,0.00755287009063444,0,4.78369667181349,0.0437667528368426,0.461690258438319,0.779264382627177,0.475330285196772,0.475330285196772
"Leaf299","Leaf371",0.398449612403101,0.964579606440072,0.996899224806202,1,1,1,1,0,7.18916773842032,0.411498812365225,0.411498812365225,0.695701785241492,NA,NA
"Leaf299","Leaf380",0.398449612403101,0.480262373285629,0.457006559332141,0.00906344410876133,1,0.00906344410876133,0.00906344410876133,0,4.61512051684126,0.0127633268422341,0.880406274042429,0.779869339407853,0.104593204494866,0.104593204494866
"Leaf299","Leaf391",0.398449612403101,0.480262373285629,0.953846153846154,0.110271903323263,1,0.110271903323263,0.110271903323263,0,2.08198931375863,0.0310211264540099,0.0401060384346339,1.86485827183267,0.0991265795418797,0.0991265795418797
"Leaf299","Leaf394",0.398449612403101,0.480262373285629,0.908169350029815,0.00906344410876133,1,0.00906344410876133,0.00906344410876133,0,4.61512051684126,0.00142819945355428,0.462910049886276,0.625176273756924,0.146668040676797,0.146668040676797
"Leaf299","Leaf396",0.398449612403101,0.480262373285629,0.962075134168157,0.00906344410876133,1,0.00906344410876133,0.00906344410876133,0,4.61512051684126,0.031971975303016,0.394664881467296,0.706313711570839,0.414050973733499,0.414050973733499
"Leaf299","Leaf405",0.398449612403101,0.480262373285629,0.984257602862254,1,1,1,1,0,7.18916773842032,0.276082331553574,0.276082331553574,1.0855654575733,NA,NA
"Leaf299","Leaf406",0.398449612403101,0.480262373285629,0.912820512820513,0.00302114803625378,1,0.00302114803625378,0.00302114803625378,0,5.57670639208822,0.00842354620226727,NA,0.604945831400334,0.147455996479675,0.147455996479675
"Leaf299","Leaf41",0.398449612403101,0.965652951699463,0.992605843768635,0.963746223564955,1,0.963746223564955,0.963746223564955,0,3.26044855792191,0.345034726630754,0.347491313152583,0.863234840689384,0.240210314582776,0.240210314582776
"Leaf299","Leaf412",0.398449612403101,0.480262373285629,0.894454382826476,0.00604229607250755,1,0.00604229607250755,0.00604229607250755,0,4.98588712440706,0.056762176389495,0.6,0.697231187196364,0.47398354453337,0.47398354453337
"Leaf299","Leaf416",0.398449612403101,0.480262373285629,0.974358974358974,0.15558912386707,1,0.15558912386707,0.15558912386707,0,1.68747191504656,0.0202133092388957,0.138137934433902,2.6216036244901,0.0250010735162928,0.0250010735162928
"Leaf299","Leaf42",0.398449612403101,0.480262373285629,0.943947525342874,0.0891238670694864,1,0.0891238670694864,0.0891238670694864,0,2.316769727986,0.061718346496798,0.113316058048598,2.02859056429157,0.200150411726147,0.200150411726147
"Leaf299","Leaf420",0.398449612403101,0.480262373285629,0.969707811568277,0.0226586102719033,1,0.0226586102719033,0.0226586102719033,0,3.73227876964849,0.00612464903988519,0.461580991588198,1.11427787892058,0.021617040912033,0.021617040912033
"Leaf299","Leaf427",0.398449612403101,0.976863446630889,0.997495527728086,1,1,1,1,0,7.18916773842032,0.382421758926732,0.382421758926732,1.09650255487962,NA,NA
"Leaf299","Leaf434",0.398449612403101,0.991413237924866,0.577817531305903,0.0422960725075529,1,0.0422960725075529,0.0422960725075529,0,3.10293319987984,0.0448012423930282,0.253363046746517,1.04415350001959,0.131926761317973,0.131926761317973
"Leaf299","Leaf443",0.398449612403101,0.480262373285629,0.958139534883721,0.0105740181268882,1,0.0105740181268882,0.0105740181268882,0,4.47049528266149,0.0395227321195075,0.667124384994991,0.846827908185065,0.420258350008397,0.420258350008397
"Leaf299","Leaf446",0.398449612403101,0.480262373285629,0.916636851520573,0.00604229607250755,1,0.00604229607250755,0.00604229607250755,0,4.98588712440706,0.0258655261456161,0.4,0.62712296378504,0.293388560342205,0.293388560342205
"Leaf299","Leaf454",0.398449612403101,0.480262373285629,0.950268336314848,0.00453172205438067,1,0.00453172205438067,0.00453172205438067,0,5.238719003662,0.0288921729422889,0.5,0.694641103640603,0.421402171259418,0.421402171259418
"Leaf299","Leaf456",0.398449612403101,0.480262373285629,0.293500298151461,0.0196374622356495,1,0.0196374622356495,0.0196374622356495,0,3.87351315066627,0.0444110305161473,0.251786035059702,0.899321956732286,0.270097878077658,0.270097878077658
"Leaf299","Leaf466",0.398449612403101,0.480262373285629,0.968157423971378,0.361027190332326,1,0.361027190332326,0.361027190332326,0,0.570000097241139,0.113275417673446,0.0561429214564064,1.44113914942654,0.219809353613653,0.219809353613653
"Leaf299","Leaf49",0.398449612403101,0.480262373285629,0.872748956469887,0.00604229607250755,1,0.00604229607250755,0.00604229607250755,0,4.98588712440706,0.0147984706296048,0.6,0.672930509260154,0.276831321426126,0.276831321426126
"Leaf299","Leaf5",0.398449612403101,0.480262373285629,0.182945736434109,0.0226586102719033,1,0.0226586102719033,0.0226586102719033,0,3.73227876964849,0.0410381790485212,0.198626375076678,0.929037286999097,0.242292272399051,0.242292272399051
"Leaf299","Leaf50",0.398449612403101,0.480262373285629,0.129755515802027,0.0468277945619335,1,0.0468277945619335,0.0468277945619335,0,2.99811039595896,0.102558252032747,0.178869093663848,1.07011009268402,0.413443922941227,0.413443922941227
"Leaf299","Leaf51",0.398449612403101,0.480262373285629,0.557066189624329,0.0196374622356495,1,0.0196374622356495,0.0196374622356495,0,3.87351315066627,0.0133921822161933,0.00941387573547643,0.694616158033176,0.211209480686094,0.211209480686094
"Leaf299","Leaf53",0.398449612403101,0.480262373285629,0.49469290399523,0.0120845921450151,1,0.0120845921450151,0.0120845921450151,0,4.34380542185368,0.0214406919301504,0.279040459187513,0.761133577608002,0.12554525666425,0.12554525666425
"Leaf299","Leaf58",0.398449612403101,0.480262373285629,0.951222420989863,0.0166163141993958,1,0.0166163141993958,0.0166163141993958,0,4.0369303611957,0.00180408663389802,0.446225424613442,1.00402818842141,0.0386751967487573,0.0386751967487573
"Leaf299","Leaf61",0.398449612403101,0.976982707215265,0.99582587954681,0.998489425981873,1,0.998489425981873,0.998489425981873,0,6.08904487544685,0.366857808607097,0.365362923414118,0.939450698159672,NA,NA
"Leaf299","Leaf62",0.398449612403101,0.480262373285629,0.11520572450805,0.125377643504532,1,0.125377643504532,0.125377643504532,0,1.937319030923,0.124965779860645,0.0849824978456276,0.944784796607907,0.372124058394211,0.372124058394211
"Leaf299","Leaf64",0.398449612403101,0.480262373285629,0.880739415623136,0.013595166163142,1,0.013595166163142,0.013595166163142,0,4.23105073445778,0.0254303131770048,0.292118697336089,0.817163951343241,0.185495279684376,0.185495279684376
"Leaf299","Leaf67",0.398449612403101,0.975193798449612,0.986642814549791,1,1,1,1,0,7.18916773842032,0.378804901990628,0.378804901990628,1.29049813467165,NA,NA
"Leaf299","Leaf68",0.398449612403101,0.480262373285629,0.991174716756112,0.182779456193353,1,0.182779456193353,0.182779456193353,0,1.49442880366044,0.0753944759969836,0.20077424769524,2.885494738423,0.219161215228527,0.219161215228527
"Leaf299","Leaf69",0.398449612403101,0.480262373285629,0.86881335718545,0.0151057401812689,1,0.0151057401812689,0.0151057401812689,0,4.12943588203337,0.0120643757076672,0.0277798949057697,0.842364573900635,0.175118047595746,0.175118047595746
"Leaf299","Leaf70",0.398449612403101,0.480262373285629,0.935002981514609,0.00906344410876133,1,0.00906344410876133,0.00906344410876133,0,4.61512051684126,0.0193095469934947,0.521793932087204,0.665587050489198,0.170159118028646,0.170159118028646
"Leaf299","Leaf75",0.398449612403101,0.480262373285629,0.820393559928444,0.00604229607250755,1,0.00604229607250755,0.00604229607250755,0,4.98588712440706,0.0344201396536244,0.2,0.628780583004322,0.43841054400496,0.43841054400496
"Leaf299","Leaf76",0.398449612403101,0.480262373285629,0.529636255217651,0.0936555891238671,1,0.0936555891238671,0.0936555891238671,0,2.26259608477768,0.000730117262857511,0.0532216747391577,1.88264987122287,0.0178346564055851,0.0178346564055851
"Leaf299","Leaf78",0.398449612403101,0.480262373285629,0.514370900417412,0.0256797583081571,1,0.0256797583081571,0.0256797583081571,0,3.60782432935723,0.00169717905205093,0.323971198229533,1.01362856391469,0.0126811955387298,0.0126811955387298
"Leaf299","Leaf82",0.398449612403101,0.480262373285629,0.468694096601073,0.0196374622356495,1,0.0196374622356495,0.0196374622356495,0,3.87351315066627,0.0603923145986137,0.238775155032163,0.810877796485497,0.500199549807877,0.500199549807877
"Leaf299","Leaf83",0.398449612403101,0.480262373285629,0.96994633273703,0.0241691842900302,1,0.0241691842900302,0.0241691842900302,0,3.66821281730538,0.0276682200027702,0.132979679564967,1.12214644369739,0.329516145578431,0.329516145578431
"Leaf299","Leaf85",0.398449612403101,0.480262373285629,0.955992844364937,0.0422960725075529,1,0.0422960725075529,0.0422960725075529,0,3.10293319987984,0.0876673175692176,0.18495677100359,1.13580739715702,0.443608390368771,0.443608390368771
"Leaf299","Leaf86",0.398449612403101,0.480262373285629,0.867143709004174,0.0498489425981873,1,0.0498489425981873,0.0498489425981873,0,2.93338041465338,0.023400403450935,0.0772408366454625,1.1518593378375,0.0933999401907256,0.0933999401907256
"Leaf299","Leaf87",0.398449612403101,0.480262373285629,0.554919499105546,0.138972809667674,1,0.138972809667674,0.138972809667674,0,1.81930452478375,0.053100371637329,0.066342060780835,2.30884730444082,0.116227330371909,0.116227330371909
"Leaf299","Leaf88",0.398449612403101,0.480262373285629,0.992963625521765,1,1,1,1,0,7.18916773842032,0.213141016012653,0.213141016012653,1.22957655482382,NA,NA
"Leaf299","Leaf90",0.398449612403101,0.480262373285629,0.379606440071556,0.167673716012085,1,0.167673716012085,0.167673716012085,0,1.59861724779338,0.0112304556257146,0.0365101760278579,2.6863231489634,0.0337305841490375,0.0337305841490375
"Leaf299","Leaf91",0.398449612403101,0.480262373285629,0.962790697674419,0.0422960725075529,1,0.0422960725075529,0.0422960725075529,0,3.10293319987984,0.0186367866106745,0.391050204864111,1.14154916078414,0.0224514257861107,0.0224514257861107
"Leaf299","Leaf99",0.398449612403101,0.480262373285629,0.840190816935003,0.193353474320242,1,0.193353474320242,0.193353474320242,0,1.42540282612983,0.104189752764197,0.0336131717436408,1.02124967235819,0.245997224338642,0.245997224338642
"Leaf3","Leaf33",0.398449612403101,0.480262373285629,0.68861061419201,0.0151057401812689,0.998489425981873,0.0151057401812689,0.0151285930408472,0.00481698697938672,3.02928985073331,0.0348709204868576,0.0125466465334973,0.978905373042568,0.343463853079132,0.343463853079132
"Leaf3","Leaf359",0.398449612403101,0.480262373285629,0.620870602265951,0.0151057401812689,0.194864048338369,0,0,0.0609266715065479,1.64766628855242,0.0605875144930649,NA,0.636619286624091,0.150189082250909,0.628588785267069
"Leaf3","Leaf371",0.398449612403101,0.480262373285629,0.745497912939773,0.0151057401812689,1,0.0151057401812689,0.0151057401812689,0,4.12943588203337,0.0129251317156241,0.301119516803936,0.695054167090614,0.15233978881836,0.15233978881836
"Leaf3","Leaf405",0.398449612403101,0.480262373285629,0.52546213476446,0.0151057401812689,1,0.0151057401812689,0.0151057401812689,0,4.12943588203337,0.0033819838248135,0.501865861339894,0.868745616577744,0.0463315285613,0.0463315285613
"Leaf3","Leaf41",0.398449612403101,0.480262373285629,0.340966010733453,0.0151057401812689,0.963746223564955,0.0151057401812689,0.0156739811912226,0.0240199159629482,0.200140472756198,0.0183489252772474,0.0878265257344814,0.84119540023921,0.137168803769385,0.169722519944518
"Leaf3","Leaf427",0.398449612403101,0.480262373285629,0.0523553965414431,0.0151057401812689,1,0.0151057401812689,0.0151057401812689,0,4.12943588203337,0.0682266611824238,0.671245589542108,1.27083633258059,0.561131366369677,0.561131366369677
"Leaf3","Leaf61",0.398449612403101,0.480262373285629,0.377459749552773,0.0151057401812689,0.998489425981873,0.0151057401812689,0.0151285930408472,0.00481698697938687,3.02928985073331,0.0690020753502306,0.219566314336204,0.976244852101523,0.609217511971498,0.609217511971498
"Leaf3","Leaf67",0.398449612403101,0.480262373285629,0.536911150864639,0.0151057401812689,1,0.0151057401812689,0.0151057401812689,0,4.12943588203337,0.0482381781785693,0.0250932930669947,1.12636715016028,0.459560258361007,0.459560258361007
"Leaf3","Leaf88",0.398449612403101,0.480262373285629,0.132259988073942,0.0151057401812689,1,0.0151057401812689,0.0151057401812689,0,4.12943588203337,0.0265387693928414,0.457952598472653,1.18874876200767,0.122255215710739,0.122255215710739
"Leaf30","Leaf33",0.398449612403101,0.480262373285629,0.855336911150865,0.00906344410876133,0.998489425981873,0.00906344410876133,0.00907715582450832,0.0037198289989276,3.51498383763405,0.028523965369279,0.0303588370359458,0.933197770703911,0.321139664301023,0.321139664301023
"Leaf30","Leaf359",0.398449612403101,0.480262373285629,0.887418008348241,0.00906344410876133,0.194864048338369,0,0,0.0470494938948425,1.16048137325091,0.0467886988291707,NA,0.573172449494055,0.124723122369193,0.626294663313614
"Leaf30","Leaf371",0.398449612403101,0.480262373285629,0.484555754323196,0.00906344410876133,1,0.00906344410876133,0.00906344410876133,0,4.61512051684126,0.0541995099858464,0.151794185179729,0.625040528680021,0.481024833250136,0.481024833250136
"Leaf30","Leaf405",0.398449612403101,0.480262373285629,0.0945736434108527,0.00906344410876133,1,0.00906344410876133,0.00906344410876133,0,4.61512051684126,0.0162203232052488,0.0303588370359458,0.83266954250835,0.0224073319694645,0.0224073319694645
"Leaf30","Leaf41",0.398449612403101,0.480262373285629,0.690757304710793,0.00906344410876133,0.963746223564955,0.00906344410876133,0.00940438871473354,0.0185489353268201,0.686057745589457,0.000225512229338504,0.0924061655450546,0.794686100158535,0.0247897752572021,0.113943379943869
"Leaf30","Leaf427",0.398449612403101,0.480262373285629,0.0558139534883721,0.00906344410876133,1,0.00906344410876133,0.00906344410876133,0,4.61512051684126,0.059949821484684,0.880406274042429,1.26655059045146,0.686108655108916,0.686108655108916
"Leaf30","Leaf61",0.398449612403101,0.480262373285629,0.790459153249851,0.00906344410876133,0.998489425981873,0.00906344410876133,0.00907715582450832,0.00371982899892754,3.51498383763405,0.00187397966988209,0.151794185179729,0.964483381180544,0.0362243459079833,0.0362243459079833
"Leaf30","Leaf67",0.398449612403101,0.480262373285629,0.707811568276685,0.00906344410876133,1,0.00906344410876133,0.00906344410876133,0,4.61512051684126,0.0377665911202113,0.394664881467296,1.07484032086239,0.426976221895013,0.426976221895013
"Leaf30","Leaf88",0.398449612403101,0.971019677996422,0.196899224806202,0.00906344410876133,1,0.00906344410876133,0.00906344410876133,0,4.61512051684126,0.00636618172203427,0.880406274042429,1.1814787588169,0.0683790172349585,0.0683790172349585
"Leaf304","Leaf33",0.398449612403101,0.480262373285629,0.813714967203339,0.00755287009063444,0.998489425981873,0.00755287009063444,0.0075642965204236,0.00339313850586379,3.68356231283632,0.00478924695912194,0.205195670417031,0.939741675697847,0.00138686371429232,0.00138686371429232
"Leaf304","Leaf359",0.398449612403101,0.480262373285629,0.307692307692308,0.00755287009063444,0.194864048338369,0.00302114803625378,0.0151515151515152,0.0451797296336534,1.08923135683434,0.0464669439446466,NA,0.516102614300145,0.139906226955741,0.374196386434084
"Leaf304","Leaf371",0.398449612403101,0.480262373285629,0.919141323792487,0.00755287009063444,1,0.00755287009063444,0.00755287009063444,0,4.78369667181349,0.0418359849590231,0.0512989176042577,0.64426780074563,0.331108164425216,0.331108164425216
"Leaf304","Leaf405",0.398449612403101,0.480262373285629,0.677996422182469,0.00755287009063444,1,0.00755287009063444,0.00755287009063444,0,4.78369667181349,0.0390158112198459,0.205195670417031,0.806539439534806,0.583640434726815,0.583640434726815
"Leaf304","Leaf41",0.398449612403101,0.480262373285629,0.930709600477042,0.00755287009063444,0.963746223564955,0.00755287009063444,0.00783699059561128,0.0169198924784858,0.854691609412142,0.020214426609324,0.0789473684210526,0.798369122809156,0.108633135191665,0.165421284496567
"Leaf304","Leaf427",0.858199165175909,0.480262373285629,0.919499105545617,0.00755287009063444,1,0.00755287009063444,0.00755287009063444,0,4.78369667181349,0.0995319885487642,0.615587011251092,1.33917966388425,1.19994704549178,1.19994704549178
"Leaf304","Leaf61",0.398449612403101,0.480262373285629,0.526058437686345,0.00755287009063444,0.998489425981873,0.00755287009063444,0.0075642965204236,0.00339313850586378,3.68356231283632,0.020514233936232,0.564288093646835,0.93390423125785,0.219691113968551,0.219691113968551
"Leaf304","Leaf67",0.398449612403101,0.480262373285629,0.912581991651759,0.00755287009063444,1,0.00755287009063444,0.00755287009063444,0,4.78369667181349,0.0009532536647151,0.102597835208515,1.0895423972824,0.167398072220289,0.167398072220289
"Leaf304","Leaf88",0.398449612403101,0.480262373285629,0.622182468694097,0.00755287009063444,1,0.00755287009063444,0.00755287009063444,0,4.78369667181349,0.0529367061731646,0.66688592885535,1.15966513948484,0.526364654092301,0.526364654092301
"Leaf306","Leaf33",0.398449612403101,0.480262373285629,0.727608825283244,0.114803625377644,0.998489425981873,0.114803625377644,0.114977307110439,0.0140073912175282,0.936563153537172,0.137878013740431,0.134590091555356,1.58716844795738,0.33169120403527,0.33169120403527
"Leaf306","Leaf359",0.398449612403101,0.480262373285629,0.136314847942755,0.114803625377644,0.194864048338369,0.0377643504531722,0.138888888888889,0.121908018714207,0.826890493868865,0.126048482014218,0.110155631471235,1.15279561306069,0.217512141715605,0.337940951408541
"Leaf306","Leaf371",0.398449612403101,0.480262373285629,0.83422778771616,0.114803625377644,1,0.114803625377644,0.114803625377644,0,2.03688192726104,0.165982001846311,0.234919281325261,1.36194814998738,0.22600926274772,0.22600926274772
"Leaf306","Leaf405",0.398449612403101,0.480262373285629,0.225760286225403,0.114803625377644,1,0.114803625377644,0.114803625377644,0,2.03688192726104,0.105563312241377,0.188147336783054,1.51865400739042,0.21235734313493,0.21235734313493
"Leaf306","Leaf41",0.398449612403101,0.480262373285629,0.687179487179487,0.114803625377644,0.963746223564955,0.113293051359517,0.117370892018779,0.0444973926186367,0.741500635817097,0.158007455429568,0.328870065843718,1.46185298403491,0.278705079713736,0.498920769486507
"Leaf306","Leaf427",0.398449612403101,0.480262373285629,0.800477042337507,0.114803625377644,1,0.114803625377644,0.114803625377644,0,2.03688192726104,0.103984738992763,0.0334451988166046,1.99996046308268,0.109876747085149,0.109876747085149
"Leaf306","Leaf61",0.398449612403101,0.480262373285629,0.0295766249254621,0.114803625377644,0.998489425981873,0.114803625377644,0.114977307110439,0.0140073912175283,0.936563153537172,0.0944627704267158,0.0200483439486842,1.60995732496557,0.244991781785917,0.244991781785917
"Leaf306","Leaf67",0.398449612403101,0.480262373285629,0.861657722122838,0.114803625377644,1,0.114803625377644,0.114803625377644,0,2.03688192726104,0.170241713596706,0.012563423729066,1.66940902064776,0.409239568501757,0.409239568501757
"Leaf306","Leaf88",0.398449612403101,0.480262373285629,0.0918306499701849,0.114803625377644,1,0.114803625377644,0.114803625377644,0,2.03688192726104,0.0492025902136606,0.0147833654270407,1.82040854544808,0.129277398580768,0.129277398580768
"Leaf311","Leaf33",0.398449612403101,0.480262373285629,0.853309481216458,0.0694864048338369,0.998489425981873,0.0694864048338369,0.0695915279878971,0.0106288879813746,1.48437034436309,0.0242869383072718,0.0283863055242083,1.44766526266858,0.0721462909003431,0.0721462909003431
"Leaf311","Leaf359",0.398449612403101,0.480262373285629,0.879189028026237,0.0694864048338369,0.194864048338369,0.0196374622356495,0.0802469135802469,0.0605353032329174,0.548860572362883,0.0588262028091414,0.534280337100829,0.988425124411696,0.135477400920053,0.177740536180183
"Leaf311","Leaf371",0.398449612403101,0.995110316040549,0.989147286821705,0.0694864048338369,1,0.0694864048338369,0.0694864048338369,0,2.58460601001109,0.0195707062704458,0.210645493156806,1.36965030006723,0.162683338939212,0.162683338939212
"Leaf311","Leaf405",0.398449612403101,0.480262373285629,0.309242695289207,0.0694864048338369,1,0.0694864048338369,0.0694864048338369,0,2.58460601001109,0.0534759320136823,0.0880248416495884,1.28824442193245,0.220909461691016,0.220909461691016
"Leaf311","Leaf41",0.398449612403101,0.480262373285629,0.840429338103757,0.0694864048338369,0.963746223564955,0.06797583081571,0.0704225352112676,0.0212195923892805,0.183210424949131,0.0422688629041595,0.0128351806524602,1.28275933538256,0.134305903870397,0.16403250686999
"Leaf311","Leaf427",0.398449612403101,0.988073941562314,0.989505068574836,0.0694864048338369,1,0.0694864048338369,0.0694864048338369,0,2.58460601001109,0.000436587658975414,0.313189866388929,2.09066400335551,0.0920878269626122,0.0920878269626122
"Leaf311","Leaf61",0.398449612403101,0.480262373285629,0.983303518187239,0.0694864048338369,0.998489425981873,0.0694864048338369,0.0695915279878971,0.0106288879813745,1.48437034436309,0.00541975193894583,0.226593469074565,1.57479337781717,0.0289581813912807,0.0289581813912807
"Leaf311","Leaf67",0.398449612403101,0.480262373285629,0.950983899821109,0.0694864048338369,1,0.0694864048338369,0.0694864048338369,0,2.58460601001109,0.0287929783582292,0.322982381004205,1.60486836607402,0.130002823930195,0.130002823930195
"Leaf311","Leaf88",0.398449612403101,0.480262373285629,0.915086463923673,0.0694864048338369,1,0.0694864048338369,0.0694864048338369,0,2.58460601001109,0.0203949352777033,0.334835579825217,1.70602692515382,0.0539978939568213,0.0539978939568213
"Leaf313","Leaf33",0.398449612403101,0.480262373285629,0.993679189028026,0.998489425981873,0.998489425981873,0.996978851963746,0.996978851963746,0.00151285930408478,4.98891972718611,0.252087802875705,0.24830444214009,1.0766081947075,NA,NA
"Leaf313","Leaf359",0.398449612403101,0.480262373285629,0.786404293381038,0.194864048338369,0.998489425981873,0.194864048338369,0.195158850226929,0.0191350905140556,0.315289727775878,0.13064054595252,0.0928143326952936,0.995059762592043,0.269103366940779,0.269103366940779
"Leaf313","Leaf371",0.398449612403101,0.965891472868217,0.996660703637448,0.998489425981873,1,0.998489425981873,0.998489425981873,0,6.08904487544685,0.41669380503134,0.416741357005674,0.777005580839402,NA,NA
"Leaf313","Leaf405",0.398449612403101,0.991174716756112,1,0.998489425981873,1,0.998489425981873,0.998489425981873,0,6.08904487544685,0.968966194106777,0.968825234403571,0.0690696180501873,NA,NA
"Leaf313","Leaf41",0.398449612403101,0.981276088252832,0.997376267143709,0.963746223564955,0.998489425981873,0.962235649546828,0.962235649546828,0.00754387618305415,2.16026887081379,0.461864684865594,0.444990723726941,0.775092254502388,0.787739304587415,0.787739304587415
"Leaf313","Leaf427",0.398449612403101,0.480262373285629,0.994394752534287,0.998489425981873,1,0.998489425981873,0.998489425981873,0,6.08904487544685,0.40331474041986,0.404700063121316,1.31583449275478,NA,NA
"Leaf313","Leaf61",0.398449612403101,0.480262373285629,0.984734645199761,0.998489425981873,0.998489425981873,0.996978851963746,0.996978851963746,0.00151285930408482,4.98891972718611,0.140545315667667,0.14249467953672,1.29199684905808,NA,NA
"Leaf313","Leaf67",0.398449612403101,0.480262373285629,0.997257006559332,0.998489425981873,1,0.998489425981873,0.998489425981873,0,6.08904487544685,0.354137824183967,0.351982578172662,1.06749948428566,NA,NA
"Leaf313","Leaf88",0.398449612403101,0.968753726893262,0.992725104353011,0.998489425981873,1,0.998489425981873,0.998489425981873,0,6.08904487544685,0.273791583893376,0.274880261744096,1.32007451347573,NA,NA
"Leaf314","Leaf33",0.398449612403101,0.964698867024448,0.958378056052475,0.0362537764350453,0.998489425981873,0.0362537764350453,0.0363086232980333,0.00754387618305423,2.16026887081379,0.0759387194242401,0.269209645950423,1.29947781210465,0.463336125715043,0.463336125715043
"Leaf314","Leaf359",0.398449612403101,0.480262373285629,0.923673225998807,0.0362537764350453,0.194864048338369,0.0105740181268882,0.047945205479452,0.0474003900674168,0.591666398187708,0.0515761084802865,0.427442990212055,0.914567768138794,0.15690328190856,0.267575832347834
"Leaf314","Leaf371",0.398449612403101,0.480262373285629,0.320333929636255,0.0362537764350453,1,0.0362537764350453,0.0362537764350453,0,3.26044855792191,0.0512797672712961,0.0392973812041725,1.12886021460198,0.13879011822619,0.13879011822619
"Leaf314","Leaf405",0.398449612403101,0.480262373285629,0.928920691711389,0.0362537764350453,1,0.0362537764350453,0.0362537764350453,0,3.26044855792191,0.0232512884548241,0.221781772083318,1.34244435819224,0.0915889806828327,0.0915889806828327
"Leaf314","Leaf41",0.398449612403101,0.480262373285629,0.791890280262373,0.0362537764350453,0.963746223564955,0.0362537764350453,0.0376175548589342,0.0376175548589336,0.669684486655218,0.0213233445659459,0.226114275956775,1.25222410652487,0.0179419233284376,0.219074952713329
"Leaf314","Leaf427",0.398449612403101,0.480262373285629,0.696839594514013,0.0362537764350453,1,0.0362537764350453,0.0362537764350453,0,3.26044855792191,0.0456100839096851,0.0763695035776171,1.75421288738338,0.1056917169606,0.1056917169606
"Leaf314","Leaf61",0.398449612403101,0.480262373285629,0.710316040548599,0.0362537764350453,0.998489425981873,0.0362537764350453,0.0363086232980333,0.00754387618305409,2.16026887081379,0.0347938995239403,0.202177037789565,1.44840755640912,0.218089164674039,0.218089164674039
"Leaf314","Leaf67",0.398449612403101,0.480262373285629,0.924388789505069,0.0362537764350453,1,0.0362537764350453,0.0362537764350453,0,3.26044855792191,0.0486417653897178,0.129438483411644,1.63064401940648,0.149699023879468,0.149699023879468
"Leaf314","Leaf88",0.398449612403101,0.96994633273703,0.940966010733453,0.0362537764350453,1,0.0362537764350453,0.0362537764350453,0,3.26044855792191,0.0511676195243966,0.214554667494045,1.50982708397287,0.295696336352543,0.295696336352543
"Leaf32","Leaf33",0.398449612403101,0.961955873583781,0.974836016696482,0.0513595166163142,0.998489425981873,0.0513595166163142,0.0514372163388805,0.0090502152153459,1.80217205830052,0.0255943364567115,0.407312192709955,1.76358021682894,0.101398189819483,0.101398189819483
"Leaf32","Leaf359",0.398449612403101,0.480262373285629,0.652593917710197,0.0513595166163142,0.194864048338369,0.00755287009063444,0.0316455696202532,0.0280824200594681,0.280380047218448,0.0267756675974723,0.860309002014607,1.26907114657527,0.0544095293273283,0.0965060729839299
"Leaf32","Leaf371",0.398449612403101,0.965175909361956,0.948598688133572,0.0513595166163142,1,0.0513595166163142,0.0513595166163142,0,2.90237670399299,0.0369395538377146,0.204010064777868,1.24695004132628,0.256036013039224,0.256036013039224
"Leaf32","Leaf405",0.398449612403101,0.480262373285629,0.897912939773405,0.0513595166163142,1,0.0513595166163142,0.0513595166163142,0,2.90237670399299,0.0173831574164541,0.2356792780017,1.559415700764,0.0368872287103394,0.0368872287103394
"Leaf32","Leaf41",0.398449612403101,0.480262373285629,0.978413834227788,0.0513595166163142,0.963746223564955,0.0468277945619335,0.0483619344773791,0.0647069040445779,1.14407466274487,0.0494311393944129,0.110173545879456,1.64404043553684,0.246615184676109,0.34373224641449
"Leaf32","Leaf427",0.398449612403101,0.480262373285629,0.921049493142516,0.0513595166163142,1,0.0513595166163142,0.0513595166163142,0,2.90237670399299,0.00551503112009446,0.193272692947454,1.99898172457583,0.071763749553885,0.071763749553885
"Leaf32","Leaf61",0.398449612403101,0.480262373285629,0.760763267740012,0.0513595166163142,0.998489425981873,0.0513595166163142,0.0514372163388805,0.00905021521534588,1.80217205830052,0.0264135359721928,0.203400107202658,1.69568238087701,0.0481218312626647,0.0481218312626647
"Leaf32","Leaf67",0.88479427549195,0.96386404293381,0.982468694096601,0.0513595166163142,1,0.0513595166163142,0.0513595166163142,0,2.90237670399299,0.0709221593225645,0.511227106552552,1.96795900674148,0.309867659740251,0.309867659740251
"Leaf32","Leaf88",0.398449612403101,0.480262373285629,0.153488372093023,0.0513595166163142,1,0.0513595166163142,0.0513595166163142,0,2.90237670399299,0.0324411328045965,0.175003134907645,1.82114605594002,0.13185016616814,0.13185016616814
"Leaf324","Leaf33",0.398449612403101,0.480262373285629,0.538700059630292,0.0105740181268882,0.998489425981873,0.0105740181268882,0.010590015128593,0.00402094044079074,3.37035627613958,0.0123871696937341,0.453163483587483,1.01896857833834,0.100963446821743,0.100963446821743
"Leaf324","Leaf359",0.398449612403101,0.480262373285629,0.614192009540847,0.0105740181268882,0.194864048338369,0.00151057401812689,0.00740740740740741,0.0135734082894178,0.05411710777848,0.0102650979055614,NA,0.669448460880103,0.0822497004152545,0.0975027960784909
"Leaf324","Leaf371",0.398449612403101,0.480262373285629,0.0875372689326178,0.0105740181268882,1,0.0105740181268882,0.0105740181268882,0,4.47049528266149,0.00631556778961604,0.571380044523348,0.730749845027936,0.165135707235705,0.165135707235705
"Leaf324","Leaf405",0.398449612403101,0.480262373285629,0.573524150268336,0.0105740181268882,1,0.0105740181268882,0.0105740181268882,0,4.47049528266149,0.0373087425773716,0.669893845303235,0.896858398285558,0.37525318998401,0.37525318998401
"Leaf324","Leaf41",0.398449612403101,0.480262373285629,0.816935002981515,0.0105740181268882,0.963746223564955,0.0105740181268882,0.0109717868338558,0.0200504281811671,0.541374623137654,0.00355295759321216,0.807813166395078,0.860013053743118,0.0243161227818821,0.114838296777004
"Leaf324","Leaf427",0.398449612403101,0.480262373285629,0.239594514013119,0.0105740181268882,1,0.0105740181268882,0.0105740181268882,0,4.47049528266149,0.0252910531708534,0.0197027601559775,1.38838307745828,0.0763316428884224,0.0763316428884224
"Leaf324","Leaf61",0.398449612403101,0.480262373285629,0.906380441264162,0.0105740181268882,0.998489425981873,0.0105740181268882,0.010590015128593,0.00402094044079072,3.37035627613958,0.0532438169601426,0.216730361715753,1.08255919413362,0.460994373210712,0.460994373210712
"Leaf324","Leaf67",0.398449612403101,0.480262373285629,0.579367918902803,0.0105740181268882,1,0.0105740181268882,0.0105740181268882,0,4.47049528266149,0.0554998220173206,0.197027601559775,1.19871800224247,0.298971386033133,0.298971386033133
"Leaf324","Leaf88",0.398449612403101,0.480262373285629,0.229099582587955,0.0105740181268882,1,0.0105740181268882,0.0105740181268882,0,4.47049528266149,0.0292219043655914,0.216730361715753,1.22712801097352,0.401849376801996,0.401849376801996
"Leaf326","Leaf33",0.909600477042338,0.480262373285629,0.980441264162194,0.00755287009063444,0.998489425981873,0.00755287009063444,0.0075642965204236,0.00339313850586371,3.68356231283632,0.027801119001559,0.974679434480896,1.05774040435791,0.404171486590204,0.404171486590204
"Leaf326","Leaf359",0.398449612403101,0.480262373285629,0.0665474060822898,0.00755287009063444,0.194864048338369,0.00151057401812689,0.0075187969924812,0.00113115670658618,0.317391972038077,0.00178659042347834,NA,0.571942408131908,0.0362129873711494,0.107759003377599
"Leaf326","Leaf371",0.398449612403101,0.480262373285629,0.94144305307096,0.00755287009063444,1,0.00755287009063444,0.00755287009063444,0,4.78369667181349,0.0638153180986217,0.153896752812773,0.692384011607628,0.500409871642142,0.500409871642142
"Leaf326","Leaf405",0.398449612403101,0.480262373285629,0.823494335122242,0.00755287009063444,1,0.00755287009063444,0.00755287009063444,0,4.78369667181349,0.0420705746755226,0.820782681668123,0.87679936722112,0.276706258433243,0.276706258433243
"Leaf326","Leaf41",0.398449612403101,0.480262373285629,0.828622540250447,0.00755287009063444,0.963746223564955,0.00755287009063444,0.00783699059561128,0.0169198924784856,0.854691609412142,0.0361500223403736,0.394736842105263,0.843735855082289,0.107581008698652,0.223329142023474
"Leaf326","Leaf427",0.398449612403101,0.480262373285629,0.22432915921288,0.00755287009063444,1,0.00755287009063444,0.00755287009063444,0,4.78369667181349,0.0177998418567833,0.564288093646835,1.3120601793166,0.00318495944160789,0.00318495944160789
"Leaf326","Leaf61",0.398449612403101,0.480262373285629,0.893858079904592,0.00755287009063444,0.998489425981873,0.00755287009063444,0.0075642965204236,0.00339313850586368,3.68356231283632,0.0159828148813003,0.0512989176042577,0.986066590806477,0.15898237495719,0.15898237495719
"Leaf326","Leaf67",0.398449612403101,0.480262373285629,0.916040548598688,0.00755287009063444,1,0.00755287009063444,0.00755287009063444,0,4.78369667181349,0.0329168337404084,0.66688592885535,1.15366225241792,0.12833799487816,0.12833799487816
"Leaf326","Leaf88",0.398449612403101,0.480262373285629,0.209421586165772,0.00755287009063444,1,0.00755287009063444,0.00755287009063444,0,4.78369667181349,0.00174755914801841,0.66688592885535,1.17971607825531,0.176999405451562,0.176999405451562
"Leaf33","Leaf334",0.398449612403101,0.480262373285629,0.930948121645796,0.0211480362537764,0.998489425981873,0.0211480362537764,0.0211800302571861,0.00571709995350562,2.70035785547905,0.00216642503165241,0.517119778732855,0.967699748043865,0.00291552855030415,0.00291552855030415
"Leaf33","Leaf335",0.805128205128205,0.96541443053071,0.93726893261777,0.0845921450151057,0.998489425981873,0.0845921450151057,0.0847201210287443,0.0118237971868355,1.27320163617264,0.111416958343989,0.158197825304202,1.53859236843516,0.41513609931356,0.41513609931356
"Leaf33","Leaf336",0.398449612403101,0.480262373285629,0.904233750745379,0.0241691842900302,0.998489425981873,0.0241691842900302,0.0242057488653555,0.00612129067125349,2.56805254071205,0.0564826996333906,0.424473737155027,0.925027524296863,0.259978978717824,0.259978978717824
"Leaf33","Leaf337",0.398449612403101,0.480262373285629,0.826475849731664,0.0241691842900302,0.998489425981873,0.0241691842900302,0.0242057488653555,0.00612129067125348,2.56805254071205,0.056184096331387,0.0487898409744346,1.1540908280073,0.220267947939117,0.220267947939117
"Leaf33","Leaf34",0.398449612403101,0.480262373285629,0.601669648181276,0.0241691842900302,0.998489425981873,0.0241691842900302,0.0242057488653555,0.00612129067125348,2.56805254071205,0.0488608045400515,0.0290812929572132,1.10621462007235,0.367698873125736,0.367698873125736
"Leaf33","Leaf343",0.398449612403101,0.480262373285629,0.704114490161002,0.00604229607250755,0.998489425981873,0.00604229607250755,0.00605143721633888,0.00303260829893017,3.88575507860754,0.0137128318558916,0.2,0.889617603892181,0.152589880644256,0.152589880644256
"Leaf33","Leaf344",0.398449612403101,0.480262373285629,0.765652951699463,0.0151057401812689,0.998489425981873,0.0151057401812689,0.0151285930408472,0.00481698697938675,3.02928985073331,0.0601914373392212,0.0074566675173482,0.983219422626671,0.574008769041916,0.574008769041916
"Leaf33","Leaf351",0.948002385211688,0.973285629099583,0.909719737626714,0.0256797583081571,0.998489425981873,0.0256797583081571,0.0257186081694402,0.00631457133267266,2.50766165278166,0.0701807295729954,0.281125841854159,1.02265453556787,0.594340621547379,0.594340621547379
"Leaf33","Leaf354",0.398449612403101,0.480262373285629,0.904472271914132,0.0105740181268882,0.998489425981873,0.0105740181268882,0.010590015128593,0.00402094044079073,3.37035627613958,0.0312917765766183,0.47286624374346,1.01330552899785,0.14249442006685,0.14249442006685
"Leaf33","Leaf357",0.398449612403101,0.480262373285629,0.673345259391771,0.00755287009063444,0.998489425981873,0.00755287009063444,0.0075642965204236,0.0033931385058637,3.68356231283632,0.0287682361685883,0.410391340834062,0.887681458358883,0.375215545920727,0.375215545920727
"Leaf33","Leaf359",0.398449612403101,0.973047107930829,0.963029218843172,0.194864048338369,0.998489425981873,0.194864048338369,0.195158850226929,0.0191350905140556,0.315289727775878,0.100214827854038,0.119540394500725,1.06840019478884,0.279747270768174,0.279747270768174
"Leaf33","Leaf361",0.398449612403101,0.480262373285629,0.0505664877757901,0.0196374622356495,0.998489425981873,0.0196374622356495,0.0196671709531014,0.00550488940158945,2.77336002964401,0.00570090829245557,0.350185175197976,1.13347376059244,0.00418468037982532,0.00418468037982532
"Leaf33","Leaf363",0.398449612403101,0.480262373285629,0.941920095408468,0.00755287009063444,0.998489425981873,0.00755287009063444,0.0075642965204236,0.00339313850586373,3.68356231283632,0.0721582495527481,0.359092423229804,0.884828159773785,0.793581981112773,0.793581981112773
"Leaf33","Leaf369",0.398449612403101,0.480262373285629,0.679189028026237,0.00755287009063444,0.998489425981873,0.00755287009063444,0.0075642965204236,0.00339313850586374,3.68356231283632,0.0243311508759204,0.0512989176042577,0.982987924989344,0.167320374150156,0.167320374150156
"Leaf33","Leaf371",0.398449612403101,0.98974358974359,0.999165175909362,0.998489425981873,1,0.998489425981873,0.998489425981873,0,6.08904487544685,0.507030799208426,0.506236486415392,0.722318578437523,NA,NA
"Leaf33","Leaf380",0.398449612403101,0.480262373285629,0.153846153846154,0.00906344410876133,0.998489425981873,0.00906344410876133,0.00907715582450832,0.00371982899892762,3.51498383763405,0.066954160758533,0.819688599970537,0.947523484738845,0.700758958909972,0.700758958909972
"Leaf33","Leaf391",0.398449612403101,0.962552176505665,0.858437686344663,0.110271903323263,0.998489425981873,0.110271903323263,0.110438729198185,0.0136931401411039,0.981679231813431,0.0451453017859933,0.0862736995436488,1.91223005668887,0.0647169290972239,0.0647169290972239
"Leaf33","Leaf394",0.398449612403101,0.480262373285629,0.822301729278473,0.00906344410876133,0.998489425981873,0.00906344410876133,0.00907715582450832,0.00371982899892762,3.51498383763405,0.0185291696728299,0.678934739833205,0.82039260565902,0.292937176973985,0.292937176973985
"Leaf33","Leaf396",0.398449612403101,0.480262373285629,0.915682766845558,0.00906344410876133,0.998489425981873,0.00906344410876133,0.00907715582450832,0.00371982899892761,3.51498383763405,0.032120864692339,0.0910765111078374,0.898283315478732,0.342920173626955,0.342920173626955
"Leaf33","Leaf405",0.398449612403101,0.974001192605844,0.992486583184258,0.998489425981873,1,0.998489425981873,0.998489425981873,0,6.08904487544685,0.241021250940228,0.237609300603233,1.11220419391867,NA,NA
"Leaf33","Leaf406",0.398449612403101,0.480262373285629,0.919260584376863,0.00302114803625378,0.998489425981873,0.00302114803625378,0.00302571860816944,0.00214112637029909,4.4765789516151,0.0196111459848036,NA,0.812491606712883,0.216327218913399,0.216327218913399
"Leaf33","Leaf41",0.398449612403101,0.980560524746571,0.995587358378056,0.963746223564955,0.998489425981873,0.962235649546828,0.962235649546828,0.00754387618305425,2.16026887081379,0.427552898700563,0.416447032778985,0.884963553607877,0.639646194845312,0.639646194845312
"Leaf33","Leaf412",0.398449612403101,0.480262373285629,0.418723911747168,0.00604229607250755,0.998489425981873,0.00604229607250755,0.00605143721633888,0.00303260829893018,3.88575507860754,0.0488182114250815,0.8,0.902003904791785,0.405253092170505,0.405253092170505
"Leaf33","Leaf416",0.398449612403101,0.480262373285629,0.983422778771616,0.15558912386707,0.998489425981873,0.15558912386707,0.155824508320726,0.0166959824160942,0.587070717135722,0.0621374428994468,0.206552183477358,2.8940412507941,0.0977559219281871,0.0977559219281871
"Leaf33","Leaf420",0.398449612403101,0.480262373285629,0.943828264758497,0.0226586102719033,0.998489425981873,0.0226586102719033,0.0226928895612708,0.00592233213092989,2.6321208856186,0.0545209670299881,0.0669744968186797,1.34118673932411,0.449693843207,0.449693843207
"Leaf33","Leaf434",0.398449612403101,0.480262373285629,0.0374478234943351,0.0422960725075529,0.998489425981873,0.0422960725075529,0.0423600605143722,0.00817398162309648,2.00274362381848,0.0478280636977218,0.0717148752002373,1.23559235481755,0.302650089628427,0.302650089628427
"Leaf33","Leaf443",0.398449612403101,0.480262373285629,0.777698270721527,0.0105740181268882,0.998489425981873,0.0105740181268882,0.010590015128593,0.00402094044079075,3.37035627613958,0.00529275882648994,0.778311782494156,0.993397584352674,0.0104855939564358,0.0104855939564358
"Leaf33","Leaf446",0.398449612403101,0.480262373285629,0.831484794275492,0.00604229607250755,0.998489425981873,0.00604229607250755,0.00605143721633888,0.00303260829893018,3.88575507860754,0.0500619821148118,0.2,0.817998589412081,0.677388828044472,0.677388828044472
"Leaf33","Leaf454",0.398449612403101,0.480262373285629,0.744663088849135,0.00453172205438067,0.998489425981873,0.00453172205438067,0.00453857791225416,0.00262432241771679,4.13858926401986,0.0483552394464865,0.5,0.905514668481509,0.556056400825185,0.556056400825185
"Leaf33","Leaf456",0.398449612403101,0.480262373285629,0.331067382230173,0.0196374622356495,0.998489425981873,0.0196374622356495,0.0196671709531014,0.00550488940158947,2.77336002964401,0.00979764552999859,0.081034585996226,1.12968871793503,0.132421807841034,0.132421807841034
"Leaf33","Leaf466",0.398449612403101,0.480262373285629,0.973166368515206,0.361027190332326,0.998489425981873,0.361027190332326,0.361573373676248,0.0292366788350785,0.530976258721851,0.16531821012517,0.00719811771844463,1.62424847337361,0.347556769102186,0.347556769102186
"Leaf33","Leaf49",0.398449612403101,0.480262373285629,0.942874180083482,0.00604229607250755,0.998489425981873,0.00604229607250755,0.00605143721633888,0.00303260829893014,3.88575507860754,0.0545237639071382,1,0.87926080192583,0.726306173929937,0.726306173929937
"Leaf33","Leaf50",0.398449612403101,0.480262373285629,0.929159212880143,0.0468277945619335,0.998489425981873,0.0468277945619335,0.0468986384266263,0.00862115468627074,1.89791332090528,0.0582246857812513,0.353423278962922,1.37072221549524,0.223786862407348,0.223786862407348
"Leaf33","Leaf51",0.398449612403101,0.480262373285629,0.670125223613596,0.0196374622356495,0.998489425981873,0.0196374622356495,0.0196671709531014,0.00550488940158941,2.77336002964401,0.0138976455561153,0.141208136032146,0.904487712357672,0.196425093861311,0.196425093861311
"Leaf33","Leaf53",0.398449612403101,0.480262373285629,0.651878354203936,0.0120845921450151,0.998489425981873,0.0120845921450151,0.0121028744326778,0.00430185125370324,3.2436640808999,0.00866501667184751,0.012683657235796,0.983910824564026,0.239137741967533,0.239137741967533
"Leaf33","Leaf58",0.398449612403101,0.970304114490161,0.532737030411449,0.0166163141993958,0.998489425981873,0.0166163141993958,0.0166414523449319,0.00505597733656434,2.93678197391525,0.0490799307743251,0.251144170737473,1.14127734782593,0.256750433505252,0.256750433505252
"Leaf33","Leaf61",0.398449612403101,0.480262373285629,0.994036970781157,0.998489425981873,0.998489425981873,0.996978851963746,0.996978851963746,0.0015128593040848,4.98891972718611,0.277866439899528,0.276745101396119,1.14811123164848,NA,NA
"Leaf33","Leaf62",0.398449612403101,0.480262373285629,0.886583184257603,0.125377643504532,0.998489425981873,0.125377643504532,0.125567322239032,0.0147264828030877,0.836979626108812,0.0419367226903193,0.0476052699041539,1.20622513689814,0.0926970894592102,0.0926970894592102
"Leaf33","Leaf64",0.398449612403101,0.480262373285629,0.935718545020871,0.013595166163142,0.998489425981873,0.013595166163142,0.0136157337367625,0.00456629467622064,3.13090705192224,0.0637541275982917,0.237346441585572,1.02499448242127,0.414230578568601,0.414230578568601
"Leaf33","Leaf67",0.398449612403101,0.975790101371497,0.998330351818724,0.998489425981873,1,0.998489425981873,0.998489425981873,0,6.08904487544685,0.432838571999831,0.430729696109014,1.04116280241478,NA,NA
"Leaf33","Leaf68",0.398449612403101,0.480262373285629,0.980918306499702,0.182779456193353,0.998489425981873,0.182779456193353,0.183055975794251,0.0183947259878161,0.39396808563055,0.0670136930931257,0.211770427939117,2.93257278014548,0.0946503061117512,0.0946503061117512
"Leaf33","Leaf69",0.398449612403101,0.480262373285629,0.471437090041741,0.0151057401812689,0.998489425981873,0.0151057401812689,0.0151285930408472,0.00481698697938682,3.02928985073331,0.0179185470463421,0.480056814819398,1.01850116525792,0.196076853663495,0.196076853663495
"Leaf33","Leaf70",0.398449612403101,0.480262373285629,0.888849135360763,0.00906344410876133,0.998489425981873,0.00906344410876133,0.00907715582450832,0.00371982899892761,3.51498383763405,0.0135386436647392,0.927633657043918,0.905206673193789,0.166318520284252,0.166318520284252
"Leaf33","Leaf75",0.398449612403101,0.480262373285629,0.915802027429934,0.00604229607250755,0.998489425981873,0.00604229607250755,0.00605143721633888,0.00303260829893016,3.88575507860754,0.0298028103313563,1,0.84663193276667,0.428427209934537,0.428427209934537
"Leaf33","Leaf76",0.398449612403101,0.480262373285629,0.735241502683363,0.0936555891238671,0.998489425981873,0.0936555891238671,0.0937972768532526,0.012503151392966,1.1623171290571,0.0284641024737345,0.0204401092253945,2.04137592959494,0.147512046466845,0.147512046466845
"Leaf33","Leaf78",0.398449612403101,0.480262373285629,0.185092426952892,0.0256797583081571,0.998489425981873,0.0256797583081571,0.0257186081694402,0.00631457133267267,2.50766165278166,0.0525692358138715,0.191078926589545,1.21231236337879,0.374939638607807,0.374939638607807
"Leaf33","Leaf82",0.398449612403101,0.480262373285629,0.138580799045915,0.0196374622356495,0.998489425981873,0.0196374622356495,0.0196671709531014,0.00550488940158943,2.77336002964401,0.0504951381465479,0.261515645987607,1.05514545566411,0.486575840041976,0.486575840041976
"Leaf33","Leaf83",0.398449612403101,0.480262373285629,0.9376267143709,0.0241691842900302,0.998489425981873,0.0241691842900302,0.0242057488653555,0.00612129067125349,2.56805254071205,0.000181257504973096,0.258403695518288,1.25927620486725,0.0649934836976691,0.0649934836976691
"Leaf33","Leaf85",0.398449612403101,0.480262373285629,0.507811568276685,0.0422960725075529,0.998489425981873,0.0422960725075529,0.0423600605143722,0.00817398162309649,2.00274362381848,0.0434864623789864,0.0827398771705866,1.3191733866653,0.23285795563922,0.23285795563922
"Leaf33","Leaf86",0.398449612403101,0.480262373285629,0.918902802623733,0.0498489425981873,0.998489425981873,0.0498489425981873,0.0499243570347958,0.00890904017701516,1.83317830053117,0.0347552513455557,0.251504907868771,1.34884311821549,0.113125105732439,0.113125105732439
"Leaf33","Leaf87",0.398449612403101,0.480262373285629,0.368872987477639,0.138972809667674,0.998489425981873,0.138972809667674,0.139183055975794,0.0156262855457568,0.718937849700748,0.00795369467017285,0.00391540976415186,2.56245742292584,0.0339909893470702,0.0339909893470702
"Leaf33","Leaf88",0.398449612403101,0.975432319618366,0.994275491949911,0.998489425981873,1,0.998489425981873,0.998489425981873,0,6.08904487544685,0.304997761857755,0.304737565128602,1.30788255304299,NA,NA
"Leaf33","Leaf90",0.398449612403101,0.480262373285629,0.935122242098986,0.167673716012085,0.998489425981873,0.167673716012085,0.167927382753404,0.0174576169551317,0.498190076594452,0.0240212051671292,0.018138500692987,2.96645343155295,0.0536192799910767,0.0536192799910767
"Leaf33","Leaf91",0.398449612403101,0.480262373285629,0.966726296958855,0.0422960725075529,0.998489425981873,0.0422960725075529,0.0423600605143722,0.00817398162309648,2.00274362381848,0.0494822278270003,0.129296203171766,1.34719824615979,0.253024506139713,0.253024506139713
"Leaf33","Leaf99",0.398449612403101,0.480262373285629,0.938819320214669,0.193353474320242,0.998489425981873,0.193353474320242,0.193645990922844,0.0190429236674175,0.324917877738424,0.128133482990454,0.0379640616089567,1.19807438386714,0.345465567456831,0.345465567456831
"Leaf334","Leaf359",0.398449612403101,0.480262373285629,0.264519976147883,0.0211480362537764,0.194864048338369,0.0105740181268882,0.0514705882352941,0.113232064249854,1.45814030158925,0.10442116725186,0.423659272868162,0.522560759167074,0.200563987892343,0.495493957703691
"Leaf334","Leaf371",0.398449612403101,0.480262373285629,0.0126416219439475,0.0211480362537764,1,0.0211480362537764,0.0211480362537764,0,3.80051335432997,0.000154723055911768,0.611962707583422,0.650245387245823,0.121275622699124,0.121275622699124
"Leaf334","Leaf405",0.398449612403101,0.480262373285629,0.194633273703041,0.0211480362537764,1,0.0211480362537764,0.0211480362537764,0,3.80051335432997,0.00266244815082094,0.0158071548084279,0.824122657478821,0.0407120776490507,0.0407120776490507
"Leaf334","Leaf41",0.398449612403101,0.480262373285629,0.861299940369708,0.0211480362537764,0.963746223564955,0.0211480362537764,0.0219435736677116,0.0285083312499342,0.129017617971523,0.0103226016019615,0.420144983473359,0.792452601754207,0.143313670138315,0.186315564039593
"Leaf334","Leaf427",0.398449612403101,0.480262373285629,0.272510435301133,0.0211480362537764,1,0.0211480362537764,0.0211480362537764,0,3.80051335432997,0.0448284136409927,0.293884574164094,1.26658435736358,0.364477185752547,0.364477185752547
"Leaf334","Leaf61",0.398449612403101,0.480262373285629,0.3695885509839,0.0211480362537764,0.998489425981873,0.0211480362537764,0.0211800302571861,0.00571709995350561,2.70035785547905,0.0275176701815482,0.327794332721489,0.93572161598315,0.217855480715463,0.217855480715463
"Leaf334","Leaf67",0.398449612403101,0.480262373285629,0.91937984496124,0.0211480362537764,1,0.0211480362537764,0.0211480362537764,0,3.80051335432997,0.00396218811683441,0.639060687255013,1.13503059810765,0.0391456886960806,0.0391456886960806
"Leaf334","Leaf88",0.398449612403101,0.480262373285629,0.833512224209899,0.0211480362537764,1,0.0211480362537764,0.0211480362537764,0,3.80051335432997,0.0488850176431683,0.399695200155962,1.13366785633772,0.48264402242562,0.48264402242562
"Leaf335","Leaf359",0.398449612403101,0.480262373285629,0.963983303518187,0.0845921450151057,0.194864048338369,0.027190332326284,0.107784431137725,0.0971335403243481,0.75865525366041,0.103333358826249,0.252466691819219,1.20034979224546,0.244620294104407,0.333606561004447
"Leaf335","Leaf371",0.398449612403101,0.480262373285629,0.315563506261181,0.0845921450151057,1,0.0845921450151057,0.0845921450151057,0,2.37346409023171,0.0465546241097791,0.108238767662989,1.34964175230923,0.142425775785732,0.142425775785732
"Leaf335","Leaf405",0.398449612403101,0.480262373285629,0.387119856887299,0.0845921450151057,1,0.0845921450151057,0.0845921450151057,0,2.37346409023171,0.0318768253305742,0.078609998967992,1.54701169494158,0.183641056372686,0.183641056372686
"Leaf335","Leaf41",0.398449612403101,0.97376267143709,0.849493142516398,0.0845921450151057,0.963746223564955,0.0830815709969789,0.0860719874804382,0.0299183810268466,0.398873882067727,0.0419295055618548,0.314562313996343,1.43747991477626,0.14654380215926,0.258086712716697
"Leaf335","Leaf427",0.398449612403101,0.480262373285629,0.167561121049493,0.0845921450151057,1,0.0845921450151057,0.0845921450151057,0,2.37346409023171,0.0321457290650832,0.136296994210361,1.96583202777834,0.0336190243083951,0.0336190243083951
"Leaf335","Leaf61",0.398449612403101,0.480262373285629,0.437090041741205,0.0845921450151057,0.998489425981873,0.0845921450151057,0.0847201210287443,0.0118237971868355,1.27320163617264,0.0192231084397549,0.26958299779488,1.64187299797289,0.0723958144559325,0.0723958144559325
"Leaf335","Leaf67",0.398449612403101,0.480262373285629,0.649612403100775,0.0845921450151057,1,0.0845921450151057,0.0845921450151057,0,2.37346409023171,0.0819563820659364,0.151106720344485,1.73414454323551,0.313721123841573,0.313721123841573
"Leaf335","Leaf88",0.398449612403101,0.966845557543232,0.826356589147287,0.0845921450151057,1,0.0845921450151057,0.0845921450151057,0,2.37346409023171,0.0862684420258164,0.0134267078389986,1.7802874420834,0.355497810857028,0.355497810857028
"Leaf336","Leaf359",0.398449612403101,0.480262373285629,0.708646392367323,0.0241691842900302,0.194864048338369,0.00604229607250755,0.0283687943262411,0.0219067593328173,0.402752268337007,0.0196301066144307,0.774596669241483,0.51568612855158,0.0442226606855508,0.0636296181865096
"Leaf336","Leaf371",0.398449612403101,0.480262373285629,0.599522957662493,0.0241691842900302,1,0.0241691842900302,0.0241691842900302,0,3.66821281730538,0.0632838940626547,0.441767111631713,0.626297840064717,0.347350128974407,0.347350128974407
"Leaf336","Leaf405",0.398449612403101,0.480262373285629,0.955158020274299,0.0241691842900302,1,0.0241691842900302,0.0241691842900302,0,3.66821281730538,0.0511283871232215,0.0157212495242603,0.819337077910687,0.267102445135982,0.267102445135982
"Leaf336","Leaf41",0.398449612403101,0.480262373285629,0.875849731663685,0.0241691842900302,0.963746223564955,0.0226586102719033,0.0234741784037559,0.022097980468121,0.942973428152941,0.0225086210600863,0.0217458532063106,0.777753966111328,0.00402026830765906,0.173244560006097
"Leaf336","Leaf427",0.398449612403101,0.480262373285629,0.565295169946333,0.0241691842900302,1,0.0241691842900302,0.0241691842900302,0,3.66821281730538,0.00472605923073586,0.264116992007572,1.24664072323593,0.108619298554426,0.108619298554426
"Leaf336","Leaf61",0.398449612403101,0.480262373285629,0.707573047107931,0.0241691842900302,0.998489425981873,0.0241691842900302,0.0242057488653555,0.00612129067125357,2.56805254071205,0.00132741179997902,0.0282982491436685,0.94139606416942,0.000135545118413091,0.000135545118413091
"Leaf336","Leaf67",0.398449612403101,0.480262373285629,0.523553965414431,0.0241691842900302,1,0.0241691842900302,0.0241691842900302,0,3.66821281730538,0.0305455620556441,0.182366494481419,1.04331962405941,0.3057588671317,0.3057588671317
"Leaf336","Leaf88",0.398449612403101,0.963983303518187,0.837090041741205,0.0241691842900302,1,0.0241691842900302,0.0241691842900302,0,3.66821281730538,0.0402454547831619,0.284554616389111,1.12497441888505,0.167235148624795,0.167235148624795
"Leaf337","Leaf359",0.398449612403101,0.480262373285629,0.715086463923673,0.0241691842900302,0.194864048338369,0,0,0.0774238891488621,2.11117891746655,0.0769893892914538,NA,0.757070996952099,0.172994780795871,0.632077746881145
"Leaf337","Leaf371",0.398449612403101,0.480262373285629,0.958735837805605,0.0241691842900302,1,0.0241691842900302,0.0241691842900302,0,3.66821281730538,0.0959008572991445,0.273223109456834,0.872117269877696,0.394486968491178,0.394486968491178
"Leaf337","Leaf405",0.398449612403101,0.480262373285629,0.925819916517591,0.0241691842900302,1,0.0241691842900302,0.0241691842900302,0,3.66821281730538,0.0872348738476269,0.204917332092625,1.04737632684756,0.412685917139232,0.412685917139232
"Leaf337","Leaf41",0.398449612403101,0.480262373285629,0.962552176505665,0.0241691842900302,0.963746223564955,0.0241691842900302,0.0250783699059561,0.0305238291358228,0.261437050678299,0.103812273066719,0.0281702613119675,1.0268013405767,0.157949525564661,0.63146179191501
"Leaf337","Leaf427",0.398449612403101,0.480262373285629,0.910554561717352,0.0241691842900302,1,0.0241691842900302,0.0241691842900302,0,3.66821281730538,0.0580656988221947,0.110590306208719,1.47727689997271,0.297900903435622,0.297900903435622
"Leaf337","Leaf61",0.398449612403101,0.480262373285629,0.514490161001789,0.0241691842900302,0.998489425981873,0.0241691842900302,0.0242057488653555,0.00612129067125356,2.56805254071205,0.0210859796392727,0.120436863502391,1.12127822629012,0.0384253080355546,0.0384253080355546
"Leaf337","Leaf67",0.398449612403101,0.480262373285629,0.420751341681574,0.0241691842900302,1,0.0241691842900302,0.0241691842900302,0,3.66821281730538,0.0447350332042761,0.117095618338643,1.26703433820024,0.0690545911497916,0.0690545911497916
"Leaf337","Leaf88",0.398449612403101,0.96350626118068,0.512701252236136,0.0241691842900302,1,0.0241691842900302,0.0241691842900302,0,3.66821281730538,0.0149387145726438,0.146369522923304,1.29420888270901,0.0929331660983,0.0929331660983
"Leaf339","Leaf359",0.398449612403101,0.480262373285629,0.00834824090638044,0.0256797583081571,0.194864048338369,0.00151057401812689,0.00689655172413793,0.0557586708924789,1.00481465199412,0.0524841472488835,NA,0.82876582946263,0.174786623141526,0.303130834109148
"Leaf339","Leaf371",0.398449612403101,0.480262373285629,0.938938580799046,0.0256797583081571,1,0.0256797583081571,0.0256797583081571,0,3.60782432935723,0.0152285301640504,0.0362290888192646,0.916880169870487,0.239008539549603,0.239008539549603
"Leaf339","Leaf405",0.398449612403101,0.480262373285629,0.870483005366726,0.0256797583081571,1,0.0256797583081571,0.0256797583081571,0,3.60782432935723,0.0204361415240692,0.244546349530036,1.10389270833624,0.248278648084844,0.248278648084844
"Leaf339","Leaf41",0.398449612403101,0.480262373285629,0.974001192605844,0.0256797583081571,0.963746223564955,0.0226586102719033,0.0234375,0.070692801938581,1.49728416385867,0.0869210444642077,0.457230806728231,1.14969210472687,0.0287591964497117,0.601332426469079
"Leaf339","Leaf427",0.398449612403101,0.480262373285629,0.954203935599284,0.0256797583081571,1,0.0256797583081571,0.0256797583081571,0,3.60782432935723,0.0199849867323391,0.317004527168566,1.57958475772334,0.0728050702167735,0.0728050702167735
"Leaf339","Leaf61",0.398449612403101,0.480262373285629,0.934406678592725,0.0256797583081571,0.998489425981873,0.0256797583081571,0.0257186081694402,0.00631457133267266,2.50766165278166,0.00213323741439817,0.324767903344122,1.23220932006398,0.109663544006493,0.109663544006493
"Leaf339","Leaf67",0.398449612403101,0.480262373285629,0.918664281454979,0.0256797583081571,1,0.0256797583081571,0.0256797583081571,0,3.60782432935723,0.0531643299728148,0.320886215256344,1.35506343961943,0.40809592757238,0.40809592757238
"Leaf339","Leaf88",0.398449612403101,0.480262373285629,0.94525939177102,0.0256797583081571,1,0.0256797583081571,0.0256797583081571,0,3.60782432935723,0.00691427115704543,0.398519977011911,1.45598658515559,0.0049895974607752,0.0049895974607752
"Leaf34","Leaf359",0.398449612403101,0.480262373285629,0.187239117471676,0.0241691842900302,0.194864048338369,0.00453172205438067,0.0211267605633803,0.00292590278760242,0.0646208629384329,0.0029608529929289,0.866025403784439,0.766671703671346,0.0363082723389512,0.0918254077470453
"Leaf34","Leaf371",0.398449612403101,0.480262373285629,0.337030411449016,0.0241691842900302,1,0.0241691842900302,0.0241691842900302,0,3.66821281730538,0.119896526775458,0.419405069023517,0.793362789028745,0.769163238069814,0.769163238069814
"Leaf34","Leaf405",0.398449612403101,0.480262373285629,0.7695885509839,0.0241691842900302,1,0.0241691842900302,0.0241691842900302,0,3.66821281730538,0.116447265731589,0.535644676168612,0.973737460738929,0.742390538551431,0.742390538551431
"Leaf34","Leaf41",0.398449612403101,0.480262373285629,0.663685152057245,0.0241691842900302,0.963746223564955,0.0241691842900302,0.0250783699059561,0.0305238291358226,0.261437050678299,0.0964735944341678,0.487896628965665,0.948842007660013,0.177538389525586,0.698262027237175
"Leaf34","Leaf427",0.398449612403101,0.480262373285629,0.673822301729279,0.0241691842900302,1,0.0241691842900302,0.0241691842900302,0,3.66821281730538,0.07701814433284,0.493232927615672,1.43996671307348,0.570128233601721,0.570128233601721
"Leaf34","Leaf61",0.398449612403101,0.480262373285629,0.935599284436494,0.0241691842900302,0.998489425981873,0.0241691842900302,0.0242057488653555,0.00612129067125358,2.56805254071205,0.0459376620798269,0.46372872553394,1.15074980728708,0.399903363508913,0.399903363508913
"Leaf34","Leaf67",0.960524746571258,0.480262373285629,0.160047704233751,0.0241691842900302,1,0.0241691842900302,0.0241691842900302,0,3.66821281730538,0.138927134107348,0.662879921827432,1.22599950616623,0.88927062085542,0.88927062085542
"Leaf34","Leaf88",0.398449612403101,0.480262373285629,0.277996422182469,0.0241691842900302,1,0.0241691842900302,0.0241691842900302,0,3.66821281730538,0.0540158710617299,0.365997681956852,1.31002021331671,0.334062944802953,0.334062944802953
"Leaf343","Leaf359",0.398449612403101,0.480262373285629,0.178652355396541,0.00604229607250755,0.194864048338369,0.00151057401812689,0.00757575757575758,0.0108530412495121,0.57059319333156,0.0197241674545692,NA,0.491402835125601,0.0232957400355829,0.43157267555209
"Leaf343","Leaf371",0.398449612403101,0.480262373285629,0.384615384615385,0.00604229607250755,1,0.00604229607250755,0.00604229607250755,0,4.98588712440706,0.044718262260549,0.4,0.573566964972694,0.433961293665026,0.433961293665026
"Leaf343","Leaf405",0.398449612403101,0.480262373285629,0.544663088849135,0.00604229607250755,1,0.00604229607250755,0.00604229607250755,0,4.98588712440706,0.0195309839896591,1,0.772748545963602,0.320091656446678,0.320091656446678
"Leaf343","Leaf41",0.398449612403101,0.480262373285629,0.959212880143113,0.00604229607250755,0.963746223564955,0.00604229607250755,0.00626959247648903,0.015122107823948,1.05693959226754,0.0417791464612403,0.948683298050514,0.75956114970969,0.0944677109780405,0.383353990273937
"Leaf343","Leaf427",0.398449612403101,0.480262373285629,0.82242098986285,0.00604229607250755,1,0.00604229607250755,0.00604229607250755,0,4.98588712440706,0.0168786020978487,0.2,1.21054456131015,0.323795286660302,0.323795286660302
"Leaf343","Leaf61",0.398449612403101,0.480262373285629,0.293738819320215,0.00604229607250755,0.998489425981873,0.00604229607250755,0.00605143721633888,0.00303260829893019,3.88575507860754,0.0275038194783791,0.4,0.900824013147367,0.37872195179555,0.37872195179555
"Leaf343","Leaf67",0.398449612403101,0.480262373285629,0.179606440071556,0.00604229607250755,1,0.00604229607250755,0.00604229607250755,0,4.98588712440706,0.0531511613890031,0.4,1.05473624046117,0.52128707692992,0.52128707692992
"Leaf343","Leaf88",0.398449612403101,0.972808586762075,0.801073345259392,0.00604229607250755,1,0.00604229607250755,0.00604229607250755,0,4.98588712440706,0.0159970612573362,0.4,1.07482640334611,0.366480611559826,0.366480611559826
"Leaf344","Leaf359",0.398449612403101,0.480262373285629,0.502325581395349,0.0151057401812689,0.194864048338369,0.00302114803625378,0.0145985401459854,0.0016058192490101,0.192458394096409,0.00279932304458016,NA,0.637084411582383,0.0820352144854681,0.110757380274457
"Leaf344","Leaf371",0.398449612403101,0.480262373285629,0.314132379248658,0.0151057401812689,1,0.0151057401812689,0.0151057401812689,0,4.12943588203337,0.0545032794368712,0.275896698141883,0.676523947453855,0.478355968483538,0.478355968483538
"Leaf344","Leaf405",0.398449612403101,0.480262373285629,0.495646988670245,0.0151057401812689,1,0.0151057401812689,0.0151057401812689,0,4.12943588203337,0.00801449148529326,0.693470079113383,0.863979080849075,0.038631287364414,0.038631287364414
"Leaf344","Leaf41",0.398449612403101,0.480262373285629,0.529516994633274,0.0151057401812689,0.963746223564955,0.013595166163142,0.0140845070422535,0.0422350189015164,1.44209874183596,0.0698449514861673,0.25461835847907,0.84019821431257,0.0112290323974371,0.342343591010531
"Leaf344","Leaf427",0.398449612403101,0.480262373285629,0.777817531305903,0.0151057401812689,1,0.0151057401812689,0.0151057401812689,0,4.12943588203337,0.0516116995321888,0.216243358003098,1.32448173931056,0.409841701385425,0.409841701385425
"Leaf344","Leaf61",0.398449612403101,0.480262373285629,0.733214072748956,0.0151057401812689,0.998489425981873,0.0151057401812689,0.0151285930408472,0.00481698697938673,3.02928985073331,0.030671008689838,0.111850012760223,1.01337576959859,0.341071496900845,0.341071496900845
"Leaf344","Leaf67",0.398449612403101,0.480262373285629,0.793798449612403,0.0151057401812689,1,0.0151057401812689,0.0151057401812689,0,4.12943588203337,0.0502814154223126,0.246070028072491,1.11871712002963,0.309169282995233,0.309169282995233
"Leaf344","Leaf88",0.398449612403101,0.480262373285629,0.355992844364937,0.0151057401812689,1,0.0151057401812689,0.0151057401812689,0,4.12943588203337,0.084638480628056,0.0671100076561338,1.17239396029132,0.609450932805358,0.609450932805358
"Leaf351","Leaf359",0.919141323792487,0.480262373285629,0.548121645796064,0.0256797583081571,0.194864048338369,0.0151057401812689,0.0735294117647059,0.16123033052972,1.81940719682368,0.159186476618675,0.355897238029037,0.645733115091702,0.248910986954094,0.760447820607225
"Leaf351","Leaf371",0.398449612403101,0.480262373285629,0.0129994036970781,0.0256797583081571,1,0.0256797583081571,0.0256797583081571,0,3.60782432935723,0.0615086147881524,0.410493485893241,0.757830740417758,0.434503225171119,0.434503225171119
"Leaf351","Leaf405",0.398449612403101,0.480262373285629,0.830172927847347,0.0256797583081571,1,0.0256797583081571,0.0256797583081571,0,3.60782432935723,0.067195774397806,0.303516395630154,0.979664666900251,0.0355164149835085,0.0355164149835085
"Leaf351","Leaf41",0.398449612403101,0.480262373285629,0.118902802623733,0.0256797583081571,0.963746223564955,0.0241691842900302,0.0250391236306729,0.0196025891838425,0.878847934390379,0.0827368864116404,0.315722937746081,0.908780966992817,0.084842785116517,0.392618015764302
"Leaf351","Leaf427",0.984734645199761,0.480262373285629,0.0500894454382827,0.0256797583081571,1,0.0256797583081571,0.0256797583081571,0,3.60782432935723,0.108479003496462,0.0697022234252573,1.35621237942778,0.751889515668958,0.751889515668958
"Leaf351","Leaf61",0.398449612403101,0.480262373285629,0.360286225402505,0.0256797583081571,0.998489425981873,0.0256797583081571,0.0257186081694402,0.00631457133267264,2.50766165278166,0.0640261062937694,0.150606589901002,1.08533635797258,0.425296375857763,0.425296375857763
"Leaf351","Leaf67",0.398449612403101,0.480262373285629,0.476565295169946,0.0256797583081571,1,0.0256797583081571,0.0256797583081571,0,3.60782432935723,0.033359104268693,0.226393377068393,1.24999663942274,0.073805721662026,0.073805721662026
"Leaf351","Leaf88",0.99200954084675,0.96577221228384,0.878473464519976,0.0256797583081571,1,0.0256797583081571,0.0256797583081571,0,3.60782432935723,0.0844129635998287,0.186587948133291,1.23891235651682,0.609691149495814,0.609691149495814
"Leaf354","Leaf359",0.398449612403101,0.480262373285629,0.737030411449016,0.0105740181268882,0.194864048338369,0,0,0.0508580401881499,1.30547975066777,0.0505759696080403,NA,0.649437845359499,0.126803696004338,0.62686583760709
"Leaf354","Leaf371",0.398449612403101,0.480262373285629,0.54335122242099,0.0105740181268882,1,0.0105740181268882,0.0105740181268882,0,4.47049528266149,0.0491910845730226,0.15762208124782,0.731716161760354,0.280084967839674,0.280084967839674
"Leaf354","Leaf405",0.398449612403101,0.480262373285629,0.791293977340489,0.0105740181268882,1,0.0105740181268882,0.0105740181268882,0,4.47049528266149,0.0416649224901691,0.0591082804679325,0.916442758449453,0.219969077810399,0.219969077810399
"Leaf354","Leaf41",0.398449612403101,0.480262373285629,0.879308288610614,0.0105740181268882,0.963746223564955,0.00906344410876133,0.00938967136150235,0.0589578066755734,1.82634273065814,0.0363808053554953,0.338822606998534,0.872941558796108,0.0218826722076289,0.38545329257025
"Leaf354","Leaf427",0.398449612403101,0.480262373285629,0.876446034585569,0.0105740181268882,1,0.0105740181268882,0.0105740181268882,0,4.47049528266149,0.0467687230641126,0.86692144686301,1.34394408907222,0.249666932158121,0.249666932158121
"Leaf354","Leaf61",0.398449612403101,0.480262373285629,0.966964818127609,0.0105740181268882,0.998489425981873,0.0105740181268882,0.010590015128593,0.00402094044079073,3.37035627613958,0.0160290854106628,0.0591082804679325,1.04278013501991,0.0935107958021738,0.0935107958021738
"Leaf354","Leaf67",0.398449612403101,0.480262373285629,0.949194991055456,0.0105740181268882,1,0.0105740181268882,0.0105740181268882,0,4.47049528266149,0.0340127570228615,0.374352442963573,1.17380820443713,0.120703308420016,0.120703308420016
"Leaf354","Leaf88",0.398449612403101,0.96768038163387,0.267024448419797,0.0105740181268882,1,0.0105740181268882,0.0105740181268882,0,4.47049528266149,0.0396888415199991,0.86692144686301,1.20453541452174,0.558832078559082,0.558832078559082
"Leaf357","Leaf359",0.398449612403101,0.480262373285629,0.636851520572451,0.00755287009063444,0.194864048338369,0.00151057401812689,0.0075187969924812,0.00113115670658615,0.317391972038077,0.00153950238907986,NA,0.497401205826845,0.0506548535034559,0.107759003377599
"Leaf357","Leaf371",0.398449612403101,0.480262373285629,0.552534287418008,0.00755287009063444,1,0.00755287009063444,0.00755287009063444,0,4.78369667181349,0.049204998352143,0.410391340834062,0.579786924110165,0.585618013864761,0.585618013864761
"Leaf357","Leaf405",0.398449612403101,0.480262373285629,0.933214072748956,0.00755287009063444,1,0.00755287009063444,0.00755287009063444,0,4.78369667181349,0.0195749655977479,0.0512989176042577,0.776129781730334,0.210309356301278,0.210309356301278
"Leaf357","Leaf41",0.398449612403101,0.480262373285629,0.80989862850328,0.00755287009063444,0.963746223564955,0.00604229607250755,0.00625978090766823,0.0764215143611598,2.19722457733622,0.0456428459799829,0.5,0.743101778175019,0.107402392438932,0.238563287389709
"Leaf357","Leaf427",0.398449612403101,0.480262373285629,0.0639236732259988,0.00755287009063444,1,0.00755287009063444,0.00755287009063444,0,4.78369667181349,0.0524250305847804,0.289473684210526,1.20153986897729,0.648814890645143,0.648814890645143
"Leaf357","Leaf61",0.398449612403101,0.480262373285629,0.973404889683959,0.00755287009063444,0.998489425981873,0.00755287009063444,0.0075642965204236,0.00339313850586367,3.68356231283632,0.0194403552677425,0.872081599272381,0.926606419722374,0.105782153508027,0.105782153508027
"Leaf357","Leaf67",0.398449612403101,0.480262373285629,0.795348837209302,0.00755287009063444,1,0.00755287009063444,0.00755287009063444,0,4.78369667181349,0.0538657966556607,0.0512989176042577,1.02417164075919,0.662092398296427,0.662092398296427
"Leaf357","Leaf88",0.398449612403101,0.480262373285629,0.464281454979129,0.00755287009063444,1,0.00755287009063444,0.00755287009063444,0,4.78369667181349,0.0116085148692857,0.872081599272381,1.08997147591152,0.0697127145914633,0.0697127145914633
"Leaf359","Leaf361",0.398449612403101,0.480262373285629,0.64448419797257,0.0196374622356495,0.194864048338369,0.00755287009063444,0.0364963503649635,0.0678006255026117,1.0047264031544,0.0648099673564083,0.353553390593274,0.714512857661866,0.182644422922583,0.321205403236659
"Leaf359","Leaf363",0.398449612403101,0.480262373285629,0.882766845557543,0.00755287009063444,0.194864048338369,0,0,0.0429174162204804,0.991533348627671,0.0426796601164271,NA,0.472622852960258,0.120818264506465,0.625725047903592
"Leaf359","Leaf369",0.398449612403101,0.480262373285629,0.36768038163387,0.00755287009063444,0.194864048338369,0.00151057401812689,0.0075187969924812,0.00113115670658633,0.317391972038077,0.00153950238907986,NA,0.574394991563588,0.0597771864905973,0.107759003377599
"Leaf359","Leaf371",0.398449612403101,0.480262373285629,0.321168753726893,0.194864048338369,1,0.194864048338369,0.194864048338369,0,1.41577818960222,0.0413934022760205,0.00809806036040866,0.860673498917652,0.164308113378639,0.164308113378639
"Leaf359","Leaf380",0.398449612403101,0.480262373285629,0.392844364937388,0.00906344410876133,0.194864048338369,0.00151057401812689,0.00746268656716418,0.00680819549899503,0.114830916844757,0.00937384772791261,NA,0.570085953151136,0.0343773624882031,0.178344824680552
"Leaf359","Leaf391",0.398449612403101,0.480262373285629,0.342516398330352,0.110271903323263,0.194864048338369,0.0287009063444109,0.103825136612022,0.0581362424985326,0.439942137266188,0.0588607955193064,0.3285966385986,1.58092220977372,0.0937306559671876,0.128553278229413
"Leaf359","Leaf394",0.398449612403101,0.480262373285629,0.725342874180084,0.00906344410876133,0.194864048338369,0.00151057401812689,0.00746268656716418,0.00680819549899533,0.114830916844757,0.00914812061368722,NA,0.433417170874175,0.0607843168190009,0.178344824680552
"Leaf359","Leaf396",0.398449612403101,0.480262373285629,0.425521765056649,0.00906344410876133,0.194864048338369,0.00151057401812689,0.00746268656716418,0.00680819549899532,0.114830916844757,0.00914811710286731,NA,0.512036145653411,0.0445673758212717,0.178344824680552
"Leaf359","Leaf405",0.398449612403101,0.480262373285629,0.812403100775194,0.194864048338369,1,0.194864048338369,0.194864048338369,0,1.41577818960222,0.112128902243089,0.117056043980388,0.989290654836322,0.21438799025941,0.21438799025941
"Leaf359","Leaf406",0.398449612403101,0.480262373285629,0.23422778771616,0.00302114803625378,0.194864048338369,0.00302114803625378,0.0155038759689922,0.111895283104425,3.04078061857743,0.116265362346117,NA,0.402666156032204,0.175983401653189,2.01904882037354
"Leaf359","Leaf41",0.398449612403101,0.480262373285629,0.362790697674419,0.194864048338369,0.963746223564955,0.190332326283988,0.196567862714509,0.0342096443269405,0.416231563793261,0.0762670003526912,0.0718078085910858,0.987365476848712,0.199104085522489,0.230201127234779
"Leaf359","Leaf412",0.398449612403101,0.480262373285629,0.472152653548002,0.00604229607250755,0.194864048338369,0.00151057401812689,0.00757575757575758,0.0108530412495109,0.57059319333156,0.0173413926167958,NA,0.5403819905022,0.0575358604883929,0.252011454304724
"Leaf359","Leaf416",0.398449612403101,0.480262373285629,0.728562909958259,0.15558912386707,0.194864048338369,0.0241691842900302,0.0740740740740741,0.0428327337437632,0.298641849061938,0.0495690979946882,0.330789874943866,2.42773347484675,0.17164639309921,0.196998541839995
"Leaf359","Leaf42",0.398449612403101,0.480262373285629,0.834108527131783,0.0891238670694864,0.194864048338369,0.0211480362537764,0.0804597701149425,0.0335026674766099,0.298505264990613,0.041383869883453,0.0811031335477653,1.85209081443211,0.149459749153398,0.152212149143706
"Leaf359","Leaf420",0.398449612403101,0.480262373285629,0.802981514609422,0.0226586102719033,0.194864048338369,0.00302114803625378,0.0140845070422535,0.0236529318629235,0.279725430113686,0.0267279405631538,NA,0.905680795982207,0.0428753821146452,0.259147008077684
"Leaf359","Leaf427",0.398449612403101,0.480262373285629,0.635062611806798,0.194864048338369,1,0.194864048338369,0.194864048338369,0,1.41577818960222,0.0696516866321094,0.0222888915719364,1.44640556046691,0.18210585498326,0.18210585498326
"Leaf359","Leaf434",0.398449612403101,0.969350029815146,0.220632081097197,0.0422960725075529,0.194864048338369,0.0105740181268882,0.0466666666666667,0.0292528909056659,0.378039766436429,0.0327961657651918,0.258075043442292,0.873091761038628,0.0910036008148789,0.157599493180912
"Leaf359","Leaf443",0.398449612403101,0.480262373285629,0.128920691711389,0.0105740181268882,0.194864048338369,0.00302114803625378,0.0149253731343284,0.0237112236093147,0.633469080347541,0.0185463299285172,NA,0.61583243447386,0.049273637184358,0.0570016756081809
"Leaf359","Leaf446",0.398449612403101,0.480262373285629,0.662254025044723,0.00604229607250755,0.194864048338369,0.00151057401812689,0.00757575757575758,0.0108530412495121,0.57059319333156,0.0152215962560566,NA,0.433154697404144,0.0168685574761751,0.168769312589232
"Leaf359","Leaf454",0.398449612403101,0.480262373285629,0.477996422182469,0.00453172205438067,0.194864048338369,0,0,0.0331932036677109,0.535771072140868,0.0330095057683254,NA,0.507307948064319,0.10601145733407,0.624590465460059
"Leaf359","Leaf456",0.398449612403101,0.480262373285629,0.604889683959451,0.0196374622356495,0.194864048338369,0.00302114803625378,0.0142857142857143,0.0146562282929717,0.115547684254564,0.0181304756395123,NA,0.771514327454016,0.0835857958404455,0.2112654568215
"Leaf359","Leaf466",0.398449612403101,0.480262373285629,0.750149075730471,0.194864048338369,0.361027190332326,0.0785498489425982,0.164556962025316,0.0430952717253312,0.224639206457769,0.0282139197453423,0.0237690208648481,1.43539465555584,0.0638730753530216,0.108603668771456
"Leaf359","Leaf49",0.398449612403101,0.480262373285629,0.871437090041741,0.00604229607250755,0.194864048338369,0.00151057401812689,0.00757575757575758,0.010853041249512,0.57059319333156,0.00733324695831762,NA,0.505184950856363,0.0101205686557727,0.061712300254974
"Leaf359","Leaf5",0.398449612403101,0.480262373285629,0.0194394752534287,0.0226586102719033,0.194864048338369,0.00302114803625378,0.0140845070422535,0.0236529318629235,0.279725430113686,0.0270873881457756,NA,0.798541838526322,0.0565107642696545,0.259147008077684
"Leaf359","Leaf50",0.398449612403101,0.480262373285629,0.603697078115683,0.0468277945619335,0.194864048338369,0.00453172205438067,0.0191082802547771,0.0548895649591281,0.711835388486286,0.0463727246883344,0.5,0.94075207477028,0.0312903478585652,0.0323737017198462
"Leaf359","Leaf51",0.398449612403101,0.480262373285629,0.250327966607036,0.0196374622356495,0.194864048338369,0,0,0.0696274641566925,1.9047278590889,0.0692388847418872,NA,0.533992133004105,0.182258371456063,0.630326022139788
"Leaf359","Leaf53",0.398449612403101,0.480262373285629,0.0663088849135361,0.0120845921450151,0.194864048338369,0,0,0.0544110829707426,1.4325440348788,0.0541089703796445,NA,0.614368359657175,0.133996040450873,0.627438577909024
"Leaf359","Leaf58",0.398449612403101,0.480262373285629,0.812760882528324,0.0166163141993958,0.194864048338369,0.00151057401812689,0.00719424460431655,0.0341154090544353,0.541302023079996,0.0281999002365807,NA,0.759811102839904,0.00754438609121347,0.0479189430128224
"Leaf359","Leaf61",0.398449612403101,0.480262373285629,0.617650566487776,0.194864048338369,0.998489425981873,0.194864048338369,0.195158850226929,0.0191350905140556,0.315289727775878,0.0675085836831877,0.065893956604606,1.11653745748791,0.186951169545327,0.186951169545327
"Leaf359","Leaf62",0.398449612403101,0.480262373285629,0.942516398330352,0.125377643504532,0.194864048338369,0.0226586102719033,0.0761421319796954,0.0135171219225323,0.0834564476201512,0.00977880867025031,0.232086104956674,0.856876604574138,0.0220736909720599,0.105467136527792
"Leaf359","Leaf64",0.398449612403101,0.480262373285629,0.608825283243888,0.013595166163142,0.194864048338369,0.00151057401812689,0.0072992700729927,0.0248235700524774,0.326179769406375,0.0266775927597666,NA,0.616637309307241,0.018470435699149,0.308330788768802
"Leaf359","Leaf67",0.398449612403101,0.480262373285629,0.859988073941562,0.194864048338369,1,0.194864048338369,0.194864048338369,0,1.41577818960222,0.0459946983995161,0.0149784260695054,1.35675081012757,0.0503724813077443,0.0503724813077443
"Leaf359","Leaf68",0.398449612403101,0.480262373285629,0.793679189028026,0.182779456193353,0.194864048338369,0.027190332326284,0.0775862068965517,0.0550464771428702,0.370878147653532,0.0521348431197939,0.146939879216125,2.35036205582579,0.0833715680021775,0.159181309152796
"Leaf359","Leaf69",0.398449612403101,0.480262373285629,0.713178294573643,0.0151057401812689,0.194864048338369,0.00453172205438067,0.0220588235294118,0.0328720646267869,0.663868971359558,0.0344156724577333,0.866025403784439,0.596081022073648,0.150773475387809,0.228745414286083
"Leaf359","Leaf70",0.398449612403101,0.480262373285629,0.866428145497913,0.00906344410876133,0.194864048338369,0,0,0.0470494938948426,1.16048137325091,0.0467886449602766,NA,0.490895484026101,0.129330205368027,0.626294663313614
"Leaf359","Leaf75",0.398449612403101,0.480262373285629,0.383899821109123,0.00604229607250755,0.194864048338369,0.00151057401812689,0.00757575757575758,0.010853041249512,0.57059319333156,0.00760929060809623,NA,0.451817782100313,0.0101205686557727,0.0160302089816359
"Leaf359","Leaf76",0.398449612403101,0.480262373285629,0.284197972570066,0.0936555891238671,0.194864048338369,0.0105740181268882,0.0380434782608696,0.0665159897202813,0.638934819301897,0.0631191510105911,0.674199862463242,1.75960147009477,0.0869304239842192,0.183574756149002
"Leaf359","Leaf78",0.398449612403101,0.480262373285629,0.529397734048897,0.0256797583081571,0.194864048338369,0.00755287009063444,0.0354609929078014,0.040680885295165,0.611423006466235,0.0464805095282283,0.64888568452305,0.829345453311773,0.0770965198561762,0.253802242021719
"Leaf359","Leaf82",0.398449612403101,0.480262373285629,0.313893858079905,0.0196374622356495,0.194864048338369,0.00302114803625378,0.0142857142857143,0.0146562282929712,0.115547684254564,0.0125832737116852,NA,0.70721183426878,0.024132636542874,0.0766468792844003
"Leaf359","Leaf83",0.398449612403101,0.480262373285629,0.89922480620155,0.0241691842900302,0.194864048338369,0.00151057401812689,0.00694444444444444,0.0525912270284421,0.940363792482729,0.0540411043840837,NA,0.898644120775154,0.149664468597748,0.439504603204616
"Leaf359","Leaf85",0.398449612403101,0.480262373285629,0.818008348240906,0.0422960725075529,0.194864048338369,0.00453172205438067,0.0194805194805195,0.0465412921845528,0.594692576347973,0.0483863135389721,NA,0.941011906978727,0.188989426362034,0.280053302821457
"Leaf359","Leaf86",0.398449612403101,0.480262373285629,0.741085271317829,0.0498489425981873,0.194864048338369,0.00604229607250755,0.0253164556962025,0.0425907503867105,0.489050785347675,0.0377646511700992,0.258198889747161,0.963269746401414,0.112987150134607,0.158609186169498
"Leaf359","Leaf87",0.398449612403101,0.480262373285629,0.790816935002982,0.138972809667674,0.194864048338369,0.0226586102719033,0.0728155339805825,0.0322748306050283,0.226424035393372,0.0384293330231359,0.708010432393843,2.25543016775328,0.107145464935781,0.177061502401603
"Leaf359","Leaf88",0.398449612403101,0.480262373285629,0.398330351818724,0.194864048338369,1,0.194864048338369,0.194864048338369,0,1.41577818960222,0.0505427271393253,0.0156419599209231,1.34441768702196,0.162883171771082,0.162883171771082
"Leaf359","Leaf90",0.398449612403101,0.480262373285629,0.678115682766846,0.167673716012085,0.194864048338369,0.0287009063444109,0.085972850678733,0.0268474487885416,0.171631679862471,0.023470409922322,0.123523482924375,2.58205596697696,0.0724209540738514,0.0726894194357469
"Leaf359","Leaf91",0.398449612403101,0.480262373285629,0.408109719737627,0.0422960725075529,0.194864048338369,0.00755287009063444,0.0328947368421053,0.00864420063944363,0.0411674072117301,0.0113912395159403,0.25,0.939098059024138,0.0541099778569074,0.114862283645008
"Leaf359","Leaf99",0.398449612403101,0.480262373285629,0.815146094215862,0.193353474320242,0.194864048338369,0.0392749244712991,0.112554112554113,0.0102108986843925,0.0749778322317724,0.00641520692253474,0.0167363879393242,0.953328259770353,0.0218710276959593,0.0702857909447518
"Leaf361","Leaf371",0.398449612403101,0.480262373285629,0.337984496124031,0.0196374622356495,1,0.0196374622356495,0.0196374622356495,0,3.87351315066627,0.0546973999836006,0.156280987278436,0.831658994966978,0.390059577499748,0.390059577499748
"Leaf361","Leaf405",0.398449612403101,0.480262373285629,0.975432319618366,0.0196374622356495,1,0.0196374622356495,0.0196374622356495,0,3.87351315066627,0.0372402816937602,0.355973359911993,1.11521356716946,0.132647126582447,0.132647126582447
"Leaf361","Leaf41",0.398449612403101,0.480262373285629,0.728920691711389,0.0196374622356495,0.963746223564955,0.0181268882175227,0.0187793427230047,0.0307934295072853,1.16288481698592,0.0171064775341301,0.309930867867566,1.02330297796704,0.00106917798146782,0.227463348704562
"Leaf361","Leaf427",0.398449612403101,0.480262373285629,0.0805008944543828,0.0196374622356495,1,0.0196374622356495,0.0196374622356495,0,3.87351315066627,0.0624469401020431,0.131862456565372,1.42456669261862,0.554382703387135,0.554382703387135
"Leaf361","Leaf61",0.398449612403101,0.480262373285629,0.512581991651759,0.0196374622356495,0.998489425981873,0.0196374622356495,0.0196671709531014,0.00550488940158957,2.77336002964401,0.0222908958010822,0.340993938839524,1.17671299383624,0.159227695686506,0.159227695686506
"Leaf361","Leaf67",0.398449612403101,0.480262373285629,0.610137149672033,0.0196374622356495,1,0.0196374622356495,0.0196374622356495,0,3.87351315066627,0.0361560280971797,0.257574219773718,1.24698450990667,0.337042141823797,0.337042141823797
"Leaf361","Leaf88",0.398449612403101,0.480262373285629,0.845676803816339,0.0196374622356495,1,0.0196374622356495,0.0196374622356495,0,3.87351315066627,0.00688377705135497,0.153386894921428,1.37423937148558,0.13328894935056,0.13328894935056
"Leaf363","Leaf371",0.398449612403101,0.480262373285629,0.816219439475253,0.00755287009063444,1,0.00755287009063444,0.00755287009063444,0,4.78369667181349,0.0514198742253195,0.820782681668123,0.570269185452893,0.63945714751027,0.63945714751027
"Leaf363","Leaf405",0.398449612403101,0.480262373285629,0.900417412045319,0.00755287009063444,1,0.00755287009063444,0.00755287009063444,0,4.78369667181349,0.0631523730279759,0.872081599272381,0.755637361806851,0.730022865611762,0.730022865611762
"Leaf363","Leaf41",0.398449612403101,0.480262373285629,0.916279069767442,0.00755287009063444,0.963746223564955,0.00604229607250755,0.00625978090766823,0.07642151436116,2.19722457733622,0.0496123546137384,0.737864787372622,0.716499505750577,0.123716507470113,0.588112955022479
"Leaf363","Leaf427",0.398449612403101,0.480262373285629,0.863923673225999,0.00755287009063444,1,0.00755287009063444,0.00755287009063444,0,4.78369667181349,0.00224336579150405,0.0512989176042577,1.18630916627162,0.2625364788951,0.2625364788951
"Leaf363","Leaf61",0.398449612403101,0.480262373285629,0.845796064400716,0.00755287009063444,0.998489425981873,0.00755287009063444,0.0075642965204236,0.0033931385058637,3.68356231283632,0.0297319510989063,0.205195670417031,0.884522795196636,0.455622837071122,0.455622837071122
"Leaf363","Leaf67",0.398449612403101,0.480262373285629,0.899701848539058,0.00755287009063444,1,0.00755287009063444,0.00755287009063444,0,4.78369667181349,0.0553897337209243,0.102597835208515,1.03161238843453,0.640230648542725,0.640230648542725
"Leaf363","Leaf88",0.398449612403101,0.480262373285629,0.460107334525939,0.00755287009063444,1,0.00755287009063444,0.00755287009063444,0,4.78369667181349,0.0131478949908326,0.461690258438319,1.07138862472782,0.27165124162237,0.27165124162237
"Leaf369","Leaf371",0.398449612403101,0.480262373285629,0.527489564698867,0.00755287009063444,1,0.00755287009063444,0.00755287009063444,0,4.78369667181349,0.0363996783209901,0.359092423229804,0.65447744825135,0.452248550591469,0.452248550591469
"Leaf369","Leaf405",0.398449612403101,0.480262373285629,0.438998211091234,0.00755287009063444,1,0.00755287009063444,0.00755287009063444,0,4.78369667181349,0.0466469275310405,0.66688592885535,0.820614166713573,0.516747392739077,0.516747392739077
"Leaf369","Leaf41",0.398449612403101,0.480262373285629,0.914967203339296,0.00755287009063444,0.963746223564955,0.00755287009063444,0.00783699059561128,0.0169198924784858,0.854691609412142,0.011103015077528,0.394736842105263,0.824781007368242,0.0106253515672152,0.106730606211272
"Leaf369","Leaf427",0.398449612403101,0.480262373285629,0.960405485986881,0.00755287009063444,1,0.00755287009063444,0.00755287009063444,0,4.78369667181349,0.0578276440244496,0.564288093646835,1.34056016714896,0.531128032701068,0.531128032701068
"Leaf369","Leaf61",0.398449612403101,0.480262373285629,0.944305307096005,0.00755287009063444,0.998489425981873,0.00755287009063444,0.0075642965204236,0.00339313850586372,3.68356231283632,0.0212945595647317,0.974679434480896,0.983339127699286,0.212795840514027,0.212795840514027
"Leaf369","Leaf67",0.398449612403101,0.480262373285629,0.916756112104949,0.00755287009063444,1,0.00755287009063444,0.00755287009063444,0,4.78369667181349,0.0599490638031941,0.718184846459608,1.13974209965991,0.420962698344149,0.420962698344149
"Leaf369","Leaf88",0.398449612403101,0.480262373285629,0.924031007751938,0.00755287009063444,1,0.00755287009063444,0.00755287009063444,0,4.78369667181349,0.0440012127620246,0.615587011251092,1.21244845374132,0.341145654761748,0.341145654761748
"Leaf371","Leaf380",0.398449612403101,0.480262373285629,0.85664877757901,0.00906344410876133,1,0.00906344410876133,0.00906344410876133,0,4.61512051684126,0.0929623665444244,0.273229533323512,0.626507896299245,0.942625532162242,0.942625532162242
"Leaf371","Leaf391",0.398449612403101,0.480262373285629,0.961121049493143,0.110271903323263,1,0.110271903323263,0.110271903323263,0,2.08198931375863,0.0193174751403055,0.20574680291694,1.75815525089776,0.00155812095185545,0.00155812095185545
"Leaf371","Leaf394",0.398449612403101,0.480262373285629,0.075968992248062,0.00906344410876133,1,0.00906344410876133,0.00906344410876133,0,4.61512051684126,0.0303811311615717,0.462910049886276,0.517566561028067,0.396389879856528,0.396389879856528
"Leaf371","Leaf396",0.398449612403101,0.480262373285629,0.902921884317233,0.00906344410876133,1,0.00906344410876133,0.00906344410876133,0,4.61512051684126,0.013642528789008,0.516100229611079,0.601534906231884,0.0934876519552504,0.0934876519552504
"Leaf371","Leaf405",0.398449612403101,0.480262373285629,0.995706618962433,1,1,1,1,0,7.18916773842032,0.41008392125642,0.41008392125642,0.792029409138331,NA,NA
"Leaf371","Leaf406",0.398449612403101,0.480262373285629,0.881216457960644,0.00302114803625378,1,0.00302114803625378,0.00302114803625378,0,5.57670639208822,0.00988134075628668,NA,0.507590295462956,0.249496332134173,0.249496332134173
"Leaf371","Leaf41",0.398449612403101,0.480262373285629,0.996541443053071,0.963746223564955,1,0.963746223564955,0.963746223564955,0,3.26044855792191,0.446093536019744,0.437457090683616,0.676865934409107,0.813927966385994,0.813927966385994
"Leaf371","Leaf412",0.398449612403101,0.480262373285629,0.0275491949910555,0.00604229607250755,1,0.00604229607250755,0.00604229607250755,0,4.98588712440706,0.0982273815973917,0.2,0.590934911917694,1.32404545869748,1.32404545869748
"Leaf371","Leaf416",0.398449612403101,0.480262373285629,0.559570661896243,0.15558912386707,1,0.15558912386707,0.15558912386707,0,1.68747191504656,0.121101605805907,0.256663417991151,2.43101890968885,0.222679678739276,0.222679678739276
"Leaf371","Leaf42",0.809421586165772,0.968038163387001,0.967799642218247,0.0891238670694864,1,0.0891238670694864,0.0891238670694864,0,2.316769727986,0.107037844666645,0.0946127508678955,1.92405188742555,0.376615493079318,0.376615493079318
"Leaf371","Leaf420",0.398449612403101,0.962432915921288,0.976386404293381,0.0226586102719033,1,0.0226586102719033,0.0226586102719033,0,3.73227876964849,0.0828754923876667,0.512264394586117,1.03142778380804,0.374229365128276,0.374229365128276
"Leaf371","Leaf427",0.398449612403101,0.97793679189028,0.999761478831246,1,1,1,1,0,7.18916773842032,0.569182908248128,0.569182908248128,0.760155061993979,NA,NA
"Leaf371","Leaf434",0.398449612403101,1,0.20226595110316,0.0422960725075529,1,0.0422960725075529,0.0422960725075529,0,3.10293319987984,0.119190702831215,0.191213496873148,0.914017016705469,0.61569754133781,0.61569754133781
"Leaf371","Leaf443",0.398449612403101,0.480262373285629,0.756708407871199,0.0105740181268882,1,0.0105740181268882,0.0105740181268882,0,4.47049528266149,0.0177998688425423,0.111187397499165,0.713325365548376,0.000720285954710897,0.000720285954710897
"Leaf371","Leaf446",0.398449612403101,0.480262373285629,0.646630888491354,0.00604229607250755,1,0.00604229607250755,0.00604229607250755,0,4.98588712440706,0.0186594631228741,0.4,0.522817637571888,0.145362151621319,0.145362151621319
"Leaf371","Leaf454",0.398449612403101,0.480262373285629,0.137149672033393,0.00453172205438067,1,0.00453172205438067,0.00453172205438067,0,5.238719003662,0.0123734950784738,0.5,0.59072022842952,0.044824758533853,0.044824758533853
"Leaf371","Leaf456",0.398449612403101,0.480262373285629,0.781514609421586,0.0196374622356495,1,0.0196374622356495,0.0196374622356495,0,3.87351315066627,0.0455968637853851,0.0173645541420484,0.829953503864533,0.24233251650498,0.24233251650498
"Leaf371","Leaf466",0.398449612403101,0.480262373285629,0.970781156827668,0.361027190332326,1,0.361027190332326,0.361027190332326,0,0.570000097241139,0.217505456523801,0.0382807111325028,1.35576432568197,0.397795735426243,0.397795735426243
"Leaf371","Leaf49",0.398449612403101,0.480262373285629,0.832677400119261,0.00604229607250755,1,0.00604229607250755,0.00604229607250755,0,4.98588712440706,0.00699789570857028,1,0.59600648888659,0.133761097789626,0.133761097789626
"Leaf371","Leaf5",0.398449612403101,0.480262373285629,0.811210494931425,0.0226586102719033,1,0.0226586102719033,0.0226586102719033,0,3.73227876964849,0.00862555337511452,0.378437534191079,0.861125704551736,0.04730747019668,0.04730747019668
"Leaf371","Leaf50",0.398449612403101,0.480262373285629,0.893619558735838,0.0468277945619335,1,0.0468277945619335,0.0468277945619335,0,2.99811039595896,0.0203831575307796,0.453552803374986,1.06568908865445,0.0598351926462468,0.0598351926462468
"Leaf371","Leaf51",0.398449612403101,0.480262373285629,0.855813953488372,0.0196374622356495,1,0.0196374622356495,0.0196374622356495,0,3.87351315066627,0.0121711139244825,0.373417070840565,0.609211100918704,0.0467919666615323,0.0467919666615323
"Leaf371","Leaf53",0.398449612403101,0.480262373285629,0.184376863446631,0.0120845921450151,1,0.0120845921450151,0.0120845921450151,0,4.34380542185368,0.0415314882762922,0.443928003252861,0.665706974067896,0.373739554330948,0.373739554330948
"Leaf371","Leaf58",0.398449612403101,0.480262373285629,0.969469290399523,0.0166163141993958,1,0.0166163141993958,0.0166163141993958,0,4.0369303611957,0.0436849372959328,0.497722083825173,0.921769642443318,0.216466636787631,0.216466636787631
"Leaf371","Leaf61",0.398449612403101,0.982707215265355,0.999642218246869,0.998489425981873,1,0.998489425981873,0.998489425981873,0,6.08904487544685,0.469767650223683,0.467407935576917,0.615033739518423,NA,NA
"Leaf371","Leaf62",0.398449612403101,0.480262373285629,0.693977340488968,0.125377643504532,1,0.125377643504532,0.125377643504532,0,1.937319030923,0.145561756847133,0.0307308757338103,0.832765773112538,0.450605532688792,0.450605532688792
"Leaf371","Leaf64",0.398449612403101,0.480262373285629,0.756350626118068,0.013595166163142,1,0.013595166163142,0.013595166163142,0,4.23105073445778,0.0410774498867495,0.346890953086605,0.726226418214932,0.204489736530866,0.204489736530866
"Leaf371","Leaf67",0.398449612403101,0.979129397734049,0.998807394156231,1,1,1,1,0,7.18916773842032,0.555761220413704,0.555761220413704,0.868519270917075,NA,NA
"Leaf371","Leaf68",0.997376267143709,0.993679189028026,0.997614788312463,0.182779456193353,1,0.182779456193353,0.182779456193353,0,1.49442880366044,0.0912942242973977,0.260277645897738,3.27258303250154,0.346757295833818,0.346757295833818
"Leaf371","Leaf69",0.398449612403101,0.480262373285629,0.767799642218247,0.0151057401812689,1,0.0151057401812689,0.0151057401812689,0,4.12943588203337,0.00772459529576411,0.160018938273133,0.745948906952936,0.263491235950263,0.263491235950263
"Leaf371","Leaf70",0.398449612403101,0.480262373285629,0.686583184257603,0.00906344410876133,1,0.00906344410876133,0.00906344410876133,0,4.61512051684126,0.0255549074023423,0.811679449913428,0.567420725820411,0.313379521773649,0.313379521773649
"Leaf371","Leaf75",0.398449612403101,0.480262373285629,0.839833035181872,0.00604229607250755,1,0.00604229607250755,0.00604229607250755,0,4.98588712440706,0.0275976151263436,1,0.53836763469397,0.098472734259062,0.098472734259062
"Leaf371","Leaf78",0.398449612403101,0.480262373285629,0.921645796064401,0.0256797583081571,1,0.0256797583081571,0.0256797583081571,0,3.60782432935723,0.033760046068296,0.0822700933927206,0.96242461267167,0.195128534810635,0.195128534810635
"Leaf371","Leaf82",0.398449612403101,0.480262373285629,0.571973762671437,0.0196374622356495,1,0.0196374622356495,0.0196374622356495,0,3.87351315066627,0.0901842419239299,0.125072700254943,0.744642349159287,0.664719297158325,0.664719297158325
"Leaf371","Leaf83",0.398449612403101,0.480262373285629,0.972331544424568,0.0241691842900302,1,0.0241691842900302,0.0241691842900302,0,3.66821281730538,0.0615308540844362,0.344538260691051,1.02704240487009,0.360443571823252,0.360443571823252
"Leaf371","Leaf85",0.398449612403101,0.480262373285629,0.953011329755516,0.0422960725075529,1,0.0422960725075529,0.0422960725075529,0,3.10293319987984,0.0477801167252247,0.0139801861426164,1.0049828889029,0.153166284704573,0.153166284704573
"Leaf371","Leaf86",0.398449612403101,0.480262373285629,0.631484794275492,0.0498489425981873,1,0.0498489425981873,0.0498489425981873,0,2.93338041465338,0.0654837348406657,0.0211149016063531,1.01267148918741,0.277676305943137,0.277676305943137
"Leaf371","Leaf87",0.398449612403101,0.480262373285629,0.835301132975552,0.138972809667674,1,0.138972809667674,0.138972809667674,0,1.81930452478375,0.0279784444924477,0.132236664296502,2.31158313286672,0.00839735867328745,0.00839735867328745
"Leaf371","Leaf88",0.398449612403101,0.984496124031008,0.997972570065593,1,1,1,1,0,7.18916773842032,0.429922268668489,0.429922268668489,0.979697025569737,NA,NA
"Leaf371","Leaf90",0.398449612403101,0.989147286821705,0.756827668455576,0.167673716012085,1,0.167673716012085,0.167673716012085,0,1.59861724779338,0.0751732457855873,0.0458580342216376,2.52377919714335,0.0713015347766257,0.0713015347766257
"Leaf371","Leaf91",0.398449612403101,0.480262373285629,0.829695885509839,0.0422960725075529,1,0.0422960725075529,0.0422960725075529,0,3.10293319987984,0.0226162531958878,0.165660760313825,0.998468653278223,0.00328721119725674,0.00328721119725674
"Leaf371","Leaf99",0.398449612403101,0.480262373285629,0.953249850924269,0.193353474320242,1,0.193353474320242,0.193353474320242,0,1.42540282612983,0.20694552121934,0.123243553466026,0.896996309737296,0.45240565790839,0.45240565790839
"Leaf380","Leaf405",0.398449612403101,0.480262373285629,0.932737030411449,0.00906344410876133,1,0.00906344410876133,0.00906344410876133,0,4.61512051684126,0.0410503029008983,0.273229533323512,0.821001969046936,0.505959492492456,0.505959492492456
"Leaf380","Leaf41",0.398449612403101,0.480262373285629,0.663923673225999,0.00906344410876133,0.963746223564955,0.00906344410876133,0.00940438871473354,0.0185489353268198,0.686057745589457,0.0374661264874659,0.277218496635164,0.792775365811521,0.113131327079604,0.461871866052088
"Leaf380","Leaf427",0.398449612403101,0.480262373285629,0.454621347644603,0.00906344410876133,1,0.00906344410876133,0.00906344410876133,0,4.61512051684126,0.0524701498390534,0.151794185179729,1.26147896473585,0.48122125523024,0.48122125523024
"Leaf380","Leaf61",0.398449612403101,0.480262373285629,0.934764460345856,0.00906344410876133,0.998489425981873,0.00906344410876133,0.00907715582450832,0.00371982899892763,3.51498383763405,0.0559962537805075,0.94112394811432,0.965304228131503,0.586047539742979,0.586047539742979
"Leaf380","Leaf67",0.398449612403101,0.480262373285629,0.152534287418008,0.00906344410876133,1,0.00906344410876133,0.00906344410876133,0,4.61512051684126,0.0353935287748203,0.273229533323512,1.10466495104868,0.474298276644696,0.474298276644696
"Leaf380","Leaf88",0.398449612403101,0.480262373285629,0.184257602862254,0.00906344410876133,1,0.00906344410876133,0.00906344410876133,0,4.61512051684126,0.0233683476630873,0.394664881467296,1.16993656478881,0.105762494633841,0.105762494633841
"Leaf391","Leaf405",0.398449612403101,0.480262373285629,0.916875372689326,0.110271903323263,1,0.110271903323263,0.110271903323263,0,2.08198931375863,0.0384238216860113,0.197818150351862,1.88810921828023,0.0863099717500198,0.0863099717500198
"Leaf391","Leaf41",0.398449612403101,0.480262373285629,0.595706618962433,0.110271903323263,0.963746223564955,0.107250755287009,0.1109375,0.0166804872030099,0.125681277680624,0.0291142370397016,0.0662186973364012,1.8150585269683,0.0651890134768173,0.211303621319716
"Leaf391","Leaf427",0.398449612403101,0.480262373285629,0.939296362552177,0.110271903323263,1,0.110271903323263,0.110271903323263,0,2.08198931375863,0.00710661722152168,0.00882053337086322,2.36757027142726,0.0638284891895829,0.0638284891895829
"Leaf391","Leaf61",0.398449612403101,0.480262373285629,0.516279069767442,0.110271903323263,0.998489425981873,0.108761329305136,0.108761329305136,0.110483007439866,3.19430044678491,0.0185944658375528,0.0690638842507958,2.00676673659582,0.0386499450651008,0.0386499450651008
"Leaf391","Leaf67",0.398449612403101,0.480262373285629,0.404651162790698,0.110271903323263,1,0.110271903323263,0.110271903323263,0,2.08198931375863,0.0310116542564425,0.0753406730799446,2.08244188833343,0.0255183448305397,0.0255183448305397
"Leaf391","Leaf88",0.398449612403101,0.480262373285629,0.671198568872987,0.110271903323263,1,0.110271903323263,0.110271903323263,0,2.08198931375863,0.000701423143722481,0.0477450300752984,2.19537160194156,0.0820259079619136,0.0820259079619136
"Leaf394","Leaf405",0.398449612403101,0.480262373285629,0.940369707811568,0.00906344410876133,1,0.00906344410876133,0.00906344410876133,0,4.61512051684126,0.0424604205415847,0,0.729234125647159,0.58162363729222,0.58162363729222
"Leaf394","Leaf41",0.398449612403101,0.480262373285629,0.923553965414431,0.00906344410876133,0.963746223564955,0.00906344410876133,0.00940438871473354,0.0185489353268197,0.686057745589457,0.0171255999369714,0.77151674981046,0.66976128968159,0.123661626077402,0.256050639386237
"Leaf394","Leaf427",0.833273703041145,0.480262373285629,0.635181872391175,0.00906344410876133,1,0.00906344410876133,0.00906344410876133,0,4.61512051684126,0.0585032608757727,0.77151674981046,1.14252600257467,0.65590688527115,0.65590688527115
"Leaf394","Leaf61",0.398449612403101,0.480262373285629,0.560166964818128,0.00906344410876133,0.998489425981873,0.00906344410876133,0.00907715582450832,0.00371982899892763,3.51498383763405,0.024967841986098,0.925820099772552,0.822813593617582,0.38563177124425,0.38563177124425
"Leaf394","Leaf67",0.398449612403101,0.480262373285629,0.610614192009541,0.00906344410876133,1,0.00906344410876133,0.00906344410876133,0,4.61512051684126,0.020657556591935,0.0617213399848368,0.97858461974674,0.037580005992886,0.037580005992886
"Leaf394","Leaf88",0.398449612403101,0.480262373285629,0.189147286821705,0.00906344410876133,1,0.00906344410876133,0.00906344410876133,0,4.61512051684126,0.0522829418275229,0.833238089795296,1.02678669817203,0.360622800764129,0.360622800764129
"Leaf396","Leaf405",0.398449612403101,0.480262373285629,0.929636255217651,0.00906344410876133,1,0.00906344410876133,0.00906344410876133,0,4.61512051684126,0.0219996976527672,0.212511859251621,0.803670727423326,0.394140811137071,0.394140811137071
"Leaf396","Leaf41",0.398449612403101,0.480262373285629,0.672987477638641,0.00906344410876133,0.963746223564955,0.00906344410876133,0.00940438871473354,0.0185489353268197,0.686057745589457,0.0166967535450704,0.741935483870968,0.74041774960772,0.116153263587615,0.296384129119664
"Leaf396","Leaf427",0.398449612403101,0.480262373285629,0.792963625521765,0.00906344410876133,1,0.00906344410876133,0.00906344410876133,0,4.61512051684126,0.0487376215821083,0.333947207395404,1.22396970768213,0.579738764870417,0.579738764870417
"Leaf396","Leaf61",0.398449612403101,0.480262373285629,0.123315444245677,0.00906344410876133,0.998489425981873,0.00906344410876133,0.00907715582450832,0.00371982899892763,3.51498383763405,0.0242433638457682,0.0924061655450546,0.913964380366267,0.267436865510284,0.267436865510284
"Leaf396","Leaf67",0.398449612403101,0.480262373285629,0.784376863446631,0.00906344410876133,1,0.00906344410876133,0.00906344410876133,0,4.61512051684126,0.0287263386148929,0.0910765111078374,1.04527409316338,0.397780842583312,0.397780842583312
"Leaf396","Leaf88",0.398449612403101,0.961121049493143,0.0461538461538462,0.00906344410876133,1,0.00906344410876133,0.00906344410876133,0,4.61512051684126,0.0575790542774868,0.212511859251621,1.08939717983907,0.392316927561466,0.392316927561466
"Leaf405","Leaf406",0.398449612403101,0.480262373285629,0.918306499701849,0.00302114803625378,1,0.00302114803625378,0.00302114803625378,0,5.57670639208822,0.042194878875615,NA,0.687848496008381,0.731779289159877,0.731779289159877
"Leaf405","Leaf41",0.398449612403101,0.480262373285629,0.996064400715563,0.963746223564955,1,0.963746223564955,0.963746223564955,0,3.26044855792191,0.445977207581849,0.431506300134937,0.803384290076154,0.768014039585193,0.768014039585193
"Leaf405","Leaf412",0.993202146690519,0.480262373285629,0.726296958855098,0.00604229607250755,1,0.00604229607250755,0.00604229607250755,0,4.98588712440706,0.100566382940092,0.2,0.766735930698749,1.35223846394599,1.35223846394599
"Leaf405","Leaf416",0.398449612403101,0.480262373285629,0.648539057841384,0.15558912386707,1,0.15558912386707,0.15558912386707,0,1.68747191504656,0.0742179801384179,0.137616445868443,2.62847494663563,0.100547887626006,0.100547887626006
"Leaf405","Leaf42",0.398449612403101,0.480262373285629,0.961359570661896,0.0891238670694864,1,0.0891238670694864,0.0891238670694864,0,2.316769727986,0.00222214748268964,0.12501054781451,2.33932105602705,0.0517978101282758,0.0517978101282758
"Leaf405","Leaf420",0.398449612403101,0.480262373285629,0.366010733452594,0.0226586102719033,1,0.0226586102719033,0.0226586102719033,0,3.73227876964849,0.0190842424416583,0.0886959552463596,1.12732963286746,0.240164011472912,0.240164011472912
"Leaf405","Leaf427",0.398449612403101,0.480262373285629,0.99391771019678,1,1,1,1,0,7.18916773842032,0.394971785452709,0.394971785452709,1.32687078807487,NA,NA
"Leaf405","Leaf434",0.398449612403101,0.961359570661896,0.000238521168753727,0.0422960725075529,1,0.0422960725075529,0.0422960725075529,0,3.10293319987984,0.073751682487115,0.15907126639065,1.11625688237737,0.236815766487096,0.236815766487096
"Leaf405","Leaf443",0.398449612403101,0.480262373285629,0.961001788908766,0.0105740181268882,1,0.0105740181268882,0.0105740181268882,0,4.47049528266149,0.0869409704360364,0.259437260831385,0.943970688455238,0.688197122871754,0.688197122871754
"Leaf405","Leaf446",0.398449612403101,0.480262373285629,0.803697078115683,0.00604229607250755,1,0.00604229607250755,0.00604229607250755,0,4.98588712440706,0.0173096193092037,0.4,0.708741048224975,0.280699915254283,0.280699915254283
"Leaf405","Leaf454",0.398449612403101,0.480262373285629,0.889803220035778,0.00453172205438067,1,0.00453172205438067,0.00453172205438067,0,5.238719003662,0.0188126833026266,1,0.775416370326658,0.0943138882216761,0.0943138882216761
"Leaf405","Leaf456",0.398449612403101,0.480262373285629,0.837924865831843,0.0196374622356495,1,0.0196374622356495,0.0196374622356495,0,3.87351315066627,0.0655779873697943,0.280726958629783,0.967233873864008,0.422214782531029,0.422214782531029
"Leaf405","Leaf466",0.398449612403101,0.480262373285629,0.741562313655337,0.361027190332326,1,0.361027190332326,0.361027190332326,0,0.570000097241139,0.0885236905523529,0.0792075376884362,1.68194186764066,0.143561765499579,0.143561765499579
"Leaf405","Leaf49",0.398449612403101,0.480262373285629,0.963625521765057,0.00604229607250755,1,0.00604229607250755,0.00604229607250755,0,4.98588712440706,0.0209510858283799,0.8,0.780099698595212,0.102515090792516,0.102515090792516
"Leaf405","Leaf5",0.398449612403101,0.480262373285629,0.967322599880739,0.0226586102719033,1,0.0226586102719033,0.0226586102719033,0,3.73227876964849,0.0401134489255869,0.256599108549073,1.0836212928591,0.112149198248081,0.112149198248081
"Leaf405","Leaf50",0.398449612403101,0.480262373285629,0.972570065593321,0.0468277945619335,1,0.0468277945619335,0.0468277945619335,0,2.99811039595896,0.0291030460638942,0.37658437470793,1.31484359846611,0.0100094450497389,0.0100094450497389
"Leaf405","Leaf51",0.398449612403101,0.480262373285629,0.82015503875969,0.0196374622356495,1,0.0196374622356495,0.0196374622356495,0,3.87351315066627,0.0261648037997329,0.30751994069223,0.794346340297372,0.117369978163344,0.117369978163344
"Leaf405","Leaf53",0.398449612403101,0.480262373285629,0.14943351222421,0.0120845921450151,1,0.0120845921450151,0.0120845921450151,0,4.34380542185368,0.0258078249227009,0.722968462440373,0.842566978385415,0.279669497777878,0.279669497777878
"Leaf405","Leaf58",0.398449612403101,0.480262373285629,0.0318425760286225,0.0166163141993958,1,0.0166163141993958,0.0166163141993958,0,4.0369303611957,0.0135594606488424,0.0228312882488612,1.05127431235151,0.16583535055022,0.16583535055022
"Leaf405","Leaf61",0.398449612403101,0.480262373285629,0.977698270721526,0.998489425981873,1,0.998489425981873,0.998489425981873,0,6.08904487544685,0.125449815635931,0.128198374506123,1.32111663429616,NA,NA
"Leaf405","Leaf62",0.398449612403101,0.480262373285629,0.674060822898032,0.125377643504532,1,0.125377643504532,0.125377643504532,0,1.937319030923,0.126132982260833,0.0687864407808734,1.02046938480361,0.307596336189393,0.307596336189393
"Leaf405","Leaf64",0.398449612403101,0.480262373285629,0.810733452593918,0.013595166163142,1,0.013595166163142,0.013595166163142,0,4.23105073445778,0.000807427530734332,0.565979976088672,0.858773756239104,0.152970114166908,0.152970114166908
"Leaf405","Leaf67",0.398449612403101,0.966249254621348,0.997137745974955,1,1,1,1,0,7.18916773842032,0.341569493985416,0.341569493985416,1.06928905112223,NA,NA
"Leaf405","Leaf68",0.398449612403101,0.480262373285629,0.929755515802027,0.182779456193353,1,0.182779456193353,0.182779456193353,0,1.49442880366044,0.0202423354476016,0.122168454538156,2.66726997304347,0.0216447259515032,0.0216447259515032
"Leaf405","Leaf69",0.398449612403101,0.480262373285629,0.544901610017889,0.0151057401812689,1,0.0151057401812689,0.0151057401812689,0,4.12943588203337,0.0117393801971046,0.56622085850493,0.904438926505358,0.0524641066961869,0.0524641066961869
"Leaf405","Leaf70",0.398449612403101,0.480262373285629,0.376982707215265,0.00906344410876133,1,0.00906344410876133,0.00906344410876133,0,4.61512051684126,0.0165999176882357,0.260896966043602,0.748312539099154,0.32930202036523,0.32930202036523
"Leaf405","Leaf75",0.398449612403101,0.480262373285629,0.891592128801431,0.00604229607250755,1,0.00604229607250755,0.00604229607250755,0,4.98588712440706,0.00594395126235125,0.8,0.729884262559957,0.141293045340454,0.141293045340454
"Leaf405","Leaf76",0.398449612403101,0.480262373285629,0.980083482409064,0.0936555891238671,1,0.0936555891238671,0.0936555891238671,0,2.26259608477768,0.110075106986067,0.183343894329392,1.78512231284343,0.380241308099036,0.380241308099036
"Leaf405","Leaf78",0.398449612403101,0.480262373285629,0.611091234347048,0.0256797583081571,1,0.0256797583081571,0.0256797583081571,0,3.60782432935723,0.0388198944560419,0.3848117271595,1.08581514286073,0.194423719679449,0.194423719679449
"Leaf405","Leaf82",0.398449612403101,0.480262373285629,0.138223017292785,0.0196374622356495,1,0.0196374622356495,0.0196374622356495,0,3.87351315066627,0.0296373559775251,0.3354222415928,0.961546366209578,0.070084258160894,0.070084258160894
"Leaf405","Leaf83",0.398449612403101,0.480262373285629,0.97984496124031,0.0241691842900302,1,0.0241691842900302,0.0241691842900302,0,3.66821281730538,0.0266797701485199,0.720810308551015,1.24256178845235,0.211631114343334,0.211631114343334
"Leaf405","Leaf85",0.398449612403101,0.480262373285629,0.950745378652355,0.0422960725075529,1,0.0422960725075529,0.0422960725075529,0,3.10293319987984,0.00944922996611938,0.257349548992652,1.17601978176167,0.0849792500481662,0.0849792500481662
"Leaf405","Leaf86",0.398449612403101,0.480262373285629,0.0845557543231962,0.0498489425981873,1,0.0498489425981873,0.0498489425981873,0,2.93338041465338,0.0530643969119801,0.314557893161311,1.1840982982336,0.274559555540876,0.274559555540876
"Leaf405","Leaf87",0.398449612403101,0.480262373285629,0.890280262373286,0.138972809667674,1,0.138972809667674,0.138972809667674,0,1.81930452478375,0.0266486977468815,0.0371191309548462,2.50297731403728,0.0155637596298674,0.0155637596298674
"Leaf405","Leaf88",0.398449612403101,0.480262373285629,0.99200954084675,1,1,1,1,0,7.18916773842032,0.25942507075138,0.25942507075138,1.33712894417987,NA,NA
"Leaf405","Leaf90",0.398449612403101,0.480262373285629,0.269648181276088,0.167673716012085,1,0.167673716012085,0.167673716012085,0,1.59861724779338,0.0107923652603771,0.0536482909250616,2.75808015353986,0.0652301716098681,0.0652301716098681
"Leaf405","Leaf91",0.398449612403101,0.480262373285629,0.458199165175909,0.0422960725075529,1,0.0422960725075529,0.0422960725075529,0,3.10293319987984,0.0361352279636214,0.0428915289367878,1.19839511388592,0.0662051475178737,0.0662051475178737
"Leaf405","Leaf99",0.398449612403101,0.480262373285629,0.128205128205128,0.193353474320242,1,0.193353474320242,0.193353474320242,0,1.42540282612983,0.104530107892384,0.0342635094691793,1.13243634784323,0.219431104645376,0.219431104645376
"Leaf406","Leaf41",0.398449612403101,0.480262373285629,0.92737030411449,0.00302114803625378,0.963746223564955,0.00302114803625378,0.00313479623824451,0.0106767312639037,1.64787338801268,0.0212531528477891,NA,0.659738144147097,0.0788893813014614,0.50189858692298
"Leaf406","Leaf427",0.398449612403101,0.480262373285629,0.838998211091234,0.00302114803625378,1,0.00302114803625378,0.00302114803625378,0,5.57670639208822,0.0116188670314808,NA,1.14385022086776,0.320223157363858,0.320223157363858
"Leaf406","Leaf61",0.398449612403101,0.480262373285629,0.948837209302326,0.00302114803625378,0.998489425981873,0.00302114803625378,0.00302571860816944,0.0021411263702991,4.4765789516151,0.0106893808362085,NA,0.824826685174706,0.124056078879864,0.124056078879864
"Leaf406","Leaf67",0.398449612403101,0.480262373285629,0.951460942158617,0.00302114803625378,1,0.00302114803625378,0.00302114803625378,0,5.57670639208822,0.0228852136122757,NA,0.958809311309913,0.492765095573754,0.492765095573754
"Leaf406","Leaf88",0.398449612403101,0.480262373285629,0.242695289206917,0.00302114803625378,1,0.00302114803625378,0.00302114803625378,0,5.57670639208822,0.0193934748950379,NA,1.0291542184362,0.358070459281157,0.358070459281157
"Leaf41","Leaf412",0.398449612403101,0.480262373285629,0.931425163983304,0.00604229607250755,0.963746223564955,0.00604229607250755,0.00626959247648903,0.0151221078239482,1.05693959226754,0.0702988345770656,0.2,0.750018006173847,0.105050061136522,0.891222393085769
"Leaf41","Leaf416",0.398449612403101,0.480262373285629,0.831365533691115,0.15558912386707,0.963746223564955,0.15558912386707,0.161442006269592,0.0832545523310671,2.24819102092825,0.137600151467021,0.19896999131024,2.47502859925692,0.39613273090168,0.417617166609968
"Leaf41","Leaf42",0.398449612403101,0.480262373285629,0.949075730471079,0.0891238670694864,0.963746223564955,0.0861027190332326,0.0890625,0.00394173301792509,0.116601446819195,0.0102302602345439,0.0139033030826401,2.2779121349957,0.0375684453881998,0.0681982118485736
"Leaf41","Leaf420",0.398449612403101,0.480262373285629,0.948240906380441,0.0226586102719033,0.963746223564955,0.0211480362537764,0.0219092331768388,0.0247738334097058,1.01126736709715,0.087446719337531,0.0011325035575107,1.20439616918173,0.0047980564084809,0.496201077557628
"Leaf41","Leaf427",0.398449612403101,0.985688729874776,0.99773404889684,0.963746223564955,1,0.963746223564955,0.963746223564955,0,3.26044855792191,0.487701871721011,0.492273792546049,0.990712378992081,0.721068718357418,0.721068718357418
"Leaf41","Leaf434",0.398449612403101,0.982587954680978,0.270125223613596,0.0422960725075529,0.963746223564955,0.0422960725075529,0.0438871473354232,0.0407595769948401,0.827446091834472,0.0447997105329951,0.118717862203262,1.09581176811017,0.218417848940342,0.276539266290246
"Leaf41","Leaf443",0.398449612403101,0.480262373285629,0.890518783542039,0.0105740181268882,0.963746223564955,0.00906344410876133,0.00938967136150235,0.058957806675575,1.82634273065814,0.0649343411385565,0.154010275908424,0.898386741890451,0.0750944770645312,0.631929459862093
"Leaf41","Leaf446",0.398449612403101,0.480262373285629,0.927728085867621,0.00604229607250755,0.963746223564955,0.00604229607250755,0.00626959247648903,0.0151221078239482,1.05693959226754,0.022774600422867,0.4,0.677878946116537,0.106994782169326,0.361354604132707
"Leaf41","Leaf454",0.398449612403101,0.480262373285629,0.949552772808587,0.00453172205438067,0.963746223564955,0.00453172205438067,0.00470219435736677,0.0130861893966053,1.30982882402351,0.0629257182605342,0.866025403784439,0.765939103965635,0.096866171382077,0.878517181229376
"Leaf41","Leaf456",0.398449612403101,0.480262373285629,0.642695289206917,0.0196374622356495,0.963746223564955,0.0196374622356495,0.0203761755485893,0.0274501428750662,0.0559586536480446,0.0358839749162117,0.0160056942780528,0.964789970033025,0.147402219048228,0.217304603788944
"Leaf41","Leaf466",0.398449612403101,0.480262373285629,0.781872391174717,0.361027190332326,0.963746223564955,0.350453172205438,0.35968992248062,0.0280089288365094,0.288604156426749,0.117452645394985,0.0225849944061484,1.54145782996273,0.166511465146009,0.237871805236837
"Leaf41","Leaf49",0.398449612403101,0.480262373285629,0.96350626118068,0.00604229607250755,0.963746223564955,0.00453172205438067,0.00469483568075117,0.089157427378694,2.45011380909219,0.0582428843773127,NA,0.765378068012626,0.193591080557226,0.731114563779641
"Leaf41","Leaf5",0.398449612403101,0.480262373285629,0.888372093023256,0.0226586102719033,0.963746223564955,0.0226586102719033,0.0235109717868339,0.0295317219453454,0.197311556915736,0.0390018838059015,0.205839534248195,1.04581549217987,0.165488497259817,0.175589093158064
"Leaf41","Leaf50",0.398449612403101,0.480262373285629,0.852355396541443,0.0468277945619335,0.963746223564955,0.0468277945619335,0.04858934169279,0.0429894064389105,0.93245566872751,0.0626094869792391,0.332079125409323,1.21019058045211,0.222792755008735,0.353647271377655
"Leaf41","Leaf51",0.398449612403101,0.480262373285629,0.940846750149076,0.0196374622356495,0.963746223564955,0.0196374622356495,0.0203761755485893,0.0274501428750663,0.0559586536480446,0.0318264515489012,0.0992555616463756,0.750815574701992,0.166384952974874,0.228700831073236
"Leaf41","Leaf53",0.398449612403101,0.480262373285629,0.589505068574836,0.0120845921450151,0.963746223564955,0.0120845921450151,0.0125391849529781,0.0214511905556795,0.414626693798077,0.0324049936765044,0.504013523669435,0.839329580172461,0.122402756666618,0.385468520100135
"Leaf41","Leaf58",0.398449612403101,0.480262373285629,0.898747763864043,0.0166163141993958,0.963746223564955,0.0151057401812689,0.0156494522691706,0.0380084601288525,1.34042545782488,0.0281064878436599,0.306748466257669,0.995442968279465,0.0477098461013912,0.099870372688242
"Leaf41","Leaf61",0.398449612403101,0.980679785330948,0.994871794871795,0.963746223564955,0.998489425981873,0.963746223564955,0.965204236006051,0.200541375199529,4.40073354299059,0.365417422920692,0.344306789688529,0.929815918720127,0.801384467150804,0.801384467150804
"Leaf41","Leaf62",0.398449612403101,0.480262373285629,0.405128205128205,0.125377643504532,0.963746223564955,0.125377643504532,0.130094043887147,0.0734336382626017,1.99679832088775,0.11832748301617,0.0627365990009766,0.988122553205073,0.381867423994608,0.414571059981917
"Leaf41","Leaf64",0.398449612403101,0.480262373285629,0.844961240310077,0.013595166163142,0.963746223564955,0.013595166163142,0.0141065830721003,0.0227698382524664,0.30181375676728,0.0491762367108179,0.14920076931845,0.876132075340247,0.127829276954865,0.347192128071778
"Leaf41","Leaf67",0.398449612403101,0.974716756112105,0.995229576624926,0.963746223564955,1,0.963746223564955,0.963746223564955,0,3.26044855792191,0.442474301496756,0.421360679664744,1.02373667056876,0.843905886109232,0.843905886109232
"Leaf41","Leaf68",0.398449612403101,0.480262373285629,0.976267143709004,0.182779456193353,0.963746223564955,0.173716012084592,0.178571428571429,0.0337336997214579,0.465297945166056,0.0316120637281798,0.0426910208876087,2.77043032786371,0.0825457563569223,0.501107286777914
"Leaf41","Leaf69",0.398449612403101,0.480262373285629,0.40608228980322,0.0151057401812689,0.963746223564955,0.013595166163142,0.0140845070422535,0.0422350189015163,1.44209874183596,0.00850566986923965,0.244727916902617,0.867433015779719,0.00755508327762856,0.0288508771757136
"Leaf41","Leaf70",0.398449612403101,0.480262373285629,0.938580799045915,0.00906344410876133,0.963746223564955,0.00755287009063444,0.00782472613458529,0.0667246423561984,1.99497659448082,0.00333868954245881,0.205195670417031,0.726053820442363,0.146436926893174,0.155915224191761
"Leaf41","Leaf75",0.398449612403101,0.480262373285629,0.859153249850924,0.00604229607250755,0.963746223564955,0.00604229607250755,0.00626959247648903,0.0151221078239483,1.05693959226754,0.0308285440227815,0.210818510677892,0.700941059535713,0.0975977598020012,0.318402798979838
"Leaf41","Leaf76",0.398449612403101,0.480262373285629,0.932617769827072,0.0936555891238671,0.963746223564955,0.0936555891238671,0.0971786833855799,0.0623469913903094,1.67001151514387,0.0483070244786705,0.133271046326898,1.82604430639797,0.232445253139746,0.323496977365701
"Leaf41","Leaf78",0.398449612403101,0.480262373285629,0.878115682766846,0.0256797583081571,0.963746223564955,0.0256797583081571,0.0266457680250784,0.0314876235708957,0.321885268089329,0.0705219900849111,0.261688073884658,1.04795757114903,0.167334047518812,0.476564305278509
"Leaf41","Leaf82",0.398449612403101,0.480262373285629,0.826118067978533,0.0196374622356495,0.963746223564955,0.0196374622356495,0.0203761755485893,0.0274501428750664,0.0559586536480446,0.0750115788068576,0.10649962756313,0.889521964861754,0.149712248750463,0.643002994692854
"Leaf41","Leaf83",0.398449612403101,0.480262373285629,0.933810375670841,0.0241691842900302,0.963746223564955,0.0211480362537764,0.021875,0.0747197900720673,1.56557810280288,0.00557749765536978,0.124316723066665,1.11418984867784,0.0810345097546702,0.172008908645112
"Leaf41","Leaf85",0.398449612403101,0.480262373285629,0.926893261776983,0.0422960725075529,0.963746223564955,0.0392749244712991,0.040625,0.0395464943461849,0.943179632090486,0.0507240879457497,0.0550663264534902,1.16473094261439,0.0459673822900575,0.252978113932818
"Leaf41","Leaf86",0.398449612403101,0.480262373285629,0.978890876565295,0.0498489425981873,0.963746223564955,0.0483383685800604,0.0500782472613459,0.00729197379764119,0.174929326006464,0.00925635277965962,0.0422584870375504,1.2201234917775,0.0707992053459054,0.200539557281883
"Leaf41","Leaf87",0.398449612403101,0.480262373285629,0.673941562313655,0.138972809667674,0.963746223564955,0.131419939577039,0.135303265940902,0.0388896731208963,0.575336671998713,0.0105499602973901,0.0558562825769208,2.44041939701299,0.0309585855453257,0.132141343875725
"Leaf41","Leaf88",0.398449612403101,0.480262373285629,0.990936195587358,0.963746223564955,1,0.963746223564955,0.963746223564955,0,3.26044855792191,0.245644950458085,0.243317030241729,1.28441155468986,0.395015979526176,0.395015979526176
"Leaf41","Leaf90",0.398449612403101,0.480262373285629,0.219320214669052,0.167673716012085,0.963746223564955,0.164652567975831,0.1703125,0.0437876410539731,0.621215961551314,0.0696291595618597,0.114907654947681,2.68826919179039,0.216928835099193,0.229231530455098
"Leaf41","Leaf91",0.398449612403101,0.480262373285629,0.971615980918306,0.0422960725075529,0.963746223564955,0.0392749244712991,0.040625,0.0395464943461847,0.943179632090486,0.0542488321987903,0.160269014933702,1.18668275251783,0.119068198510944,0.253568250561362
"Leaf41","Leaf99",0.398449612403101,0.480262373285629,0.967203339296363,0.193353474320242,0.963746223564955,0.190332326283988,0.196875,0.0540318521291063,0.798166174491231,0.170039902558472,0.0311827644391448,1.00941155137946,0.372954515570003,0.450941471328539
"Leaf412","Leaf427",0.398449612403101,0.480262373285629,0.336076326774001,0.00604229607250755,1,0.00604229607250755,0.00604229607250755,0,4.98588712440706,0.0673153435621836,0.4,1.2303089036307,0.896253688848277,0.896253688848277
"Leaf412","Leaf61",0.398449612403101,0.480262373285629,0.517471675611211,0.00604229607250755,0.998489425981873,0.00604229607250755,0.00605143721633888,0.00303260829893021,3.88575507860754,0.0585014983427846,0,0.913937970038601,0.676253630112793,0.676253630112793
"Leaf412","Leaf67",0.950268336314848,0.480262373285629,0.120572450805009,0.00604229607250755,1,0.00604229607250755,0.00604229607250755,0,4.98588712440706,0.0826041221108692,0.8,1.03571705589125,1.06078798561249,1.06078798561249
"Leaf412","Leaf88",0.398449612403101,0.480262373285629,0.875134168157424,0.00604229607250755,1,0.00604229607250755,0.00604229607250755,0,4.98588712440706,0.0549221343159965,0.8,1.10699231196787,0.793478199206029,0.793478199206029
"Leaf416","Leaf427",0.398449612403101,0.480262373285629,0.966368515205725,0.15558912386707,1,0.15558912386707,0.15558912386707,0,1.68747191504656,0.0710105590408469,0.288245314850019,3.1482040795671,0.188594166915008,0.188594166915008
"Leaf416","Leaf61",0.398449612403101,0.986881335718545,0.986881335718545,0.15558912386707,0.998489425981873,0.15558912386707,0.155824508320726,0.0166959824160948,0.587070717135722,0.135972391289621,0.0404778896721564,2.36914163298842,0.388253229665074,0.388253229665074
"Leaf416","Leaf67",0.398449612403101,0.480262373285629,0.483840190816935,0.15558912386707,1,0.15558912386707,0.15558912386707,0,1.68747191504656,0.172991052266325,0.0945827368217374,2.7770419938574,0.339970522583806,0.339970522583806
"Leaf416","Leaf88",0.398449612403101,0.990220632081097,0.991651759093619,0.15558912386707,1,0.15558912386707,0.15558912386707,0,1.68747191504656,0.0168414941539637,0.260498755269817,3.53307314575069,0.0572974265875875,0.0572974265875875
"Leaf42","Leaf427",0.398449612403101,0.480262373285629,0.370781156827668,0.0891238670694864,1,0.0891238670694864,0.0891238670694864,0,2.316769727986,0.0404411302409448,0.07830020761481,2.65036836159212,0.162128222860857,0.162128222860857
"Leaf42","Leaf61",0.831246273106738,0.480262373285629,0.724508050089446,0.0891238670694864,0.998489425981873,0.0876132930513595,0.0876132930513595,0.124346028973219,3.43233157496788,0.102394326900985,0.100797621176512,2.30948587789956,0.283956282162079,0.283956282162079
"Leaf42","Leaf88",0.398449612403101,0.962075134168157,0.959809183064997,0.0891238670694864,1,0.0891238670694864,0.0891238670694864,0,2.316769727986,0.0165907677364452,0.0445457911911179,2.69054567597645,0.0409972993503215,0.0409972993503215
"Leaf420","Leaf427",0.398449612403101,0.480262373285629,0.936195587358378,0.0226586102719033,1,0.0226586102719033,0.0226586102719033,0,3.73227876964849,0.0585284809805806,0.204543733527319,1.6642357988522,0.251468589706927,0.251468589706927
"Leaf420","Leaf61",0.398449612403101,0.480262373285629,0.961836612999404,0.0226586102719033,0.998489425981873,0.0211480362537764,0.0211480362537764,0.255449925914098,4.89758243281527,0.0318760530393343,0.216544292385876,1.35172735066225,0.327734056275971,0.327734056275971
"Leaf420","Leaf67",0.398449612403101,0.480262373285629,0.969230769230769,0.0226586102719033,1,0.0226586102719033,0.0226586102719033,0,3.73227876964849,0.0688751731744851,0.0941263198532795,1.47829516256016,0.444466136113862,0.444466136113862
"Leaf420","Leaf88",0.398449612403101,0.969827072152654,0.958020274299344,0.0226586102719033,1,0.0226586102719033,0.0226586102719033,0,3.73227876964849,0.0017694485781111,0.599150228296837,1.4248955866169,0.00939319218949384,0.00939319218949384
"Leaf427","Leaf434",0.398449612403101,0.997137745974955,0.860345855694693,0.0422960725075529,1,0.0422960725075529,0.0422960725075529,0,3.10293319987984,0.113901278275973,0.273321258493775,1.49781564482673,0.595494699667487,0.595494699667487
"Leaf427","Leaf443",0.893500298151461,0.480262373285629,0.972927847346452,0.0105740181268882,1,0.0105740181268882,0.0105740181268882,0,4.47049528266149,0.0671841464695013,0.22237479499833,1.43213542775584,0.608136406472479,0.608136406472479
"Leaf427","Leaf446",0.398449612403101,0.480262373285629,0.843887895050686,0.00604229607250755,1,0.00604229607250755,0.00604229607250755,0,4.98588712440706,0.00879298008565355,0.4,1.15994904576536,0.000829104601946683,0.000829104601946683
"Leaf427","Leaf454",0.398449612403101,0.480262373285629,0.775313059033989,0.00453172205438067,1,0.00453172205438067,0.00453172205438067,0,5.238719003662,0.0485194773420191,1,1.24178033158219,0.473496059151985,0.473496059151985
"Leaf427","Leaf456",0.398449612403101,0.480262373285629,0.269290399522958,0.0196374622356495,1,0.0196374622356495,0.0196374622356495,0,3.87351315066627,0.091055028504674,0.121551878994339,1.40895585189463,0.667993309700249,0.667993309700249
"Leaf427","Leaf466",0.398449612403101,0.480262373285629,0.985450208706023,0.361027190332326,1,0.361027190332326,0.361027190332326,0,0.570000097241139,0.221172101687313,0.107142667268194,1.7872182125013,0.427770274068264,0.427770274068264
"Leaf427","Leaf49",0.398449612403101,0.480262373285629,0.902206320810972,0.00604229607250755,1,0.00604229607250755,0.00604229607250755,0,4.98588712440706,0.0139533351880945,0.8,1.22475948067193,0.302340390306424,0.302340390306424
"Leaf427","Leaf5",0.398449612403101,0.480262373285629,0.337865235539654,0.0226586102719033,1,0.0226586102719033,0.0226586102719033,0,3.73227876964849,0.0128669071856056,0.40371965538841,1.46560899025757,0.0822071915174337,0.0822071915174337
"Leaf427","Leaf50",0.398449612403101,0.983899821109123,0.984853905784138,0.0468277945619335,1,0.0468277945619335,0.0468277945619335,0,2.99811039595896,0.0336389182873672,0.569862327022816,1.85047950147214,0.0903539935889379,0.0903539935889379
"Leaf427","Leaf51",0.398449612403101,0.480262373285629,0.815623136553369,0.0196374622356495,1,0.0196374622356495,0.0196374622356495,0,3.87351315066627,0.0307728091538424,0.0627591715698429,1.25242082988476,0.104767306035358,0.104767306035358
"Leaf427","Leaf53",0.398449612403101,0.480262373285629,0.331663685152057,0.0120845921450151,1,0.0120845921450151,0.0120845921450151,0,4.34380542185368,0.0454881703708782,0.012683657235796,1.29335809422888,0.507149895428157,0.507149895428157
"Leaf427","Leaf58",0.398449612403101,0.963029218843172,0.603339296362552,0.0166163141993958,1,0.0166163141993958,0.0166163141993958,0,4.0369303611957,0.0336744579946116,0.401830673179956,1.43866386809815,0.408436225672609,0.408436225672609
"Leaf427","Leaf61",0.398449612403101,0.962909958258795,0.998211091234347,0.998489425981873,1,0.998489425981873,0.998489425981873,0,6.08904487544685,0.376220150392594,0.373459513768362,1.18404524484821,NA,NA
"Leaf427","Leaf62",0.398449612403101,0.480262373285629,0.900298151460942,0.125377643504532,1,0.125377643504532,0.125377643504532,0,1.937319030923,0.146665015402345,0.0749946487615149,1.42935926640617,0.445219104870511,0.445219104870511
"Leaf427","Leaf64",0.398449612403101,0.480262373285629,0.838878950506858,0.013595166163142,1,0.013595166163142,0.013595166163142,0,4.23105073445778,0.0374094105448078,0.255603860169077,1.37108040473468,0.203158804237534,0.203158804237534
"Leaf427","Leaf67",0.398449612403101,0.962790697674419,0.995468097793679,1,1,1,1,0,7.18916773842032,0.450215895041267,0.450215895041267,1.41596047516043,NA,NA
"Leaf427","Leaf69",0.398449612403101,0.480262373285629,0.936076326774001,0.0151057401812689,1,0.0151057401812689,0.0151057401812689,0,4.12943588203337,0.0297364821768405,0.283110429252465,1.37804544299458,0.281298284831768,0.281298284831768
"Leaf427","Leaf70",0.398449612403101,0.480262373285629,0.553369111508646,0.00906344410876133,1,0.00906344410876133,0.00906344410876133,0,4.61512051684126,0.0412510358510988,0,1.18749813982139,0.529965209469318,0.529965209469318
"Leaf427","Leaf75",0.398449612403101,0.480262373285629,0.927489564698867,0.00604229607250755,1,0.00604229607250755,0.00604229607250755,0,4.98588712440706,0.0215848983367562,0.8,1.18085385179939,0.079501808691912,0.079501808691912
"Leaf427","Leaf76",0.398449612403101,0.480262373285629,0.97185450208706,0.0936555891238671,1,0.0936555891238671,0.0936555891238671,0,2.26259608477768,0.0200242974081624,0.27824806939126,2.56306170750169,0.0262811882658208,0.0262811882658208
"Leaf427","Leaf78",0.398449612403101,0.480262373285629,0.940488968395945,0.0256797583081571,1,0.0256797583081571,0.0256797583081571,0,3.60782432935723,0.00209675703656432,0.254771902119393,1.62240356680004,0.118954629731048,0.118954629731048
"Leaf427","Leaf82",0.398449612403101,0.480262373285629,0.659272510435301,0.0196374622356495,1,0.0196374622356495,0.0196374622356495,0,3.87351315066627,0.0490013469432712,0.12524485821703,1.38522699634886,0.486349906872444,0.486349906872444
"Leaf427","Leaf83",0.398449612403101,0.480262373285629,0.949672033392964,0.0241691842900302,1,0.0241691842900302,0.0241691842900302,0,3.66821281730538,0.00252108330164496,0.14657987406593,1.60796959712212,0.144219015569198,0.144219015569198
"Leaf427","Leaf85",0.398449612403101,0.480262373285629,0.95778175313059,0.0422960725075529,1,0.0422960725075529,0.0422960725075529,0,3.10293319987984,0.0417081691443383,0.0342371905533462,1.65241848487271,0.216230501032594,0.216230501032594
"Leaf427","Leaf86",0.398449612403101,0.480262373285629,0.00381633870005963,0.0498489425981873,1,0.0498489425981873,0.0498489425981873,0,2.93338041465338,0.01677482010313,0.0184078629388719,1.67525141744933,0.0258184975180292,0.0258184975180292
"Leaf427","Leaf87",0.398449612403101,0.480262373285629,0.425760286225403,0.138972809667674,1,0.138972809667674,0.138972809667674,0,1.81930452478375,0.0242784986202579,0.133788923958416,2.8979330448699,0.0350928122934512,0.0350928122934512
"Leaf427","Leaf88",0.398449612403101,0.983184257602862,0.998568872987478,1,1,1,1,0,7.18916773842032,0.427254769770916,0.427254769770916,1.28329406185015,NA,NA
"Leaf427","Leaf90",0.398449612403101,0.978413834227788,0.955277280858676,0.167673716012085,1,0.167673716012085,0.167673716012085,0,1.59861724779338,0.0524278145527845,0.0721959707252066,3.05972337531351,0.17130039316398,0.17130039316398
"Leaf427","Leaf91",0.398449612403101,0.480262373285629,0.948121645796064,0.0422960725075529,1,0.0422960725075529,0.0422960725075529,0,3.10293319987984,0.0682380950880066,0.249302276868853,1.7142142759087,0.222105678456479,0.222105678456479
"Leaf427","Leaf99",0.398449612403101,0.480262373285629,0.977817531305903,0.193353474320242,1,0.193353474320242,0.193353474320242,0,1.42540282612983,0.189520159186663,0.00976774291666331,1.44337428704101,0.469274167552545,0.469274167552545
"Leaf434","Leaf61",0.398449612403101,0.995587358378056,0.460584376863447,0.0422960725075529,0.998489425981873,0.0422960725075529,0.0423600605143722,0.00817398162309648,2.00274362381848,0.0389054771606614,0.295713189097275,1.24972125613194,0.233579983986176,0.233579983986176
"Leaf434","Leaf67",0.398449612403101,0.990339892665474,0.184973166368515,0.0422960725075529,1,0.0422960725075529,0.0422960725075529,0,3.10293319987984,0.0571224072001198,0.046327961433772,1.39881298768742,0.318672090579788,0.318672090579788
"Leaf434","Leaf88",0.398449612403101,0.999880739415623,0.207394156231366,0.0422960725075529,1,0.0422960725075529,0.0422960725075529,0,3.10293319987984,0.0959037941678301,0.313377675430992,1.47234420979474,0.572481761448622,0.572481761448622
"Leaf443","Leaf61",0.398449612403101,0.480262373285629,0.485986881335719,0.0105740181268882,0.998489425981873,0.0105740181268882,0.010590015128593,0.00402094044079074,3.37035627613958,0.0179004009071087,0.259437260831385,1.03399626868065,0.126338121369502,0.126338121369502
"Leaf443","Leaf67",0.398449612403101,0.480262373285629,0.79582587954681,0.0105740181268882,1,0.0105740181268882,0.0105740181268882,0,4.47049528266149,0.0111033160884857,0.630061919161936,1.16631292885344,0.211800116100011,0.211800116100011
"Leaf443","Leaf88",0.398449612403101,0.480262373285629,0.944186046511628,0.0105740181268882,1,0.0105740181268882,0.0105740181268882,0,4.47049528266149,0.00519327247318108,0.741249316661101,1.25545272204071,0.0268101862196193,0.0268101862196193
"Leaf446","Leaf61",0.398449612403101,0.480262373285629,0.436970781156828,0.00604229607250755,0.998489425981873,0.00604229607250755,0.00605143721633888,0.00303260829893021,3.88575507860754,0.0542741534387136,0.316227766016838,0.832751957493867,0.699997772701896,0.699997772701896
"Leaf446","Leaf67",0.398449612403101,0.480262373285629,0.869171138938581,0.00604229607250755,1,0.00604229607250755,0.00604229607250755,0,4.98588712440706,0.0353006277072389,0.8,0.970367593904046,0.51543938204221,0.51543938204221
"Leaf446","Leaf88",0.398449612403101,0.480262373285629,0.809660107334526,0.00604229607250755,1,0.00604229607250755,0.00604229607250755,0,4.98588712440706,0.0010734349040217,0.2,1.03792689208561,0.0881054643906871,0.0881054643906871
"Leaf454","Leaf61",0.398449612403101,0.480262373285629,0.459511031604055,0.00453172205438067,0.998489425981873,0.00453172205438067,0.00453857791225416,0.0026243224177168,4.13858926401986,0.0159527946349436,0.5,0.910182623957419,0.146348152817083,0.146348152817083
"Leaf454","Leaf67",0.398449612403101,0.480262373285629,0.814669051878354,0.00453172205438067,1,0.00453172205438067,0.00453172205438067,0,5.238719003662,0.0463063931571327,0.5,1.05414263898471,0.407205749971877,0.407205749971877
"Leaf454","Leaf88",0.398449612403101,0.480262373285629,0.773285629099583,0.00453172205438067,1,0.00453172205438067,0.00453172205438067,0,5.238719003662,0.0125166040774504,0.5,1.09263875079142,0.323108110831272,0.323108110831272
"Leaf456","Leaf61",0.398449612403101,0.480262373285629,0.829457364341085,0.0196374622356495,0.998489425981873,0.0196374622356495,0.0196671709531014,0.00550488940158958,2.77336002964401,0.0417589593851658,0.332820621055928,1.07330070760195,0.366426747213031,0.366426747213031
"Leaf456","Leaf67",0.398449612403101,0.480262373285629,0.730232558139535,0.0196374622356495,1,0.0196374622356495,0.0196374622356495,0,3.87351315066627,0.0512661377809265,0.607759394971695,1.2194960414648,0.419493595003953,0.419493595003953
"Leaf456","Leaf88",0.398449612403101,0.973643410852713,0.930590339892665,0.0196374622356495,1,0.0196374622356495,0.0196374622356495,0,3.87351315066627,0.0390520420073709,0.68879398096792,1.44070467406209,0.191141240895871,0.191141240895871
"Leaf466","Leaf61",0.398449612403101,0.480262373285629,0.963267740011926,0.361027190332326,0.998489425981873,0.361027190332326,0.361573373676248,0.0292366788350782,0.530976258721851,0.105865942283887,0.0708984078343918,1.65816463748602,0.218263881180481,0.218263881180481
"Leaf466","Leaf67",0.398449612403101,0.480262373285629,0.588670244484198,0.361027190332326,1,0.361027190332326,0.361027190332326,0,0.570000097241139,0.0987419185161349,0.0356332159258994,1.85257550445561,0.182311396008439,0.182311396008439
"Leaf466","Leaf88",0.808228980322004,0.970781156827668,0.988431723315444,0.361027190332326,1,0.361027190332326,0.361027190332326,0,0.570000097241139,0.383928354644603,0.123010717506421,1.55349943496129,0.877869468967355,0.877869468967355
"Leaf49","Leaf61",0.398449612403101,0.480262373285629,0.0684555754323196,0.00604229607250755,0.998489425981873,0.00604229607250755,0.00605143721633888,0.00303260829893017,3.88575507860754,0.0291133121202221,0.8,0.900328769821285,0.365817963166615,0.365817963166615
"Leaf49","Leaf67",0.398449612403101,0.480262373285629,0.942635658914729,0.00604229607250755,1,0.00604229607250755,0.00604229607250755,0,4.98588712440706,0.0113488203936023,0.2,1.05116187965721,0.0159544082413259,0.0159544082413259
"Leaf49","Leaf88",0.398449612403101,0.480262373285629,0.901252236135957,0.00604229607250755,1,0.00604229607250755,0.00604229607250755,0,4.98588712440706,0.0301709625865413,0.6,1.12433177406909,0.273583820537735,0.273583820537735
"Leaf5","Leaf61",0.398449612403101,0.480262373285629,0.394752534287418,0.0226586102719033,0.998489425981873,0.0226586102719033,0.0226928895612708,0.00592233213093003,2.6321208856186,0.027467733287594,0.317518321370076,1.14956218889666,0.0946615949334433,0.0946615949334433
"Leaf5","Leaf88",0.398449612403101,0.967203339296363,0.916517590936196,0.0226586102719033,1,0.0226586102719033,0.0226586102719033,0,3.73227876964849,0.0157931493850308,0.502121996585236,1.41961386532071,0.0628765403345036,0.0628765403345036
"Leaf50","Leaf61",0.398449612403101,0.99809183064997,0.981276088252832,0.0468277945619335,0.998489425981873,0.0468277945619335,0.0468986384266263,0.00862115468627092,1.89791332090528,0.105377899825721,0.0720283916694885,1.13129864059351,0.531303260716319,0.531303260716319
"Leaf50","Leaf67",0.398449612403101,0.972450805008945,0.958258795468098,0.0468277945619335,1,0.0468277945619335,0.0468277945619335,0,2.99811039595896,0.0980663614790938,0.138738790181123,1.33930045635699,0.421472939182869,0.421472939182869
"Leaf50","Leaf88",0.398449612403101,0.480262373285629,0.978175313059034,0.0468277945619335,1,0.0468277945619335,0.0468277945619335,0,2.99811039595896,0.0253520607424518,0.546257468985308,1.69251914944299,0.0965427591840483,0.0965427591840483
"Leaf51","Leaf61",0.398449612403101,0.480262373285629,0.957662492546213,0.0196374622356495,0.998489425981873,0.0196374622356495,0.0196671709531014,0.00550488940158953,2.77336002964401,0.0658186019521141,0.646419467169381,0.96157235352287,0.393358714718311,0.393358714718311
"Leaf51","Leaf67",0.398449612403101,0.480262373285629,0.796422182468694,0.0196374622356495,1,0.0196374622356495,0.0196374622356495,0,3.87351315066627,0.0552135735073649,0.0251036686279371,1.08597015629322,0.34221434475547,0.34221434475547
"Leaf51","Leaf88",0.398449612403101,0.480262373285629,0.855456171735242,0.0196374622356495,1,0.0196374622356495,0.0196374622356495,0,3.87351315066627,0.0162750932873199,0.338899526477151,1.11320185990927,0.00857852292817505,0.00857852292817505
"Leaf53","Leaf61",0.398449612403101,0.480262373285629,0.442695289206917,0.0120845921450151,0.998489425981873,0.0120845921450151,0.0121028744326778,0.00430185125370329,3.2436640808999,0.0358180428239927,0.291724116423309,0.978903471665601,0.37677156912616,0.37677156912616
"Leaf53","Leaf67",0.398449612403101,0.480262373285629,0.896839594514013,0.0120845921450151,1,0.0120845921450151,0.0120845921450151,0,4.34380542185368,0.0561842909953989,0.317091430894901,1.11871728474937,0.322878607786775,0.322878607786775
"Leaf53","Leaf88",0.982230172927847,0.972689326177698,0.665354800238521,0.0120845921450151,1,0.0120845921450151,0.0120845921450151,0,4.34380542185368,0.0699991367985799,0.761019434147762,1.12969544944319,0.625124199272267,0.625124199272267
"Leaf58","Leaf61",0.398449612403101,0.480262373285629,0.880143112701252,0.0166163141993958,0.998489425981873,0.0166163141993958,0.0166414523449319,0.00505597733656436,2.93678197391525,0.0238825751828657,0.319638035484056,1.18041533785302,0.195543140808377,0.195543140808377
"Leaf58","Leaf67",0.398449612403101,0.480262373285629,0.042814549791294,0.0166163141993958,1,0.0166163141993958,0.0166163141993958,0,4.0369303611957,0.00615122310918274,0.173517790691345,1.33536571888747,0.0549424716866397,0.0549424716866397
"Leaf58","Leaf88",0.398449612403101,0.971615980918306,0.970065593321407,0.0166163141993958,1,0.0166163141993958,0.0166163141993958,0,4.0369303611957,0.0284694592329301,0.689504905115607,1.48121094420866,0.169536621081585,0.169536621081585
"Leaf61","Leaf62",0.398449612403101,0.480262373285629,0.0168157423971377,0.125377643504532,0.998489425981873,0.125377643504532,0.125567322239032,0.0147264828030881,0.836979626108812,0.147759539984779,0.13795429709672,1.14792353575114,0.498586269346805,0.498586269346805
"Leaf61","Leaf64",0.398449612403101,0.480262373285629,0.937865235539654,0.013595166163142,0.998489425981873,0.013595166163142,0.0136157337367625,0.00456629467622074,3.13090705192224,0.0790671701229818,0.119674700326782,1.06171694561462,0.639745537850512,0.639745537850512
"Leaf61","Leaf67",0.398449612403101,0.974120453190221,0.99618366129994,0.998489425981873,1,0.998489425981873,0.998489425981873,0,6.08904487544685,0.402511169440312,0.399795246005902,1.16157022174906,NA,NA
"Leaf61","Leaf68",0.398449612403101,0.480262373285629,0.990578413834228,0.182779456193353,0.998489425981873,0.182779456193353,0.183055975794251,0.0183947259878164,0.39396808563055,0.0549398444299654,0.150739837308312,3.2084373734745,0.135331298139472,0.135331298139472
"Leaf61","Leaf69",0.398449612403101,0.480262373285629,0.914132379248658,0.0151057401812689,0.998489425981873,0.0151057401812689,0.0151285930408472,0.00481698697938691,3.02928985073331,0.00420340751026721,0.160018938273133,1.07199529065977,0.0820326181595563,0.0820326181595563
"Leaf61","Leaf70",0.398449612403101,0.480262373285629,0.903637447823494,0.00906344410876133,0.998489425981873,0.00906344410876133,0.00907715582450832,0.00371982899892753,3.51498383763405,0.000557336170086187,0.521793932087204,0.884816009515109,0.283455067845397,0.283455067845397
"Leaf61","Leaf75",0.398449612403101,0.480262373285629,0.158139534883721,0.00604229607250755,0.998489425981873,0.00604229607250755,0.00605143721633888,0.00303260829893019,3.88575507860754,0.00128346483884283,0.8,0.848008043281706,0.165485327284634,0.165485327284634
"Leaf61","Leaf76",0.398449612403101,0.480262373285629,0.950149075730471,0.0936555891238671,0.998489425981873,0.0936555891238671,0.0937972768532526,0.0125031513929663,1.1623171290571,0.0513855075410904,0.146596473001528,2.20404997558959,0.0976351099684002,0.0976351099684002
"Leaf61","Leaf78",0.398449612403101,0.480262373285629,0.952534287418008,0.0256797583081571,0.998489425981873,0.0256797583081571,0.0257186081694402,0.00631457133267265,2.50766165278166,0.0113160570987698,0.0597487865587253,1.29469941288367,0.0019469876960296,0.0019469876960296
"Leaf61","Leaf82",0.936553369111509,0.480262373285629,0.864042933810376,0.0196374622356495,0.998489425981873,0.0196374622356495,0.0196671709531014,0.00550488940158954,2.77336002964401,0.0979661414060299,0.0852768410829154,1.03235603947466,0.761623182853546,0.761623182853546
"Leaf61","Leaf83",0.398449612403101,0.989624329159213,0.665831842576029,0.0241691842900302,0.998489425981873,0.0241691842900302,0.0242057488653555,0.00612129067125357,2.56805254071205,0.0616158703931015,0.424628294974497,1.15591383816278,0.37213466992573,0.37213466992573
"Leaf61","Leaf85",0.398449612403101,0.480262373285629,0.730351818723912,0.0422960725075529,0.998489425981873,0.0422960725075529,0.0423600605143722,0.00817398162309646,2.00274362381848,0.00982018152788366,0.152825292677492,1.28350099215984,0.0290982604912824,0.0290982604912824
"Leaf61","Leaf86",0.398449612403101,0.480262373285629,0.301610017889088,0.0498489425981873,0.998489425981873,0.0498489425981873,0.0499243570347958,0.00890904017701521,1.83317830053117,0.00423732624151958,0.137890024837991,1.32434476053761,0.0313696605862363,0.0313696605862363
"Leaf61","Leaf87",0.398449612403101,0.480262373285629,0.712581991651759,0.138972809667674,0.998489425981873,0.138972809667674,0.139183055975794,0.0156262855457567,0.718937849700748,0.00730156090613839,0.0109388463570726,2.56408456695643,0.0175475115072874,0.0175475115072874
"Leaf61","Leaf88",0.398449612403101,0.480262373285629,0.928801431127012,0.998489425981873,1,0.998489425981873,0.998489425981873,0,6.08904487544685,0.104245849868489,0.103982933466055,1.69658913502821,NA,NA
"Leaf61","Leaf90",0.398449612403101,0.480262373285629,0.973643410852713,0.167673716012085,0.998489425981873,0.167673716012085,0.167927382753404,0.017457616955132,0.498190076594452,0.0857396256435248,0.129939443454889,2.70544258018195,0.166427285627309,0.166427285627309
"Leaf61","Leaf91",0.398449612403101,0.480262373285629,0.204889683959451,0.0422960725075529,0.998489425981873,0.0422960725075529,0.0423600605143722,0.00817398162309648,2.00274362381848,0.0089884500758705,0.00932424542104083,1.32493027615019,0.0125999116227333,0.0125999116227333
"Leaf61","Leaf99",0.398449612403101,0.480262373285629,0.757304710793083,0.193353474320242,0.998489425981873,0.193353474320242,0.193645990922844,0.0190429236674178,0.324917877738424,0.108638199046991,0.0029952849723263,1.21559325142608,0.283827355131983,0.283827355131983
"Leaf62","Leaf67",0.398449612403101,0.480262373285629,0.66273106738223,0.125377643504532,1,0.125377643504532,0.125377643504532,0,1.937319030923,0.227188099969109,0.155804191554696,1.27364784976527,0.682283131119416,0.682283131119416
"Leaf62","Leaf88",0.398449612403101,0.480262373285629,0.357304710793083,0.125377643504532,1,0.125377643504532,0.125377643504532,0,1.937319030923,0.0227205758270509,0.122789886165689,1.39053734653161,0.0189323589863802,0.0189323589863802
"Leaf64","Leaf67",0.398449612403101,0.480262373285629,0.208467501490757,0.013595166163142,1,0.013595166163142,0.013595166163142,0,4.23105073445778,0.033075521112729,0.237346441585572,1.16246861628105,0.0759433786033029,0.0759433786033029
"Leaf64","Leaf88",0.398449612403101,0.480262373285629,0.366129994036971,0.013595166163142,1,0.013595166163142,0.013595166163142,0,4.23105073445778,0.044590600388738,0.255603860169077,1.17920269466205,0.404530447938651,0.404530447938651
"Leaf67","Leaf68",0.398449612403101,0.480262373285629,0.979129397734049,0.182779456193353,1,0.182779456193353,0.182779456193353,0,1.49442880366044,0.046855282411601,0.117356272244913,3.03749888274956,0.0501696480830458,0.0501696480830458
"Leaf67","Leaf69",0.398449612403101,0.480262373285629,0.545855694692904,0.0151057401812689,1,0.0151057401812689,0.0151057401812689,0,4.12943588203337,0.0450165659844605,0.258492131056599,1.14938269715419,0.399567338002787,0.399567338002787
"Leaf67","Leaf70",0.398449612403101,0.480262373285629,0.448777579010137,0.00906344410876133,1,0.00906344410876133,0.00906344410876133,0,4.61512051684126,0.0192503200586922,0.811679449913428,1.02061184146321,0.350586988800646,0.350586988800646
"Leaf67","Leaf75",0.398449612403101,0.480262373285629,0.810852713178295,0.00604229607250755,1,0.00604229607250755,0.00604229607250755,0,4.98588712440706,0.0617335739223983,0.8,1.0059318796193,0.643512491841874,0.643512491841874
"Leaf67","Leaf76",0.398449612403101,0.480262373285629,0.416696481812761,0.0936555891238671,1,0.0936555891238671,0.0936555891238671,0,2.26259608477768,0.0476552513555107,0.0682414186787214,2.18064283237645,0.207285258574364,0.207285258574364
"Leaf67","Leaf78",0.398449612403101,0.480262373285629,0.381991651759094,0.0256797583081571,1,0.0256797583081571,0.0256797583081571,0,3.60782432935723,0.0591256799475864,0.111462707177234,1.35228519003446,0.418311431514373,0.418311431514373
"Leaf67","Leaf82",0.398449612403101,0.480262373285629,0.205366726296959,0.0196374622356495,1,0.0196374622356495,0.0196374622356495,0,3.87351315066627,0.0874542902139136,0.0454809819108882,1.17001350766542,0.715264440207293,0.715264440207293
"Leaf67","Leaf83",0.398449612403101,0.480262373285629,0.42242098986285,0.0241691842900302,1,0.0241691842900302,0.0241691842900302,0,3.66821281730538,0.0190767536067355,0.145175527328869,1.34637710012301,0.164487087381712,0.164487087381712
"Leaf67","Leaf85",0.398449612403101,0.480262373285629,0.569827072152654,0.0422960725075529,1,0.0422960725075529,0.0422960725075529,0,3.10293319987984,0.0171515507798943,0.078328292281323,1.41978607038891,0.0709417821752094,0.0709417821752094
"Leaf67","Leaf86",0.398449612403101,0.480262373285629,0.861896243291592,0.0498489425981873,1,0.0498489425981873,0.0498489425981873,0,2.93338041465338,0.0125150950909284,0.00595548506845856,1.47219691733013,0.0728507141283974,0.0728507141283974
"Leaf67","Leaf87",0.398449612403101,0.480262373285629,0.890161001788909,0.138972809667674,1,0.138972809667674,0.138972809667674,0,1.81930452478375,0.00353210699784838,0.0323104739784961,2.62873562051138,0.0149646157551962,0.0149646157551962
"Leaf67","Leaf88",0.398449612403101,0.964341085271318,0.974239713774598,1,1,1,1,0,7.18916773842032,0.148814066450882,0.148814066450882,1.77410386815986,NA,NA
"Leaf67","Leaf90",0.398449612403101,0.480262373285629,0.336195587358378,0.167673716012085,1,0.167673716012085,0.167673716012085,0,1.59861724779338,0.0510912148686492,0.0608409098453404,2.97233592074315,0.0716066669412191,0.0716066669412191
"Leaf67","Leaf91",0.398449612403101,0.480262373285629,0.934048896839595,0.0422960725075529,1,0.0422960725075529,0.0422960725075529,0,3.10293319987984,0.0541553110933499,0.186484908420817,1.47594492161144,0.269817097042819,0.269817097042819
"Leaf67","Leaf99",0.398449612403101,0.480262373285629,0.853905784138342,0.193353474320242,1,0.193353474320242,0.193353474320242,0,1.42540282612983,0.138942607575343,0.0607824705651662,1.3315357612001,0.293022074654266,0.293022074654266
"Leaf68","Leaf88",0.398449612403101,0.480262373285629,0.97793679189028,0.182779456193353,1,0.182779456193353,0.182779456193353,0,1.49442880366044,0.0508606195799861,0.0161117472700446,3.13735369483367,0.141251688407258,0.141251688407258
"Leaf69","Leaf88",0.398449612403101,0.480262373285629,0.227906976744186,0.0151057401812689,1,0.0151057401812689,0.0151057401812689,0,4.12943588203337,0.0243426339004793,0.56622085850493,1.23610379221991,0.0912152910126603,0.0912152910126603
"Leaf70","Leaf88",0.398449612403101,0.965056648777579,0.952892069171139,0.00906344410876133,1,0.00906344410876133,0.00906344410876133,0,4.61512051684126,0.0469590169647278,0.11595420713049,1.11105022549903,0.465869393616011,0.465869393616011
"Leaf75","Leaf88",0.398449612403101,0.480262373285629,0.819439475253429,0.00604229607250755,1,0.00604229607250755,0.00604229607250755,0,4.98588712440706,0.0310594314216269,0.2,1.04066912086022,0.530958068152996,0.530958068152996
"Leaf76","Leaf88",0.398449612403101,0.480262373285629,0.960286225402504,0.0936555891238671,1,0.0936555891238671,0.0936555891238671,0,2.26259608477768,0.0344878928178643,0.0469290287871335,2.38748470933101,0.0835608965288919,0.0835608965288919
"Leaf78","Leaf88",0.398449612403101,0.480262373285629,0.892188431723315,0.0256797583081571,1,0.0256797583081571,0.0256797583081571,0,3.60782432935723,0.0125482510424328,0.339695869492524,1.50562859891686,0.113901233873356,0.113901233873356
"Leaf82","Leaf88",0.398449612403101,0.966368515205725,0.88479427549195,0.0196374622356495,1,0.0196374622356495,0.0196374622356495,0,3.87351315066627,0.010247874990838,0.358162732548245,1.30430122044107,0.062598413188003,0.062598413188003
"Leaf83","Leaf88",0.398449612403101,0.996541443053071,0.984496124031008,0.0241691842900302,1,0.0241691842900302,0.0241691842900302,0,3.66821281730538,0.0405673313380535,0.232714439238692,1.71459257911938,0.474031570794642,0.474031570794642
"Leaf85","Leaf88",0.92737030411449,0.971973762671437,0.985807990459153,0.0422960725075529,1,0.0422960725075529,0.0422960725075529,0,3.10293319987984,0.116592191528075,0.164218332269222,1.71715555105334,0.630940931693031,0.630940931693031
"Leaf86","Leaf88",0.398449612403101,0.480262373285629,0.986046511627907,0.0498489425981873,1,0.0498489425981873,0.0498489425981873,0,2.93338041465338,0.0076507151378349,0.148526188222466,1.77416282749728,0.277023768408844,0.277023768408844
"Leaf87","Leaf88",0.398449612403101,0.97567084078712,0.987716159809183,0.138972809667674,1,0.138972809667674,0.138972809667674,0,1.81930452478375,0.0470517349420693,0.351485665542314,3.2002164399371,0.146656463420845,0.146656463420845
"Leaf88","Leaf91",0.9840190816935,0.973404889683959,0.9855694692904,0.0422960725075529,1,0.0422960725075529,0.0422960725075529,0,3.10293319987984,0.109853119128109,0.617265046872903,1.7882811299126,0.633370576922155,0.633370576922155
"Leaf88","Leaf99",0.398449612403101,0.977698270721526,0.974597495527728,0.193353474320242,1,0.193353474320242,0.193353474320242,0,1.42540282612983,0.256907720552322,0.215983419809173,1.3431073847778,0.699982319373978,0.699982319373978
