"taxon_1","taxon_2","onenet_score"
"DC3000","Leaf10",0
"DC3000","Leaf106",0.388888888888889
"DC3000","Leaf122",0.205555555555556
"DC3000","Leaf126",0.00555555555555556
"DC3000","Leaf127",0.0388888888888889
"DC3000","Leaf129",0.0388888888888889
"DC3000","Leaf13",0
"DC3000","Leaf130",0.0666666666666667
"DC3000","Leaf131",0.0555555555555556
"DC3000","Leaf132",0.0444444444444444
"DC3000","Leaf137",0.0944444444444444
"DC3000","Leaf141",0.0111111111111111
"DC3000","Leaf145",0.111111111111111
"DC3000","Leaf15",0.0388888888888889
"DC3000","Leaf151",0.0111111111111111
"DC3000","Leaf160",0.133333333333333
"DC3000","Leaf161",0.0611111111111111
"DC3000","Leaf164",0.0166666666666667
"DC3000","Leaf168",0.0166666666666667
"DC3000","Leaf17",0.0166666666666667
"DC3000","Leaf176",0.0888888888888889
"DC3000","Leaf177",0.177777777777778
"DC3000","Leaf180",0.0388888888888889
"DC3000","Leaf182",0.122222222222222
"DC3000","Leaf183",0.0111111111111111
"DC3000","Leaf185",0.0277777777777778
"DC3000","Leaf187",0.0222222222222222
"DC3000","Leaf189",0.0722222222222222
"DC3000","Leaf2",0.0222222222222222
"DC3000","Leaf201",0.0222222222222222
"DC3000","Leaf203",0.0444444444444444
"DC3000","Leaf208",0
"DC3000","Leaf21",0.0611111111111111
"DC3000","Leaf216",0.0888888888888889
"DC3000","Leaf220",0.0833333333333333
"DC3000","Leaf222",0.0111111111111111
"DC3000","Leaf225",0.127777777777778
"DC3000","Leaf226",0.0222222222222222
"DC3000","Leaf231",0.1
"DC3000","Leaf233",0.15
"DC3000","Leaf234",0.0888888888888889
"DC3000","Leaf242",0.0555555555555556
"DC3000","Leaf245",0.138888888888889
"DC3000","Leaf254",0.0611111111111111
"DC3000","Leaf257",0.0333333333333333
"DC3000","Leaf26",0.194444444444444
"DC3000","Leaf261",0.0666666666666667
"DC3000","Leaf262",0.116666666666667
"DC3000","Leaf263",0.00555555555555556
"DC3000","Leaf264",0
"DC3000","Leaf265",0.105555555555556
"DC3000","Leaf267",0.0555555555555556
"DC3000","Leaf274",0
"DC3000","Leaf28",0
"DC3000","Leaf280",0.00555555555555556
"DC3000","Leaf285",0.0611111111111111
"DC3000","Leaf288",0.0444444444444444
"DC3000","Leaf289",0.0222222222222222
"DC3000","Leaf299",0.0111111111111111
"DC3000","Leaf3",0.2
"DC3000","Leaf30",0.0777777777777778
"DC3000","Leaf304",0.0555555555555556
"DC3000","Leaf306",0.0222222222222222
"DC3000","Leaf311",0.0277777777777778
"DC3000","Leaf313",0.0222222222222222
"DC3000","Leaf314",0.0888888888888889
"DC3000","Leaf32",0.0555555555555556
"DC3000","Leaf324",0.0222222222222222
"DC3000","Leaf326",0.0222222222222222
"DC3000","Leaf33",0.111111111111111
"DC3000","Leaf334",0.2
"DC3000","Leaf335",0.0944444444444444
"DC3000","Leaf336",0
"DC3000","Leaf337",0
"DC3000","Leaf339",0.0388888888888889
"DC3000","Leaf34",0.0111111111111111
"DC3000","Leaf343",0.05
"DC3000","Leaf344",0.0388888888888889
"DC3000","Leaf351",0
"DC3000","Leaf354",0.00555555555555556
"DC3000","Leaf357",0.00555555555555556
"DC3000","Leaf359",0.0833333333333333
"DC3000","Leaf361",0.111111111111111
"DC3000","Leaf363",0.0444444444444444
"DC3000","Leaf369",0.0388888888888889
"DC3000","Leaf371",0.0388888888888889
"DC3000","Leaf380",0.0666666666666667
"DC3000","Leaf391",0.316666666666667
"DC3000","Leaf394",0.0666666666666667
"DC3000","Leaf396",0.0222222222222222
"DC3000","Leaf405",0.0166666666666667
"DC3000","Leaf406",0.0333333333333333
"DC3000","Leaf41",0.00555555555555556
"DC3000","Leaf412",0.1
"DC3000","Leaf416",0.227777777777778
"DC3000","Leaf42",0.111111111111111
"DC3000","Leaf420",0.0222222222222222
"DC3000","Leaf427",0.0111111111111111
"DC3000","Leaf434",0.177777777777778
"DC3000","Leaf443",0.0388888888888889
"DC3000","Leaf446",0.0666666666666667
"DC3000","Leaf454",0.122222222222222
"DC3000","Leaf456",0.0388888888888889
"DC3000","Leaf466",0.133333333333333
"DC3000","Leaf49",0.0388888888888889
"DC3000","Leaf5",0
"DC3000","Leaf50",0.0888888888888889
"DC3000","Leaf51",0
"DC3000","Leaf53",0.00555555555555556
"DC3000","Leaf58",0.0388888888888889
"DC3000","Leaf61",0.166666666666667
"DC3000","Leaf62",0.0444444444444444
"DC3000","Leaf64",0.00555555555555556
"DC3000","Leaf67",0.0944444444444444
"DC3000","Leaf68",0.188888888888889
"DC3000","Leaf69",0.0166666666666667
"DC3000","Leaf70",0.0277777777777778
"DC3000","Leaf75",0.0111111111111111
"DC3000","Leaf76",0.144444444444444
"DC3000","Leaf78",0.211111111111111
"DC3000","Leaf82",0
"DC3000","Leaf83",0.111111111111111
"DC3000","Leaf85",0.177777777777778
"DC3000","Leaf86",0.133333333333333
"DC3000","Leaf87",0.155555555555556
"DC3000","Leaf88",0.00555555555555556
"DC3000","Leaf90",0.238888888888889
"DC3000","Leaf91",0.238888888888889
"DC3000","Leaf99",0.05
"Leaf10","Leaf106",0
"Leaf10","Leaf122",0.0388888888888889
"Leaf10","Leaf126",0.00555555555555556
"Leaf10","Leaf127",0.0166666666666667
"Leaf10","Leaf129",0.00555555555555556
"Leaf10","Leaf13",0
"Leaf10","Leaf130",0.0722222222222222
"Leaf10","Leaf131",0
"Leaf10","Leaf132",0.0944444444444444
"Leaf10","Leaf137",0.00555555555555556
"Leaf10","Leaf141",0
"Leaf10","Leaf145",0
"Leaf10","Leaf15",0
"Leaf10","Leaf151",0
"Leaf10","Leaf160",0
"Leaf10","Leaf161",0.00555555555555556
"Leaf10","Leaf164",0.0111111111111111
"Leaf10","Leaf168",0.00555555555555556
"Leaf10","Leaf17",0.0277777777777778
"Leaf10","Leaf176",0.122222222222222
"Leaf10","Leaf177",0.0388888888888889
"Leaf10","Leaf180",0.0388888888888889
"Leaf10","Leaf182",0.161111111111111
"Leaf10","Leaf183",0
"Leaf10","Leaf185",0.0222222222222222
"Leaf10","Leaf187",0.0111111111111111
"Leaf10","Leaf189",0.0555555555555556
"Leaf10","Leaf2",0
"Leaf10","Leaf201",0.0111111111111111
"Leaf10","Leaf203",0
"Leaf10","Leaf208",0.0111111111111111
"Leaf10","Leaf21",0.0833333333333333
"Leaf10","Leaf216",0.0944444444444444
"Leaf10","Leaf220",0.00555555555555556
"Leaf10","Leaf222",0.233333333333333
"Leaf10","Leaf225",0.00555555555555556
"Leaf10","Leaf226",0.00555555555555556
"Leaf10","Leaf231",0.0777777777777778
"Leaf10","Leaf233",0
"Leaf10","Leaf234",0.133333333333333
"Leaf10","Leaf242",0.0111111111111111
"Leaf10","Leaf245",0.0833333333333333
"Leaf10","Leaf254",0.194444444444444
"Leaf10","Leaf257",0
"Leaf10","Leaf26",0.416666666666667
"Leaf10","Leaf261",0.0666666666666667
"Leaf10","Leaf262",0.0777777777777778
"Leaf10","Leaf263",0
"Leaf10","Leaf264",0.0111111111111111
"Leaf10","Leaf265",0
"Leaf10","Leaf267",0.216666666666667
"Leaf10","Leaf274",0.00555555555555556
"Leaf10","Leaf28",0
"Leaf10","Leaf280",0
"Leaf10","Leaf285",0.183333333333333
"Leaf10","Leaf288",0.0611111111111111
"Leaf10","Leaf289",0.166666666666667
"Leaf10","Leaf299",0.00555555555555556
"Leaf10","Leaf3",0.0111111111111111
"Leaf10","Leaf30",0.405555555555556
"Leaf10","Leaf304",0.0722222222222222
"Leaf10","Leaf306",0.0277777777777778
"Leaf10","Leaf311",0
"Leaf10","Leaf313",0
"Leaf10","Leaf314",0
"Leaf10","Leaf32",0.00555555555555556
"Leaf10","Leaf324",0.0111111111111111
"Leaf10","Leaf326",0.0333333333333333
"Leaf10","Leaf33",0.0166666666666667
"Leaf10","Leaf334",0.0222222222222222
"Leaf10","Leaf335",0.411111111111111
"Leaf10","Leaf336",0
"Leaf10","Leaf337",0.15
"Leaf10","Leaf339",0
"Leaf10","Leaf34",0.0111111111111111
"Leaf10","Leaf343",0.0777777777777778
"Leaf10","Leaf344",0.261111111111111
"Leaf10","Leaf351",0
"Leaf10","Leaf354",0.00555555555555556
"Leaf10","Leaf357",0.0111111111111111
"Leaf10","Leaf359",0.0222222222222222
"Leaf10","Leaf361",0.361111111111111
"Leaf10","Leaf363",0.0222222222222222
"Leaf10","Leaf369",0.0333333333333333
"Leaf10","Leaf371",0.0833333333333333
"Leaf10","Leaf380",0.0222222222222222
"Leaf10","Leaf391",0.00555555555555556
"Leaf10","Leaf394",0.0944444444444444
"Leaf10","Leaf396",0.0277777777777778
"Leaf10","Leaf405",0
"Leaf10","Leaf406",0.0388888888888889
"Leaf10","Leaf41",0.0666666666666667
"Leaf10","Leaf412",0.111111111111111
"Leaf10","Leaf416",0.0111111111111111
"Leaf10","Leaf42",0.0111111111111111
"Leaf10","Leaf420",0
"Leaf10","Leaf427",0.0277777777777778
"Leaf10","Leaf434",0
"Leaf10","Leaf443",0.00555555555555556
"Leaf10","Leaf446",0.0888888888888889
"Leaf10","Leaf454",0.177777777777778
"Leaf10","Leaf456",0
"Leaf10","Leaf466",0.116666666666667
"Leaf10","Leaf49",0.177777777777778
"Leaf10","Leaf5",0
"Leaf10","Leaf50",0
"Leaf10","Leaf51",0.00555555555555556
"Leaf10","Leaf53",0.0111111111111111
"Leaf10","Leaf58",0.0166666666666667
"Leaf10","Leaf61",0.00555555555555556
"Leaf10","Leaf62",0.0333333333333333
"Leaf10","Leaf64",0
"Leaf10","Leaf67",0.0277777777777778
"Leaf10","Leaf68",0.0722222222222222
"Leaf10","Leaf69",0.00555555555555556
"Leaf10","Leaf70",0.0444444444444444
"Leaf10","Leaf75",0.00555555555555556
"Leaf10","Leaf76",0.0611111111111111
"Leaf10","Leaf78",0.222222222222222
"Leaf10","Leaf82",0
"Leaf10","Leaf83",0
"Leaf10","Leaf85",0
"Leaf10","Leaf86",0.00555555555555556
"Leaf10","Leaf87",0.0277777777777778
"Leaf10","Leaf88",0.00555555555555556
"Leaf10","Leaf90",0.00555555555555556
"Leaf10","Leaf91",0
"Leaf10","Leaf99",0.0666666666666667
"Leaf106","Leaf122",0.0722222222222222
"Leaf106","Leaf126",0.0166666666666667
"Leaf106","Leaf127",0.0111111111111111
"Leaf106","Leaf129",0.0333333333333333
"Leaf106","Leaf13",0
"Leaf106","Leaf130",0.0555555555555556
"Leaf106","Leaf131",0.0111111111111111
"Leaf106","Leaf132",0.0722222222222222
"Leaf106","Leaf137",0.0777777777777778
"Leaf106","Leaf141",0.00555555555555556
"Leaf106","Leaf145",0.155555555555556
"Leaf106","Leaf15",0.0833333333333333
"Leaf106","Leaf151",0.2
"Leaf106","Leaf160",0.0777777777777778
"Leaf106","Leaf161",0
"Leaf106","Leaf164",0.0111111111111111
"Leaf106","Leaf168",0.00555555555555556
"Leaf106","Leaf17",0.0222222222222222
"Leaf106","Leaf176",0.1
"Leaf106","Leaf177",0.105555555555556
"Leaf106","Leaf180",0.0333333333333333
"Leaf106","Leaf182",0.138888888888889
"Leaf106","Leaf183",0.0111111111111111
"Leaf106","Leaf185",0.0611111111111111
"Leaf106","Leaf187",0.138888888888889
"Leaf106","Leaf189",0.0388888888888889
"Leaf106","Leaf2",0.00555555555555556
"Leaf106","Leaf201",0.0222222222222222
"Leaf106","Leaf203",0.45
"Leaf106","Leaf208",0.00555555555555556
"Leaf106","Leaf21",0.422222222222222
"Leaf106","Leaf216",0.0777777777777778
"Leaf106","Leaf220",0
"Leaf106","Leaf222",0.00555555555555556
"Leaf106","Leaf225",0.527777777777778
"Leaf106","Leaf226",0.366666666666667
"Leaf106","Leaf231",0.0611111111111111
"Leaf106","Leaf233",0.188888888888889
"Leaf106","Leaf234",0.111111111111111
"Leaf106","Leaf242",0
"Leaf106","Leaf245",0.0166666666666667
"Leaf106","Leaf254",0.0833333333333333
"Leaf106","Leaf257",0
"Leaf106","Leaf26",0
"Leaf106","Leaf261",0.0888888888888889
"Leaf106","Leaf262",0.116666666666667
"Leaf106","Leaf263",0
"Leaf106","Leaf264",0.00555555555555556
"Leaf106","Leaf265",0.0833333333333333
"Leaf106","Leaf267",0.0833333333333333
"Leaf106","Leaf274",0.00555555555555556
"Leaf106","Leaf28",0.0111111111111111
"Leaf106","Leaf280",0
"Leaf106","Leaf285",0.0611111111111111
"Leaf106","Leaf288",0.155555555555556
"Leaf106","Leaf289",0
"Leaf106","Leaf299",0.0666666666666667
"Leaf106","Leaf3",0.0111111111111111
"Leaf106","Leaf30",0.0777777777777778
"Leaf106","Leaf304",0.244444444444444
"Leaf106","Leaf306",0.0666666666666667
"Leaf106","Leaf311",0.177777777777778
"Leaf106","Leaf313",0
"Leaf106","Leaf314",0
"Leaf106","Leaf32",0.0444444444444444
"Leaf106","Leaf324",0.0166666666666667
"Leaf106","Leaf326",0.0277777777777778
"Leaf106","Leaf33",0.0111111111111111
"Leaf106","Leaf334",0.0166666666666667
"Leaf106","Leaf335",0.00555555555555556
"Leaf106","Leaf336",0
"Leaf106","Leaf337",0.00555555555555556
"Leaf106","Leaf339",0.00555555555555556
"Leaf106","Leaf34",0.0388888888888889
"Leaf106","Leaf343",0.0444444444444444
"Leaf106","Leaf344",0.133333333333333
"Leaf106","Leaf351",0.194444444444444
"Leaf106","Leaf354",0.0166666666666667
"Leaf106","Leaf357",0.0111111111111111
"Leaf106","Leaf359",0.0222222222222222
"Leaf106","Leaf361",0.0444444444444444
"Leaf106","Leaf363",0.0277777777777778
"Leaf106","Leaf369",0.0388888888888889
"Leaf106","Leaf371",0.0222222222222222
"Leaf106","Leaf380",0.222222222222222
"Leaf106","Leaf391",0.105555555555556
"Leaf106","Leaf394",0.0944444444444444
"Leaf106","Leaf396",0.0222222222222222
"Leaf106","Leaf405",0
"Leaf106","Leaf406",0.227777777777778
"Leaf106","Leaf41",0.00555555555555556
"Leaf106","Leaf412",0.0944444444444444
"Leaf106","Leaf416",0.305555555555556
"Leaf106","Leaf42",0.0722222222222222
"Leaf106","Leaf420",0
"Leaf106","Leaf427",0.0166666666666667
"Leaf106","Leaf434",0
"Leaf106","Leaf443",0.0111111111111111
"Leaf106","Leaf446",0.0722222222222222
"Leaf106","Leaf454",0.155555555555556
"Leaf106","Leaf456",0
"Leaf106","Leaf466",0.0111111111111111
"Leaf106","Leaf49",0.0444444444444444
"Leaf106","Leaf5",0
"Leaf106","Leaf50",0.0333333333333333
"Leaf106","Leaf51",0
"Leaf106","Leaf53",0.00555555555555556
"Leaf106","Leaf58",0
"Leaf106","Leaf61",0.0444444444444444
"Leaf106","Leaf62",0.0611111111111111
"Leaf106","Leaf64",0
"Leaf106","Leaf67",0.0222222222222222
"Leaf106","Leaf68",0.0888888888888889
"Leaf106","Leaf69",0.0166666666666667
"Leaf106","Leaf70",0.05
"Leaf106","Leaf75",0
"Leaf106","Leaf76",0.0888888888888889
"Leaf106","Leaf78",0.00555555555555556
"Leaf106","Leaf82",0
"Leaf106","Leaf83",0.122222222222222
"Leaf106","Leaf85",0.616666666666667
"Leaf106","Leaf86",0.138888888888889
"Leaf106","Leaf87",0.127777777777778
"Leaf106","Leaf88",0.0722222222222222
"Leaf106","Leaf90",0.0722222222222222
"Leaf106","Leaf91",0.0888888888888889
"Leaf106","Leaf99",0.0222222222222222
"Leaf122","Leaf126",0.05
"Leaf122","Leaf127",0.0166666666666667
"Leaf122","Leaf129",0.0388888888888889
"Leaf122","Leaf13",0
"Leaf122","Leaf130",0.105555555555556
"Leaf122","Leaf131",0.15
"Leaf122","Leaf132",0.0722222222222222
"Leaf122","Leaf137",0.488888888888889
"Leaf122","Leaf141",0.0111111111111111
"Leaf122","Leaf145",0.172222222222222
"Leaf122","Leaf15",0.0222222222222222
"Leaf122","Leaf151",0.05
"Leaf122","Leaf160",0.138888888888889
"Leaf122","Leaf161",0.194444444444444
"Leaf122","Leaf164",0.0611111111111111
"Leaf122","Leaf168",0.00555555555555556
"Leaf122","Leaf17",0.0555555555555556
"Leaf122","Leaf176",0.0888888888888889
"Leaf122","Leaf177",0.0722222222222222
"Leaf122","Leaf180",0.0722222222222222
"Leaf122","Leaf182",0.127777777777778
"Leaf122","Leaf183",0
"Leaf122","Leaf185",0.0166666666666667
"Leaf122","Leaf187",0
"Leaf122","Leaf189",0.122222222222222
"Leaf122","Leaf2",0.144444444444444
"Leaf122","Leaf201",0.0444444444444444
"Leaf122","Leaf203",0.0111111111111111
"Leaf122","Leaf208",0.0611111111111111
"Leaf122","Leaf21",0.0666666666666667
"Leaf122","Leaf216",0.111111111111111
"Leaf122","Leaf220",0.0388888888888889
"Leaf122","Leaf222",0.0277777777777778
"Leaf122","Leaf225",0.288888888888889
"Leaf122","Leaf226",0.0111111111111111
"Leaf122","Leaf231",0.0833333333333333
"Leaf122","Leaf233",0.15
"Leaf122","Leaf234",0.272222222222222
"Leaf122","Leaf242",0.0944444444444444
"Leaf122","Leaf245",0.0555555555555556
"Leaf122","Leaf254",0.0555555555555556
"Leaf122","Leaf257",0.0555555555555556
"Leaf122","Leaf26",0.0333333333333333
"Leaf122","Leaf261",0.116666666666667
"Leaf122","Leaf262",0.255555555555556
"Leaf122","Leaf263",0.0388888888888889
"Leaf122","Leaf264",0.0555555555555556
"Leaf122","Leaf265",0.177777777777778
"Leaf122","Leaf267",0.0611111111111111
"Leaf122","Leaf274",0
"Leaf122","Leaf28",0.0111111111111111
"Leaf122","Leaf280",0.0444444444444444
"Leaf122","Leaf285",0.0222222222222222
"Leaf122","Leaf288",0.0666666666666667
"Leaf122","Leaf289",0.00555555555555556
"Leaf122","Leaf299",0.00555555555555556
"Leaf122","Leaf3",0.133333333333333
"Leaf122","Leaf30",0.116666666666667
"Leaf122","Leaf304",0.0944444444444444
"Leaf122","Leaf306",0.2
"Leaf122","Leaf311",0.344444444444444
"Leaf122","Leaf313",0
"Leaf122","Leaf314",0.0666666666666667
"Leaf122","Leaf32",0.166666666666667
"Leaf122","Leaf324",0.0444444444444444
"Leaf122","Leaf326",0.0444444444444444
"Leaf122","Leaf33",0.0166666666666667
"Leaf122","Leaf334",0.0777777777777778
"Leaf122","Leaf335",0.0666666666666667
"Leaf122","Leaf336",0.0111111111111111
"Leaf122","Leaf337",0.211111111111111
"Leaf122","Leaf339",0.111111111111111
"Leaf122","Leaf34",0.0388888888888889
"Leaf122","Leaf343",0.183333333333333
"Leaf122","Leaf344",0.0611111111111111
"Leaf122","Leaf351",0.0277777777777778
"Leaf122","Leaf354",0.0388888888888889
"Leaf122","Leaf357",0.0555555555555556
"Leaf122","Leaf359",0.105555555555556
"Leaf122","Leaf361",0.122222222222222
"Leaf122","Leaf363",0.05
"Leaf122","Leaf369",0.0944444444444444
"Leaf122","Leaf371",0.127777777777778
"Leaf122","Leaf380",0.1
"Leaf122","Leaf391",0.283333333333333
"Leaf122","Leaf394",0.0722222222222222
"Leaf122","Leaf396",0.0333333333333333
"Leaf122","Leaf405",0.00555555555555556
"Leaf122","Leaf406",0.0611111111111111
"Leaf122","Leaf41",0.111111111111111
"Leaf122","Leaf412",0.116666666666667
"Leaf122","Leaf416",0.172222222222222
"Leaf122","Leaf42",0.0555555555555556
"Leaf122","Leaf420",0.177777777777778
"Leaf122","Leaf427",0.0166666666666667
"Leaf122","Leaf434",0.0166666666666667
"Leaf122","Leaf443",0.0222222222222222
"Leaf122","Leaf446",0.116666666666667
"Leaf122","Leaf454",0.127777777777778
"Leaf122","Leaf456",0.0333333333333333
"Leaf122","Leaf466",0.0166666666666667
"Leaf122","Leaf49",0.0722222222222222
"Leaf122","Leaf5",0.0388888888888889
"Leaf122","Leaf50",0.1
"Leaf122","Leaf51",0.0111111111111111
"Leaf122","Leaf53",0.0277777777777778
"Leaf122","Leaf58",0.322222222222222
"Leaf122","Leaf61",0.0833333333333333
"Leaf122","Leaf62",0.3
"Leaf122","Leaf64",0.0555555555555556
"Leaf122","Leaf67",0
"Leaf122","Leaf68",0.288888888888889
"Leaf122","Leaf69",0.0722222222222222
"Leaf122","Leaf70",0.177777777777778
"Leaf122","Leaf75",0.161111111111111
"Leaf122","Leaf76",0.594444444444444
"Leaf122","Leaf78",0.0277777777777778
"Leaf122","Leaf82",0.00555555555555556
"Leaf122","Leaf83",0.172222222222222
"Leaf122","Leaf85",0.127777777777778
"Leaf122","Leaf86",0.166666666666667
"Leaf122","Leaf87",0.311111111111111
"Leaf122","Leaf88",0.572222222222222
"Leaf122","Leaf90",0.933333333333333
"Leaf122","Leaf91",0.105555555555556
"Leaf122","Leaf99",0.155555555555556
"Leaf126","Leaf127",0.0277777777777778
"Leaf126","Leaf129",0.00555555555555556
"Leaf126","Leaf13",0
"Leaf126","Leaf130",0.0722222222222222
"Leaf126","Leaf131",0.00555555555555556
"Leaf126","Leaf132",0.0888888888888889
"Leaf126","Leaf137",0.00555555555555556
"Leaf126","Leaf141",0.0222222222222222
"Leaf126","Leaf145",0.00555555555555556
"Leaf126","Leaf15",0.0111111111111111
"Leaf126","Leaf151",0.272222222222222
"Leaf126","Leaf160",0.0277777777777778
"Leaf126","Leaf161",0.0444444444444444
"Leaf126","Leaf164",0.0277777777777778
"Leaf126","Leaf168",0.0111111111111111
"Leaf126","Leaf17",0.0555555555555556
"Leaf126","Leaf176",0.344444444444444
"Leaf126","Leaf177",0.0444444444444444
"Leaf126","Leaf180",0.05
"Leaf126","Leaf182",0.222222222222222
"Leaf126","Leaf183",0.00555555555555556
"Leaf126","Leaf185",0.0333333333333333
"Leaf126","Leaf187",0.0722222222222222
"Leaf126","Leaf189",0.0722222222222222
"Leaf126","Leaf2",0.00555555555555556
"Leaf126","Leaf201",0.0388888888888889
"Leaf126","Leaf203",0.0111111111111111
"Leaf126","Leaf208",0.0277777777777778
"Leaf126","Leaf21",0.111111111111111
"Leaf126","Leaf216",0.116666666666667
"Leaf126","Leaf220",0.0222222222222222
"Leaf126","Leaf222",0.0222222222222222
"Leaf126","Leaf225",0.0111111111111111
"Leaf126","Leaf226",0.0111111111111111
"Leaf126","Leaf231",0.1
"Leaf126","Leaf233",0.0444444444444444
"Leaf126","Leaf234",0.144444444444444
"Leaf126","Leaf242",0.0111111111111111
"Leaf126","Leaf245",0.0388888888888889
"Leaf126","Leaf254",0.0166666666666667
"Leaf126","Leaf257",0.0111111111111111
"Leaf126","Leaf26",0.0111111111111111
"Leaf126","Leaf261",0.111111111111111
"Leaf126","Leaf262",0.205555555555556
"Leaf126","Leaf263",0.00555555555555556
"Leaf126","Leaf264",0.0333333333333333
"Leaf126","Leaf265",0.0666666666666667
"Leaf126","Leaf267",0.0722222222222222
"Leaf126","Leaf274",0.0166666666666667
"Leaf126","Leaf28",0.00555555555555556
"Leaf126","Leaf280",0.0111111111111111
"Leaf126","Leaf285",0.0888888888888889
"Leaf126","Leaf288",0.0888888888888889
"Leaf126","Leaf289",0.0333333333333333
"Leaf126","Leaf299",0.177777777777778
"Leaf126","Leaf3",0.0166666666666667
"Leaf126","Leaf30",0.0944444444444444
"Leaf126","Leaf304",0.0833333333333333
"Leaf126","Leaf306",0.188888888888889
"Leaf126","Leaf311",0.0611111111111111
"Leaf126","Leaf313",0.00555555555555556
"Leaf126","Leaf314",0.0111111111111111
"Leaf126","Leaf32",0.00555555555555556
"Leaf126","Leaf324",0.0222222222222222
"Leaf126","Leaf326",0.0388888888888889
"Leaf126","Leaf33",0.0388888888888889
"Leaf126","Leaf334",0.0222222222222222
"Leaf126","Leaf335",0.0111111111111111
"Leaf126","Leaf336",0.0111111111111111
"Leaf126","Leaf337",0.383333333333333
"Leaf126","Leaf339",0.00555555555555556
"Leaf126","Leaf34",0.0555555555555556
"Leaf126","Leaf343",0.0722222222222222
"Leaf126","Leaf344",0.0888888888888889
"Leaf126","Leaf351",0.00555555555555556
"Leaf126","Leaf354",0.0166666666666667
"Leaf126","Leaf357",0.0333333333333333
"Leaf126","Leaf359",0.0166666666666667
"Leaf126","Leaf361",0.00555555555555556
"Leaf126","Leaf363",0.0388888888888889
"Leaf126","Leaf369",0.05
"Leaf126","Leaf371",0.0555555555555556
"Leaf126","Leaf380",0.0333333333333333
"Leaf126","Leaf391",0.0166666666666667
"Leaf126","Leaf394",0.111111111111111
"Leaf126","Leaf396",0.05
"Leaf126","Leaf405",0.0111111111111111
"Leaf126","Leaf406",0.0555555555555556
"Leaf126","Leaf41",0.0222222222222222
"Leaf126","Leaf412",0.155555555555556
"Leaf126","Leaf416",0.0444444444444444
"Leaf126","Leaf42",0.0666666666666667
"Leaf126","Leaf420",0.355555555555556
"Leaf126","Leaf427",0.0388888888888889
"Leaf126","Leaf434",0.0111111111111111
"Leaf126","Leaf443",0.0111111111111111
"Leaf126","Leaf446",0.105555555555556
"Leaf126","Leaf454",0.211111111111111
"Leaf126","Leaf456",0.00555555555555556
"Leaf126","Leaf466",0.0444444444444444
"Leaf126","Leaf49",0.0611111111111111
"Leaf126","Leaf5",0.361111111111111
"Leaf126","Leaf50",0.0111111111111111
"Leaf126","Leaf51",0.0111111111111111
"Leaf126","Leaf53",0.0222222222222222
"Leaf126","Leaf58",0.0222222222222222
"Leaf126","Leaf61",0.0222222222222222
"Leaf126","Leaf62",0.0722222222222222
"Leaf126","Leaf64",0.0166666666666667
"Leaf126","Leaf67",0.0222222222222222
"Leaf126","Leaf68",0.0666666666666667
"Leaf126","Leaf69",0.0111111111111111
"Leaf126","Leaf70",0.0611111111111111
"Leaf126","Leaf75",0.0111111111111111
"Leaf126","Leaf76",0.0611111111111111
"Leaf126","Leaf78",0.00555555555555556
"Leaf126","Leaf82",0.0166666666666667
"Leaf126","Leaf83",0.00555555555555556
"Leaf126","Leaf85",0.00555555555555556
"Leaf126","Leaf86",0.155555555555556
"Leaf126","Leaf87",0.0333333333333333
"Leaf126","Leaf88",0.0111111111111111
"Leaf126","Leaf90",0.05
"Leaf126","Leaf91",0.35
"Leaf126","Leaf99",0.0388888888888889
"Leaf127","Leaf129",0.311111111111111
"Leaf127","Leaf13",0
"Leaf127","Leaf130",0.0444444444444444
"Leaf127","Leaf131",0.0111111111111111
"Leaf127","Leaf132",0.0666666666666667
"Leaf127","Leaf137",0.0722222222222222
"Leaf127","Leaf141",0.0111111111111111
"Leaf127","Leaf145",0.0444444444444444
"Leaf127","Leaf15",0.0222222222222222
"Leaf127","Leaf151",0.0222222222222222
"Leaf127","Leaf160",0.0111111111111111
"Leaf127","Leaf161",0.0444444444444444
"Leaf127","Leaf164",0.322222222222222
"Leaf127","Leaf168",0.0166666666666667
"Leaf127","Leaf17",0.0444444444444444
"Leaf127","Leaf176",0.1
"Leaf127","Leaf177",0.0444444444444444
"Leaf127","Leaf180",0.0888888888888889
"Leaf127","Leaf182",0.105555555555556
"Leaf127","Leaf183",0.0111111111111111
"Leaf127","Leaf185",0.111111111111111
"Leaf127","Leaf187",0.177777777777778
"Leaf127","Leaf189",0.0388888888888889
"Leaf127","Leaf2",0.0166666666666667
"Leaf127","Leaf201",0.0222222222222222
"Leaf127","Leaf203",0.0277777777777778
"Leaf127","Leaf208",0.0111111111111111
"Leaf127","Leaf21",0.0666666666666667
"Leaf127","Leaf216",0.0833333333333333
"Leaf127","Leaf220",0.277777777777778
"Leaf127","Leaf222",0.0111111111111111
"Leaf127","Leaf225",0.216666666666667
"Leaf127","Leaf226",0.0111111111111111
"Leaf127","Leaf231",0.0666666666666667
"Leaf127","Leaf233",0.111111111111111
"Leaf127","Leaf234",0.0944444444444444
"Leaf127","Leaf242",0.0444444444444444
"Leaf127","Leaf245",0.0111111111111111
"Leaf127","Leaf254",0.0166666666666667
"Leaf127","Leaf257",0.0111111111111111
"Leaf127","Leaf26",0.0111111111111111
"Leaf127","Leaf261",0.0777777777777778
"Leaf127","Leaf262",0.0944444444444444
"Leaf127","Leaf263",0.0166666666666667
"Leaf127","Leaf264",0.0166666666666667
"Leaf127","Leaf265",0.0222222222222222
"Leaf127","Leaf267",0.0555555555555556
"Leaf127","Leaf274",0.0166666666666667
"Leaf127","Leaf28",0.0111111111111111
"Leaf127","Leaf280",0.0111111111111111
"Leaf127","Leaf285",0.0166666666666667
"Leaf127","Leaf288",0.0611111111111111
"Leaf127","Leaf289",0.0111111111111111
"Leaf127","Leaf299",0.0388888888888889
"Leaf127","Leaf3",0.0166666666666667
"Leaf127","Leaf30",0.0611111111111111
"Leaf127","Leaf304",0.0666666666666667
"Leaf127","Leaf306",0.0111111111111111
"Leaf127","Leaf311",0.166666666666667
"Leaf127","Leaf313",0.05
"Leaf127","Leaf314",0.0111111111111111
"Leaf127","Leaf32",0.0111111111111111
"Leaf127","Leaf324",0.0166666666666667
"Leaf127","Leaf326",0.0277777777777778
"Leaf127","Leaf33",0.1
"Leaf127","Leaf334",0.0166666666666667
"Leaf127","Leaf335",0.0222222222222222
"Leaf127","Leaf336",0.0166666666666667
"Leaf127","Leaf337",0.0111111111111111
"Leaf127","Leaf339",0.0166666666666667
"Leaf127","Leaf34",0.0222222222222222
"Leaf127","Leaf343",0.0666666666666667
"Leaf127","Leaf344",0.05
"Leaf127","Leaf351",0.0166666666666667
"Leaf127","Leaf354",0.0166666666666667
"Leaf127","Leaf357",0.0111111111111111
"Leaf127","Leaf359",0.05
"Leaf127","Leaf361",0.0388888888888889
"Leaf127","Leaf363",0.0444444444444444
"Leaf127","Leaf369",0.0388888888888889
"Leaf127","Leaf371",0.0611111111111111
"Leaf127","Leaf380",0.0222222222222222
"Leaf127","Leaf391",0.0388888888888889
"Leaf127","Leaf394",0.0833333333333333
"Leaf127","Leaf396",0.0333333333333333
"Leaf127","Leaf405",0.05
"Leaf127","Leaf406",0.227777777777778
"Leaf127","Leaf41",0.0277777777777778
"Leaf127","Leaf412",0.1
"Leaf127","Leaf416",0.0944444444444444
"Leaf127","Leaf42",0.105555555555556
"Leaf127","Leaf420",0.0111111111111111
"Leaf127","Leaf427",0.0444444444444444
"Leaf127","Leaf434",0.0111111111111111
"Leaf127","Leaf443",0.0166666666666667
"Leaf127","Leaf446",0.1
"Leaf127","Leaf454",0.111111111111111
"Leaf127","Leaf456",0.0111111111111111
"Leaf127","Leaf466",0.0277777777777778
"Leaf127","Leaf49",0.0444444444444444
"Leaf127","Leaf5",0.0388888888888889
"Leaf127","Leaf50",0.0166666666666667
"Leaf127","Leaf51",0.0166666666666667
"Leaf127","Leaf53",0.0166666666666667
"Leaf127","Leaf58",0.0333333333333333
"Leaf127","Leaf61",0.0222222222222222
"Leaf127","Leaf62",0.0222222222222222
"Leaf127","Leaf64",0.0222222222222222
"Leaf127","Leaf67",0.0666666666666667
"Leaf127","Leaf68",0.0555555555555556
"Leaf127","Leaf69",0.0388888888888889
"Leaf127","Leaf70",0.0277777777777778
"Leaf127","Leaf75",0.0388888888888889
"Leaf127","Leaf76",0.0666666666666667
"Leaf127","Leaf78",0.0166666666666667
"Leaf127","Leaf82",0.65
"Leaf127","Leaf83",0.116666666666667
"Leaf127","Leaf85",0.0111111111111111
"Leaf127","Leaf86",0.0611111111111111
"Leaf127","Leaf87",0.0833333333333333
"Leaf127","Leaf88",0.0166666666666667
"Leaf127","Leaf90",0.0555555555555556
"Leaf127","Leaf91",0.0277777777777778
"Leaf127","Leaf99",0.0222222222222222
"Leaf129","Leaf13",0
"Leaf129","Leaf130",0.472222222222222
"Leaf129","Leaf131",0.0277777777777778
"Leaf129","Leaf132",0.122222222222222
"Leaf129","Leaf137",0.00555555555555556
"Leaf129","Leaf141",0.0111111111111111
"Leaf129","Leaf145",0.161111111111111
"Leaf129","Leaf15",0.327777777777778
"Leaf129","Leaf151",0.0555555555555556
"Leaf129","Leaf160",0.166666666666667
"Leaf129","Leaf161",0.05
"Leaf129","Leaf164",0.0388888888888889
"Leaf129","Leaf168",0.0111111111111111
"Leaf129","Leaf17",0.161111111111111
"Leaf129","Leaf176",0.172222222222222
"Leaf129","Leaf177",0.161111111111111
"Leaf129","Leaf180",0.116666666666667
"Leaf129","Leaf182",0.322222222222222
"Leaf129","Leaf183",0
"Leaf129","Leaf185",0.572222222222222
"Leaf129","Leaf187",0.444444444444444
"Leaf129","Leaf189",0.0777777777777778
"Leaf129","Leaf2",0.0388888888888889
"Leaf129","Leaf201",0.0333333333333333
"Leaf129","Leaf203",0.0944444444444444
"Leaf129","Leaf208",0.0833333333333333
"Leaf129","Leaf21",0.111111111111111
"Leaf129","Leaf216",0.111111111111111
"Leaf129","Leaf220",0.305555555555556
"Leaf129","Leaf222",0.0111111111111111
"Leaf129","Leaf225",0.205555555555556
"Leaf129","Leaf226",0.383333333333333
"Leaf129","Leaf231",0.138888888888889
"Leaf129","Leaf233",0.422222222222222
"Leaf129","Leaf234",0.216666666666667
"Leaf129","Leaf242",0.0444444444444444
"Leaf129","Leaf245",0.672222222222222
"Leaf129","Leaf254",0
"Leaf129","Leaf257",0.0444444444444444
"Leaf129","Leaf26",0.0722222222222222
"Leaf129","Leaf261",0.138888888888889
"Leaf129","Leaf262",0.205555555555556
"Leaf129","Leaf263",0.0388888888888889
"Leaf129","Leaf264",0.0611111111111111
"Leaf129","Leaf265",0.0222222222222222
"Leaf129","Leaf267",0.0833333333333333
"Leaf129","Leaf274",0.0111111111111111
"Leaf129","Leaf28",0.0166666666666667
"Leaf129","Leaf280",0
"Leaf129","Leaf285",0.172222222222222
"Leaf129","Leaf288",0.1
"Leaf129","Leaf289",0.127777777777778
"Leaf129","Leaf299",0.583333333333333
"Leaf129","Leaf3",0.0555555555555556
"Leaf129","Leaf30",0.0944444444444444
"Leaf129","Leaf304",0.116666666666667
"Leaf129","Leaf306",0.1
"Leaf129","Leaf311",0.0777777777777778
"Leaf129","Leaf313",0.222222222222222
"Leaf129","Leaf314",0.0555555555555556
"Leaf129","Leaf32",0.111111111111111
"Leaf129","Leaf324",0.05
"Leaf129","Leaf326",0.0277777777777778
"Leaf129","Leaf33",0.155555555555556
"Leaf129","Leaf334",0.0333333333333333
"Leaf129","Leaf335",0.0555555555555556
"Leaf129","Leaf336",0.0222222222222222
"Leaf129","Leaf337",0.111111111111111
"Leaf129","Leaf339",0.0444444444444445
"Leaf129","Leaf34",0.0222222222222222
"Leaf129","Leaf343",0.166666666666667
"Leaf129","Leaf344",0.116666666666667
"Leaf129","Leaf351",0
"Leaf129","Leaf354",0.0222222222222222
"Leaf129","Leaf357",0.0777777777777778
"Leaf129","Leaf359",0.183333333333333
"Leaf129","Leaf361",0.0444444444444444
"Leaf129","Leaf363",0.144444444444444
"Leaf129","Leaf369",0.144444444444444
"Leaf129","Leaf371",0.4
"Leaf129","Leaf380",0.0388888888888889
"Leaf129","Leaf391",0.277777777777778
"Leaf129","Leaf394",0.122222222222222
"Leaf129","Leaf396",0.0388888888888889
"Leaf129","Leaf405",0.333333333333333
"Leaf129","Leaf406",0.161111111111111
"Leaf129","Leaf41",0.0444444444444444
"Leaf129","Leaf412",0.138888888888889
"Leaf129","Leaf416",0.05
"Leaf129","Leaf42",0.105555555555556
"Leaf129","Leaf420",0.0333333333333333
"Leaf129","Leaf427",0.294444444444444
"Leaf129","Leaf434",0.205555555555556
"Leaf129","Leaf443",0.0166666666666667
"Leaf129","Leaf446",0.277777777777778
"Leaf129","Leaf454",0.327777777777778
"Leaf129","Leaf456",0.0444444444444444
"Leaf129","Leaf466",0.0555555555555556
"Leaf129","Leaf49",0.0555555555555556
"Leaf129","Leaf5",0.183333333333333
"Leaf129","Leaf50",0.0111111111111111
"Leaf129","Leaf51",0.0166666666666667
"Leaf129","Leaf53",0.0111111111111111
"Leaf129","Leaf58",0.388888888888889
"Leaf129","Leaf61",0.533333333333333
"Leaf129","Leaf62",0
"Leaf129","Leaf64",0.0555555555555556
"Leaf129","Leaf67",0.388888888888889
"Leaf129","Leaf68",0.244444444444444
"Leaf129","Leaf69",0.0333333333333333
"Leaf129","Leaf70",0.15
"Leaf129","Leaf75",0.172222222222222
"Leaf129","Leaf76",0.0277777777777778
"Leaf129","Leaf78",0.0166666666666667
"Leaf129","Leaf82",0.0166666666666667
"Leaf129","Leaf83",0.00555555555555556
"Leaf129","Leaf85",0.0111111111111111
"Leaf129","Leaf86",0
"Leaf129","Leaf87",0.116666666666667
"Leaf129","Leaf88",0.266666666666667
"Leaf129","Leaf90",0.25
"Leaf129","Leaf91",0.0277777777777778
"Leaf129","Leaf99",0.0222222222222222
"Leaf13","Leaf130",0
"Leaf13","Leaf131",0
"Leaf13","Leaf132",0
"Leaf13","Leaf137",0
"Leaf13","Leaf141",0
"Leaf13","Leaf145",0
"Leaf13","Leaf15",0
"Leaf13","Leaf151",0
"Leaf13","Leaf160",0
"Leaf13","Leaf161",0
"Leaf13","Leaf164",0
"Leaf13","Leaf168",0
"Leaf13","Leaf17",0
"Leaf13","Leaf176",0
"Leaf13","Leaf177",0
"Leaf13","Leaf180",0
"Leaf13","Leaf182",0
"Leaf13","Leaf183",0
"Leaf13","Leaf185",0
"Leaf13","Leaf187",0
"Leaf13","Leaf189",0
"Leaf13","Leaf2",0
"Leaf13","Leaf201",0
"Leaf13","Leaf203",0
"Leaf13","Leaf208",0
"Leaf13","Leaf21",0
"Leaf13","Leaf216",0
"Leaf13","Leaf220",0
"Leaf13","Leaf222",0
"Leaf13","Leaf225",0
"Leaf13","Leaf226",0
"Leaf13","Leaf231",0
"Leaf13","Leaf233",0
"Leaf13","Leaf234",0
"Leaf13","Leaf242",0
"Leaf13","Leaf245",0
"Leaf13","Leaf254",0
"Leaf13","Leaf257",0
"Leaf13","Leaf26",0
"Leaf13","Leaf261",0
"Leaf13","Leaf262",0
"Leaf13","Leaf263",0
"Leaf13","Leaf264",0
"Leaf13","Leaf265",0
"Leaf13","Leaf267",0
"Leaf13","Leaf274",0
"Leaf13","Leaf28",0
"Leaf13","Leaf280",0
"Leaf13","Leaf285",0
"Leaf13","Leaf288",0
"Leaf13","Leaf289",0
"Leaf13","Leaf299",0
"Leaf13","Leaf3",0
"Leaf13","Leaf30",0
"Leaf13","Leaf304",0
"Leaf13","Leaf306",0
"Leaf13","Leaf311",0
"Leaf13","Leaf313",0
"Leaf13","Leaf314",0
"Leaf13","Leaf32",0
"Leaf13","Leaf324",0
"Leaf13","Leaf326",0
"Leaf13","Leaf33",0
"Leaf13","Leaf334",0
"Leaf13","Leaf335",0
"Leaf13","Leaf336",0
"Leaf13","Leaf337",0
"Leaf13","Leaf339",0
"Leaf13","Leaf34",0
"Leaf13","Leaf343",0
"Leaf13","Leaf344",0
"Leaf13","Leaf351",0
"Leaf13","Leaf354",0
"Leaf13","Leaf357",0
"Leaf13","Leaf359",0
"Leaf13","Leaf361",0
"Leaf13","Leaf363",0
"Leaf13","Leaf369",0
"Leaf13","Leaf371",0
"Leaf13","Leaf380",0
"Leaf13","Leaf391",0
"Leaf13","Leaf394",0
"Leaf13","Leaf396",0
"Leaf13","Leaf405",0
"Leaf13","Leaf406",0
"Leaf13","Leaf41",0
"Leaf13","Leaf412",0
"Leaf13","Leaf416",0
"Leaf13","Leaf42",0
"Leaf13","Leaf420",0
"Leaf13","Leaf427",0
"Leaf13","Leaf434",0
"Leaf13","Leaf443",0
"Leaf13","Leaf446",0
"Leaf13","Leaf454",0
"Leaf13","Leaf456",0
"Leaf13","Leaf466",0
"Leaf13","Leaf49",0
"Leaf13","Leaf5",0
"Leaf13","Leaf50",0
"Leaf13","Leaf51",0
"Leaf13","Leaf53",0
"Leaf13","Leaf58",0
"Leaf13","Leaf61",0
"Leaf13","Leaf62",0
"Leaf13","Leaf64",0
"Leaf13","Leaf67",0
"Leaf13","Leaf68",0
"Leaf13","Leaf69",0
"Leaf13","Leaf70",0
"Leaf13","Leaf75",0
"Leaf13","Leaf76",0
"Leaf13","Leaf78",0
"Leaf13","Leaf82",0
"Leaf13","Leaf83",0
"Leaf13","Leaf85",0
"Leaf13","Leaf86",0
"Leaf13","Leaf87",0
"Leaf13","Leaf88",0
"Leaf13","Leaf90",0
"Leaf13","Leaf91",0
"Leaf13","Leaf99",0
"Leaf130","Leaf131",0.0444444444444444
"Leaf130","Leaf132",0.144444444444444
"Leaf130","Leaf137",0.0333333333333333
"Leaf130","Leaf141",0.0388888888888889
"Leaf130","Leaf145",0.0388888888888889
"Leaf130","Leaf15",0.0444444444444444
"Leaf130","Leaf151",0.0722222222222222
"Leaf130","Leaf160",0.0444444444444444
"Leaf130","Leaf161",0.05
"Leaf130","Leaf164",0.0611111111111111
"Leaf130","Leaf168",0.0444444444444444
"Leaf130","Leaf17",0.0555555555555556
"Leaf130","Leaf176",0.205555555555556
"Leaf130","Leaf177",0.0888888888888889
"Leaf130","Leaf180",0.183333333333333
"Leaf130","Leaf182",0.194444444444444
"Leaf130","Leaf183",0.0444444444444444
"Leaf130","Leaf185",0.288888888888889
"Leaf130","Leaf187",0.111111111111111
"Leaf130","Leaf189",0.216666666666667
"Leaf130","Leaf2",0.0555555555555556
"Leaf130","Leaf201",0.0833333333333333
"Leaf130","Leaf203",0.422222222222222
"Leaf130","Leaf208",0.0555555555555556
"Leaf130","Leaf21",0.116666666666667
"Leaf130","Leaf216",0.155555555555556
"Leaf130","Leaf220",0.2
"Leaf130","Leaf222",0.0444444444444444
"Leaf130","Leaf225",0.0388888888888889
"Leaf130","Leaf226",0.05
"Leaf130","Leaf231",0.216666666666667
"Leaf130","Leaf233",0.116666666666667
"Leaf130","Leaf234",0.233333333333333
"Leaf130","Leaf242",0.161111111111111
"Leaf130","Leaf245",0.15
"Leaf130","Leaf254",0.0666666666666667
"Leaf130","Leaf257",0.0666666666666667
"Leaf130","Leaf26",0.0611111111111111
"Leaf130","Leaf261",0.133333333333333
"Leaf130","Leaf262",0.0388888888888889
"Leaf130","Leaf263",0.0388888888888889
"Leaf130","Leaf264",0.0888888888888889
"Leaf130","Leaf265",0.05
"Leaf130","Leaf267",0.0777777777777778
"Leaf130","Leaf274",0.0722222222222222
"Leaf130","Leaf28",0.0666666666666667
"Leaf130","Leaf280",0.133333333333333
"Leaf130","Leaf285",0.05
"Leaf130","Leaf288",0.116666666666667
"Leaf130","Leaf289",0.272222222222222
"Leaf130","Leaf299",0.0555555555555556
"Leaf130","Leaf3",0.0611111111111111
"Leaf130","Leaf30",0.177777777777778
"Leaf130","Leaf304",0.105555555555556
"Leaf130","Leaf306",0.0666666666666667
"Leaf130","Leaf311",0.0722222222222222
"Leaf130","Leaf313",0.216666666666667
"Leaf130","Leaf314",0.05
"Leaf130","Leaf32",0.0555555555555556
"Leaf130","Leaf324",0.0444444444444444
"Leaf130","Leaf326",0.111111111111111
"Leaf130","Leaf33",0.0611111111111111
"Leaf130","Leaf334",0.0666666666666667
"Leaf130","Leaf335",0.0611111111111111
"Leaf130","Leaf336",0.0888888888888889
"Leaf130","Leaf337",0.0611111111111111
"Leaf130","Leaf339",0.0333333333333333
"Leaf130","Leaf34",0.0666666666666667
"Leaf130","Leaf343",0.122222222222222
"Leaf130","Leaf344",0.133333333333333
"Leaf130","Leaf351",0.0444444444444444
"Leaf130","Leaf354",0.05
"Leaf130","Leaf357",0.0722222222222222
"Leaf130","Leaf359",0.1
"Leaf130","Leaf361",0.0388888888888889
"Leaf130","Leaf363",0.122222222222222
"Leaf130","Leaf369",0.0777777777777778
"Leaf130","Leaf371",0.0444444444444444
"Leaf130","Leaf380",0.0777777777777778
"Leaf130","Leaf391",0.0722222222222222
"Leaf130","Leaf394",0.15
"Leaf130","Leaf396",0.0944444444444444
"Leaf130","Leaf405",0.194444444444444
"Leaf130","Leaf406",0.127777777777778
"Leaf130","Leaf41",0.0333333333333333
"Leaf130","Leaf412",0.172222222222222
"Leaf130","Leaf416",0.144444444444444
"Leaf130","Leaf42",0.0722222222222222
"Leaf130","Leaf420",0.0333333333333333
"Leaf130","Leaf427",0.422222222222222
"Leaf130","Leaf434",0.05
"Leaf130","Leaf443",0.0611111111111111
"Leaf130","Leaf446",0.15
"Leaf130","Leaf454",0.227777777777778
"Leaf130","Leaf456",0.0444444444444444
"Leaf130","Leaf466",0.272222222222222
"Leaf130","Leaf49",0.0888888888888889
"Leaf130","Leaf5",0.0333333333333333
"Leaf130","Leaf50",0.0388888888888889
"Leaf130","Leaf51",0.05
"Leaf130","Leaf53",0.0444444444444444
"Leaf130","Leaf58",0.0611111111111111
"Leaf130","Leaf61",0.194444444444444
"Leaf130","Leaf62",0.1
"Leaf130","Leaf64",0.0388888888888889
"Leaf130","Leaf67",0.0611111111111111
"Leaf130","Leaf68",0.0944444444444444
"Leaf130","Leaf69",0.0611111111111111
"Leaf130","Leaf70",0.0888888888888889
"Leaf130","Leaf75",0.116666666666667
"Leaf130","Leaf76",0.0888888888888889
"Leaf130","Leaf78",0.0333333333333333
"Leaf130","Leaf82",0.0444444444444444
"Leaf130","Leaf83",0.0388888888888889
"Leaf130","Leaf85",0.0388888888888889
"Leaf130","Leaf86",0.05
"Leaf130","Leaf87",0.266666666666667
"Leaf130","Leaf88",0.0333333333333333
"Leaf130","Leaf90",0.133333333333333
"Leaf130","Leaf91",0.05
"Leaf130","Leaf99",0.0444444444444444
"Leaf131","Leaf132",0.05
"Leaf131","Leaf137",0.0555555555555556
"Leaf131","Leaf141",0.1
"Leaf131","Leaf145",0.0944444444444444
"Leaf131","Leaf15",0.177777777777778
"Leaf131","Leaf151",0
"Leaf131","Leaf160",0.0444444444444444
"Leaf131","Leaf161",0.00555555555555556
"Leaf131","Leaf164",0.0111111111111111
"Leaf131","Leaf168",0.00555555555555556
"Leaf131","Leaf17",0.0166666666666667
"Leaf131","Leaf176",0.0777777777777778
"Leaf131","Leaf177",0.0222222222222222
"Leaf131","Leaf180",0.0388888888888889
"Leaf131","Leaf182",0.111111111111111
"Leaf131","Leaf183",0
"Leaf131","Leaf185",0.177777777777778
"Leaf131","Leaf187",0.0111111111111111
"Leaf131","Leaf189",0.0166666666666667
"Leaf131","Leaf2",0
"Leaf131","Leaf201",0.0111111111111111
"Leaf131","Leaf203",0.0333333333333333
"Leaf131","Leaf208",0.00555555555555556
"Leaf131","Leaf21",0.0611111111111111
"Leaf131","Leaf216",0.0777777777777778
"Leaf131","Leaf220",0.00555555555555556
"Leaf131","Leaf222",0.166666666666667
"Leaf131","Leaf225",0.111111111111111
"Leaf131","Leaf226",0
"Leaf131","Leaf231",0.05
"Leaf131","Leaf233",0.116666666666667
"Leaf131","Leaf234",0.0888888888888889
"Leaf131","Leaf242",0.0611111111111111
"Leaf131","Leaf245",0.283333333333333
"Leaf131","Leaf254",0.0666666666666667
"Leaf131","Leaf257",0
"Leaf131","Leaf26",0
"Leaf131","Leaf261",0.0611111111111111
"Leaf131","Leaf262",0.0888888888888889
"Leaf131","Leaf263",0
"Leaf131","Leaf264",0.00555555555555556
"Leaf131","Leaf265",0.1
"Leaf131","Leaf267",0.0555555555555556
"Leaf131","Leaf274",0
"Leaf131","Leaf28",0.00555555555555556
"Leaf131","Leaf280",0
"Leaf131","Leaf285",0.238888888888889
"Leaf131","Leaf288",0.0444444444444444
"Leaf131","Leaf289",0.0222222222222222
"Leaf131","Leaf299",0
"Leaf131","Leaf3",0.00555555555555556
"Leaf131","Leaf30",0.0666666666666667
"Leaf131","Leaf304",0.0611111111111111
"Leaf131","Leaf306",0.0222222222222222
"Leaf131","Leaf311",0
"Leaf131","Leaf313",0.00555555555555556
"Leaf131","Leaf314",0.05
"Leaf131","Leaf32",0.477777777777778
"Leaf131","Leaf324",0.00555555555555556
"Leaf131","Leaf326",0.205555555555556
"Leaf131","Leaf33",0.05
"Leaf131","Leaf334",0.105555555555556
"Leaf131","Leaf335",0.00555555555555556
"Leaf131","Leaf336",0
"Leaf131","Leaf337",0.127777777777778
"Leaf131","Leaf339",0.0111111111111111
"Leaf131","Leaf34",0.00555555555555556
"Leaf131","Leaf343",0.0277777777777778
"Leaf131","Leaf344",0.0444444444444444
"Leaf131","Leaf351",0.00555555555555556
"Leaf131","Leaf354",0
"Leaf131","Leaf357",0.211111111111111
"Leaf131","Leaf359",0.0111111111111111
"Leaf131","Leaf361",0.0277777777777778
"Leaf131","Leaf363",0.0166666666666667
"Leaf131","Leaf369",0.0277777777777778
"Leaf131","Leaf371",0.00555555555555556
"Leaf131","Leaf380",0.00555555555555556
"Leaf131","Leaf391",0.0888888888888889
"Leaf131","Leaf394",0.0777777777777778
"Leaf131","Leaf396",0.0277777777777778
"Leaf131","Leaf405",0.00555555555555556
"Leaf131","Leaf406",0.0277777777777778
"Leaf131","Leaf41",0.00555555555555556
"Leaf131","Leaf412",0.0833333333333333
"Leaf131","Leaf416",0.111111111111111
"Leaf131","Leaf42",0.0111111111111111
"Leaf131","Leaf420",0
"Leaf131","Leaf427",0.0111111111111111
"Leaf131","Leaf434",0.205555555555556
"Leaf131","Leaf443",0.177777777777778
"Leaf131","Leaf446",0.0666666666666667
"Leaf131","Leaf454",0.127777777777778
"Leaf131","Leaf456",0.00555555555555556
"Leaf131","Leaf466",0.00555555555555556
"Leaf131","Leaf49",0.0333333333333333
"Leaf131","Leaf5",0.00555555555555556
"Leaf131","Leaf50",0.0555555555555556
"Leaf131","Leaf51",0.111111111111111
"Leaf131","Leaf53",0.177777777777778
"Leaf131","Leaf58",0.311111111111111
"Leaf131","Leaf61",0.416666666666667
"Leaf131","Leaf62",0.0277777777777778
"Leaf131","Leaf64",0.00555555555555556
"Leaf131","Leaf67",0.0944444444444444
"Leaf131","Leaf68",0.0555555555555556
"Leaf131","Leaf69",0.0111111111111111
"Leaf131","Leaf70",0.0333333333333333
"Leaf131","Leaf75",0.338888888888889
"Leaf131","Leaf76",0.138888888888889
"Leaf131","Leaf78",0.0111111111111111
"Leaf131","Leaf82",0
"Leaf131","Leaf83",0.116666666666667
"Leaf131","Leaf85",0.0166666666666667
"Leaf131","Leaf86",0.155555555555556
"Leaf131","Leaf87",0.0722222222222222
"Leaf131","Leaf88",0
"Leaf131","Leaf90",0.0666666666666667
"Leaf131","Leaf91",0.238888888888889
"Leaf131","Leaf99",0.0222222222222222
"Leaf132","Leaf137",0.0444444444444444
"Leaf132","Leaf141",0.0555555555555556
"Leaf132","Leaf145",0.0444444444444444
"Leaf132","Leaf15",0.0555555555555556
"Leaf132","Leaf151",0.0888888888888889
"Leaf132","Leaf160",0.05
"Leaf132","Leaf161",0.0722222222222222
"Leaf132","Leaf164",0.0944444444444444
"Leaf132","Leaf168",0.0555555555555556
"Leaf132","Leaf17",0.0944444444444444
"Leaf132","Leaf176",0.222222222222222
"Leaf132","Leaf177",0.0944444444444444
"Leaf132","Leaf180",0.161111111111111
"Leaf132","Leaf182",0.266666666666667
"Leaf132","Leaf183",0.35
"Leaf132","Leaf185",0.177777777777778
"Leaf132","Leaf187",0.122222222222222
"Leaf132","Leaf189",0.15
"Leaf132","Leaf2",0.0611111111111111
"Leaf132","Leaf201",0.0944444444444444
"Leaf132","Leaf203",0.0611111111111111
"Leaf132","Leaf208",0.0666666666666667
"Leaf132","Leaf21",0.172222222222222
"Leaf132","Leaf216",0.155555555555556
"Leaf132","Leaf220",0.233333333333333
"Leaf132","Leaf222",0.0555555555555556
"Leaf132","Leaf225",0.0555555555555556
"Leaf132","Leaf226",0.0555555555555556
"Leaf132","Leaf231",0.183333333333333
"Leaf132","Leaf233",0.0611111111111111
"Leaf132","Leaf234",0.205555555555556
"Leaf132","Leaf242",0.0777777777777778
"Leaf132","Leaf245",0.0611111111111111
"Leaf132","Leaf254",0.0444444444444444
"Leaf132","Leaf257",0.0611111111111111
"Leaf132","Leaf26",0.1
"Leaf132","Leaf261",0.15
"Leaf132","Leaf262",0.0611111111111111
"Leaf132","Leaf263",0.0611111111111111
"Leaf132","Leaf264",0.25
"Leaf132","Leaf265",0.05
"Leaf132","Leaf267",0.1
"Leaf132","Leaf274",0.0888888888888889
"Leaf132","Leaf28",0.05
"Leaf132","Leaf280",0.05
"Leaf132","Leaf285",0.183333333333333
"Leaf132","Leaf288",0.177777777777778
"Leaf132","Leaf289",0.05
"Leaf132","Leaf299",0.105555555555556
"Leaf132","Leaf3",0.0777777777777778
"Leaf132","Leaf30",0.116666666666667
"Leaf132","Leaf304",0.133333333333333
"Leaf132","Leaf306",0.0944444444444444
"Leaf132","Leaf311",0.0777777777777778
"Leaf132","Leaf313",0.05
"Leaf132","Leaf314",0.05
"Leaf132","Leaf32",0.05
"Leaf132","Leaf324",0.0722222222222222
"Leaf132","Leaf326",0.133333333333333
"Leaf132","Leaf33",0.261111111111111
"Leaf132","Leaf334",0.0722222222222222
"Leaf132","Leaf335",0.138888888888889
"Leaf132","Leaf336",0.0888888888888889
"Leaf132","Leaf337",0.0555555555555556
"Leaf132","Leaf339",0.0555555555555556
"Leaf132","Leaf34",0.0666666666666667
"Leaf132","Leaf343",0.172222222222222
"Leaf132","Leaf344",0.161111111111111
"Leaf132","Leaf351",0.0444444444444444
"Leaf132","Leaf354",0.0611111111111111
"Leaf132","Leaf357",0.0722222222222222
"Leaf132","Leaf359",0.0666666666666667
"Leaf132","Leaf361",0.355555555555556
"Leaf132","Leaf363",0.111111111111111
"Leaf132","Leaf369",0.116666666666667
"Leaf132","Leaf371",0.105555555555556
"Leaf132","Leaf380",0.0722222222222222
"Leaf132","Leaf391",0.0666666666666667
"Leaf132","Leaf394",0.172222222222222
"Leaf132","Leaf396",0.0888888888888889
"Leaf132","Leaf405",0.0444444444444444
"Leaf132","Leaf406",0.133333333333333
"Leaf132","Leaf41",0.161111111111111
"Leaf132","Leaf412",0.161111111111111
"Leaf132","Leaf416",0.105555555555556
"Leaf132","Leaf42",0.0666666666666667
"Leaf132","Leaf420",0.0444444444444444
"Leaf132","Leaf427",0.0666666666666667
"Leaf132","Leaf434",0.211111111111111
"Leaf132","Leaf443",0.05
"Leaf132","Leaf446",0.166666666666667
"Leaf132","Leaf454",0.261111111111111
"Leaf132","Leaf456",0.0444444444444444
"Leaf132","Leaf466",0.0722222222222222
"Leaf132","Leaf49",0.0944444444444444
"Leaf132","Leaf5",0.0722222222222222
"Leaf132","Leaf50",0.216666666666667
"Leaf132","Leaf51",0.0611111111111111
"Leaf132","Leaf53",0.0666666666666667
"Leaf132","Leaf58",0.0666666666666667
"Leaf132","Leaf61",0.144444444444444
"Leaf132","Leaf62",0.05
"Leaf132","Leaf64",0.0555555555555556
"Leaf132","Leaf67",0.138888888888889
"Leaf132","Leaf68",0.133333333333333
"Leaf132","Leaf69",0.05
"Leaf132","Leaf70",0.144444444444444
"Leaf132","Leaf75",0.1
"Leaf132","Leaf76",0.0666666666666667
"Leaf132","Leaf78",0.0666666666666667
"Leaf132","Leaf82",0.0611111111111111
"Leaf132","Leaf83",0.0444444444444444
"Leaf132","Leaf85",0.0666666666666667
"Leaf132","Leaf86",0.0444444444444444
"Leaf132","Leaf87",0.0944444444444444
"Leaf132","Leaf88",0.05
"Leaf132","Leaf90",0.183333333333333
"Leaf132","Leaf91",0.0611111111111111
"Leaf132","Leaf99",0.0833333333333333
"Leaf137","Leaf141",0.0333333333333333
"Leaf137","Leaf145",0.105555555555556
"Leaf137","Leaf15",0.0611111111111111
"Leaf137","Leaf151",0.138888888888889
"Leaf137","Leaf160",0.111111111111111
"Leaf137","Leaf161",0.244444444444444
"Leaf137","Leaf164",0.0111111111111111
"Leaf137","Leaf168",0.0277777777777778
"Leaf137","Leaf17",0.366666666666667
"Leaf137","Leaf176",0.0666666666666667
"Leaf137","Leaf177",0.0333333333333333
"Leaf137","Leaf180",0.0333333333333333
"Leaf137","Leaf182",0.1
"Leaf137","Leaf183",0.161111111111111
"Leaf137","Leaf185",0
"Leaf137","Leaf187",0
"Leaf137","Leaf189",0.0222222222222222
"Leaf137","Leaf2",0.00555555555555556
"Leaf137","Leaf201",0.0722222222222222
"Leaf137","Leaf203",0.1
"Leaf137","Leaf208",0
"Leaf137","Leaf21",0.0611111111111111
"Leaf137","Leaf216",0.0777777777777778
"Leaf137","Leaf220",0.0333333333333333
"Leaf137","Leaf222",0
"Leaf137","Leaf225",0.122222222222222
"Leaf137","Leaf226",0
"Leaf137","Leaf231",0.0444444444444444
"Leaf137","Leaf233",0.138888888888889
"Leaf137","Leaf234",0.0777777777777778
"Leaf137","Leaf242",0.0388888888888889
"Leaf137","Leaf245",0.0444444444444444
"Leaf137","Leaf254",0.0944444444444444
"Leaf137","Leaf257",0.0611111111111111
"Leaf137","Leaf26",0.0333333333333333
"Leaf137","Leaf261",0.0555555555555556
"Leaf137","Leaf262",0.283333333333333
"Leaf137","Leaf263",0
"Leaf137","Leaf264",0.0222222222222222
"Leaf137","Leaf265",0.116666666666667
"Leaf137","Leaf267",0.0444444444444444
"Leaf137","Leaf274",0.25
"Leaf137","Leaf28",0.00555555555555556
"Leaf137","Leaf280",0.116666666666667
"Leaf137","Leaf285",0.0333333333333333
"Leaf137","Leaf288",0.0444444444444444
"Leaf137","Leaf289",0
"Leaf137","Leaf299",0.0722222222222222
"Leaf137","Leaf3",0.0111111111111111
"Leaf137","Leaf30",0.0555555555555556
"Leaf137","Leaf304",0.05
"Leaf137","Leaf306",0.2
"Leaf137","Leaf311",0.0444444444444444
"Leaf137","Leaf313",0.00555555555555556
"Leaf137","Leaf314",0.155555555555556
"Leaf137","Leaf32",0.0722222222222222
"Leaf137","Leaf324",0.0611111111111111
"Leaf137","Leaf326",0.0388888888888889
"Leaf137","Leaf33",0
"Leaf137","Leaf334",0.0166666666666667
"Leaf137","Leaf335",0.0611111111111111
"Leaf137","Leaf336",0
"Leaf137","Leaf337",0.0111111111111111
"Leaf137","Leaf339",0.0666666666666667
"Leaf137","Leaf34",0.0166666666666667
"Leaf137","Leaf343",0.0277777777777778
"Leaf137","Leaf344",0.0444444444444444
"Leaf137","Leaf351",0.0277777777777778
"Leaf137","Leaf354",0.0666666666666667
"Leaf137","Leaf357",0
"Leaf137","Leaf359",0.0111111111111111
"Leaf137","Leaf361",0.1
"Leaf137","Leaf363",0.0166666666666667
"Leaf137","Leaf369",0.0222222222222222
"Leaf137","Leaf371",0.188888888888889
"Leaf137","Leaf380",0.0166666666666667
"Leaf137","Leaf391",0.122222222222222
"Leaf137","Leaf394",0.2
"Leaf137","Leaf396",0.0222222222222222
"Leaf137","Leaf405",0.00555555555555556
"Leaf137","Leaf406",0.0222222222222222
"Leaf137","Leaf41",0.133333333333333
"Leaf137","Leaf412",0.0777777777777778
"Leaf137","Leaf416",0.133333333333333
"Leaf137","Leaf42",0.1
"Leaf137","Leaf420",0.0388888888888889
"Leaf137","Leaf427",0
"Leaf137","Leaf434",0.0444444444444444
"Leaf137","Leaf443",0.0777777777777778
"Leaf137","Leaf446",0.0777777777777778
"Leaf137","Leaf454",0.1
"Leaf137","Leaf456",0.0611111111111111
"Leaf137","Leaf466",0.0222222222222222
"Leaf137","Leaf49",0.238888888888889
"Leaf137","Leaf5",0
"Leaf137","Leaf50",0.244444444444444
"Leaf137","Leaf51",0
"Leaf137","Leaf53",0
"Leaf137","Leaf58",0.0666666666666667
"Leaf137","Leaf61",0.0166666666666667
"Leaf137","Leaf62",0.161111111111111
"Leaf137","Leaf64",0
"Leaf137","Leaf67",0
"Leaf137","Leaf68",0.172222222222222
"Leaf137","Leaf69",0.277777777777778
"Leaf137","Leaf70",0.0166666666666667
"Leaf137","Leaf75",0.255555555555556
"Leaf137","Leaf76",0.161111111111111
"Leaf137","Leaf78",0.0222222222222222
"Leaf137","Leaf82",0.166666666666667
"Leaf137","Leaf83",0.105555555555556
"Leaf137","Leaf85",0.0611111111111111
"Leaf137","Leaf86",0.116666666666667
"Leaf137","Leaf87",0.794444444444444
"Leaf137","Leaf88",0.0222222222222222
"Leaf137","Leaf90",0.244444444444444
"Leaf137","Leaf91",0.127777777777778
"Leaf137","Leaf99",0.416666666666667
"Leaf141","Leaf145",0.0444444444444444
"Leaf141","Leaf15",0.211111111111111
"Leaf141","Leaf151",0
"Leaf141","Leaf160",0.111111111111111
"Leaf141","Leaf161",0.0166666666666667
"Leaf141","Leaf164",0.0166666666666667
"Leaf141","Leaf168",0.00555555555555556
"Leaf141","Leaf17",0.0222222222222222
"Leaf141","Leaf176",0.0777777777777778
"Leaf141","Leaf177",0.0277777777777778
"Leaf141","Leaf180",0.0277777777777778
"Leaf141","Leaf182",0.116666666666667
"Leaf141","Leaf183",0.3
"Leaf141","Leaf185",0.00555555555555556
"Leaf141","Leaf187",0.00555555555555556
"Leaf141","Leaf189",0.0222222222222222
"Leaf141","Leaf2",0
"Leaf141","Leaf201",0.0111111111111111
"Leaf141","Leaf203",0.0388888888888889
"Leaf141","Leaf208",0.0111111111111111
"Leaf141","Leaf21",0.0666666666666667
"Leaf141","Leaf216",0.0722222222222222
"Leaf141","Leaf220",0.05
"Leaf141","Leaf222",0.0111111111111111
"Leaf141","Leaf225",0.144444444444444
"Leaf141","Leaf226",0
"Leaf141","Leaf231",0.0444444444444444
"Leaf141","Leaf233",0.0722222222222222
"Leaf141","Leaf234",0.0888888888888889
"Leaf141","Leaf242",0
"Leaf141","Leaf245",0.0388888888888889
"Leaf141","Leaf254",0.383333333333333
"Leaf141","Leaf257",0.344444444444444
"Leaf141","Leaf26",0.00555555555555556
"Leaf141","Leaf261",0.0611111111111111
"Leaf141","Leaf262",0.05
"Leaf141","Leaf263",0
"Leaf141","Leaf264",0.00555555555555556
"Leaf141","Leaf265",0.0222222222222222
"Leaf141","Leaf267",0.0555555555555556
"Leaf141","Leaf274",0
"Leaf141","Leaf28",0.00555555555555556
"Leaf141","Leaf280",0
"Leaf141","Leaf285",0.0222222222222222
"Leaf141","Leaf288",0.0555555555555556
"Leaf141","Leaf289",0.00555555555555556
"Leaf141","Leaf299",0.00555555555555556
"Leaf141","Leaf3",0.00555555555555556
"Leaf141","Leaf30",0.0555555555555556
"Leaf141","Leaf304",0.0666666666666667
"Leaf141","Leaf306",0.0277777777777778
"Leaf141","Leaf311",0.288888888888889
"Leaf141","Leaf313",0.00555555555555556
"Leaf141","Leaf314",0.0944444444444444
"Leaf141","Leaf32",0.0111111111111111
"Leaf141","Leaf324",0.00555555555555556
"Leaf141","Leaf326",0.0111111111111111
"Leaf141","Leaf33",0
"Leaf141","Leaf334",0.0166666666666667
"Leaf141","Leaf335",0.00555555555555556
"Leaf141","Leaf336",0
"Leaf141","Leaf337",0.0277777777777778
"Leaf141","Leaf339",0
"Leaf141","Leaf34",0.0166666666666667
"Leaf141","Leaf343",0.0388888888888889
"Leaf141","Leaf344",0.0444444444444444
"Leaf141","Leaf351",0
"Leaf141","Leaf354",0.0111111111111111
"Leaf141","Leaf357",0.377777777777778
"Leaf141","Leaf359",0.194444444444444
"Leaf141","Leaf361",0.166666666666667
"Leaf141","Leaf363",0.0222222222222222
"Leaf141","Leaf369",0.0277777777777778
"Leaf141","Leaf371",0.0166666666666667
"Leaf141","Leaf380",0.0166666666666667
"Leaf141","Leaf391",0.177777777777778
"Leaf141","Leaf394",0.0722222222222222
"Leaf141","Leaf396",0.0166666666666667
"Leaf141","Leaf405",0.0277777777777778
"Leaf141","Leaf406",0.0222222222222222
"Leaf141","Leaf41",0.0833333333333333
"Leaf141","Leaf412",0.0888888888888889
"Leaf141","Leaf416",0.0611111111111111
"Leaf141","Leaf42",0
"Leaf141","Leaf420",0
"Leaf141","Leaf427",0.0166666666666667
"Leaf141","Leaf434",0.00555555555555556
"Leaf141","Leaf443",0.00555555555555556
"Leaf141","Leaf446",0.0777777777777778
"Leaf141","Leaf454",0.105555555555556
"Leaf141","Leaf456",0
"Leaf141","Leaf466",0.00555555555555556
"Leaf141","Leaf49",0.0388888888888889
"Leaf141","Leaf5",0
"Leaf141","Leaf50",0.00555555555555556
"Leaf141","Leaf51",0.2
"Leaf141","Leaf53",0
"Leaf141","Leaf58",0.0222222222222222
"Leaf141","Leaf61",0.144444444444444
"Leaf141","Leaf62",0.05
"Leaf141","Leaf64",0.00555555555555556
"Leaf141","Leaf67",0.0833333333333333
"Leaf141","Leaf68",0.0277777777777778
"Leaf141","Leaf69",0.00555555555555556
"Leaf141","Leaf70",0.0333333333333333
"Leaf141","Leaf75",0.0111111111111111
"Leaf141","Leaf76",0.222222222222222
"Leaf141","Leaf78",0
"Leaf141","Leaf82",0
"Leaf141","Leaf83",0.0666666666666667
"Leaf141","Leaf85",0.127777777777778
"Leaf141","Leaf86",0.0444444444444444
"Leaf141","Leaf87",0.122222222222222
"Leaf141","Leaf88",0.0111111111111111
"Leaf141","Leaf90",0.0333333333333333
"Leaf141","Leaf91",0.0388888888888889
"Leaf141","Leaf99",0.0666666666666667
"Leaf145","Leaf15",0.0555555555555556
"Leaf145","Leaf151",0.261111111111111
"Leaf145","Leaf160",0.155555555555556
"Leaf145","Leaf161",0.461111111111111
"Leaf145","Leaf164",0.0111111111111111
"Leaf145","Leaf168",0.00555555555555556
"Leaf145","Leaf17",0.0166666666666667
"Leaf145","Leaf176",0.0722222222222222
"Leaf145","Leaf177",0.0222222222222222
"Leaf145","Leaf180",0.0333333333333333
"Leaf145","Leaf182",0.127777777777778
"Leaf145","Leaf183",0.0388888888888889
"Leaf145","Leaf185",0.105555555555556
"Leaf145","Leaf187",0.161111111111111
"Leaf145","Leaf189",0.0222222222222222
"Leaf145","Leaf2",0.0222222222222222
"Leaf145","Leaf201",0.0333333333333333
"Leaf145","Leaf203",0.244444444444444
"Leaf145","Leaf208",0
"Leaf145","Leaf21",0.05
"Leaf145","Leaf216",0.0888888888888889
"Leaf145","Leaf220",0.0111111111111111
"Leaf145","Leaf222",0.00555555555555556
"Leaf145","Leaf225",0.133333333333333
"Leaf145","Leaf226",0.00555555555555556
"Leaf145","Leaf231",0.0611111111111111
"Leaf145","Leaf233",0.161111111111111
"Leaf145","Leaf234",0.0833333333333333
"Leaf145","Leaf242",0.0388888888888889
"Leaf145","Leaf245",0.0166666666666667
"Leaf145","Leaf254",0.411111111111111
"Leaf145","Leaf257",0.0666666666666667
"Leaf145","Leaf26",0.0111111111111111
"Leaf145","Leaf261",0.0777777777777778
"Leaf145","Leaf262",0.138888888888889
"Leaf145","Leaf263",0
"Leaf145","Leaf264",0.338888888888889
"Leaf145","Leaf265",0.138888888888889
"Leaf145","Leaf267",0.05
"Leaf145","Leaf274",0.0111111111111111
"Leaf145","Leaf28",0.00555555555555556
"Leaf145","Leaf280",0.00555555555555556
"Leaf145","Leaf285",0.0111111111111111
"Leaf145","Leaf288",0.0388888888888889
"Leaf145","Leaf289",0.0333333333333333
"Leaf145","Leaf299",0.0666666666666667
"Leaf145","Leaf3",0
"Leaf145","Leaf30",0.0611111111111111
"Leaf145","Leaf304",0.05
"Leaf145","Leaf306",0.0166666666666667
"Leaf145","Leaf311",0.05
"Leaf145","Leaf313",0.177777777777778
"Leaf145","Leaf314",0.105555555555556
"Leaf145","Leaf32",0.0888888888888889
"Leaf145","Leaf324",0.0277777777777778
"Leaf145","Leaf326",0.0277777777777778
"Leaf145","Leaf33",0
"Leaf145","Leaf334",0.0166666666666667
"Leaf145","Leaf335",0.0611111111111111
"Leaf145","Leaf336",0.305555555555556
"Leaf145","Leaf337",0
"Leaf145","Leaf339",0.0888888888888889
"Leaf145","Leaf34",0.00555555555555556
"Leaf145","Leaf343",0.0333333333333333
"Leaf145","Leaf344",0.0388888888888889
"Leaf145","Leaf351",0
"Leaf145","Leaf354",0
"Leaf145","Leaf357",0
"Leaf145","Leaf359",0.0277777777777778
"Leaf145","Leaf361",0.116666666666667
"Leaf145","Leaf363",0.0166666666666667
"Leaf145","Leaf369",0.0444444444444444
"Leaf145","Leaf371",0.00555555555555556
"Leaf145","Leaf380",0.0166666666666667
"Leaf145","Leaf391",0.183333333333333
"Leaf145","Leaf394",0.0666666666666667
"Leaf145","Leaf396",0.0222222222222222
"Leaf145","Leaf405",0.0555555555555556
"Leaf145","Leaf406",0.288888888888889
"Leaf145","Leaf41",0.211111111111111
"Leaf145","Leaf412",0.0722222222222222
"Leaf145","Leaf416",0.355555555555556
"Leaf145","Leaf42",0.183333333333333
"Leaf145","Leaf420",0.0444444444444444
"Leaf145","Leaf427",0.00555555555555556
"Leaf145","Leaf434",0.0611111111111111
"Leaf145","Leaf443",0.0777777777777778
"Leaf145","Leaf446",0.0611111111111111
"Leaf145","Leaf454",0.105555555555556
"Leaf145","Leaf456",0.05
"Leaf145","Leaf466",0.0166666666666667
"Leaf145","Leaf49",0.0333333333333333
"Leaf145","Leaf5",0
"Leaf145","Leaf50",0.0944444444444444
"Leaf145","Leaf51",0
"Leaf145","Leaf53",0
"Leaf145","Leaf58",0.0777777777777778
"Leaf145","Leaf61",0.0888888888888889
"Leaf145","Leaf62",0
"Leaf145","Leaf64",0
"Leaf145","Leaf67",0.272222222222222
"Leaf145","Leaf68",0.155555555555556
"Leaf145","Leaf69",0.0388888888888889
"Leaf145","Leaf70",0.0166666666666667
"Leaf145","Leaf75",0
"Leaf145","Leaf76",0.166666666666667
"Leaf145","Leaf78",0
"Leaf145","Leaf82",0.0111111111111111
"Leaf145","Leaf83",0.127777777777778
"Leaf145","Leaf85",0.0777777777777778
"Leaf145","Leaf86",0.138888888888889
"Leaf145","Leaf87",0.161111111111111
"Leaf145","Leaf88",0.105555555555556
"Leaf145","Leaf90",0.15
"Leaf145","Leaf91",0.188888888888889
"Leaf145","Leaf99",0.0944444444444444
"Leaf15","Leaf151",0
"Leaf15","Leaf160",0.00555555555555556
"Leaf15","Leaf161",0.0222222222222222
"Leaf15","Leaf164",0.0111111111111111
"Leaf15","Leaf168",0.0166666666666667
"Leaf15","Leaf17",0.0333333333333333
"Leaf15","Leaf176",0.0777777777777778
"Leaf15","Leaf177",0.0333333333333333
"Leaf15","Leaf180",0.0333333333333333
"Leaf15","Leaf182",0.111111111111111
"Leaf15","Leaf183",0
"Leaf15","Leaf185",0.00555555555555556
"Leaf15","Leaf187",0.0166666666666667
"Leaf15","Leaf189",0.0333333333333333
"Leaf15","Leaf2",0.0166666666666667
"Leaf15","Leaf201",0.0111111111111111
"Leaf15","Leaf203",0.0111111111111111
"Leaf15","Leaf208",0
"Leaf15","Leaf21",0.05
"Leaf15","Leaf216",0.0888888888888889
"Leaf15","Leaf220",0.00555555555555556
"Leaf15","Leaf222",0
"Leaf15","Leaf225",0.00555555555555556
"Leaf15","Leaf226",0
"Leaf15","Leaf231",0.05
"Leaf15","Leaf233",0.1
"Leaf15","Leaf234",0.0888888888888889
"Leaf15","Leaf242",0.0833333333333333
"Leaf15","Leaf245",0.0111111111111111
"Leaf15","Leaf254",0.283333333333333
"Leaf15","Leaf257",0.0111111111111111
"Leaf15","Leaf26",0
"Leaf15","Leaf261",0.0611111111111111
"Leaf15","Leaf262",0.0666666666666667
"Leaf15","Leaf263",0
"Leaf15","Leaf264",0
"Leaf15","Leaf265",0.2
"Leaf15","Leaf267",0.0444444444444444
"Leaf15","Leaf274",0.00555555555555556
"Leaf15","Leaf28",0.00555555555555556
"Leaf15","Leaf280",0
"Leaf15","Leaf285",0.0222222222222222
"Leaf15","Leaf288",0.05
"Leaf15","Leaf289",0.0111111111111111
"Leaf15","Leaf299",0.05
"Leaf15","Leaf3",0
"Leaf15","Leaf30",0.0611111111111111
"Leaf15","Leaf304",0.233333333333333
"Leaf15","Leaf306",0.0444444444444444
"Leaf15","Leaf311",0.105555555555556
"Leaf15","Leaf313",0.0222222222222222
"Leaf15","Leaf314",0
"Leaf15","Leaf32",0.0277777777777778
"Leaf15","Leaf324",0.00555555555555556
"Leaf15","Leaf326",0.0222222222222222
"Leaf15","Leaf33",0.0277777777777778
"Leaf15","Leaf334",0.0166666666666667
"Leaf15","Leaf335",0.0444444444444444
"Leaf15","Leaf336",0.0111111111111111
"Leaf15","Leaf337",0
"Leaf15","Leaf339",0.1
"Leaf15","Leaf34",0.00555555555555556
"Leaf15","Leaf343",0.0333333333333333
"Leaf15","Leaf344",0.0333333333333333
"Leaf15","Leaf351",0
"Leaf15","Leaf354",0.00555555555555556
"Leaf15","Leaf357",0.00555555555555556
"Leaf15","Leaf359",0.05
"Leaf15","Leaf361",0.00555555555555556
"Leaf15","Leaf363",0.0166666666666667
"Leaf15","Leaf369",0.0277777777777778
"Leaf15","Leaf371",0.0888888888888889
"Leaf15","Leaf380",0.00555555555555556
"Leaf15","Leaf391",0.116666666666667
"Leaf15","Leaf394",0.0722222222222222
"Leaf15","Leaf396",0.0222222222222222
"Leaf15","Leaf405",0.0222222222222222
"Leaf15","Leaf406",0.0333333333333333
"Leaf15","Leaf41",0.15
"Leaf15","Leaf412",0.0777777777777778
"Leaf15","Leaf416",0.216666666666667
"Leaf15","Leaf42",0.0333333333333333
"Leaf15","Leaf420",0
"Leaf15","Leaf427",0
"Leaf15","Leaf434",0
"Leaf15","Leaf443",0.00555555555555556
"Leaf15","Leaf446",0.0666666666666667
"Leaf15","Leaf454",0.111111111111111
"Leaf15","Leaf456",0
"Leaf15","Leaf466",0.166666666666667
"Leaf15","Leaf49",0.0333333333333333
"Leaf15","Leaf5",0
"Leaf15","Leaf50",0.166666666666667
"Leaf15","Leaf51",0
"Leaf15","Leaf53",0
"Leaf15","Leaf58",0.00555555555555556
"Leaf15","Leaf61",0.0222222222222222
"Leaf15","Leaf62",0.127777777777778
"Leaf15","Leaf64",0
"Leaf15","Leaf67",0.0222222222222222
"Leaf15","Leaf68",0.0388888888888889
"Leaf15","Leaf69",0.0111111111111111
"Leaf15","Leaf70",0.0166666666666667
"Leaf15","Leaf75",0.0111111111111111
"Leaf15","Leaf76",0.194444444444444
"Leaf15","Leaf78",0.00555555555555556
"Leaf15","Leaf82",0
"Leaf15","Leaf83",0.0944444444444444
"Leaf15","Leaf85",0.122222222222222
"Leaf15","Leaf86",0.0944444444444444
"Leaf15","Leaf87",0.0388888888888889
"Leaf15","Leaf88",0.0111111111111111
"Leaf15","Leaf90",0.0444444444444444
"Leaf15","Leaf91",0.0388888888888889
"Leaf15","Leaf99",0.05
"Leaf151","Leaf160",0.00555555555555556
"Leaf151","Leaf161",0.0166666666666667
"Leaf151","Leaf164",0.0166666666666667
"Leaf151","Leaf168",0.0111111111111111
"Leaf151","Leaf17",0.0222222222222222
"Leaf151","Leaf176",0.122222222222222
"Leaf151","Leaf177",0.0222222222222222
"Leaf151","Leaf180",0.0388888888888889
"Leaf151","Leaf182",0.138888888888889
"Leaf151","Leaf183",0
"Leaf151","Leaf185",0.0888888888888889
"Leaf151","Leaf187",0.0222222222222222
"Leaf151","Leaf189",0.0555555555555556
"Leaf151","Leaf2",0
"Leaf151","Leaf201",0.0277777777777778
"Leaf151","Leaf203",0.216666666666667
"Leaf151","Leaf208",0.00555555555555556
"Leaf151","Leaf21",0.0833333333333333
"Leaf151","Leaf216",0.255555555555556
"Leaf151","Leaf220",0.00555555555555556
"Leaf151","Leaf222",0.0111111111111111
"Leaf151","Leaf225",0
"Leaf151","Leaf226",0
"Leaf151","Leaf231",0.0722222222222222
"Leaf151","Leaf233",0.122222222222222
"Leaf151","Leaf234",0.144444444444444
"Leaf151","Leaf242",0.0777777777777778
"Leaf151","Leaf245",0.116666666666667
"Leaf151","Leaf254",0.0166666666666667
"Leaf151","Leaf257",0
"Leaf151","Leaf26",0
"Leaf151","Leaf261",0.0777777777777778
"Leaf151","Leaf262",0.0388888888888889
"Leaf151","Leaf263",0.00555555555555556
"Leaf151","Leaf264",0.383333333333333
"Leaf151","Leaf265",0
"Leaf151","Leaf267",0.0611111111111111
"Leaf151","Leaf274",0
"Leaf151","Leaf28",0
"Leaf151","Leaf280",0
"Leaf151","Leaf285",0.0666666666666667
"Leaf151","Leaf288",0.05
"Leaf151","Leaf289",0.0722222222222222
"Leaf151","Leaf299",0.177777777777778
"Leaf151","Leaf3",0.0111111111111111
"Leaf151","Leaf30",0.0777777777777778
"Leaf151","Leaf304",0.0833333333333333
"Leaf151","Leaf306",0.0111111111111111
"Leaf151","Leaf311",0.0277777777777778
"Leaf151","Leaf313",0.0166666666666667
"Leaf151","Leaf314",0
"Leaf151","Leaf32",0.0111111111111111
"Leaf151","Leaf324",0.0166666666666667
"Leaf151","Leaf326",0.0611111111111111
"Leaf151","Leaf33",0.161111111111111
"Leaf151","Leaf334",0.0166666666666667
"Leaf151","Leaf335",0.0888888888888889
"Leaf151","Leaf336",0
"Leaf151","Leaf337",0.0111111111111111
"Leaf151","Leaf339",0.00555555555555556
"Leaf151","Leaf34",0.00555555555555556
"Leaf151","Leaf343",0.0611111111111111
"Leaf151","Leaf344",0.0444444444444444
"Leaf151","Leaf351",0.00555555555555556
"Leaf151","Leaf354",0.00555555555555556
"Leaf151","Leaf357",0.0166666666666667
"Leaf151","Leaf359",0.0388888888888889
"Leaf151","Leaf361",0
"Leaf151","Leaf363",0.0166666666666667
"Leaf151","Leaf369",0.0333333333333333
"Leaf151","Leaf371",0.0166666666666667
"Leaf151","Leaf380",0.0166666666666667
"Leaf151","Leaf391",0.105555555555556
"Leaf151","Leaf394",0.0833333333333333
"Leaf151","Leaf396",0.0388888888888889
"Leaf151","Leaf405",0.0333333333333333
"Leaf151","Leaf406",0.0388888888888889
"Leaf151","Leaf41",0.0833333333333333
"Leaf151","Leaf412",0.0944444444444444
"Leaf151","Leaf416",0.05
"Leaf151","Leaf42",0.0222222222222222
"Leaf151","Leaf420",0
"Leaf151","Leaf427",0.0277777777777778
"Leaf151","Leaf434",0
"Leaf151","Leaf443",0.0333333333333333
"Leaf151","Leaf446",0.0777777777777778
"Leaf151","Leaf454",0.138888888888889
"Leaf151","Leaf456",0.00555555555555556
"Leaf151","Leaf466",0.15
"Leaf151","Leaf49",0.0555555555555556
"Leaf151","Leaf5",0.0111111111111111
"Leaf151","Leaf50",0
"Leaf151","Leaf51",0
"Leaf151","Leaf53",0
"Leaf151","Leaf58",0
"Leaf151","Leaf61",0.144444444444444
"Leaf151","Leaf62",0.0277777777777778
"Leaf151","Leaf64",0
"Leaf151","Leaf67",0.0833333333333333
"Leaf151","Leaf68",0.05
"Leaf151","Leaf69",0.383333333333333
"Leaf151","Leaf70",0.05
"Leaf151","Leaf75",0.0777777777777778
"Leaf151","Leaf76",0.0722222222222222
"Leaf151","Leaf78",0
"Leaf151","Leaf82",0.177777777777778
"Leaf151","Leaf83",0.0277777777777778
"Leaf151","Leaf85",0.00555555555555556
"Leaf151","Leaf86",0.0222222222222222
"Leaf151","Leaf87",0.172222222222222
"Leaf151","Leaf88",0
"Leaf151","Leaf90",0.0444444444444444
"Leaf151","Leaf91",0.00555555555555556
"Leaf151","Leaf99",0.0555555555555556
"Leaf160","Leaf161",0.0833333333333333
"Leaf160","Leaf164",0.0222222222222222
"Leaf160","Leaf168",0.177777777777778
"Leaf160","Leaf17",0.0222222222222222
"Leaf160","Leaf176",0.0666666666666667
"Leaf160","Leaf177",0.0277777777777778
"Leaf160","Leaf180",0.0277777777777778
"Leaf160","Leaf182",0.105555555555556
"Leaf160","Leaf183",0.133333333333333
"Leaf160","Leaf185",0.0444444444444444
"Leaf160","Leaf187",0.0277777777777778
"Leaf160","Leaf189",0.0444444444444444
"Leaf160","Leaf2",0.00555555555555556
"Leaf160","Leaf201",0.0222222222222222
"Leaf160","Leaf203",0.0611111111111111
"Leaf160","Leaf208",0
"Leaf160","Leaf21",0.0555555555555556
"Leaf160","Leaf216",0.0777777777777778
"Leaf160","Leaf220",0.261111111111111
"Leaf160","Leaf222",0.0388888888888889
"Leaf160","Leaf225",0.138888888888889
"Leaf160","Leaf226",0
"Leaf160","Leaf231",0.0444444444444444
"Leaf160","Leaf233",0.388888888888889
"Leaf160","Leaf234",0.0833333333333333
"Leaf160","Leaf242",0.111111111111111
"Leaf160","Leaf245",0.0111111111111111
"Leaf160","Leaf254",0.0388888888888889
"Leaf160","Leaf257",0.0222222222222222
"Leaf160","Leaf26",0.0111111111111111
"Leaf160","Leaf261",0.0611111111111111
"Leaf160","Leaf262",0.233333333333333
"Leaf160","Leaf263",0.194444444444444
"Leaf160","Leaf264",0.194444444444444
"Leaf160","Leaf265",0.133333333333333
"Leaf160","Leaf267",0.0444444444444444
"Leaf160","Leaf274",0.00555555555555556
"Leaf160","Leaf28",0
"Leaf160","Leaf280",0
"Leaf160","Leaf285",0.0111111111111111
"Leaf160","Leaf288",0.0444444444444444
"Leaf160","Leaf289",0
"Leaf160","Leaf299",0.00555555555555556
"Leaf160","Leaf3",0.0111111111111111
"Leaf160","Leaf30",0.0666666666666667
"Leaf160","Leaf304",0.0555555555555556
"Leaf160","Leaf306",0.172222222222222
"Leaf160","Leaf311",0.477777777777778
"Leaf160","Leaf313",0
"Leaf160","Leaf314",0.0777777777777778
"Leaf160","Leaf32",0.0444444444444444
"Leaf160","Leaf324",0.00555555555555556
"Leaf160","Leaf326",0.0555555555555556
"Leaf160","Leaf33",0.0388888888888889
"Leaf160","Leaf334",0.172222222222222
"Leaf160","Leaf335",0.15
"Leaf160","Leaf336",0
"Leaf160","Leaf337",0.0277777777777778
"Leaf160","Leaf339",0.0333333333333333
"Leaf160","Leaf34",0.0166666666666667
"Leaf160","Leaf343",0.0277777777777778
"Leaf160","Leaf344",0.0333333333333333
"Leaf160","Leaf351",0.0388888888888889
"Leaf160","Leaf354",0
"Leaf160","Leaf357",0.00555555555555556
"Leaf160","Leaf359",0.15
"Leaf160","Leaf361",0.0944444444444444
"Leaf160","Leaf363",0.0166666666666667
"Leaf160","Leaf369",0.0222222222222222
"Leaf160","Leaf371",0
"Leaf160","Leaf380",0.316666666666667
"Leaf160","Leaf391",0.4
"Leaf160","Leaf394",0.0666666666666667
"Leaf160","Leaf396",0.0333333333333333
"Leaf160","Leaf405",0
"Leaf160","Leaf406",0.0333333333333333
"Leaf160","Leaf41",0.00555555555555556
"Leaf160","Leaf412",0.0722222222222222
"Leaf160","Leaf416",0.166666666666667
"Leaf160","Leaf42",0.0722222222222222
"Leaf160","Leaf420",0.0111111111111111
"Leaf160","Leaf427",0.0222222222222222
"Leaf160","Leaf434",0.00555555555555556
"Leaf160","Leaf443",0.0166666666666667
"Leaf160","Leaf446",0.405555555555556
"Leaf160","Leaf454",0.1
"Leaf160","Leaf456",0.1
"Leaf160","Leaf466",0.0166666666666667
"Leaf160","Leaf49",0.0333333333333333
"Leaf160","Leaf5",0.0222222222222222
"Leaf160","Leaf50",0.238888888888889
"Leaf160","Leaf51",0.00555555555555556
"Leaf160","Leaf53",0
"Leaf160","Leaf58",0.0111111111111111
"Leaf160","Leaf61",0.0333333333333333
"Leaf160","Leaf62",0.0555555555555556
"Leaf160","Leaf64",0
"Leaf160","Leaf67",0
"Leaf160","Leaf68",0.166666666666667
"Leaf160","Leaf69",0.0111111111111111
"Leaf160","Leaf70",0.0444444444444444
"Leaf160","Leaf75",0.0222222222222222
"Leaf160","Leaf76",0.144444444444444
"Leaf160","Leaf78",0.0555555555555556
"Leaf160","Leaf82",0
"Leaf160","Leaf83",0.177777777777778
"Leaf160","Leaf85",0.0611111111111111
"Leaf160","Leaf86",0.144444444444444
"Leaf160","Leaf87",0.161111111111111
"Leaf160","Leaf88",0.0166666666666667
"Leaf160","Leaf90",0.155555555555556
"Leaf160","Leaf91",0.138888888888889
"Leaf160","Leaf99",0.327777777777778
"Leaf161","Leaf164",0.0555555555555556
"Leaf161","Leaf168",0.00555555555555556
"Leaf161","Leaf17",0.0888888888888889
"Leaf161","Leaf176",0.111111111111111
"Leaf161","Leaf177",0.0333333333333333
"Leaf161","Leaf180",0.0444444444444444
"Leaf161","Leaf182",0.105555555555556
"Leaf161","Leaf183",0.00555555555555556
"Leaf161","Leaf185",0
"Leaf161","Leaf187",0.127777777777778
"Leaf161","Leaf189",0.0666666666666667
"Leaf161","Leaf2",0.0833333333333333
"Leaf161","Leaf201",0.194444444444444
"Leaf161","Leaf203",0.111111111111111
"Leaf161","Leaf208",0.0277777777777778
"Leaf161","Leaf21",0.0722222222222222
"Leaf161","Leaf216",0.0777777777777778
"Leaf161","Leaf220",0.0111111111111111
"Leaf161","Leaf222",0.0388888888888889
"Leaf161","Leaf225",0.0555555555555556
"Leaf161","Leaf226",0.0222222222222222
"Leaf161","Leaf231",0.0555555555555556
"Leaf161","Leaf233",0.161111111111111
"Leaf161","Leaf234",0.111111111111111
"Leaf161","Leaf242",0.0444444444444444
"Leaf161","Leaf245",0.0222222222222222
"Leaf161","Leaf254",0.0111111111111111
"Leaf161","Leaf257",0.116666666666667
"Leaf161","Leaf26",0.0222222222222222
"Leaf161","Leaf261",0.0888888888888889
"Leaf161","Leaf262",0.0833333333333333
"Leaf161","Leaf263",0.15
"Leaf161","Leaf264",0.05
"Leaf161","Leaf265",0.0777777777777778
"Leaf161","Leaf267",0.0444444444444444
"Leaf161","Leaf274",0.0166666666666667
"Leaf161","Leaf28",0.00555555555555556
"Leaf161","Leaf280",0.0111111111111111
"Leaf161","Leaf285",0.00555555555555556
"Leaf161","Leaf288",0.0777777777777778
"Leaf161","Leaf289",0.05
"Leaf161","Leaf299",0.272222222222222
"Leaf161","Leaf3",0.0222222222222222
"Leaf161","Leaf30",0.0777777777777778
"Leaf161","Leaf304",0.0666666666666667
"Leaf161","Leaf306",0.361111111111111
"Leaf161","Leaf311",0
"Leaf161","Leaf313",0.0277777777777778
"Leaf161","Leaf314",0.177777777777778
"Leaf161","Leaf32",0.166666666666667
"Leaf161","Leaf324",0.1
"Leaf161","Leaf326",0.0277777777777778
"Leaf161","Leaf33",0
"Leaf161","Leaf334",0.138888888888889
"Leaf161","Leaf335",0.0833333333333333
"Leaf161","Leaf336",0
"Leaf161","Leaf337",0.0222222222222222
"Leaf161","Leaf339",0.00555555555555556
"Leaf161","Leaf34",0.177777777777778
"Leaf161","Leaf343",0.0388888888888889
"Leaf161","Leaf344",0.0555555555555556
"Leaf161","Leaf351",0.0333333333333333
"Leaf161","Leaf354",0.0166666666666667
"Leaf161","Leaf357",0.0222222222222222
"Leaf161","Leaf359",0.133333333333333
"Leaf161","Leaf361",0.0111111111111111
"Leaf161","Leaf363",0.0222222222222222
"Leaf161","Leaf369",0.322222222222222
"Leaf161","Leaf371",0
"Leaf161","Leaf380",0.0277777777777778
"Leaf161","Leaf391",0.144444444444444
"Leaf161","Leaf394",0.0722222222222222
"Leaf161","Leaf396",0.0166666666666667
"Leaf161","Leaf405",0.0222222222222222
"Leaf161","Leaf406",0.288888888888889
"Leaf161","Leaf41",0.0777777777777778
"Leaf161","Leaf412",0.0777777777777778
"Leaf161","Leaf416",0.322222222222222
"Leaf161","Leaf42",0.211111111111111
"Leaf161","Leaf420",0
"Leaf161","Leaf427",0
"Leaf161","Leaf434",0.105555555555556
"Leaf161","Leaf443",0.0111111111111111
"Leaf161","Leaf446",0.0611111111111111
"Leaf161","Leaf454",0.138888888888889
"Leaf161","Leaf456",0.00555555555555556
"Leaf161","Leaf466",0.0222222222222222
"Leaf161","Leaf49",0.172222222222222
"Leaf161","Leaf5",0.00555555555555556
"Leaf161","Leaf50",0.0166666666666667
"Leaf161","Leaf51",0.0111111111111111
"Leaf161","Leaf53",0.00555555555555556
"Leaf161","Leaf58",0.216666666666667
"Leaf161","Leaf61",0.00555555555555556
"Leaf161","Leaf62",0.205555555555556
"Leaf161","Leaf64",0.0222222222222222
"Leaf161","Leaf67",0.211111111111111
"Leaf161","Leaf68",0.0444444444444444
"Leaf161","Leaf69",0.0111111111111111
"Leaf161","Leaf70",0.0722222222222222
"Leaf161","Leaf75",0.0555555555555556
"Leaf161","Leaf76",0.0777777777777778
"Leaf161","Leaf78",0.0166666666666667
"Leaf161","Leaf82",0.0833333333333333
"Leaf161","Leaf83",0.138888888888889
"Leaf161","Leaf85",0.05
"Leaf161","Leaf86",0.0555555555555556
"Leaf161","Leaf87",0.0722222222222222
"Leaf161","Leaf88",0.0333333333333333
"Leaf161","Leaf90",0.105555555555556
"Leaf161","Leaf91",0.105555555555556
"Leaf161","Leaf99",0.0111111111111111
"Leaf164","Leaf168",0.0166666666666667
"Leaf164","Leaf17",0.0388888888888889
"Leaf164","Leaf176",0.133333333333333
"Leaf164","Leaf177",0.05
"Leaf164","Leaf180",0.0611111111111111
"Leaf164","Leaf182",0.172222222222222
"Leaf164","Leaf183",0.2
"Leaf164","Leaf185",0.0333333333333333
"Leaf164","Leaf187",0.0444444444444444
"Leaf164","Leaf189",0.0666666666666667
"Leaf164","Leaf2",0.0277777777777778
"Leaf164","Leaf201",0.0277777777777778
"Leaf164","Leaf203",0.0111111111111111
"Leaf164","Leaf208",0.0111111111111111
"Leaf164","Leaf21",0.111111111111111
"Leaf164","Leaf216",0.0944444444444444
"Leaf164","Leaf220",0.0111111111111111
"Leaf164","Leaf222",0.0111111111111111
"Leaf164","Leaf225",0.227777777777778
"Leaf164","Leaf226",0.0166666666666667
"Leaf164","Leaf231",0.105555555555556
"Leaf164","Leaf233",0.0722222222222222
"Leaf164","Leaf234",0.127777777777778
"Leaf164","Leaf242",0.05
"Leaf164","Leaf245",0.0388888888888889
"Leaf164","Leaf254",0.0166666666666667
"Leaf164","Leaf257",0.0166666666666667
"Leaf164","Leaf26",0.0111111111111111
"Leaf164","Leaf261",0.0833333333333333
"Leaf164","Leaf262",0.194444444444444
"Leaf164","Leaf263",0.0111111111111111
"Leaf164","Leaf264",0.0333333333333333
"Leaf164","Leaf265",0.227777777777778
"Leaf164","Leaf267",0.0611111111111111
"Leaf164","Leaf274",0.0222222222222222
"Leaf164","Leaf28",0.0166666666666667
"Leaf164","Leaf280",0.0111111111111111
"Leaf164","Leaf285",0.0666666666666667
"Leaf164","Leaf288",0.0777777777777778
"Leaf164","Leaf289",0.0222222222222222
"Leaf164","Leaf299",0.05
"Leaf164","Leaf3",0.0277777777777778
"Leaf164","Leaf30",0.0888888888888889
"Leaf164","Leaf304",0.0833333333333333
"Leaf164","Leaf306",0.0111111111111111
"Leaf164","Leaf311",0.0388888888888889
"Leaf164","Leaf313",0.0333333333333333
"Leaf164","Leaf314",0.0111111111111111
"Leaf164","Leaf32",0.0166666666666667
"Leaf164","Leaf324",0.0166666666666667
"Leaf164","Leaf326",0.0333333333333333
"Leaf164","Leaf33",0.0333333333333333
"Leaf164","Leaf334",0.0277777777777778
"Leaf164","Leaf335",0.0555555555555556
"Leaf164","Leaf336",0.0111111111111111
"Leaf164","Leaf337",0.0166666666666667
"Leaf164","Leaf339",0.0111111111111111
"Leaf164","Leaf34",0.0222222222222222
"Leaf164","Leaf343",0.0722222222222222
"Leaf164","Leaf344",0.0833333333333333
"Leaf164","Leaf351",0.0111111111111111
"Leaf164","Leaf354",0.0166666666666667
"Leaf164","Leaf357",0.0222222222222222
"Leaf164","Leaf359",0.0333333333333333
"Leaf164","Leaf361",0.0166666666666667
"Leaf164","Leaf363",0.0222222222222222
"Leaf164","Leaf369",0.05
"Leaf164","Leaf371",0.05
"Leaf164","Leaf380",0.0277777777777778
"Leaf164","Leaf391",0.0277777777777778
"Leaf164","Leaf394",0.0944444444444444
"Leaf164","Leaf396",0.0444444444444444
"Leaf164","Leaf405",0.0277777777777778
"Leaf164","Leaf406",0.0611111111111111
"Leaf164","Leaf41",0.0944444444444444
"Leaf164","Leaf412",0.105555555555556
"Leaf164","Leaf416",0.0333333333333333
"Leaf164","Leaf42",0.105555555555556
"Leaf164","Leaf420",0.0111111111111111
"Leaf164","Leaf427",0.0222222222222222
"Leaf164","Leaf434",0.0166666666666667
"Leaf164","Leaf443",0.0166666666666667
"Leaf164","Leaf446",0.0833333333333333
"Leaf164","Leaf454",0.15
"Leaf164","Leaf456",0.0166666666666667
"Leaf164","Leaf466",0.105555555555556
"Leaf164","Leaf49",0.05
"Leaf164","Leaf5",0.0111111111111111
"Leaf164","Leaf50",0.0111111111111111
"Leaf164","Leaf51",0.0111111111111111
"Leaf164","Leaf53",0.0111111111111111
"Leaf164","Leaf58",0.0166666666666667
"Leaf164","Leaf61",0.0222222222222222
"Leaf164","Leaf62",0.0444444444444444
"Leaf164","Leaf64",0.0111111111111111
"Leaf164","Leaf67",0.0555555555555556
"Leaf164","Leaf68",0.0944444444444444
"Leaf164","Leaf69",0.0166666666666667
"Leaf164","Leaf70",0.0555555555555556
"Leaf164","Leaf75",0.0388888888888889
"Leaf164","Leaf76",0.0777777777777778
"Leaf164","Leaf78",0.255555555555556
"Leaf164","Leaf82",0.2
"Leaf164","Leaf83",0.0111111111111111
"Leaf164","Leaf85",0.0166666666666667
"Leaf164","Leaf86",0.0111111111111111
"Leaf164","Leaf87",0.05
"Leaf164","Leaf88",0.0166666666666667
"Leaf164","Leaf90",0.0777777777777778
"Leaf164","Leaf91",0.0166666666666667
"Leaf164","Leaf99",0.0666666666666667
"Leaf168","Leaf17",0.0333333333333333
"Leaf168","Leaf176",0.0944444444444444
"Leaf168","Leaf177",0.0333333333333333
"Leaf168","Leaf180",0.0333333333333333
"Leaf168","Leaf182",0.161111111111111
"Leaf168","Leaf183",0.00555555555555556
"Leaf168","Leaf185",0.0388888888888889
"Leaf168","Leaf187",0.144444444444444
"Leaf168","Leaf189",0.0333333333333333
"Leaf168","Leaf2",0.0111111111111111
"Leaf168","Leaf201",0.0166666666666667
"Leaf168","Leaf203",0.00555555555555556
"Leaf168","Leaf208",0.183333333333333
"Leaf168","Leaf21",0.0833333333333333
"Leaf168","Leaf216",0.0833333333333333
"Leaf168","Leaf220",0.0111111111111111
"Leaf168","Leaf222",0.272222222222222
"Leaf168","Leaf225",0.0111111111111111
"Leaf168","Leaf226",0.0166666666666667
"Leaf168","Leaf231",0.0611111111111111
"Leaf168","Leaf233",0.138888888888889
"Leaf168","Leaf234",0.105555555555556
"Leaf168","Leaf242",0.138888888888889
"Leaf168","Leaf245",0.0111111111111111
"Leaf168","Leaf254",0.127777777777778
"Leaf168","Leaf257",0.0388888888888889
"Leaf168","Leaf26",0.0111111111111111
"Leaf168","Leaf261",0.255555555555556
"Leaf168","Leaf262",0.0666666666666667
"Leaf168","Leaf263",0.00555555555555556
"Leaf168","Leaf264",0.00555555555555556
"Leaf168","Leaf265",0.25
"Leaf168","Leaf267",0.0666666666666667
"Leaf168","Leaf274",0.0888888888888889
"Leaf168","Leaf28",0.0111111111111111
"Leaf168","Leaf280",0.00555555555555556
"Leaf168","Leaf285",0.0222222222222222
"Leaf168","Leaf288",0.0666666666666667
"Leaf168","Leaf289",0.0166666666666667
"Leaf168","Leaf299",0.0222222222222222
"Leaf168","Leaf3",0.0277777777777778
"Leaf168","Leaf30",0.0777777777777778
"Leaf168","Leaf304",0.0555555555555556
"Leaf168","Leaf306",0.0611111111111111
"Leaf168","Leaf311",0.188888888888889
"Leaf168","Leaf313",0.0166666666666667
"Leaf168","Leaf314",0.338888888888889
"Leaf168","Leaf32",0.0111111111111111
"Leaf168","Leaf324",0.233333333333333
"Leaf168","Leaf326",0.0277777777777778
"Leaf168","Leaf33",0.05
"Leaf168","Leaf334",0.0166666666666667
"Leaf168","Leaf335",0.0611111111111111
"Leaf168","Leaf336",0.00555555555555556
"Leaf168","Leaf337",0.0166666666666667
"Leaf168","Leaf339",0.00555555555555556
"Leaf168","Leaf34",0.0166666666666667
"Leaf168","Leaf343",0.0611111111111111
"Leaf168","Leaf344",0.0444444444444444
"Leaf168","Leaf351",0.00555555555555556
"Leaf168","Leaf354",0.00555555555555556
"Leaf168","Leaf357",0.0111111111111111
"Leaf168","Leaf359",0.0833333333333333
"Leaf168","Leaf361",0.00555555555555556
"Leaf168","Leaf363",0.0277777777777778
"Leaf168","Leaf369",0.0555555555555556
"Leaf168","Leaf371",0.00555555555555556
"Leaf168","Leaf380",0.0111111111111111
"Leaf168","Leaf391",0.1
"Leaf168","Leaf394",0.0833333333333333
"Leaf168","Leaf396",0.0444444444444444
"Leaf168","Leaf405",0.0111111111111111
"Leaf168","Leaf406",0.0333333333333333
"Leaf168","Leaf41",0.0111111111111111
"Leaf168","Leaf412",0.0888888888888889
"Leaf168","Leaf416",0.05
"Leaf168","Leaf42",0.294444444444444
"Leaf168","Leaf420",0.105555555555556
"Leaf168","Leaf427",0.0222222222222222
"Leaf168","Leaf434",0.00555555555555556
"Leaf168","Leaf443",0.0111111111111111
"Leaf168","Leaf446",0.0722222222222222
"Leaf168","Leaf454",0.127777777777778
"Leaf168","Leaf456",0.00555555555555556
"Leaf168","Leaf466",0.0222222222222222
"Leaf168","Leaf49",0.05
"Leaf168","Leaf5",0.0111111111111111
"Leaf168","Leaf50",0.00555555555555556
"Leaf168","Leaf51",0.144444444444444
"Leaf168","Leaf53",0.0111111111111111
"Leaf168","Leaf58",0.0222222222222222
"Leaf168","Leaf61",0.0111111111111111
"Leaf168","Leaf62",0.0111111111111111
"Leaf168","Leaf64",0.183333333333333
"Leaf168","Leaf67",0.0333333333333333
"Leaf168","Leaf68",0.205555555555556
"Leaf168","Leaf69",0.0111111111111111
"Leaf168","Leaf70",0.0666666666666667
"Leaf168","Leaf75",0.00555555555555556
"Leaf168","Leaf76",0.05
"Leaf168","Leaf78",0.172222222222222
"Leaf168","Leaf82",0.0166666666666667
"Leaf168","Leaf83",0.227777777777778
"Leaf168","Leaf85",0.0555555555555556
"Leaf168","Leaf86",0.0277777777777778
"Leaf168","Leaf87",0.0222222222222222
"Leaf168","Leaf88",0.0277777777777778
"Leaf168","Leaf90",0.0277777777777778
"Leaf168","Leaf91",0.00555555555555556
"Leaf168","Leaf99",0.0222222222222222
"Leaf17","Leaf176",0.105555555555556
"Leaf17","Leaf177",0.0555555555555556
"Leaf17","Leaf180",0.0666666666666667
"Leaf17","Leaf182",0.144444444444444
"Leaf17","Leaf183",0.0166666666666667
"Leaf17","Leaf185",0.1
"Leaf17","Leaf187",0.216666666666667
"Leaf17","Leaf189",0.0833333333333333
"Leaf17","Leaf2",0.0222222222222222
"Leaf17","Leaf201",0.0333333333333333
"Leaf17","Leaf203",0.0333333333333333
"Leaf17","Leaf208",0.0222222222222222
"Leaf17","Leaf21",0.0833333333333333
"Leaf17","Leaf216",0.116666666666667
"Leaf17","Leaf220",0.0777777777777778
"Leaf17","Leaf222",0.0166666666666667
"Leaf17","Leaf225",0.0277777777777778
"Leaf17","Leaf226",0.0166666666666667
"Leaf17","Leaf231",0.0944444444444444
"Leaf17","Leaf233",0.0944444444444444
"Leaf17","Leaf234",0.205555555555556
"Leaf17","Leaf242",0.0833333333333333
"Leaf17","Leaf245",0.0166666666666667
"Leaf17","Leaf254",0.0222222222222222
"Leaf17","Leaf257",0.0166666666666667
"Leaf17","Leaf26",0.0277777777777778
"Leaf17","Leaf261",0.127777777777778
"Leaf17","Leaf262",0.0611111111111111
"Leaf17","Leaf263",0.0166666666666667
"Leaf17","Leaf264",0.0277777777777778
"Leaf17","Leaf265",0.0222222222222222
"Leaf17","Leaf267",0.0611111111111111
"Leaf17","Leaf274",0.0333333333333333
"Leaf17","Leaf28",0.0222222222222222
"Leaf17","Leaf280",0.0277777777777778
"Leaf17","Leaf285",0.0333333333333333
"Leaf17","Leaf288",0.0722222222222222
"Leaf17","Leaf289",0.0444444444444444
"Leaf17","Leaf299",0.433333333333333
"Leaf17","Leaf3",0.0277777777777778
"Leaf17","Leaf30",0.0777777777777778
"Leaf17","Leaf304",0.105555555555556
"Leaf17","Leaf306",0.0388888888888889
"Leaf17","Leaf311",0.277777777777778
"Leaf17","Leaf313",0.0277777777777778
"Leaf17","Leaf314",0.0222222222222222
"Leaf17","Leaf32",0.0333333333333333
"Leaf17","Leaf324",0.0333333333333333
"Leaf17","Leaf326",0.0611111111111111
"Leaf17","Leaf33",0.0722222222222222
"Leaf17","Leaf334",0.0388888888888889
"Leaf17","Leaf335",0.122222222222222
"Leaf17","Leaf336",0.0333333333333333
"Leaf17","Leaf337",0.0277777777777778
"Leaf17","Leaf339",0.0277777777777778
"Leaf17","Leaf34",0.0222222222222222
"Leaf17","Leaf343",0.0722222222222222
"Leaf17","Leaf344",0.0611111111111111
"Leaf17","Leaf351",0.0222222222222222
"Leaf17","Leaf354",0.0166666666666667
"Leaf17","Leaf357",0.0222222222222222
"Leaf17","Leaf359",0.238888888888889
"Leaf17","Leaf361",0.0166666666666667
"Leaf17","Leaf363",0.05
"Leaf17","Leaf369",0.0777777777777778
"Leaf17","Leaf371",0.0722222222222222
"Leaf17","Leaf380",0.0555555555555556
"Leaf17","Leaf391",0.0722222222222222
"Leaf17","Leaf394",0.1
"Leaf17","Leaf396",0.0555555555555556
"Leaf17","Leaf405",0.0444444444444444
"Leaf17","Leaf406",0.05
"Leaf17","Leaf41",0.0888888888888889
"Leaf17","Leaf412",0.183333333333333
"Leaf17","Leaf416",0.05
"Leaf17","Leaf42",0.0611111111111111
"Leaf17","Leaf420",0.0166666666666667
"Leaf17","Leaf427",0.161111111111111
"Leaf17","Leaf434",0.0166666666666667
"Leaf17","Leaf443",0.0222222222222222
"Leaf17","Leaf446",0.1
"Leaf17","Leaf454",0.127777777777778
"Leaf17","Leaf456",0.0166666666666667
"Leaf17","Leaf466",0.0888888888888889
"Leaf17","Leaf49",0.0888888888888889
"Leaf17","Leaf5",0.0333333333333333
"Leaf17","Leaf50",0.0222222222222222
"Leaf17","Leaf51",0.0222222222222222
"Leaf17","Leaf53",0.0166666666666667
"Leaf17","Leaf58",0.0166666666666667
"Leaf17","Leaf61",0.0333333333333333
"Leaf17","Leaf62",0.0833333333333333
"Leaf17","Leaf64",0.0222222222222222
"Leaf17","Leaf67",0.122222222222222
"Leaf17","Leaf68",0.166666666666667
"Leaf17","Leaf69",0.0888888888888889
"Leaf17","Leaf70",0.0611111111111111
"Leaf17","Leaf75",0.0944444444444444
"Leaf17","Leaf76",0.0444444444444444
"Leaf17","Leaf78",0.0166666666666667
"Leaf17","Leaf82",0.0222222222222222
"Leaf17","Leaf83",0.0444444444444444
"Leaf17","Leaf85",0.0166666666666667
"Leaf17","Leaf86",0.155555555555556
"Leaf17","Leaf87",0.133333333333333
"Leaf17","Leaf88",0.172222222222222
"Leaf17","Leaf90",0.0944444444444444
"Leaf17","Leaf91",0.0166666666666667
"Leaf17","Leaf99",0.133333333333333
"Leaf176","Leaf177",0.155555555555556
"Leaf176","Leaf180",0.211111111111111
"Leaf176","Leaf182",0.261111111111111
"Leaf176","Leaf183",0.0777777777777778
"Leaf176","Leaf185",0.144444444444444
"Leaf176","Leaf187",0.311111111111111
"Leaf176","Leaf189",0.227777777777778
"Leaf176","Leaf2",0.0944444444444444
"Leaf176","Leaf201",0.111111111111111
"Leaf176","Leaf203",0.0666666666666667
"Leaf176","Leaf208",0.105555555555556
"Leaf176","Leaf21",0.166666666666667
"Leaf176","Leaf216",0.222222222222222
"Leaf176","Leaf220",0.127777777777778
"Leaf176","Leaf222",0.0777777777777778
"Leaf176","Leaf225",0.0777777777777778
"Leaf176","Leaf226",0.0833333333333333
"Leaf176","Leaf231",0.255555555555556
"Leaf176","Leaf233",0.1
"Leaf176","Leaf234",0.3
"Leaf176","Leaf242",0.116666666666667
"Leaf176","Leaf245",0.155555555555556
"Leaf176","Leaf254",0.0722222222222222
"Leaf176","Leaf257",0.116666666666667
"Leaf176","Leaf26",0.116666666666667
"Leaf176","Leaf261",0.216666666666667
"Leaf176","Leaf262",0.105555555555556
"Leaf176","Leaf263",0.0888888888888889
"Leaf176","Leaf264",0.105555555555556
"Leaf176","Leaf265",0.244444444444444
"Leaf176","Leaf267",0.15
"Leaf176","Leaf274",0.133333333333333
"Leaf176","Leaf28",0.1
"Leaf176","Leaf280",0.105555555555556
"Leaf176","Leaf285",0.216666666666667
"Leaf176","Leaf288",0.172222222222222
"Leaf176","Leaf289",0.177777777777778
"Leaf176","Leaf299",0.233333333333333
"Leaf176","Leaf3",0.127777777777778
"Leaf176","Leaf30",0.138888888888889
"Leaf176","Leaf304",0.155555555555556
"Leaf176","Leaf306",0.0888888888888889
"Leaf176","Leaf311",0.233333333333333
"Leaf176","Leaf313",0.1
"Leaf176","Leaf314",0.0944444444444444
"Leaf176","Leaf32",0.0722222222222222
"Leaf176","Leaf324",0.1
"Leaf176","Leaf326",0.1
"Leaf176","Leaf33",0.188888888888889
"Leaf176","Leaf334",0.105555555555556
"Leaf176","Leaf335",0.127777777777778
"Leaf176","Leaf336",0.161111111111111
"Leaf176","Leaf337",0.105555555555556
"Leaf176","Leaf339",0.0777777777777778
"Leaf176","Leaf34",0.1
"Leaf176","Leaf343",0.222222222222222
"Leaf176","Leaf344",0.188888888888889
"Leaf176","Leaf351",0.1
"Leaf176","Leaf354",0.0833333333333333
"Leaf176","Leaf357",0.116666666666667
"Leaf176","Leaf359",0.122222222222222
"Leaf176","Leaf361",0.0722222222222222
"Leaf176","Leaf363",0.188888888888889
"Leaf176","Leaf369",0.133333333333333
"Leaf176","Leaf371",0.0833333333333333
"Leaf176","Leaf380",0.1
"Leaf176","Leaf391",0.0944444444444444
"Leaf176","Leaf394",0.227777777777778
"Leaf176","Leaf396",0.127777777777778
"Leaf176","Leaf405",0.116666666666667
"Leaf176","Leaf406",0.183333333333333
"Leaf176","Leaf41",0.283333333333333
"Leaf176","Leaf412",0.161111111111111
"Leaf176","Leaf416",0.194444444444444
"Leaf176","Leaf42",0.105555555555556
"Leaf176","Leaf420",0.0666666666666667
"Leaf176","Leaf427",0.166666666666667
"Leaf176","Leaf434",0.0888888888888889
"Leaf176","Leaf443",0.0722222222222222
"Leaf176","Leaf446",0.233333333333333
"Leaf176","Leaf454",0.288888888888889
"Leaf176","Leaf456",0.0722222222222222
"Leaf176","Leaf466",0.161111111111111
"Leaf176","Leaf49",0.15
"Leaf176","Leaf5",0.0833333333333333
"Leaf176","Leaf50",0.0777777777777778
"Leaf176","Leaf51",0.0944444444444444
"Leaf176","Leaf53",0.105555555555556
"Leaf176","Leaf58",0.0944444444444444
"Leaf176","Leaf61",0.311111111111111
"Leaf176","Leaf62",0.1
"Leaf176","Leaf64",0.0777777777777778
"Leaf176","Leaf67",0.133333333333333
"Leaf176","Leaf68",0.138888888888889
"Leaf176","Leaf69",0.1
"Leaf176","Leaf70",0.172222222222222
"Leaf176","Leaf75",0.161111111111111
"Leaf176","Leaf76",0.0888888888888889
"Leaf176","Leaf78",0.0777777777777778
"Leaf176","Leaf82",0.0833333333333333
"Leaf176","Leaf83",0.0666666666666667
"Leaf176","Leaf85",0.122222222222222
"Leaf176","Leaf86",0.0833333333333333
"Leaf176","Leaf87",0.122222222222222
"Leaf176","Leaf88",0.0777777777777778
"Leaf176","Leaf90",0.105555555555556
"Leaf176","Leaf91",0.0944444444444444
"Leaf176","Leaf99",0.0833333333333333
"Leaf177","Leaf180",0.0888888888888889
"Leaf177","Leaf182",0.188888888888889
"Leaf177","Leaf183",0.0222222222222222
"Leaf177","Leaf185",0.0722222222222222
"Leaf177","Leaf187",0.0722222222222222
"Leaf177","Leaf189",0.0611111111111111
"Leaf177","Leaf2",0.0388888888888889
"Leaf177","Leaf201",0.0444444444444444
"Leaf177","Leaf203",0.0444444444444444
"Leaf177","Leaf208",0.0388888888888889
"Leaf177","Leaf21",0.1
"Leaf177","Leaf216",0.122222222222222
"Leaf177","Leaf220",0.0555555555555556
"Leaf177","Leaf222",0.0222222222222222
"Leaf177","Leaf225",0.0277777777777778
"Leaf177","Leaf226",0.0222222222222222
"Leaf177","Leaf231",0.111111111111111
"Leaf177","Leaf233",0.0388888888888889
"Leaf177","Leaf234",0.15
"Leaf177","Leaf242",0.0888888888888889
"Leaf177","Leaf245",0.0277777777777778
"Leaf177","Leaf254",0.0277777777777778
"Leaf177","Leaf257",0.0277777777777778
"Leaf177","Leaf26",0.0222222222222222
"Leaf177","Leaf261",0.127777777777778
"Leaf177","Leaf262",0.0444444444444444
"Leaf177","Leaf263",0.0222222222222222
"Leaf177","Leaf264",0.0444444444444444
"Leaf177","Leaf265",0.322222222222222
"Leaf177","Leaf267",0.105555555555556
"Leaf177","Leaf274",0.0388888888888889
"Leaf177","Leaf28",0.0222222222222222
"Leaf177","Leaf280",0.0222222222222222
"Leaf177","Leaf285",0.0388888888888889
"Leaf177","Leaf288",0.0888888888888889
"Leaf177","Leaf289",0.0388888888888889
"Leaf177","Leaf299",0.0888888888888889
"Leaf177","Leaf3",0.0444444444444444
"Leaf177","Leaf30",0.105555555555556
"Leaf177","Leaf304",0.0833333333333333
"Leaf177","Leaf306",0.111111111111111
"Leaf177","Leaf311",0.05
"Leaf177","Leaf313",0.0277777777777778
"Leaf177","Leaf314",0.422222222222222
"Leaf177","Leaf32",0.0555555555555556
"Leaf177","Leaf324",0.0333333333333333
"Leaf177","Leaf326",0.0444444444444444
"Leaf177","Leaf33",0.288888888888889
"Leaf177","Leaf334",0.0444444444444444
"Leaf177","Leaf335",0.116666666666667
"Leaf177","Leaf336",0.0388888888888889
"Leaf177","Leaf337",0.0277777777777778
"Leaf177","Leaf339",0.0333333333333333
"Leaf177","Leaf34",0.0333333333333333
"Leaf177","Leaf343",0.111111111111111
"Leaf177","Leaf344",0.0777777777777778
"Leaf177","Leaf351",0.0277777777777778
"Leaf177","Leaf354",0.0277777777777778
"Leaf177","Leaf357",0.0333333333333333
"Leaf177","Leaf359",0.172222222222222
"Leaf177","Leaf361",0.0222222222222222
"Leaf177","Leaf363",0.0611111111111111
"Leaf177","Leaf369",0.0666666666666667
"Leaf177","Leaf371",0.0333333333333333
"Leaf177","Leaf380",0.0555555555555556
"Leaf177","Leaf391",0.0277777777777778
"Leaf177","Leaf394",0.105555555555556
"Leaf177","Leaf396",0.0611111111111111
"Leaf177","Leaf405",0.0333333333333333
"Leaf177","Leaf406",0.0722222222222222
"Leaf177","Leaf41",0.122222222222222
"Leaf177","Leaf412",0.138888888888889
"Leaf177","Leaf416",0.0944444444444444
"Leaf177","Leaf42",0.0333333333333333
"Leaf177","Leaf420",0.0222222222222222
"Leaf177","Leaf427",0.0555555555555556
"Leaf177","Leaf434",0.0277777777777778
"Leaf177","Leaf443",0.0388888888888889
"Leaf177","Leaf446",0.133333333333333
"Leaf177","Leaf454",0.155555555555556
"Leaf177","Leaf456",0.0277777777777778
"Leaf177","Leaf466",0.127777777777778
"Leaf177","Leaf49",0.0722222222222222
"Leaf177","Leaf5",0.0222222222222222
"Leaf177","Leaf50",0.25
"Leaf177","Leaf51",0.0333333333333333
"Leaf177","Leaf53",0.0388888888888889
"Leaf177","Leaf58",0.0333333333333333
"Leaf177","Leaf61",0.0722222222222222
"Leaf177","Leaf62",0.0388888888888889
"Leaf177","Leaf64",0.0222222222222222
"Leaf177","Leaf67",0.111111111111111
"Leaf177","Leaf68",0.127777777777778
"Leaf177","Leaf69",0.0388888888888889
"Leaf177","Leaf70",0.0777777777777778
"Leaf177","Leaf75",0.05
"Leaf177","Leaf76",0.133333333333333
"Leaf177","Leaf78",0.0222222222222222
"Leaf177","Leaf82",0.0333333333333333
"Leaf177","Leaf83",0.238888888888889
"Leaf177","Leaf85",0.144444444444444
"Leaf177","Leaf86",0.0333333333333333
"Leaf177","Leaf87",0.0722222222222222
"Leaf177","Leaf88",0.205555555555556
"Leaf177","Leaf90",0.0888888888888889
"Leaf177","Leaf91",0.0222222222222222
"Leaf177","Leaf99",0.0833333333333333
"Leaf180","Leaf182",0.233333333333333
"Leaf180","Leaf183",0.0333333333333333
"Leaf180","Leaf185",0.283333333333333
"Leaf180","Leaf187",0.133333333333333
"Leaf180","Leaf189",0.138888888888889
"Leaf180","Leaf2",0.0444444444444444
"Leaf180","Leaf201",0.05
"Leaf180","Leaf203",0.0388888888888889
"Leaf180","Leaf208",0.0388888888888889
"Leaf180","Leaf21",0.166666666666667
"Leaf180","Leaf216",0.144444444444444
"Leaf180","Leaf220",0.0388888888888889
"Leaf180","Leaf222",0.0333333333333333
"Leaf180","Leaf225",0.0277777777777778
"Leaf180","Leaf226",0.0277777777777778
"Leaf180","Leaf231",0.177777777777778
"Leaf180","Leaf233",0.0444444444444444
"Leaf180","Leaf234",0.194444444444444
"Leaf180","Leaf242",0.105555555555556
"Leaf180","Leaf245",0.111111111111111
"Leaf180","Leaf254",0.0277777777777778
"Leaf180","Leaf257",0.0388888888888889
"Leaf180","Leaf26",0.0277777777777778
"Leaf180","Leaf261",0.155555555555556
"Leaf180","Leaf262",0.0388888888888889
"Leaf180","Leaf263",0.0333333333333333
"Leaf180","Leaf264",0.0444444444444444
"Leaf180","Leaf265",0.0277777777777778
"Leaf180","Leaf267",0.0777777777777778
"Leaf180","Leaf274",0.0444444444444444
"Leaf180","Leaf28",0.0388888888888889
"Leaf180","Leaf280",0.0388888888888889
"Leaf180","Leaf285",0.266666666666667
"Leaf180","Leaf288",0.127777777777778
"Leaf180","Leaf289",0.0277777777777778
"Leaf180","Leaf299",0.0388888888888889
"Leaf180","Leaf3",0.0777777777777778
"Leaf180","Leaf30",0.116666666666667
"Leaf180","Leaf304",0.1
"Leaf180","Leaf306",0.05
"Leaf180","Leaf311",0.261111111111111
"Leaf180","Leaf313",0.0722222222222222
"Leaf180","Leaf314",0.0388888888888889
"Leaf180","Leaf32",0.0277777777777778
"Leaf180","Leaf324",0.0555555555555556
"Leaf180","Leaf326",0.0777777777777778
"Leaf180","Leaf33",0.0777777777777778
"Leaf180","Leaf334",0.0666666666666667
"Leaf180","Leaf335",0.0833333333333333
"Leaf180","Leaf336",0.0388888888888889
"Leaf180","Leaf337",0.0388888888888889
"Leaf180","Leaf339",0.355555555555556
"Leaf180","Leaf34",0.05
"Leaf180","Leaf343",0.122222222222222
"Leaf180","Leaf344",0.122222222222222
"Leaf180","Leaf351",0.0277777777777778
"Leaf180","Leaf354",0.0333333333333333
"Leaf180","Leaf357",0.0444444444444444
"Leaf180","Leaf359",0.111111111111111
"Leaf180","Leaf361",0.0333333333333333
"Leaf180","Leaf363",0.0888888888888889
"Leaf180","Leaf369",0.0777777777777778
"Leaf180","Leaf371",0.05
"Leaf180","Leaf380",0.0444444444444444
"Leaf180","Leaf391",0.155555555555556
"Leaf180","Leaf394",0.138888888888889
"Leaf180","Leaf396",0.0722222222222222
"Leaf180","Leaf405",0.05
"Leaf180","Leaf406",0.0722222222222222
"Leaf180","Leaf41",0.0944444444444444
"Leaf180","Leaf412",0.2
"Leaf180","Leaf416",0.05
"Leaf180","Leaf42",0.0944444444444444
"Leaf180","Leaf420",0.0277777777777778
"Leaf180","Leaf427",0.0888888888888889
"Leaf180","Leaf434",0.0277777777777778
"Leaf180","Leaf443",0.0277777777777778
"Leaf180","Leaf446",0.133333333333333
"Leaf180","Leaf454",0.266666666666667
"Leaf180","Leaf456",0.0444444444444444
"Leaf180","Leaf466",0.0666666666666667
"Leaf180","Leaf49",0.0888888888888889
"Leaf180","Leaf5",0.0333333333333333
"Leaf180","Leaf50",0.0333333333333333
"Leaf180","Leaf51",0.0277777777777778
"Leaf180","Leaf53",0.0388888888888889
"Leaf180","Leaf58",0.0611111111111111
"Leaf180","Leaf61",0.0388888888888889
"Leaf180","Leaf62",0.116666666666667
"Leaf180","Leaf64",0.0611111111111111
"Leaf180","Leaf67",0.0888888888888889
"Leaf180","Leaf68",0.188888888888889
"Leaf180","Leaf69",0.05
"Leaf180","Leaf70",0.1
"Leaf180","Leaf75",0.05
"Leaf180","Leaf76",0.0777777777777778
"Leaf180","Leaf78",0.0277777777777778
"Leaf180","Leaf82",0.0277777777777778
"Leaf180","Leaf83",0.0277777777777778
"Leaf180","Leaf85",0.0277777777777778
"Leaf180","Leaf86",0.0666666666666667
"Leaf180","Leaf87",0.0833333333333333
"Leaf180","Leaf88",0.0388888888888889
"Leaf180","Leaf90",0.138888888888889
"Leaf180","Leaf91",0.05
"Leaf180","Leaf99",0.0722222222222222
"Leaf182","Leaf183",0.111111111111111
"Leaf182","Leaf185",0.133333333333333
"Leaf182","Leaf187",0.227777777777778
"Leaf182","Leaf189",0.272222222222222
"Leaf182","Leaf2",0.111111111111111
"Leaf182","Leaf201",0.144444444444444
"Leaf182","Leaf203",0.266666666666667
"Leaf182","Leaf208",0.161111111111111
"Leaf182","Leaf21",0.194444444444444
"Leaf182","Leaf216",0.266666666666667
"Leaf182","Leaf220",0.2
"Leaf182","Leaf222",0.133333333333333
"Leaf182","Leaf225",0.1
"Leaf182","Leaf226",0.111111111111111
"Leaf182","Leaf231",0.294444444444444
"Leaf182","Leaf233",0.138888888888889
"Leaf182","Leaf234",0.227777777777778
"Leaf182","Leaf242",0.122222222222222
"Leaf182","Leaf245",0.138888888888889
"Leaf182","Leaf254",0.1
"Leaf182","Leaf257",0.138888888888889
"Leaf182","Leaf26",0.127777777777778
"Leaf182","Leaf261",0.255555555555556
"Leaf182","Leaf262",0.255555555555556
"Leaf182","Leaf263",0.122222222222222
"Leaf182","Leaf264",0.122222222222222
"Leaf182","Leaf265",0.116666666666667
"Leaf182","Leaf267",0.138888888888889
"Leaf182","Leaf274",0.183333333333333
"Leaf182","Leaf28",0.127777777777778
"Leaf182","Leaf280",0.127777777777778
"Leaf182","Leaf285",0.255555555555556
"Leaf182","Leaf288",0.2
"Leaf182","Leaf289",0.122222222222222
"Leaf182","Leaf299",0.311111111111111
"Leaf182","Leaf3",0.15
"Leaf182","Leaf30",0.166666666666667
"Leaf182","Leaf304",0.177777777777778
"Leaf182","Leaf306",0.111111111111111
"Leaf182","Leaf311",0.133333333333333
"Leaf182","Leaf313",0.1
"Leaf182","Leaf314",0.127777777777778
"Leaf182","Leaf32",0.138888888888889
"Leaf182","Leaf324",0.116666666666667
"Leaf182","Leaf326",0.133333333333333
"Leaf182","Leaf33",0.161111111111111
"Leaf182","Leaf334",0.122222222222222
"Leaf182","Leaf335",0.111111111111111
"Leaf182","Leaf336",0.216666666666667
"Leaf182","Leaf337",0.15
"Leaf182","Leaf339",0.122222222222222
"Leaf182","Leaf34",0.361111111111111
"Leaf182","Leaf343",0.238888888888889
"Leaf182","Leaf344",0.2
"Leaf182","Leaf351",0.172222222222222
"Leaf182","Leaf354",0.127777777777778
"Leaf182","Leaf357",0.15
"Leaf182","Leaf359",0.172222222222222
"Leaf182","Leaf361",0.1
"Leaf182","Leaf363",0.233333333333333
"Leaf182","Leaf369",0.144444444444444
"Leaf182","Leaf371",0.166666666666667
"Leaf182","Leaf380",0.122222222222222
"Leaf182","Leaf391",0.1
"Leaf182","Leaf394",0.272222222222222
"Leaf182","Leaf396",0.15
"Leaf182","Leaf405",0.166666666666667
"Leaf182","Leaf406",0.233333333333333
"Leaf182","Leaf41",0.205555555555556
"Leaf182","Leaf412",0.183333333333333
"Leaf182","Leaf416",0.183333333333333
"Leaf182","Leaf42",0.227777777777778
"Leaf182","Leaf420",0.1
"Leaf182","Leaf427",0.277777777777778
"Leaf182","Leaf434",0.133333333333333
"Leaf182","Leaf443",0.105555555555556
"Leaf182","Leaf446",0.244444444444444
"Leaf182","Leaf454",0.272222222222222
"Leaf182","Leaf456",0.111111111111111
"Leaf182","Leaf466",0.116666666666667
"Leaf182","Leaf49",0.133333333333333
"Leaf182","Leaf5",0.122222222222222
"Leaf182","Leaf50",0.111111111111111
"Leaf182","Leaf51",0.116666666666667
"Leaf182","Leaf53",0.122222222222222
"Leaf182","Leaf58",0.144444444444444
"Leaf182","Leaf61",0.194444444444444
"Leaf182","Leaf62",0.111111111111111
"Leaf182","Leaf64",0.116666666666667
"Leaf182","Leaf67",0.272222222222222
"Leaf182","Leaf68",0.255555555555556
"Leaf182","Leaf69",0.122222222222222
"Leaf182","Leaf70",0.205555555555556
"Leaf182","Leaf75",0.177777777777778
"Leaf182","Leaf76",0.116666666666667
"Leaf182","Leaf78",0.122222222222222
"Leaf182","Leaf82",0.122222222222222
"Leaf182","Leaf83",0.105555555555556
"Leaf182","Leaf85",0.155555555555556
"Leaf182","Leaf86",0.105555555555556
"Leaf182","Leaf87",0.122222222222222
"Leaf182","Leaf88",0.183333333333333
"Leaf182","Leaf90",0.111111111111111
"Leaf182","Leaf91",0.138888888888889
"Leaf182","Leaf99",0.1
"Leaf183","Leaf185",0
"Leaf183","Leaf187",0.0444444444444444
"Leaf183","Leaf189",0.0166666666666667
"Leaf183","Leaf2",0
"Leaf183","Leaf201",0.166666666666667
"Leaf183","Leaf203",0
"Leaf183","Leaf208",0.277777777777778
"Leaf183","Leaf21",0.0555555555555556
"Leaf183","Leaf216",0.0777777777777778
"Leaf183","Leaf220",0.0111111111111111
"Leaf183","Leaf222",0.00555555555555556
"Leaf183","Leaf225",0
"Leaf183","Leaf226",0
"Leaf183","Leaf231",0.0444444444444444
"Leaf183","Leaf233",0.0611111111111111
"Leaf183","Leaf234",0.0833333333333333
"Leaf183","Leaf242",0.0444444444444444
"Leaf183","Leaf245",0.0111111111111111
"Leaf183","Leaf254",0
"Leaf183","Leaf257",0
"Leaf183","Leaf26",0
"Leaf183","Leaf261",0.0555555555555556
"Leaf183","Leaf262",0.0722222222222222
"Leaf183","Leaf263",0.155555555555556
"Leaf183","Leaf264",0
"Leaf183","Leaf265",0.0222222222222222
"Leaf183","Leaf267",0.0444444444444444
"Leaf183","Leaf274",0.472222222222222
"Leaf183","Leaf28",0.316666666666667
"Leaf183","Leaf280",0.0666666666666667
"Leaf183","Leaf285",0.0944444444444444
"Leaf183","Leaf288",0.0444444444444444
"Leaf183","Leaf289",0.0111111111111111
"Leaf183","Leaf299",0.0277777777777778
"Leaf183","Leaf3",0
"Leaf183","Leaf30",0.0666666666666667
"Leaf183","Leaf304",0.0555555555555556
"Leaf183","Leaf306",0
"Leaf183","Leaf311",0.172222222222222
"Leaf183","Leaf313",0
"Leaf183","Leaf314",0
"Leaf183","Leaf32",0.00555555555555556
"Leaf183","Leaf324",0.233333333333333
"Leaf183","Leaf326",0.0166666666666667
"Leaf183","Leaf33",0.0222222222222222
"Leaf183","Leaf334",0.177777777777778
"Leaf183","Leaf335",0
"Leaf183","Leaf336",0
"Leaf183","Leaf337",0.0222222222222222
"Leaf183","Leaf339",0
"Leaf183","Leaf34",0.0166666666666667
"Leaf183","Leaf343",0.0333333333333333
"Leaf183","Leaf344",0.0333333333333333
"Leaf183","Leaf351",0
"Leaf183","Leaf354",0.0166666666666667
"Leaf183","Leaf357",0
"Leaf183","Leaf359",0.00555555555555556
"Leaf183","Leaf361",0.1
"Leaf183","Leaf363",0.0166666666666667
"Leaf183","Leaf369",0.0222222222222222
"Leaf183","Leaf371",0.0166666666666667
"Leaf183","Leaf380",0.00555555555555556
"Leaf183","Leaf391",0.111111111111111
"Leaf183","Leaf394",0.0944444444444444
"Leaf183","Leaf396",0.0222222222222222
"Leaf183","Leaf405",0
"Leaf183","Leaf406",0.0277777777777778
"Leaf183","Leaf41",0.0722222222222222
"Leaf183","Leaf412",0.0777777777777778
"Leaf183","Leaf416",0.0944444444444444
"Leaf183","Leaf42",0.00555555555555556
"Leaf183","Leaf420",0
"Leaf183","Leaf427",0.0222222222222222
"Leaf183","Leaf434",0
"Leaf183","Leaf443",0.00555555555555556
"Leaf183","Leaf446",0.0611111111111111
"Leaf183","Leaf454",0.122222222222222
"Leaf183","Leaf456",0
"Leaf183","Leaf466",0.0166666666666667
"Leaf183","Leaf49",0.0333333333333333
"Leaf183","Leaf5",0.144444444444444
"Leaf183","Leaf50",0
"Leaf183","Leaf51",0
"Leaf183","Leaf53",0
"Leaf183","Leaf58",0.0111111111111111
"Leaf183","Leaf61",0.0611111111111111
"Leaf183","Leaf62",0.0388888888888889
"Leaf183","Leaf64",0.00555555555555556
"Leaf183","Leaf67",0
"Leaf183","Leaf68",0.0111111111111111
"Leaf183","Leaf69",0.00555555555555556
"Leaf183","Leaf70",0.0222222222222222
"Leaf183","Leaf75",0
"Leaf183","Leaf76",0.127777777777778
"Leaf183","Leaf78",0
"Leaf183","Leaf82",0.0111111111111111
"Leaf183","Leaf83",0.0722222222222222
"Leaf183","Leaf85",0.116666666666667
"Leaf183","Leaf86",0.0888888888888889
"Leaf183","Leaf87",0
"Leaf183","Leaf88",0.0166666666666667
"Leaf183","Leaf90",0.177777777777778
"Leaf183","Leaf91",0.0166666666666667
"Leaf183","Leaf99",0.0611111111111111
"Leaf185","Leaf187",0.0277777777777778
"Leaf185","Leaf189",0.155555555555556
"Leaf185","Leaf2",0.127777777777778
"Leaf185","Leaf201",0.144444444444444
"Leaf185","Leaf203",0.00555555555555556
"Leaf185","Leaf208",0.0166666666666667
"Leaf185","Leaf21",0.1
"Leaf185","Leaf216",0.166666666666667
"Leaf185","Leaf220",0.0277777777777778
"Leaf185","Leaf222",0.05
"Leaf185","Leaf225",0.0444444444444444
"Leaf185","Leaf226",0.111111111111111
"Leaf185","Leaf231",0.144444444444444
"Leaf185","Leaf233",0.0444444444444444
"Leaf185","Leaf234",0.283333333333333
"Leaf185","Leaf242",0.161111111111111
"Leaf185","Leaf245",0.366666666666667
"Leaf185","Leaf254",0.122222222222222
"Leaf185","Leaf257",0.0777777777777778
"Leaf185","Leaf26",0.0333333333333333
"Leaf185","Leaf261",0.155555555555556
"Leaf185","Leaf262",0.00555555555555556
"Leaf185","Leaf263",0.0111111111111111
"Leaf185","Leaf264",0.0722222222222222
"Leaf185","Leaf265",0.0444444444444444
"Leaf185","Leaf267",0.0555555555555556
"Leaf185","Leaf274",0.05
"Leaf185","Leaf28",0.0166666666666667
"Leaf185","Leaf280",0.0388888888888889
"Leaf185","Leaf285",0.0833333333333333
"Leaf185","Leaf288",0.133333333333333
"Leaf185","Leaf289",0.0722222222222222
"Leaf185","Leaf299",0.822222222222222
"Leaf185","Leaf3",0.0111111111111111
"Leaf185","Leaf30",0.0666666666666667
"Leaf185","Leaf304",0.138888888888889
"Leaf185","Leaf306",0.0166666666666667
"Leaf185","Leaf311",0
"Leaf185","Leaf313",0.0166666666666667
"Leaf185","Leaf314",0.0111111111111111
"Leaf185","Leaf32",0.116666666666667
"Leaf185","Leaf324",0.0388888888888889
"Leaf185","Leaf326",0.2
"Leaf185","Leaf33",0.1
"Leaf185","Leaf334",0.0611111111111111
"Leaf185","Leaf335",0.0166666666666667
"Leaf185","Leaf336",0.0111111111111111
"Leaf185","Leaf337",0.0222222222222222
"Leaf185","Leaf339",0.0166666666666667
"Leaf185","Leaf34",0.194444444444444
"Leaf185","Leaf343",0.0944444444444444
"Leaf185","Leaf344",0.15
"Leaf185","Leaf351",0.00555555555555556
"Leaf185","Leaf354",0.0222222222222222
"Leaf185","Leaf357",0.0444444444444444
"Leaf185","Leaf359",0.0111111111111111
"Leaf185","Leaf361",0.0166666666666667
"Leaf185","Leaf363",0.105555555555556
"Leaf185","Leaf369",0.05
"Leaf185","Leaf371",0.0777777777777778
"Leaf185","Leaf380",0.0722222222222222
"Leaf185","Leaf391",0.0111111111111111
"Leaf185","Leaf394",0.155555555555556
"Leaf185","Leaf396",0.211111111111111
"Leaf185","Leaf405",0.233333333333333
"Leaf185","Leaf406",0.05
"Leaf185","Leaf41",0.138888888888889
"Leaf185","Leaf412",0.116666666666667
"Leaf185","Leaf416",0.0166666666666667
"Leaf185","Leaf42",0.00555555555555556
"Leaf185","Leaf420",0.0166666666666667
"Leaf185","Leaf427",0.0555555555555556
"Leaf185","Leaf434",0.0166666666666667
"Leaf185","Leaf443",0.0333333333333333
"Leaf185","Leaf446",0.0944444444444444
"Leaf185","Leaf454",0.2
"Leaf185","Leaf456",0.0222222222222222
"Leaf185","Leaf466",0.0444444444444444
"Leaf185","Leaf49",0.111111111111111
"Leaf185","Leaf5",0.0388888888888889
"Leaf185","Leaf50",0.0444444444444444
"Leaf185","Leaf51",0.0222222222222222
"Leaf185","Leaf53",0.0111111111111111
"Leaf185","Leaf58",0.0777777777777778
"Leaf185","Leaf61",0.427777777777778
"Leaf185","Leaf62",0.0222222222222222
"Leaf185","Leaf64",0.116666666666667
"Leaf185","Leaf67",0.35
"Leaf185","Leaf68",0.0111111111111111
"Leaf185","Leaf69",0.0555555555555556
"Leaf185","Leaf70",0.144444444444444
"Leaf185","Leaf75",0.00555555555555556
"Leaf185","Leaf76",0
"Leaf185","Leaf78",0.00555555555555556
"Leaf185","Leaf82",0.0444444444444444
"Leaf185","Leaf83",0.0166666666666667
"Leaf185","Leaf85",0.0277777777777778
"Leaf185","Leaf86",0.0722222222222222
"Leaf185","Leaf87",0.0611111111111111
"Leaf185","Leaf88",0
"Leaf185","Leaf90",0.0388888888888889
"Leaf185","Leaf91",0.161111111111111
"Leaf185","Leaf99",0.0277777777777778
"Leaf187","Leaf189",0.105555555555556
"Leaf187","Leaf2",0.00555555555555556
"Leaf187","Leaf201",0.233333333333333
"Leaf187","Leaf203",0.0777777777777778
"Leaf187","Leaf208",0.0611111111111111
"Leaf187","Leaf21",0.177777777777778
"Leaf187","Leaf216",0.238888888888889
"Leaf187","Leaf220",0.0111111111111111
"Leaf187","Leaf222",0.277777777777778
"Leaf187","Leaf225",0.0222222222222222
"Leaf187","Leaf226",0
"Leaf187","Leaf231",0.188888888888889
"Leaf187","Leaf233",0.177777777777778
"Leaf187","Leaf234",0.316666666666667
"Leaf187","Leaf242",0.0111111111111111
"Leaf187","Leaf245",0.183333333333333
"Leaf187","Leaf254",0.0111111111111111
"Leaf187","Leaf257",0.0666666666666667
"Leaf187","Leaf26",0.0555555555555556
"Leaf187","Leaf261",0.205555555555556
"Leaf187","Leaf262",0.0111111111111111
"Leaf187","Leaf263",0.0555555555555556
"Leaf187","Leaf264",0.0222222222222222
"Leaf187","Leaf265",0.0611111111111111
"Leaf187","Leaf267",0.127777777777778
"Leaf187","Leaf274",0.0388888888888889
"Leaf187","Leaf28",0.138888888888889
"Leaf187","Leaf280",0.161111111111111
"Leaf187","Leaf285",0.05
"Leaf187","Leaf288",0.183333333333333
"Leaf187","Leaf289",0.0555555555555556
"Leaf187","Leaf299",0.194444444444444
"Leaf187","Leaf3",0.0777777777777778
"Leaf187","Leaf30",0.0888888888888889
"Leaf187","Leaf304",0.122222222222222
"Leaf187","Leaf306",0.0222222222222222
"Leaf187","Leaf311",0.00555555555555556
"Leaf187","Leaf313",0.0888888888888889
"Leaf187","Leaf314",0.311111111111111
"Leaf187","Leaf32",0.0277777777777778
"Leaf187","Leaf324",0.0666666666666667
"Leaf187","Leaf326",0.0833333333333333
"Leaf187","Leaf33",0.0444444444444444
"Leaf187","Leaf334",0.0777777777777778
"Leaf187","Leaf335",0.00555555555555556
"Leaf187","Leaf336",0.0833333333333333
"Leaf187","Leaf337",0.0111111111111111
"Leaf187","Leaf339",0.0222222222222222
"Leaf187","Leaf34",0.0277777777777778
"Leaf187","Leaf343",0.233333333333333
"Leaf187","Leaf344",0.238888888888889
"Leaf187","Leaf351",0.177777777777778
"Leaf187","Leaf354",0.0333333333333333
"Leaf187","Leaf357",0.05
"Leaf187","Leaf359",0.4
"Leaf187","Leaf361",0.0388888888888889
"Leaf187","Leaf363",0.0555555555555556
"Leaf187","Leaf369",0.166666666666667
"Leaf187","Leaf371",0.0555555555555556
"Leaf187","Leaf380",0.0222222222222222
"Leaf187","Leaf391",0.0888888888888889
"Leaf187","Leaf394",0.205555555555556
"Leaf187","Leaf396",0.138888888888889
"Leaf187","Leaf405",0.127777777777778
"Leaf187","Leaf406",0.155555555555556
"Leaf187","Leaf41",0.0888888888888889
"Leaf187","Leaf412",0.133333333333333
"Leaf187","Leaf416",0.422222222222222
"Leaf187","Leaf42",0.05
"Leaf187","Leaf420",0.0277777777777778
"Leaf187","Leaf427",0.0722222222222222
"Leaf187","Leaf434",0.105555555555556
"Leaf187","Leaf443",0.15
"Leaf187","Leaf446",0.261111111111111
"Leaf187","Leaf454",0.294444444444444
"Leaf187","Leaf456",0.0277777777777778
"Leaf187","Leaf466",0.255555555555556
"Leaf187","Leaf49",0.0722222222222222
"Leaf187","Leaf5",0.0333333333333333
"Leaf187","Leaf50",0.0222222222222222
"Leaf187","Leaf51",0.0388888888888889
"Leaf187","Leaf53",0.0777777777777778
"Leaf187","Leaf58",0.133333333333333
"Leaf187","Leaf61",0.0555555555555556
"Leaf187","Leaf62",0.0111111111111111
"Leaf187","Leaf64",0.0166666666666667
"Leaf187","Leaf67",0.322222222222222
"Leaf187","Leaf68",0.0222222222222222
"Leaf187","Leaf69",0.00555555555555556
"Leaf187","Leaf70",0.0888888888888889
"Leaf187","Leaf75",0.0777777777777778
"Leaf187","Leaf76",0.0277777777777778
"Leaf187","Leaf78",0.0277777777777778
"Leaf187","Leaf82",0.0388888888888889
"Leaf187","Leaf83",0
"Leaf187","Leaf85",0.0111111111111111
"Leaf187","Leaf86",0.0111111111111111
"Leaf187","Leaf87",0.166666666666667
"Leaf187","Leaf88",0.05
"Leaf187","Leaf90",0.0444444444444444
"Leaf187","Leaf91",0.0111111111111111
"Leaf187","Leaf99",0.0444444444444445
"Leaf189","Leaf2",0.0333333333333333
"Leaf189","Leaf201",0.0833333333333333
"Leaf189","Leaf203",0.0222222222222222
"Leaf189","Leaf208",0.0388888888888889
"Leaf189","Leaf21",0.133333333333333
"Leaf189","Leaf216",0.205555555555556
"Leaf189","Leaf220",0.0333333333333333
"Leaf189","Leaf222",0.0333333333333333
"Leaf189","Leaf225",0.0277777777777778
"Leaf189","Leaf226",0.0333333333333333
"Leaf189","Leaf231",0.194444444444444
"Leaf189","Leaf233",0.1
"Leaf189","Leaf234",0.238888888888889
"Leaf189","Leaf242",0.0722222222222222
"Leaf189","Leaf245",0.244444444444444
"Leaf189","Leaf254",0.0166666666666667
"Leaf189","Leaf257",0.0333333333333333
"Leaf189","Leaf26",0.0277777777777778
"Leaf189","Leaf261",0.155555555555556
"Leaf189","Leaf262",0.05
"Leaf189","Leaf263",0.0333333333333333
"Leaf189","Leaf264",0.0611111111111111
"Leaf189","Leaf265",0.0388888888888889
"Leaf189","Leaf267",0.0777777777777778
"Leaf189","Leaf274",0.0722222222222222
"Leaf189","Leaf28",0.0333333333333333
"Leaf189","Leaf280",0.0555555555555556
"Leaf189","Leaf285",0.105555555555556
"Leaf189","Leaf288",0.127777777777778
"Leaf189","Leaf289",0.0333333333333333
"Leaf189","Leaf299",0.1
"Leaf189","Leaf3",0.05
"Leaf189","Leaf30",0.127777777777778
"Leaf189","Leaf304",0.116666666666667
"Leaf189","Leaf306",0.0888888888888889
"Leaf189","Leaf311",0.0888888888888889
"Leaf189","Leaf313",0.0333333333333333
"Leaf189","Leaf314",0.0222222222222222
"Leaf189","Leaf32",0.0333333333333333
"Leaf189","Leaf324",0.0388888888888889
"Leaf189","Leaf326",0.111111111111111
"Leaf189","Leaf33",0.0333333333333333
"Leaf189","Leaf334",0.05
"Leaf189","Leaf335",0.105555555555556
"Leaf189","Leaf336",0.0722222222222222
"Leaf189","Leaf337",0.0444444444444444
"Leaf189","Leaf339",0.0222222222222222
"Leaf189","Leaf34",0.0777777777777778
"Leaf189","Leaf343",0.161111111111111
"Leaf189","Leaf344",0.111111111111111
"Leaf189","Leaf351",0.0277777777777778
"Leaf189","Leaf354",0.0444444444444444
"Leaf189","Leaf357",0.0555555555555556
"Leaf189","Leaf359",0.111111111111111
"Leaf189","Leaf361",0.0166666666666667
"Leaf189","Leaf363",0.1
"Leaf189","Leaf369",0.0777777777777778
"Leaf189","Leaf371",0.05
"Leaf189","Leaf380",0.111111111111111
"Leaf189","Leaf391",0.0666666666666667
"Leaf189","Leaf394",0.177777777777778
"Leaf189","Leaf396",0.116666666666667
"Leaf189","Leaf405",0.0388888888888889
"Leaf189","Leaf406",0.105555555555556
"Leaf189","Leaf41",0.0944444444444444
"Leaf189","Leaf412",0.155555555555556
"Leaf189","Leaf416",0.1
"Leaf189","Leaf42",0.0944444444444444
"Leaf189","Leaf420",0.0166666666666667
"Leaf189","Leaf427",0.138888888888889
"Leaf189","Leaf434",0.25
"Leaf189","Leaf443",0.0333333333333333
"Leaf189","Leaf446",0.138888888888889
"Leaf189","Leaf454",0.238888888888889
"Leaf189","Leaf456",0.0277777777777778
"Leaf189","Leaf466",0.211111111111111
"Leaf189","Leaf49",0.127777777777778
"Leaf189","Leaf5",0.0222222222222222
"Leaf189","Leaf50",0.0222222222222222
"Leaf189","Leaf51",0.0277777777777778
"Leaf189","Leaf53",0.0777777777777778
"Leaf189","Leaf58",0.05
"Leaf189","Leaf61",0.172222222222222
"Leaf189","Leaf62",0.216666666666667
"Leaf189","Leaf64",0.0333333333333333
"Leaf189","Leaf67",0.216666666666667
"Leaf189","Leaf68",0.127777777777778
"Leaf189","Leaf69",0.0444444444444444
"Leaf189","Leaf70",0.111111111111111
"Leaf189","Leaf75",0.1
"Leaf189","Leaf76",0.0888888888888889
"Leaf189","Leaf78",0.0222222222222222
"Leaf189","Leaf82",0.0277777777777778
"Leaf189","Leaf83",0.0166666666666667
"Leaf189","Leaf85",0.0277777777777778
"Leaf189","Leaf86",0.0333333333333333
"Leaf189","Leaf87",0.127777777777778
"Leaf189","Leaf88",0.0611111111111111
"Leaf189","Leaf90",0.111111111111111
"Leaf189","Leaf91",0.0555555555555556
"Leaf189","Leaf99",0.0888888888888889
"Leaf2","Leaf201",0.0111111111111111
"Leaf2","Leaf203",0.0166666666666667
"Leaf2","Leaf208",0
"Leaf2","Leaf21",0.0555555555555556
"Leaf2","Leaf216",0.0888888888888889
"Leaf2","Leaf220",0.227777777777778
"Leaf2","Leaf222",0.00555555555555556
"Leaf2","Leaf225",0.00555555555555556
"Leaf2","Leaf226",0.0111111111111111
"Leaf2","Leaf231",0.0833333333333333
"Leaf2","Leaf233",0.0166666666666667
"Leaf2","Leaf234",0.1
"Leaf2","Leaf242",0.0333333333333333
"Leaf2","Leaf245",0.0388888888888889
"Leaf2","Leaf254",0.00555555555555556
"Leaf2","Leaf257",0
"Leaf2","Leaf26",0.00555555555555556
"Leaf2","Leaf261",0.0666666666666667
"Leaf2","Leaf262",0.355555555555555
"Leaf2","Leaf263",0.0111111111111111
"Leaf2","Leaf264",0
"Leaf2","Leaf265",0
"Leaf2","Leaf267",0.05
"Leaf2","Leaf274",0
"Leaf2","Leaf28",0
"Leaf2","Leaf280",0
"Leaf2","Leaf285",0.0444444444444444
"Leaf2","Leaf288",0.0555555555555556
"Leaf2","Leaf289",0.0333333333333333
"Leaf2","Leaf299",0.133333333333333
"Leaf2","Leaf3",0.0166666666666667
"Leaf2","Leaf30",0.0722222222222222
"Leaf2","Leaf304",0.0611111111111111
"Leaf2","Leaf306",0.0611111111111111
"Leaf2","Leaf311",0.0166666666666667
"Leaf2","Leaf313",0
"Leaf2","Leaf314",0
"Leaf2","Leaf32",0.0111111111111111
"Leaf2","Leaf324",0.0166666666666667
"Leaf2","Leaf326",0.0222222222222222
"Leaf2","Leaf33",0.0555555555555556
"Leaf2","Leaf334",0.0222222222222222
"Leaf2","Leaf335",0.0666666666666667
"Leaf2","Leaf336",0.00555555555555556
"Leaf2","Leaf337",0
"Leaf2","Leaf339",0
"Leaf2","Leaf34",0.00555555555555556
"Leaf2","Leaf343",0.0555555555555556
"Leaf2","Leaf344",0.05
"Leaf2","Leaf351",0.0111111111111111
"Leaf2","Leaf354",0.0111111111111111
"Leaf2","Leaf357",0.0333333333333333
"Leaf2","Leaf359",0.05
"Leaf2","Leaf361",0.00555555555555556
"Leaf2","Leaf363",0.0222222222222222
"Leaf2","Leaf369",0.0277777777777778
"Leaf2","Leaf371",0.0333333333333333
"Leaf2","Leaf380",0.3
"Leaf2","Leaf391",0.205555555555556
"Leaf2","Leaf394",0.0722222222222222
"Leaf2","Leaf396",0.0222222222222222
"Leaf2","Leaf405",0.00555555555555556
"Leaf2","Leaf406",0.0222222222222222
"Leaf2","Leaf41",0.0944444444444444
"Leaf2","Leaf412",0.0944444444444444
"Leaf2","Leaf416",0.0666666666666667
"Leaf2","Leaf42",0.0611111111111111
"Leaf2","Leaf420",0
"Leaf2","Leaf427",0.261111111111111
"Leaf2","Leaf434",0
"Leaf2","Leaf443",0.0333333333333333
"Leaf2","Leaf446",0.0722222222222222
"Leaf2","Leaf454",0.138888888888889
"Leaf2","Leaf456",0.00555555555555556
"Leaf2","Leaf466",0.00555555555555556
"Leaf2","Leaf49",0.0555555555555556
"Leaf2","Leaf5",0.233333333333333
"Leaf2","Leaf50",0.00555555555555556
"Leaf2","Leaf51",0.0111111111111111
"Leaf2","Leaf53",0.0222222222222222
"Leaf2","Leaf58",0.00555555555555556
"Leaf2","Leaf61",0.472222222222222
"Leaf2","Leaf62",0.00555555555555556
"Leaf2","Leaf64",0
"Leaf2","Leaf67",0.0333333333333333
"Leaf2","Leaf68",0.0222222222222222
"Leaf2","Leaf69",0.00555555555555556
"Leaf2","Leaf70",0.0333333333333333
"Leaf2","Leaf75",0.00555555555555556
"Leaf2","Leaf76",0.183333333333333
"Leaf2","Leaf78",0
"Leaf2","Leaf82",0.00555555555555556
"Leaf2","Leaf83",0
"Leaf2","Leaf85",0.0277777777777778
"Leaf2","Leaf86",0.0722222222222222
"Leaf2","Leaf87",0.00555555555555556
"Leaf2","Leaf88",0.0666666666666667
"Leaf2","Leaf90",0.0388888888888889
"Leaf2","Leaf91",0.00555555555555556
"Leaf2","Leaf99",0.255555555555556
"Leaf201","Leaf203",0.0222222222222222
"Leaf201","Leaf208",0.0111111111111111
"Leaf201","Leaf21",0.1
"Leaf201","Leaf216",0.1
"Leaf201","Leaf220",0.0166666666666667
"Leaf201","Leaf222",0.0222222222222222
"Leaf201","Leaf225",0.0166666666666667
"Leaf201","Leaf226",0.0111111111111111
"Leaf201","Leaf231",0.0722222222222222
"Leaf201","Leaf233",0.111111111111111
"Leaf201","Leaf234",0.127777777777778
"Leaf201","Leaf242",0.0333333333333333
"Leaf201","Leaf245",0.0333333333333333
"Leaf201","Leaf254",0.0111111111111111
"Leaf201","Leaf257",0.35
"Leaf201","Leaf26",0.0111111111111111
"Leaf201","Leaf261",0.1
"Leaf201","Leaf262",0.0777777777777778
"Leaf201","Leaf263",0.244444444444444
"Leaf201","Leaf264",0.183333333333333
"Leaf201","Leaf265",0.0222222222222222
"Leaf201","Leaf267",0.0555555555555556
"Leaf201","Leaf274",0.0166666666666667
"Leaf201","Leaf28",0.0111111111111111
"Leaf201","Leaf280",0.0111111111111111
"Leaf201","Leaf285",0.0333333333333333
"Leaf201","Leaf288",0.0611111111111111
"Leaf201","Leaf289",0.0277777777777778
"Leaf201","Leaf299",0.127777777777778
"Leaf201","Leaf3",0.0277777777777778
"Leaf201","Leaf30",0.0722222222222222
"Leaf201","Leaf304",0.0722222222222222
"Leaf201","Leaf306",0.0555555555555556
"Leaf201","Leaf311",0.0666666666666667
"Leaf201","Leaf313",0.238888888888889
"Leaf201","Leaf314",0.0111111111111111
"Leaf201","Leaf32",0.0111111111111111
"Leaf201","Leaf324",0.0166666666666667
"Leaf201","Leaf326",0.0444444444444444
"Leaf201","Leaf33",0.233333333333333
"Leaf201","Leaf334",0.361111111111111
"Leaf201","Leaf335",0.0277777777777778
"Leaf201","Leaf336",0.0111111111111111
"Leaf201","Leaf337",0.0166666666666667
"Leaf201","Leaf339",0.227777777777778
"Leaf201","Leaf34",0.0222222222222222
"Leaf201","Leaf343",0.0555555555555556
"Leaf201","Leaf344",0.05
"Leaf201","Leaf351",0.0166666666666667
"Leaf201","Leaf354",0.0111111111111111
"Leaf201","Leaf357",0.0388888888888889
"Leaf201","Leaf359",0.0388888888888889
"Leaf201","Leaf361",0.0222222222222222
"Leaf201","Leaf363",0.0333333333333333
"Leaf201","Leaf369",0.0444444444444444
"Leaf201","Leaf371",0.0388888888888889
"Leaf201","Leaf380",0.0333333333333333
"Leaf201","Leaf391",0.155555555555556
"Leaf201","Leaf394",0.0944444444444444
"Leaf201","Leaf396",0.0444444444444444
"Leaf201","Leaf405",0.238888888888889
"Leaf201","Leaf406",0.05
"Leaf201","Leaf41",0.0722222222222222
"Leaf201","Leaf412",0.122222222222222
"Leaf201","Leaf416",0.0888888888888889
"Leaf201","Leaf42",0.0888888888888889
"Leaf201","Leaf420",0.0111111111111111
"Leaf201","Leaf427",0.0111111111111111
"Leaf201","Leaf434",0.0111111111111111
"Leaf201","Leaf443",0.0166666666666667
"Leaf201","Leaf446",0.1
"Leaf201","Leaf454",0.144444444444444
"Leaf201","Leaf456",0.0166666666666667
"Leaf201","Leaf466",0.05
"Leaf201","Leaf49",0.0555555555555556
"Leaf201","Leaf5",0.2
"Leaf201","Leaf50",0.0111111111111111
"Leaf201","Leaf51",0.0111111111111111
"Leaf201","Leaf53",0.0111111111111111
"Leaf201","Leaf58",0.0111111111111111
"Leaf201","Leaf61",0.0388888888888889
"Leaf201","Leaf62",0.0555555555555556
"Leaf201","Leaf64",0.0166666666666667
"Leaf201","Leaf67",0.0333333333333333
"Leaf201","Leaf68",0.0611111111111111
"Leaf201","Leaf69",0.0166666666666667
"Leaf201","Leaf70",0.0611111111111111
"Leaf201","Leaf75",0.0277777777777778
"Leaf201","Leaf76",0.144444444444444
"Leaf201","Leaf78",0.0111111111111111
"Leaf201","Leaf82",0.0111111111111111
"Leaf201","Leaf83",0.0833333333333333
"Leaf201","Leaf85",0.0111111111111111
"Leaf201","Leaf86",0.05
"Leaf201","Leaf87",0.0277777777777778
"Leaf201","Leaf88",0.05
"Leaf201","Leaf90",0.05
"Leaf201","Leaf91",0.0277777777777778
"Leaf201","Leaf99",0.111111111111111
"Leaf203","Leaf208",0.0166666666666667
"Leaf203","Leaf21",0.0611111111111111
"Leaf203","Leaf216",0.0888888888888889
"Leaf203","Leaf220",0.0444444444444444
"Leaf203","Leaf222",0.0111111111111111
"Leaf203","Leaf225",0.355555555555555
"Leaf203","Leaf226",0.0166666666666667
"Leaf203","Leaf231",0.0444444444444444
"Leaf203","Leaf233",0.155555555555556
"Leaf203","Leaf234",0.0888888888888889
"Leaf203","Leaf242",0.0388888888888889
"Leaf203","Leaf245",0.0166666666666667
"Leaf203","Leaf254",0.0111111111111111
"Leaf203","Leaf257",0.0444444444444444
"Leaf203","Leaf26",0.0333333333333333
"Leaf203","Leaf261",0.0833333333333333
"Leaf203","Leaf262",0.0777777777777778
"Leaf203","Leaf263",0.05
"Leaf203","Leaf264",0.122222222222222
"Leaf203","Leaf265",0.0222222222222222
"Leaf203","Leaf267",0.0833333333333333
"Leaf203","Leaf274",0
"Leaf203","Leaf28",0.0111111111111111
"Leaf203","Leaf280",0.1
"Leaf203","Leaf285",0.0111111111111111
"Leaf203","Leaf288",0.0444444444444444
"Leaf203","Leaf289",0.00555555555555556
"Leaf203","Leaf299",0.0833333333333333
"Leaf203","Leaf3",0.0111111111111111
"Leaf203","Leaf30",0.261111111111111
"Leaf203","Leaf304",0.0555555555555556
"Leaf203","Leaf306",0
"Leaf203","Leaf311",0.127777777777778
"Leaf203","Leaf313",0.0111111111111111
"Leaf203","Leaf314",0.0444444444444444
"Leaf203","Leaf32",0
"Leaf203","Leaf324",0.00555555555555556
"Leaf203","Leaf326",0.0166666666666667
"Leaf203","Leaf33",0.0111111111111111
"Leaf203","Leaf334",0.0333333333333333
"Leaf203","Leaf335",0
"Leaf203","Leaf336",0.144444444444444
"Leaf203","Leaf337",0.0111111111111111
"Leaf203","Leaf339",0
"Leaf203","Leaf34",0.0833333333333333
"Leaf203","Leaf343",0.0333333333333333
"Leaf203","Leaf344",0.211111111111111
"Leaf203","Leaf351",0.194444444444444
"Leaf203","Leaf354",0.00555555555555556
"Leaf203","Leaf357",0.0166666666666667
"Leaf203","Leaf359",0.0222222222222222
"Leaf203","Leaf361",0.0888888888888889
"Leaf203","Leaf363",0.0388888888888889
"Leaf203","Leaf369",0.0888888888888889
"Leaf203","Leaf371",0.0166666666666667
"Leaf203","Leaf380",0.0333333333333333
"Leaf203","Leaf391",0.05
"Leaf203","Leaf394",0.0777777777777778
"Leaf203","Leaf396",0.0166666666666667
"Leaf203","Leaf405",0.0111111111111111
"Leaf203","Leaf406",0.183333333333333
"Leaf203","Leaf41",0.0111111111111111
"Leaf203","Leaf412",0.122222222222222
"Leaf203","Leaf416",0.205555555555556
"Leaf203","Leaf42",0.233333333333333
"Leaf203","Leaf420",0
"Leaf203","Leaf427",0
"Leaf203","Leaf434",0.0555555555555556
"Leaf203","Leaf443",0.0166666666666667
"Leaf203","Leaf446",0.0666666666666667
"Leaf203","Leaf454",0.111111111111111
"Leaf203","Leaf456",0.15
"Leaf203","Leaf466",0.0166666666666667
"Leaf203","Leaf49",0.0444444444444444
"Leaf203","Leaf5",0.00555555555555556
"Leaf203","Leaf50",0.0277777777777778
"Leaf203","Leaf51",0
"Leaf203","Leaf53",0
"Leaf203","Leaf58",0
"Leaf203","Leaf61",0.127777777777778
"Leaf203","Leaf62",0.0111111111111111
"Leaf203","Leaf64",0
"Leaf203","Leaf67",0.00555555555555556
"Leaf203","Leaf68",0.2
"Leaf203","Leaf69",0.15
"Leaf203","Leaf70",0.05
"Leaf203","Leaf75",0.188888888888889
"Leaf203","Leaf76",0.0555555555555556
"Leaf203","Leaf78",0.0111111111111111
"Leaf203","Leaf82",0.0722222222222222
"Leaf203","Leaf83",0.116666666666667
"Leaf203","Leaf85",0.0166666666666667
"Leaf203","Leaf86",0.0944444444444444
"Leaf203","Leaf87",0.283333333333333
"Leaf203","Leaf88",0.0333333333333333
"Leaf203","Leaf90",0.0166666666666667
"Leaf203","Leaf91",0.0166666666666667
"Leaf203","Leaf99",0.0333333333333333
"Leaf208","Leaf21",0.0722222222222222
"Leaf208","Leaf216",0.116666666666667
"Leaf208","Leaf220",0.0444444444444444
"Leaf208","Leaf222",0.00555555555555556
"Leaf208","Leaf225",0
"Leaf208","Leaf226",0
"Leaf208","Leaf231",0.0722222222222222
"Leaf208","Leaf233",0.05
"Leaf208","Leaf234",0.127777777777778
"Leaf208","Leaf242",0.383333333333333
"Leaf208","Leaf245",0.0666666666666667
"Leaf208","Leaf254",0
"Leaf208","Leaf257",0.00555555555555556
"Leaf208","Leaf26",0.00555555555555556
"Leaf208","Leaf261",0.0666666666666667
"Leaf208","Leaf262",0.15
"Leaf208","Leaf263",0
"Leaf208","Leaf264",0.0111111111111111
"Leaf208","Leaf265",0.00555555555555556
"Leaf208","Leaf267",0.0555555555555556
"Leaf208","Leaf274",0.0222222222222222
"Leaf208","Leaf28",0.411111111111111
"Leaf208","Leaf280",0.0111111111111111
"Leaf208","Leaf285",0.0166666666666667
"Leaf208","Leaf288",0.0555555555555556
"Leaf208","Leaf289",0.0444444444444444
"Leaf208","Leaf299",0.0666666666666667
"Leaf208","Leaf3",0.0111111111111111
"Leaf208","Leaf30",0.0777777777777778
"Leaf208","Leaf304",0.0722222222222222
"Leaf208","Leaf306",0.0888888888888889
"Leaf208","Leaf311",0.155555555555556
"Leaf208","Leaf313",0.00555555555555556
"Leaf208","Leaf314",0.00555555555555556
"Leaf208","Leaf32",0.00555555555555556
"Leaf208","Leaf324",0.0111111111111111
"Leaf208","Leaf326",0.0333333333333333
"Leaf208","Leaf33",0.05
"Leaf208","Leaf334",0.0222222222222222
"Leaf208","Leaf335",0.0333333333333333
"Leaf208","Leaf336",0.0111111111111111
"Leaf208","Leaf337",0.00555555555555556
"Leaf208","Leaf339",0.00555555555555556
"Leaf208","Leaf34",0.00555555555555556
"Leaf208","Leaf343",0.05
"Leaf208","Leaf344",0.0555555555555556
"Leaf208","Leaf351",0.138888888888889
"Leaf208","Leaf354",0.0111111111111111
"Leaf208","Leaf357",0.00555555555555556
"Leaf208","Leaf359",0.0333333333333333
"Leaf208","Leaf361",0.0111111111111111
"Leaf208","Leaf363",0.0666666666666667
"Leaf208","Leaf369",0.261111111111111
"Leaf208","Leaf371",0
"Leaf208","Leaf380",0.0111111111111111
"Leaf208","Leaf391",0.0166666666666667
"Leaf208","Leaf394",0.0833333333333333
"Leaf208","Leaf396",0.0333333333333333
"Leaf208","Leaf405",0.0111111111111111
"Leaf208","Leaf406",0.0333333333333333
"Leaf208","Leaf41",0.0277777777777778
"Leaf208","Leaf412",0.122222222222222
"Leaf208","Leaf416",0.0666666666666667
"Leaf208","Leaf42",0.0333333333333333
"Leaf208","Leaf420",0
"Leaf208","Leaf427",0.0277777777777778
"Leaf208","Leaf434",0.0722222222222222
"Leaf208","Leaf443",0.0111111111111111
"Leaf208","Leaf446",0.0777777777777778
"Leaf208","Leaf454",0.138888888888889
"Leaf208","Leaf456",0.00555555555555556
"Leaf208","Leaf466",0.0222222222222222
"Leaf208","Leaf49",0.0444444444444444
"Leaf208","Leaf5",0
"Leaf208","Leaf50",0
"Leaf208","Leaf51",0.0111111111111111
"Leaf208","Leaf53",0.00555555555555556
"Leaf208","Leaf58",0.0111111111111111
"Leaf208","Leaf61",0.00555555555555556
"Leaf208","Leaf62",0.0388888888888889
"Leaf208","Leaf64",0.0111111111111111
"Leaf208","Leaf67",0.144444444444444
"Leaf208","Leaf68",0.0833333333333333
"Leaf208","Leaf69",0.0166666666666667
"Leaf208","Leaf70",0.0555555555555556
"Leaf208","Leaf75",0.0111111111111111
"Leaf208","Leaf76",0.0611111111111111
"Leaf208","Leaf78",0
"Leaf208","Leaf82",0
"Leaf208","Leaf83",0.177777777777778
"Leaf208","Leaf85",0.177777777777778
"Leaf208","Leaf86",0.0166666666666667
"Leaf208","Leaf87",0.05
"Leaf208","Leaf88",0.00555555555555556
"Leaf208","Leaf90",0.00555555555555556
"Leaf208","Leaf91",0.0166666666666667
"Leaf208","Leaf99",0.0833333333333333
"Leaf21","Leaf216",0.166666666666667
"Leaf21","Leaf220",0.105555555555556
"Leaf21","Leaf222",0.05
"Leaf21","Leaf225",0.0666666666666667
"Leaf21","Leaf226",0.0555555555555556
"Leaf21","Leaf231",0.177777777777778
"Leaf21","Leaf233",0.116666666666667
"Leaf21","Leaf234",0.161111111111111
"Leaf21","Leaf242",0.133333333333333
"Leaf21","Leaf245",0.0666666666666667
"Leaf21","Leaf254",0.0555555555555556
"Leaf21","Leaf257",0.233333333333333
"Leaf21","Leaf26",0.0555555555555556
"Leaf21","Leaf261",0.172222222222222
"Leaf21","Leaf262",0.138888888888889
"Leaf21","Leaf263",0.0611111111111111
"Leaf21","Leaf264",0.0611111111111111
"Leaf21","Leaf265",0.0611111111111111
"Leaf21","Leaf267",0.0944444444444444
"Leaf21","Leaf274",0.0777777777777778
"Leaf21","Leaf28",0.0722222222222222
"Leaf21","Leaf280",0.0722222222222222
"Leaf21","Leaf285",0.127777777777778
"Leaf21","Leaf288",0.4
"Leaf21","Leaf289",0.111111111111111
"Leaf21","Leaf299",0.0944444444444444
"Leaf21","Leaf3",0.0888888888888889
"Leaf21","Leaf30",0.133333333333333
"Leaf21","Leaf304",0.133333333333333
"Leaf21","Leaf306",0.0555555555555556
"Leaf21","Leaf311",0.0888888888888889
"Leaf21","Leaf313",0.127777777777778
"Leaf21","Leaf314",0.0666666666666667
"Leaf21","Leaf32",0.0555555555555556
"Leaf21","Leaf324",0.0555555555555556
"Leaf21","Leaf326",0.0611111111111111
"Leaf21","Leaf33",0.111111111111111
"Leaf21","Leaf334",0.0777777777777778
"Leaf21","Leaf335",0.0611111111111111
"Leaf21","Leaf336",0.0944444444444444
"Leaf21","Leaf337",0.0666666666666667
"Leaf21","Leaf339",0.0611111111111111
"Leaf21","Leaf34",0.0722222222222222
"Leaf21","Leaf343",0.15
"Leaf21","Leaf344",0.355555555555556
"Leaf21","Leaf351",0.0555555555555556
"Leaf21","Leaf354",0.0611111111111111
"Leaf21","Leaf357",0.122222222222222
"Leaf21","Leaf359",0.111111111111111
"Leaf21","Leaf361",0.0666666666666667
"Leaf21","Leaf363",0.133333333333333
"Leaf21","Leaf369",0.0944444444444444
"Leaf21","Leaf371",0.0722222222222222
"Leaf21","Leaf380",0.0888888888888889
"Leaf21","Leaf391",0.0722222222222222
"Leaf21","Leaf394",0.161111111111111
"Leaf21","Leaf396",0.0833333333333333
"Leaf21","Leaf405",0.1
"Leaf21","Leaf406",0.105555555555556
"Leaf21","Leaf41",0.216666666666667
"Leaf21","Leaf412",0.183333333333333
"Leaf21","Leaf416",0.105555555555556
"Leaf21","Leaf42",0.0722222222222222
"Leaf21","Leaf420",0.0611111111111111
"Leaf21","Leaf427",0.0777777777777778
"Leaf21","Leaf434",0.0611111111111111
"Leaf21","Leaf443",0.0777777777777778
"Leaf21","Leaf446",0.166666666666667
"Leaf21","Leaf454",0.194444444444444
"Leaf21","Leaf456",0.0555555555555556
"Leaf21","Leaf466",0.105555555555556
"Leaf21","Leaf49",0.0888888888888889
"Leaf21","Leaf5",0.0555555555555556
"Leaf21","Leaf50",0.05
"Leaf21","Leaf51",0.05
"Leaf21","Leaf53",0.0555555555555556
"Leaf21","Leaf58",0.0722222222222222
"Leaf21","Leaf61",0.15
"Leaf21","Leaf62",0.0611111111111111
"Leaf21","Leaf64",0.0666666666666667
"Leaf21","Leaf67",0.172222222222222
"Leaf21","Leaf68",0.2
"Leaf21","Leaf69",0.0611111111111111
"Leaf21","Leaf70",0.111111111111111
"Leaf21","Leaf75",0.0944444444444444
"Leaf21","Leaf76",0.105555555555556
"Leaf21","Leaf78",0.0555555555555556
"Leaf21","Leaf82",0.0666666666666667
"Leaf21","Leaf83",0.0611111111111111
"Leaf21","Leaf85",0.25
"Leaf21","Leaf86",0.0777777777777778
"Leaf21","Leaf87",0.205555555555556
"Leaf21","Leaf88",0.0722222222222222
"Leaf21","Leaf90",0.0888888888888889
"Leaf21","Leaf91",0.0611111111111111
"Leaf21","Leaf99",0.1
"Leaf216","Leaf220",0.1
"Leaf216","Leaf222",0.0777777777777778
"Leaf216","Leaf225",0.0777777777777778
"Leaf216","Leaf226",0.0722222222222222
"Leaf216","Leaf231",0.177777777777778
"Leaf216","Leaf233",0.0888888888888889
"Leaf216","Leaf234",0.244444444444444
"Leaf216","Leaf242",0.105555555555556
"Leaf216","Leaf245",0.116666666666667
"Leaf216","Leaf254",0.294444444444444
"Leaf216","Leaf257",0.0777777777777778
"Leaf216","Leaf26",0.0833333333333333
"Leaf216","Leaf261",0.172222222222222
"Leaf216","Leaf262",0.0944444444444444
"Leaf216","Leaf263",0.0833333333333333
"Leaf216","Leaf264",0.127777777777778
"Leaf216","Leaf265",0.0722222222222222
"Leaf216","Leaf267",0.161111111111111
"Leaf216","Leaf274",0.105555555555556
"Leaf216","Leaf28",0.0833333333333333
"Leaf216","Leaf280",0.0777777777777778
"Leaf216","Leaf285",0.0777777777777778
"Leaf216","Leaf288",0.177777777777778
"Leaf216","Leaf289",0.1
"Leaf216","Leaf299",0.122222222222222
"Leaf216","Leaf3",0.116666666666667
"Leaf216","Leaf30",0.133333333333333
"Leaf216","Leaf304",0.161111111111111
"Leaf216","Leaf306",0.122222222222222
"Leaf216","Leaf311",0.122222222222222
"Leaf216","Leaf313",0.0722222222222222
"Leaf216","Leaf314",0.0777777777777778
"Leaf216","Leaf32",0.0777777777777778
"Leaf216","Leaf324",0.0888888888888889
"Leaf216","Leaf326",0.166666666666667
"Leaf216","Leaf33",0.238888888888889
"Leaf216","Leaf334",0.1
"Leaf216","Leaf335",0.1
"Leaf216","Leaf336",0.116666666666667
"Leaf216","Leaf337",0.0888888888888889
"Leaf216","Leaf339",0.0722222222222222
"Leaf216","Leaf34",0.0888888888888889
"Leaf216","Leaf343",0.177777777777778
"Leaf216","Leaf344",0.161111111111111
"Leaf216","Leaf351",0.0777777777777778
"Leaf216","Leaf354",0.0888888888888889
"Leaf216","Leaf357",0.111111111111111
"Leaf216","Leaf359",0.144444444444444
"Leaf216","Leaf361",0.0722222222222222
"Leaf216","Leaf363",0.133333333333333
"Leaf216","Leaf369",0.1
"Leaf216","Leaf371",0.138888888888889
"Leaf216","Leaf380",0.1
"Leaf216","Leaf391",0.0888888888888889
"Leaf216","Leaf394",0.183333333333333
"Leaf216","Leaf396",0.127777777777778
"Leaf216","Leaf405",0.0777777777777778
"Leaf216","Leaf406",0.155555555555556
"Leaf216","Leaf41",0.155555555555556
"Leaf216","Leaf412",0.2
"Leaf216","Leaf416",0.144444444444444
"Leaf216","Leaf42",0.116666666666667
"Leaf216","Leaf420",0.0722222222222222
"Leaf216","Leaf427",0.188888888888889
"Leaf216","Leaf434",0.0888888888888889
"Leaf216","Leaf443",0.0833333333333333
"Leaf216","Leaf446",0.183333333333333
"Leaf216","Leaf454",0.311111111111111
"Leaf216","Leaf456",0.0722222222222222
"Leaf216","Leaf466",0.2
"Leaf216","Leaf49",0.133333333333333
"Leaf216","Leaf5",0.0722222222222222
"Leaf216","Leaf50",0.0777777777777778
"Leaf216","Leaf51",0.0944444444444444
"Leaf216","Leaf53",0.0833333333333333
"Leaf216","Leaf58",0.0833333333333333
"Leaf216","Leaf61",0.127777777777778
"Leaf216","Leaf62",0.216666666666667
"Leaf216","Leaf64",0.0722222222222222
"Leaf216","Leaf67",0.1
"Leaf216","Leaf68",0.166666666666667
"Leaf216","Leaf69",0.1
"Leaf216","Leaf70",0.183333333333333
"Leaf216","Leaf75",0.122222222222222
"Leaf216","Leaf76",0.166666666666667
"Leaf216","Leaf78",0.0777777777777778
"Leaf216","Leaf82",0.0833333333333333
"Leaf216","Leaf83",0.0777777777777778
"Leaf216","Leaf85",0.0833333333333333
"Leaf216","Leaf86",0.0777777777777778
"Leaf216","Leaf87",0.138888888888889
"Leaf216","Leaf88",0.0722222222222222
"Leaf216","Leaf90",0.133333333333333
"Leaf216","Leaf91",0.0833333333333333
"Leaf216","Leaf99",0.116666666666667
"Leaf220","Leaf222",0.0111111111111111
"Leaf220","Leaf225",0.0277777777777778
"Leaf220","Leaf226",0.00555555555555556
"Leaf220","Leaf231",0.361111111111111
"Leaf220","Leaf233",0.0388888888888889
"Leaf220","Leaf234",0.166666666666667
"Leaf220","Leaf242",0.0388888888888889
"Leaf220","Leaf245",0.177777777777778
"Leaf220","Leaf254",0.00555555555555556
"Leaf220","Leaf257",0.0222222222222222
"Leaf220","Leaf26",0.00555555555555556
"Leaf220","Leaf261",0.0888888888888889
"Leaf220","Leaf262",0.261111111111111
"Leaf220","Leaf263",0.0111111111111111
"Leaf220","Leaf264",0.0333333333333333
"Leaf220","Leaf265",0.244444444444444
"Leaf220","Leaf267",0.0944444444444444
"Leaf220","Leaf274",0.0277777777777778
"Leaf220","Leaf28",0.0333333333333333
"Leaf220","Leaf280",0.05
"Leaf220","Leaf285",0.25
"Leaf220","Leaf288",0.0555555555555556
"Leaf220","Leaf289",0.0111111111111111
"Leaf220","Leaf299",0.255555555555556
"Leaf220","Leaf3",0.0388888888888889
"Leaf220","Leaf30",0.238888888888889
"Leaf220","Leaf304",0.138888888888889
"Leaf220","Leaf306",0.0166666666666667
"Leaf220","Leaf311",0.0388888888888889
"Leaf220","Leaf313",0.0888888888888889
"Leaf220","Leaf314",0.00555555555555556
"Leaf220","Leaf32",0.05
"Leaf220","Leaf324",0.00555555555555556
"Leaf220","Leaf326",0.0277777777777778
"Leaf220","Leaf33",0.172222222222222
"Leaf220","Leaf334",0.0222222222222222
"Leaf220","Leaf335",0
"Leaf220","Leaf336",0.00555555555555556
"Leaf220","Leaf337",0.0222222222222222
"Leaf220","Leaf339",0.0166666666666667
"Leaf220","Leaf34",0.0555555555555556
"Leaf220","Leaf343",0.133333333333333
"Leaf220","Leaf344",0.0666666666666667
"Leaf220","Leaf351",0.15
"Leaf220","Leaf354",0.0611111111111111
"Leaf220","Leaf357",0.0166666666666667
"Leaf220","Leaf359",0
"Leaf220","Leaf361",0.0166666666666667
"Leaf220","Leaf363",0.105555555555556
"Leaf220","Leaf369",0.155555555555556
"Leaf220","Leaf371",0.805555555555556
"Leaf220","Leaf380",0.0722222222222222
"Leaf220","Leaf391",0.0888888888888889
"Leaf220","Leaf394",0.177777777777778
"Leaf220","Leaf396",0.0611111111111111
"Leaf220","Leaf405",0.216666666666667
"Leaf220","Leaf406",0.111111111111111
"Leaf220","Leaf41",0.144444444444444
"Leaf220","Leaf412",0.216666666666667
"Leaf220","Leaf416",0.5
"Leaf220","Leaf42",0.0777777777777778
"Leaf220","Leaf420",0.0611111111111111
"Leaf220","Leaf427",0.111111111111111
"Leaf220","Leaf434",0.0166666666666667
"Leaf220","Leaf443",0.227777777777778
"Leaf220","Leaf446",0.0777777777777778
"Leaf220","Leaf454",0.144444444444444
"Leaf220","Leaf456",0.0166666666666667
"Leaf220","Leaf466",0.0388888888888889
"Leaf220","Leaf49",0.0444444444444444
"Leaf220","Leaf5",0.0444444444444444
"Leaf220","Leaf50",0.0111111111111111
"Leaf220","Leaf51",0.00555555555555556
"Leaf220","Leaf53",0.0111111111111111
"Leaf220","Leaf58",0.0222222222222222
"Leaf220","Leaf61",0.766666666666667
"Leaf220","Leaf62",0
"Leaf220","Leaf64",0.0333333333333333
"Leaf220","Leaf67",0.472222222222222
"Leaf220","Leaf68",0.216666666666667
"Leaf220","Leaf69",0.0333333333333333
"Leaf220","Leaf70",0.1
"Leaf220","Leaf75",0.0166666666666667
"Leaf220","Leaf76",0.261111111111111
"Leaf220","Leaf78",0.0777777777777778
"Leaf220","Leaf82",0.0722222222222222
"Leaf220","Leaf83",0.0555555555555556
"Leaf220","Leaf85",0.0833333333333333
"Leaf220","Leaf86",0.00555555555555556
"Leaf220","Leaf87",0.0277777777777778
"Leaf220","Leaf88",0.3
"Leaf220","Leaf90",0.144444444444444
"Leaf220","Leaf91",0.0277777777777778
"Leaf220","Leaf99",0.0555555555555556
"Leaf222","Leaf225",0.00555555555555556
"Leaf222","Leaf226",0
"Leaf222","Leaf231",0.0555555555555556
"Leaf222","Leaf233",0.0111111111111111
"Leaf222","Leaf234",0.0888888888888889
"Leaf222","Leaf242",0.0111111111111111
"Leaf222","Leaf245",0.00555555555555556
"Leaf222","Leaf254",0
"Leaf222","Leaf257",0.0166666666666667
"Leaf222","Leaf26",0.205555555555556
"Leaf222","Leaf261",0.0833333333333333
"Leaf222","Leaf262",0.0777777777777778
"Leaf222","Leaf263",0.111111111111111
"Leaf222","Leaf264",0.00555555555555556
"Leaf222","Leaf265",0
"Leaf222","Leaf267",0.05
"Leaf222","Leaf274",0.0111111111111111
"Leaf222","Leaf28",0
"Leaf222","Leaf280",0.00555555555555556
"Leaf222","Leaf285",0.0333333333333333
"Leaf222","Leaf288",0.05
"Leaf222","Leaf289",0
"Leaf222","Leaf299",0.111111111111111
"Leaf222","Leaf3",0.0111111111111111
"Leaf222","Leaf30",0.0611111111111111
"Leaf222","Leaf304",0.05
"Leaf222","Leaf306",0.0166666666666667
"Leaf222","Leaf311",0.0444444444444444
"Leaf222","Leaf313",0.00555555555555556
"Leaf222","Leaf314",0
"Leaf222","Leaf32",0.0388888888888889
"Leaf222","Leaf324",0.0111111111111111
"Leaf222","Leaf326",0.0166666666666667
"Leaf222","Leaf33",0.0166666666666667
"Leaf222","Leaf334",0.222222222222222
"Leaf222","Leaf335",0.0555555555555556
"Leaf222","Leaf336",0.00555555555555556
"Leaf222","Leaf337",0.366666666666667
"Leaf222","Leaf339",0
"Leaf222","Leaf34",0.00555555555555556
"Leaf222","Leaf343",0.0388888888888889
"Leaf222","Leaf344",0.05
"Leaf222","Leaf351",0.144444444444444
"Leaf222","Leaf354",0
"Leaf222","Leaf357",0.266666666666667
"Leaf222","Leaf359",0.0444444444444444
"Leaf222","Leaf361",0
"Leaf222","Leaf363",0.0222222222222222
"Leaf222","Leaf369",0.316666666666667
"Leaf222","Leaf371",0
"Leaf222","Leaf380",0.0111111111111111
"Leaf222","Leaf391",0.0277777777777778
"Leaf222","Leaf394",0.0833333333333333
"Leaf222","Leaf396",0.0388888888888889
"Leaf222","Leaf405",0.0111111111111111
"Leaf222","Leaf406",0.05
"Leaf222","Leaf41",0.0611111111111111
"Leaf222","Leaf412",0.0777777777777778
"Leaf222","Leaf416",0.0444444444444444
"Leaf222","Leaf42",0.0444444444444444
"Leaf222","Leaf420",0
"Leaf222","Leaf427",0.00555555555555556
"Leaf222","Leaf434",0
"Leaf222","Leaf443",0.00555555555555556
"Leaf222","Leaf446",0.0722222222222222
"Leaf222","Leaf454",0.122222222222222
"Leaf222","Leaf456",0.00555555555555556
"Leaf222","Leaf466",0.0222222222222222
"Leaf222","Leaf49",0.05
"Leaf222","Leaf5",0
"Leaf222","Leaf50",0.0166666666666667
"Leaf222","Leaf51",0.216666666666667
"Leaf222","Leaf53",0.316666666666667
"Leaf222","Leaf58",0.00555555555555556
"Leaf222","Leaf61",0.00555555555555556
"Leaf222","Leaf62",0.0111111111111111
"Leaf222","Leaf64",0.00555555555555556
"Leaf222","Leaf67",0.00555555555555556
"Leaf222","Leaf68",0.0833333333333333
"Leaf222","Leaf69",0.161111111111111
"Leaf222","Leaf70",0.0222222222222222
"Leaf222","Leaf75",0.0111111111111111
"Leaf222","Leaf76",0.0166666666666667
"Leaf222","Leaf78",0.0111111111111111
"Leaf222","Leaf82",0
"Leaf222","Leaf83",0
"Leaf222","Leaf85",0
"Leaf222","Leaf86",0.00555555555555556
"Leaf222","Leaf87",0
"Leaf222","Leaf88",0.00555555555555556
"Leaf222","Leaf90",0.122222222222222
"Leaf222","Leaf91",0
"Leaf222","Leaf99",0.0222222222222222
"Leaf225","Leaf226",0
"Leaf225","Leaf231",0.05
"Leaf225","Leaf233",0.216666666666667
"Leaf225","Leaf234",0.0833333333333333
"Leaf225","Leaf242",0
"Leaf225","Leaf245",0.00555555555555556
"Leaf225","Leaf254",0.0444444444444444
"Leaf225","Leaf257",0.238888888888889
"Leaf225","Leaf26",0.0222222222222222
"Leaf225","Leaf261",0.0611111111111111
"Leaf225","Leaf262",0.15
"Leaf225","Leaf263",0.00555555555555556
"Leaf225","Leaf264",0.0333333333333333
"Leaf225","Leaf265",0.15
"Leaf225","Leaf267",0.05
"Leaf225","Leaf274",0.00555555555555556
"Leaf225","Leaf28",0.0388888888888889
"Leaf225","Leaf280",0.00555555555555556
"Leaf225","Leaf285",0
"Leaf225","Leaf288",0.05
"Leaf225","Leaf289",0.0388888888888889
"Leaf225","Leaf299",0.0444444444444444
"Leaf225","Leaf3",0.0611111111111111
"Leaf225","Leaf30",0.0833333333333333
"Leaf225","Leaf304",0.0555555555555556
"Leaf225","Leaf306",0.0777777777777778
"Leaf225","Leaf311",0.333333333333333
"Leaf225","Leaf313",0
"Leaf225","Leaf314",0.05
"Leaf225","Leaf32",0.272222222222222
"Leaf225","Leaf324",0.00555555555555556
"Leaf225","Leaf326",0.0166666666666667
"Leaf225","Leaf33",0.0277777777777778
"Leaf225","Leaf334",0.0222222222222222
"Leaf225","Leaf335",0
"Leaf225","Leaf336",0
"Leaf225","Leaf337",0.0333333333333333
"Leaf225","Leaf339",0.0333333333333333
"Leaf225","Leaf34",0.122222222222222
"Leaf225","Leaf343",0.0277777777777778
"Leaf225","Leaf344",0.0388888888888889
"Leaf225","Leaf351",0
"Leaf225","Leaf354",0.00555555555555556
"Leaf225","Leaf357",0.183333333333333
"Leaf225","Leaf359",0
"Leaf225","Leaf361",0.0944444444444444
"Leaf225","Leaf363",0.0388888888888889
"Leaf225","Leaf369",0.0277777777777778
"Leaf225","Leaf371",0.0166666666666667
"Leaf225","Leaf380",0.0111111111111111
"Leaf225","Leaf391",0.233333333333333
"Leaf225","Leaf394",0.0722222222222222
"Leaf225","Leaf396",0.0166666666666667
"Leaf225","Leaf405",0
"Leaf225","Leaf406",0.0666666666666667
"Leaf225","Leaf41",0.0166666666666667
"Leaf225","Leaf412",0.0833333333333333
"Leaf225","Leaf416",0.294444444444444
"Leaf225","Leaf42",0.483333333333333
"Leaf225","Leaf420",0.0777777777777778
"Leaf225","Leaf427",0.1
"Leaf225","Leaf434",0.00555555555555556
"Leaf225","Leaf443",0.0388888888888889
"Leaf225","Leaf446",0.0611111111111111
"Leaf225","Leaf454",0.116666666666667
"Leaf225","Leaf456",0.277777777777778
"Leaf225","Leaf466",0.0333333333333333
"Leaf225","Leaf49",0.0333333333333333
"Leaf225","Leaf5",0
"Leaf225","Leaf50",0.0722222222222222
"Leaf225","Leaf51",0
"Leaf225","Leaf53",0.00555555555555556
"Leaf225","Leaf58",0.355555555555556
"Leaf225","Leaf61",0.194444444444444
"Leaf225","Leaf62",0
"Leaf225","Leaf64",0.2
"Leaf225","Leaf67",0.0111111111111111
"Leaf225","Leaf68",0.116666666666667
"Leaf225","Leaf69",0.0166666666666667
"Leaf225","Leaf70",0.0277777777777778
"Leaf225","Leaf75",0.0111111111111111
"Leaf225","Leaf76",0.155555555555556
"Leaf225","Leaf78",0.0222222222222222
"Leaf225","Leaf82",0.0722222222222222
"Leaf225","Leaf83",0.2
"Leaf225","Leaf85",0.188888888888889
"Leaf225","Leaf86",0.177777777777778
"Leaf225","Leaf87",0.205555555555556
"Leaf225","Leaf88",0.2
"Leaf225","Leaf90",0.261111111111111
"Leaf225","Leaf91",0.127777777777778
"Leaf225","Leaf99",0
"Leaf226","Leaf231",0.0444444444444444
"Leaf226","Leaf233",0.0111111111111111
"Leaf226","Leaf234",0.0777777777777778
"Leaf226","Leaf242",0.05
"Leaf226","Leaf245",0
"Leaf226","Leaf254",0
"Leaf226","Leaf257",0
"Leaf226","Leaf26",0
"Leaf226","Leaf261",0.0722222222222222
"Leaf226","Leaf262",0.516666666666667
"Leaf226","Leaf263",0.0111111111111111
"Leaf226","Leaf264",0.0111111111111111
"Leaf226","Leaf265",0
"Leaf226","Leaf267",0.372222222222222
"Leaf226","Leaf274",0
"Leaf226","Leaf28",0
"Leaf226","Leaf280",0
"Leaf226","Leaf285",0.544444444444444
"Leaf226","Leaf288",0.0611111111111111
"Leaf226","Leaf289",0.00555555555555556
"Leaf226","Leaf299",0
"Leaf226","Leaf3",0
"Leaf226","Leaf30",0.0777777777777778
"Leaf226","Leaf304",0.05
"Leaf226","Leaf306",0.0111111111111111
"Leaf226","Leaf311",0.0277777777777778
"Leaf226","Leaf313",0
"Leaf226","Leaf314",0.00555555555555556
"Leaf226","Leaf32",0
"Leaf226","Leaf324",0.00555555555555556
"Leaf226","Leaf326",0.0444444444444444
"Leaf226","Leaf33",0.466666666666667
"Leaf226","Leaf334",0.0166666666666667
"Leaf226","Leaf335",0.0333333333333333
"Leaf226","Leaf336",0.00555555555555556
"Leaf226","Leaf337",0
"Leaf226","Leaf339",0
"Leaf226","Leaf34",0.216666666666667
"Leaf226","Leaf343",0.0277777777777778
"Leaf226","Leaf344",0.0611111111111111
"Leaf226","Leaf351",0
"Leaf226","Leaf354",0.0111111111111111
"Leaf226","Leaf357",0
"Leaf226","Leaf359",0.0888888888888889
"Leaf226","Leaf361",0
"Leaf226","Leaf363",0.0388888888888889
"Leaf226","Leaf369",0.0222222222222222
"Leaf226","Leaf371",0.00555555555555556
"Leaf226","Leaf380",0.0166666666666667
"Leaf226","Leaf391",0.0111111111111111
"Leaf226","Leaf394",0.0722222222222222
"Leaf226","Leaf396",0.0166666666666667
"Leaf226","Leaf405",0
"Leaf226","Leaf406",0.0222222222222222
"Leaf226","Leaf41",0
"Leaf226","Leaf412",0.0777777777777778
"Leaf226","Leaf416",0.0166666666666667
"Leaf226","Leaf42",0.0277777777777778
"Leaf226","Leaf420",0
"Leaf226","Leaf427",0.444444444444444
"Leaf226","Leaf434",0
"Leaf226","Leaf443",0.0111111111111111
"Leaf226","Leaf446",0.0611111111111111
"Leaf226","Leaf454",0.105555555555556
"Leaf226","Leaf456",0
"Leaf226","Leaf466",0.0277777777777778
"Leaf226","Leaf49",0.0388888888888889
"Leaf226","Leaf5",0
"Leaf226","Leaf50",0.00555555555555556
"Leaf226","Leaf51",0.0111111111111111
"Leaf226","Leaf53",0.00555555555555556
"Leaf226","Leaf58",0.00555555555555556
"Leaf226","Leaf61",0.0277777777777778
"Leaf226","Leaf62",0.15
"Leaf226","Leaf64",0
"Leaf226","Leaf67",0.00555555555555556
"Leaf226","Leaf68",0.0777777777777778
"Leaf226","Leaf69",0.00555555555555556
"Leaf226","Leaf70",0.0222222222222222
"Leaf226","Leaf75",0
"Leaf226","Leaf76",0.0111111111111111
"Leaf226","Leaf78",0
"Leaf226","Leaf82",0
"Leaf226","Leaf83",0.183333333333333
"Leaf226","Leaf85",0
"Leaf226","Leaf86",0.00555555555555556
"Leaf226","Leaf87",0.0222222222222222
"Leaf226","Leaf88",0.166666666666667
"Leaf226","Leaf90",0.0222222222222222
"Leaf226","Leaf91",0.0222222222222222
"Leaf226","Leaf99",0.0666666666666667
"Leaf231","Leaf233",0.1
"Leaf231","Leaf234",0.255555555555556
"Leaf231","Leaf242",0.111111111111111
"Leaf231","Leaf245",0.111111111111111
"Leaf231","Leaf254",0.0444444444444444
"Leaf231","Leaf257",0.0722222222222222
"Leaf231","Leaf26",0.0722222222222222
"Leaf231","Leaf261",0.166666666666667
"Leaf231","Leaf262",0.0555555555555556
"Leaf231","Leaf263",0.05
"Leaf231","Leaf264",0.0888888888888889
"Leaf231","Leaf265",0.338888888888889
"Leaf231","Leaf267",0.0888888888888889
"Leaf231","Leaf274",0.122222222222222
"Leaf231","Leaf28",0.0611111111111111
"Leaf231","Leaf280",0.0555555555555556
"Leaf231","Leaf285",0.294444444444444
"Leaf231","Leaf288",0.166666666666667
"Leaf231","Leaf289",0.105555555555556
"Leaf231","Leaf299",0.0888888888888889
"Leaf231","Leaf3",0.0944444444444444
"Leaf231","Leaf30",0.127777777777778
"Leaf231","Leaf304",0.144444444444444
"Leaf231","Leaf306",0.0555555555555556
"Leaf231","Leaf311",0.1
"Leaf231","Leaf313",0.161111111111111
"Leaf231","Leaf314",0.0666666666666667
"Leaf231","Leaf32",0.05
"Leaf231","Leaf324",0.0833333333333333
"Leaf231","Leaf326",0.0777777777777778
"Leaf231","Leaf33",0.0611111111111111
"Leaf231","Leaf334",0.0833333333333333
"Leaf231","Leaf335",0.116666666666667
"Leaf231","Leaf336",0.0944444444444444
"Leaf231","Leaf337",0.0722222222222222
"Leaf231","Leaf339",0.05
"Leaf231","Leaf34",0.0722222222222222
"Leaf231","Leaf343",0.177777777777778
"Leaf231","Leaf344",0.127777777777778
"Leaf231","Leaf351",0.0611111111111111
"Leaf231","Leaf354",0.0777777777777778
"Leaf231","Leaf357",0.0777777777777778
"Leaf231","Leaf359",0.127777777777778
"Leaf231","Leaf361",0.0444444444444444
"Leaf231","Leaf363",0.133333333333333
"Leaf231","Leaf369",0.1
"Leaf231","Leaf371",0.172222222222222
"Leaf231","Leaf380",0.0722222222222222
"Leaf231","Leaf391",0.0611111111111111
"Leaf231","Leaf394",0.183333333333333
"Leaf231","Leaf396",0.105555555555556
"Leaf231","Leaf405",0.122222222222222
"Leaf231","Leaf406",0.133333333333333
"Leaf231","Leaf41",0.122222222222222
"Leaf231","Leaf412",0.205555555555556
"Leaf231","Leaf416",0.105555555555556
"Leaf231","Leaf42",0.0777777777777778
"Leaf231","Leaf420",0.0444444444444444
"Leaf231","Leaf427",0.427777777777778
"Leaf231","Leaf434",0.3
"Leaf231","Leaf443",0.0555555555555556
"Leaf231","Leaf446",0.183333333333333
"Leaf231","Leaf454",0.266666666666667
"Leaf231","Leaf456",0.0444444444444444
"Leaf231","Leaf466",0.144444444444444
"Leaf231","Leaf49",0.116666666666667
"Leaf231","Leaf5",0.0555555555555556
"Leaf231","Leaf50",0.0444444444444444
"Leaf231","Leaf51",0.0555555555555556
"Leaf231","Leaf53",0.0611111111111111
"Leaf231","Leaf58",0.0666666666666667
"Leaf231","Leaf61",0.177777777777778
"Leaf231","Leaf62",0.0888888888888889
"Leaf231","Leaf64",0.0555555555555556
"Leaf231","Leaf67",0.172222222222222
"Leaf231","Leaf68",0.133333333333333
"Leaf231","Leaf69",0.0888888888888889
"Leaf231","Leaf70",0.122222222222222
"Leaf231","Leaf75",0.0888888888888889
"Leaf231","Leaf76",0.0777777777777778
"Leaf231","Leaf78",0.0555555555555556
"Leaf231","Leaf82",0.05
"Leaf231","Leaf83",0.0555555555555556
"Leaf231","Leaf85",0.05
"Leaf231","Leaf86",0.0555555555555556
"Leaf231","Leaf87",0.1
"Leaf231","Leaf88",0.0888888888888889
"Leaf231","Leaf90",0.105555555555556
"Leaf231","Leaf91",0.0666666666666667
"Leaf231","Leaf99",0.105555555555556
"Leaf233","Leaf234",0.127777777777778
"Leaf233","Leaf242",0.105555555555556
"Leaf233","Leaf245",0.122222222222222
"Leaf233","Leaf254",0.177777777777778
"Leaf233","Leaf257",0.127777777777778
"Leaf233","Leaf26",0.0555555555555556
"Leaf233","Leaf261",0.0833333333333333
"Leaf233","Leaf262",0.172222222222222
"Leaf233","Leaf263",0
"Leaf233","Leaf264",0.0222222222222222
"Leaf233","Leaf265",0.172222222222222
"Leaf233","Leaf267",0.0611111111111111
"Leaf233","Leaf274",0.0833333333333333
"Leaf233","Leaf28",0.0222222222222222
"Leaf233","Leaf280",0.0388888888888889
"Leaf233","Leaf285",0.294444444444444
"Leaf233","Leaf288",0.0611111111111111
"Leaf233","Leaf289",0.0611111111111111
"Leaf233","Leaf299",0.127777777777778
"Leaf233","Leaf3",0.0444444444444444
"Leaf233","Leaf30",0.0888888888888889
"Leaf233","Leaf304",0.0666666666666667
"Leaf233","Leaf306",0.2
"Leaf233","Leaf311",0.105555555555556
"Leaf233","Leaf313",0
"Leaf233","Leaf314",0.127777777777778
"Leaf233","Leaf32",0.166666666666667
"Leaf233","Leaf324",0.116666666666667
"Leaf233","Leaf326",0.105555555555556
"Leaf233","Leaf33",0.166666666666667
"Leaf233","Leaf334",0.0222222222222222
"Leaf233","Leaf335",0.361111111111111
"Leaf233","Leaf336",0.0388888888888889
"Leaf233","Leaf337",0.0166666666666667
"Leaf233","Leaf339",0.144444444444444
"Leaf233","Leaf34",0.0888888888888889
"Leaf233","Leaf343",0.0555555555555556
"Leaf233","Leaf344",0.138888888888889
"Leaf233","Leaf351",0
"Leaf233","Leaf354",0.0833333333333333
"Leaf233","Leaf357",0.0722222222222222
"Leaf233","Leaf359",0
"Leaf233","Leaf361",0.15
"Leaf233","Leaf363",0.0166666666666667
"Leaf233","Leaf369",0.0388888888888889
"Leaf233","Leaf371",0.0111111111111111
"Leaf233","Leaf380",0.0111111111111111
"Leaf233","Leaf391",0.222222222222222
"Leaf233","Leaf394",0.155555555555556
"Leaf233","Leaf396",0.377777777777778
"Leaf233","Leaf405",0.0111111111111111
"Leaf233","Leaf406",0.0722222222222222
"Leaf233","Leaf41",0.0777777777777778
"Leaf233","Leaf412",0.0944444444444444
"Leaf233","Leaf416",0.516666666666667
"Leaf233","Leaf42",0.388888888888889
"Leaf233","Leaf420",0.0722222222222222
"Leaf233","Leaf427",0.0111111111111111
"Leaf233","Leaf434",0.111111111111111
"Leaf233","Leaf443",0.133333333333333
"Leaf233","Leaf446",0.466666666666667
"Leaf233","Leaf454",0.111111111111111
"Leaf233","Leaf456",0.233333333333333
"Leaf233","Leaf466",0.05
"Leaf233","Leaf49",0.0555555555555556
"Leaf233","Leaf5",0.00555555555555556
"Leaf233","Leaf50",0.166666666666667
"Leaf233","Leaf51",0.0444444444444444
"Leaf233","Leaf53",0.00555555555555556
"Leaf233","Leaf58",0.122222222222222
"Leaf233","Leaf61",0.2
"Leaf233","Leaf62",0.116666666666667
"Leaf233","Leaf64",0.0166666666666667
"Leaf233","Leaf67",0.0111111111111111
"Leaf233","Leaf68",0.183333333333333
"Leaf233","Leaf69",0.127777777777778
"Leaf233","Leaf70",0.0833333333333333
"Leaf233","Leaf75",0.25
"Leaf233","Leaf76",0.183333333333333
"Leaf233","Leaf78",0
"Leaf233","Leaf82",0.0222222222222222
"Leaf233","Leaf83",0.177777777777778
"Leaf233","Leaf85",0.372222222222222
"Leaf233","Leaf86",0.494444444444444
"Leaf233","Leaf87",0.161111111111111
"Leaf233","Leaf88",0.122222222222222
"Leaf233","Leaf90",0.188888888888889
"Leaf233","Leaf91",0.283333333333333
"Leaf233","Leaf99",0.144444444444444
"Leaf234","Leaf242",0.172222222222222
"Leaf234","Leaf245",0.255555555555556
"Leaf234","Leaf254",0.0777777777777778
"Leaf234","Leaf257",0.1
"Leaf234","Leaf26",0.105555555555556
"Leaf234","Leaf261",0.266666666666667
"Leaf234","Leaf262",0.105555555555556
"Leaf234","Leaf263",0.0777777777777778
"Leaf234","Leaf264",0.105555555555556
"Leaf234","Leaf265",0.1
"Leaf234","Leaf267",0.144444444444444
"Leaf234","Leaf274",0.138888888888889
"Leaf234","Leaf28",0.1
"Leaf234","Leaf280",0.105555555555556
"Leaf234","Leaf285",0.133333333333333
"Leaf234","Leaf288",0.222222222222222
"Leaf234","Leaf289",0.0833333333333333
"Leaf234","Leaf299",0.15
"Leaf234","Leaf3",0.127777777777778
"Leaf234","Leaf30",0.161111111111111
"Leaf234","Leaf304",0.166666666666667
"Leaf234","Leaf306",0.105555555555556
"Leaf234","Leaf311",0.122222222222222
"Leaf234","Leaf313",0.105555555555556
"Leaf234","Leaf314",0.0833333333333333
"Leaf234","Leaf32",0.0833333333333333
"Leaf234","Leaf324",0.111111111111111
"Leaf234","Leaf326",0.138888888888889
"Leaf234","Leaf33",0.111111111111111
"Leaf234","Leaf334",0.105555555555556
"Leaf234","Leaf335",0.155555555555556
"Leaf234","Leaf336",0.166666666666667
"Leaf234","Leaf337",0.111111111111111
"Leaf234","Leaf339",0.0888888888888889
"Leaf234","Leaf34",0.122222222222222
"Leaf234","Leaf343",0.238888888888889
"Leaf234","Leaf344",0.177777777777778
"Leaf234","Leaf351",0.1
"Leaf234","Leaf354",0.105555555555556
"Leaf234","Leaf357",0.105555555555556
"Leaf234","Leaf359",0.161111111111111
"Leaf234","Leaf361",0.0833333333333333
"Leaf234","Leaf363",0.166666666666667
"Leaf234","Leaf369",0.155555555555556
"Leaf234","Leaf371",0.105555555555556
"Leaf234","Leaf380",0.133333333333333
"Leaf234","Leaf391",0.127777777777778
"Leaf234","Leaf394",0.188888888888889
"Leaf234","Leaf396",0.155555555555556
"Leaf234","Leaf405",0.155555555555556
"Leaf234","Leaf406",0.205555555555556
"Leaf234","Leaf41",0.105555555555556
"Leaf234","Leaf412",0.2
"Leaf234","Leaf416",0.211111111111111
"Leaf234","Leaf42",0.144444444444444
"Leaf234","Leaf420",0.0777777777777778
"Leaf234","Leaf427",0.261111111111111
"Leaf234","Leaf434",0.1
"Leaf234","Leaf443",0.0944444444444444
"Leaf234","Leaf446",0.227777777777778
"Leaf234","Leaf454",0.272222222222222
"Leaf234","Leaf456",0.0888888888888889
"Leaf234","Leaf466",0.216666666666667
"Leaf234","Leaf49",0.166666666666667
"Leaf234","Leaf5",0.1
"Leaf234","Leaf50",0.0888888888888889
"Leaf234","Leaf51",0.0888888888888889
"Leaf234","Leaf53",0.111111111111111
"Leaf234","Leaf58",0.138888888888889
"Leaf234","Leaf61",0.138888888888889
"Leaf234","Leaf62",0.183333333333333
"Leaf234","Leaf64",0.105555555555556
"Leaf234","Leaf67",0.177777777777778
"Leaf234","Leaf68",0.194444444444444
"Leaf234","Leaf69",0.105555555555556
"Leaf234","Leaf70",0.233333333333333
"Leaf234","Leaf75",0.15
"Leaf234","Leaf76",0.122222222222222
"Leaf234","Leaf78",0.0944444444444444
"Leaf234","Leaf82",0.105555555555556
"Leaf234","Leaf83",0.0833333333333333
"Leaf234","Leaf85",0.0888888888888889
"Leaf234","Leaf86",0.111111111111111
"Leaf234","Leaf87",0.122222222222222
"Leaf234","Leaf88",0.0833333333333333
"Leaf234","Leaf90",0.127777777777778
"Leaf234","Leaf91",0.0944444444444444
"Leaf234","Leaf99",0.177777777777778
"Leaf242","Leaf245",0.0111111111111111
"Leaf242","Leaf254",0.0388888888888889
"Leaf242","Leaf257",0.0277777777777778
"Leaf242","Leaf26",0.0111111111111111
"Leaf242","Leaf261",0.0722222222222222
"Leaf242","Leaf262",0.05
"Leaf242","Leaf263",0.355555555555556
"Leaf242","Leaf264",0.05
"Leaf242","Leaf265",0.0111111111111111
"Leaf242","Leaf267",0.0888888888888889
"Leaf242","Leaf274",0.0111111111111111
"Leaf242","Leaf28",0.655555555555556
"Leaf242","Leaf280",0.0944444444444444
"Leaf242","Leaf285",0.0166666666666667
"Leaf242","Leaf288",0.0888888888888889
"Leaf242","Leaf289",0.05
"Leaf242","Leaf299",0.00555555555555556
"Leaf242","Leaf3",0.0444444444444444
"Leaf242","Leaf30",0.0888888888888889
"Leaf242","Leaf304",0.0944444444444444
"Leaf242","Leaf306",0.0833333333333333
"Leaf242","Leaf311",0.144444444444444
"Leaf242","Leaf313",0.00555555555555556
"Leaf242","Leaf314",0.0166666666666667
"Leaf242","Leaf32",0.0722222222222222
"Leaf242","Leaf324",0.0166666666666667
"Leaf242","Leaf326",0.0777777777777778
"Leaf242","Leaf33",0.0111111111111111
"Leaf242","Leaf334",0.0277777777777778
"Leaf242","Leaf335",0.127777777777778
"Leaf242","Leaf336",0.0111111111111111
"Leaf242","Leaf337",0.0111111111111111
"Leaf242","Leaf339",0.0888888888888889
"Leaf242","Leaf34",0.0666666666666667
"Leaf242","Leaf343",0.0444444444444444
"Leaf242","Leaf344",0.2
"Leaf242","Leaf351",0.311111111111111
"Leaf242","Leaf354",0.0277777777777778
"Leaf242","Leaf357",0.0833333333333333
"Leaf242","Leaf359",0.0166666666666667
"Leaf242","Leaf361",0.0166666666666667
"Leaf242","Leaf363",0.0611111111111111
"Leaf242","Leaf369",0.211111111111111
"Leaf242","Leaf371",0.00555555555555556
"Leaf242","Leaf380",0.0833333333333333
"Leaf242","Leaf391",0.111111111111111
"Leaf242","Leaf394",0.111111111111111
"Leaf242","Leaf396",0.0333333333333333
"Leaf242","Leaf405",0.00555555555555556
"Leaf242","Leaf406",0.0611111111111111
"Leaf242","Leaf41",0.0388888888888889
"Leaf242","Leaf412",0.144444444444444
"Leaf242","Leaf416",0.0388888888888889
"Leaf242","Leaf42",0.1
"Leaf242","Leaf420",0.0833333333333333
"Leaf242","Leaf427",0.0166666666666667
"Leaf242","Leaf434",0
"Leaf242","Leaf443",0.0333333333333333
"Leaf242","Leaf446",0.0722222222222222
"Leaf242","Leaf454",0.233333333333333
"Leaf242","Leaf456",0.00555555555555556
"Leaf242","Leaf466",0.0722222222222222
"Leaf242","Leaf49",0.116666666666667
"Leaf242","Leaf5",0.0222222222222222
"Leaf242","Leaf50",0.0222222222222222
"Leaf242","Leaf51",0.172222222222222
"Leaf242","Leaf53",0.0222222222222222
"Leaf242","Leaf58",0.0777777777777778
"Leaf242","Leaf61",0
"Leaf242","Leaf62",0.188888888888889
"Leaf242","Leaf64",0.15
"Leaf242","Leaf67",0.127777777777778
"Leaf242","Leaf68",0.133333333333333
"Leaf242","Leaf69",0.0444444444444444
"Leaf242","Leaf70",0.1
"Leaf242","Leaf75",0.0611111111111111
"Leaf242","Leaf76",0.0944444444444444
"Leaf242","Leaf78",0.00555555555555556
"Leaf242","Leaf82",0.0166666666666667
"Leaf242","Leaf83",0.0888888888888889
"Leaf242","Leaf85",0.0333333333333333
"Leaf242","Leaf86",0.0944444444444444
"Leaf242","Leaf87",0.0222222222222222
"Leaf242","Leaf88",0
"Leaf242","Leaf90",0.0722222222222222
"Leaf242","Leaf91",0.133333333333333
"Leaf242","Leaf99",0.0555555555555556
"Leaf245","Leaf254",0.0277777777777778
"Leaf245","Leaf257",0
"Leaf245","Leaf26",0.0277777777777778
"Leaf245","Leaf261",0.133333333333333
"Leaf245","Leaf262",0.122222222222222
"Leaf245","Leaf263",0.0333333333333333
"Leaf245","Leaf264",0.0111111111111111
"Leaf245","Leaf265",0.0111111111111111
"Leaf245","Leaf267",0.0444444444444444
"Leaf245","Leaf274",0.00555555555555556
"Leaf245","Leaf28",0.00555555555555556
"Leaf245","Leaf280",0.0166666666666667
"Leaf245","Leaf285",0.0611111111111111
"Leaf245","Leaf288",0.0944444444444444
"Leaf245","Leaf289",0.833333333333333
"Leaf245","Leaf299",0.683333333333333
"Leaf245","Leaf3",0.0111111111111111
"Leaf245","Leaf30",0.0888888888888889
"Leaf245","Leaf304",0.0722222222222222
"Leaf245","Leaf306",0.0111111111111111
"Leaf245","Leaf311",0
"Leaf245","Leaf313",0.0888888888888889
"Leaf245","Leaf314",0
"Leaf245","Leaf32",0.0166666666666667
"Leaf245","Leaf324",0.0555555555555556
"Leaf245","Leaf326",0.0777777777777778
"Leaf245","Leaf33",0.155555555555556
"Leaf245","Leaf334",0.0222222222222222
"Leaf245","Leaf335",0.0388888888888889
"Leaf245","Leaf336",0.0166666666666667
"Leaf245","Leaf337",0.0111111111111111
"Leaf245","Leaf339",0
"Leaf245","Leaf34",0.0111111111111111
"Leaf245","Leaf343",0.0888888888888889
"Leaf245","Leaf344",0.0444444444444444
"Leaf245","Leaf351",0.0444444444444444
"Leaf245","Leaf354",0.111111111111111
"Leaf245","Leaf357",0.105555555555556
"Leaf245","Leaf359",0.0722222222222222
"Leaf245","Leaf361",0.0111111111111111
"Leaf245","Leaf363",0.0388888888888889
"Leaf245","Leaf369",0.0444444444444444
"Leaf245","Leaf371",0.233333333333333
"Leaf245","Leaf380",0.0277777777777778
"Leaf245","Leaf391",0.122222222222222
"Leaf245","Leaf394",0.111111111111111
"Leaf245","Leaf396",0.0388888888888889
"Leaf245","Leaf405",0.0333333333333333
"Leaf245","Leaf406",0.205555555555556
"Leaf245","Leaf41",0.122222222222222
"Leaf245","Leaf412",0.355555555555556
"Leaf245","Leaf416",0.455555555555556
"Leaf245","Leaf42",0.00555555555555556
"Leaf245","Leaf420",0.00555555555555556
"Leaf245","Leaf427",0.122222222222222
"Leaf245","Leaf434",0.183333333333333
"Leaf245","Leaf443",0.0722222222222222
"Leaf245","Leaf446",0.138888888888889
"Leaf245","Leaf454",0.138888888888889
"Leaf245","Leaf456",0.0166666666666667
"Leaf245","Leaf466",0.0166666666666667
"Leaf245","Leaf49",0.0833333333333333
"Leaf245","Leaf5",0.0166666666666667
"Leaf245","Leaf50",0.00555555555555556
"Leaf245","Leaf51",0.0611111111111111
"Leaf245","Leaf53",0.0166666666666667
"Leaf245","Leaf58",0.0277777777777778
"Leaf245","Leaf61",0.155555555555556
"Leaf245","Leaf62",0
"Leaf245","Leaf64",0
"Leaf245","Leaf67",0.427777777777778
"Leaf245","Leaf68",0.0222222222222222
"Leaf245","Leaf69",0.0388888888888889
"Leaf245","Leaf70",0.0833333333333333
"Leaf245","Leaf75",0.338888888888889
"Leaf245","Leaf76",0
"Leaf245","Leaf78",0
"Leaf245","Leaf82",0.05
"Leaf245","Leaf83",0.0222222222222222
"Leaf245","Leaf85",0.0111111111111111
"Leaf245","Leaf86",0
"Leaf245","Leaf87",0.0111111111111111
"Leaf245","Leaf88",0.35
"Leaf245","Leaf90",0.0333333333333333
"Leaf245","Leaf91",0.0333333333333333
"Leaf245","Leaf99",0.0222222222222222
"Leaf254","Leaf257",0.00555555555555556
"Leaf254","Leaf26",0.116666666666667
"Leaf254","Leaf261",0.0555555555555556
"Leaf254","Leaf262",0.122222222222222
"Leaf254","Leaf263",0
"Leaf254","Leaf264",0.0222222222222222
"Leaf254","Leaf265",0.0611111111111111
"Leaf254","Leaf267",0.0444444444444444
"Leaf254","Leaf274",0
"Leaf254","Leaf28",0
"Leaf254","Leaf280",0
"Leaf254","Leaf285",0.00555555555555556
"Leaf254","Leaf288",0.0388888888888889
"Leaf254","Leaf289",0
"Leaf254","Leaf299",0.0166666666666667
"Leaf254","Leaf3",0.00555555555555556
"Leaf254","Leaf30",0.0666666666666667
"Leaf254","Leaf304",0.0611111111111111
"Leaf254","Leaf306",0.0388888888888889
"Leaf254","Leaf311",0.00555555555555556
"Leaf254","Leaf313",0.166666666666667
"Leaf254","Leaf314",0.00555555555555556
"Leaf254","Leaf32",0.166666666666667
"Leaf254","Leaf324",0.00555555555555556
"Leaf254","Leaf326",0.0277777777777778
"Leaf254","Leaf33",0
"Leaf254","Leaf334",0.0222222222222222
"Leaf254","Leaf335",0.05
"Leaf254","Leaf336",0.4
"Leaf254","Leaf337",0
"Leaf254","Leaf339",0.00555555555555556
"Leaf254","Leaf34",0.00555555555555556
"Leaf254","Leaf343",0.0333333333333333
"Leaf254","Leaf344",0.0388888888888889
"Leaf254","Leaf351",0.00555555555555556
"Leaf254","Leaf354",0.00555555555555556
"Leaf254","Leaf357",0.0111111111111111
"Leaf254","Leaf359",0
"Leaf254","Leaf361",0.0277777777777778
"Leaf254","Leaf363",0.0166666666666667
"Leaf254","Leaf369",0.0277777777777778
"Leaf254","Leaf371",0.0111111111111111
"Leaf254","Leaf380",0.00555555555555556
"Leaf254","Leaf391",0.122222222222222
"Leaf254","Leaf394",0.0666666666666667
"Leaf254","Leaf396",0.0277777777777778
"Leaf254","Leaf405",0.0555555555555556
"Leaf254","Leaf406",0.0222222222222222
"Leaf254","Leaf41",0.0166666666666667
"Leaf254","Leaf412",0.0722222222222222
"Leaf254","Leaf416",0.277777777777778
"Leaf254","Leaf42",0
"Leaf254","Leaf420",0.0111111111111111
"Leaf254","Leaf427",0
"Leaf254","Leaf434",0
"Leaf254","Leaf443",0.0222222222222222
"Leaf254","Leaf446",0.0611111111111111
"Leaf254","Leaf454",0.1
"Leaf254","Leaf456",0.00555555555555556
"Leaf254","Leaf466",0.00555555555555556
"Leaf254","Leaf49",0.0333333333333333
"Leaf254","Leaf5",0
"Leaf254","Leaf50",0.177777777777778
"Leaf254","Leaf51",0
"Leaf254","Leaf53",0
"Leaf254","Leaf58",0
"Leaf254","Leaf61",0.0166666666666667
"Leaf254","Leaf62",0.0611111111111111
"Leaf254","Leaf64",0
"Leaf254","Leaf67",0.00555555555555556
"Leaf254","Leaf68",0.2
"Leaf254","Leaf69",0.0166666666666667
"Leaf254","Leaf70",0.0222222222222222
"Leaf254","Leaf75",0
"Leaf254","Leaf76",0.338888888888889
"Leaf254","Leaf78",0.183333333333333
"Leaf254","Leaf82",0
"Leaf254","Leaf83",0.138888888888889
"Leaf254","Leaf85",0.0111111111111111
"Leaf254","Leaf86",0.0888888888888889
"Leaf254","Leaf87",0.0333333333333333
"Leaf254","Leaf88",0.0166666666666667
"Leaf254","Leaf90",0.0722222222222222
"Leaf254","Leaf91",0.0611111111111111
"Leaf254","Leaf99",0.05
"Leaf257","Leaf26",0.0166666666666667
"Leaf257","Leaf261",0.0722222222222222
"Leaf257","Leaf262",0.127777777777778
"Leaf257","Leaf263",0.1
"Leaf257","Leaf264",0
"Leaf257","Leaf265",0.0333333333333333
"Leaf257","Leaf267",0.0611111111111111
"Leaf257","Leaf274",0
"Leaf257","Leaf28",0
"Leaf257","Leaf280",0.0111111111111111
"Leaf257","Leaf285",0
"Leaf257","Leaf288",0.0555555555555556
"Leaf257","Leaf289",0
"Leaf257","Leaf299",0.0388888888888889
"Leaf257","Leaf3",0.00555555555555556
"Leaf257","Leaf30",0.0833333333333333
"Leaf257","Leaf304",0.0611111111111111
"Leaf257","Leaf306",0.0111111111111111
"Leaf257","Leaf311",0.00555555555555556
"Leaf257","Leaf313",0.0333333333333333
"Leaf257","Leaf314",0
"Leaf257","Leaf32",0.172222222222222
"Leaf257","Leaf324",0.0111111111111111
"Leaf257","Leaf326",0.0277777777777778
"Leaf257","Leaf33",0.0555555555555556
"Leaf257","Leaf334",0.266666666666667
"Leaf257","Leaf335",0.0333333333333333
"Leaf257","Leaf336",0
"Leaf257","Leaf337",0.0111111111111111
"Leaf257","Leaf339",0.0111111111111111
"Leaf257","Leaf34",0.00555555555555556
"Leaf257","Leaf343",0.05
"Leaf257","Leaf344",0.05
"Leaf257","Leaf351",0.00555555555555556
"Leaf257","Leaf354",0.0111111111111111
"Leaf257","Leaf357",0.383333333333333
"Leaf257","Leaf359",0.0888888888888889
"Leaf257","Leaf361",0.205555555555556
"Leaf257","Leaf363",0.0277777777777778
"Leaf257","Leaf369",0.0333333333333333
"Leaf257","Leaf371",0.0111111111111111
"Leaf257","Leaf380",0.0166666666666667
"Leaf257","Leaf391",0.316666666666667
"Leaf257","Leaf394",0.0777777777777778
"Leaf257","Leaf396",0.0333333333333333
"Leaf257","Leaf405",0.0166666666666667
"Leaf257","Leaf406",0.0277777777777778
"Leaf257","Leaf41",0.0888888888888889
"Leaf257","Leaf412",0.0944444444444444
"Leaf257","Leaf416",0.122222222222222
"Leaf257","Leaf42",0.0388888888888889
"Leaf257","Leaf420",0.127777777777778
"Leaf257","Leaf427",0.0611111111111111
"Leaf257","Leaf434",0
"Leaf257","Leaf443",0.00555555555555556
"Leaf257","Leaf446",0.0722222222222222
"Leaf257","Leaf454",0.133333333333333
"Leaf257","Leaf456",0
"Leaf257","Leaf466",0.0277777777777778
"Leaf257","Leaf49",0.0388888888888889
"Leaf257","Leaf5",0
"Leaf257","Leaf50",0.00555555555555556
"Leaf257","Leaf51",0.00555555555555556
"Leaf257","Leaf53",0.0277777777777778
"Leaf257","Leaf58",0.0111111111111111
"Leaf257","Leaf61",0.0277777777777778
"Leaf257","Leaf62",0.0611111111111111
"Leaf257","Leaf64",0.327777777777778
"Leaf257","Leaf67",0.0555555555555556
"Leaf257","Leaf68",0.05
"Leaf257","Leaf69",0.00555555555555556
"Leaf257","Leaf70",0.0333333333333333
"Leaf257","Leaf75",0.0111111111111111
"Leaf257","Leaf76",0.0888888888888889
"Leaf257","Leaf78",0
"Leaf257","Leaf82",0
"Leaf257","Leaf83",0.233333333333333
"Leaf257","Leaf85",0
"Leaf257","Leaf86",0.0833333333333333
"Leaf257","Leaf87",0.183333333333333
"Leaf257","Leaf88",0.05
"Leaf257","Leaf90",0.15
"Leaf257","Leaf91",0.222222222222222
"Leaf257","Leaf99",0.0222222222222222
"Leaf26","Leaf261",0.0777777777777778
"Leaf26","Leaf262",0.127777777777778
"Leaf26","Leaf263",0
"Leaf26","Leaf264",0
"Leaf26","Leaf265",0.0111111111111111
"Leaf26","Leaf267",0.0555555555555556
"Leaf26","Leaf274",0.00555555555555556
"Leaf26","Leaf28",0
"Leaf26","Leaf280",0
"Leaf26","Leaf285",0.144444444444444
"Leaf26","Leaf288",0.0611111111111111
"Leaf26","Leaf289",0.0166666666666667
"Leaf26","Leaf299",0
"Leaf26","Leaf3",0.00555555555555556
"Leaf26","Leaf30",0.1
"Leaf26","Leaf304",0.0666666666666667
"Leaf26","Leaf306",0.00555555555555556
"Leaf26","Leaf311",0.0444444444444444
"Leaf26","Leaf313",0
"Leaf26","Leaf314",0
"Leaf26","Leaf32",0
"Leaf26","Leaf324",0.0111111111111111
"Leaf26","Leaf326",0.0166666666666667
"Leaf26","Leaf33",0.111111111111111
"Leaf26","Leaf334",0.0222222222222222
"Leaf26","Leaf335",0.311111111111111
"Leaf26","Leaf336",0.211111111111111
"Leaf26","Leaf337",0.0166666666666667
"Leaf26","Leaf339",0
"Leaf26","Leaf34",0.0166666666666667
"Leaf26","Leaf343",0.261111111111111
"Leaf26","Leaf344",0.0555555555555556
"Leaf26","Leaf351",0
"Leaf26","Leaf354",0.00555555555555556
"Leaf26","Leaf357",0.0166666666666667
"Leaf26","Leaf359",0.188888888888889
"Leaf26","Leaf361",0.527777777777778
"Leaf26","Leaf363",0.0277777777777778
"Leaf26","Leaf369",0.0333333333333333
"Leaf26","Leaf371",0.0166666666666667
"Leaf26","Leaf380",0.0166666666666667
"Leaf26","Leaf391",0.0388888888888889
"Leaf26","Leaf394",0.0888888888888889
"Leaf26","Leaf396",0.0222222222222222
"Leaf26","Leaf405",0
"Leaf26","Leaf406",0.0388888888888889
"Leaf26","Leaf41",0.0111111111111111
"Leaf26","Leaf412",0.0944444444444444
"Leaf26","Leaf416",0.0666666666666667
"Leaf26","Leaf42",0.0222222222222222
"Leaf26","Leaf420",0
"Leaf26","Leaf427",0
"Leaf26","Leaf434",0
"Leaf26","Leaf443",0.0111111111111111
"Leaf26","Leaf446",0.0611111111111111
"Leaf26","Leaf454",0.133333333333333
"Leaf26","Leaf456",0
"Leaf26","Leaf466",0.166666666666667
"Leaf26","Leaf49",0.0444444444444444
"Leaf26","Leaf5",0
"Leaf26","Leaf50",0.111111111111111
"Leaf26","Leaf51",0
"Leaf26","Leaf53",0
"Leaf26","Leaf58",0.05
"Leaf26","Leaf61",0.0166666666666667
"Leaf26","Leaf62",0.00555555555555556
"Leaf26","Leaf64",0
"Leaf26","Leaf67",0.00555555555555556
"Leaf26","Leaf68",0.0611111111111111
"Leaf26","Leaf69",0.00555555555555556
"Leaf26","Leaf70",0.205555555555556
"Leaf26","Leaf75",0
"Leaf26","Leaf76",0.433333333333333
"Leaf26","Leaf78",0.472222222222222
"Leaf26","Leaf82",0.0166666666666667
"Leaf26","Leaf83",0.0722222222222222
"Leaf26","Leaf85",0
"Leaf26","Leaf86",0.0444444444444444
"Leaf26","Leaf87",0.111111111111111
"Leaf26","Leaf88",0.0333333333333333
"Leaf26","Leaf90",0.0444444444444444
"Leaf26","Leaf91",0.0611111111111111
"Leaf26","Leaf99",0.0833333333333333
"Leaf261","Leaf262",0.205555555555556
"Leaf261","Leaf263",0.0777777777777778
"Leaf261","Leaf264",0.0888888888888889
"Leaf261","Leaf265",0.0833333333333333
"Leaf261","Leaf267",0.127777777777778
"Leaf261","Leaf274",0.0888888888888889
"Leaf261","Leaf28",0.0666666666666667
"Leaf261","Leaf280",0.0777777777777778
"Leaf261","Leaf285",0.2
"Leaf261","Leaf288",0.183333333333333
"Leaf261","Leaf289",0.0944444444444444
"Leaf261","Leaf299",0.138888888888889
"Leaf261","Leaf3",0.0777777777777778
"Leaf261","Leaf30",0.127777777777778
"Leaf261","Leaf304",0.15
"Leaf261","Leaf306",0.1
"Leaf261","Leaf311",0.116666666666667
"Leaf261","Leaf313",0.238888888888889
"Leaf261","Leaf314",0.0666666666666667
"Leaf261","Leaf32",0.0666666666666667
"Leaf261","Leaf324",0.0722222222222222
"Leaf261","Leaf326",0.111111111111111
"Leaf261","Leaf33",0.0722222222222222
"Leaf261","Leaf334",0.0666666666666667
"Leaf261","Leaf335",0.0777777777777778
"Leaf261","Leaf336",0.0944444444444444
"Leaf261","Leaf337",0.0833333333333333
"Leaf261","Leaf339",0.227777777777778
"Leaf261","Leaf34",0.0666666666666667
"Leaf261","Leaf343",0.155555555555556
"Leaf261","Leaf344",0.166666666666667
"Leaf261","Leaf351",0.0611111111111111
"Leaf261","Leaf354",0.0833333333333333
"Leaf261","Leaf357",0.1
"Leaf261","Leaf359",0.155555555555556
"Leaf261","Leaf361",0.0611111111111111
"Leaf261","Leaf363",0.144444444444444
"Leaf261","Leaf369",0.111111111111111
"Leaf261","Leaf371",0.0666666666666667
"Leaf261","Leaf380",0.1
"Leaf261","Leaf391",0.0722222222222222
"Leaf261","Leaf394",0.177777777777778
"Leaf261","Leaf396",0.116666666666667
"Leaf261","Leaf405",0.111111111111111
"Leaf261","Leaf406",0.138888888888889
"Leaf261","Leaf41",0.305555555555556
"Leaf261","Leaf412",0.166666666666667
"Leaf261","Leaf416",0.105555555555556
"Leaf261","Leaf42",0.0777777777777778
"Leaf261","Leaf420",0.238888888888889
"Leaf261","Leaf427",0.0888888888888889
"Leaf261","Leaf434",0.0722222222222222
"Leaf261","Leaf443",0.0611111111111111
"Leaf261","Leaf446",0.166666666666667
"Leaf261","Leaf454",0.233333333333333
"Leaf261","Leaf456",0.0611111111111111
"Leaf261","Leaf466",0.0944444444444444
"Leaf261","Leaf49",0.1
"Leaf261","Leaf5",0.0722222222222222
"Leaf261","Leaf50",0.0666666666666667
"Leaf261","Leaf51",0.0666666666666667
"Leaf261","Leaf53",0.0944444444444444
"Leaf261","Leaf58",0.0777777777777778
"Leaf261","Leaf61",0.1
"Leaf261","Leaf62",0.177777777777778
"Leaf261","Leaf64",0.0888888888888889
"Leaf261","Leaf67",0.122222222222222
"Leaf261","Leaf68",0.15
"Leaf261","Leaf69",0.0888888888888889
"Leaf261","Leaf70",0.155555555555556
"Leaf261","Leaf75",0.111111111111111
"Leaf261","Leaf76",0.144444444444444
"Leaf261","Leaf78",0.0611111111111111
"Leaf261","Leaf82",0.0555555555555556
"Leaf261","Leaf83",0.0611111111111111
"Leaf261","Leaf85",0.0777777777777778
"Leaf261","Leaf86",0.0833333333333333
"Leaf261","Leaf87",0.133333333333333
"Leaf261","Leaf88",0.205555555555556
"Leaf261","Leaf90",0.133333333333333
"Leaf261","Leaf91",0.0777777777777778
"Leaf261","Leaf99",0.0944444444444444
"Leaf262","Leaf263",0
"Leaf262","Leaf264",0.116666666666667
"Leaf262","Leaf265",0.172222222222222
"Leaf262","Leaf267",0.155555555555556
"Leaf262","Leaf274",0.1
"Leaf262","Leaf28",0.00555555555555556
"Leaf262","Leaf280",0.0166666666666667
"Leaf262","Leaf285",0.00555555555555556
"Leaf262","Leaf288",0.15
"Leaf262","Leaf289",0.00555555555555556
"Leaf262","Leaf299",0.0111111111111111
"Leaf262","Leaf3",0.0222222222222222
"Leaf262","Leaf30",0.1
"Leaf262","Leaf304",0.0888888888888889
"Leaf262","Leaf306",0.366666666666667
"Leaf262","Leaf311",0.0388888888888889
"Leaf262","Leaf313",0.0611111111111111
"Leaf262","Leaf314",0.111111111111111
"Leaf262","Leaf32",0.138888888888889
"Leaf262","Leaf324",0.0888888888888889
"Leaf262","Leaf326",0.194444444444444
"Leaf262","Leaf33",0.0222222222222222
"Leaf262","Leaf334",0.0333333333333333
"Leaf262","Leaf335",0.333333333333333
"Leaf262","Leaf336",0.0388888888888889
"Leaf262","Leaf337",0.00555555555555556
"Leaf262","Leaf339",0.0944444444444444
"Leaf262","Leaf34",0.0944444444444444
"Leaf262","Leaf343",0.0666666666666667
"Leaf262","Leaf344",0.288888888888889
"Leaf262","Leaf351",0
"Leaf262","Leaf354",0.0333333333333333
"Leaf262","Leaf357",0.0111111111111111
"Leaf262","Leaf359",0
"Leaf262","Leaf361",0.122222222222222
"Leaf262","Leaf363",0.0222222222222222
"Leaf262","Leaf369",0.05
"Leaf262","Leaf371",0.211111111111111
"Leaf262","Leaf380",0.0333333333333333
"Leaf262","Leaf391",0.2
"Leaf262","Leaf394",0.0777777777777778
"Leaf262","Leaf396",0.0444444444444444
"Leaf262","Leaf405",0.0277777777777778
"Leaf262","Leaf406",0.0388888888888889
"Leaf262","Leaf41",0.144444444444444
"Leaf262","Leaf412",0.0833333333333333
"Leaf262","Leaf416",0.166666666666667
"Leaf262","Leaf42",0.155555555555556
"Leaf262","Leaf420",0.0777777777777778
"Leaf262","Leaf427",0.144444444444444
"Leaf262","Leaf434",0.0777777777777778
"Leaf262","Leaf443",0.577777777777778
"Leaf262","Leaf446",0.0722222222222222
"Leaf262","Leaf454",0.144444444444444
"Leaf262","Leaf456",0.0833333333333333
"Leaf262","Leaf466",0.0277777777777778
"Leaf262","Leaf49",0.133333333333333
"Leaf262","Leaf5",0.0222222222222222
"Leaf262","Leaf50",0.45
"Leaf262","Leaf51",0
"Leaf262","Leaf53",0.0111111111111111
"Leaf262","Leaf58",0.0833333333333333
"Leaf262","Leaf61",0.333333333333333
"Leaf262","Leaf62",0
"Leaf262","Leaf64",0.0111111111111111
"Leaf262","Leaf67",0.00555555555555556
"Leaf262","Leaf68",0.272222222222222
"Leaf262","Leaf69",0.144444444444444
"Leaf262","Leaf70",0.0388888888888889
"Leaf262","Leaf75",0.0166666666666667
"Leaf262","Leaf76",0.172222222222222
"Leaf262","Leaf78",0.0666666666666667
"Leaf262","Leaf82",0
"Leaf262","Leaf83",0.166666666666667
"Leaf262","Leaf85",0.1
"Leaf262","Leaf86",0.138888888888889
"Leaf262","Leaf87",0.177777777777778
"Leaf262","Leaf88",0.1
"Leaf262","Leaf90",0.166666666666667
"Leaf262","Leaf91",0.127777777777778
"Leaf262","Leaf99",0
"Leaf263","Leaf264",0
"Leaf263","Leaf265",0
"Leaf263","Leaf267",0.0444444444444444
"Leaf263","Leaf274",0
"Leaf263","Leaf28",0.00555555555555556
"Leaf263","Leaf280",0
"Leaf263","Leaf285",0.0833333333333333
"Leaf263","Leaf288",0.0444444444444444
"Leaf263","Leaf289",0.1
"Leaf263","Leaf299",0.105555555555556
"Leaf263","Leaf3",0.0111111111111111
"Leaf263","Leaf30",0.0666666666666667
"Leaf263","Leaf304",0.05
"Leaf263","Leaf306",0.0111111111111111
"Leaf263","Leaf311",0
"Leaf263","Leaf313",0.00555555555555556
"Leaf263","Leaf314",0
"Leaf263","Leaf32",0
"Leaf263","Leaf324",0.0166666666666667
"Leaf263","Leaf326",0.0111111111111111
"Leaf263","Leaf33",0.0111111111111111
"Leaf263","Leaf334",0.472222222222222
"Leaf263","Leaf335",0.0222222222222222
"Leaf263","Leaf336",0
"Leaf263","Leaf337",0.00555555555555556
"Leaf263","Leaf339",0.0111111111111111
"Leaf263","Leaf34",0.0111111111111111
"Leaf263","Leaf343",0.0444444444444444
"Leaf263","Leaf344",0.0388888888888889
"Leaf263","Leaf351",0.238888888888889
"Leaf263","Leaf354",0
"Leaf263","Leaf357",0.0333333333333333
"Leaf263","Leaf359",0.494444444444444
"Leaf263","Leaf361",0
"Leaf263","Leaf363",0.0222222222222222
"Leaf263","Leaf369",0.0277777777777778
"Leaf263","Leaf371",0.00555555555555556
"Leaf263","Leaf380",0.0111111111111111
"Leaf263","Leaf391",0.00555555555555556
"Leaf263","Leaf394",0.0777777777777778
"Leaf263","Leaf396",0.0333333333333333
"Leaf263","Leaf405",0.00555555555555556
"Leaf263","Leaf406",0.0277777777777778
"Leaf263","Leaf41",0.0166666666666667
"Leaf263","Leaf412",0.0888888888888889
"Leaf263","Leaf416",0.0111111111111111
"Leaf263","Leaf42",0.333333333333333
"Leaf263","Leaf420",0
"Leaf263","Leaf427",0.0277777777777778
"Leaf263","Leaf434",0
"Leaf263","Leaf443",0.0166666666666667
"Leaf263","Leaf446",0.0722222222222222
"Leaf263","Leaf454",0.116666666666667
"Leaf263","Leaf456",0
"Leaf263","Leaf466",0
"Leaf263","Leaf49",0.0388888888888889
"Leaf263","Leaf5",0
"Leaf263","Leaf50",0
"Leaf263","Leaf51",0.0111111111111111
"Leaf263","Leaf53",0.00555555555555556
"Leaf263","Leaf58",0.00555555555555556
"Leaf263","Leaf61",0.0111111111111111
"Leaf263","Leaf62",0
"Leaf263","Leaf64",0.00555555555555556
"Leaf263","Leaf67",0.0166666666666667
"Leaf263","Leaf68",0.0111111111111111
"Leaf263","Leaf69",0.2
"Leaf263","Leaf70",0.0222222222222222
"Leaf263","Leaf75",0
"Leaf263","Leaf76",0.0666666666666667
"Leaf263","Leaf78",0
"Leaf263","Leaf82",0
"Leaf263","Leaf83",0.00555555555555556
"Leaf263","Leaf85",0.00555555555555556
"Leaf263","Leaf86",0.0944444444444444
"Leaf263","Leaf87",0.0166666666666667
"Leaf263","Leaf88",0.0333333333333333
"Leaf263","Leaf90",0.133333333333333
"Leaf263","Leaf91",0
"Leaf263","Leaf99",0.0222222222222222
"Leaf264","Leaf265",0
"Leaf264","Leaf267",0.0666666666666667
"Leaf264","Leaf274",0.00555555555555556
"Leaf264","Leaf28",0.00555555555555556
"Leaf264","Leaf280",0.0166666666666667
"Leaf264","Leaf285",0.0222222222222222
"Leaf264","Leaf288",0.0444444444444444
"Leaf264","Leaf289",0.0388888888888889
"Leaf264","Leaf299",0.0444444444444444
"Leaf264","Leaf3",0.0111111111111111
"Leaf264","Leaf30",0.122222222222222
"Leaf264","Leaf304",0.0722222222222222
"Leaf264","Leaf306",0.0277777777777778
"Leaf264","Leaf311",0.0444444444444444
"Leaf264","Leaf313",0.00555555555555556
"Leaf264","Leaf314",0.00555555555555556
"Leaf264","Leaf32",0.00555555555555556
"Leaf264","Leaf324",0.0222222222222222
"Leaf264","Leaf326",0.0388888888888889
"Leaf264","Leaf33",0.0111111111111111
"Leaf264","Leaf334",0.0388888888888889
"Leaf264","Leaf335",0.0611111111111111
"Leaf264","Leaf336",0.0166666666666667
"Leaf264","Leaf337",0
"Leaf264","Leaf339",0
"Leaf264","Leaf34",0.0166666666666667
"Leaf264","Leaf343",0.0833333333333333
"Leaf264","Leaf344",0.0611111111111111
"Leaf264","Leaf351",0
"Leaf264","Leaf354",0.00555555555555556
"Leaf264","Leaf357",0.0111111111111111
"Leaf264","Leaf359",0.133333333333333
"Leaf264","Leaf361",0.0111111111111111
"Leaf264","Leaf363",0.0222222222222222
"Leaf264","Leaf369",0.0333333333333333
"Leaf264","Leaf371",0.0333333333333333
"Leaf264","Leaf380",0.0222222222222222
"Leaf264","Leaf391",0.0333333333333333
"Leaf264","Leaf394",0.0888888888888889
"Leaf264","Leaf396",0.0277777777777778
"Leaf264","Leaf405",0.0111111111111111
"Leaf264","Leaf406",0.0388888888888889
"Leaf264","Leaf41",0.0666666666666667
"Leaf264","Leaf412",0.105555555555556
"Leaf264","Leaf416",0.0333333333333333
"Leaf264","Leaf42",0.0777777777777778
"Leaf264","Leaf420",0
"Leaf264","Leaf427",0.00555555555555556
"Leaf264","Leaf434",0.0666666666666667
"Leaf264","Leaf443",0.0222222222222222
"Leaf264","Leaf446",0.0666666666666667
"Leaf264","Leaf454",0.122222222222222
"Leaf264","Leaf456",0
"Leaf264","Leaf466",0.116666666666667
"Leaf264","Leaf49",0.0611111111111111
"Leaf264","Leaf5",0
"Leaf264","Leaf50",0.105555555555556
"Leaf264","Leaf51",0
"Leaf264","Leaf53",0.0222222222222222
"Leaf264","Leaf58",0.0166666666666667
"Leaf264","Leaf61",0.0333333333333333
"Leaf264","Leaf62",0.0777777777777778
"Leaf264","Leaf64",0
"Leaf264","Leaf67",0.0111111111111111
"Leaf264","Leaf68",0.122222222222222
"Leaf264","Leaf69",0.0222222222222222
"Leaf264","Leaf70",0.0388888888888889
"Leaf264","Leaf75",0.0222222222222222
"Leaf264","Leaf76",0.0444444444444444
"Leaf264","Leaf78",0
"Leaf264","Leaf82",0.00555555555555556
"Leaf264","Leaf83",0
"Leaf264","Leaf85",0
"Leaf264","Leaf86",0.0333333333333333
"Leaf264","Leaf87",0.0722222222222222
"Leaf264","Leaf88",0
"Leaf264","Leaf90",0.0666666666666667
"Leaf264","Leaf91",0.00555555555555556
"Leaf264","Leaf99",0.0777777777777778
"Leaf265","Leaf267",0.0444444444444444
"Leaf265","Leaf274",0.488888888888889
"Leaf265","Leaf28",0
"Leaf265","Leaf280",0.00555555555555556
"Leaf265","Leaf285",0.0388888888888889
"Leaf265","Leaf288",0.05
"Leaf265","Leaf289",0.0111111111111111
"Leaf265","Leaf299",0.00555555555555556
"Leaf265","Leaf3",0
"Leaf265","Leaf30",0.0611111111111111
"Leaf265","Leaf304",0.0611111111111111
"Leaf265","Leaf306",0
"Leaf265","Leaf311",0.0888888888888889
"Leaf265","Leaf313",0.122222222222222
"Leaf265","Leaf314",0.244444444444444
"Leaf265","Leaf32",0.05
"Leaf265","Leaf324",0.05
"Leaf265","Leaf326",0.0277777777777778
"Leaf265","Leaf33",0.105555555555556
"Leaf265","Leaf334",0.0166666666666667
"Leaf265","Leaf335",0.0611111111111111
"Leaf265","Leaf336",0
"Leaf265","Leaf337",0
"Leaf265","Leaf339",0.0444444444444444
"Leaf265","Leaf34",0.0111111111111111
"Leaf265","Leaf343",0.0444444444444444
"Leaf265","Leaf344",0.05
"Leaf265","Leaf351",0
"Leaf265","Leaf354",0
"Leaf265","Leaf357",0
"Leaf265","Leaf359",0.0888888888888889
"Leaf265","Leaf361",0.1
"Leaf265","Leaf363",0.0166666666666667
"Leaf265","Leaf369",0.0222222222222222
"Leaf265","Leaf371",0.122222222222222
"Leaf265","Leaf380",0.0111111111111111
"Leaf265","Leaf391",0.188888888888889
"Leaf265","Leaf394",0.111111111111111
"Leaf265","Leaf396",0.0333333333333333
"Leaf265","Leaf405",0.0333333333333333
"Leaf265","Leaf406",0.0333333333333333
"Leaf265","Leaf41",0.344444444444444
"Leaf265","Leaf412",0.0777777777777778
"Leaf265","Leaf416",0.177777777777778
"Leaf265","Leaf42",0.0833333333333333
"Leaf265","Leaf420",0.0166666666666667
"Leaf265","Leaf427",0.122222222222222
"Leaf265","Leaf434",0.0388888888888889
"Leaf265","Leaf443",0.0555555555555556
"Leaf265","Leaf446",0.0722222222222222
"Leaf265","Leaf454",0.122222222222222
"Leaf265","Leaf456",0.0277777777777778
"Leaf265","Leaf466",0.0388888888888889
"Leaf265","Leaf49",0.0388888888888889
"Leaf265","Leaf5",0
"Leaf265","Leaf50",0.183333333333333
"Leaf265","Leaf51",0
"Leaf265","Leaf53",0
"Leaf265","Leaf58",0.0277777777777778
"Leaf265","Leaf61",0.0166666666666667
"Leaf265","Leaf62",0.0166666666666667
"Leaf265","Leaf64",0
"Leaf265","Leaf67",0.0166666666666667
"Leaf265","Leaf68",0.161111111111111
"Leaf265","Leaf69",0.0222222222222222
"Leaf265","Leaf70",0.0222222222222222
"Leaf265","Leaf75",0.00555555555555556
"Leaf265","Leaf76",0.172222222222222
"Leaf265","Leaf78",0.116666666666667
"Leaf265","Leaf82",0
"Leaf265","Leaf83",0.144444444444444
"Leaf265","Leaf85",0.0722222222222222
"Leaf265","Leaf86",0.155555555555556
"Leaf265","Leaf87",0.2
"Leaf265","Leaf88",0.00555555555555556
"Leaf265","Leaf90",0.194444444444444
"Leaf265","Leaf91",0.127777777777778
"Leaf265","Leaf99",0.0222222222222222
"Leaf267","Leaf274",0.0555555555555556
"Leaf267","Leaf28",0.0555555555555556
"Leaf267","Leaf280",0.0555555555555556
"Leaf267","Leaf285",0.194444444444444
"Leaf267","Leaf288",0.1
"Leaf267","Leaf289",0.161111111111111
"Leaf267","Leaf299",0.105555555555556
"Leaf267","Leaf3",0.0722222222222222
"Leaf267","Leaf30",0.1
"Leaf267","Leaf304",0.0944444444444444
"Leaf267","Leaf306",0.0666666666666667
"Leaf267","Leaf311",0.0833333333333333
"Leaf267","Leaf313",0.0444444444444444
"Leaf267","Leaf314",0.0555555555555556
"Leaf267","Leaf32",0.05
"Leaf267","Leaf324",0.05
"Leaf267","Leaf326",0.0611111111111111
"Leaf267","Leaf33",0.122222222222222
"Leaf267","Leaf334",0.0555555555555556
"Leaf267","Leaf335",0.105555555555556
"Leaf267","Leaf336",0.0611111111111111
"Leaf267","Leaf337",0.0555555555555556
"Leaf267","Leaf339",0.05
"Leaf267","Leaf34",0.05
"Leaf267","Leaf343",0.0888888888888889
"Leaf267","Leaf344",0.35
"Leaf267","Leaf351",0.0611111111111111
"Leaf267","Leaf354",0.05
"Leaf267","Leaf357",0.0555555555555556
"Leaf267","Leaf359",0.138888888888889
"Leaf267","Leaf361",0.0444444444444444
"Leaf267","Leaf363",0.0833333333333333
"Leaf267","Leaf369",0.0833333333333333
"Leaf267","Leaf371",0.0944444444444444
"Leaf267","Leaf380",0.0666666666666667
"Leaf267","Leaf391",0.0555555555555556
"Leaf267","Leaf394",0.122222222222222
"Leaf267","Leaf396",0.0666666666666667
"Leaf267","Leaf405",0.05
"Leaf267","Leaf406",0.0833333333333333
"Leaf267","Leaf41",0.155555555555556
"Leaf267","Leaf412",0.111111111111111
"Leaf267","Leaf416",0.0888888888888889
"Leaf267","Leaf42",0.0444444444444444
"Leaf267","Leaf420",0.05
"Leaf267","Leaf427",0.166666666666667
"Leaf267","Leaf434",0.0555555555555556
"Leaf267","Leaf443",0.0444444444444444
"Leaf267","Leaf446",0.122222222222222
"Leaf267","Leaf454",0.127777777777778
"Leaf267","Leaf456",0.05
"Leaf267","Leaf466",0.0777777777777778
"Leaf267","Leaf49",0.283333333333333
"Leaf267","Leaf5",0.0444444444444444
"Leaf267","Leaf50",0.05
"Leaf267","Leaf51",0.0444444444444444
"Leaf267","Leaf53",0.05
"Leaf267","Leaf58",0.0444444444444444
"Leaf267","Leaf61",0.0833333333333333
"Leaf267","Leaf62",0.0611111111111111
"Leaf267","Leaf64",0.0555555555555556
"Leaf267","Leaf67",0.0777777777777778
"Leaf267","Leaf68",0.211111111111111
"Leaf267","Leaf69",0.0611111111111111
"Leaf267","Leaf70",0.0888888888888889
"Leaf267","Leaf75",0.0611111111111111
"Leaf267","Leaf76",0.105555555555556
"Leaf267","Leaf78",0.05
"Leaf267","Leaf82",0.0444444444444444
"Leaf267","Leaf83",0.05
"Leaf267","Leaf85",0.227777777777778
"Leaf267","Leaf86",0.0611111111111111
"Leaf267","Leaf87",0.1
"Leaf267","Leaf88",0.111111111111111
"Leaf267","Leaf90",0.0611111111111111
"Leaf267","Leaf91",0.05
"Leaf267","Leaf99",0.111111111111111
"Leaf274","Leaf28",0
"Leaf274","Leaf280",0.394444444444444
"Leaf274","Leaf285",0.00555555555555556
"Leaf274","Leaf288",0.0722222222222222
"Leaf274","Leaf289",0
"Leaf274","Leaf299",0.0611111111111111
"Leaf274","Leaf3",0.00555555555555556
"Leaf274","Leaf30",0.0888888888888889
"Leaf274","Leaf304",0.0666666666666667
"Leaf274","Leaf306",0.05
"Leaf274","Leaf311",0.0111111111111111
"Leaf274","Leaf313",0.0222222222222222
"Leaf274","Leaf314",0
"Leaf274","Leaf32",0
"Leaf274","Leaf324",0.488888888888889
"Leaf274","Leaf326",0.0388888888888889
"Leaf274","Leaf33",0.0333333333333333
"Leaf274","Leaf334",0.0222222222222222
"Leaf274","Leaf335",0.00555555555555556
"Leaf274","Leaf336",0.0111111111111111
"Leaf274","Leaf337",0
"Leaf274","Leaf339",0.00555555555555556
"Leaf274","Leaf34",0.0166666666666667
"Leaf274","Leaf343",0.0944444444444444
"Leaf274","Leaf344",0.0722222222222222
"Leaf274","Leaf351",0
"Leaf274","Leaf354",0.00555555555555556
"Leaf274","Leaf357",0.0277777777777778
"Leaf274","Leaf359",0.0444444444444444
"Leaf274","Leaf361",0
"Leaf274","Leaf363",0.0277777777777778
"Leaf274","Leaf369",0.0388888888888889
"Leaf274","Leaf371",0.0166666666666667
"Leaf274","Leaf380",0.0111111111111111
"Leaf274","Leaf391",0.0333333333333333
"Leaf274","Leaf394",0.322222222222222
"Leaf274","Leaf396",0.0555555555555556
"Leaf274","Leaf405",0
"Leaf274","Leaf406",0.05
"Leaf274","Leaf41",0.0555555555555556
"Leaf274","Leaf412",0.111111111111111
"Leaf274","Leaf416",0.0888888888888889
"Leaf274","Leaf42",0.0222222222222222
"Leaf274","Leaf420",0.00555555555555556
"Leaf274","Leaf427",0.0222222222222222
"Leaf274","Leaf434",0.00555555555555556
"Leaf274","Leaf443",0.0111111111111111
"Leaf274","Leaf446",0.0888888888888889
"Leaf274","Leaf454",0.172222222222222
"Leaf274","Leaf456",0
"Leaf274","Leaf466",0.0222222222222222
"Leaf274","Leaf49",0.0444444444444444
"Leaf274","Leaf5",0
"Leaf274","Leaf50",0
"Leaf274","Leaf51",0
"Leaf274","Leaf53",0.00555555555555556
"Leaf274","Leaf58",0.0111111111111111
"Leaf274","Leaf61",0.0222222222222222
"Leaf274","Leaf62",0.0277777777777778
"Leaf274","Leaf64",0.00555555555555556
"Leaf274","Leaf67",0.00555555555555556
"Leaf274","Leaf68",0.0388888888888889
"Leaf274","Leaf69",0.00555555555555556
"Leaf274","Leaf70",0.0388888888888889
"Leaf274","Leaf75",0.00555555555555556
"Leaf274","Leaf76",0.0277777777777778
"Leaf274","Leaf78",0.00555555555555556
"Leaf274","Leaf82",0
"Leaf274","Leaf83",0.0444444444444444
"Leaf274","Leaf85",0.00555555555555556
"Leaf274","Leaf86",0.177777777777778
"Leaf274","Leaf87",0.0166666666666667
"Leaf274","Leaf88",0.00555555555555556
"Leaf274","Leaf90",0.00555555555555556
"Leaf274","Leaf91",0.0166666666666667
"Leaf274","Leaf99",0.0166666666666667
"Leaf28","Leaf280",0.0111111111111111
"Leaf28","Leaf285",0.122222222222222
"Leaf28","Leaf288",0.0555555555555556
"Leaf28","Leaf289",0.00555555555555556
"Leaf28","Leaf299",0.0166666666666667
"Leaf28","Leaf3",0.00555555555555556
"Leaf28","Leaf30",0.0722222222222222
"Leaf28","Leaf304",0.0666666666666667
"Leaf28","Leaf306",0.0222222222222222
"Leaf28","Leaf311",0.0111111111111111
"Leaf28","Leaf313",0.0111111111111111
"Leaf28","Leaf314",0
"Leaf28","Leaf32",0
"Leaf28","Leaf324",0.0111111111111111
"Leaf28","Leaf326",0.0388888888888889
"Leaf28","Leaf33",0
"Leaf28","Leaf334",0.0166666666666667
"Leaf28","Leaf335",0.0444444444444444
"Leaf28","Leaf336",0
"Leaf28","Leaf337",0
"Leaf28","Leaf339",0.188888888888889
"Leaf28","Leaf34",0.00555555555555556
"Leaf28","Leaf343",0.0555555555555556
"Leaf28","Leaf344",0.0666666666666667
"Leaf28","Leaf351",0.122222222222222
"Leaf28","Leaf354",0.161111111111111
"Leaf28","Leaf357",0
"Leaf28","Leaf359",0.0277777777777778
"Leaf28","Leaf361",0
"Leaf28","Leaf363",0.388888888888889
"Leaf28","Leaf369",0.0444444444444444
"Leaf28","Leaf371",0.00555555555555556
"Leaf28","Leaf380",0.0111111111111111
"Leaf28","Leaf391",0.0333333333333333
"Leaf28","Leaf394",0.0833333333333333
"Leaf28","Leaf396",0.0222222222222222
"Leaf28","Leaf405",0.00555555555555556
"Leaf28","Leaf406",0.0333333333333333
"Leaf28","Leaf41",0.0166666666666667
"Leaf28","Leaf412",0.1
"Leaf28","Leaf416",0.0222222222222222
"Leaf28","Leaf42",0.0111111111111111
"Leaf28","Leaf420",0
"Leaf28","Leaf427",0.05
"Leaf28","Leaf434",0
"Leaf28","Leaf443",0.00555555555555556
"Leaf28","Leaf446",0.0777777777777778
"Leaf28","Leaf454",0.138888888888889
"Leaf28","Leaf456",0
"Leaf28","Leaf466",0.161111111111111
"Leaf28","Leaf49",0.0444444444444444
"Leaf28","Leaf5",0
"Leaf28","Leaf50",0
"Leaf28","Leaf51",0
"Leaf28","Leaf53",0
"Leaf28","Leaf58",0.00555555555555556
"Leaf28","Leaf61",0.0166666666666667
"Leaf28","Leaf62",0.133333333333333
"Leaf28","Leaf64",0
"Leaf28","Leaf67",0
"Leaf28","Leaf68",0.0555555555555556
"Leaf28","Leaf69",0.00555555555555556
"Leaf28","Leaf70",0.0333333333333333
"Leaf28","Leaf75",0.00555555555555556
"Leaf28","Leaf76",0
"Leaf28","Leaf78",0.00555555555555556
"Leaf28","Leaf82",0
"Leaf28","Leaf83",0.0444444444444444
"Leaf28","Leaf85",0
"Leaf28","Leaf86",0.00555555555555556
"Leaf28","Leaf87",0.177777777777778
"Leaf28","Leaf88",0.00555555555555556
"Leaf28","Leaf90",0.0222222222222222
"Leaf28","Leaf91",0
"Leaf28","Leaf99",0.144444444444444
"Leaf280","Leaf285",0
"Leaf280","Leaf288",0.0611111111111111
"Leaf280","Leaf289",0.00555555555555556
"Leaf280","Leaf299",0.0666666666666667
"Leaf280","Leaf3",0.00555555555555556
"Leaf280","Leaf30",0.127777777777778
"Leaf280","Leaf304",0.0722222222222222
"Leaf280","Leaf306",0.0277777777777778
"Leaf280","Leaf311",0
"Leaf280","Leaf313",0.0222222222222222
"Leaf280","Leaf314",0
"Leaf280","Leaf32",0
"Leaf280","Leaf324",0.327777777777778
"Leaf280","Leaf326",0.0222222222222222
"Leaf280","Leaf33",0.1
"Leaf280","Leaf334",0.0166666666666667
"Leaf280","Leaf335",0.05
"Leaf280","Leaf336",0
"Leaf280","Leaf337",0
"Leaf280","Leaf339",0
"Leaf280","Leaf34",0.0111111111111111
"Leaf280","Leaf343",0.311111111111111
"Leaf280","Leaf344",0.0666666666666667
"Leaf280","Leaf351",0
"Leaf280","Leaf354",0.00555555555555556
"Leaf280","Leaf357",0.00555555555555556
"Leaf280","Leaf359",0.0555555555555556
"Leaf280","Leaf361",0
"Leaf280","Leaf363",0.0166666666666667
"Leaf280","Leaf369",0.0277777777777778
"Leaf280","Leaf371",0.105555555555556
"Leaf280","Leaf380",0.0111111111111111
"Leaf280","Leaf391",0.0166666666666667
"Leaf280","Leaf394",0.1
"Leaf280","Leaf396",0.0222222222222222
"Leaf280","Leaf405",0.00555555555555556
"Leaf280","Leaf406",0.0333333333333333
"Leaf280","Leaf41",0.0222222222222222
"Leaf280","Leaf412",0.116666666666667
"Leaf280","Leaf416",0.0111111111111111
"Leaf280","Leaf42",0
"Leaf280","Leaf420",0
"Leaf280","Leaf427",0.0333333333333333
"Leaf280","Leaf434",0.00555555555555556
"Leaf280","Leaf443",0.327777777777778
"Leaf280","Leaf446",0.0722222222222222
"Leaf280","Leaf454",0.138888888888889
"Leaf280","Leaf456",0
"Leaf280","Leaf466",0.0666666666666667
"Leaf280","Leaf49",0.0388888888888889
"Leaf280","Leaf5",0
"Leaf280","Leaf50",0
"Leaf280","Leaf51",0
"Leaf280","Leaf53",0
"Leaf280","Leaf58",0
"Leaf280","Leaf61",0.0611111111111111
"Leaf280","Leaf62",0.00555555555555556
"Leaf280","Leaf64",0.177777777777778
"Leaf280","Leaf67",0.00555555555555556
"Leaf280","Leaf68",0.194444444444444
"Leaf280","Leaf69",0.00555555555555556
"Leaf280","Leaf70",0.0388888888888889
"Leaf280","Leaf75",0
"Leaf280","Leaf76",0.0388888888888889
"Leaf280","Leaf78",0.172222222222222
"Leaf280","Leaf82",0
"Leaf280","Leaf83",0.0388888888888889
"Leaf280","Leaf85",0
"Leaf280","Leaf86",0.194444444444444
"Leaf280","Leaf87",0.227777777777778
"Leaf280","Leaf88",0.0111111111111111
"Leaf280","Leaf90",0.00555555555555556
"Leaf280","Leaf91",0
"Leaf280","Leaf99",0.00555555555555556
"Leaf285","Leaf288",0.0944444444444444
"Leaf285","Leaf289",0.472222222222222
"Leaf285","Leaf299",0.583333333333333
"Leaf285","Leaf3",0.0555555555555556
"Leaf285","Leaf30",0.1
"Leaf285","Leaf304",0.0666666666666667
"Leaf285","Leaf306",0.0722222222222222
"Leaf285","Leaf311",0.0388888888888889
"Leaf285","Leaf313",0.0666666666666667
"Leaf285","Leaf314",0.0111111111111111
"Leaf285","Leaf32",0.0944444444444444
"Leaf285","Leaf324",0.0166666666666667
"Leaf285","Leaf326",0.0333333333333333
"Leaf285","Leaf33",0.344444444444444
"Leaf285","Leaf334",0.0166666666666667
"Leaf285","Leaf335",0.0166666666666667
"Leaf285","Leaf336",0.0111111111111111
"Leaf285","Leaf337",0.0833333333333333
"Leaf285","Leaf339",0.0166666666666667
"Leaf285","Leaf34",0.1
"Leaf285","Leaf343",0.116666666666667
"Leaf285","Leaf344",0.133333333333333
"Leaf285","Leaf351",0.122222222222222
"Leaf285","Leaf354",0.0333333333333333
"Leaf285","Leaf357",0.0333333333333333
"Leaf285","Leaf359",0.0166666666666667
"Leaf285","Leaf361",0.0444444444444444
"Leaf285","Leaf363",0.0277777777777778
"Leaf285","Leaf369",0.1
"Leaf285","Leaf371",0.144444444444444
"Leaf285","Leaf380",0.205555555555556
"Leaf285","Leaf391",0.277777777777778
"Leaf285","Leaf394",0.111111111111111
"Leaf285","Leaf396",0.138888888888889
"Leaf285","Leaf405",0.0222222222222222
"Leaf285","Leaf406",0.0666666666666667
"Leaf285","Leaf41",0.0611111111111111
"Leaf285","Leaf412",0.0833333333333333
"Leaf285","Leaf416",0.516666666666667
"Leaf285","Leaf42",0.00555555555555556
"Leaf285","Leaf420",0.0166666666666667
"Leaf285","Leaf427",0.3
"Leaf285","Leaf434",0.0111111111111111
"Leaf285","Leaf443",0.0222222222222222
"Leaf285","Leaf446",0.322222222222222
"Leaf285","Leaf454",0.188888888888889
"Leaf285","Leaf456",0.0666666666666667
"Leaf285","Leaf466",0.0444444444444444
"Leaf285","Leaf49",0.0666666666666667
"Leaf285","Leaf5",0
"Leaf285","Leaf50",0
"Leaf285","Leaf51",0.0333333333333333
"Leaf285","Leaf53",0.0388888888888889
"Leaf285","Leaf58",0.327777777777778
"Leaf285","Leaf61",0.0777777777777778
"Leaf285","Leaf62",0.0611111111111111
"Leaf285","Leaf64",0.0166666666666667
"Leaf285","Leaf67",0.3
"Leaf285","Leaf68",0.0555555555555556
"Leaf285","Leaf69",0.0166666666666667
"Leaf285","Leaf70",0.0611111111111111
"Leaf285","Leaf75",0.0111111111111111
"Leaf285","Leaf76",0.0666666666666667
"Leaf285","Leaf78",0.0444444444444444
"Leaf285","Leaf82",0.0166666666666667
"Leaf285","Leaf83",0.0611111111111111
"Leaf285","Leaf85",0.127777777777778
"Leaf285","Leaf86",0.222222222222222
"Leaf285","Leaf87",0.0555555555555556
"Leaf285","Leaf88",0.0611111111111111
"Leaf285","Leaf90",0.133333333333333
"Leaf285","Leaf91",0.0222222222222222
"Leaf285","Leaf99",0.0111111111111111
"Leaf288","Leaf289",0.0388888888888889
"Leaf288","Leaf299",0.138888888888889
"Leaf288","Leaf3",0.288888888888889
"Leaf288","Leaf30",0.116666666666667
"Leaf288","Leaf304",0.105555555555556
"Leaf288","Leaf306",0.0555555555555556
"Leaf288","Leaf311",0.111111111111111
"Leaf288","Leaf313",0.0555555555555556
"Leaf288","Leaf314",0.194444444444444
"Leaf288","Leaf32",0.05
"Leaf288","Leaf324",0.0611111111111111
"Leaf288","Leaf326",0.0722222222222222
"Leaf288","Leaf33",0.05
"Leaf288","Leaf334",0.0722222222222222
"Leaf288","Leaf335",0.0944444444444444
"Leaf288","Leaf336",0.327777777777778
"Leaf288","Leaf337",0.0666666666666667
"Leaf288","Leaf339",0.05
"Leaf288","Leaf34",0.0666666666666667
"Leaf288","Leaf343",0.155555555555556
"Leaf288","Leaf344",0.3
"Leaf288","Leaf351",0.0444444444444444
"Leaf288","Leaf354",0.0722222222222222
"Leaf288","Leaf357",0.0888888888888889
"Leaf288","Leaf359",0.0833333333333333
"Leaf288","Leaf361",0.0388888888888889
"Leaf288","Leaf363",0.122222222222222
"Leaf288","Leaf369",0.0888888888888889
"Leaf288","Leaf371",0.0444444444444444
"Leaf288","Leaf380",0.0777777777777778
"Leaf288","Leaf391",0.0777777777777778
"Leaf288","Leaf394",0.15
"Leaf288","Leaf396",0.105555555555556
"Leaf288","Leaf405",0.0444444444444444
"Leaf288","Leaf406",0.105555555555556
"Leaf288","Leaf41",0.0833333333333333
"Leaf288","Leaf412",0.155555555555556
"Leaf288","Leaf416",0.127777777777778
"Leaf288","Leaf42",0.05
"Leaf288","Leaf420",0.0388888888888889
"Leaf288","Leaf427",0.144444444444444
"Leaf288","Leaf434",0.0611111111111111
"Leaf288","Leaf443",0.0444444444444444
"Leaf288","Leaf446",0.144444444444444
"Leaf288","Leaf454",0.233333333333333
"Leaf288","Leaf456",0.05
"Leaf288","Leaf466",0.0611111111111111
"Leaf288","Leaf49",0.105555555555556
"Leaf288","Leaf5",0.05
"Leaf288","Leaf50",0.0388888888888889
"Leaf288","Leaf51",0.0555555555555556
"Leaf288","Leaf53",0.0777777777777778
"Leaf288","Leaf58",0.0666666666666667
"Leaf288","Leaf61",0.116666666666667
"Leaf288","Leaf62",0.0722222222222222
"Leaf288","Leaf64",0.0444444444444444
"Leaf288","Leaf67",0.0722222222222222
"Leaf288","Leaf68",0.111111111111111
"Leaf288","Leaf69",0.0611111111111111
"Leaf288","Leaf70",0.122222222222222
"Leaf288","Leaf75",0.0722222222222222
"Leaf288","Leaf76",0.105555555555556
"Leaf288","Leaf78",0.0444444444444444
"Leaf288","Leaf82",0.0444444444444444
"Leaf288","Leaf83",0.0833333333333333
"Leaf288","Leaf85",0.05
"Leaf288","Leaf86",0.0722222222222222
"Leaf288","Leaf87",0.166666666666667
"Leaf288","Leaf88",0.0555555555555556
"Leaf288","Leaf90",0.0722222222222222
"Leaf288","Leaf91",0.0611111111111111
"Leaf288","Leaf99",0.0611111111111111
"Leaf289","Leaf299",0.0833333333333333
"Leaf289","Leaf3",0.0111111111111111
"Leaf289","Leaf30",0.0555555555555556
"Leaf289","Leaf304",0.0888888888888889
"Leaf289","Leaf306",0.0111111111111111
"Leaf289","Leaf311",0.138888888888889
"Leaf289","Leaf313",0
"Leaf289","Leaf314",0
"Leaf289","Leaf32",0.0888888888888889
"Leaf289","Leaf324",0.0222222222222222
"Leaf289","Leaf326",0.05
"Leaf289","Leaf33",0.0666666666666667
"Leaf289","Leaf334",0.0166666666666667
"Leaf289","Leaf335",0.0388888888888889
"Leaf289","Leaf336",0.116666666666667
"Leaf289","Leaf337",0
"Leaf289","Leaf339",0.00555555555555556
"Leaf289","Leaf34",0.00555555555555556
"Leaf289","Leaf343",0.0833333333333333
"Leaf289","Leaf344",0.0888888888888889
"Leaf289","Leaf351",0.0888888888888889
"Leaf289","Leaf354",0.0611111111111111
"Leaf289","Leaf357",0
"Leaf289","Leaf359",0.0111111111111111
"Leaf289","Leaf361",0.0222222222222222
"Leaf289","Leaf363",0.0333333333333333
"Leaf289","Leaf369",0.0888888888888889
"Leaf289","Leaf371",0.0333333333333333
"Leaf289","Leaf380",0.0166666666666667
"Leaf289","Leaf391",0.0444444444444444
"Leaf289","Leaf394",0.116666666666667
"Leaf289","Leaf396",0.144444444444444
"Leaf289","Leaf405",0
"Leaf289","Leaf406",0.0611111111111111
"Leaf289","Leaf41",0.0111111111111111
"Leaf289","Leaf412",0.283333333333333
"Leaf289","Leaf416",0.0166666666666667
"Leaf289","Leaf42",0.0555555555555556
"Leaf289","Leaf420",0.0166666666666667
"Leaf289","Leaf427",0.05
"Leaf289","Leaf434",0.00555555555555556
"Leaf289","Leaf443",0.227777777777778
"Leaf289","Leaf446",0.216666666666667
"Leaf289","Leaf454",0.1
"Leaf289","Leaf456",0.0222222222222222
"Leaf289","Leaf466",0.172222222222222
"Leaf289","Leaf49",0.105555555555556
"Leaf289","Leaf5",0.0166666666666667
"Leaf289","Leaf50",0.00555555555555556
"Leaf289","Leaf51",0.0333333333333333
"Leaf289","Leaf53",0
"Leaf289","Leaf58",0.0222222222222222
"Leaf289","Leaf61",0
"Leaf289","Leaf62",0.0277777777777778
"Leaf289","Leaf64",0.00555555555555556
"Leaf289","Leaf67",0.316666666666667
"Leaf289","Leaf68",0.0333333333333333
"Leaf289","Leaf69",0.0111111111111111
"Leaf289","Leaf70",0.138888888888889
"Leaf289","Leaf75",0.238888888888889
"Leaf289","Leaf76",0.0333333333333333
"Leaf289","Leaf78",0.00555555555555556
"Leaf289","Leaf82",0.0388888888888889
"Leaf289","Leaf83",0.0166666666666667
"Leaf289","Leaf85",0.0111111111111111
"Leaf289","Leaf86",0.05
"Leaf289","Leaf87",0.0111111111111111
"Leaf289","Leaf88",0.0722222222222222
"Leaf289","Leaf90",0.0611111111111111
"Leaf289","Leaf91",0.0166666666666667
"Leaf289","Leaf99",0.0111111111111111
"Leaf299","Leaf3",0.0833333333333333
"Leaf299","Leaf30",0.155555555555556
"Leaf299","Leaf304",0.361111111111111
"Leaf299","Leaf306",0
"Leaf299","Leaf311",0.133333333333333
"Leaf299","Leaf313",0.0833333333333333
"Leaf299","Leaf314",0.05
"Leaf299","Leaf32",0.0388888888888889
"Leaf299","Leaf324",0.105555555555556
"Leaf299","Leaf326",0.0555555555555556
"Leaf299","Leaf33",0.116666666666667
"Leaf299","Leaf334",0.0888888888888889
"Leaf299","Leaf335",0.122222222222222
"Leaf299","Leaf336",0.0388888888888889
"Leaf299","Leaf337",0.0888888888888889
"Leaf299","Leaf339",0.0222222222222222
"Leaf299","Leaf34",0.0444444444444444
"Leaf299","Leaf343",0.105555555555556
"Leaf299","Leaf344",0.0722222222222222
"Leaf299","Leaf351",0.0166666666666667
"Leaf299","Leaf354",0.0222222222222222
"Leaf299","Leaf357",0.0777777777777778
"Leaf299","Leaf359",0.0166666666666667
"Leaf299","Leaf361",0.00555555555555556
"Leaf299","Leaf363",0.127777777777778
"Leaf299","Leaf369",0.0722222222222222
"Leaf299","Leaf371",0.383333333333333
"Leaf299","Leaf380",0.183333333333333
"Leaf299","Leaf391",0.0166666666666667
"Leaf299","Leaf394",0.233333333333333
"Leaf299","Leaf396",0.0666666666666667
"Leaf299","Leaf405",0.15
"Leaf299","Leaf406",0.0444444444444444
"Leaf299","Leaf41",0.172222222222222
"Leaf299","Leaf412",0.227777777777778
"Leaf299","Leaf416",0.283333333333333
"Leaf299","Leaf42",0.0555555555555556
"Leaf299","Leaf420",0.05
"Leaf299","Leaf427",0.344444444444444
"Leaf299","Leaf434",0.00555555555555556
"Leaf299","Leaf443",0.05
"Leaf299","Leaf446",0.111111111111111
"Leaf299","Leaf454",0.155555555555556
"Leaf299","Leaf456",0
"Leaf299","Leaf466",0.122222222222222
"Leaf299","Leaf49",0.172222222222222
"Leaf299","Leaf5",0.105555555555556
"Leaf299","Leaf50",0.0444444444444444
"Leaf299","Leaf51",0.0333333333333333
"Leaf299","Leaf53",0.261111111111111
"Leaf299","Leaf58",0.127777777777778
"Leaf299","Leaf61",0.222222222222222
"Leaf299","Leaf62",0
"Leaf299","Leaf64",0
"Leaf299","Leaf67",0.177777777777778
"Leaf299","Leaf68",0.205555555555556
"Leaf299","Leaf69",0.00555555555555556
"Leaf299","Leaf70",0.111111111111111
"Leaf299","Leaf75",0.0777777777777778
"Leaf299","Leaf76",0
"Leaf299","Leaf78",0.0222222222222222
"Leaf299","Leaf82",0.0666666666666667
"Leaf299","Leaf83",0.116666666666667
"Leaf299","Leaf85",0.0944444444444444
"Leaf299","Leaf86",0
"Leaf299","Leaf87",0.0388888888888889
"Leaf299","Leaf88",0.166666666666667
"Leaf299","Leaf90",0.0222222222222222
"Leaf299","Leaf91",0.0111111111111111
"Leaf299","Leaf99",0.0222222222222222
"Leaf3","Leaf30",0.0944444444444444
"Leaf3","Leaf304",0.0888888888888889
"Leaf3","Leaf306",0.0111111111111111
"Leaf3","Leaf311",0.0833333333333333
"Leaf3","Leaf313",0
"Leaf3","Leaf314",0.00555555555555556
"Leaf3","Leaf32",0.122222222222222
"Leaf3","Leaf324",0.0277777777777778
"Leaf3","Leaf326",0.0277777777777778
"Leaf3","Leaf33",0.0111111111111111
"Leaf3","Leaf334",0.222222222222222
"Leaf3","Leaf335",0.111111111111111
"Leaf3","Leaf336",0.0111111111111111
"Leaf3","Leaf337",0.00555555555555556
"Leaf3","Leaf339",0.161111111111111
"Leaf3","Leaf34",0.0111111111111111
"Leaf3","Leaf343",0.0722222222222222
"Leaf3","Leaf344",0.0611111111111111
"Leaf3","Leaf351",0.00555555555555556
"Leaf3","Leaf354",0.216666666666667
"Leaf3","Leaf357",0.0111111111111111
"Leaf3","Leaf359",0.0722222222222222
"Leaf3","Leaf361",0
"Leaf3","Leaf363",0.0444444444444444
"Leaf3","Leaf369",0.0444444444444444
"Leaf3","Leaf371",0.0888888888888889
"Leaf3","Leaf380",0.0222222222222222
"Leaf3","Leaf391",0.0111111111111111
"Leaf3","Leaf394",0.1
"Leaf3","Leaf396",0.0444444444444444
"Leaf3","Leaf405",0
"Leaf3","Leaf406",0.05
"Leaf3","Leaf41",0.05
"Leaf3","Leaf412",0.111111111111111
"Leaf3","Leaf416",0.0277777777777778
"Leaf3","Leaf42",0.05
"Leaf3","Leaf420",0
"Leaf3","Leaf427",0.1
"Leaf3","Leaf434",0.0166666666666667
"Leaf3","Leaf443",0.00555555555555556
"Leaf3","Leaf446",0.0833333333333333
"Leaf3","Leaf454",0.166666666666667
"Leaf3","Leaf456",0.355555555555556
"Leaf3","Leaf466",0.111111111111111
"Leaf3","Leaf49",0.0611111111111111
"Leaf3","Leaf5",0.166666666666667
"Leaf3","Leaf50",0.00555555555555556
"Leaf3","Leaf51",0.0111111111111111
"Leaf3","Leaf53",0.0222222222222222
"Leaf3","Leaf58",0.0277777777777778
"Leaf3","Leaf61",0.161111111111111
"Leaf3","Leaf62",0.0611111111111111
"Leaf3","Leaf64",0.0111111111111111
"Leaf3","Leaf67",0.0833333333333333
"Leaf3","Leaf68",0.166666666666667
"Leaf3","Leaf69",0.0111111111111111
"Leaf3","Leaf70",0.1
"Leaf3","Leaf75",0.0111111111111111
"Leaf3","Leaf76",0.2
"Leaf3","Leaf78",0.0166666666666667
"Leaf3","Leaf82",0.0166666666666667
"Leaf3","Leaf83",0.0111111111111111
"Leaf3","Leaf85",0.0111111111111111
"Leaf3","Leaf86",0.0111111111111111
"Leaf3","Leaf87",0.144444444444444
"Leaf3","Leaf88",0.0944444444444444
"Leaf3","Leaf90",0.0333333333333333
"Leaf3","Leaf91",0.0222222222222222
"Leaf3","Leaf99",0.05
"Leaf30","Leaf304",0.116666666666667
"Leaf30","Leaf306",0.1
"Leaf30","Leaf311",0.116666666666667
"Leaf30","Leaf313",0.0555555555555556
"Leaf30","Leaf314",0.0666666666666667
"Leaf30","Leaf32",0.0555555555555556
"Leaf30","Leaf324",0.0777777777777778
"Leaf30","Leaf326",0.0833333333333333
"Leaf30","Leaf33",0.0833333333333333
"Leaf30","Leaf334",0.0722222222222222
"Leaf30","Leaf335",0.172222222222222
"Leaf30","Leaf336",0.1
"Leaf30","Leaf337",0.0722222222222222
"Leaf30","Leaf339",0.0611111111111111
"Leaf30","Leaf34",0.0666666666666667
"Leaf30","Leaf343",0.111111111111111
"Leaf30","Leaf344",0.111111111111111
"Leaf30","Leaf351",0.0666666666666667
"Leaf30","Leaf354",0.0666666666666667
"Leaf30","Leaf357",0.0777777777777778
"Leaf30","Leaf359",0.122222222222222
"Leaf30","Leaf361",0.0666666666666667
"Leaf30","Leaf363",0.133333333333333
"Leaf30","Leaf369",0.15
"Leaf30","Leaf371",0.161111111111111
"Leaf30","Leaf380",0.116666666666667
"Leaf30","Leaf391",0.105555555555556
"Leaf30","Leaf394",0.144444444444444
"Leaf30","Leaf396",0.0944444444444444
"Leaf30","Leaf405",0.0555555555555556
"Leaf30","Leaf406",0.111111111111111
"Leaf30","Leaf41",0.155555555555556
"Leaf30","Leaf412",0.205555555555556
"Leaf30","Leaf416",0.1
"Leaf30","Leaf42",0.1
"Leaf30","Leaf420",0.0555555555555556
"Leaf30","Leaf427",0.0833333333333333
"Leaf30","Leaf434",0.0666666666666667
"Leaf30","Leaf443",0.0666666666666667
"Leaf30","Leaf446",0.138888888888889
"Leaf30","Leaf454",0.177777777777778
"Leaf30","Leaf456",0.0722222222222222
"Leaf30","Leaf466",0.116666666666667
"Leaf30","Leaf49",0.0833333333333333
"Leaf30","Leaf5",0.0611111111111111
"Leaf30","Leaf50",0.0555555555555556
"Leaf30","Leaf51",0.0722222222222222
"Leaf30","Leaf53",0.0888888888888889
"Leaf30","Leaf58",0.0722222222222222
"Leaf30","Leaf61",0.0944444444444444
"Leaf30","Leaf62",0.233333333333333
"Leaf30","Leaf64",0.0611111111111111
"Leaf30","Leaf67",0.266666666666667
"Leaf30","Leaf68",0.111111111111111
"Leaf30","Leaf69",0.0833333333333333
"Leaf30","Leaf70",0.111111111111111
"Leaf30","Leaf75",0.122222222222222
"Leaf30","Leaf76",0.138888888888889
"Leaf30","Leaf78",0.0555555555555556
"Leaf30","Leaf82",0.0611111111111111
"Leaf30","Leaf83",0.0555555555555556
"Leaf30","Leaf85",0.0722222222222222
"Leaf30","Leaf86",0.0722222222222222
"Leaf30","Leaf87",0.122222222222222
"Leaf30","Leaf88",0.0722222222222222
"Leaf30","Leaf90",0.0611111111111111
"Leaf30","Leaf91",0.0722222222222222
"Leaf30","Leaf99",0.127777777777778
"Leaf304","Leaf306",0.0833333333333333
"Leaf304","Leaf311",0.0555555555555556
"Leaf304","Leaf313",0.0555555555555556
"Leaf304","Leaf314",0.0555555555555556
"Leaf304","Leaf32",0.05
"Leaf304","Leaf324",0.0722222222222222
"Leaf304","Leaf326",0.144444444444444
"Leaf304","Leaf33",0.0611111111111111
"Leaf304","Leaf334",0.0777777777777778
"Leaf304","Leaf335",0.1
"Leaf304","Leaf336",0.0833333333333333
"Leaf304","Leaf337",0.0611111111111111
"Leaf304","Leaf339",0.0611111111111111
"Leaf304","Leaf34",0.0722222222222222
"Leaf304","Leaf343",0.116666666666667
"Leaf304","Leaf344",0.116666666666667
"Leaf304","Leaf351",0.0666666666666667
"Leaf304","Leaf354",0.0611111111111111
"Leaf304","Leaf357",0.0777777777777778
"Leaf304","Leaf359",0.255555555555556
"Leaf304","Leaf361",0.05
"Leaf304","Leaf363",0.1
"Leaf304","Leaf369",0.133333333333333
"Leaf304","Leaf371",0.0611111111111111
"Leaf304","Leaf380",0.0777777777777778
"Leaf304","Leaf391",0.0722222222222222
"Leaf304","Leaf394",0.127777777777778
"Leaf304","Leaf396",0.0888888888888889
"Leaf304","Leaf405",0.0555555555555556
"Leaf304","Leaf406",0.127777777777778
"Leaf304","Leaf41",0.0777777777777778
"Leaf304","Leaf412",0.15
"Leaf304","Leaf416",0.138888888888889
"Leaf304","Leaf42",0.0888888888888889
"Leaf304","Leaf420",0.05
"Leaf304","Leaf427",0.3
"Leaf304","Leaf434",0.0666666666666667
"Leaf304","Leaf443",0.05
"Leaf304","Leaf446",0.144444444444444
"Leaf304","Leaf454",0.166666666666667
"Leaf304","Leaf456",0.05
"Leaf304","Leaf466",0.1
"Leaf304","Leaf49",0.111111111111111
"Leaf304","Leaf5",0.355555555555556
"Leaf304","Leaf50",0.0611111111111111
"Leaf304","Leaf51",0.0555555555555556
"Leaf304","Leaf53",0.0722222222222222
"Leaf304","Leaf58",0.0611111111111111
"Leaf304","Leaf61",0.0944444444444444
"Leaf304","Leaf62",0.105555555555556
"Leaf304","Leaf64",0.05
"Leaf304","Leaf67",0.0777777777777778
"Leaf304","Leaf68",0.155555555555556
"Leaf304","Leaf69",0.0888888888888889
"Leaf304","Leaf70",0.127777777777778
"Leaf304","Leaf75",0.0888888888888889
"Leaf304","Leaf76",0.122222222222222
"Leaf304","Leaf78",0.05
"Leaf304","Leaf82",0.0722222222222222
"Leaf304","Leaf83",0.0555555555555556
"Leaf304","Leaf85",0.0666666666666667
"Leaf304","Leaf86",0.0722222222222222
"Leaf304","Leaf87",0.1
"Leaf304","Leaf88",0.0777777777777778
"Leaf304","Leaf90",0.133333333333333
"Leaf304","Leaf91",0.0666666666666667
"Leaf304","Leaf99",0.122222222222222
"Leaf306","Leaf311",0.327777777777778
"Leaf306","Leaf313",0
"Leaf306","Leaf314",0
"Leaf306","Leaf32",0
"Leaf306","Leaf324",0.0222222222222222
"Leaf306","Leaf326",0.0888888888888889
"Leaf306","Leaf33",0.0555555555555556
"Leaf306","Leaf334",0.05
"Leaf306","Leaf335",0.155555555555556
"Leaf306","Leaf336",0.0222222222222222
"Leaf306","Leaf337",0.0777777777777778
"Leaf306","Leaf339",0.0166666666666667
"Leaf306","Leaf34",0.111111111111111
"Leaf306","Leaf343",0.0555555555555556
"Leaf306","Leaf344",0.0388888888888889
"Leaf306","Leaf351",0.0277777777777778
"Leaf306","Leaf354",0.0222222222222222
"Leaf306","Leaf357",0.00555555555555556
"Leaf306","Leaf359",0.0333333333333333
"Leaf306","Leaf361",0.0444444444444444
"Leaf306","Leaf363",0.0222222222222222
"Leaf306","Leaf369",0.05
"Leaf306","Leaf371",0.15
"Leaf306","Leaf380",0.166666666666667
"Leaf306","Leaf391",0.844444444444445
"Leaf306","Leaf394",0.0777777777777778
"Leaf306","Leaf396",0.0555555555555556
"Leaf306","Leaf405",0.00555555555555556
"Leaf306","Leaf406",0.0222222222222222
"Leaf306","Leaf41",0.0333333333333333
"Leaf306","Leaf412",0.416666666666667
"Leaf306","Leaf416",0.0888888888888889
"Leaf306","Leaf42",0.172222222222222
"Leaf306","Leaf420",0.127777777777778
"Leaf306","Leaf427",0.0833333333333333
"Leaf306","Leaf434",0.0111111111111111
"Leaf306","Leaf443",0.272222222222222
"Leaf306","Leaf446",0.0611111111111111
"Leaf306","Leaf454",0.1
"Leaf306","Leaf456",0.0388888888888889
"Leaf306","Leaf466",0.00555555555555556
"Leaf306","Leaf49",0.05
"Leaf306","Leaf5",0.0222222222222222
"Leaf306","Leaf50",0.205555555555556
"Leaf306","Leaf51",0.0388888888888889
"Leaf306","Leaf53",0.0166666666666667
"Leaf306","Leaf58",0.0166666666666667
"Leaf306","Leaf61",0.0111111111111111
"Leaf306","Leaf62",0
"Leaf306","Leaf64",0.0333333333333333
"Leaf306","Leaf67",0.0666666666666667
"Leaf306","Leaf68",0.111111111111111
"Leaf306","Leaf69",0.0777777777777778
"Leaf306","Leaf70",0.0722222222222222
"Leaf306","Leaf75",0.0388888888888889
"Leaf306","Leaf76",0.0444444444444444
"Leaf306","Leaf78",0.0277777777777778
"Leaf306","Leaf82",0
"Leaf306","Leaf83",0.0666666666666667
"Leaf306","Leaf85",0.1
"Leaf306","Leaf86",0.138888888888889
"Leaf306","Leaf87",0.0833333333333333
"Leaf306","Leaf88",0.0388888888888889
"Leaf306","Leaf90",0.00555555555555556
"Leaf306","Leaf91",0.161111111111111
"Leaf306","Leaf99",0.0111111111111111
"Leaf311","Leaf313",0.105555555555556
"Leaf311","Leaf314",0
"Leaf311","Leaf32",0.0111111111111111
"Leaf311","Leaf324",0.183333333333333
"Leaf311","Leaf326",0.0611111111111111
"Leaf311","Leaf33",0.0166666666666667
"Leaf311","Leaf334",0.0444444444444444
"Leaf311","Leaf335",0.0333333333333333
"Leaf311","Leaf336",0.0277777777777778
"Leaf311","Leaf337",0.0277777777777778
"Leaf311","Leaf339",0.0388888888888889
"Leaf311","Leaf34",0.0222222222222222
"Leaf311","Leaf343",0.0611111111111111
"Leaf311","Leaf344",0.0833333333333333
"Leaf311","Leaf351",0.05
"Leaf311","Leaf354",0.1
"Leaf311","Leaf357",0.0222222222222222
"Leaf311","Leaf359",0.0222222222222222
"Leaf311","Leaf361",0.0166666666666667
"Leaf311","Leaf363",0.0722222222222222
"Leaf311","Leaf369",0.0611111111111111
"Leaf311","Leaf371",0.288888888888889
"Leaf311","Leaf380",0.0222222222222222
"Leaf311","Leaf391",0.311111111111111
"Leaf311","Leaf394",0.0888888888888889
"Leaf311","Leaf396",0.0555555555555556
"Leaf311","Leaf405",0.00555555555555556
"Leaf311","Leaf406",0.0277777777777778
"Leaf311","Leaf41",0.0388888888888889
"Leaf311","Leaf412",0.105555555555556
"Leaf311","Leaf416",0.45
"Leaf311","Leaf42",0.05
"Leaf311","Leaf420",0.0611111111111111
"Leaf311","Leaf427",0.166666666666667
"Leaf311","Leaf434",0.0277777777777778
"Leaf311","Leaf443",0.0833333333333333
"Leaf311","Leaf446",0.0722222222222222
"Leaf311","Leaf454",0.127777777777778
"Leaf311","Leaf456",0.00555555555555556
"Leaf311","Leaf466",0.0111111111111111
"Leaf311","Leaf49",0.138888888888889
"Leaf311","Leaf5",0.0388888888888889
"Leaf311","Leaf50",0.0277777777777778
"Leaf311","Leaf51",0.0166666666666667
"Leaf311","Leaf53",0.0777777777777778
"Leaf311","Leaf58",0.0222222222222222
"Leaf311","Leaf61",0.0111111111111111
"Leaf311","Leaf62",0.122222222222222
"Leaf311","Leaf64",0.211111111111111
"Leaf311","Leaf67",0.00555555555555556
"Leaf311","Leaf68",0.3
"Leaf311","Leaf69",0.05
"Leaf311","Leaf70",0.0666666666666667
"Leaf311","Leaf75",0.0777777777777778
"Leaf311","Leaf76",0.0666666666666667
"Leaf311","Leaf78",0.0166666666666667
"Leaf311","Leaf82",0.0111111111111111
"Leaf311","Leaf83",0.0444444444444444
"Leaf311","Leaf85",0.194444444444444
"Leaf311","Leaf86",0.122222222222222
"Leaf311","Leaf87",0.0388888888888889
"Leaf311","Leaf88",0.05
"Leaf311","Leaf90",0.0611111111111111
"Leaf311","Leaf91",0.0333333333333333
"Leaf311","Leaf99",0.0777777777777778
"Leaf313","Leaf314",0.00555555555555556
"Leaf313","Leaf32",0.1
"Leaf313","Leaf324",0.0166666666666667
"Leaf313","Leaf326",0.05
"Leaf313","Leaf33",0.144444444444444
"Leaf313","Leaf334",0.0222222222222222
"Leaf313","Leaf335",0
"Leaf313","Leaf336",0.0388888888888889
"Leaf313","Leaf337",0.00555555555555556
"Leaf313","Leaf339",0.00555555555555556
"Leaf313","Leaf34",0.0277777777777778
"Leaf313","Leaf343",0.0722222222222222
"Leaf313","Leaf344",0.0333333333333333
"Leaf313","Leaf351",0.0111111111111111
"Leaf313","Leaf354",0
"Leaf313","Leaf357",0
"Leaf313","Leaf359",0.00555555555555556
"Leaf313","Leaf361",0.0444444444444444
"Leaf313","Leaf363",0.0388888888888889
"Leaf313","Leaf369",0.0444444444444444
"Leaf313","Leaf371",0.3
"Leaf313","Leaf380",0.0277777777777778
"Leaf313","Leaf391",0.0333333333333333
"Leaf313","Leaf394",0.105555555555556
"Leaf313","Leaf396",0.0277777777777778
"Leaf313","Leaf405",0.833333333333333
"Leaf313","Leaf406",0.1
"Leaf313","Leaf41",0.116666666666667
"Leaf313","Leaf412",0.0777777777777778
"Leaf313","Leaf416",0.0444444444444444
"Leaf313","Leaf42",0
"Leaf313","Leaf420",0.00555555555555556
"Leaf313","Leaf427",0.0777777777777778
"Leaf313","Leaf434",0
"Leaf313","Leaf443",0.0222222222222222
"Leaf313","Leaf446",0.0666666666666667
"Leaf313","Leaf454",0.1
"Leaf313","Leaf456",0.0111111111111111
"Leaf313","Leaf466",0.138888888888889
"Leaf313","Leaf49",0.0666666666666667
"Leaf313","Leaf5",0
"Leaf313","Leaf50",0.0222222222222222
"Leaf313","Leaf51",0.00555555555555556
"Leaf313","Leaf53",0
"Leaf313","Leaf58",0
"Leaf313","Leaf61",0.372222222222222
"Leaf313","Leaf62",0
"Leaf313","Leaf64",0
"Leaf313","Leaf67",0.0777777777777778
"Leaf313","Leaf68",0.0333333333333333
"Leaf313","Leaf69",0.0666666666666667
"Leaf313","Leaf70",0.0277777777777778
"Leaf313","Leaf75",0.105555555555556
"Leaf313","Leaf76",0.0333333333333333
"Leaf313","Leaf78",0
"Leaf313","Leaf82",0.0277777777777778
"Leaf313","Leaf83",0.122222222222222
"Leaf313","Leaf85",0
"Leaf313","Leaf86",0.0333333333333333
"Leaf313","Leaf87",0.0444444444444444
"Leaf313","Leaf88",0.0666666666666667
"Leaf313","Leaf90",0
"Leaf313","Leaf91",0.0111111111111111
"Leaf313","Leaf99",0
"Leaf314","Leaf32",0.00555555555555556
"Leaf314","Leaf324",0.00555555555555556
"Leaf314","Leaf326",0.0222222222222222
"Leaf314","Leaf33",0.4
"Leaf314","Leaf334",0.0222222222222222
"Leaf314","Leaf335",0.0277777777777778
"Leaf314","Leaf336",0.0833333333333333
"Leaf314","Leaf337",0
"Leaf314","Leaf339",0
"Leaf314","Leaf34",0.00555555555555556
"Leaf314","Leaf343",0.05
"Leaf314","Leaf344",0.0555555555555556
"Leaf314","Leaf351",0
"Leaf314","Leaf354",0
"Leaf314","Leaf357",0.0111111111111111
"Leaf314","Leaf359",0.422222222222222
"Leaf314","Leaf361",0.0111111111111111
"Leaf314","Leaf363",0.0166666666666667
"Leaf314","Leaf369",0.0277777777777778
"Leaf314","Leaf371",0
"Leaf314","Leaf380",0.00555555555555556
"Leaf314","Leaf391",0.116666666666667
"Leaf314","Leaf394",0.0722222222222222
"Leaf314","Leaf396",0.0277777777777778
"Leaf314","Leaf405",0.0166666666666667
"Leaf314","Leaf406",0.0333333333333333
"Leaf314","Leaf41",0.0111111111111111
"Leaf314","Leaf412",0.0944444444444444
"Leaf314","Leaf416",0.144444444444444
"Leaf314","Leaf42",0.127777777777778
"Leaf314","Leaf420",0
"Leaf314","Leaf427",0.0166666666666667
"Leaf314","Leaf434",0
"Leaf314","Leaf443",0.272222222222222
"Leaf314","Leaf446",0.0666666666666667
"Leaf314","Leaf454",0.122222222222222
"Leaf314","Leaf456",0.00555555555555556
"Leaf314","Leaf466",0.172222222222222
"Leaf314","Leaf49",0.233333333333333
"Leaf314","Leaf5",0
"Leaf314","Leaf50",0.177777777777778
"Leaf314","Leaf51",0.0111111111111111
"Leaf314","Leaf53",0.00555555555555556
"Leaf314","Leaf58",0
"Leaf314","Leaf61",0.0166666666666667
"Leaf314","Leaf62",0.0222222222222222
"Leaf314","Leaf64",0
"Leaf314","Leaf67",0.305555555555556
"Leaf314","Leaf68",0.116666666666667
"Leaf314","Leaf69",0.00555555555555556
"Leaf314","Leaf70",0.0444444444444444
"Leaf314","Leaf75",0
"Leaf314","Leaf76",0.222222222222222
"Leaf314","Leaf78",0
"Leaf314","Leaf82",0
"Leaf314","Leaf83",0.194444444444444
"Leaf314","Leaf85",0.0111111111111111
"Leaf314","Leaf86",0.0944444444444444
"Leaf314","Leaf87",0.211111111111111
"Leaf314","Leaf88",0.1
"Leaf314","Leaf90",0.0166666666666667
"Leaf314","Leaf91",0.0611111111111111
"Leaf314","Leaf99",0.227777777777778
"Leaf32","Leaf324",0.0277777777777778
"Leaf32","Leaf326",0.0222222222222222
"Leaf32","Leaf33",0.0166666666666667
"Leaf32","Leaf334",0.0277777777777778
"Leaf32","Leaf335",0.0111111111111111
"Leaf32","Leaf336",0
"Leaf32","Leaf337",0.116666666666667
"Leaf32","Leaf339",0
"Leaf32","Leaf34",0.00555555555555556
"Leaf32","Leaf343",0.0333333333333333
"Leaf32","Leaf344",0.0388888888888889
"Leaf32","Leaf351",0.0611111111111111
"Leaf32","Leaf354",0.1
"Leaf32","Leaf357",0.161111111111111
"Leaf32","Leaf359",0.00555555555555556
"Leaf32","Leaf361",0.0222222222222222
"Leaf32","Leaf363",0.0277777777777778
"Leaf32","Leaf369",0.0277777777777778
"Leaf32","Leaf371",0.0277777777777778
"Leaf32","Leaf380",0.0166666666666667
"Leaf32","Leaf391",0.116666666666667
"Leaf32","Leaf394",0.0722222222222222
"Leaf32","Leaf396",0.0388888888888889
"Leaf32","Leaf405",0.0333333333333333
"Leaf32","Leaf406",0.0333333333333333
"Leaf32","Leaf41",0.00555555555555556
"Leaf32","Leaf412",0.1
"Leaf32","Leaf416",0.166666666666667
"Leaf32","Leaf42",0.00555555555555556
"Leaf32","Leaf420",0
"Leaf32","Leaf427",0.0111111111111111
"Leaf32","Leaf434",0.105555555555556
"Leaf32","Leaf443",0.00555555555555556
"Leaf32","Leaf446",0.0666666666666667
"Leaf32","Leaf454",0.138888888888889
"Leaf32","Leaf456",0.0666666666666667
"Leaf32","Leaf466",0.0611111111111111
"Leaf32","Leaf49",0.0388888888888889
"Leaf32","Leaf5",0
"Leaf32","Leaf50",0.0222222222222222
"Leaf32","Leaf51",0.127777777777778
"Leaf32","Leaf53",0.15
"Leaf32","Leaf58",0.394444444444445
"Leaf32","Leaf61",0.0111111111111111
"Leaf32","Leaf62",0
"Leaf32","Leaf64",0.172222222222222
"Leaf32","Leaf67",0.277777777777778
"Leaf32","Leaf68",0.0277777777777778
"Leaf32","Leaf69",0.0166666666666667
"Leaf32","Leaf70",0.0166666666666667
"Leaf32","Leaf75",0.0444444444444444
"Leaf32","Leaf76",0.105555555555556
"Leaf32","Leaf78",0
"Leaf32","Leaf82",0
"Leaf32","Leaf83",0.116666666666667
"Leaf32","Leaf85",0.0166666666666667
"Leaf32","Leaf86",0.0833333333333333
"Leaf32","Leaf87",0.0611111111111111
"Leaf32","Leaf88",0
"Leaf32","Leaf90",0.0555555555555556
"Leaf32","Leaf91",0.35
"Leaf32","Leaf99",0
"Leaf324","Leaf326",0.0222222222222222
"Leaf324","Leaf33",0.0277777777777778
"Leaf324","Leaf334",0.0333333333333333
"Leaf324","Leaf335",0.0777777777777778
"Leaf324","Leaf336",0.0166666666666667
"Leaf324","Leaf337",0.0166666666666667
"Leaf324","Leaf339",0.00555555555555556
"Leaf324","Leaf34",0.0166666666666667
"Leaf324","Leaf343",0.0777777777777778
"Leaf324","Leaf344",0.0555555555555556
"Leaf324","Leaf351",0.00555555555555556
"Leaf324","Leaf354",0.0222222222222222
"Leaf324","Leaf357",0.0111111111111111
"Leaf324","Leaf359",0.0611111111111111
"Leaf324","Leaf361",0.00555555555555556
"Leaf324","Leaf363",0.0388888888888889
"Leaf324","Leaf369",0.0388888888888889
"Leaf324","Leaf371",0.0833333333333333
"Leaf324","Leaf380",0.0277777777777778
"Leaf324","Leaf391",0.05
"Leaf324","Leaf394",0.122222222222222
"Leaf324","Leaf396",0.0666666666666667
"Leaf324","Leaf405",0.0333333333333333
"Leaf324","Leaf406",0.0388888888888889
"Leaf324","Leaf41",0.05
"Leaf324","Leaf412",0.0888888888888889
"Leaf324","Leaf416",0.0833333333333333
"Leaf324","Leaf42",0.0666666666666667
"Leaf324","Leaf420",0.00555555555555556
"Leaf324","Leaf427",0.0222222222222222
"Leaf324","Leaf434",0.144444444444444
"Leaf324","Leaf443",0.0166666666666667
"Leaf324","Leaf446",0.0888888888888889
"Leaf324","Leaf454",0.133333333333333
"Leaf324","Leaf456",0.0111111111111111
"Leaf324","Leaf466",0.0555555555555556
"Leaf324","Leaf49",0.0555555555555556
"Leaf324","Leaf5",0.00555555555555556
"Leaf324","Leaf50",0.00555555555555556
"Leaf324","Leaf51",0.00555555555555556
"Leaf324","Leaf53",0.0166666666666667
"Leaf324","Leaf58",0.0111111111111111
"Leaf324","Leaf61",0.0333333333333333
"Leaf324","Leaf62",0.0444444444444444
"Leaf324","Leaf64",0.0111111111111111
"Leaf324","Leaf67",0.0333333333333333
"Leaf324","Leaf68",0.05
"Leaf324","Leaf69",0.0111111111111111
"Leaf324","Leaf70",0.0277777777777778
"Leaf324","Leaf75",0.0333333333333333
"Leaf324","Leaf76",0.0388888888888889
"Leaf324","Leaf78",0.00555555555555556
"Leaf324","Leaf82",0.00555555555555556
"Leaf324","Leaf83",0.272222222222222
"Leaf324","Leaf85",0.0111111111111111
"Leaf324","Leaf86",0.333333333333333
"Leaf324","Leaf87",0.0611111111111111
"Leaf324","Leaf88",0.00555555555555556
"Leaf324","Leaf90",0.0111111111111111
"Leaf324","Leaf91",0.0222222222222222
"Leaf324","Leaf99",0.0277777777777778
"Leaf326","Leaf33",0.377777777777778
"Leaf326","Leaf334",0.05
"Leaf326","Leaf335",0.122222222222222
"Leaf326","Leaf336",0.0388888888888889
"Leaf326","Leaf337",0.0166666666666667
"Leaf326","Leaf339",0.0222222222222222
"Leaf326","Leaf34",0.05
"Leaf326","Leaf343",0.0666666666666667
"Leaf326","Leaf344",0.0611111111111111
"Leaf326","Leaf351",0.0222222222222222
"Leaf326","Leaf354",0.0222222222222222
"Leaf326","Leaf357",0.0277777777777778
"Leaf326","Leaf359",0.105555555555556
"Leaf326","Leaf361",0.0222222222222222
"Leaf326","Leaf363",0.05
"Leaf326","Leaf369",0.05
"Leaf326","Leaf371",0.0333333333333333
"Leaf326","Leaf380",0.0277777777777778
"Leaf326","Leaf391",0.1
"Leaf326","Leaf394",0.0888888888888889
"Leaf326","Leaf396",0.05
"Leaf326","Leaf405",0.0555555555555556
"Leaf326","Leaf406",0.155555555555556
"Leaf326","Leaf41",0.0222222222222222
"Leaf326","Leaf412",0.111111111111111
"Leaf326","Leaf416",0.222222222222222
"Leaf326","Leaf42",0.0777777777777778
"Leaf326","Leaf420",0.0111111111111111
"Leaf326","Leaf427",0.05
"Leaf326","Leaf434",0.0222222222222222
"Leaf326","Leaf443",0.0111111111111111
"Leaf326","Leaf446",0.0833333333333333
"Leaf326","Leaf454",0.144444444444444
"Leaf326","Leaf456",0.0222222222222222
"Leaf326","Leaf466",0.0944444444444444
"Leaf326","Leaf49",0.0555555555555556
"Leaf326","Leaf5",0.0222222222222222
"Leaf326","Leaf50",0.266666666666667
"Leaf326","Leaf51",0.0166666666666667
"Leaf326","Leaf53",0.0222222222222222
"Leaf326","Leaf58",0.0277777777777778
"Leaf326","Leaf61",0.0388888888888889
"Leaf326","Leaf62",0.0777777777777778
"Leaf326","Leaf64",0.0222222222222222
"Leaf326","Leaf67",0.0777777777777778
"Leaf326","Leaf68",0.116666666666667
"Leaf326","Leaf69",0.0388888888888889
"Leaf326","Leaf70",0.0555555555555556
"Leaf326","Leaf75",0.0944444444444444
"Leaf326","Leaf76",0.138888888888889
"Leaf326","Leaf78",0.0166666666666667
"Leaf326","Leaf82",0.0277777777777778
"Leaf326","Leaf83",0.0777777777777778
"Leaf326","Leaf85",0.0333333333333333
"Leaf326","Leaf86",0.0222222222222222
"Leaf326","Leaf87",0.111111111111111
"Leaf326","Leaf88",0.05
"Leaf326","Leaf90",0.122222222222222
"Leaf326","Leaf91",0.0666666666666667
"Leaf326","Leaf99",0.183333333333333
"Leaf33","Leaf334",0.0333333333333333
"Leaf33","Leaf335",0.0722222222222222
"Leaf33","Leaf336",0.0222222222222222
"Leaf33","Leaf337",0.0277777777777778
"Leaf33","Leaf339",0.0444444444444444
"Leaf33","Leaf34",0.0166666666666667
"Leaf33","Leaf343",0.0944444444444444
"Leaf33","Leaf344",0.0555555555555556
"Leaf33","Leaf351",0.0666666666666667
"Leaf33","Leaf354",0.0333333333333333
"Leaf33","Leaf357",0.0611111111111111
"Leaf33","Leaf359",0.0444444444444444
"Leaf33","Leaf361",0.116666666666667
"Leaf33","Leaf363",0.0222222222222222
"Leaf33","Leaf369",0.05
"Leaf33","Leaf371",0.372222222222222
"Leaf33","Leaf380",0.166666666666667
"Leaf33","Leaf391",0.133333333333333
"Leaf33","Leaf394",0.122222222222222
"Leaf33","Leaf396",0.0722222222222222
"Leaf33","Leaf405",0.422222222222222
"Leaf33","Leaf406",0.0444444444444444
"Leaf33","Leaf41",0.305555555555556
"Leaf33","Leaf412",0.205555555555556
"Leaf33","Leaf416",0.3
"Leaf33","Leaf42",0.216666666666667
"Leaf33","Leaf420",0.277777777777778
"Leaf33","Leaf427",0.116666666666667
"Leaf33","Leaf434",0.0166666666666667
"Leaf33","Leaf443",0.161111111111111
"Leaf33","Leaf446",0.116666666666667
"Leaf33","Leaf454",0.15
"Leaf33","Leaf456",0.0166666666666667
"Leaf33","Leaf466",0.166666666666667
"Leaf33","Leaf49",0.0888888888888889
"Leaf33","Leaf5",0.00555555555555556
"Leaf33","Leaf50",0.0555555555555556
"Leaf33","Leaf51",0.0166666666666667
"Leaf33","Leaf53",0.0666666666666667
"Leaf33","Leaf58",0.372222222222222
"Leaf33","Leaf61",0.138888888888889
"Leaf33","Leaf62",0.122222222222222
"Leaf33","Leaf64",0.0722222222222222
"Leaf33","Leaf67",0.588888888888889
"Leaf33","Leaf68",0.0888888888888889
"Leaf33","Leaf69",0.0166666666666667
"Leaf33","Leaf70",0.338888888888889
"Leaf33","Leaf75",0.0888888888888889
"Leaf33","Leaf76",0
"Leaf33","Leaf78",0.0222222222222222
"Leaf33","Leaf82",0.0111111111111111
"Leaf33","Leaf83",0.0444444444444444
"Leaf33","Leaf85",0.0277777777777778
"Leaf33","Leaf86",0.0166666666666667
"Leaf33","Leaf87",0.0277777777777778
"Leaf33","Leaf88",0.283333333333333
"Leaf33","Leaf90",0.05
"Leaf33","Leaf91",0.0277777777777778
"Leaf33","Leaf99",0.0555555555555556
"Leaf334","Leaf335",0.0333333333333333
"Leaf334","Leaf336",0.0222222222222222
"Leaf334","Leaf337",0.0277777777777778
"Leaf334","Leaf339",0.0166666666666667
"Leaf334","Leaf34",0.238888888888889
"Leaf334","Leaf343",0.0611111111111111
"Leaf334","Leaf344",0.0722222222222222
"Leaf334","Leaf351",0.0277777777777778
"Leaf334","Leaf354",0.0222222222222222
"Leaf334","Leaf357",0.0611111111111111
"Leaf334","Leaf359",0.205555555555556
"Leaf334","Leaf361",0.0222222222222222
"Leaf334","Leaf363",0.0555555555555556
"Leaf334","Leaf369",0.0555555555555556
"Leaf334","Leaf371",0.0388888888888889
"Leaf334","Leaf380",0.0444444444444444
"Leaf334","Leaf391",0.0333333333333333
"Leaf334","Leaf394",0.1
"Leaf334","Leaf396",0.0444444444444444
"Leaf334","Leaf405",0.0277777777777778
"Leaf334","Leaf406",0.05
"Leaf334","Leaf41",0.0388888888888889
"Leaf334","Leaf412",0.111111111111111
"Leaf334","Leaf416",0.05
"Leaf334","Leaf42",0.0277777777777778
"Leaf334","Leaf420",0.0166666666666667
"Leaf334","Leaf427",0.122222222222222
"Leaf334","Leaf434",0.0166666666666667
"Leaf334","Leaf443",0.0222222222222222
"Leaf334","Leaf446",0.1
"Leaf334","Leaf454",0.133333333333333
"Leaf334","Leaf456",0.0166666666666667
"Leaf334","Leaf466",0.0722222222222222
"Leaf334","Leaf49",0.0555555555555556
"Leaf334","Leaf5",0.0166666666666667
"Leaf334","Leaf50",0.0166666666666667
"Leaf334","Leaf51",0.0277777777777778
"Leaf334","Leaf53",0.0222222222222222
"Leaf334","Leaf58",0.0166666666666667
"Leaf334","Leaf61",0.15
"Leaf334","Leaf62",0.0444444444444444
"Leaf334","Leaf64",0.0277777777777778
"Leaf334","Leaf67",0.15
"Leaf334","Leaf68",0.122222222222222
"Leaf334","Leaf69",0.0333333333333333
"Leaf334","Leaf70",0.0388888888888889
"Leaf334","Leaf75",0.0222222222222222
"Leaf334","Leaf76",0.05
"Leaf334","Leaf78",0.116666666666667
"Leaf334","Leaf82",0.0166666666666667
"Leaf334","Leaf83",0.0166666666666667
"Leaf334","Leaf85",0.0166666666666667
"Leaf334","Leaf86",0.0333333333333333
"Leaf334","Leaf87",0.0444444444444444
"Leaf334","Leaf88",0.0888888888888889
"Leaf334","Leaf90",0.0333333333333333
"Leaf334","Leaf91",0.0166666666666667
"Leaf334","Leaf99",0.0722222222222222
"Leaf335","Leaf336",0.0222222222222222
"Leaf335","Leaf337",0.0166666666666667
"Leaf335","Leaf339",0.0166666666666667
"Leaf335","Leaf34",0.0111111111111111
"Leaf335","Leaf343",0.144444444444444
"Leaf335","Leaf344",0.222222222222222
"Leaf335","Leaf351",0.0222222222222222
"Leaf335","Leaf354",0.138888888888889
"Leaf335","Leaf357",0.05
"Leaf335","Leaf359",0.233333333333333
"Leaf335","Leaf361",0.194444444444444
"Leaf335","Leaf363",0.0611111111111111
"Leaf335","Leaf369",0.0333333333333333
"Leaf335","Leaf371",0
"Leaf335","Leaf380",0.0888888888888889
"Leaf335","Leaf391",0.0666666666666667
"Leaf335","Leaf394",0.0888888888888889
"Leaf335","Leaf396",0.0555555555555556
"Leaf335","Leaf405",0.00555555555555556
"Leaf335","Leaf406",0.0555555555555556
"Leaf335","Leaf41",0.0388888888888889
"Leaf335","Leaf412",0.127777777777778
"Leaf335","Leaf416",0.0944444444444444
"Leaf335","Leaf42",0.0111111111111111
"Leaf335","Leaf420",0.00555555555555556
"Leaf335","Leaf427",0
"Leaf335","Leaf434",0.05
"Leaf335","Leaf443",0.233333333333333
"Leaf335","Leaf446",0.3
"Leaf335","Leaf454",0.138888888888889
"Leaf335","Leaf456",0.0111111111111111
"Leaf335","Leaf466",0.00555555555555556
"Leaf335","Leaf49",0.0666666666666667
"Leaf335","Leaf5",0.0111111111111111
"Leaf335","Leaf50",0
"Leaf335","Leaf51",0
"Leaf335","Leaf53",0.0555555555555556
"Leaf335","Leaf58",0.05
"Leaf335","Leaf61",0.00555555555555556
"Leaf335","Leaf62",0.0722222222222222
"Leaf335","Leaf64",0.0111111111111111
"Leaf335","Leaf67",0.00555555555555556
"Leaf335","Leaf68",0.0111111111111111
"Leaf335","Leaf69",0.0444444444444444
"Leaf335","Leaf70",0.0777777777777778
"Leaf335","Leaf75",0.0833333333333333
"Leaf335","Leaf76",0.544444444444445
"Leaf335","Leaf78",0.466666666666667
"Leaf335","Leaf82",0.0166666666666667
"Leaf335","Leaf83",0.122222222222222
"Leaf335","Leaf85",0.05
"Leaf335","Leaf86",0.0888888888888889
"Leaf335","Leaf87",0.138888888888889
"Leaf335","Leaf88",0.222222222222222
"Leaf335","Leaf90",0.0444444444444444
"Leaf335","Leaf91",0.244444444444444
"Leaf335","Leaf99",0.05
"Leaf336","Leaf337",0.133333333333333
"Leaf336","Leaf339",0
"Leaf336","Leaf34",0.0111111111111111
"Leaf336","Leaf343",0.0888888888888889
"Leaf336","Leaf344",0.0888888888888889
"Leaf336","Leaf351",0.227777777777778
"Leaf336","Leaf354",0.00555555555555556
"Leaf336","Leaf357",0.0166666666666667
"Leaf336","Leaf359",0.05
"Leaf336","Leaf361",0.00555555555555556
"Leaf336","Leaf363",0.0277777777777778
"Leaf336","Leaf369",0.0388888888888889
"Leaf336","Leaf371",0.0444444444444444
"Leaf336","Leaf380",0.0222222222222222
"Leaf336","Leaf391",0.0277777777777778
"Leaf336","Leaf394",0.105555555555556
"Leaf336","Leaf396",0.0388888888888889
"Leaf336","Leaf405",0.0277777777777778
"Leaf336","Leaf406",0.0444444444444444
"Leaf336","Leaf41",0.00555555555555556
"Leaf336","Leaf412",0.133333333333333
"Leaf336","Leaf416",0.1
"Leaf336","Leaf42",0
"Leaf336","Leaf420",0
"Leaf336","Leaf427",0.0277777777777778
"Leaf336","Leaf434",0
"Leaf336","Leaf443",0.00555555555555556
"Leaf336","Leaf446",0.0944444444444444
"Leaf336","Leaf454",0.216666666666667
"Leaf336","Leaf456",0
"Leaf336","Leaf466",0.0111111111111111
"Leaf336","Leaf49",0.0555555555555556
"Leaf336","Leaf5",0.00555555555555556
"Leaf336","Leaf50",0.255555555555556
"Leaf336","Leaf51",0.144444444444444
"Leaf336","Leaf53",0.0166666666666667
"Leaf336","Leaf58",0.0111111111111111
"Leaf336","Leaf61",0.0722222222222222
"Leaf336","Leaf62",0.111111111111111
"Leaf336","Leaf64",0
"Leaf336","Leaf67",0.0833333333333333
"Leaf336","Leaf68",0.05
"Leaf336","Leaf69",0.183333333333333
"Leaf336","Leaf70",0.0444444444444444
"Leaf336","Leaf75",0.00555555555555556
"Leaf336","Leaf76",0.05
"Leaf336","Leaf78",0
"Leaf336","Leaf82",0
"Leaf336","Leaf83",0
"Leaf336","Leaf85",0.00555555555555556
"Leaf336","Leaf86",0.00555555555555556
"Leaf336","Leaf87",0.05
"Leaf336","Leaf88",0.0222222222222222
"Leaf336","Leaf90",0.0277777777777778
"Leaf336","Leaf91",0.0111111111111111
"Leaf336","Leaf99",0.0722222222222222
"Leaf337","Leaf339",0
"Leaf337","Leaf34",0.00555555555555556
"Leaf337","Leaf343",0.0777777777777778
"Leaf337","Leaf344",0.0555555555555556
"Leaf337","Leaf351",0
"Leaf337","Leaf354",0
"Leaf337","Leaf357",0.3
"Leaf337","Leaf359",0.0222222222222222
"Leaf337","Leaf361",0
"Leaf337","Leaf363",0.0222222222222222
"Leaf337","Leaf369",0.0388888888888889
"Leaf337","Leaf371",0.0111111111111111
"Leaf337","Leaf380",0.00555555555555556
"Leaf337","Leaf391",0.0166666666666667
"Leaf337","Leaf394",0.0944444444444444
"Leaf337","Leaf396",0.0444444444444444
"Leaf337","Leaf405",0.00555555555555556
"Leaf337","Leaf406",0.0277777777777778
"Leaf337","Leaf41",0.183333333333333
"Leaf337","Leaf412",0.1
"Leaf337","Leaf416",0.0277777777777778
"Leaf337","Leaf42",0.116666666666667
"Leaf337","Leaf420",0.294444444444444
"Leaf337","Leaf427",0.00555555555555556
"Leaf337","Leaf434",0
"Leaf337","Leaf443",0.00555555555555556
"Leaf337","Leaf446",0.0777777777777778
"Leaf337","Leaf454",0.122222222222222
"Leaf337","Leaf456",0
"Leaf337","Leaf466",0.183333333333333
"Leaf337","Leaf49",0.0388888888888889
"Leaf337","Leaf5",0.00555555555555556
"Leaf337","Leaf50",0.144444444444444
"Leaf337","Leaf51",0.205555555555556
"Leaf337","Leaf53",0.311111111111111
"Leaf337","Leaf58",0.00555555555555556
"Leaf337","Leaf61",0.0333333333333333
"Leaf337","Leaf62",0.0277777777777778
"Leaf337","Leaf64",0.0277777777777778
"Leaf337","Leaf67",0.0833333333333333
"Leaf337","Leaf68",0.0444444444444444
"Leaf337","Leaf69",0.0111111111111111
"Leaf337","Leaf70",0.0333333333333333
"Leaf337","Leaf75",0.00555555555555556
"Leaf337","Leaf76",0.0111111111111111
"Leaf337","Leaf78",0
"Leaf337","Leaf82",0
"Leaf337","Leaf83",0.00555555555555556
"Leaf337","Leaf85",0.00555555555555556
"Leaf337","Leaf86",0.0388888888888889
"Leaf337","Leaf87",0
"Leaf337","Leaf88",0.0388888888888889
"Leaf337","Leaf90",0.0555555555555556
"Leaf337","Leaf91",0.0555555555555556
"Leaf337","Leaf99",0.0111111111111111
"Leaf339","Leaf34",0.0111111111111111
"Leaf339","Leaf343",0.0333333333333333
"Leaf339","Leaf344",0.05
"Leaf339","Leaf351",0
"Leaf339","Leaf354",0
"Leaf339","Leaf357",0.00555555555555556
"Leaf339","Leaf359",0.0444444444444444
"Leaf339","Leaf361",0.00555555555555556
"Leaf339","Leaf363",0.0222222222222222
"Leaf339","Leaf369",0.0222222222222222
"Leaf339","Leaf371",0.0166666666666667
"Leaf339","Leaf380",0.0333333333333333
"Leaf339","Leaf391",0.138888888888889
"Leaf339","Leaf394",0.0722222222222222
"Leaf339","Leaf396",0.05
"Leaf339","Leaf405",0.0166666666666667
"Leaf339","Leaf406",0.0277777777777778
"Leaf339","Leaf41",0.144444444444444
"Leaf339","Leaf412",0.0833333333333333
"Leaf339","Leaf416",0.133333333333333
"Leaf339","Leaf42",0.111111111111111
"Leaf339","Leaf420",0
"Leaf339","Leaf427",0.0166666666666667
"Leaf339","Leaf434",0.00555555555555556
"Leaf339","Leaf443",0.00555555555555556
"Leaf339","Leaf446",0.0777777777777778
"Leaf339","Leaf454",0.122222222222222
"Leaf339","Leaf456",0.45
"Leaf339","Leaf466",0.0111111111111111
"Leaf339","Leaf49",0.0388888888888889
"Leaf339","Leaf5",0.244444444444444
"Leaf339","Leaf50",0.00555555555555556
"Leaf339","Leaf51",0
"Leaf339","Leaf53",0
"Leaf339","Leaf58",0
"Leaf339","Leaf61",0
"Leaf339","Leaf62",0.0777777777777778
"Leaf339","Leaf64",0.00555555555555556
"Leaf339","Leaf67",0.0388888888888889
"Leaf339","Leaf68",0.1
"Leaf339","Leaf69",0.00555555555555556
"Leaf339","Leaf70",0.0166666666666667
"Leaf339","Leaf75",0
"Leaf339","Leaf76",0.1
"Leaf339","Leaf78",0.194444444444444
"Leaf339","Leaf82",0
"Leaf339","Leaf83",0.122222222222222
"Leaf339","Leaf85",0.00555555555555556
"Leaf339","Leaf86",0.1
"Leaf339","Leaf87",0.0722222222222222
"Leaf339","Leaf88",0.0111111111111111
"Leaf339","Leaf90",0.0722222222222222
"Leaf339","Leaf91",0.05
"Leaf339","Leaf99",0.0333333333333333
"Leaf34","Leaf343",0.05
"Leaf34","Leaf344",0.0555555555555556
"Leaf34","Leaf351",0.0111111111111111
"Leaf34","Leaf354",0.0277777777777778
"Leaf34","Leaf357",0.0166666666666667
"Leaf34","Leaf359",0.0888888888888889
"Leaf34","Leaf361",0.0111111111111111
"Leaf34","Leaf363",0.0388888888888889
"Leaf34","Leaf369",0.0666666666666667
"Leaf34","Leaf371",0.0111111111111111
"Leaf34","Leaf380",0.0222222222222222
"Leaf34","Leaf391",0.0222222222222222
"Leaf34","Leaf394",0.0777777777777778
"Leaf34","Leaf396",0.0833333333333333
"Leaf34","Leaf405",0.00555555555555556
"Leaf34","Leaf406",0.0611111111111111
"Leaf34","Leaf41",0.0388888888888889
"Leaf34","Leaf412",0.105555555555556
"Leaf34","Leaf416",0.0833333333333333
"Leaf34","Leaf42",0.0777777777777778
"Leaf34","Leaf420",0.00555555555555556
"Leaf34","Leaf427",0.0777777777777778
"Leaf34","Leaf434",0.0111111111111111
"Leaf34","Leaf443",0.0111111111111111
"Leaf34","Leaf446",0.0722222222222222
"Leaf34","Leaf454",0.133333333333333
"Leaf34","Leaf456",0.0111111111111111
"Leaf34","Leaf466",0.0333333333333333
"Leaf34","Leaf49",0.0722222222222222
"Leaf34","Leaf5",0.00555555555555556
"Leaf34","Leaf50",0.0111111111111111
"Leaf34","Leaf51",0.00555555555555556
"Leaf34","Leaf53",0.00555555555555556
"Leaf34","Leaf58",0.0222222222222222
"Leaf34","Leaf61",0.0111111111111111
"Leaf34","Leaf62",0.211111111111111
"Leaf34","Leaf64",0.0222222222222222
"Leaf34","Leaf67",0.116666666666667
"Leaf34","Leaf68",0.1
"Leaf34","Leaf69",0.0111111111111111
"Leaf34","Leaf70",0.0333333333333333
"Leaf34","Leaf75",0.0166666666666667
"Leaf34","Leaf76",0.0944444444444444
"Leaf34","Leaf78",0.166666666666667
"Leaf34","Leaf82",0.00555555555555556
"Leaf34","Leaf83",0.0111111111111111
"Leaf34","Leaf85",0.333333333333333
"Leaf34","Leaf86",0.144444444444444
"Leaf34","Leaf87",0.0388888888888889
"Leaf34","Leaf88",0.0166666666666667
"Leaf34","Leaf90",0.0611111111111111
"Leaf34","Leaf91",0.0166666666666667
"Leaf34","Leaf99",0.116666666666667
"Leaf343","Leaf344",0.127777777777778
"Leaf343","Leaf351",0.05
"Leaf343","Leaf354",0.0611111111111111
"Leaf343","Leaf357",0.0555555555555556
"Leaf343","Leaf359",0.194444444444444
"Leaf343","Leaf361",0.0333333333333333
"Leaf343","Leaf363",0.122222222222222
"Leaf343","Leaf369",0.0833333333333333
"Leaf343","Leaf371",0.116666666666667
"Leaf343","Leaf380",0.0777777777777778
"Leaf343","Leaf391",0.0555555555555556
"Leaf343","Leaf394",0.161111111111111
"Leaf343","Leaf396",0.0722222222222222
"Leaf343","Leaf405",0.0777777777777778
"Leaf343","Leaf406",0.133333333333333
"Leaf343","Leaf41",0.0444444444444444
"Leaf343","Leaf412",0.138888888888889
"Leaf343","Leaf416",0.15
"Leaf343","Leaf42",0.0666666666666667
"Leaf343","Leaf420",0.0277777777777778
"Leaf343","Leaf427",0.0833333333333333
"Leaf343","Leaf434",0.244444444444444
"Leaf343","Leaf443",0.0333333333333333
"Leaf343","Leaf446",0.183333333333333
"Leaf343","Leaf454",0.244444444444444
"Leaf343","Leaf456",0.0388888888888889
"Leaf343","Leaf466",0.0833333333333333
"Leaf343","Leaf49",0.1
"Leaf343","Leaf5",0.0388888888888889
"Leaf343","Leaf50",0.0388888888888889
"Leaf343","Leaf51",0.0444444444444444
"Leaf343","Leaf53",0.0777777777777778
"Leaf343","Leaf58",0.0444444444444444
"Leaf343","Leaf61",0.127777777777778
"Leaf343","Leaf62",0.0388888888888889
"Leaf343","Leaf64",0.0333333333333333
"Leaf343","Leaf67",0.183333333333333
"Leaf343","Leaf68",0.0888888888888889
"Leaf343","Leaf69",0.0444444444444444
"Leaf343","Leaf70",0.144444444444444
"Leaf343","Leaf75",0.0944444444444444
"Leaf343","Leaf76",0.138888888888889
"Leaf343","Leaf78",0.05
"Leaf343","Leaf82",0.0444444444444444
"Leaf343","Leaf83",0.0333333333333333
"Leaf343","Leaf85",0.0444444444444444
"Leaf343","Leaf86",0.138888888888889
"Leaf343","Leaf87",0.0555555555555556
"Leaf343","Leaf88",0.0277777777777778
"Leaf343","Leaf90",0.0944444444444444
"Leaf343","Leaf91",0.0555555555555556
"Leaf343","Leaf99",0.0777777777777778
"Leaf344","Leaf351",0.0444444444444444
"Leaf344","Leaf354",0.05
"Leaf344","Leaf357",0.0611111111111111
"Leaf344","Leaf359",0.1
"Leaf344","Leaf361",0.0333333333333333
"Leaf344","Leaf363",0.1
"Leaf344","Leaf369",0.0777777777777778
"Leaf344","Leaf371",0.0777777777777778
"Leaf344","Leaf380",0.0666666666666667
"Leaf344","Leaf391",0.05
"Leaf344","Leaf394",0.127777777777778
"Leaf344","Leaf396",0.0777777777777778
"Leaf344","Leaf405",0.0333333333333333
"Leaf344","Leaf406",0.1
"Leaf344","Leaf41",0.211111111111111
"Leaf344","Leaf412",0.133333333333333
"Leaf344","Leaf416",0.0666666666666667
"Leaf344","Leaf42",0.0555555555555556
"Leaf344","Leaf420",0.0333333333333333
"Leaf344","Leaf427",0.0555555555555556
"Leaf344","Leaf434",0.05
"Leaf344","Leaf443",0.0388888888888889
"Leaf344","Leaf446",0.15
"Leaf344","Leaf454",0.211111111111111
"Leaf344","Leaf456",0.0388888888888889
"Leaf344","Leaf466",0.0833333333333333
"Leaf344","Leaf49",0.305555555555556
"Leaf344","Leaf5",0.0333333333333333
"Leaf344","Leaf50",0.0444444444444444
"Leaf344","Leaf51",0.0333333333333333
"Leaf344","Leaf53",0.0444444444444444
"Leaf344","Leaf58",0.0555555555555556
"Leaf344","Leaf61",0.0722222222222222
"Leaf344","Leaf62",0.0444444444444444
"Leaf344","Leaf64",0.0388888888888889
"Leaf344","Leaf67",0.0666666666666667
"Leaf344","Leaf68",0.1
"Leaf344","Leaf69",0.0388888888888889
"Leaf344","Leaf70",0.105555555555556
"Leaf344","Leaf75",0.0777777777777778
"Leaf344","Leaf76",0.0666666666666667
"Leaf344","Leaf78",0.0333333333333333
"Leaf344","Leaf82",0.0388888888888889
"Leaf344","Leaf83",0.0388888888888889
"Leaf344","Leaf85",0.0444444444444444
"Leaf344","Leaf86",0.0444444444444444
"Leaf344","Leaf87",0.116666666666667
"Leaf344","Leaf88",0.0444444444444444
"Leaf344","Leaf90",0.0888888888888889
"Leaf344","Leaf91",0.0444444444444444
"Leaf344","Leaf99",0.0666666666666667
"Leaf351","Leaf354",0.00555555555555556
"Leaf351","Leaf357",0.00555555555555556
"Leaf351","Leaf359",0.116666666666667
"Leaf351","Leaf361",0
"Leaf351","Leaf363",0.0222222222222222
"Leaf351","Leaf369",0.0277777777777778
"Leaf351","Leaf371",0.00555555555555556
"Leaf351","Leaf380",0.0111111111111111
"Leaf351","Leaf391",0.0333333333333333
"Leaf351","Leaf394",0.0944444444444444
"Leaf351","Leaf396",0.0277777777777778
"Leaf351","Leaf405",0.0666666666666667
"Leaf351","Leaf406",0.0222222222222222
"Leaf351","Leaf41",0.0388888888888889
"Leaf351","Leaf412",0.0888888888888889
"Leaf351","Leaf416",0.0222222222222222
"Leaf351","Leaf42",0.15
"Leaf351","Leaf420",0
"Leaf351","Leaf427",0.0277777777777778
"Leaf351","Leaf434",0
"Leaf351","Leaf443",0.0333333333333333
"Leaf351","Leaf446",0.0722222222222222
"Leaf351","Leaf454",0.122222222222222
"Leaf351","Leaf456",0
"Leaf351","Leaf466",0.0166666666666667
"Leaf351","Leaf49",0.0388888888888889
"Leaf351","Leaf5",0
"Leaf351","Leaf50",0.00555555555555556
"Leaf351","Leaf51",0.0111111111111111
"Leaf351","Leaf53",0
"Leaf351","Leaf58",0.0111111111111111
"Leaf351","Leaf61",0
"Leaf351","Leaf62",0.0944444444444444
"Leaf351","Leaf64",0
"Leaf351","Leaf67",0.0555555555555556
"Leaf351","Leaf68",0.0333333333333333
"Leaf351","Leaf69",0.0111111111111111
"Leaf351","Leaf70",0.0444444444444444
"Leaf351","Leaf75",0
"Leaf351","Leaf76",0.0833333333333333
"Leaf351","Leaf78",0
"Leaf351","Leaf82",0
"Leaf351","Leaf83",0.0111111111111111
"Leaf351","Leaf85",0.00555555555555556
"Leaf351","Leaf86",0.194444444444444
"Leaf351","Leaf87",0.0277777777777778
"Leaf351","Leaf88",0
"Leaf351","Leaf90",0.0111111111111111
"Leaf351","Leaf91",0
"Leaf351","Leaf99",0.0166666666666667
"Leaf354","Leaf357",0.0111111111111111
"Leaf354","Leaf359",0.116666666666667
"Leaf354","Leaf361",0
"Leaf354","Leaf363",0.0888888888888889
"Leaf354","Leaf369",0.0277777777777778
"Leaf354","Leaf371",0.0277777777777778
"Leaf354","Leaf380",0.0166666666666667
"Leaf354","Leaf391",0.0444444444444444
"Leaf354","Leaf394",0.0722222222222222
"Leaf354","Leaf396",0.0444444444444444
"Leaf354","Leaf405",0
"Leaf354","Leaf406",0.0277777777777778
"Leaf354","Leaf41",0.0722222222222222
"Leaf354","Leaf412",0.0888888888888889
"Leaf354","Leaf416",0.0277777777777778
"Leaf354","Leaf42",0.0277777777777778
"Leaf354","Leaf420",0
"Leaf354","Leaf427",0.0222222222222222
"Leaf354","Leaf434",0.00555555555555556
"Leaf354","Leaf443",0.0111111111111111
"Leaf354","Leaf446",0.0833333333333333
"Leaf354","Leaf454",0.133333333333333
"Leaf354","Leaf456",0.0111111111111111
"Leaf354","Leaf466",0.0166666666666667
"Leaf354","Leaf49",0.0555555555555556
"Leaf354","Leaf5",0
"Leaf354","Leaf50",0.00555555555555556
"Leaf354","Leaf51",0
"Leaf354","Leaf53",0.0111111111111111
"Leaf354","Leaf58",0.177777777777778
"Leaf354","Leaf61",0.0277777777777778
"Leaf354","Leaf62",0.0388888888888889
"Leaf354","Leaf64",0
"Leaf354","Leaf67",0.0277777777777778
"Leaf354","Leaf68",0.0833333333333333
"Leaf354","Leaf69",0.00555555555555556
"Leaf354","Leaf70",0.0333333333333333
"Leaf354","Leaf75",0.0222222222222222
"Leaf354","Leaf76",0.0444444444444444
"Leaf354","Leaf78",0
"Leaf354","Leaf82",0.00555555555555556
"Leaf354","Leaf83",0.522222222222222
"Leaf354","Leaf85",0.272222222222222
"Leaf354","Leaf86",0.183333333333333
"Leaf354","Leaf87",0.0444444444444444
"Leaf354","Leaf88",0.122222222222222
"Leaf354","Leaf90",0.05
"Leaf354","Leaf91",0.333333333333333
"Leaf354","Leaf99",0.0333333333333333
"Leaf357","Leaf359",0.05
"Leaf357","Leaf361",0.0333333333333333
"Leaf357","Leaf363",0.0444444444444444
"Leaf357","Leaf369",0.0444444444444444
"Leaf357","Leaf371",0.0555555555555556
"Leaf357","Leaf380",0.0111111111111111
"Leaf357","Leaf391",0.0833333333333333
"Leaf357","Leaf394",0.105555555555556
"Leaf357","Leaf396",0.0277777777777778
"Leaf357","Leaf405",0.0555555555555556
"Leaf357","Leaf406",0.0611111111111111
"Leaf357","Leaf41",0.316666666666667
"Leaf357","Leaf412",0.0888888888888889
"Leaf357","Leaf416",0.0555555555555556
"Leaf357","Leaf42",0.0611111111111111
"Leaf357","Leaf420",0.00555555555555556
"Leaf357","Leaf427",0.1
"Leaf357","Leaf434",0.00555555555555556
"Leaf357","Leaf443",0.0111111111111111
"Leaf357","Leaf446",0.0888888888888889
"Leaf357","Leaf454",0.144444444444444
"Leaf357","Leaf456",0
"Leaf357","Leaf466",0.0555555555555556
"Leaf357","Leaf49",0.0555555555555556
"Leaf357","Leaf5",0
"Leaf357","Leaf50",0
"Leaf357","Leaf51",0.294444444444444
"Leaf357","Leaf53",0.366666666666667
"Leaf357","Leaf58",0.0111111111111111
"Leaf357","Leaf61",0.0388888888888889
"Leaf357","Leaf62",0.0166666666666667
"Leaf357","Leaf64",0.0222222222222222
"Leaf357","Leaf67",0.144444444444444
"Leaf357","Leaf68",0.05
"Leaf357","Leaf69",0.00555555555555556
"Leaf357","Leaf70",0.0444444444444444
"Leaf357","Leaf75",0.0222222222222222
"Leaf357","Leaf76",0.0388888888888889
"Leaf357","Leaf78",0
"Leaf357","Leaf82",0
"Leaf357","Leaf83",0.00555555555555556
"Leaf357","Leaf85",0.00555555555555556
"Leaf357","Leaf86",0
"Leaf357","Leaf87",0.0611111111111111
"Leaf357","Leaf88",0.0388888888888889
"Leaf357","Leaf90",0.05
"Leaf357","Leaf91",0.0277777777777778
"Leaf357","Leaf99",0.00555555555555556
"Leaf359","Leaf361",0.05
"Leaf359","Leaf363",0.1
"Leaf359","Leaf369",0.116666666666667
"Leaf359","Leaf371",0.0333333333333333
"Leaf359","Leaf380",0.0388888888888889
"Leaf359","Leaf391",0.0222222222222222
"Leaf359","Leaf394",0.116666666666667
"Leaf359","Leaf396",0.0944444444444444
"Leaf359","Leaf405",0
"Leaf359","Leaf406",0.388888888888889
"Leaf359","Leaf41",0.0222222222222222
"Leaf359","Leaf412",0.161111111111111
"Leaf359","Leaf416",0.00555555555555556
"Leaf359","Leaf42",0.15
"Leaf359","Leaf420",0.0166666666666667
"Leaf359","Leaf427",0.00555555555555556
"Leaf359","Leaf434",0.0611111111111111
"Leaf359","Leaf443",0.0222222222222222
"Leaf359","Leaf446",0.166666666666667
"Leaf359","Leaf454",0.122222222222222
"Leaf359","Leaf456",0.0555555555555556
"Leaf359","Leaf466",0.0166666666666667
"Leaf359","Leaf49",0.1
"Leaf359","Leaf5",0.0444444444444444
"Leaf359","Leaf50",0.111111111111111
"Leaf359","Leaf51",0.0166666666666667
"Leaf359","Leaf53",0.0666666666666667
"Leaf359","Leaf58",0.1
"Leaf359","Leaf61",0
"Leaf359","Leaf62",0.00555555555555556
"Leaf359","Leaf64",0.0333333333333333
"Leaf359","Leaf67",0.0777777777777778
"Leaf359","Leaf68",0.0277777777777778
"Leaf359","Leaf69",0.283333333333333
"Leaf359","Leaf70",0.05
"Leaf359","Leaf75",0.0666666666666667
"Leaf359","Leaf76",0.105555555555556
"Leaf359","Leaf78",0.00555555555555556
"Leaf359","Leaf82",0.0222222222222222
"Leaf359","Leaf83",0.0444444444444444
"Leaf359","Leaf85",0.00555555555555556
"Leaf359","Leaf86",0.0111111111111111
"Leaf359","Leaf87",0.0166666666666667
"Leaf359","Leaf88",0.0388888888888889
"Leaf359","Leaf90",0.0166666666666667
"Leaf359","Leaf91",0.0111111111111111
"Leaf359","Leaf99",0.0555555555555556
"Leaf361","Leaf363",0.0166666666666667
"Leaf361","Leaf369",0.0222222222222222
"Leaf361","Leaf371",0.0944444444444444
"Leaf361","Leaf380",0.00555555555555556
"Leaf361","Leaf391",0.122222222222222
"Leaf361","Leaf394",0.0722222222222222
"Leaf361","Leaf396",0.0222222222222222
"Leaf361","Leaf405",0.0722222222222222
"Leaf361","Leaf406",0.0277777777777778
"Leaf361","Leaf41",0.0388888888888889
"Leaf361","Leaf412",0.0722222222222222
"Leaf361","Leaf416",0.133333333333333
"Leaf361","Leaf42",0.0722222222222222
"Leaf361","Leaf420",0
"Leaf361","Leaf427",0.0277777777777778
"Leaf361","Leaf434",0.138888888888889
"Leaf361","Leaf443",0.0166666666666667
"Leaf361","Leaf446",0.0666666666666667
"Leaf361","Leaf454",0.1
"Leaf361","Leaf456",0
"Leaf361","Leaf466",0.05
"Leaf361","Leaf49",0.0333333333333333
"Leaf361","Leaf5",0.172222222222222
"Leaf361","Leaf50",0.0555555555555556
"Leaf361","Leaf51",0
"Leaf361","Leaf53",0
"Leaf361","Leaf58",0
"Leaf361","Leaf61",0.00555555555555556
"Leaf361","Leaf62",0.0111111111111111
"Leaf361","Leaf64",0
"Leaf361","Leaf67",0.0166666666666667
"Leaf361","Leaf68",0.177777777777778
"Leaf361","Leaf69",0.0111111111111111
"Leaf361","Leaf70",0.0222222222222222
"Leaf361","Leaf75",0.00555555555555556
"Leaf361","Leaf76",0.322222222222222
"Leaf361","Leaf78",0.288888888888889
"Leaf361","Leaf82",0.161111111111111
"Leaf361","Leaf83",0.122222222222222
"Leaf361","Leaf85",0.0222222222222222
"Leaf361","Leaf86",0.133333333333333
"Leaf361","Leaf87",0.15
"Leaf361","Leaf88",0
"Leaf361","Leaf90",0.177777777777778
"Leaf361","Leaf91",0.0888888888888889
"Leaf361","Leaf99",0.0166666666666667
"Leaf363","Leaf369",0.0833333333333333
"Leaf363","Leaf371",0.0222222222222222
"Leaf363","Leaf380",0.105555555555556
"Leaf363","Leaf391",0.166666666666667
"Leaf363","Leaf394",0.116666666666667
"Leaf363","Leaf396",0.0611111111111111
"Leaf363","Leaf405",0.0444444444444444
"Leaf363","Leaf406",0.105555555555556
"Leaf363","Leaf41",0.0222222222222222
"Leaf363","Leaf412",0.155555555555556
"Leaf363","Leaf416",0.0888888888888889
"Leaf363","Leaf42",0.0444444444444444
"Leaf363","Leaf420",0.0222222222222222
"Leaf363","Leaf427",0.0277777777777778
"Leaf363","Leaf434",0.0333333333333333
"Leaf363","Leaf443",0.0222222222222222
"Leaf363","Leaf446",0.122222222222222
"Leaf363","Leaf454",0.277777777777778
"Leaf363","Leaf456",0.0166666666666667
"Leaf363","Leaf466",0.0555555555555556
"Leaf363","Leaf49",0.0722222222222222
"Leaf363","Leaf5",0.0166666666666667
"Leaf363","Leaf50",0.0222222222222222
"Leaf363","Leaf51",0.0222222222222222
"Leaf363","Leaf53",0.0333333333333333
"Leaf363","Leaf58",0.0333333333333333
"Leaf363","Leaf61",0.1
"Leaf363","Leaf62",0.0555555555555556
"Leaf363","Leaf64",0.0333333333333333
"Leaf363","Leaf67",0.0666666666666667
"Leaf363","Leaf68",0.0555555555555556
"Leaf363","Leaf69",0.0388888888888889
"Leaf363","Leaf70",0.0777777777777778
"Leaf363","Leaf75",0.0444444444444444
"Leaf363","Leaf76",0.0611111111111111
"Leaf363","Leaf78",0.0222222222222222
"Leaf363","Leaf82",0.0166666666666667
"Leaf363","Leaf83",0.422222222222222
"Leaf363","Leaf85",0.0444444444444445
"Leaf363","Leaf86",0.0388888888888889
"Leaf363","Leaf87",0.0666666666666667
"Leaf363","Leaf88",0.1
"Leaf363","Leaf90",0.0777777777777778
"Leaf363","Leaf91",0.205555555555556
"Leaf363","Leaf99",0.111111111111111
"Leaf369","Leaf371",0.116666666666667
"Leaf369","Leaf380",0.0444444444444444
"Leaf369","Leaf391",0.122222222222222
"Leaf369","Leaf394",0.116666666666667
"Leaf369","Leaf396",0.0611111111111111
"Leaf369","Leaf405",0.0388888888888889
"Leaf369","Leaf406",0.0833333333333333
"Leaf369","Leaf41",0.0222222222222222
"Leaf369","Leaf412",0.0944444444444444
"Leaf369","Leaf416",0.0944444444444444
"Leaf369","Leaf42",0.0388888888888889
"Leaf369","Leaf420",0.0222222222222222
"Leaf369","Leaf427",0.0555555555555556
"Leaf369","Leaf434",0.0277777777777778
"Leaf369","Leaf443",0.0277777777777778
"Leaf369","Leaf446",0.0944444444444444
"Leaf369","Leaf454",0.172222222222222
"Leaf369","Leaf456",0.0277777777777778
"Leaf369","Leaf466",0.188888888888889
"Leaf369","Leaf49",0.05
"Leaf369","Leaf5",0.0222222222222222
"Leaf369","Leaf50",0.0222222222222222
"Leaf369","Leaf51",0.05
"Leaf369","Leaf53",0.0333333333333333
"Leaf369","Leaf58",0.0555555555555556
"Leaf369","Leaf61",0.1
"Leaf369","Leaf62",0.133333333333333
"Leaf369","Leaf64",0.0333333333333333
"Leaf369","Leaf67",0.1
"Leaf369","Leaf68",0.0333333333333333
"Leaf369","Leaf69",0.0388888888888889
"Leaf369","Leaf70",0.0722222222222222
"Leaf369","Leaf75",0.05
"Leaf369","Leaf76",0.1
"Leaf369","Leaf78",0.0333333333333333
"Leaf369","Leaf82",0.0222222222222222
"Leaf369","Leaf83",0.0222222222222222
"Leaf369","Leaf85",0.0444444444444444
"Leaf369","Leaf86",0.0277777777777778
"Leaf369","Leaf87",0.0777777777777778
"Leaf369","Leaf88",0.0222222222222222
"Leaf369","Leaf90",0.0666666666666667
"Leaf369","Leaf91",0.0277777777777778
"Leaf369","Leaf99",0.0777777777777778
"Leaf371","Leaf380",0.0166666666666667
"Leaf371","Leaf391",0.0777777777777778
"Leaf371","Leaf394",0.0777777777777778
"Leaf371","Leaf396",0.0555555555555556
"Leaf371","Leaf405",0.172222222222222
"Leaf371","Leaf406",0.0388888888888889
"Leaf371","Leaf41",0.183333333333333
"Leaf371","Leaf412",0.0833333333333333
"Leaf371","Leaf416",0.1
"Leaf371","Leaf42",0.00555555555555556
"Leaf371","Leaf420",0.0111111111111111
"Leaf371","Leaf427",0.494444444444444
"Leaf371","Leaf434",0.111111111111111
"Leaf371","Leaf443",0.111111111111111
"Leaf371","Leaf446",0.116666666666667
"Leaf371","Leaf454",0.205555555555556
"Leaf371","Leaf456",0.0555555555555556
"Leaf371","Leaf466",0.0444444444444444
"Leaf371","Leaf49",0.116666666666667
"Leaf371","Leaf5",0.0222222222222222
"Leaf371","Leaf50",0.1
"Leaf371","Leaf51",0.00555555555555556
"Leaf371","Leaf53",0
"Leaf371","Leaf58",0
"Leaf371","Leaf61",0.472222222222222
"Leaf371","Leaf62",0
"Leaf371","Leaf64",0.0111111111111111
"Leaf371","Leaf67",0.244444444444444
"Leaf371","Leaf68",0.505555555555556
"Leaf371","Leaf69",0.0222222222222222
"Leaf371","Leaf70",0.0277777777777778
"Leaf371","Leaf75",0.0277777777777778
"Leaf371","Leaf76",0.05
"Leaf371","Leaf78",0.0166666666666667
"Leaf371","Leaf82",0.0166666666666667
"Leaf371","Leaf83",0.0833333333333333
"Leaf371","Leaf85",0.0111111111111111
"Leaf371","Leaf86",0.00555555555555556
"Leaf371","Leaf87",0.0555555555555556
"Leaf371","Leaf88",0.366666666666667
"Leaf371","Leaf90",0.0166666666666667
"Leaf371","Leaf91",0.0111111111111111
"Leaf371","Leaf99",0.0111111111111111
"Leaf380","Leaf391",0.344444444444444
"Leaf380","Leaf394",0.0944444444444444
"Leaf380","Leaf396",0.0444444444444444
"Leaf380","Leaf405",0.0277777777777778
"Leaf380","Leaf406",0.0777777777777778
"Leaf380","Leaf41",0.0333333333333333
"Leaf380","Leaf412",0.216666666666667
"Leaf380","Leaf416",0.0833333333333333
"Leaf380","Leaf42",0.0944444444444444
"Leaf380","Leaf420",0.00555555555555556
"Leaf380","Leaf427",0.0833333333333333
"Leaf380","Leaf434",0.0111111111111111
"Leaf380","Leaf443",0.0277777777777778
"Leaf380","Leaf446",0.133333333333333
"Leaf380","Leaf454",0.15
"Leaf380","Leaf456",0.0111111111111111
"Leaf380","Leaf466",0.0555555555555556
"Leaf380","Leaf49",0.0555555555555556
"Leaf380","Leaf5",0.0166666666666667
"Leaf380","Leaf50",0.0166666666666667
"Leaf380","Leaf51",0.0111111111111111
"Leaf380","Leaf53",0.0555555555555556
"Leaf380","Leaf58",0.0222222222222222
"Leaf380","Leaf61",0.0277777777777778
"Leaf380","Leaf62",0.0611111111111111
"Leaf380","Leaf64",0.0111111111111111
"Leaf380","Leaf67",0.0166666666666667
"Leaf380","Leaf68",0.1
"Leaf380","Leaf69",0.0166666666666667
"Leaf380","Leaf70",0.0666666666666667
"Leaf380","Leaf75",0.0777777777777778
"Leaf380","Leaf76",0.15
"Leaf380","Leaf78",0.0166666666666667
"Leaf380","Leaf82",0.00555555555555556
"Leaf380","Leaf83",0.0111111111111111
"Leaf380","Leaf85",0.0388888888888889
"Leaf380","Leaf86",0.0222222222222222
"Leaf380","Leaf87",0.0888888888888889
"Leaf380","Leaf88",0.133333333333333
"Leaf380","Leaf90",0.0833333333333333
"Leaf380","Leaf91",0.0222222222222222
"Leaf380","Leaf99",0.133333333333333
"Leaf391","Leaf394",0.177777777777778
"Leaf391","Leaf396",0.0888888888888889
"Leaf391","Leaf405",0.0222222222222222
"Leaf391","Leaf406",0.0666666666666667
"Leaf391","Leaf41",0.0388888888888889
"Leaf391","Leaf412",0.322222222222222
"Leaf391","Leaf416",0.216666666666667
"Leaf391","Leaf42",0.122222222222222
"Leaf391","Leaf420",0.0611111111111111
"Leaf391","Leaf427",0.0555555555555556
"Leaf391","Leaf434",0.138888888888889
"Leaf391","Leaf443",0.161111111111111
"Leaf391","Leaf446",0.0722222222222222
"Leaf391","Leaf454",0.138888888888889
"Leaf391","Leaf456",0.15
"Leaf391","Leaf466",0.15
"Leaf391","Leaf49",0.0777777777777778
"Leaf391","Leaf5",0.0333333333333333
"Leaf391","Leaf50",0.144444444444444
"Leaf391","Leaf51",0.00555555555555556
"Leaf391","Leaf53",0.0166666666666667
"Leaf391","Leaf58",0.0833333333333333
"Leaf391","Leaf61",0.0277777777777778
"Leaf391","Leaf62",0.05
"Leaf391","Leaf64",0.0611111111111111
"Leaf391","Leaf67",0.0111111111111111
"Leaf391","Leaf68",0.222222222222222
"Leaf391","Leaf69",0.0666666666666667
"Leaf391","Leaf70",0.0611111111111111
"Leaf391","Leaf75",0.111111111111111
"Leaf391","Leaf76",0.177777777777778
"Leaf391","Leaf78",0.0611111111111111
"Leaf391","Leaf82",0.0166666666666667
"Leaf391","Leaf83",0.172222222222222
"Leaf391","Leaf85",0.0944444444444444
"Leaf391","Leaf86",0.155555555555556
"Leaf391","Leaf87",0.211111111111111
"Leaf391","Leaf88",0.0166666666666667
"Leaf391","Leaf90",0.188888888888889
"Leaf391","Leaf91",0.166666666666667
"Leaf391","Leaf99",0.172222222222222
"Leaf394","Leaf396",0.427777777777778
"Leaf394","Leaf405",0.238888888888889
"Leaf394","Leaf406",0.15
"Leaf394","Leaf41",0.0944444444444444
"Leaf394","Leaf412",0.183333333333333
"Leaf394","Leaf416",0.116666666666667
"Leaf394","Leaf42",0.1
"Leaf394","Leaf420",0.0722222222222222
"Leaf394","Leaf427",0.205555555555556
"Leaf394","Leaf434",0.288888888888889
"Leaf394","Leaf443",0.0722222222222222
"Leaf394","Leaf446",0.183333333333333
"Leaf394","Leaf454",0.227777777777778
"Leaf394","Leaf456",0.122222222222222
"Leaf394","Leaf466",0.111111111111111
"Leaf394","Leaf49",0.111111111111111
"Leaf394","Leaf5",0.0666666666666667
"Leaf394","Leaf50",0.0666666666666667
"Leaf394","Leaf51",0.0888888888888889
"Leaf394","Leaf53",0.0833333333333333
"Leaf394","Leaf58",0.0888888888888889
"Leaf394","Leaf61",0.144444444444444
"Leaf394","Leaf62",0.338888888888889
"Leaf394","Leaf64",0.0666666666666667
"Leaf394","Leaf67",0.15
"Leaf394","Leaf68",0.0944444444444444
"Leaf394","Leaf69",0.0888888888888889
"Leaf394","Leaf70",0.127777777777778
"Leaf394","Leaf75",0.127777777777778
"Leaf394","Leaf76",0.0888888888888889
"Leaf394","Leaf78",0.0722222222222222
"Leaf394","Leaf82",0.0666666666666667
"Leaf394","Leaf83",0.0722222222222222
"Leaf394","Leaf85",0.0833333333333333
"Leaf394","Leaf86",0.0944444444444444
"Leaf394","Leaf87",0.0777777777777778
"Leaf394","Leaf88",0.161111111111111
"Leaf394","Leaf90",0.0722222222222222
"Leaf394","Leaf91",0.0777777777777778
"Leaf394","Leaf99",0.116666666666667
"Leaf396","Leaf405",0.0333333333333333
"Leaf396","Leaf406",0.0944444444444444
"Leaf396","Leaf41",0.0222222222222222
"Leaf396","Leaf412",0.127777777777778
"Leaf396","Leaf416",0.366666666666667
"Leaf396","Leaf42",0.0388888888888889
"Leaf396","Leaf420",0.0166666666666667
"Leaf396","Leaf427",0.188888888888889
"Leaf396","Leaf434",0.127777777777778
"Leaf396","Leaf443",0.0222222222222222
"Leaf396","Leaf446",0.1
"Leaf396","Leaf454",0.177777777777778
"Leaf396","Leaf456",0.444444444444444
"Leaf396","Leaf466",0.0277777777777778
"Leaf396","Leaf49",0.0555555555555556
"Leaf396","Leaf5",0.0222222222222222
"Leaf396","Leaf50",0.0222222222222222
"Leaf396","Leaf51",0.0277777777777778
"Leaf396","Leaf53",0.0277777777777778
"Leaf396","Leaf58",0.0333333333333333
"Leaf396","Leaf61",0.0444444444444444
"Leaf396","Leaf62",0.0333333333333333
"Leaf396","Leaf64",0.0166666666666667
"Leaf396","Leaf67",0.0444444444444444
"Leaf396","Leaf68",0.116666666666667
"Leaf396","Leaf69",0.0277777777777778
"Leaf396","Leaf70",0.0666666666666667
"Leaf396","Leaf75",0.0888888888888889
"Leaf396","Leaf76",0.05
"Leaf396","Leaf78",0.0277777777777778
"Leaf396","Leaf82",0.0277777777777778
"Leaf396","Leaf83",0.0277777777777778
"Leaf396","Leaf85",0.0222222222222222
"Leaf396","Leaf86",0.333333333333333
"Leaf396","Leaf87",0.1
"Leaf396","Leaf88",0.244444444444444
"Leaf396","Leaf90",0.0388888888888889
"Leaf396","Leaf91",0.0444444444444444
"Leaf396","Leaf99",0.05
"Leaf405","Leaf406",0.144444444444444
"Leaf405","Leaf41",0.0444444444444444
"Leaf405","Leaf412",0.0722222222222222
"Leaf405","Leaf416",0.0166666666666667
"Leaf405","Leaf42",0
"Leaf405","Leaf420",0.00555555555555556
"Leaf405","Leaf427",0.0222222222222222
"Leaf405","Leaf434",0.00555555555555556
"Leaf405","Leaf443",0.0611111111111111
"Leaf405","Leaf446",0.0611111111111111
"Leaf405","Leaf454",0.1
"Leaf405","Leaf456",0.0111111111111111
"Leaf405","Leaf466",0.0777777777777778
"Leaf405","Leaf49",0.0444444444444444
"Leaf405","Leaf5",0
"Leaf405","Leaf50",0.0444444444444444
"Leaf405","Leaf51",0
"Leaf405","Leaf53",0
"Leaf405","Leaf58",0
"Leaf405","Leaf61",0.333333333333333
"Leaf405","Leaf62",0
"Leaf405","Leaf64",0
"Leaf405","Leaf67",0.1
"Leaf405","Leaf68",0.0222222222222222
"Leaf405","Leaf69",0.0111111111111111
"Leaf405","Leaf70",0.0222222222222222
"Leaf405","Leaf75",0.0666666666666667
"Leaf405","Leaf76",0.0222222222222222
"Leaf405","Leaf78",0.00555555555555556
"Leaf405","Leaf82",0.05
"Leaf405","Leaf83",0.0388888888888889
"Leaf405","Leaf85",0
"Leaf405","Leaf86",0
"Leaf405","Leaf87",0.00555555555555556
"Leaf405","Leaf88",0.0722222222222222
"Leaf405","Leaf90",0.00555555555555556
"Leaf405","Leaf91",0.0166666666666667
"Leaf405","Leaf99",0
"Leaf406","Leaf41",0.0444444444444444
"Leaf406","Leaf412",0.144444444444444
"Leaf406","Leaf416",0.105555555555556
"Leaf406","Leaf42",0.0388888888888889
"Leaf406","Leaf420",0.0277777777777778
"Leaf406","Leaf427",0.0277777777777778
"Leaf406","Leaf434",0.0388888888888889
"Leaf406","Leaf443",0.0222222222222222
"Leaf406","Leaf446",0.127777777777778
"Leaf406","Leaf454",0.211111111111111
"Leaf406","Leaf456",0.0222222222222222
"Leaf406","Leaf466",0.0777777777777778
"Leaf406","Leaf49",0.0722222222222222
"Leaf406","Leaf5",0.0333333333333333
"Leaf406","Leaf50",0.0222222222222222
"Leaf406","Leaf51",0.0277777777777778
"Leaf406","Leaf53",0.0444444444444444
"Leaf406","Leaf58",0.0444444444444444
"Leaf406","Leaf61",0.0388888888888889
"Leaf406","Leaf62",0.05
"Leaf406","Leaf64",0.0277777777777778
"Leaf406","Leaf67",0.0722222222222222
"Leaf406","Leaf68",0.483333333333333
"Leaf406","Leaf69",0.0555555555555556
"Leaf406","Leaf70",0.1
"Leaf406","Leaf75",0.0611111111111111
"Leaf406","Leaf76",0.0611111111111111
"Leaf406","Leaf78",0.0277777777777778
"Leaf406","Leaf82",0.488888888888889
"Leaf406","Leaf83",0.0277777777777778
"Leaf406","Leaf85",0.0333333333333333
"Leaf406","Leaf86",0.0333333333333333
"Leaf406","Leaf87",0.0277777777777778
"Leaf406","Leaf88",0.0333333333333333
"Leaf406","Leaf90",0.05
"Leaf406","Leaf91",0.0444444444444444
"Leaf406","Leaf99",0.0944444444444444
"Leaf41","Leaf412",0.0888888888888889
"Leaf41","Leaf416",0.0111111111111111
"Leaf41","Leaf42",0.05
"Leaf41","Leaf420",0.0777777777777778
"Leaf41","Leaf427",0.7
"Leaf41","Leaf434",0.00555555555555556
"Leaf41","Leaf443",0.161111111111111
"Leaf41","Leaf446",0.0666666666666667
"Leaf41","Leaf454",0.105555555555556
"Leaf41","Leaf456",0.0166666666666667
"Leaf41","Leaf466",0.0277777777777778
"Leaf41","Leaf49",0.116666666666667
"Leaf41","Leaf5",0.0111111111111111
"Leaf41","Leaf50",0.0388888888888889
"Leaf41","Leaf51",0.0777777777777778
"Leaf41","Leaf53",0.15
"Leaf41","Leaf58",0.122222222222222
"Leaf41","Leaf61",0.0333333333333333
"Leaf41","Leaf62",0.0166666666666667
"Leaf41","Leaf64",0.00555555555555556
"Leaf41","Leaf67",0.222222222222222
"Leaf41","Leaf68",0.05
"Leaf41","Leaf69",0.0166666666666667
"Leaf41","Leaf70",0.122222222222222
"Leaf41","Leaf75",0.05
"Leaf41","Leaf76",0.0611111111111111
"Leaf41","Leaf78",0.00555555555555556
"Leaf41","Leaf82",0
"Leaf41","Leaf83",0.0166666666666667
"Leaf41","Leaf85",0.111111111111111
"Leaf41","Leaf86",0.133333333333333
"Leaf41","Leaf87",0.0111111111111111
"Leaf41","Leaf88",0.0666666666666667
"Leaf41","Leaf90",0
"Leaf41","Leaf91",0.0222222222222222
"Leaf41","Leaf99",0.0277777777777778
"Leaf412","Leaf416",0.138888888888889
"Leaf412","Leaf42",0.105555555555556
"Leaf412","Leaf420",0.0722222222222222
"Leaf412","Leaf427",0.116666666666667
"Leaf412","Leaf434",0.0833333333333333
"Leaf412","Leaf443",0.244444444444444
"Leaf412","Leaf446",0.166666666666667
"Leaf412","Leaf454",0.211111111111111
"Leaf412","Leaf456",0.0833333333333333
"Leaf412","Leaf466",0.133333333333333
"Leaf412","Leaf49",0.105555555555556
"Leaf412","Leaf5",0.0777777777777778
"Leaf412","Leaf50",0.0722222222222222
"Leaf412","Leaf51",0.0833333333333333
"Leaf412","Leaf53",0.0777777777777778
"Leaf412","Leaf58",0.0833333333333333
"Leaf412","Leaf61",0.244444444444444
"Leaf412","Leaf62",0.15
"Leaf412","Leaf64",0.0722222222222222
"Leaf412","Leaf67",0.205555555555556
"Leaf412","Leaf68",0.166666666666667
"Leaf412","Leaf69",0.0833333333333333
"Leaf412","Leaf70",0.166666666666667
"Leaf412","Leaf75",0.116666666666667
"Leaf412","Leaf76",0.244444444444444
"Leaf412","Leaf78",0.0777777777777778
"Leaf412","Leaf82",0.0944444444444444
"Leaf412","Leaf83",0.0777777777777778
"Leaf412","Leaf85",0.1
"Leaf412","Leaf86",0.0944444444444444
"Leaf412","Leaf87",0.127777777777778
"Leaf412","Leaf88",0.0722222222222222
"Leaf412","Leaf90",0.177777777777778
"Leaf412","Leaf91",0.0833333333333333
"Leaf412","Leaf99",0.161111111111111
"Leaf416","Leaf42",0.161111111111111
"Leaf416","Leaf420",0.0555555555555556
"Leaf416","Leaf427",0.2
"Leaf416","Leaf434",0.0888888888888889
"Leaf416","Leaf443",0.183333333333333
"Leaf416","Leaf446",0.111111111111111
"Leaf416","Leaf454",0.194444444444444
"Leaf416","Leaf456",0.133333333333333
"Leaf416","Leaf466",0.0611111111111111
"Leaf416","Leaf49",0.0888888888888889
"Leaf416","Leaf5",0.0444444444444444
"Leaf416","Leaf50",0.133333333333333
"Leaf416","Leaf51",0.0388888888888889
"Leaf416","Leaf53",0.0944444444444444
"Leaf416","Leaf58",0.138888888888889
"Leaf416","Leaf61",0.144444444444444
"Leaf416","Leaf62",0.327777777777778
"Leaf416","Leaf64",0.0111111111111111
"Leaf416","Leaf67",0.116666666666667
"Leaf416","Leaf68",0.4
"Leaf416","Leaf69",0.138888888888889
"Leaf416","Leaf70",0.0444444444444444
"Leaf416","Leaf75",0.05
"Leaf416","Leaf76",0.205555555555556
"Leaf416","Leaf78",0.0166666666666667
"Leaf416","Leaf82",0.0611111111111111
"Leaf416","Leaf83",0.238888888888889
"Leaf416","Leaf85",0.272222222222222
"Leaf416","Leaf86",0.344444444444444
"Leaf416","Leaf87",0.155555555555556
"Leaf416","Leaf88",0.422222222222222
"Leaf416","Leaf90",0.255555555555556
"Leaf416","Leaf91",0.15
"Leaf416","Leaf99",0.0333333333333333
"Leaf42","Leaf420",0.183333333333333
"Leaf42","Leaf427",0.0111111111111111
"Leaf42","Leaf434",0.0222222222222222
"Leaf42","Leaf443",0.0277777777777778
"Leaf42","Leaf446",0.0833333333333333
"Leaf42","Leaf454",0.127777777777778
"Leaf42","Leaf456",0
"Leaf42","Leaf466",0.0611111111111111
"Leaf42","Leaf49",0.0666666666666667
"Leaf42","Leaf5",0.211111111111111
"Leaf42","Leaf50",0.0444444444444444
"Leaf42","Leaf51",0.0388888888888889
"Leaf42","Leaf53",0.05
"Leaf42","Leaf58",0.0611111111111111
"Leaf42","Leaf61",0.0833333333333333
"Leaf42","Leaf62",0.00555555555555556
"Leaf42","Leaf64",0.0388888888888889
"Leaf42","Leaf67",0.394444444444445
"Leaf42","Leaf68",0.233333333333333
"Leaf42","Leaf69",0.0222222222222222
"Leaf42","Leaf70",0.0666666666666667
"Leaf42","Leaf75",0.0333333333333333
"Leaf42","Leaf76",0.172222222222222
"Leaf42","Leaf78",0.133333333333333
"Leaf42","Leaf82",0.116666666666667
"Leaf42","Leaf83",0.155555555555556
"Leaf42","Leaf85",0.105555555555556
"Leaf42","Leaf86",0.166666666666667
"Leaf42","Leaf87",0.105555555555556
"Leaf42","Leaf88",0.0166666666666667
"Leaf42","Leaf90",0.283333333333333
"Leaf42","Leaf91",0.211111111111111
"Leaf42","Leaf99",0.00555555555555556
"Leaf420","Leaf427",0.0444444444444444
"Leaf420","Leaf434",0
"Leaf420","Leaf443",0.00555555555555556
"Leaf420","Leaf446",0.0833333333333333
"Leaf420","Leaf454",0.105555555555556
"Leaf420","Leaf456",0
"Leaf420","Leaf466",0.0222222222222222
"Leaf420","Leaf49",0.0388888888888889
"Leaf420","Leaf5",0
"Leaf420","Leaf50",0.00555555555555556
"Leaf420","Leaf51",0
"Leaf420","Leaf53",0
"Leaf420","Leaf58",0.0222222222222222
"Leaf420","Leaf61",0.138888888888889
"Leaf420","Leaf62",0.0111111111111111
"Leaf420","Leaf64",0.683333333333333
"Leaf420","Leaf67",0.172222222222222
"Leaf420","Leaf68",0.0666666666666667
"Leaf420","Leaf69",0.00555555555555556
"Leaf420","Leaf70",0.0166666666666667
"Leaf420","Leaf75",0
"Leaf420","Leaf76",0.0555555555555556
"Leaf420","Leaf78",0
"Leaf420","Leaf82",0
"Leaf420","Leaf83",0.177777777777778
"Leaf420","Leaf85",0.00555555555555556
"Leaf420","Leaf86",0.1
"Leaf420","Leaf87",0.244444444444444
"Leaf420","Leaf88",0
"Leaf420","Leaf90",0.161111111111111
"Leaf420","Leaf91",0.4
"Leaf420","Leaf99",0
"Leaf427","Leaf434",0.0444444444444444
"Leaf427","Leaf443",0.461111111111111
"Leaf427","Leaf446",0.144444444444444
"Leaf427","Leaf454",0.166666666666667
"Leaf427","Leaf456",0.0111111111111111
"Leaf427","Leaf466",0.0277777777777778
"Leaf427","Leaf49",0.0611111111111111
"Leaf427","Leaf5",0.0722222222222222
"Leaf427","Leaf50",0.233333333333333
"Leaf427","Leaf51",0.0166666666666667
"Leaf427","Leaf53",0.0111111111111111
"Leaf427","Leaf58",0.288888888888889
"Leaf427","Leaf61",0.422222222222222
"Leaf427","Leaf62",0.05
"Leaf427","Leaf64",0.00555555555555556
"Leaf427","Leaf67",0.427777777777778
"Leaf427","Leaf68",0.427777777777778
"Leaf427","Leaf69",0.0777777777777778
"Leaf427","Leaf70",0.05
"Leaf427","Leaf75",0.00555555555555556
"Leaf427","Leaf76",0.0111111111111111
"Leaf427","Leaf78",0
"Leaf427","Leaf82",0
"Leaf427","Leaf83",0.00555555555555556
"Leaf427","Leaf85",0.0333333333333333
"Leaf427","Leaf86",0.00555555555555556
"Leaf427","Leaf87",0.0666666666666667
"Leaf427","Leaf88",0.361111111111111
"Leaf427","Leaf90",0
"Leaf427","Leaf91",0.0277777777777778
"Leaf427","Leaf99",0.0333333333333333
"Leaf434","Leaf443",0.00555555555555556
"Leaf434","Leaf446",0.0777777777777778
"Leaf434","Leaf454",0.122222222222222
"Leaf434","Leaf456",0.177777777777778
"Leaf434","Leaf466",0.0333333333333333
"Leaf434","Leaf49",0.0388888888888889
"Leaf434","Leaf5",0
"Leaf434","Leaf50",0.0277777777777778
"Leaf434","Leaf51",0
"Leaf434","Leaf53",0
"Leaf434","Leaf58",0
"Leaf434","Leaf61",0
"Leaf434","Leaf62",0.116666666666667
"Leaf434","Leaf64",0
"Leaf434","Leaf67",0.0111111111111111
"Leaf434","Leaf68",0.0333333333333333
"Leaf434","Leaf69",0.0111111111111111
"Leaf434","Leaf70",0.0222222222222222
"Leaf434","Leaf75",0
"Leaf434","Leaf76",0.211111111111111
"Leaf434","Leaf78",0
"Leaf434","Leaf82",0
"Leaf434","Leaf83",0.0888888888888889
"Leaf434","Leaf85",0
"Leaf434","Leaf86",0.144444444444444
"Leaf434","Leaf87",0.138888888888889
"Leaf434","Leaf88",0.00555555555555556
"Leaf434","Leaf90",0.0777777777777778
"Leaf434","Leaf91",0.266666666666667
"Leaf434","Leaf99",0.222222222222222
"Leaf443","Leaf446",0.0666666666666667
"Leaf443","Leaf454",0.1
"Leaf443","Leaf456",0.00555555555555556
"Leaf443","Leaf466",0.133333333333333
"Leaf443","Leaf49",0.0388888888888889
"Leaf443","Leaf5",0.00555555555555556
"Leaf443","Leaf50",0.0111111111111111
"Leaf443","Leaf51",0.00555555555555556
"Leaf443","Leaf53",0.00555555555555556
"Leaf443","Leaf58",0.00555555555555556
"Leaf443","Leaf61",0.0111111111111111
"Leaf443","Leaf62",0.0333333333333333
"Leaf443","Leaf64",0.0111111111111111
"Leaf443","Leaf67",0.0388888888888889
"Leaf443","Leaf68",0.105555555555556
"Leaf443","Leaf69",0.0277777777777778
"Leaf443","Leaf70",0.0222222222222222
"Leaf443","Leaf75",0.0277777777777778
"Leaf443","Leaf76",0.15
"Leaf443","Leaf78",0.0222222222222222
"Leaf443","Leaf82",0.00555555555555556
"Leaf443","Leaf83",0.122222222222222
"Leaf443","Leaf85",0.0111111111111111
"Leaf443","Leaf86",0.1
"Leaf443","Leaf87",0.316666666666667
"Leaf443","Leaf88",0.00555555555555556
"Leaf443","Leaf90",0.116666666666667
"Leaf443","Leaf91",0.0222222222222222
"Leaf443","Leaf99",0.0388888888888889
"Leaf446","Leaf454",0.238888888888889
"Leaf446","Leaf456",0.0666666666666667
"Leaf446","Leaf466",0.0833333333333333
"Leaf446","Leaf49",0.105555555555556
"Leaf446","Leaf5",0.0722222222222222
"Leaf446","Leaf50",0.0666666666666667
"Leaf446","Leaf51",0.0611111111111111
"Leaf446","Leaf53",0.0722222222222222
"Leaf446","Leaf58",0.0888888888888889
"Leaf446","Leaf61",0.0833333333333333
"Leaf446","Leaf62",0.0611111111111111
"Leaf446","Leaf64",0.0722222222222222
"Leaf446","Leaf67",0.127777777777778
"Leaf446","Leaf68",0.155555555555556
"Leaf446","Leaf69",0.0722222222222222
"Leaf446","Leaf70",0.116666666666667
"Leaf446","Leaf75",0.144444444444444
"Leaf446","Leaf76",0.0722222222222222
"Leaf446","Leaf78",0.0611111111111111
"Leaf446","Leaf82",0.0611111111111111
"Leaf446","Leaf83",0.0666666666666667
"Leaf446","Leaf85",0.0833333333333333
"Leaf446","Leaf86",0.0666666666666667
"Leaf446","Leaf87",0.116666666666667
"Leaf446","Leaf88",0.233333333333333
"Leaf446","Leaf90",0.0611111111111111
"Leaf446","Leaf91",0.0666666666666667
"Leaf446","Leaf99",0.183333333333333
"Leaf454","Leaf456",0.105555555555556
"Leaf454","Leaf466",0.127777777777778
"Leaf454","Leaf49",0.144444444444444
"Leaf454","Leaf5",0.127777777777778
"Leaf454","Leaf50",0.105555555555556
"Leaf454","Leaf51",0.105555555555556
"Leaf454","Leaf53",0.127777777777778
"Leaf454","Leaf58",0.355555555555556
"Leaf454","Leaf61",0.177777777777778
"Leaf454","Leaf62",0.116666666666667
"Leaf454","Leaf64",0.122222222222222
"Leaf454","Leaf67",0.177777777777778
"Leaf454","Leaf68",0.266666666666667
"Leaf454","Leaf69",0.127777777777778
"Leaf454","Leaf70",0.211111111111111
"Leaf454","Leaf75",0.188888888888889
"Leaf454","Leaf76",0.122222222222222
"Leaf454","Leaf78",0.111111111111111
"Leaf454","Leaf82",0.127777777777778
"Leaf454","Leaf83",0.105555555555556
"Leaf454","Leaf85",0.133333333333333
"Leaf454","Leaf86",0.116666666666667
"Leaf454","Leaf87",0.133333333333333
"Leaf454","Leaf88",0.1
"Leaf454","Leaf90",0.122222222222222
"Leaf454","Leaf91",0.122222222222222
"Leaf454","Leaf99",0.133333333333333
"Leaf456","Leaf466",0.0611111111111111
"Leaf456","Leaf49",0.0333333333333333
"Leaf456","Leaf5",0.0888888888888889
"Leaf456","Leaf50",0.172222222222222
"Leaf456","Leaf51",0
"Leaf456","Leaf53",0.00555555555555556
"Leaf456","Leaf58",0
"Leaf456","Leaf61",0.0388888888888889
"Leaf456","Leaf62",0.0111111111111111
"Leaf456","Leaf64",0
"Leaf456","Leaf67",0.0166666666666667
"Leaf456","Leaf68",0.05
"Leaf456","Leaf69",0.00555555555555556
"Leaf456","Leaf70",0.0222222222222222
"Leaf456","Leaf75",0.0166666666666667
"Leaf456","Leaf76",0.0888888888888889
"Leaf456","Leaf78",0.188888888888889
"Leaf456","Leaf82",0
"Leaf456","Leaf83",0.105555555555556
"Leaf456","Leaf85",0.00555555555555556
"Leaf456","Leaf86",0.194444444444444
"Leaf456","Leaf87",0.0388888888888889
"Leaf456","Leaf88",0.188888888888889
"Leaf456","Leaf90",0.0944444444444444
"Leaf456","Leaf91",0.0888888888888889
"Leaf456","Leaf99",0.0555555555555556
"Leaf466","Leaf49",0.138888888888889
"Leaf466","Leaf5",0.0611111111111111
"Leaf466","Leaf50",0.0277777777777778
"Leaf466","Leaf51",0.188888888888889
"Leaf466","Leaf53",0.0444444444444444
"Leaf466","Leaf58",0.0555555555555556
"Leaf466","Leaf61",0.00555555555555556
"Leaf466","Leaf62",0.111111111111111
"Leaf466","Leaf64",0.05
"Leaf466","Leaf67",0.0111111111111111
"Leaf466","Leaf68",0
"Leaf466","Leaf69",0.138888888888889
"Leaf466","Leaf70",0.161111111111111
"Leaf466","Leaf75",0.1
"Leaf466","Leaf76",0.0111111111111111
"Leaf466","Leaf78",0.0777777777777778
"Leaf466","Leaf82",0.1
"Leaf466","Leaf83",0.05
"Leaf466","Leaf85",0.0777777777777778
"Leaf466","Leaf86",0.116666666666667
"Leaf466","Leaf87",0.116666666666667
"Leaf466","Leaf88",0.511111111111111
"Leaf466","Leaf90",0.0555555555555556
"Leaf466","Leaf91",0.05
"Leaf466","Leaf99",0.205555555555556
"Leaf49","Leaf5",0.0333333333333333
"Leaf49","Leaf50",0.0333333333333333
"Leaf49","Leaf51",0.0388888888888889
"Leaf49","Leaf53",0.0444444444444444
"Leaf49","Leaf58",0.0444444444444444
"Leaf49","Leaf61",0.05
"Leaf49","Leaf62",0.0888888888888889
"Leaf49","Leaf64",0.0388888888888889
"Leaf49","Leaf67",0.0888888888888889
"Leaf49","Leaf68",0.127777777777778
"Leaf49","Leaf69",0.0555555555555556
"Leaf49","Leaf70",0.0833333333333333
"Leaf49","Leaf75",0.0611111111111111
"Leaf49","Leaf76",0.133333333333333
"Leaf49","Leaf78",0.0333333333333333
"Leaf49","Leaf82",0.0333333333333333
"Leaf49","Leaf83",0.0333333333333333
"Leaf49","Leaf85",0.0388888888888889
"Leaf49","Leaf86",0.0888888888888889
"Leaf49","Leaf87",0.0555555555555556
"Leaf49","Leaf88",0.0944444444444444
"Leaf49","Leaf90",0.0777777777777778
"Leaf49","Leaf91",0.0388888888888889
"Leaf49","Leaf99",0.138888888888889
"Leaf5","Leaf50",0
"Leaf5","Leaf51",0
"Leaf5","Leaf53",0
"Leaf5","Leaf58",0.0111111111111111
"Leaf5","Leaf61",0.00555555555555556
"Leaf5","Leaf62",0.00555555555555556
"Leaf5","Leaf64",0
"Leaf5","Leaf67",0.194444444444444
"Leaf5","Leaf68",0.05
"Leaf5","Leaf69",0.00555555555555556
"Leaf5","Leaf70",0.0222222222222222
"Leaf5","Leaf75",0
"Leaf5","Leaf76",0.0111111111111111
"Leaf5","Leaf78",0
"Leaf5","Leaf82",0.205555555555556
"Leaf5","Leaf83",0.0111111111111111
"Leaf5","Leaf85",0
"Leaf5","Leaf86",0.0333333333333333
"Leaf5","Leaf87",0.0333333333333333
"Leaf5","Leaf88",0.0166666666666667
"Leaf5","Leaf90",0.0777777777777778
"Leaf5","Leaf91",0.127777777777778
"Leaf5","Leaf99",0.00555555555555556
"Leaf50","Leaf51",0
"Leaf50","Leaf53",0.0111111111111111
"Leaf50","Leaf58",0.00555555555555556
"Leaf50","Leaf61",0.294444444444444
"Leaf50","Leaf62",0.0555555555555556
"Leaf50","Leaf64",0
"Leaf50","Leaf67",0.0611111111111111
"Leaf50","Leaf68",0.216666666666667
"Leaf50","Leaf69",0.0111111111111111
"Leaf50","Leaf70",0.0222222222222222
"Leaf50","Leaf75",0.00555555555555556
"Leaf50","Leaf76",0.211111111111111
"Leaf50","Leaf78",0.233333333333333
"Leaf50","Leaf82",0
"Leaf50","Leaf83",0.183333333333333
"Leaf50","Leaf85",0.0222222222222222
"Leaf50","Leaf86",0.111111111111111
"Leaf50","Leaf87",0.111111111111111
"Leaf50","Leaf88",0.0944444444444444
"Leaf50","Leaf90",0.1
"Leaf50","Leaf91",0.0777777777777778
"Leaf50","Leaf99",0.0166666666666667
"Leaf51","Leaf53",0.444444444444444
"Leaf51","Leaf58",0.00555555555555556
"Leaf51","Leaf61",0.0277777777777778
"Leaf51","Leaf62",0.0333333333333333
"Leaf51","Leaf64",0
"Leaf51","Leaf67",0.00555555555555556
"Leaf51","Leaf68",0.0277777777777778
"Leaf51","Leaf69",0.00555555555555556
"Leaf51","Leaf70",0.0166666666666667
"Leaf51","Leaf75",0.0111111111111111
"Leaf51","Leaf76",0.0555555555555556
"Leaf51","Leaf78",0
"Leaf51","Leaf82",0.00555555555555556
"Leaf51","Leaf83",0
"Leaf51","Leaf85",0
"Leaf51","Leaf86",0
"Leaf51","Leaf87",0.0222222222222222
"Leaf51","Leaf88",0
"Leaf51","Leaf90",0.0333333333333333
"Leaf51","Leaf91",0
"Leaf51","Leaf99",0
"Leaf53","Leaf58",0.00555555555555556
"Leaf53","Leaf61",0.05
"Leaf53","Leaf62",0.0333333333333333
"Leaf53","Leaf64",0
"Leaf53","Leaf67",0.227777777777778
"Leaf53","Leaf68",0.0555555555555556
"Leaf53","Leaf69",0.00555555555555556
"Leaf53","Leaf70",0.0333333333333333
"Leaf53","Leaf75",0.0333333333333333
"Leaf53","Leaf76",0.0777777777777778
"Leaf53","Leaf78",0
"Leaf53","Leaf82",0
"Leaf53","Leaf83",0
"Leaf53","Leaf85",0.00555555555555556
"Leaf53","Leaf86",0
"Leaf53","Leaf87",0.0222222222222222
"Leaf53","Leaf88",0.0777777777777778
"Leaf53","Leaf90",0.0777777777777778
"Leaf53","Leaf91",0.00555555555555556
"Leaf53","Leaf99",0.0833333333333333
"Leaf58","Leaf61",0.0111111111111111
"Leaf58","Leaf62",0.0444444444444444
"Leaf58","Leaf64",0
"Leaf58","Leaf67",0.0444444444444444
"Leaf58","Leaf68",0.144444444444444
"Leaf58","Leaf69",0.00555555555555556
"Leaf58","Leaf70",0.238888888888889
"Leaf58","Leaf75",0.0111111111111111
"Leaf58","Leaf76",0.111111111111111
"Leaf58","Leaf78",0
"Leaf58","Leaf82",0
"Leaf58","Leaf83",0.127777777777778
"Leaf58","Leaf85",0.00555555555555556
"Leaf58","Leaf86",0.0777777777777778
"Leaf58","Leaf87",0.0222222222222222
"Leaf58","Leaf88",0.122222222222222
"Leaf58","Leaf90",0.0222222222222222
"Leaf58","Leaf91",0.0388888888888889
"Leaf58","Leaf99",0.0388888888888889
"Leaf61","Leaf62",0.0277777777777778
"Leaf61","Leaf64",0.244444444444444
"Leaf61","Leaf67",0.383333333333333
"Leaf61","Leaf68",0.122222222222222
"Leaf61","Leaf69",0.0611111111111111
"Leaf61","Leaf70",0.0833333333333333
"Leaf61","Leaf75",0.122222222222222
"Leaf61","Leaf76",0.05
"Leaf61","Leaf78",0.0277777777777778
"Leaf61","Leaf82",0.0666666666666667
"Leaf61","Leaf83",0.227777777777778
"Leaf61","Leaf85",0.133333333333333
"Leaf61","Leaf86",0
"Leaf61","Leaf87",0.0555555555555556
"Leaf61","Leaf88",0.511111111111111
"Leaf61","Leaf90",0.0777777777777778
"Leaf61","Leaf91",0.00555555555555556
"Leaf61","Leaf99",0.0277777777777778
"Leaf62","Leaf64",0.0444444444444444
"Leaf62","Leaf67",0.0388888888888889
"Leaf62","Leaf68",0.0444444444444444
"Leaf62","Leaf69",0.122222222222222
"Leaf62","Leaf70",0.0277777777777778
"Leaf62","Leaf75",0.0166666666666667
"Leaf62","Leaf76",0.261111111111111
"Leaf62","Leaf78",0.0277777777777778
"Leaf62","Leaf82",0.0111111111111111
"Leaf62","Leaf83",0
"Leaf62","Leaf85",0.105555555555556
"Leaf62","Leaf86",0.0222222222222222
"Leaf62","Leaf87",0.188888888888889
"Leaf62","Leaf88",0.00555555555555556
"Leaf62","Leaf90",0.383333333333333
"Leaf62","Leaf91",0.00555555555555556
"Leaf62","Leaf99",0.405555555555556
"Leaf64","Leaf67",0.0166666666666667
"Leaf64","Leaf68",0.0333333333333333
"Leaf64","Leaf69",0.00555555555555556
"Leaf64","Leaf70",0.0333333333333333
"Leaf64","Leaf75",0.0222222222222222
"Leaf64","Leaf76",0.0111111111111111
"Leaf64","Leaf78",0.133333333333333
"Leaf64","Leaf82",0
"Leaf64","Leaf83",0
"Leaf64","Leaf85",0
"Leaf64","Leaf86",0.0111111111111111
"Leaf64","Leaf87",0.0388888888888889
"Leaf64","Leaf88",0.0333333333333333
"Leaf64","Leaf90",0.05
"Leaf64","Leaf91",0.0944444444444444
"Leaf64","Leaf99",0.0722222222222222
"Leaf67","Leaf68",0.0111111111111111
"Leaf67","Leaf69",0.0166666666666667
"Leaf67","Leaf70",0.0388888888888889
"Leaf67","Leaf75",0.211111111111111
"Leaf67","Leaf76",0.0111111111111111
"Leaf67","Leaf78",0.0111111111111111
"Leaf67","Leaf82",0.0388888888888889
"Leaf67","Leaf83",0.0111111111111111
"Leaf67","Leaf85",0.0111111111111111
"Leaf67","Leaf86",0.0222222222222222
"Leaf67","Leaf87",0.00555555555555556
"Leaf67","Leaf88",0.361111111111111
"Leaf67","Leaf90",0.0166666666666667
"Leaf67","Leaf91",0.0888888888888889
"Leaf67","Leaf99",0.0333333333333333
"Leaf68","Leaf69",0.238888888888889
"Leaf68","Leaf70",0.0833333333333333
"Leaf68","Leaf75",0.0666666666666667
"Leaf68","Leaf76",0.266666666666667
"Leaf68","Leaf78",0.0277777777777778
"Leaf68","Leaf82",0.05
"Leaf68","Leaf83",0.322222222222222
"Leaf68","Leaf85",0.0888888888888889
"Leaf68","Leaf86",0.183333333333333
"Leaf68","Leaf87",0.255555555555556
"Leaf68","Leaf88",0.0388888888888889
"Leaf68","Leaf90",0.183333333333333
"Leaf68","Leaf91",0.138888888888889
"Leaf68","Leaf99",0.105555555555556
"Leaf69","Leaf70",0.0333333333333333
"Leaf69","Leaf75",0.0222222222222222
"Leaf69","Leaf76",0.105555555555556
"Leaf69","Leaf78",0.00555555555555556
"Leaf69","Leaf82",0.194444444444444
"Leaf69","Leaf83",0.0944444444444444
"Leaf69","Leaf85",0.00555555555555556
"Leaf69","Leaf86",0.0777777777777778
"Leaf69","Leaf87",0.0722222222222222
"Leaf69","Leaf88",0.00555555555555556
"Leaf69","Leaf90",0.0666666666666667
"Leaf69","Leaf91",0.0277777777777778
"Leaf69","Leaf99",0.05
"Leaf70","Leaf75",0.0611111111111111
"Leaf70","Leaf76",0.161111111111111
"Leaf70","Leaf78",0.0166666666666667
"Leaf70","Leaf82",0.0222222222222222
"Leaf70","Leaf83",0.0277777777777778
"Leaf70","Leaf85",0.0166666666666667
"Leaf70","Leaf86",0.0333333333333333
"Leaf70","Leaf87",0.0333333333333333
"Leaf70","Leaf88",0.188888888888889
"Leaf70","Leaf90",0.311111111111111
"Leaf70","Leaf91",0.0222222222222222
"Leaf70","Leaf99",0.122222222222222
"Leaf75","Leaf76",0.138888888888889
"Leaf75","Leaf78",0.00555555555555556
"Leaf75","Leaf82",0.0111111111111111
"Leaf75","Leaf83",0
"Leaf75","Leaf85",0
"Leaf75","Leaf86",0.2
"Leaf75","Leaf87",0.105555555555556
"Leaf75","Leaf88",0.05
"Leaf75","Leaf90",0.0555555555555556
"Leaf75","Leaf91",0
"Leaf75","Leaf99",0.15
"Leaf76","Leaf78",0.344444444444444
"Leaf76","Leaf82",0.0166666666666667
"Leaf76","Leaf83",0.15
"Leaf76","Leaf85",0.0944444444444444
"Leaf76","Leaf86",0.216666666666667
"Leaf76","Leaf87",0.272222222222222
"Leaf76","Leaf88",0.2
"Leaf76","Leaf90",0.35
"Leaf76","Leaf91",0.155555555555556
"Leaf76","Leaf99",0.05
"Leaf78","Leaf82",0
"Leaf78","Leaf83",0
"Leaf78","Leaf85",0.00555555555555556
"Leaf78","Leaf86",0.0111111111111111
"Leaf78","Leaf87",0.00555555555555556
"Leaf78","Leaf88",0.00555555555555556
"Leaf78","Leaf90",0.0166666666666667
"Leaf78","Leaf91",0.0388888888888889
"Leaf78","Leaf99",0.0333333333333333
"Leaf82","Leaf83",0.00555555555555556
"Leaf82","Leaf85",0
"Leaf82","Leaf86",0.0111111111111111
"Leaf82","Leaf87",0.0222222222222222
"Leaf82","Leaf88",0.00555555555555556
"Leaf82","Leaf90",0.0388888888888889
"Leaf82","Leaf91",0
"Leaf82","Leaf99",0.05
"Leaf83","Leaf85",0.4
"Leaf83","Leaf86",0.3
"Leaf83","Leaf87",0.155555555555556
"Leaf83","Leaf88",0.394444444444444
"Leaf83","Leaf90",0.216666666666667
"Leaf83","Leaf91",0.372222222222222
"Leaf83","Leaf99",0.00555555555555556
"Leaf85","Leaf86",0.255555555555556
"Leaf85","Leaf87",0.0833333333333333
"Leaf85","Leaf88",0.527777777777778
"Leaf85","Leaf90",0.1
"Leaf85","Leaf91",0.133333333333333
"Leaf85","Leaf99",0.0111111111111111
"Leaf86","Leaf87",0.161111111111111
"Leaf86","Leaf88",0.311111111111111
"Leaf86","Leaf90",0.177777777777778
"Leaf86","Leaf91",0.816666666666667
"Leaf86","Leaf99",0.0388888888888889
"Leaf87","Leaf88",0.422222222222222
"Leaf87","Leaf90",0.205555555555556
"Leaf87","Leaf91",0.155555555555556
"Leaf87","Leaf99",0.616666666666667
"Leaf88","Leaf90",0.383333333333333
"Leaf88","Leaf91",0.316666666666667
"Leaf88","Leaf99",0.3
"Leaf90","Leaf91",0.15
"Leaf90","Leaf99",0.0166666666666667
"Leaf91","Leaf99",0.0111111111111111
