analysis_set,repeat,status,test_pairs,test_interactions,test_neutrals,budget_pairs,method,auprc,auroc,fallback,selected_setting,training_interactions,training_neutrals,test_taxon_coverage,test_pairs_both_taxa_covered
carlstrom_phyllosphere_2019,1,ok,186,28,158,5,OneNet,0.1591715573131177,0.5233951175406872,,,,,,
carlstrom_phyllosphere_2019,1,ok,186,28,158,5,Fixed mean,0.15502056345011456,0.45840867992766726,,,,,,
carlstrom_phyllosphere_2019,1,ok,186,28,158,5,PLNNetwork,0.15053763440860216,0.5,,,,,,
carlstrom_phyllosphere_2019,1,ok,186,28,158,5,Poisson GLMNet,0.15218573988735282,0.5119801084990958,,,,,,
carlstrom_phyllosphere_2019,1,ok,186,28,158,5,SparCC,0.14211148563241566,0.4439421338155516,,,,,,
carlstrom_phyllosphere_2019,1,ok,186,28,158,5,SPIEC-EASI,0.15053763440860216,0.49683544303797467,,,,,,
carlstrom_phyllosphere_2019,1,ok,186,28,158,5,LENS restricted,0.15502056345011456,0.45840867992766726,True,lambda=0.01,0.0,5.0,0.0,0.0
carlstrom_phyllosphere_2019,1,ok,186,28,158,5,LENS distributed,0.15502056345011456,0.45840867992766726,True,lambda=0.01,0.0,5.0,0.22727272727272727,0.053763440860215055
carlstrom_phyllosphere_2019,1,ok,186,28,158,10,OneNet,0.1591715573131177,0.5233951175406872,,,,,,
carlstrom_phyllosphere_2019,1,ok,186,28,158,10,Fixed mean,0.15502056345011456,0.45840867992766726,,,,,,
carlstrom_phyllosphere_2019,1,ok,186,28,158,10,PLNNetwork,0.15053763440860216,0.5,,,,,,
carlstrom_phyllosphere_2019,1,ok,186,28,158,10,Poisson GLMNet,0.15218573988735282,0.5119801084990958,,,,,,
carlstrom_phyllosphere_2019,1,ok,186,28,158,10,SparCC,0.14211148563241566,0.4439421338155516,,,,,,
carlstrom_phyllosphere_2019,1,ok,186,28,158,10,SPIEC-EASI,0.15053763440860216,0.49683544303797467,,,,,,
carlstrom_phyllosphere_2019,1,ok,186,28,158,10,LENS restricted,0.15502056345011456,0.45840867992766726,True,lambda=0.01,0.0,10.0,0.0,0.0
carlstrom_phyllosphere_2019,1,ok,186,28,158,10,LENS distributed,0.15502056345011456,0.45840867992766726,True,lambda=0.01,0.0,10.0,0.2727272727272727,0.08064516129032258
carlstrom_phyllosphere_2019,1,ok,186,28,158,20,OneNet,0.1591715573131177,0.5233951175406872,,,,,,
carlstrom_phyllosphere_2019,1,ok,186,28,158,20,Fixed mean,0.15502056345011456,0.45840867992766726,,,,,,
carlstrom_phyllosphere_2019,1,ok,186,28,158,20,PLNNetwork,0.15053763440860216,0.5,,,,,,
carlstrom_phyllosphere_2019,1,ok,186,28,158,20,Poisson GLMNet,0.15218573988735282,0.5119801084990958,,,,,,
carlstrom_phyllosphere_2019,1,ok,186,28,158,20,SparCC,0.14211148563241566,0.4439421338155516,,,,,,
carlstrom_phyllosphere_2019,1,ok,186,28,158,20,SPIEC-EASI,0.15053763440860216,0.49683544303797467,,,,,,
carlstrom_phyllosphere_2019,1,ok,186,28,158,20,LENS restricted,0.15502056345011456,0.45840867992766726,True,lambda=0.01,1.0,19.0,0.0,0.0
carlstrom_phyllosphere_2019,1,ok,186,28,158,20,LENS distributed,0.15502056345011456,0.45840867992766726,True,lambda=0.01,0.0,20.0,0.36363636363636365,0.14516129032258066
carlstrom_phyllosphere_2019,1,ok,186,28,158,50,OneNet,0.1591715573131177,0.5233951175406872,,,,,,
carlstrom_phyllosphere_2019,1,ok,186,28,158,50,Fixed mean,0.15502056345011456,0.45840867992766726,,,,,,
carlstrom_phyllosphere_2019,1,ok,186,28,158,50,PLNNetwork,0.15053763440860216,0.5,,,,,,
carlstrom_phyllosphere_2019,1,ok,186,28,158,50,Poisson GLMNet,0.15218573988735282,0.5119801084990958,,,,,,
carlstrom_phyllosphere_2019,1,ok,186,28,158,50,SparCC,0.14211148563241566,0.4439421338155516,,,,,,
carlstrom_phyllosphere_2019,1,ok,186,28,158,50,SPIEC-EASI,0.15053763440860216,0.49683544303797467,,,,,,
carlstrom_phyllosphere_2019,1,ok,186,28,158,50,LENS restricted,0.1419969433100068,0.40235081374321885,False,lambda=10,3.0,47.0,0.0,0.0
carlstrom_phyllosphere_2019,1,ok,186,28,158,50,LENS distributed,0.20461600527535373,0.4934448462929476,False,lambda=10,5.0,45.0,0.7272727272727273,0.5913978494623656
carlstrom_phyllosphere_2019,1,ok,186,28,158,100,OneNet,0.1591715573131177,0.5233951175406872,,,,,,
carlstrom_phyllosphere_2019,1,ok,186,28,158,100,Fixed mean,0.15502056345011456,0.45840867992766726,,,,,,
carlstrom_phyllosphere_2019,1,ok,186,28,158,100,PLNNetwork,0.15053763440860216,0.5,,,,,,
carlstrom_phyllosphere_2019,1,ok,186,28,158,100,Poisson GLMNet,0.15218573988735282,0.5119801084990958,,,,,,
carlstrom_phyllosphere_2019,1,ok,186,28,158,100,SparCC,0.14211148563241566,0.4439421338155516,,,,,,
carlstrom_phyllosphere_2019,1,ok,186,28,158,100,SPIEC-EASI,0.15053763440860216,0.49683544303797467,,,,,,
carlstrom_phyllosphere_2019,1,ok,186,28,158,100,LENS restricted,0.17880307058905281,0.4315099457504521,False,lambda=1,11.0,89.0,0.0,0.0
carlstrom_phyllosphere_2019,1,ok,186,28,158,100,LENS distributed,0.18734962080005335,0.4706148282097649,False,lambda=10,7.0,93.0,0.8181818181818182,0.7419354838709677
carlstrom_phyllosphere_2019,1,ok,186,28,158,200,OneNet,0.1591715573131177,0.5233951175406872,,,,,,
carlstrom_phyllosphere_2019,1,ok,186,28,158,200,Fixed mean,0.15502056345011456,0.45840867992766726,,,,,,
carlstrom_phyllosphere_2019,1,ok,186,28,158,200,PLNNetwork,0.15053763440860216,0.5,,,,,,
carlstrom_phyllosphere_2019,1,ok,186,28,158,200,Poisson GLMNet,0.15218573988735282,0.5119801084990958,,,,,,
carlstrom_phyllosphere_2019,1,ok,186,28,158,200,SparCC,0.14211148563241566,0.4439421338155516,,,,,,
carlstrom_phyllosphere_2019,1,ok,186,28,158,200,SPIEC-EASI,0.15053763440860216,0.49683544303797467,,,,,,
carlstrom_phyllosphere_2019,1,ok,186,28,158,200,LENS restricted,0.18743769072801397,0.43557866184448457,False,lambda=0.1,19.0,181.0,0.0,0.0
carlstrom_phyllosphere_2019,1,ok,186,28,158,200,LENS distributed,0.15375296336215874,0.4658679927667269,False,lambda=10,28.0,172.0,1.0,1.0
carlstrom_phyllosphere_2019,1,ok,186,28,158,275,OneNet,0.1591715573131177,0.5233951175406872,,,,,,
carlstrom_phyllosphere_2019,1,ok,186,28,158,275,Fixed mean,0.15502056345011456,0.45840867992766726,,,,,,
carlstrom_phyllosphere_2019,1,ok,186,28,158,275,PLNNetwork,0.15053763440860216,0.5,,,,,,
carlstrom_phyllosphere_2019,1,ok,186,28,158,275,Poisson GLMNet,0.15218573988735282,0.5119801084990958,,,,,,
carlstrom_phyllosphere_2019,1,ok,186,28,158,275,SparCC,0.14211148563241566,0.4439421338155516,,,,,,
carlstrom_phyllosphere_2019,1,ok,186,28,158,275,SPIEC-EASI,0.15053763440860216,0.49683544303797467,,,,,,
carlstrom_phyllosphere_2019,1,ok,186,28,158,275,LENS restricted,0.19918037014209122,0.4190777576853527,False,lambda=1,28.0,247.0,0.0,0.0
carlstrom_phyllosphere_2019,1,ok,186,28,158,275,LENS distributed,0.165888593343981,0.4961573236889693,False,lambda=10,43.0,232.0,1.0,1.0
carlstrom_phyllosphere_2019,2,ok,126,14,112,5,OneNet,0.12337326665859054,0.41996173469387754,,,,,,
carlstrom_phyllosphere_2019,2,ok,126,14,112,5,Fixed mean,0.10326844412243644,0.3960459183673469,,,,,,
carlstrom_phyllosphere_2019,2,ok,126,14,112,5,PLNNetwork,0.1111111111111111,0.5,,,,,,
carlstrom_phyllosphere_2019,2,ok,126,14,112,5,Poisson GLMNet,0.1746031746031746,0.5357142857142857,,,,,,
carlstrom_phyllosphere_2019,2,ok,126,14,112,5,SparCC,0.09203530300093068,0.35331632653061223,,,,,,
carlstrom_phyllosphere_2019,2,ok,126,14,112,5,SPIEC-EASI,0.1388888888888889,0.522640306122449,,,,,,
carlstrom_phyllosphere_2019,2,ok,126,14,112,5,LENS restricted,0.10326844412243644,0.3960459183673469,True,lambda=0.01,0.0,5.0,0.0,0.0
carlstrom_phyllosphere_2019,2,ok,126,14,112,5,LENS distributed,0.10326844412243644,0.3960459183673469,True,lambda=0.01,0.0,5.0,0.0,0.0
carlstrom_phyllosphere_2019,2,ok,126,14,112,10,OneNet,0.12337326665859054,0.41996173469387754,,,,,,
carlstrom_phyllosphere_2019,2,ok,126,14,112,10,Fixed mean,0.10326844412243644,0.3960459183673469,,,,,,
carlstrom_phyllosphere_2019,2,ok,126,14,112,10,PLNNetwork,0.1111111111111111,0.5,,,,,,
carlstrom_phyllosphere_2019,2,ok,126,14,112,10,Poisson GLMNet,0.1746031746031746,0.5357142857142857,,,,,,
carlstrom_phyllosphere_2019,2,ok,126,14,112,10,SparCC,0.09203530300093068,0.35331632653061223,,,,,,
carlstrom_phyllosphere_2019,2,ok,126,14,112,10,SPIEC-EASI,0.1388888888888889,0.522640306122449,,,,,,
carlstrom_phyllosphere_2019,2,ok,126,14,112,10,LENS restricted,0.10326844412243644,0.3960459183673469,True,lambda=0.01,0.0,10.0,0.0,0.0
carlstrom_phyllosphere_2019,2,ok,126,14,112,10,LENS distributed,0.10326844412243644,0.3960459183673469,True,lambda=0.01,0.0,10.0,0.045454545454545456,0.0
carlstrom_phyllosphere_2019,2,ok,126,14,112,20,OneNet,0.12337326665859054,0.41996173469387754,,,,,,
carlstrom_phyllosphere_2019,2,ok,126,14,112,20,Fixed mean,0.10326844412243644,0.3960459183673469,,,,,,
carlstrom_phyllosphere_2019,2,ok,126,14,112,20,PLNNetwork,0.1111111111111111,0.5,,,,,,
carlstrom_phyllosphere_2019,2,ok,126,14,112,20,Poisson GLMNet,0.1746031746031746,0.5357142857142857,,,,,,
carlstrom_phyllosphere_2019,2,ok,126,14,112,20,SparCC,0.09203530300093068,0.35331632653061223,,,,,,
carlstrom_phyllosphere_2019,2,ok,126,14,112,20,SPIEC-EASI,0.1388888888888889,0.522640306122449,,,,,,
carlstrom_phyllosphere_2019,2,ok,126,14,112,20,LENS restricted,0.10326844412243644,0.3960459183673469,True,lambda=0.01,1.0,19.0,0.0,0.0
carlstrom_phyllosphere_2019,2,ok,126,14,112,20,LENS distributed,0.10326844412243644,0.3960459183673469,True,lambda=0.01,0.0,20.0,0.22727272727272727,0.07142857142857142
carlstrom_phyllosphere_2019,2,ok,126,14,112,50,OneNet,0.12337326665859054,0.41996173469387754,,,,,,
carlstrom_phyllosphere_2019,2,ok,126,14,112,50,Fixed mean,0.10326844412243644,0.3960459183673469,,,,,,
carlstrom_phyllosphere_2019,2,ok,126,14,112,50,PLNNetwork,0.1111111111111111,0.5,,,,,,
carlstrom_phyllosphere_2019,2,ok,126,14,112,50,Poisson GLMNet,0.1746031746031746,0.5357142857142857,,,,,,
carlstrom_phyllosphere_2019,2,ok,126,14,112,50,SparCC,0.09203530300093068,0.35331632653061223,,,,,,
carlstrom_phyllosphere_2019,2,ok,126,14,112,50,SPIEC-EASI,0.1388888888888889,0.522640306122449,,,,,,
carlstrom_phyllosphere_2019,2,ok,126,14,112,50,LENS restricted,0.15912502610727713,0.5414540816326531,False,lambda=10,3.0,47.0,0.0,0.0
carlstrom_phyllosphere_2019,2,ok,126,14,112,50,LENS distributed,0.14960299949609104,0.6128826530612245,False,lambda=0.01,4.0,46.0,0.5909090909090909,0.5
carlstrom_phyllosphere_2019,2,ok,126,14,112,100,OneNet,0.12337326665859054,0.41996173469387754,,,,,,
carlstrom_phyllosphere_2019,2,ok,126,14,112,100,Fixed mean,0.10326844412243644,0.3960459183673469,,,,,,
carlstrom_phyllosphere_2019,2,ok,126,14,112,100,PLNNetwork,0.1111111111111111,0.5,,,,,,
carlstrom_phyllosphere_2019,2,ok,126,14,112,100,Poisson GLMNet,0.1746031746031746,0.5357142857142857,,,,,,
carlstrom_phyllosphere_2019,2,ok,126,14,112,100,SparCC,0.09203530300093068,0.35331632653061223,,,,,,
carlstrom_phyllosphere_2019,2,ok,126,14,112,100,SPIEC-EASI,0.1388888888888889,0.522640306122449,,,,,,
carlstrom_phyllosphere_2019,2,ok,126,14,112,100,LENS restricted,0.16728091172819884,0.5644132653061225,False,lambda=0.01,12.0,88.0,0.0,0.0
carlstrom_phyllosphere_2019,2,ok,126,14,112,100,LENS distributed,0.1882488564295731,0.6964285714285714,False,lambda=1,9.0,91.0,0.8181818181818182,0.7777777777777778
carlstrom_phyllosphere_2019,2,ok,126,14,112,200,OneNet,0.12337326665859054,0.41996173469387754,,,,,,
carlstrom_phyllosphere_2019,2,ok,126,14,112,200,Fixed mean,0.10326844412243644,0.3960459183673469,,,,,,
carlstrom_phyllosphere_2019,2,ok,126,14,112,200,PLNNetwork,0.1111111111111111,0.5,,,,,,
carlstrom_phyllosphere_2019,2,ok,126,14,112,200,Poisson GLMNet,0.1746031746031746,0.5357142857142857,,,,,,
carlstrom_phyllosphere_2019,2,ok,126,14,112,200,SparCC,0.09203530300093068,0.35331632653061223,,,,,,
carlstrom_phyllosphere_2019,2,ok,126,14,112,200,SPIEC-EASI,0.1388888888888889,0.522640306122449,,,,,,
carlstrom_phyllosphere_2019,2,ok,126,14,112,200,LENS restricted,0.12845943132779294,0.5057397959183674,False,lambda=1,24.0,176.0,0.0,0.0
carlstrom_phyllosphere_2019,2,ok,126,14,112,200,LENS distributed,0.16345335743782266,0.6147959183673469,False,lambda=0.1,30.0,170.0,1.0,1.0
carlstrom_phyllosphere_2019,2,ok,126,14,112,275,OneNet,0.12337326665859054,0.41996173469387754,,,,,,
carlstrom_phyllosphere_2019,2,ok,126,14,112,275,Fixed mean,0.10326844412243644,0.3960459183673469,,,,,,
carlstrom_phyllosphere_2019,2,ok,126,14,112,275,PLNNetwork,0.1111111111111111,0.5,,,,,,
carlstrom_phyllosphere_2019,2,ok,126,14,112,275,Poisson GLMNet,0.1746031746031746,0.5357142857142857,,,,,,
carlstrom_phyllosphere_2019,2,ok,126,14,112,275,SparCC,0.09203530300093068,0.35331632653061223,,,,,,
carlstrom_phyllosphere_2019,2,ok,126,14,112,275,SPIEC-EASI,0.1388888888888889,0.522640306122449,,,,,,
carlstrom_phyllosphere_2019,2,ok,126,14,112,275,LENS restricted,0.2153168959103572,0.5382653061224489,False,lambda=0.01,33.0,242.0,0.0,0.0
carlstrom_phyllosphere_2019,2,ok,126,14,112,275,LENS distributed,0.17418737949941387,0.6288265306122449,False,lambda=0.01,40.0,235.0,1.0,1.0
carlstrom_phyllosphere_2019,3,ok,126,7,119,5,OneNet,0.06990135708461166,0.3565426170468187,,,,,,
carlstrom_phyllosphere_2019,3,ok,126,7,119,5,Fixed mean,0.07041670310964694,0.5126050420168067,,,,,,
carlstrom_phyllosphere_2019,3,ok,126,7,119,5,PLNNetwork,0.05555555555555555,0.5,,,,,,
carlstrom_phyllosphere_2019,3,ok,126,7,119,5,Poisson GLMNet,0.05555555555555555,0.4789915966386555,,,,,,
carlstrom_phyllosphere_2019,3,ok,126,7,119,5,SparCC,0.08180812732458197,0.5222088835534213,,,,,,
carlstrom_phyllosphere_2019,3,ok,126,7,119,5,SPIEC-EASI,0.0761904761904762,0.5522208883553421,,,,,,
carlstrom_phyllosphere_2019,3,ok,126,7,119,5,LENS restricted,0.07041670310964694,0.5126050420168067,True,lambda=10,2.0,3.0,0.0,0.0
carlstrom_phyllosphere_2019,3,ok,126,7,119,5,LENS distributed,0.07041670310964694,0.5126050420168067,True,lambda=0.01,0.0,5.0,0.18181818181818182,0.023809523809523808
carlstrom_phyllosphere_2019,3,ok,126,7,119,10,OneNet,0.06990135708461166,0.3565426170468187,,,,,,
carlstrom_phyllosphere_2019,3,ok,126,7,119,10,Fixed mean,0.07041670310964694,0.5126050420168067,,,,,,
carlstrom_phyllosphere_2019,3,ok,126,7,119,10,PLNNetwork,0.05555555555555555,0.5,,,,,,
carlstrom_phyllosphere_2019,3,ok,126,7,119,10,Poisson GLMNet,0.05555555555555555,0.4789915966386555,,,,,,
carlstrom_phyllosphere_2019,3,ok,126,7,119,10,SparCC,0.08180812732458197,0.5222088835534213,,,,,,
carlstrom_phyllosphere_2019,3,ok,126,7,119,10,SPIEC-EASI,0.0761904761904762,0.5522208883553421,,,,,,
carlstrom_phyllosphere_2019,3,ok,126,7,119,10,LENS restricted,0.07467464171425321,0.4441776710684273,False,lambda=10,3.0,7.0,0.0,0.0
carlstrom_phyllosphere_2019,3,ok,126,7,119,10,LENS distributed,0.07041670310964694,0.5126050420168067,True,lambda=10,2.0,8.0,0.2727272727272727,0.03968253968253968
carlstrom_phyllosphere_2019,3,ok,126,7,119,20,OneNet,0.06990135708461166,0.3565426170468187,,,,,,
carlstrom_phyllosphere_2019,3,ok,126,7,119,20,Fixed mean,0.07041670310964694,0.5126050420168067,,,,,,
carlstrom_phyllosphere_2019,3,ok,126,7,119,20,PLNNetwork,0.05555555555555555,0.5,,,,,,
carlstrom_phyllosphere_2019,3,ok,126,7,119,20,Poisson GLMNet,0.05555555555555555,0.4789915966386555,,,,,,
carlstrom_phyllosphere_2019,3,ok,126,7,119,20,SparCC,0.08180812732458197,0.5222088835534213,,,,,,
carlstrom_phyllosphere_2019,3,ok,126,7,119,20,SPIEC-EASI,0.0761904761904762,0.5522208883553421,,,,,,
carlstrom_phyllosphere_2019,3,ok,126,7,119,20,LENS restricted,0.0886568675798229,0.37815126050420167,False,lambda=10,5.0,15.0,0.0,0.0
carlstrom_phyllosphere_2019,3,ok,126,7,119,20,LENS distributed,0.12504913575304205,0.5942376950780313,False,lambda=1,4.0,16.0,0.5,0.21428571428571427
carlstrom_phyllosphere_2019,3,ok,126,7,119,50,OneNet,0.06990135708461166,0.3565426170468187,,,,,,
carlstrom_phyllosphere_2019,3,ok,126,7,119,50,Fixed mean,0.07041670310964694,0.5126050420168067,,,,,,
carlstrom_phyllosphere_2019,3,ok,126,7,119,50,PLNNetwork,0.05555555555555555,0.5,,,,,,
carlstrom_phyllosphere_2019,3,ok,126,7,119,50,Poisson GLMNet,0.05555555555555555,0.4789915966386555,,,,,,
carlstrom_phyllosphere_2019,3,ok,126,7,119,50,SparCC,0.08180812732458197,0.5222088835534213,,,,,,
carlstrom_phyllosphere_2019,3,ok,126,7,119,50,SPIEC-EASI,0.0761904761904762,0.5522208883553421,,,,,,
carlstrom_phyllosphere_2019,3,ok,126,7,119,50,LENS restricted,0.208901169831307,0.539015606242497,False,lambda=0.01,10.0,40.0,0.0,0.0
carlstrom_phyllosphere_2019,3,ok,126,7,119,50,LENS distributed,0.19897354971246595,0.4573829531812724,False,lambda=1,7.0,43.0,0.8181818181818182,0.6904761904761905
carlstrom_phyllosphere_2019,3,ok,126,7,119,100,OneNet,0.06990135708461166,0.3565426170468187,,,,,,
carlstrom_phyllosphere_2019,3,ok,126,7,119,100,Fixed mean,0.07041670310964694,0.5126050420168067,,,,,,
carlstrom_phyllosphere_2019,3,ok,126,7,119,100,PLNNetwork,0.05555555555555555,0.5,,,,,,
carlstrom_phyllosphere_2019,3,ok,126,7,119,100,Poisson GLMNet,0.05555555555555555,0.4789915966386555,,,,,,
carlstrom_phyllosphere_2019,3,ok,126,7,119,100,SparCC,0.08180812732458197,0.5222088835534213,,,,,,
carlstrom_phyllosphere_2019,3,ok,126,7,119,100,SPIEC-EASI,0.0761904761904762,0.5522208883553421,,,,,,
carlstrom_phyllosphere_2019,3,ok,126,7,119,100,LENS restricted,0.07064322984786227,0.4717887154861945,False,lambda=0.1,19.0,81.0,0.0,0.0
carlstrom_phyllosphere_2019,3,ok,126,7,119,100,LENS distributed,0.10334823584606255,0.5678271308523409,False,lambda=0.1,16.0,84.0,1.0,1.0
carlstrom_phyllosphere_2019,3,ok,126,7,119,200,OneNet,0.06990135708461166,0.3565426170468187,,,,,,
carlstrom_phyllosphere_2019,3,ok,126,7,119,200,Fixed mean,0.07041670310964694,0.5126050420168067,,,,,,
carlstrom_phyllosphere_2019,3,ok,126,7,119,200,PLNNetwork,0.05555555555555555,0.5,,,,,,
carlstrom_phyllosphere_2019,3,ok,126,7,119,200,Poisson GLMNet,0.05555555555555555,0.4789915966386555,,,,,,
carlstrom_phyllosphere_2019,3,ok,126,7,119,200,SparCC,0.08180812732458197,0.5222088835534213,,,,,,
carlstrom_phyllosphere_2019,3,ok,126,7,119,200,SPIEC-EASI,0.0761904761904762,0.5522208883553421,,,,,,
carlstrom_phyllosphere_2019,3,ok,126,7,119,200,LENS restricted,0.1032993066382884,0.6914765906362546,False,lambda=0.01,36.0,164.0,0.0,0.0
carlstrom_phyllosphere_2019,3,ok,126,7,119,200,LENS distributed,0.084374868288355,0.47058823529411764,False,lambda=1,27.0,173.0,1.0,1.0
carlstrom_phyllosphere_2019,3,ok,126,7,119,275,OneNet,0.06990135708461166,0.3565426170468187,,,,,,
carlstrom_phyllosphere_2019,3,ok,126,7,119,275,Fixed mean,0.07041670310964694,0.5126050420168067,,,,,,
carlstrom_phyllosphere_2019,3,ok,126,7,119,275,PLNNetwork,0.05555555555555555,0.5,,,,,,
carlstrom_phyllosphere_2019,3,ok,126,7,119,275,Poisson GLMNet,0.05555555555555555,0.4789915966386555,,,,,,
carlstrom_phyllosphere_2019,3,ok,126,7,119,275,SparCC,0.08180812732458197,0.5222088835534213,,,,,,
carlstrom_phyllosphere_2019,3,ok,126,7,119,275,SPIEC-EASI,0.0761904761904762,0.5522208883553421,,,,,,
carlstrom_phyllosphere_2019,3,ok,126,7,119,275,LENS restricted,0.0946567800016076,0.6638655462184874,False,lambda=0.1,42.0,233.0,0.0,0.0
carlstrom_phyllosphere_2019,3,ok,126,7,119,275,LENS distributed,0.09092646110346464,0.43697478991596633,False,lambda=1,34.0,241.0,1.0,1.0
carlstrom_phyllosphere_2019,4,ok,195,14,181,5,OneNet,0.07183251947856066,0.4400157853196527,,,,,,
carlstrom_phyllosphere_2019,4,ok,195,14,181,5,Fixed mean,0.08050492702228967,0.4771112865035517,,,,,,
carlstrom_phyllosphere_2019,4,ok,195,14,181,5,PLNNetwork,0.07179487179487179,0.5,,,,,,
carlstrom_phyllosphere_2019,4,ok,195,14,181,5,Poisson GLMNet,0.07179487179487179,0.48895027624309395,,,,,,
carlstrom_phyllosphere_2019,4,ok,195,14,181,5,SparCC,0.08193480666645503,0.47829518547750594,,,,,,
carlstrom_phyllosphere_2019,4,ok,195,14,181,5,SPIEC-EASI,0.07179487179487179,0.5,,,,,,
carlstrom_phyllosphere_2019,4,ok,195,14,181,5,LENS restricted,0.08050492702228967,0.4771112865035517,True,lambda=0.01,1.0,4.0,0.0,0.0
carlstrom_phyllosphere_2019,4,ok,195,14,181,5,LENS distributed,0.08050492702228967,0.4771112865035517,True,lambda=0.01,1.0,4.0,0.18181818181818182,0.02564102564102564
carlstrom_phyllosphere_2019,4,ok,195,14,181,10,OneNet,0.07183251947856066,0.4400157853196527,,,,,,
carlstrom_phyllosphere_2019,4,ok,195,14,181,10,Fixed mean,0.08050492702228967,0.4771112865035517,,,,,,
carlstrom_phyllosphere_2019,4,ok,195,14,181,10,PLNNetwork,0.07179487179487179,0.5,,,,,,
carlstrom_phyllosphere_2019,4,ok,195,14,181,10,Poisson GLMNet,0.07179487179487179,0.48895027624309395,,,,,,
carlstrom_phyllosphere_2019,4,ok,195,14,181,10,SparCC,0.08193480666645503,0.47829518547750594,,,,,,
carlstrom_phyllosphere_2019,4,ok,195,14,181,10,SPIEC-EASI,0.07179487179487179,0.5,,,,,,
carlstrom_phyllosphere_2019,4,ok,195,14,181,10,LENS restricted,0.12253404336642579,0.5868192580899764,False,lambda=10,3.0,7.0,0.0,0.0
carlstrom_phyllosphere_2019,4,ok,195,14,181,10,LENS distributed,0.08050492702228967,0.4771112865035517,True,lambda=0.01,1.0,9.0,0.2727272727272727,0.06153846153846154
carlstrom_phyllosphere_2019,4,ok,195,14,181,20,OneNet,0.07183251947856066,0.4400157853196527,,,,,,
carlstrom_phyllosphere_2019,4,ok,195,14,181,20,Fixed mean,0.08050492702228967,0.4771112865035517,,,,,,
carlstrom_phyllosphere_2019,4,ok,195,14,181,20,PLNNetwork,0.07179487179487179,0.5,,,,,,
carlstrom_phyllosphere_2019,4,ok,195,14,181,20,Poisson GLMNet,0.07179487179487179,0.48895027624309395,,,,,,
carlstrom_phyllosphere_2019,4,ok,195,14,181,20,SparCC,0.08193480666645503,0.47829518547750594,,,,,,
carlstrom_phyllosphere_2019,4,ok,195,14,181,20,SPIEC-EASI,0.07179487179487179,0.5,,,,,,
carlstrom_phyllosphere_2019,4,ok,195,14,181,20,LENS restricted,0.09003515774984548,0.5323599052880821,False,lambda=0.01,5.0,15.0,0.0,0.0
carlstrom_phyllosphere_2019,4,ok,195,14,181,20,LENS distributed,0.08050492702228967,0.4771112865035517,True,lambda=10,2.0,18.0,0.5,0.2512820512820513
carlstrom_phyllosphere_2019,4,ok,195,14,181,50,OneNet,0.07183251947856066,0.4400157853196527,,,,,,
carlstrom_phyllosphere_2019,4,ok,195,14,181,50,Fixed mean,0.08050492702228967,0.4771112865035517,,,,,,
carlstrom_phyllosphere_2019,4,ok,195,14,181,50,PLNNetwork,0.07179487179487179,0.5,,,,,,
carlstrom_phyllosphere_2019,4,ok,195,14,181,50,Poisson GLMNet,0.07179487179487179,0.48895027624309395,,,,,,
carlstrom_phyllosphere_2019,4,ok,195,14,181,50,SparCC,0.08193480666645503,0.47829518547750594,,,,,,
carlstrom_phyllosphere_2019,4,ok,195,14,181,50,SPIEC-EASI,0.07179487179487179,0.5,,,,,,
carlstrom_phyllosphere_2019,4,ok,195,14,181,50,LENS restricted,0.18555817538481817,0.6535122336227308,False,lambda=0.01,11.0,39.0,0.0,0.0
carlstrom_phyllosphere_2019,4,ok,195,14,181,50,LENS distributed,0.19865963247230325,0.6685082872928176,False,lambda=0.1,8.0,42.0,0.8181818181818182,0.7333333333333333
carlstrom_phyllosphere_2019,4,ok,195,14,181,100,OneNet,0.07183251947856066,0.4400157853196527,,,,,,
carlstrom_phyllosphere_2019,4,ok,195,14,181,100,Fixed mean,0.08050492702228967,0.4771112865035517,,,,,,
carlstrom_phyllosphere_2019,4,ok,195,14,181,100,PLNNetwork,0.07179487179487179,0.5,,,,,,
carlstrom_phyllosphere_2019,4,ok,195,14,181,100,Poisson GLMNet,0.07179487179487179,0.48895027624309395,,,,,,
carlstrom_phyllosphere_2019,4,ok,195,14,181,100,SparCC,0.08193480666645503,0.47829518547750594,,,,,,
carlstrom_phyllosphere_2019,4,ok,195,14,181,100,SPIEC-EASI,0.07179487179487179,0.5,,,,,,
carlstrom_phyllosphere_2019,4,ok,195,14,181,100,LENS restricted,0.30293541728826073,0.7545382794001578,False,lambda=0.1,19.0,81.0,0.0,0.0
carlstrom_phyllosphere_2019,4,ok,195,14,181,100,LENS distributed,0.16453087423156054,0.6483820047355959,False,lambda=0.01,13.0,87.0,0.9090909090909091,0.8666666666666667
carlstrom_phyllosphere_2019,4,ok,195,14,181,200,OneNet,0.07183251947856066,0.4400157853196527,,,,,,
carlstrom_phyllosphere_2019,4,ok,195,14,181,200,Fixed mean,0.08050492702228967,0.4771112865035517,,,,,,
carlstrom_phyllosphere_2019,4,ok,195,14,181,200,PLNNetwork,0.07179487179487179,0.5,,,,,,
carlstrom_phyllosphere_2019,4,ok,195,14,181,200,Poisson GLMNet,0.07179487179487179,0.48895027624309395,,,,,,
carlstrom_phyllosphere_2019,4,ok,195,14,181,200,SparCC,0.08193480666645503,0.47829518547750594,,,,,,
carlstrom_phyllosphere_2019,4,ok,195,14,181,200,SPIEC-EASI,0.07179487179487179,0.5,,,,,,
carlstrom_phyllosphere_2019,4,ok,195,14,181,200,LENS restricted,0.3826047326100999,0.7375690607734806,False,lambda=0.1,36.0,164.0,0.0,0.0
carlstrom_phyllosphere_2019,4,ok,195,14,181,200,LENS distributed,0.3070835780879516,0.6981057616416732,False,lambda=0.1,29.0,171.0,1.0,1.0
carlstrom_phyllosphere_2019,4,ok,195,14,181,275,OneNet,0.07183251947856066,0.4400157853196527,,,,,,
carlstrom_phyllosphere_2019,4,ok,195,14,181,275,Fixed mean,0.08050492702228967,0.4771112865035517,,,,,,
carlstrom_phyllosphere_2019,4,ok,195,14,181,275,PLNNetwork,0.07179487179487179,0.5,,,,,,
carlstrom_phyllosphere_2019,4,ok,195,14,181,275,Poisson GLMNet,0.07179487179487179,0.48895027624309395,,,,,,
carlstrom_phyllosphere_2019,4,ok,195,14,181,275,SparCC,0.08193480666645503,0.47829518547750594,,,,,,
carlstrom_phyllosphere_2019,4,ok,195,14,181,275,SPIEC-EASI,0.07179487179487179,0.5,,,,,,
carlstrom_phyllosphere_2019,4,ok,195,14,181,275,LENS restricted,0.17626033506683672,0.6882399368587214,False,lambda=0.01,51.0,224.0,0.0,0.0
carlstrom_phyllosphere_2019,4,ok,195,14,181,275,LENS distributed,0.2186854200247297,0.681136543014996,False,lambda=0.1,40.0,235.0,1.0,1.0
carlstrom_phyllosphere_2019,5,ok,165,23,142,5,OneNet,0.13679458865043287,0.5061236987140233,,,,,,
carlstrom_phyllosphere_2019,5,ok,165,23,142,5,Fixed mean,0.11777716669392946,0.39191671769748926,,,,,,
carlstrom_phyllosphere_2019,5,ok,165,23,142,5,PLNNetwork,0.1393939393939394,0.5,,,,,,
carlstrom_phyllosphere_2019,5,ok,165,23,142,5,Poisson GLMNet,0.1393939393939394,0.47887323943661975,,,,,,
carlstrom_phyllosphere_2019,5,ok,165,23,142,5,SparCC,0.1221506671860938,0.40232700551132883,,,,,,
carlstrom_phyllosphere_2019,5,ok,165,23,142,5,SPIEC-EASI,0.1393939393939394,0.5,,,,,,
carlstrom_phyllosphere_2019,5,ok,165,23,142,5,LENS restricted,0.11777716669392946,0.39191671769748926,True,lambda=0.01,1.0,4.0,0.0,0.0
carlstrom_phyllosphere_2019,5,ok,165,23,142,5,LENS distributed,0.11777716669392946,0.39191671769748926,True,lambda=0.01,1.0,4.0,0.09090909090909091,0.006060606060606061
carlstrom_phyllosphere_2019,5,ok,165,23,142,10,OneNet,0.13679458865043287,0.5061236987140233,,,,,,
carlstrom_phyllosphere_2019,5,ok,165,23,142,10,Fixed mean,0.11777716669392946,0.39191671769748926,,,,,,
carlstrom_phyllosphere_2019,5,ok,165,23,142,10,PLNNetwork,0.1393939393939394,0.5,,,,,,
carlstrom_phyllosphere_2019,5,ok,165,23,142,10,Poisson GLMNet,0.1393939393939394,0.47887323943661975,,,,,,
carlstrom_phyllosphere_2019,5,ok,165,23,142,10,SparCC,0.1221506671860938,0.40232700551132883,,,,,,
carlstrom_phyllosphere_2019,5,ok,165,23,142,10,SPIEC-EASI,0.1393939393939394,0.5,,,,,,
carlstrom_phyllosphere_2019,5,ok,165,23,142,10,LENS restricted,0.11777716669392946,0.39191671769748926,True,lambda=10,2.0,8.0,0.0,0.0
carlstrom_phyllosphere_2019,5,ok,165,23,142,10,LENS distributed,0.11777716669392946,0.39191671769748926,True,lambda=10,2.0,8.0,0.18181818181818182,0.03636363636363636
carlstrom_phyllosphere_2019,5,ok,165,23,142,20,OneNet,0.13679458865043287,0.5061236987140233,,,,,,
carlstrom_phyllosphere_2019,5,ok,165,23,142,20,Fixed mean,0.11777716669392946,0.39191671769748926,,,,,,
carlstrom_phyllosphere_2019,5,ok,165,23,142,20,PLNNetwork,0.1393939393939394,0.5,,,,,,
carlstrom_phyllosphere_2019,5,ok,165,23,142,20,Poisson GLMNet,0.1393939393939394,0.47887323943661975,,,,,,
carlstrom_phyllosphere_2019,5,ok,165,23,142,20,SparCC,0.1221506671860938,0.40232700551132883,,,,,,
carlstrom_phyllosphere_2019,5,ok,165,23,142,20,SPIEC-EASI,0.1393939393939394,0.5,,,,,,
carlstrom_phyllosphere_2019,5,ok,165,23,142,20,LENS restricted,0.25788717916869547,0.5269442743417023,False,lambda=1,5.0,15.0,0.0,0.0
carlstrom_phyllosphere_2019,5,ok,165,23,142,20,LENS distributed,0.14990221221951397,0.4846907532149418,False,lambda=10,3.0,17.0,0.2727272727272727,0.09090909090909091
carlstrom_phyllosphere_2019,5,ok,165,23,142,50,OneNet,0.13679458865043287,0.5061236987140233,,,,,,
carlstrom_phyllosphere_2019,5,ok,165,23,142,50,Fixed mean,0.11777716669392946,0.39191671769748926,,,,,,
carlstrom_phyllosphere_2019,5,ok,165,23,142,50,PLNNetwork,0.1393939393939394,0.5,,,,,,
carlstrom_phyllosphere_2019,5,ok,165,23,142,50,Poisson GLMNet,0.1393939393939394,0.47887323943661975,,,,,,
carlstrom_phyllosphere_2019,5,ok,165,23,142,50,SparCC,0.1221506671860938,0.40232700551132883,,,,,,
carlstrom_phyllosphere_2019,5,ok,165,23,142,50,SPIEC-EASI,0.1393939393939394,0.5,,,,,,
carlstrom_phyllosphere_2019,5,ok,165,23,142,50,LENS restricted,0.303396245347432,0.6191059399877525,False,lambda=0.01,8.0,42.0,0.0,0.0
carlstrom_phyllosphere_2019,5,ok,165,23,142,50,LENS distributed,0.37600081961591725,0.73423147581139,False,lambda=0.01,10.0,40.0,0.7272727272727273,0.6
carlstrom_phyllosphere_2019,5,ok,165,23,142,100,OneNet,0.13679458865043287,0.5061236987140233,,,,,,
carlstrom_phyllosphere_2019,5,ok,165,23,142,100,Fixed mean,0.11777716669392946,0.39191671769748926,,,,,,
carlstrom_phyllosphere_2019,5,ok,165,23,142,100,PLNNetwork,0.1393939393939394,0.5,,,,,,
carlstrom_phyllosphere_2019,5,ok,165,23,142,100,Poisson GLMNet,0.1393939393939394,0.47887323943661975,,,,,,
carlstrom_phyllosphere_2019,5,ok,165,23,142,100,SparCC,0.1221506671860938,0.40232700551132883,,,,,,
carlstrom_phyllosphere_2019,5,ok,165,23,142,100,SPIEC-EASI,0.1393939393939394,0.5,,,,,,
carlstrom_phyllosphere_2019,5,ok,165,23,142,100,LENS restricted,0.28721810618761545,0.528169014084507,False,lambda=1,14.0,86.0,0.0,0.0
carlstrom_phyllosphere_2019,5,ok,165,23,142,100,LENS distributed,0.37085682662327046,0.6812614819350888,False,lambda=0.01,15.0,85.0,1.0,1.0
carlstrom_phyllosphere_2019,5,ok,165,23,142,200,OneNet,0.13679458865043287,0.5061236987140233,,,,,,
carlstrom_phyllosphere_2019,5,ok,165,23,142,200,Fixed mean,0.11777716669392946,0.39191671769748926,,,,,,
carlstrom_phyllosphere_2019,5,ok,165,23,142,200,PLNNetwork,0.1393939393939394,0.5,,,,,,
carlstrom_phyllosphere_2019,5,ok,165,23,142,200,Poisson GLMNet,0.1393939393939394,0.47887323943661975,,,,,,
carlstrom_phyllosphere_2019,5,ok,165,23,142,200,SparCC,0.1221506671860938,0.40232700551132883,,,,,,
carlstrom_phyllosphere_2019,5,ok,165,23,142,200,SPIEC-EASI,0.1393939393939394,0.5,,,,,,
carlstrom_phyllosphere_2019,5,ok,165,23,142,200,LENS restricted,0.3281021924259531,0.6638089406001224,False,lambda=0.1,28.0,172.0,0.0,0.0
carlstrom_phyllosphere_2019,5,ok,165,23,142,200,LENS distributed,0.3789682965934078,0.7082057562767912,False,lambda=0.1,27.0,173.0,1.0,1.0
carlstrom_phyllosphere_2019,5,ok,165,23,142,275,OneNet,0.13679458865043287,0.5061236987140233,,,,,,
carlstrom_phyllosphere_2019,5,ok,165,23,142,275,Fixed mean,0.11777716669392946,0.39191671769748926,,,,,,
carlstrom_phyllosphere_2019,5,ok,165,23,142,275,PLNNetwork,0.1393939393939394,0.5,,,,,,
carlstrom_phyllosphere_2019,5,ok,165,23,142,275,Poisson GLMNet,0.1393939393939394,0.47887323943661975,,,,,,
carlstrom_phyllosphere_2019,5,ok,165,23,142,275,SparCC,0.1221506671860938,0.40232700551132883,,,,,,
carlstrom_phyllosphere_2019,5,ok,165,23,142,275,SPIEC-EASI,0.1393939393939394,0.5,,,,,,
carlstrom_phyllosphere_2019,5,ok,165,23,142,275,LENS restricted,0.27818714393539373,0.6950398040416412,False,lambda=0.01,36.0,239.0,0.0,0.0
carlstrom_phyllosphere_2019,5,ok,165,23,142,275,LENS distributed,0.4048601636547193,0.7238211879975506,False,lambda=0.01,34.0,241.0,1.0,1.0
carlstrom_phyllosphere_2019,6,ok,165,31,134,5,OneNet,0.18349049346088087,0.4830284063553202,,,,,,
carlstrom_phyllosphere_2019,6,ok,165,31,134,5,Fixed mean,0.20474615058327453,0.49109292248435243,,,,,,
carlstrom_phyllosphere_2019,6,ok,165,31,134,5,PLNNetwork,0.18787878787878787,0.5,,,,,,
carlstrom_phyllosphere_2019,6,ok,165,31,134,5,Poisson GLMNet,0.20263929618768328,0.5243139142994704,,,,,,
carlstrom_phyllosphere_2019,6,ok,165,31,134,5,SparCC,0.18005587911618345,0.4701492537313433,,,,,,
carlstrom_phyllosphere_2019,6,ok,165,31,134,5,SPIEC-EASI,0.18787878787878787,0.48134328358208955,,,,,,
carlstrom_phyllosphere_2019,6,ok,165,31,134,5,LENS restricted,0.20474615058327453,0.49109292248435243,True,lambda=0.01,0.0,5.0,0.0,0.0
carlstrom_phyllosphere_2019,6,ok,165,31,134,5,LENS distributed,0.20474615058327453,0.49109292248435243,True,lambda=0.01,0.0,5.0,0.13636363636363635,0.01818181818181818
carlstrom_phyllosphere_2019,6,ok,165,31,134,10,OneNet,0.18349049346088087,0.4830284063553202,,,,,,
carlstrom_phyllosphere_2019,6,ok,165,31,134,10,Fixed mean,0.20474615058327453,0.49109292248435243,,,,,,
carlstrom_phyllosphere_2019,6,ok,165,31,134,10,PLNNetwork,0.18787878787878787,0.5,,,,,,
carlstrom_phyllosphere_2019,6,ok,165,31,134,10,Poisson GLMNet,0.20263929618768328,0.5243139142994704,,,,,,
carlstrom_phyllosphere_2019,6,ok,165,31,134,10,SparCC,0.18005587911618345,0.4701492537313433,,,,,,
carlstrom_phyllosphere_2019,6,ok,165,31,134,10,SPIEC-EASI,0.18787878787878787,0.48134328358208955,,,,,,
carlstrom_phyllosphere_2019,6,ok,165,31,134,10,LENS restricted,0.20474615058327453,0.49109292248435243,True,lambda=0.01,0.0,10.0,0.0,0.0
carlstrom_phyllosphere_2019,6,ok,165,31,134,10,LENS distributed,0.20474615058327453,0.49109292248435243,True,lambda=0.01,0.0,10.0,0.18181818181818182,0.030303030303030304
carlstrom_phyllosphere_2019,6,ok,165,31,134,20,OneNet,0.18349049346088087,0.4830284063553202,,,,,,
carlstrom_phyllosphere_2019,6,ok,165,31,134,20,Fixed mean,0.20474615058327453,0.49109292248435243,,,,,,
carlstrom_phyllosphere_2019,6,ok,165,31,134,20,PLNNetwork,0.18787878787878787,0.5,,,,,,
carlstrom_phyllosphere_2019,6,ok,165,31,134,20,Poisson GLMNet,0.20263929618768328,0.5243139142994704,,,,,,
carlstrom_phyllosphere_2019,6,ok,165,31,134,20,SparCC,0.18005587911618345,0.4701492537313433,,,,,,
carlstrom_phyllosphere_2019,6,ok,165,31,134,20,SPIEC-EASI,0.18787878787878787,0.48134328358208955,,,,,,
carlstrom_phyllosphere_2019,6,ok,165,31,134,20,LENS restricted,0.20474615058327453,0.49109292248435243,True,lambda=0.01,0.0,20.0,0.0,0.0
carlstrom_phyllosphere_2019,6,ok,165,31,134,20,LENS distributed,0.20474615058327453,0.49109292248435243,True,lambda=0.01,0.0,20.0,0.45454545454545453,0.23636363636363636
carlstrom_phyllosphere_2019,6,ok,165,31,134,50,OneNet,0.18349049346088087,0.4830284063553202,,,,,,
carlstrom_phyllosphere_2019,6,ok,165,31,134,50,Fixed mean,0.20474615058327453,0.49109292248435243,,,,,,
carlstrom_phyllosphere_2019,6,ok,165,31,134,50,PLNNetwork,0.18787878787878787,0.5,,,,,,
carlstrom_phyllosphere_2019,6,ok,165,31,134,50,Poisson GLMNet,0.20263929618768328,0.5243139142994704,,,,,,
carlstrom_phyllosphere_2019,6,ok,165,31,134,50,SparCC,0.18005587911618345,0.4701492537313433,,,,,,
carlstrom_phyllosphere_2019,6,ok,165,31,134,50,SPIEC-EASI,0.18787878787878787,0.48134328358208955,,,,,,
carlstrom_phyllosphere_2019,6,ok,165,31,134,50,LENS restricted,0.32527164479672677,0.5674049109292248,False,lambda=0.01,4.0,46.0,0.0,0.0
carlstrom_phyllosphere_2019,6,ok,165,31,134,50,LENS distributed,0.21633444565634888,0.46485315358690416,False,lambda=10,4.0,46.0,0.7272727272727273,0.6363636363636364
carlstrom_phyllosphere_2019,6,ok,165,31,134,100,OneNet,0.18349049346088087,0.4830284063553202,,,,,,
carlstrom_phyllosphere_2019,6,ok,165,31,134,100,Fixed mean,0.20474615058327453,0.49109292248435243,,,,,,
carlstrom_phyllosphere_2019,6,ok,165,31,134,100,PLNNetwork,0.18787878787878787,0.5,,,,,,
carlstrom_phyllosphere_2019,6,ok,165,31,134,100,Poisson GLMNet,0.20263929618768328,0.5243139142994704,,,,,,
carlstrom_phyllosphere_2019,6,ok,165,31,134,100,SparCC,0.18005587911618345,0.4701492537313433,,,,,,
carlstrom_phyllosphere_2019,6,ok,165,31,134,100,SPIEC-EASI,0.18787878787878787,0.48134328358208955,,,,,,
carlstrom_phyllosphere_2019,6,ok,165,31,134,100,LENS restricted,0.26619568851191266,0.5156475686085701,False,lambda=0.1,7.0,93.0,0.0,0.0
carlstrom_phyllosphere_2019,6,ok,165,31,134,100,LENS distributed,0.32397071713844006,0.5924410207029369,False,lambda=0.1,8.0,92.0,0.9090909090909091,0.8787878787878788
carlstrom_phyllosphere_2019,6,ok,165,31,134,200,OneNet,0.18349049346088087,0.4830284063553202,,,,,,
carlstrom_phyllosphere_2019,6,ok,165,31,134,200,Fixed mean,0.20474615058327453,0.49109292248435243,,,,,,
carlstrom_phyllosphere_2019,6,ok,165,31,134,200,PLNNetwork,0.18787878787878787,0.5,,,,,,
carlstrom_phyllosphere_2019,6,ok,165,31,134,200,Poisson GLMNet,0.20263929618768328,0.5243139142994704,,,,,,
carlstrom_phyllosphere_2019,6,ok,165,31,134,200,SparCC,0.18005587911618345,0.4701492537313433,,,,,,
carlstrom_phyllosphere_2019,6,ok,165,31,134,200,SPIEC-EASI,0.18787878787878787,0.48134328358208955,,,,,,
carlstrom_phyllosphere_2019,6,ok,165,31,134,200,LENS restricted,0.24250387756725514,0.5380356283100626,False,lambda=0.1,13.0,187.0,0.0,0.0
carlstrom_phyllosphere_2019,6,ok,165,31,134,200,LENS distributed,0.31358711068285705,0.6076071256620126,False,lambda=0.1,21.0,179.0,1.0,1.0
carlstrom_phyllosphere_2019,6,ok,165,31,134,275,OneNet,0.18349049346088087,0.4830284063553202,,,,,,
carlstrom_phyllosphere_2019,6,ok,165,31,134,275,Fixed mean,0.20474615058327453,0.49109292248435243,,,,,,
carlstrom_phyllosphere_2019,6,ok,165,31,134,275,PLNNetwork,0.18787878787878787,0.5,,,,,,
carlstrom_phyllosphere_2019,6,ok,165,31,134,275,Poisson GLMNet,0.20263929618768328,0.5243139142994704,,,,,,
carlstrom_phyllosphere_2019,6,ok,165,31,134,275,SparCC,0.18005587911618345,0.4701492537313433,,,,,,
carlstrom_phyllosphere_2019,6,ok,165,31,134,275,SPIEC-EASI,0.18787878787878787,0.48134328358208955,,,,,,
carlstrom_phyllosphere_2019,6,ok,165,31,134,275,LENS restricted,0.1918368155706534,0.5021665864227252,False,lambda=0.01,17.0,258.0,0.0,0.0
carlstrom_phyllosphere_2019,6,ok,165,31,134,275,LENS distributed,0.32094085526755944,0.6061627347135291,False,lambda=0.1,28.0,247.0,1.0,1.0
carlstrom_phyllosphere_2019,7,ok,186,27,159,5,OneNet,0.1302622706155377,0.439669228977405,,,,,,
carlstrom_phyllosphere_2019,7,ok,186,27,159,5,Fixed mean,0.1808762269869334,0.5488003726997437,,,,,,
carlstrom_phyllosphere_2019,7,ok,186,27,159,5,PLNNetwork,0.14516129032258066,0.5,,,,,,
carlstrom_phyllosphere_2019,7,ok,186,27,159,5,Poisson GLMNet,0.16109512086214597,0.5488003726997438,,,,,,
carlstrom_phyllosphere_2019,7,ok,186,27,159,5,SparCC,0.14542641867643552,0.5140927090612625,,,,,,
carlstrom_phyllosphere_2019,7,ok,186,27,159,5,SPIEC-EASI,0.14516129032258066,0.4937106918238994,,,,,,
carlstrom_phyllosphere_2019,7,ok,186,27,159,5,LENS restricted,0.1808762269869334,0.5488003726997437,True,lambda=0.01,0.0,5.0,0.0,0.0
carlstrom_phyllosphere_2019,7,ok,186,27,159,5,LENS distributed,0.1808762269869334,0.5488003726997437,True,lambda=0.01,0.0,5.0,0.045454545454545456,0.0
carlstrom_phyllosphere_2019,7,ok,186,27,159,10,OneNet,0.1302622706155377,0.439669228977405,,,,,,
carlstrom_phyllosphere_2019,7,ok,186,27,159,10,Fixed mean,0.1808762269869334,0.5488003726997437,,,,,,
carlstrom_phyllosphere_2019,7,ok,186,27,159,10,PLNNetwork,0.14516129032258066,0.5,,,,,,
carlstrom_phyllosphere_2019,7,ok,186,27,159,10,Poisson GLMNet,0.16109512086214597,0.5488003726997438,,,,,,
carlstrom_phyllosphere_2019,7,ok,186,27,159,10,SparCC,0.14542641867643552,0.5140927090612625,,,,,,
carlstrom_phyllosphere_2019,7,ok,186,27,159,10,SPIEC-EASI,0.14516129032258066,0.4937106918238994,,,,,,
carlstrom_phyllosphere_2019,7,ok,186,27,159,10,LENS restricted,0.1808762269869334,0.5488003726997437,True,lambda=0.01,0.0,10.0,0.0,0.0
carlstrom_phyllosphere_2019,7,ok,186,27,159,10,LENS distributed,0.1808762269869334,0.5488003726997437,True,lambda=0.01,1.0,9.0,0.22727272727272727,0.04838709677419355
carlstrom_phyllosphere_2019,7,ok,186,27,159,20,OneNet,0.1302622706155377,0.439669228977405,,,,,,
carlstrom_phyllosphere_2019,7,ok,186,27,159,20,Fixed mean,0.1808762269869334,0.5488003726997437,,,,,,
carlstrom_phyllosphere_2019,7,ok,186,27,159,20,PLNNetwork,0.14516129032258066,0.5,,,,,,
carlstrom_phyllosphere_2019,7,ok,186,27,159,20,Poisson GLMNet,0.16109512086214597,0.5488003726997438,,,,,,
carlstrom_phyllosphere_2019,7,ok,186,27,159,20,SparCC,0.14542641867643552,0.5140927090612625,,,,,,
carlstrom_phyllosphere_2019,7,ok,186,27,159,20,SPIEC-EASI,0.14516129032258066,0.4937106918238994,,,,,,
carlstrom_phyllosphere_2019,7,ok,186,27,159,20,LENS restricted,0.1808762269869334,0.5488003726997437,True,lambda=0.01,0.0,20.0,0.0,0.0
carlstrom_phyllosphere_2019,7,ok,186,27,159,20,LENS distributed,0.1808762269869334,0.5488003726997437,True,lambda=10,2.0,18.0,0.3181818181818182,0.10752688172043011
carlstrom_phyllosphere_2019,7,ok,186,27,159,50,OneNet,0.1302622706155377,0.439669228977405,,,,,,
carlstrom_phyllosphere_2019,7,ok,186,27,159,50,Fixed mean,0.1808762269869334,0.5488003726997437,,,,,,
carlstrom_phyllosphere_2019,7,ok,186,27,159,50,PLNNetwork,0.14516129032258066,0.5,,,,,,
carlstrom_phyllosphere_2019,7,ok,186,27,159,50,Poisson GLMNet,0.16109512086214597,0.5488003726997438,,,,,,
carlstrom_phyllosphere_2019,7,ok,186,27,159,50,SparCC,0.14542641867643552,0.5140927090612625,,,,,,
carlstrom_phyllosphere_2019,7,ok,186,27,159,50,SPIEC-EASI,0.14516129032258066,0.4937106918238994,,,,,,
carlstrom_phyllosphere_2019,7,ok,186,27,159,50,LENS restricted,0.2160531938955906,0.5713952946657348,False,lambda=10,6.0,44.0,0.0,0.0
carlstrom_phyllosphere_2019,7,ok,186,27,159,50,LENS distributed,0.19009754722251715,0.5627766130910785,False,lambda=1,5.0,45.0,0.7272727272727273,0.5913978494623656
carlstrom_phyllosphere_2019,7,ok,186,27,159,100,OneNet,0.1302622706155377,0.439669228977405,,,,,,
carlstrom_phyllosphere_2019,7,ok,186,27,159,100,Fixed mean,0.1808762269869334,0.5488003726997437,,,,,,
carlstrom_phyllosphere_2019,7,ok,186,27,159,100,PLNNetwork,0.14516129032258066,0.5,,,,,,
carlstrom_phyllosphere_2019,7,ok,186,27,159,100,Poisson GLMNet,0.16109512086214597,0.5488003726997438,,,,,,
carlstrom_phyllosphere_2019,7,ok,186,27,159,100,SparCC,0.14542641867643552,0.5140927090612625,,,,,,
carlstrom_phyllosphere_2019,7,ok,186,27,159,100,SPIEC-EASI,0.14516129032258066,0.4937106918238994,,,,,,
carlstrom_phyllosphere_2019,7,ok,186,27,159,100,LENS restricted,0.17597543410561917,0.47123223852783597,False,lambda=0.01,11.0,89.0,0.0,0.0
carlstrom_phyllosphere_2019,7,ok,186,27,159,100,LENS distributed,0.2064863626957084,0.6387141858839972,False,lambda=1,12.0,88.0,0.8636363636363636,0.8064516129032258
carlstrom_phyllosphere_2019,7,ok,186,27,159,200,OneNet,0.1302622706155377,0.439669228977405,,,,,,
carlstrom_phyllosphere_2019,7,ok,186,27,159,200,Fixed mean,0.1808762269869334,0.5488003726997437,,,,,,
carlstrom_phyllosphere_2019,7,ok,186,27,159,200,PLNNetwork,0.14516129032258066,0.5,,,,,,
carlstrom_phyllosphere_2019,7,ok,186,27,159,200,Poisson GLMNet,0.16109512086214597,0.5488003726997438,,,,,,
carlstrom_phyllosphere_2019,7,ok,186,27,159,200,SparCC,0.14542641867643552,0.5140927090612625,,,,,,
carlstrom_phyllosphere_2019,7,ok,186,27,159,200,SPIEC-EASI,0.14516129032258066,0.4937106918238994,,,,,,
carlstrom_phyllosphere_2019,7,ok,186,27,159,200,LENS restricted,0.21904845837408887,0.5429769392033542,False,lambda=0.01,22.0,178.0,0.0,0.0
carlstrom_phyllosphere_2019,7,ok,186,27,159,200,LENS distributed,0.20062271353549738,0.6084323317027719,False,lambda=1,21.0,179.0,0.9545454545454546,0.9354838709677419
carlstrom_phyllosphere_2019,7,ok,186,27,159,275,OneNet,0.1302622706155377,0.439669228977405,,,,,,
carlstrom_phyllosphere_2019,7,ok,186,27,159,275,Fixed mean,0.1808762269869334,0.5488003726997437,,,,,,
carlstrom_phyllosphere_2019,7,ok,186,27,159,275,PLNNetwork,0.14516129032258066,0.5,,,,,,
carlstrom_phyllosphere_2019,7,ok,186,27,159,275,Poisson GLMNet,0.16109512086214597,0.5488003726997438,,,,,,
carlstrom_phyllosphere_2019,7,ok,186,27,159,275,SparCC,0.14542641867643552,0.5140927090612625,,,,,,
carlstrom_phyllosphere_2019,7,ok,186,27,159,275,SPIEC-EASI,0.14516129032258066,0.4937106918238994,,,,,,
carlstrom_phyllosphere_2019,7,ok,186,27,159,275,LENS restricted,0.22480569143334106,0.5849056603773585,False,lambda=0.01,32.0,243.0,0.0,0.0
carlstrom_phyllosphere_2019,7,ok,186,27,159,275,LENS distributed,0.20602506369656112,0.5774516655019799,False,lambda=0.1,30.0,245.0,1.0,1.0
carlstrom_phyllosphere_2019,8,ok,176,20,156,5,OneNet,0.08891368198137334,0.3556089743589744,,,,,,
carlstrom_phyllosphere_2019,8,ok,176,20,156,5,Fixed mean,0.0986991489265685,0.41923076923076924,,,,,,
carlstrom_phyllosphere_2019,8,ok,176,20,156,5,PLNNetwork,0.11363636363636363,0.5,,,,,,
carlstrom_phyllosphere_2019,8,ok,176,20,156,5,Poisson GLMNet,0.11628787878787877,0.5081730769230769,,,,,,
carlstrom_phyllosphere_2019,8,ok,176,20,156,5,SparCC,0.09570187777777157,0.40352564102564104,,,,,,
carlstrom_phyllosphere_2019,8,ok,176,20,156,5,SPIEC-EASI,0.11363636363636363,0.49038461538461536,,,,,,
carlstrom_phyllosphere_2019,8,ok,176,20,156,5,LENS restricted,0.0986991489265685,0.41923076923076924,True,lambda=0.01,1.0,4.0,0.0,0.0
carlstrom_phyllosphere_2019,8,ok,176,20,156,5,LENS distributed,0.0986991489265685,0.41923076923076924,True,lambda=0.01,1.0,4.0,0.22727272727272727,0.056818181818181816
carlstrom_phyllosphere_2019,8,ok,176,20,156,10,OneNet,0.08891368198137334,0.3556089743589744,,,,,,
carlstrom_phyllosphere_2019,8,ok,176,20,156,10,Fixed mean,0.0986991489265685,0.41923076923076924,,,,,,
carlstrom_phyllosphere_2019,8,ok,176,20,156,10,PLNNetwork,0.11363636363636363,0.5,,,,,,
carlstrom_phyllosphere_2019,8,ok,176,20,156,10,Poisson GLMNet,0.11628787878787877,0.5081730769230769,,,,,,
carlstrom_phyllosphere_2019,8,ok,176,20,156,10,SparCC,0.09570187777777157,0.40352564102564104,,,,,,
carlstrom_phyllosphere_2019,8,ok,176,20,156,10,SPIEC-EASI,0.11363636363636363,0.49038461538461536,,,,,,
carlstrom_phyllosphere_2019,8,ok,176,20,156,10,LENS restricted,0.1020578659404481,0.44294871794871793,False,lambda=1,4.0,6.0,0.0,0.0
carlstrom_phyllosphere_2019,8,ok,176,20,156,10,LENS distributed,0.0986991489265685,0.41923076923076924,True,lambda=10,2.0,8.0,0.3181818181818182,0.11931818181818182
carlstrom_phyllosphere_2019,8,ok,176,20,156,20,OneNet,0.08891368198137334,0.3556089743589744,,,,,,
carlstrom_phyllosphere_2019,8,ok,176,20,156,20,Fixed mean,0.0986991489265685,0.41923076923076924,,,,,,
carlstrom_phyllosphere_2019,8,ok,176,20,156,20,PLNNetwork,0.11363636363636363,0.5,,,,,,
carlstrom_phyllosphere_2019,8,ok,176,20,156,20,Poisson GLMNet,0.11628787878787877,0.5081730769230769,,,,,,
carlstrom_phyllosphere_2019,8,ok,176,20,156,20,SparCC,0.09570187777777157,0.40352564102564104,,,,,,
carlstrom_phyllosphere_2019,8,ok,176,20,156,20,SPIEC-EASI,0.11363636363636363,0.49038461538461536,,,,,,
carlstrom_phyllosphere_2019,8,ok,176,20,156,20,LENS restricted,0.09604057244838851,0.4294871794871795,False,lambda=0.01,6.0,14.0,0.0,0.0
carlstrom_phyllosphere_2019,8,ok,176,20,156,20,LENS distributed,0.0960354488893124,0.4237179487179487,False,lambda=1,6.0,14.0,0.45454545454545453,0.25
carlstrom_phyllosphere_2019,8,ok,176,20,156,50,OneNet,0.08891368198137334,0.3556089743589744,,,,,,
carlstrom_phyllosphere_2019,8,ok,176,20,156,50,Fixed mean,0.0986991489265685,0.41923076923076924,,,,,,
carlstrom_phyllosphere_2019,8,ok,176,20,156,50,PLNNetwork,0.11363636363636363,0.5,,,,,,
carlstrom_phyllosphere_2019,8,ok,176,20,156,50,Poisson GLMNet,0.11628787878787877,0.5081730769230769,,,,,,
carlstrom_phyllosphere_2019,8,ok,176,20,156,50,SparCC,0.09570187777777157,0.40352564102564104,,,,,,
carlstrom_phyllosphere_2019,8,ok,176,20,156,50,SPIEC-EASI,0.11363636363636363,0.49038461538461536,,,,,,
carlstrom_phyllosphere_2019,8,ok,176,20,156,50,LENS restricted,0.3255261468955489,0.7685897435897435,False,lambda=0.01,11.0,39.0,0.0,0.0
carlstrom_phyllosphere_2019,8,ok,176,20,156,50,LENS distributed,0.15454994927825944,0.6483974358974359,False,lambda=0.01,11.0,39.0,0.6363636363636364,0.48295454545454547
carlstrom_phyllosphere_2019,8,ok,176,20,156,100,OneNet,0.08891368198137334,0.3556089743589744,,,,,,
carlstrom_phyllosphere_2019,8,ok,176,20,156,100,Fixed mean,0.0986991489265685,0.41923076923076924,,,,,,
carlstrom_phyllosphere_2019,8,ok,176,20,156,100,PLNNetwork,0.11363636363636363,0.5,,,,,,
carlstrom_phyllosphere_2019,8,ok,176,20,156,100,Poisson GLMNet,0.11628787878787877,0.5081730769230769,,,,,,
carlstrom_phyllosphere_2019,8,ok,176,20,156,100,SparCC,0.09570187777777157,0.40352564102564104,,,,,,
carlstrom_phyllosphere_2019,8,ok,176,20,156,100,SPIEC-EASI,0.11363636363636363,0.49038461538461536,,,,,,
carlstrom_phyllosphere_2019,8,ok,176,20,156,100,LENS restricted,0.2051963981635136,0.7426282051282052,False,lambda=1,18.0,82.0,0.0,0.0
carlstrom_phyllosphere_2019,8,ok,176,20,156,100,LENS distributed,0.2780412283919604,0.7259615384615385,False,lambda=0.1,20.0,80.0,0.8636363636363636,0.8125
carlstrom_phyllosphere_2019,8,ok,176,20,156,200,OneNet,0.08891368198137334,0.3556089743589744,,,,,,
carlstrom_phyllosphere_2019,8,ok,176,20,156,200,Fixed mean,0.0986991489265685,0.41923076923076924,,,,,,
carlstrom_phyllosphere_2019,8,ok,176,20,156,200,PLNNetwork,0.11363636363636363,0.5,,,,,,
carlstrom_phyllosphere_2019,8,ok,176,20,156,200,Poisson GLMNet,0.11628787878787877,0.5081730769230769,,,,,,
carlstrom_phyllosphere_2019,8,ok,176,20,156,200,SparCC,0.09570187777777157,0.40352564102564104,,,,,,
carlstrom_phyllosphere_2019,8,ok,176,20,156,200,SPIEC-EASI,0.11363636363636363,0.49038461538461536,,,,,,
carlstrom_phyllosphere_2019,8,ok,176,20,156,200,LENS restricted,0.30120318497947146,0.7509615384615385,False,lambda=0.1,30.0,170.0,0.0,0.0
carlstrom_phyllosphere_2019,8,ok,176,20,156,200,LENS distributed,0.22182780099899438,0.7256410256410256,False,lambda=1,33.0,167.0,0.9545454545454546,0.9375
carlstrom_phyllosphere_2019,8,ok,176,20,156,275,OneNet,0.08891368198137334,0.3556089743589744,,,,,,
carlstrom_phyllosphere_2019,8,ok,176,20,156,275,Fixed mean,0.0986991489265685,0.41923076923076924,,,,,,
carlstrom_phyllosphere_2019,8,ok,176,20,156,275,PLNNetwork,0.11363636363636363,0.5,,,,,,
carlstrom_phyllosphere_2019,8,ok,176,20,156,275,Poisson GLMNet,0.11628787878787877,0.5081730769230769,,,,,,
carlstrom_phyllosphere_2019,8,ok,176,20,156,275,SparCC,0.09570187777777157,0.40352564102564104,,,,,,
carlstrom_phyllosphere_2019,8,ok,176,20,156,275,SPIEC-EASI,0.11363636363636363,0.49038461538461536,,,,,,
carlstrom_phyllosphere_2019,8,ok,176,20,156,275,LENS restricted,0.2969529207207172,0.7576923076923077,False,lambda=0.01,36.0,239.0,0.0,0.0
carlstrom_phyllosphere_2019,8,ok,176,20,156,275,LENS distributed,0.38125641007758854,0.7830128205128205,False,lambda=0.01,40.0,235.0,0.9545454545454546,0.9375
carlstrom_phyllosphere_2019,9,ok,176,28,148,5,OneNet,0.23457428747397338,0.5618967181467182,,,,,,
carlstrom_phyllosphere_2019,9,ok,176,28,148,5,Fixed mean,0.16278832842799534,0.46283783783783783,,,,,,
carlstrom_phyllosphere_2019,9,ok,176,28,148,5,PLNNetwork,0.1590909090909091,0.5,,,,,,
carlstrom_phyllosphere_2019,9,ok,176,28,148,5,Poisson GLMNet,0.19772727272727275,0.5036196911196911,,,,,,
carlstrom_phyllosphere_2019,9,ok,176,28,148,5,SparCC,0.1586264531664759,0.44184362934362936,,,,,,
carlstrom_phyllosphere_2019,9,ok,176,28,148,5,SPIEC-EASI,0.18912337662337664,0.5113416988416989,,,,,,
carlstrom_phyllosphere_2019,9,ok,176,28,148,5,LENS restricted,0.16278832842799534,0.46283783783783783,True,lambda=0.01,1.0,4.0,0.0,0.0
carlstrom_phyllosphere_2019,9,ok,176,28,148,5,LENS distributed,0.16278832842799534,0.46283783783783783,True,lambda=0.01,1.0,4.0,0.22727272727272727,0.03977272727272727
carlstrom_phyllosphere_2019,9,ok,176,28,148,10,OneNet,0.23457428747397338,0.5618967181467182,,,,,,
carlstrom_phyllosphere_2019,9,ok,176,28,148,10,Fixed mean,0.16278832842799534,0.46283783783783783,,,,,,
carlstrom_phyllosphere_2019,9,ok,176,28,148,10,PLNNetwork,0.1590909090909091,0.5,,,,,,
carlstrom_phyllosphere_2019,9,ok,176,28,148,10,Poisson GLMNet,0.19772727272727275,0.5036196911196911,,,,,,
carlstrom_phyllosphere_2019,9,ok,176,28,148,10,SparCC,0.1586264531664759,0.44184362934362936,,,,,,
carlstrom_phyllosphere_2019,9,ok,176,28,148,10,SPIEC-EASI,0.18912337662337664,0.5113416988416989,,,,,,
carlstrom_phyllosphere_2019,9,ok,176,28,148,10,LENS restricted,0.16278832842799534,0.46283783783783783,True,lambda=0.01,1.0,9.0,0.0,0.0
carlstrom_phyllosphere_2019,9,ok,176,28,148,10,LENS distributed,0.16278832842799534,0.46283783783783783,True,lambda=0.01,1.0,9.0,0.3181818181818182,0.08522727272727272
carlstrom_phyllosphere_2019,9,ok,176,28,148,20,OneNet,0.23457428747397338,0.5618967181467182,,,,,,
carlstrom_phyllosphere_2019,9,ok,176,28,148,20,Fixed mean,0.16278832842799534,0.46283783783783783,,,,,,
carlstrom_phyllosphere_2019,9,ok,176,28,148,20,PLNNetwork,0.1590909090909091,0.5,,,,,,
carlstrom_phyllosphere_2019,9,ok,176,28,148,20,Poisson GLMNet,0.19772727272727275,0.5036196911196911,,,,,,
carlstrom_phyllosphere_2019,9,ok,176,28,148,20,SparCC,0.1586264531664759,0.44184362934362936,,,,,,
carlstrom_phyllosphere_2019,9,ok,176,28,148,20,SPIEC-EASI,0.18912337662337664,0.5113416988416989,,,,,,
carlstrom_phyllosphere_2019,9,ok,176,28,148,20,LENS restricted,0.16278832842799534,0.46283783783783783,True,lambda=0.01,1.0,19.0,0.0,0.0
carlstrom_phyllosphere_2019,9,ok,176,28,148,20,LENS distributed,0.16278832842799534,0.46283783783783783,True,lambda=10,2.0,18.0,0.5,0.22727272727272727
carlstrom_phyllosphere_2019,9,ok,176,28,148,50,OneNet,0.23457428747397338,0.5618967181467182,,,,,,
carlstrom_phyllosphere_2019,9,ok,176,28,148,50,Fixed mean,0.16278832842799534,0.46283783783783783,,,,,,
carlstrom_phyllosphere_2019,9,ok,176,28,148,50,PLNNetwork,0.1590909090909091,0.5,,,,,,
carlstrom_phyllosphere_2019,9,ok,176,28,148,50,Poisson GLMNet,0.19772727272727275,0.5036196911196911,,,,,,
carlstrom_phyllosphere_2019,9,ok,176,28,148,50,SparCC,0.1586264531664759,0.44184362934362936,,,,,,
carlstrom_phyllosphere_2019,9,ok,176,28,148,50,SPIEC-EASI,0.18912337662337664,0.5113416988416989,,,,,,
carlstrom_phyllosphere_2019,9,ok,176,28,148,50,LENS restricted,0.2852768792753914,0.5897683397683398,False,lambda=0.01,4.0,46.0,0.0,0.0
carlstrom_phyllosphere_2019,9,ok,176,28,148,50,LENS distributed,0.28220742824375616,0.6554054054054055,False,lambda=0.1,5.0,45.0,0.8181818181818182,0.6647727272727273
carlstrom_phyllosphere_2019,9,ok,176,28,148,100,OneNet,0.23457428747397338,0.5618967181467182,,,,,,
carlstrom_phyllosphere_2019,9,ok,176,28,148,100,Fixed mean,0.16278832842799534,0.46283783783783783,,,,,,
carlstrom_phyllosphere_2019,9,ok,176,28,148,100,PLNNetwork,0.1590909090909091,0.5,,,,,,
carlstrom_phyllosphere_2019,9,ok,176,28,148,100,Poisson GLMNet,0.19772727272727275,0.5036196911196911,,,,,,
carlstrom_phyllosphere_2019,9,ok,176,28,148,100,SparCC,0.1586264531664759,0.44184362934362936,,,,,,
carlstrom_phyllosphere_2019,9,ok,176,28,148,100,SPIEC-EASI,0.18912337662337664,0.5113416988416989,,,,,,
carlstrom_phyllosphere_2019,9,ok,176,28,148,100,LENS restricted,0.2410219044279653,0.5863899613899614,False,lambda=1,10.0,90.0,0.0,0.0
carlstrom_phyllosphere_2019,9,ok,176,28,148,100,LENS distributed,0.25361093452164096,0.6563706563706564,False,lambda=1,11.0,89.0,0.9090909090909091,0.875
carlstrom_phyllosphere_2019,9,ok,176,28,148,200,OneNet,0.23457428747397338,0.5618967181467182,,,,,,
carlstrom_phyllosphere_2019,9,ok,176,28,148,200,Fixed mean,0.16278832842799534,0.46283783783783783,,,,,,
carlstrom_phyllosphere_2019,9,ok,176,28,148,200,PLNNetwork,0.1590909090909091,0.5,,,,,,
carlstrom_phyllosphere_2019,9,ok,176,28,148,200,Poisson GLMNet,0.19772727272727275,0.5036196911196911,,,,,,
carlstrom_phyllosphere_2019,9,ok,176,28,148,200,SparCC,0.1586264531664759,0.44184362934362936,,,,,,
carlstrom_phyllosphere_2019,9,ok,176,28,148,200,SPIEC-EASI,0.18912337662337664,0.5113416988416989,,,,,,
carlstrom_phyllosphere_2019,9,ok,176,28,148,200,LENS restricted,0.21707826880537748,0.5583976833976834,False,lambda=0.01,23.0,177.0,0.0,0.0
carlstrom_phyllosphere_2019,9,ok,176,28,148,200,LENS distributed,0.2810948831700102,0.6957046332046332,False,lambda=0.1,21.0,179.0,0.9545454545454546,0.9375
carlstrom_phyllosphere_2019,9,ok,176,28,148,275,OneNet,0.23457428747397338,0.5618967181467182,,,,,,
carlstrom_phyllosphere_2019,9,ok,176,28,148,275,Fixed mean,0.16278832842799534,0.46283783783783783,,,,,,
carlstrom_phyllosphere_2019,9,ok,176,28,148,275,PLNNetwork,0.1590909090909091,0.5,,,,,,
carlstrom_phyllosphere_2019,9,ok,176,28,148,275,Poisson GLMNet,0.19772727272727275,0.5036196911196911,,,,,,
carlstrom_phyllosphere_2019,9,ok,176,28,148,275,SparCC,0.1586264531664759,0.44184362934362936,,,,,,
carlstrom_phyllosphere_2019,9,ok,176,28,148,275,SPIEC-EASI,0.18912337662337664,0.5113416988416989,,,,,,
carlstrom_phyllosphere_2019,9,ok,176,28,148,275,LENS restricted,0.3045892585914532,0.6556467181467182,False,lambda=0.1,30.0,245.0,0.0,0.0
carlstrom_phyllosphere_2019,9,ok,176,28,148,275,LENS distributed,0.25946926202186404,0.6662644787644787,False,lambda=1,38.0,237.0,1.0,1.0
carlstrom_phyllosphere_2019,10,ok,186,27,159,5,OneNet,0.1273394312838263,0.440251572327044,,,,,,
carlstrom_phyllosphere_2019,10,ok,186,27,159,5,Fixed mean,0.1599687510205453,0.487304914977871,,,,,,
carlstrom_phyllosphere_2019,10,ok,186,27,159,5,PLNNetwork,0.14516129032258066,0.5,,,,,,
carlstrom_phyllosphere_2019,10,ok,186,27,159,5,Poisson GLMNet,0.1560135404221426,0.523759608665269,,,,,,
carlstrom_phyllosphere_2019,10,ok,186,27,159,5,SparCC,0.14156699410853862,0.4661076170510132,,,,,,
carlstrom_phyllosphere_2019,10,ok,186,27,159,5,SPIEC-EASI,0.14516129032258066,0.49056603773584906,,,,,,
carlstrom_phyllosphere_2019,10,ok,186,27,159,5,LENS restricted,0.1599687510205453,0.487304914977871,True,lambda=10,2.0,3.0,0.0,0.0
carlstrom_phyllosphere_2019,10,ok,186,27,159,5,LENS distributed,0.1599687510205453,0.487304914977871,True,lambda=10,2.0,3.0,0.13636363636363635,0.016129032258064516
carlstrom_phyllosphere_2019,10,ok,186,27,159,10,OneNet,0.1273394312838263,0.440251572327044,,,,,,
carlstrom_phyllosphere_2019,10,ok,186,27,159,10,Fixed mean,0.1599687510205453,0.487304914977871,,,,,,
carlstrom_phyllosphere_2019,10,ok,186,27,159,10,PLNNetwork,0.14516129032258066,0.5,,,,,,
carlstrom_phyllosphere_2019,10,ok,186,27,159,10,Poisson GLMNet,0.1560135404221426,0.523759608665269,,,,,,
carlstrom_phyllosphere_2019,10,ok,186,27,159,10,SparCC,0.14156699410853862,0.4661076170510132,,,,,,
carlstrom_phyllosphere_2019,10,ok,186,27,159,10,SPIEC-EASI,0.14516129032258066,0.49056603773584906,,,,,,
carlstrom_phyllosphere_2019,10,ok,186,27,159,10,LENS restricted,0.1599687510205453,0.487304914977871,True,lambda=10,2.0,8.0,0.0,0.0
carlstrom_phyllosphere_2019,10,ok,186,27,159,10,LENS distributed,0.12363970031117003,0.4109014675052411,False,lambda=10,3.0,7.0,0.18181818181818182,0.03225806451612903
carlstrom_phyllosphere_2019,10,ok,186,27,159,20,OneNet,0.1273394312838263,0.440251572327044,,,,,,
carlstrom_phyllosphere_2019,10,ok,186,27,159,20,Fixed mean,0.1599687510205453,0.487304914977871,,,,,,
carlstrom_phyllosphere_2019,10,ok,186,27,159,20,PLNNetwork,0.14516129032258066,0.5,,,,,,
carlstrom_phyllosphere_2019,10,ok,186,27,159,20,Poisson GLMNet,0.1560135404221426,0.523759608665269,,,,,,
carlstrom_phyllosphere_2019,10,ok,186,27,159,20,SparCC,0.14156699410853862,0.4661076170510132,,,,,,
carlstrom_phyllosphere_2019,10,ok,186,27,159,20,SPIEC-EASI,0.14516129032258066,0.49056603773584906,,,,,,
carlstrom_phyllosphere_2019,10,ok,186,27,159,20,LENS restricted,0.23215875324891455,0.5476356860004659,False,lambda=1,5.0,15.0,0.0,0.0
carlstrom_phyllosphere_2019,10,ok,186,27,159,20,LENS distributed,0.14821278161251644,0.4749592359655253,False,lambda=10,4.0,16.0,0.3181818181818182,0.11290322580645161
carlstrom_phyllosphere_2019,10,ok,186,27,159,50,OneNet,0.1273394312838263,0.440251572327044,,,,,,
carlstrom_phyllosphere_2019,10,ok,186,27,159,50,Fixed mean,0.1599687510205453,0.487304914977871,,,,,,
carlstrom_phyllosphere_2019,10,ok,186,27,159,50,PLNNetwork,0.14516129032258066,0.5,,,,,,
carlstrom_phyllosphere_2019,10,ok,186,27,159,50,Poisson GLMNet,0.1560135404221426,0.523759608665269,,,,,,
carlstrom_phyllosphere_2019,10,ok,186,27,159,50,SparCC,0.14156699410853862,0.4661076170510132,,,,,,
carlstrom_phyllosphere_2019,10,ok,186,27,159,50,SPIEC-EASI,0.14516129032258066,0.49056603773584906,,,,,,
carlstrom_phyllosphere_2019,10,ok,186,27,159,50,LENS restricted,0.17855841000335576,0.49895178197064993,False,lambda=10,6.0,44.0,0.0,0.0
carlstrom_phyllosphere_2019,10,ok,186,27,159,50,LENS distributed,0.19490961998509337,0.5229443279757744,False,lambda=10,9.0,41.0,0.6363636363636364,0.45698924731182794
carlstrom_phyllosphere_2019,10,ok,186,27,159,100,OneNet,0.1273394312838263,0.440251572327044,,,,,,
carlstrom_phyllosphere_2019,10,ok,186,27,159,100,Fixed mean,0.1599687510205453,0.487304914977871,,,,,,
carlstrom_phyllosphere_2019,10,ok,186,27,159,100,PLNNetwork,0.14516129032258066,0.5,,,,,,
carlstrom_phyllosphere_2019,10,ok,186,27,159,100,Poisson GLMNet,0.1560135404221426,0.523759608665269,,,,,,
carlstrom_phyllosphere_2019,10,ok,186,27,159,100,SparCC,0.14156699410853862,0.4661076170510132,,,,,,
carlstrom_phyllosphere_2019,10,ok,186,27,159,100,SPIEC-EASI,0.14516129032258066,0.49056603773584906,,,,,,
carlstrom_phyllosphere_2019,10,ok,186,27,159,100,LENS restricted,0.20134234012711655,0.6529233636151874,False,lambda=0.01,11.0,89.0,0.0,0.0
carlstrom_phyllosphere_2019,10,ok,186,27,159,100,LENS distributed,0.19032857285479352,0.5159562077801071,False,lambda=10,12.0,88.0,0.8181818181818182,0.7096774193548387
carlstrom_phyllosphere_2019,10,ok,186,27,159,200,OneNet,0.1273394312838263,0.440251572327044,,,,,,
carlstrom_phyllosphere_2019,10,ok,186,27,159,200,Fixed mean,0.1599687510205453,0.487304914977871,,,,,,
carlstrom_phyllosphere_2019,10,ok,186,27,159,200,PLNNetwork,0.14516129032258066,0.5,,,,,,
carlstrom_phyllosphere_2019,10,ok,186,27,159,200,Poisson GLMNet,0.1560135404221426,0.523759608665269,,,,,,
carlstrom_phyllosphere_2019,10,ok,186,27,159,200,SparCC,0.14156699410853862,0.4661076170510132,,,,,,
carlstrom_phyllosphere_2019,10,ok,186,27,159,200,SPIEC-EASI,0.14516129032258066,0.49056603773584906,,,,,,
carlstrom_phyllosphere_2019,10,ok,186,27,159,200,LENS restricted,0.24472525860764338,0.6063358956440718,False,lambda=0.01,23.0,177.0,0.0,0.0
carlstrom_phyllosphere_2019,10,ok,186,27,159,200,LENS distributed,0.20587498662172823,0.5413463778243651,False,lambda=10,25.0,175.0,1.0,1.0
carlstrom_phyllosphere_2019,10,ok,186,27,159,275,OneNet,0.1273394312838263,0.440251572327044,,,,,,
carlstrom_phyllosphere_2019,10,ok,186,27,159,275,Fixed mean,0.1599687510205453,0.487304914977871,,,,,,
carlstrom_phyllosphere_2019,10,ok,186,27,159,275,PLNNetwork,0.14516129032258066,0.5,,,,,,
carlstrom_phyllosphere_2019,10,ok,186,27,159,275,Poisson GLMNet,0.1560135404221426,0.523759608665269,,,,,,
carlstrom_phyllosphere_2019,10,ok,186,27,159,275,SparCC,0.14156699410853862,0.4661076170510132,,,,,,
carlstrom_phyllosphere_2019,10,ok,186,27,159,275,SPIEC-EASI,0.14516129032258066,0.49056603773584906,,,,,,
carlstrom_phyllosphere_2019,10,ok,186,27,159,275,LENS restricted,0.24241531549577072,0.6268343815513626,False,lambda=0.1,30.0,245.0,0.0,0.0
carlstrom_phyllosphere_2019,10,ok,186,27,159,275,LENS distributed,0.3171622071242999,0.6773817843000233,False,lambda=0.01,36.0,239.0,1.0,1.0
carlstrom_phyllosphere_2019,11,ok,165,30,135,5,OneNet,0.15710412089535977,0.41172839506172837,,,,,,
carlstrom_phyllosphere_2019,11,ok,165,30,135,5,Fixed mean,0.1683889443060959,0.4387654320987654,,,,,,
carlstrom_phyllosphere_2019,11,ok,165,30,135,5,PLNNetwork,0.18181818181818182,0.5,,,,,,
carlstrom_phyllosphere_2019,11,ok,165,30,135,5,Poisson GLMNet,0.20909090909090908,0.5166666666666667,,,,,,
carlstrom_phyllosphere_2019,11,ok,165,30,135,5,SparCC,0.16183814441461697,0.4207407407407407,,,,,,
carlstrom_phyllosphere_2019,11,ok,165,30,135,5,SPIEC-EASI,0.18181818181818182,0.4962962962962963,,,,,,
carlstrom_phyllosphere_2019,11,ok,165,30,135,5,LENS restricted,0.1683889443060959,0.4387654320987654,True,lambda=0.01,1.0,4.0,0.0,0.0
carlstrom_phyllosphere_2019,11,ok,165,30,135,5,LENS distributed,0.1683889443060959,0.4387654320987654,True,lambda=0.01,1.0,4.0,0.045454545454545456,0.0
carlstrom_phyllosphere_2019,11,ok,165,30,135,10,OneNet,0.15710412089535977,0.41172839506172837,,,,,,
carlstrom_phyllosphere_2019,11,ok,165,30,135,10,Fixed mean,0.1683889443060959,0.4387654320987654,,,,,,
carlstrom_phyllosphere_2019,11,ok,165,30,135,10,PLNNetwork,0.18181818181818182,0.5,,,,,,
carlstrom_phyllosphere_2019,11,ok,165,30,135,10,Poisson GLMNet,0.20909090909090908,0.5166666666666667,,,,,,
carlstrom_phyllosphere_2019,11,ok,165,30,135,10,SparCC,0.16183814441461697,0.4207407407407407,,,,,,
carlstrom_phyllosphere_2019,11,ok,165,30,135,10,SPIEC-EASI,0.18181818181818182,0.4962962962962963,,,,,,
carlstrom_phyllosphere_2019,11,ok,165,30,135,10,LENS restricted,0.1683889443060959,0.4387654320987654,True,lambda=0.01,1.0,9.0,0.0,0.0
carlstrom_phyllosphere_2019,11,ok,165,30,135,10,LENS distributed,0.1683889443060959,0.4387654320987654,True,lambda=10,2.0,8.0,0.13636363636363635,0.01818181818181818
carlstrom_phyllosphere_2019,11,ok,165,30,135,20,OneNet,0.15710412089535977,0.41172839506172837,,,,,,
carlstrom_phyllosphere_2019,11,ok,165,30,135,20,Fixed mean,0.1683889443060959,0.4387654320987654,,,,,,
carlstrom_phyllosphere_2019,11,ok,165,30,135,20,PLNNetwork,0.18181818181818182,0.5,,,,,,
carlstrom_phyllosphere_2019,11,ok,165,30,135,20,Poisson GLMNet,0.20909090909090908,0.5166666666666667,,,,,,
carlstrom_phyllosphere_2019,11,ok,165,30,135,20,SparCC,0.16183814441461697,0.4207407407407407,,,,,,
carlstrom_phyllosphere_2019,11,ok,165,30,135,20,SPIEC-EASI,0.18181818181818182,0.4962962962962963,,,,,,
carlstrom_phyllosphere_2019,11,ok,165,30,135,20,LENS restricted,0.1683889443060959,0.4387654320987654,True,lambda=0.01,1.0,19.0,0.0,0.0
carlstrom_phyllosphere_2019,11,ok,165,30,135,20,LENS distributed,0.1683889443060959,0.4387654320987654,True,lambda=10,2.0,18.0,0.3181818181818182,0.10909090909090909
carlstrom_phyllosphere_2019,11,ok,165,30,135,50,OneNet,0.15710412089535977,0.41172839506172837,,,,,,
carlstrom_phyllosphere_2019,11,ok,165,30,135,50,Fixed mean,0.1683889443060959,0.4387654320987654,,,,,,
carlstrom_phyllosphere_2019,11,ok,165,30,135,50,PLNNetwork,0.18181818181818182,0.5,,,,,,
carlstrom_phyllosphere_2019,11,ok,165,30,135,50,Poisson GLMNet,0.20909090909090908,0.5166666666666667,,,,,,
carlstrom_phyllosphere_2019,11,ok,165,30,135,50,SparCC,0.16183814441461697,0.4207407407407407,,,,,,
carlstrom_phyllosphere_2019,11,ok,165,30,135,50,SPIEC-EASI,0.18181818181818182,0.4962962962962963,,,,,,
carlstrom_phyllosphere_2019,11,ok,165,30,135,50,LENS restricted,0.20021240593879625,0.46074074074074073,False,lambda=10,3.0,47.0,0.0,0.0
carlstrom_phyllosphere_2019,11,ok,165,30,135,50,LENS distributed,0.1683889443060959,0.4387654320987654,True,lambda=10,2.0,48.0,0.5909090909090909,0.38181818181818183
carlstrom_phyllosphere_2019,11,ok,165,30,135,100,OneNet,0.15710412089535977,0.41172839506172837,,,,,,
carlstrom_phyllosphere_2019,11,ok,165,30,135,100,Fixed mean,0.1683889443060959,0.4387654320987654,,,,,,
carlstrom_phyllosphere_2019,11,ok,165,30,135,100,PLNNetwork,0.18181818181818182,0.5,,,,,,
carlstrom_phyllosphere_2019,11,ok,165,30,135,100,Poisson GLMNet,0.20909090909090908,0.5166666666666667,,,,,,
carlstrom_phyllosphere_2019,11,ok,165,30,135,100,SparCC,0.16183814441461697,0.4207407407407407,,,,,,
carlstrom_phyllosphere_2019,11,ok,165,30,135,100,SPIEC-EASI,0.18181818181818182,0.4962962962962963,,,,,,
carlstrom_phyllosphere_2019,11,ok,165,30,135,100,LENS restricted,0.2511532052867289,0.5483950617283951,False,lambda=0.01,9.0,91.0,0.0,0.0
carlstrom_phyllosphere_2019,11,ok,165,30,135,100,LENS distributed,0.2601799486798129,0.614320987654321,False,lambda=0.01,8.0,92.0,0.8181818181818182,0.7575757575757576
carlstrom_phyllosphere_2019,11,ok,165,30,135,200,OneNet,0.15710412089535977,0.41172839506172837,,,,,,
carlstrom_phyllosphere_2019,11,ok,165,30,135,200,Fixed mean,0.1683889443060959,0.4387654320987654,,,,,,
carlstrom_phyllosphere_2019,11,ok,165,30,135,200,PLNNetwork,0.18181818181818182,0.5,,,,,,
carlstrom_phyllosphere_2019,11,ok,165,30,135,200,Poisson GLMNet,0.20909090909090908,0.5166666666666667,,,,,,
carlstrom_phyllosphere_2019,11,ok,165,30,135,200,SparCC,0.16183814441461697,0.4207407407407407,,,,,,
carlstrom_phyllosphere_2019,11,ok,165,30,135,200,SPIEC-EASI,0.18181818181818182,0.4962962962962963,,,,,,
carlstrom_phyllosphere_2019,11,ok,165,30,135,200,LENS restricted,0.2230628799540711,0.560246913580247,False,lambda=0.1,14.0,186.0,0.0,0.0
carlstrom_phyllosphere_2019,11,ok,165,30,135,200,LENS distributed,0.21173965282362034,0.47530864197530864,False,lambda=10,18.0,182.0,1.0,1.0
carlstrom_phyllosphere_2019,11,ok,165,30,135,275,OneNet,0.15710412089535977,0.41172839506172837,,,,,,
carlstrom_phyllosphere_2019,11,ok,165,30,135,275,Fixed mean,0.1683889443060959,0.4387654320987654,,,,,,
carlstrom_phyllosphere_2019,11,ok,165,30,135,275,PLNNetwork,0.18181818181818182,0.5,,,,,,
carlstrom_phyllosphere_2019,11,ok,165,30,135,275,Poisson GLMNet,0.20909090909090908,0.5166666666666667,,,,,,
carlstrom_phyllosphere_2019,11,ok,165,30,135,275,SparCC,0.16183814441461697,0.4207407407407407,,,,,,
carlstrom_phyllosphere_2019,11,ok,165,30,135,275,SPIEC-EASI,0.18181818181818182,0.4962962962962963,,,,,,
carlstrom_phyllosphere_2019,11,ok,165,30,135,275,LENS restricted,0.23696709616536132,0.5765432098765433,False,lambda=0.1,22.0,253.0,0.0,0.0
carlstrom_phyllosphere_2019,11,ok,165,30,135,275,LENS distributed,0.25624131702697406,0.6024691358024693,False,lambda=0.1,26.0,249.0,1.0,1.0
carlstrom_phyllosphere_2019,12,ok,153,13,140,5,OneNet,0.08496777048032353,0.4151098901098901,,,,,,
carlstrom_phyllosphere_2019,12,ok,153,13,140,5,Fixed mean,0.08766271240459808,0.4851648351648352,,,,,,
carlstrom_phyllosphere_2019,12,ok,153,13,140,5,PLNNetwork,0.08496732026143791,0.5,,,,,,
carlstrom_phyllosphere_2019,12,ok,153,13,140,5,Poisson GLMNet,0.09766214177978885,0.5236263736263735,,,,,,
carlstrom_phyllosphere_2019,12,ok,153,13,140,5,SparCC,0.08286608164801372,0.45000000000000007,,,,,,
carlstrom_phyllosphere_2019,12,ok,153,13,140,5,SPIEC-EASI,0.11689291101055808,0.5280219780219779,,,,,,
carlstrom_phyllosphere_2019,12,ok,153,13,140,5,LENS restricted,0.08766271240459808,0.4851648351648352,True,lambda=0.01,0.0,5.0,0.0,0.0
carlstrom_phyllosphere_2019,12,ok,153,13,140,5,LENS distributed,0.08766271240459808,0.4851648351648352,True,lambda=0.01,1.0,4.0,0.13636363636363635,0.0196078431372549
carlstrom_phyllosphere_2019,12,ok,153,13,140,10,OneNet,0.08496777048032353,0.4151098901098901,,,,,,
carlstrom_phyllosphere_2019,12,ok,153,13,140,10,Fixed mean,0.08766271240459808,0.4851648351648352,,,,,,
carlstrom_phyllosphere_2019,12,ok,153,13,140,10,PLNNetwork,0.08496732026143791,0.5,,,,,,
carlstrom_phyllosphere_2019,12,ok,153,13,140,10,Poisson GLMNet,0.09766214177978885,0.5236263736263735,,,,,,
carlstrom_phyllosphere_2019,12,ok,153,13,140,10,SparCC,0.08286608164801372,0.45000000000000007,,,,,,
carlstrom_phyllosphere_2019,12,ok,153,13,140,10,SPIEC-EASI,0.11689291101055808,0.5280219780219779,,,,,,
carlstrom_phyllosphere_2019,12,ok,153,13,140,10,LENS restricted,0.08766271240459808,0.4851648351648352,True,lambda=0.01,1.0,9.0,0.0,0.0
carlstrom_phyllosphere_2019,12,ok,153,13,140,10,LENS distributed,0.08766271240459808,0.4851648351648352,True,lambda=0.01,1.0,9.0,0.2727272727272727,0.058823529411764705
carlstrom_phyllosphere_2019,12,ok,153,13,140,20,OneNet,0.08496777048032353,0.4151098901098901,,,,,,
carlstrom_phyllosphere_2019,12,ok,153,13,140,20,Fixed mean,0.08766271240459808,0.4851648351648352,,,,,,
carlstrom_phyllosphere_2019,12,ok,153,13,140,20,PLNNetwork,0.08496732026143791,0.5,,,,,,
carlstrom_phyllosphere_2019,12,ok,153,13,140,20,Poisson GLMNet,0.09766214177978885,0.5236263736263735,,,,,,
carlstrom_phyllosphere_2019,12,ok,153,13,140,20,SparCC,0.08286608164801372,0.45000000000000007,,,,,,
carlstrom_phyllosphere_2019,12,ok,153,13,140,20,SPIEC-EASI,0.11689291101055808,0.5280219780219779,,,,,,
carlstrom_phyllosphere_2019,12,ok,153,13,140,20,LENS restricted,0.08766271240459808,0.4851648351648352,True,lambda=10,2.0,18.0,0.0,0.0
carlstrom_phyllosphere_2019,12,ok,153,13,140,20,LENS distributed,0.0942862763449283,0.5131868131868133,False,lambda=10,3.0,17.0,0.4090909090909091,0.16993464052287582
carlstrom_phyllosphere_2019,12,ok,153,13,140,50,OneNet,0.08496777048032353,0.4151098901098901,,,,,,
carlstrom_phyllosphere_2019,12,ok,153,13,140,50,Fixed mean,0.08766271240459808,0.4851648351648352,,,,,,
carlstrom_phyllosphere_2019,12,ok,153,13,140,50,PLNNetwork,0.08496732026143791,0.5,,,,,,
carlstrom_phyllosphere_2019,12,ok,153,13,140,50,Poisson GLMNet,0.09766214177978885,0.5236263736263735,,,,,,
carlstrom_phyllosphere_2019,12,ok,153,13,140,50,SparCC,0.08286608164801372,0.45000000000000007,,,,,,
carlstrom_phyllosphere_2019,12,ok,153,13,140,50,SPIEC-EASI,0.11689291101055808,0.5280219780219779,,,,,,
carlstrom_phyllosphere_2019,12,ok,153,13,140,50,LENS restricted,0.16010573123914573,0.44670329670329667,False,lambda=1,5.0,45.0,0.0,0.0
carlstrom_phyllosphere_2019,12,ok,153,13,140,50,LENS distributed,0.08449394500685861,0.4978021978021978,False,lambda=10,5.0,45.0,0.7272727272727273,0.5490196078431373
carlstrom_phyllosphere_2019,12,ok,153,13,140,100,OneNet,0.08496777048032353,0.4151098901098901,,,,,,
carlstrom_phyllosphere_2019,12,ok,153,13,140,100,Fixed mean,0.08766271240459808,0.4851648351648352,,,,,,
carlstrom_phyllosphere_2019,12,ok,153,13,140,100,PLNNetwork,0.08496732026143791,0.5,,,,,,
carlstrom_phyllosphere_2019,12,ok,153,13,140,100,Poisson GLMNet,0.09766214177978885,0.5236263736263735,,,,,,
carlstrom_phyllosphere_2019,12,ok,153,13,140,100,SparCC,0.08286608164801372,0.45000000000000007,,,,,,
carlstrom_phyllosphere_2019,12,ok,153,13,140,100,SPIEC-EASI,0.11689291101055808,0.5280219780219779,,,,,,
carlstrom_phyllosphere_2019,12,ok,153,13,140,100,LENS restricted,0.09870582844542312,0.4604395604395604,False,lambda=1,13.0,87.0,0.0,0.0
carlstrom_phyllosphere_2019,12,ok,153,13,140,100,LENS distributed,0.08163201359888837,0.4774725274725275,False,lambda=10,11.0,89.0,0.8181818181818182,0.7058823529411765
carlstrom_phyllosphere_2019,12,ok,153,13,140,200,OneNet,0.08496777048032353,0.4151098901098901,,,,,,
carlstrom_phyllosphere_2019,12,ok,153,13,140,200,Fixed mean,0.08766271240459808,0.4851648351648352,,,,,,
carlstrom_phyllosphere_2019,12,ok,153,13,140,200,PLNNetwork,0.08496732026143791,0.5,,,,,,
carlstrom_phyllosphere_2019,12,ok,153,13,140,200,Poisson GLMNet,0.09766214177978885,0.5236263736263735,,,,,,
carlstrom_phyllosphere_2019,12,ok,153,13,140,200,SparCC,0.08286608164801372,0.45000000000000007,,,,,,
carlstrom_phyllosphere_2019,12,ok,153,13,140,200,SPIEC-EASI,0.11689291101055808,0.5280219780219779,,,,,,
carlstrom_phyllosphere_2019,12,ok,153,13,140,200,LENS restricted,0.15002540173304008,0.6181318681318682,False,lambda=0.01,27.0,173.0,0.0,0.0
carlstrom_phyllosphere_2019,12,ok,153,13,140,200,LENS distributed,0.22927454936518116,0.6390109890109891,False,lambda=0.1,27.0,173.0,0.9545454545454546,0.9411764705882353
carlstrom_phyllosphere_2019,12,ok,153,13,140,275,OneNet,0.08496777048032353,0.4151098901098901,,,,,,
carlstrom_phyllosphere_2019,12,ok,153,13,140,275,Fixed mean,0.08766271240459808,0.4851648351648352,,,,,,
carlstrom_phyllosphere_2019,12,ok,153,13,140,275,PLNNetwork,0.08496732026143791,0.5,,,,,,
carlstrom_phyllosphere_2019,12,ok,153,13,140,275,Poisson GLMNet,0.09766214177978885,0.5236263736263735,,,,,,
carlstrom_phyllosphere_2019,12,ok,153,13,140,275,SparCC,0.08286608164801372,0.45000000000000007,,,,,,
carlstrom_phyllosphere_2019,12,ok,153,13,140,275,SPIEC-EASI,0.11689291101055808,0.5280219780219779,,,,,,
carlstrom_phyllosphere_2019,12,ok,153,13,140,275,LENS restricted,0.10652983813546901,0.5851648351648352,False,lambda=1,35.0,240.0,0.0,0.0
carlstrom_phyllosphere_2019,12,ok,153,13,140,275,LENS distributed,0.19793622520380005,0.6857142857142858,False,lambda=0.01,39.0,236.0,0.9545454545454546,0.9411764705882353
carlstrom_phyllosphere_2019,13,ok,176,13,163,5,OneNet,0.08910644947606072,0.43157149598867395,,,,,,
carlstrom_phyllosphere_2019,13,ok,176,13,163,5,Fixed mean,0.19727754964840238,0.4884379424256725,,,,,,
carlstrom_phyllosphere_2019,13,ok,176,13,163,5,PLNNetwork,0.07386363636363637,0.5,,,,,,
carlstrom_phyllosphere_2019,13,ok,176,13,163,5,Poisson GLMNet,0.09382284382284384,0.5318546484190656,,,,,,
carlstrom_phyllosphere_2019,13,ok,176,13,163,5,SparCC,0.12369258760190187,0.4789995280792827,,,,,,
carlstrom_phyllosphere_2019,13,ok,176,13,163,5,SPIEC-EASI,0.07386363636363637,0.49693251533742333,,,,,,
carlstrom_phyllosphere_2019,13,ok,176,13,163,5,LENS restricted,0.19727754964840238,0.4884379424256725,True,lambda=0.01,0.0,5.0,0.0,0.0
carlstrom_phyllosphere_2019,13,ok,176,13,163,5,LENS distributed,0.19727754964840238,0.4884379424256725,True,lambda=0.01,1.0,4.0,0.18181818181818182,0.028409090909090908
carlstrom_phyllosphere_2019,13,ok,176,13,163,10,OneNet,0.08910644947606072,0.43157149598867395,,,,,,
carlstrom_phyllosphere_2019,13,ok,176,13,163,10,Fixed mean,0.19727754964840238,0.4884379424256725,,,,,,
carlstrom_phyllosphere_2019,13,ok,176,13,163,10,PLNNetwork,0.07386363636363637,0.5,,,,,,
carlstrom_phyllosphere_2019,13,ok,176,13,163,10,Poisson GLMNet,0.09382284382284384,0.5318546484190656,,,,,,
carlstrom_phyllosphere_2019,13,ok,176,13,163,10,SparCC,0.12369258760190187,0.4789995280792827,,,,,,
carlstrom_phyllosphere_2019,13,ok,176,13,163,10,SPIEC-EASI,0.07386363636363637,0.49693251533742333,,,,,,
carlstrom_phyllosphere_2019,13,ok,176,13,163,10,LENS restricted,0.19727754964840238,0.4884379424256725,True,lambda=0.01,0.0,10.0,0.0,0.0
carlstrom_phyllosphere_2019,13,ok,176,13,163,10,LENS distributed,0.19727754964840238,0.4884379424256725,True,lambda=10,2.0,8.0,0.3181818181818182,0.08522727272727272
carlstrom_phyllosphere_2019,13,ok,176,13,163,20,OneNet,0.08910644947606072,0.43157149598867395,,,,,,
carlstrom_phyllosphere_2019,13,ok,176,13,163,20,Fixed mean,0.19727754964840238,0.4884379424256725,,,,,,
carlstrom_phyllosphere_2019,13,ok,176,13,163,20,PLNNetwork,0.07386363636363637,0.5,,,,,,
carlstrom_phyllosphere_2019,13,ok,176,13,163,20,Poisson GLMNet,0.09382284382284384,0.5318546484190656,,,,,,
carlstrom_phyllosphere_2019,13,ok,176,13,163,20,SparCC,0.12369258760190187,0.4789995280792827,,,,,,
carlstrom_phyllosphere_2019,13,ok,176,13,163,20,SPIEC-EASI,0.07386363636363637,0.49693251533742333,,,,,,
carlstrom_phyllosphere_2019,13,ok,176,13,163,20,LENS restricted,0.19727754964840238,0.4884379424256725,True,lambda=10,2.0,18.0,0.0,0.0
carlstrom_phyllosphere_2019,13,ok,176,13,163,20,LENS distributed,0.19727754964840238,0.4884379424256725,True,lambda=10,2.0,18.0,0.45454545454545453,0.17045454545454544
carlstrom_phyllosphere_2019,13,ok,176,13,163,50,OneNet,0.08910644947606072,0.43157149598867395,,,,,,
carlstrom_phyllosphere_2019,13,ok,176,13,163,50,Fixed mean,0.19727754964840238,0.4884379424256725,,,,,,
carlstrom_phyllosphere_2019,13,ok,176,13,163,50,PLNNetwork,0.07386363636363637,0.5,,,,,,
carlstrom_phyllosphere_2019,13,ok,176,13,163,50,Poisson GLMNet,0.09382284382284384,0.5318546484190656,,,,,,
carlstrom_phyllosphere_2019,13,ok,176,13,163,50,SparCC,0.12369258760190187,0.4789995280792827,,,,,,
carlstrom_phyllosphere_2019,13,ok,176,13,163,50,SPIEC-EASI,0.07386363636363637,0.49693251533742333,,,,,,
carlstrom_phyllosphere_2019,13,ok,176,13,163,50,LENS restricted,0.16049753520743362,0.7102406795658329,False,lambda=0.01,7.0,43.0,0.0,0.0
carlstrom_phyllosphere_2019,13,ok,176,13,163,50,LENS distributed,0.10754218241296487,0.5497876356772062,False,lambda=0.1,4.0,46.0,0.7727272727272727,0.6534090909090909
carlstrom_phyllosphere_2019,13,ok,176,13,163,100,OneNet,0.08910644947606072,0.43157149598867395,,,,,,
carlstrom_phyllosphere_2019,13,ok,176,13,163,100,Fixed mean,0.19727754964840238,0.4884379424256725,,,,,,
carlstrom_phyllosphere_2019,13,ok,176,13,163,100,PLNNetwork,0.07386363636363637,0.5,,,,,,
carlstrom_phyllosphere_2019,13,ok,176,13,163,100,Poisson GLMNet,0.09382284382284384,0.5318546484190656,,,,,,
carlstrom_phyllosphere_2019,13,ok,176,13,163,100,SparCC,0.12369258760190187,0.4789995280792827,,,,,,
carlstrom_phyllosphere_2019,13,ok,176,13,163,100,SPIEC-EASI,0.07386363636363637,0.49693251533742333,,,,,,
carlstrom_phyllosphere_2019,13,ok,176,13,163,100,LENS restricted,0.13096008096620848,0.6668239735724398,False,lambda=0.01,15.0,85.0,0.0,0.0
carlstrom_phyllosphere_2019,13,ok,176,13,163,100,LENS distributed,0.166210076094949,0.6007550731477111,False,lambda=1,11.0,89.0,0.9090909090909091,0.875
carlstrom_phyllosphere_2019,13,ok,176,13,163,200,OneNet,0.08910644947606072,0.43157149598867395,,,,,,
carlstrom_phyllosphere_2019,13,ok,176,13,163,200,Fixed mean,0.19727754964840238,0.4884379424256725,,,,,,
carlstrom_phyllosphere_2019,13,ok,176,13,163,200,PLNNetwork,0.07386363636363637,0.5,,,,,,
carlstrom_phyllosphere_2019,13,ok,176,13,163,200,Poisson GLMNet,0.09382284382284384,0.5318546484190656,,,,,,
carlstrom_phyllosphere_2019,13,ok,176,13,163,200,SparCC,0.12369258760190187,0.4789995280792827,,,,,,
carlstrom_phyllosphere_2019,13,ok,176,13,163,200,SPIEC-EASI,0.07386363636363637,0.49693251533742333,,,,,,
carlstrom_phyllosphere_2019,13,ok,176,13,163,200,LENS restricted,0.14287894278218782,0.6781500707881076,False,lambda=0.1,25.0,175.0,0.0,0.0
carlstrom_phyllosphere_2019,13,ok,176,13,163,200,LENS distributed,0.26422227442484414,0.7394997640396413,False,lambda=1,25.0,175.0,1.0,1.0
carlstrom_phyllosphere_2019,13,ok,176,13,163,275,OneNet,0.08910644947606072,0.43157149598867395,,,,,,
carlstrom_phyllosphere_2019,13,ok,176,13,163,275,Fixed mean,0.19727754964840238,0.4884379424256725,,,,,,
carlstrom_phyllosphere_2019,13,ok,176,13,163,275,PLNNetwork,0.07386363636363637,0.5,,,,,,
carlstrom_phyllosphere_2019,13,ok,176,13,163,275,Poisson GLMNet,0.09382284382284384,0.5318546484190656,,,,,,
carlstrom_phyllosphere_2019,13,ok,176,13,163,275,SparCC,0.12369258760190187,0.4789995280792827,,,,,,
carlstrom_phyllosphere_2019,13,ok,176,13,163,275,SPIEC-EASI,0.07386363636363637,0.49693251533742333,,,,,,
carlstrom_phyllosphere_2019,13,ok,176,13,163,275,LENS restricted,0.11376100284288952,0.6536101934874942,False,lambda=0.01,36.0,239.0,0.0,0.0
carlstrom_phyllosphere_2019,13,ok,176,13,163,275,LENS distributed,0.17436906024222087,0.7277017461066542,False,lambda=0.1,39.0,236.0,1.0,1.0
carlstrom_phyllosphere_2019,14,ok,176,33,143,5,OneNet,0.15672711681759904,0.4078194532739987,,,,,,
carlstrom_phyllosphere_2019,14,ok,176,33,143,5,Fixed mean,0.14937340998834758,0.3962703962703963,,,,,,
carlstrom_phyllosphere_2019,14,ok,176,33,143,5,PLNNetwork,0.1875,0.5,,,,,,
carlstrom_phyllosphere_2019,14,ok,176,33,143,5,Poisson GLMNet,0.1875,0.48951048951048953,,,,,,
carlstrom_phyllosphere_2019,14,ok,176,33,143,5,SparCC,0.14968262669852822,0.3973299427844883,,,,,,
carlstrom_phyllosphere_2019,14,ok,176,33,143,5,SPIEC-EASI,0.1875,0.493006993006993,,,,,,
carlstrom_phyllosphere_2019,14,ok,176,33,143,5,LENS restricted,0.14937340998834758,0.3962703962703963,True,lambda=0.01,0.0,5.0,0.0,0.0
carlstrom_phyllosphere_2019,14,ok,176,33,143,5,LENS distributed,0.14937340998834758,0.3962703962703963,True,lambda=0.01,1.0,4.0,0.13636363636363635,0.017045454545454544
carlstrom_phyllosphere_2019,14,ok,176,33,143,10,OneNet,0.15672711681759904,0.4078194532739987,,,,,,
carlstrom_phyllosphere_2019,14,ok,176,33,143,10,Fixed mean,0.14937340998834758,0.3962703962703963,,,,,,
carlstrom_phyllosphere_2019,14,ok,176,33,143,10,PLNNetwork,0.1875,0.5,,,,,,
carlstrom_phyllosphere_2019,14,ok,176,33,143,10,Poisson GLMNet,0.1875,0.48951048951048953,,,,,,
carlstrom_phyllosphere_2019,14,ok,176,33,143,10,SparCC,0.14968262669852822,0.3973299427844883,,,,,,
carlstrom_phyllosphere_2019,14,ok,176,33,143,10,SPIEC-EASI,0.1875,0.493006993006993,,,,,,
carlstrom_phyllosphere_2019,14,ok,176,33,143,10,LENS restricted,0.14937340998834758,0.3962703962703963,True,lambda=0.01,0.0,10.0,0.0,0.0
carlstrom_phyllosphere_2019,14,ok,176,33,143,10,LENS distributed,0.14937340998834758,0.3962703962703963,True,lambda=0.01,1.0,9.0,0.22727272727272727,0.056818181818181816
carlstrom_phyllosphere_2019,14,ok,176,33,143,20,OneNet,0.15672711681759904,0.4078194532739987,,,,,,
carlstrom_phyllosphere_2019,14,ok,176,33,143,20,Fixed mean,0.14937340998834758,0.3962703962703963,,,,,,
carlstrom_phyllosphere_2019,14,ok,176,33,143,20,PLNNetwork,0.1875,0.5,,,,,,
carlstrom_phyllosphere_2019,14,ok,176,33,143,20,Poisson GLMNet,0.1875,0.48951048951048953,,,,,,
carlstrom_phyllosphere_2019,14,ok,176,33,143,20,SparCC,0.14968262669852822,0.3973299427844883,,,,,,
carlstrom_phyllosphere_2019,14,ok,176,33,143,20,SPIEC-EASI,0.1875,0.493006993006993,,,,,,
carlstrom_phyllosphere_2019,14,ok,176,33,143,20,LENS restricted,0.14937340998834758,0.3962703962703963,True,lambda=0.01,0.0,20.0,0.0,0.0
carlstrom_phyllosphere_2019,14,ok,176,33,143,20,LENS distributed,0.14937340998834758,0.3962703962703963,True,lambda=0.01,1.0,19.0,0.4090909090909091,0.20454545454545456
carlstrom_phyllosphere_2019,14,ok,176,33,143,50,OneNet,0.15672711681759904,0.4078194532739987,,,,,,
carlstrom_phyllosphere_2019,14,ok,176,33,143,50,Fixed mean,0.14937340998834758,0.3962703962703963,,,,,,
carlstrom_phyllosphere_2019,14,ok,176,33,143,50,PLNNetwork,0.1875,0.5,,,,,,
carlstrom_phyllosphere_2019,14,ok,176,33,143,50,Poisson GLMNet,0.1875,0.48951048951048953,,,,,,
carlstrom_phyllosphere_2019,14,ok,176,33,143,50,SparCC,0.14968262669852822,0.3973299427844883,,,,,,
carlstrom_phyllosphere_2019,14,ok,176,33,143,50,SPIEC-EASI,0.1875,0.493006993006993,,,,,,
carlstrom_phyllosphere_2019,14,ok,176,33,143,50,LENS restricted,0.14937340998834758,0.3962703962703963,True,lambda=10,2.0,48.0,0.0,0.0
carlstrom_phyllosphere_2019,14,ok,176,33,143,50,LENS distributed,0.16282634742253746,0.4532739987285442,False,lambda=10,4.0,46.0,0.6363636363636364,0.4602272727272727
carlstrom_phyllosphere_2019,14,ok,176,33,143,100,OneNet,0.15672711681759904,0.4078194532739987,,,,,,
carlstrom_phyllosphere_2019,14,ok,176,33,143,100,Fixed mean,0.14937340998834758,0.3962703962703963,,,,,,
carlstrom_phyllosphere_2019,14,ok,176,33,143,100,PLNNetwork,0.1875,0.5,,,,,,
carlstrom_phyllosphere_2019,14,ok,176,33,143,100,Poisson GLMNet,0.1875,0.48951048951048953,,,,,,
carlstrom_phyllosphere_2019,14,ok,176,33,143,100,SparCC,0.14968262669852822,0.3973299427844883,,,,,,
carlstrom_phyllosphere_2019,14,ok,176,33,143,100,SPIEC-EASI,0.1875,0.493006993006993,,,,,,
carlstrom_phyllosphere_2019,14,ok,176,33,143,100,LENS restricted,0.19264245386085074,0.5327399872854419,False,lambda=1,10.0,90.0,0.0,0.0
carlstrom_phyllosphere_2019,14,ok,176,33,143,100,LENS distributed,0.1547597567632487,0.419792328883238,False,lambda=10,12.0,88.0,0.9090909090909091,0.875
carlstrom_phyllosphere_2019,14,ok,176,33,143,200,OneNet,0.15672711681759904,0.4078194532739987,,,,,,
carlstrom_phyllosphere_2019,14,ok,176,33,143,200,Fixed mean,0.14937340998834758,0.3962703962703963,,,,,,
carlstrom_phyllosphere_2019,14,ok,176,33,143,200,PLNNetwork,0.1875,0.5,,,,,,
carlstrom_phyllosphere_2019,14,ok,176,33,143,200,Poisson GLMNet,0.1875,0.48951048951048953,,,,,,
carlstrom_phyllosphere_2019,14,ok,176,33,143,200,SparCC,0.14968262669852822,0.3973299427844883,,,,,,
carlstrom_phyllosphere_2019,14,ok,176,33,143,200,SPIEC-EASI,0.1875,0.493006993006993,,,,,,
carlstrom_phyllosphere_2019,14,ok,176,33,143,200,LENS restricted,0.22484056859259272,0.5696122059758423,False,lambda=0.1,16.0,184.0,0.0,0.0
carlstrom_phyllosphere_2019,14,ok,176,33,143,200,LENS distributed,0.24243046687787226,0.5912269548633184,False,lambda=0.1,23.0,177.0,1.0,1.0
carlstrom_phyllosphere_2019,14,ok,176,33,143,275,OneNet,0.15672711681759904,0.4078194532739987,,,,,,
carlstrom_phyllosphere_2019,14,ok,176,33,143,275,Fixed mean,0.14937340998834758,0.3962703962703963,,,,,,
carlstrom_phyllosphere_2019,14,ok,176,33,143,275,PLNNetwork,0.1875,0.5,,,,,,
carlstrom_phyllosphere_2019,14,ok,176,33,143,275,Poisson GLMNet,0.1875,0.48951048951048953,,,,,,
carlstrom_phyllosphere_2019,14,ok,176,33,143,275,SparCC,0.14968262669852822,0.3973299427844883,,,,,,
carlstrom_phyllosphere_2019,14,ok,176,33,143,275,SPIEC-EASI,0.1875,0.493006993006993,,,,,,
carlstrom_phyllosphere_2019,14,ok,176,33,143,275,LENS restricted,0.24386875593458024,0.5751218478491206,False,lambda=0.01,20.0,255.0,0.0,0.0
carlstrom_phyllosphere_2019,14,ok,176,33,143,275,LENS distributed,0.2143266245969741,0.5702479338842975,False,lambda=0.01,39.0,236.0,1.0,1.0
carlstrom_phyllosphere_2019,15,ok,153,17,136,5,OneNet,0.12554389043272787,0.5356833910034602,,,,,,
carlstrom_phyllosphere_2019,15,ok,153,17,136,5,Fixed mean,0.11912086540095485,0.5025951557093425,,,,,,
carlstrom_phyllosphere_2019,15,ok,153,17,136,5,PLNNetwork,0.1111111111111111,0.5,,,,,,
carlstrom_phyllosphere_2019,15,ok,153,17,136,5,Poisson GLMNet,0.1111111111111111,0.4852941176470588,,,,,,
carlstrom_phyllosphere_2019,15,ok,153,17,136,5,SparCC,0.12311468012141316,0.5056228373702422,,,,,,
carlstrom_phyllosphere_2019,15,ok,153,17,136,5,SPIEC-EASI,0.1111111111111111,0.49264705882352944,,,,,,
carlstrom_phyllosphere_2019,15,ok,153,17,136,5,LENS restricted,0.11912086540095485,0.5025951557093425,True,lambda=0.01,1.0,4.0,0.0,0.0
carlstrom_phyllosphere_2019,15,ok,153,17,136,5,LENS distributed,0.11912086540095485,0.5025951557093425,True,lambda=0.01,1.0,4.0,0.09090909090909091,0.006535947712418301
carlstrom_phyllosphere_2019,15,ok,153,17,136,10,OneNet,0.12554389043272787,0.5356833910034602,,,,,,
carlstrom_phyllosphere_2019,15,ok,153,17,136,10,Fixed mean,0.11912086540095485,0.5025951557093425,,,,,,
carlstrom_phyllosphere_2019,15,ok,153,17,136,10,PLNNetwork,0.1111111111111111,0.5,,,,,,
carlstrom_phyllosphere_2019,15,ok,153,17,136,10,Poisson GLMNet,0.1111111111111111,0.4852941176470588,,,,,,
carlstrom_phyllosphere_2019,15,ok,153,17,136,10,SparCC,0.12311468012141316,0.5056228373702422,,,,,,
carlstrom_phyllosphere_2019,15,ok,153,17,136,10,SPIEC-EASI,0.1111111111111111,0.49264705882352944,,,,,,
carlstrom_phyllosphere_2019,15,ok,153,17,136,10,LENS restricted,0.11912086540095485,0.5025951557093425,True,lambda=0.01,1.0,9.0,0.0,0.0
carlstrom_phyllosphere_2019,15,ok,153,17,136,10,LENS distributed,0.11912086540095485,0.5025951557093425,True,lambda=0.01,1.0,9.0,0.18181818181818182,0.0392156862745098
carlstrom_phyllosphere_2019,15,ok,153,17,136,20,OneNet,0.12554389043272787,0.5356833910034602,,,,,,
carlstrom_phyllosphere_2019,15,ok,153,17,136,20,Fixed mean,0.11912086540095485,0.5025951557093425,,,,,,
carlstrom_phyllosphere_2019,15,ok,153,17,136,20,PLNNetwork,0.1111111111111111,0.5,,,,,,
carlstrom_phyllosphere_2019,15,ok,153,17,136,20,Poisson GLMNet,0.1111111111111111,0.4852941176470588,,,,,,
carlstrom_phyllosphere_2019,15,ok,153,17,136,20,SparCC,0.12311468012141316,0.5056228373702422,,,,,,
carlstrom_phyllosphere_2019,15,ok,153,17,136,20,SPIEC-EASI,0.1111111111111111,0.49264705882352944,,,,,,
carlstrom_phyllosphere_2019,15,ok,153,17,136,20,LENS restricted,0.13467927332251278,0.5428200692041523,False,lambda=10,3.0,17.0,0.0,0.0
carlstrom_phyllosphere_2019,15,ok,153,17,136,20,LENS distributed,0.0952580315780786,0.40830449826989623,False,lambda=10,4.0,16.0,0.4090909090909091,0.19607843137254902
carlstrom_phyllosphere_2019,15,ok,153,17,136,50,OneNet,0.12554389043272787,0.5356833910034602,,,,,,
carlstrom_phyllosphere_2019,15,ok,153,17,136,50,Fixed mean,0.11912086540095485,0.5025951557093425,,,,,,
carlstrom_phyllosphere_2019,15,ok,153,17,136,50,PLNNetwork,0.1111111111111111,0.5,,,,,,
carlstrom_phyllosphere_2019,15,ok,153,17,136,50,Poisson GLMNet,0.1111111111111111,0.4852941176470588,,,,,,
carlstrom_phyllosphere_2019,15,ok,153,17,136,50,SparCC,0.12311468012141316,0.5056228373702422,,,,,,
carlstrom_phyllosphere_2019,15,ok,153,17,136,50,SPIEC-EASI,0.1111111111111111,0.49264705882352944,,,,,,
carlstrom_phyllosphere_2019,15,ok,153,17,136,50,LENS restricted,0.11392914347294589,0.4826989619377163,False,lambda=10,6.0,44.0,0.0,0.0
carlstrom_phyllosphere_2019,15,ok,153,17,136,50,LENS distributed,0.10525224740203765,0.44766435986159164,False,lambda=0.1,9.0,41.0,0.8636363636363636,0.8235294117647058
carlstrom_phyllosphere_2019,15,ok,153,17,136,100,OneNet,0.12554389043272787,0.5356833910034602,,,,,,
carlstrom_phyllosphere_2019,15,ok,153,17,136,100,Fixed mean,0.11912086540095485,0.5025951557093425,,,,,,
carlstrom_phyllosphere_2019,15,ok,153,17,136,100,PLNNetwork,0.1111111111111111,0.5,,,,,,
carlstrom_phyllosphere_2019,15,ok,153,17,136,100,Poisson GLMNet,0.1111111111111111,0.4852941176470588,,,,,,
carlstrom_phyllosphere_2019,15,ok,153,17,136,100,SparCC,0.12311468012141316,0.5056228373702422,,,,,,
carlstrom_phyllosphere_2019,15,ok,153,17,136,100,SPIEC-EASI,0.1111111111111111,0.49264705882352944,,,,,,
carlstrom_phyllosphere_2019,15,ok,153,17,136,100,LENS restricted,0.19222553296934872,0.5895328719723183,False,lambda=0.01,14.0,86.0,0.0,0.0
carlstrom_phyllosphere_2019,15,ok,153,17,136,100,LENS distributed,0.10745717304192907,0.4493944636678201,False,lambda=0.01,11.0,89.0,0.9545454545454546,0.9411764705882353
carlstrom_phyllosphere_2019,15,ok,153,17,136,200,OneNet,0.12554389043272787,0.5356833910034602,,,,,,
carlstrom_phyllosphere_2019,15,ok,153,17,136,200,Fixed mean,0.11912086540095485,0.5025951557093425,,,,,,
carlstrom_phyllosphere_2019,15,ok,153,17,136,200,PLNNetwork,0.1111111111111111,0.5,,,,,,
carlstrom_phyllosphere_2019,15,ok,153,17,136,200,Poisson GLMNet,0.1111111111111111,0.4852941176470588,,,,,,
carlstrom_phyllosphere_2019,15,ok,153,17,136,200,SparCC,0.12311468012141316,0.5056228373702422,,,,,,
carlstrom_phyllosphere_2019,15,ok,153,17,136,200,SPIEC-EASI,0.1111111111111111,0.49264705882352944,,,,,,
carlstrom_phyllosphere_2019,15,ok,153,17,136,200,LENS restricted,0.16252146662503902,0.6193771626297577,False,lambda=1,32.0,168.0,0.0,0.0
carlstrom_phyllosphere_2019,15,ok,153,17,136,200,LENS distributed,0.1246705098737595,0.5237889273356402,False,lambda=0.01,26.0,174.0,1.0,1.0
carlstrom_phyllosphere_2019,15,ok,153,17,136,275,OneNet,0.12554389043272787,0.5356833910034602,,,,,,
carlstrom_phyllosphere_2019,15,ok,153,17,136,275,Fixed mean,0.11912086540095485,0.5025951557093425,,,,,,
carlstrom_phyllosphere_2019,15,ok,153,17,136,275,PLNNetwork,0.1111111111111111,0.5,,,,,,
carlstrom_phyllosphere_2019,15,ok,153,17,136,275,Poisson GLMNet,0.1111111111111111,0.4852941176470588,,,,,,
carlstrom_phyllosphere_2019,15,ok,153,17,136,275,SparCC,0.12311468012141316,0.5056228373702422,,,,,,
carlstrom_phyllosphere_2019,15,ok,153,17,136,275,SPIEC-EASI,0.1111111111111111,0.49264705882352944,,,,,,
carlstrom_phyllosphere_2019,15,ok,153,17,136,275,LENS restricted,0.1704105023868384,0.6042387543252595,False,lambda=0.1,38.0,237.0,0.0,0.0
carlstrom_phyllosphere_2019,15,ok,153,17,136,275,LENS distributed,0.20873611018109803,0.5717993079584776,False,lambda=0.01,38.0,237.0,1.0,1.0
carlstrom_phyllosphere_2019,16,ok,140,7,133,5,OneNet,0.0515454343983611,0.4113856068743287,,,,,,
carlstrom_phyllosphere_2019,16,ok,140,7,133,5,Fixed mean,0.055744111876196545,0.5112781954887218,,,,,,
carlstrom_phyllosphere_2019,16,ok,140,7,133,5,PLNNetwork,0.05,0.5,,,,,,
carlstrom_phyllosphere_2019,16,ok,140,7,133,5,Poisson GLMNet,0.05,0.4924812030075188,,,,,,
carlstrom_phyllosphere_2019,16,ok,140,7,133,5,SparCC,0.05619235827202665,0.5134264232008593,,,,,,
carlstrom_phyllosphere_2019,16,ok,140,7,133,5,SPIEC-EASI,0.05,0.4887218045112782,,,,,,
carlstrom_phyllosphere_2019,16,ok,140,7,133,5,LENS restricted,0.055744111876196545,0.5112781954887218,True,lambda=10,2.0,3.0,0.0,0.0
carlstrom_phyllosphere_2019,16,ok,140,7,133,5,LENS distributed,0.055744111876196545,0.5112781954887218,True,lambda=10,2.0,3.0,0.13636363636363635,0.02142857142857143
carlstrom_phyllosphere_2019,16,ok,140,7,133,10,OneNet,0.0515454343983611,0.4113856068743287,,,,,,
carlstrom_phyllosphere_2019,16,ok,140,7,133,10,Fixed mean,0.055744111876196545,0.5112781954887218,,,,,,
carlstrom_phyllosphere_2019,16,ok,140,7,133,10,PLNNetwork,0.05,0.5,,,,,,
carlstrom_phyllosphere_2019,16,ok,140,7,133,10,Poisson GLMNet,0.05,0.4924812030075188,,,,,,
carlstrom_phyllosphere_2019,16,ok,140,7,133,10,SparCC,0.05619235827202665,0.5134264232008593,,,,,,
carlstrom_phyllosphere_2019,16,ok,140,7,133,10,SPIEC-EASI,0.05,0.4887218045112782,,,,,,
carlstrom_phyllosphere_2019,16,ok,140,7,133,10,LENS restricted,0.04977767940914682,0.4672395273899033,False,lambda=10,4.0,6.0,0.0,0.0
carlstrom_phyllosphere_2019,16,ok,140,7,133,10,LENS distributed,0.055744111876196545,0.5112781954887218,True,lambda=10,2.0,8.0,0.2727272727272727,0.08571428571428572
carlstrom_phyllosphere_2019,16,ok,140,7,133,20,OneNet,0.0515454343983611,0.4113856068743287,,,,,,
carlstrom_phyllosphere_2019,16,ok,140,7,133,20,Fixed mean,0.055744111876196545,0.5112781954887218,,,,,,
carlstrom_phyllosphere_2019,16,ok,140,7,133,20,PLNNetwork,0.05,0.5,,,,,,
carlstrom_phyllosphere_2019,16,ok,140,7,133,20,Poisson GLMNet,0.05,0.4924812030075188,,,,,,
carlstrom_phyllosphere_2019,16,ok,140,7,133,20,SparCC,0.05619235827202665,0.5134264232008593,,,,,,
carlstrom_phyllosphere_2019,16,ok,140,7,133,20,SPIEC-EASI,0.05,0.4887218045112782,,,,,,
carlstrom_phyllosphere_2019,16,ok,140,7,133,20,LENS restricted,0.07273797815684085,0.5907626208378088,False,lambda=10,5.0,15.0,0.0,0.0
carlstrom_phyllosphere_2019,16,ok,140,7,133,20,LENS distributed,0.0654295033922316,0.5853920515574651,False,lambda=10,4.0,16.0,0.45454545454545453,0.21428571428571427
carlstrom_phyllosphere_2019,16,ok,140,7,133,50,OneNet,0.0515454343983611,0.4113856068743287,,,,,,
carlstrom_phyllosphere_2019,16,ok,140,7,133,50,Fixed mean,0.055744111876196545,0.5112781954887218,,,,,,
carlstrom_phyllosphere_2019,16,ok,140,7,133,50,PLNNetwork,0.05,0.5,,,,,,
carlstrom_phyllosphere_2019,16,ok,140,7,133,50,Poisson GLMNet,0.05,0.4924812030075188,,,,,,
carlstrom_phyllosphere_2019,16,ok,140,7,133,50,SparCC,0.05619235827202665,0.5134264232008593,,,,,,
carlstrom_phyllosphere_2019,16,ok,140,7,133,50,SPIEC-EASI,0.05,0.4887218045112782,,,,,,
carlstrom_phyllosphere_2019,16,ok,140,7,133,50,LENS restricted,0.07011546394757287,0.5789473684210527,False,lambda=10,12.0,38.0,0.0,0.0
carlstrom_phyllosphere_2019,16,ok,140,7,133,50,LENS distributed,0.06998727726451387,0.5767991407089151,False,lambda=10,8.0,42.0,0.7727272727272727,0.7142857142857143
carlstrom_phyllosphere_2019,16,ok,140,7,133,100,OneNet,0.0515454343983611,0.4113856068743287,,,,,,
carlstrom_phyllosphere_2019,16,ok,140,7,133,100,Fixed mean,0.055744111876196545,0.5112781954887218,,,,,,
carlstrom_phyllosphere_2019,16,ok,140,7,133,100,PLNNetwork,0.05,0.5,,,,,,
carlstrom_phyllosphere_2019,16,ok,140,7,133,100,Poisson GLMNet,0.05,0.4924812030075188,,,,,,
carlstrom_phyllosphere_2019,16,ok,140,7,133,100,SparCC,0.05619235827202665,0.5134264232008593,,,,,,
carlstrom_phyllosphere_2019,16,ok,140,7,133,100,SPIEC-EASI,0.05,0.4887218045112782,,,,,,
carlstrom_phyllosphere_2019,16,ok,140,7,133,100,LENS restricted,0.11534633109226165,0.686358754027927,False,lambda=1,17.0,83.0,0.0,0.0
carlstrom_phyllosphere_2019,16,ok,140,7,133,100,LENS distributed,0.06355215568467644,0.5617615467239527,False,lambda=10,16.0,84.0,0.9090909090909091,0.8857142857142857
carlstrom_phyllosphere_2019,16,ok,140,7,133,200,OneNet,0.0515454343983611,0.4113856068743287,,,,,,
carlstrom_phyllosphere_2019,16,ok,140,7,133,200,Fixed mean,0.055744111876196545,0.5112781954887218,,,,,,
carlstrom_phyllosphere_2019,16,ok,140,7,133,200,PLNNetwork,0.05,0.5,,,,,,
carlstrom_phyllosphere_2019,16,ok,140,7,133,200,Poisson GLMNet,0.05,0.4924812030075188,,,,,,
carlstrom_phyllosphere_2019,16,ok,140,7,133,200,SparCC,0.05619235827202665,0.5134264232008593,,,,,,
carlstrom_phyllosphere_2019,16,ok,140,7,133,200,SPIEC-EASI,0.05,0.4887218045112782,,,,,,
carlstrom_phyllosphere_2019,16,ok,140,7,133,200,LENS restricted,0.11182706465894704,0.6380236305048335,False,lambda=0.01,32.0,168.0,0.0,0.0
carlstrom_phyllosphere_2019,16,ok,140,7,133,200,LENS distributed,0.10523934851610407,0.7003222341568207,False,lambda=1,27.0,173.0,1.0,1.0
carlstrom_phyllosphere_2019,16,ok,140,7,133,275,OneNet,0.0515454343983611,0.4113856068743287,,,,,,
carlstrom_phyllosphere_2019,16,ok,140,7,133,275,Fixed mean,0.055744111876196545,0.5112781954887218,,,,,,
carlstrom_phyllosphere_2019,16,ok,140,7,133,275,PLNNetwork,0.05,0.5,,,,,,
carlstrom_phyllosphere_2019,16,ok,140,7,133,275,Poisson GLMNet,0.05,0.4924812030075188,,,,,,
carlstrom_phyllosphere_2019,16,ok,140,7,133,275,SparCC,0.05619235827202665,0.5134264232008593,,,,,,
carlstrom_phyllosphere_2019,16,ok,140,7,133,275,SPIEC-EASI,0.05,0.4887218045112782,,,,,,
carlstrom_phyllosphere_2019,16,ok,140,7,133,275,LENS restricted,0.11399418106258946,0.6272824919441461,False,lambda=0.01,47.0,228.0,0.0,0.0
carlstrom_phyllosphere_2019,16,ok,140,7,133,275,LENS distributed,0.13442554177848295,0.7583243823845328,False,lambda=0.01,33.0,242.0,1.0,1.0
carlstrom_phyllosphere_2019,17,ok,176,24,152,5,OneNet,0.12502924009205557,0.45285087719298245,,,,,,
carlstrom_phyllosphere_2019,17,ok,176,24,152,5,Fixed mean,0.15888513283934397,0.5101425438596492,,,,,,
carlstrom_phyllosphere_2019,17,ok,176,24,152,5,PLNNetwork,0.13636363636363635,0.5,,,,,,
carlstrom_phyllosphere_2019,17,ok,176,24,152,5,Poisson GLMNet,0.1495761183261183,0.540296052631579,,,,,,
carlstrom_phyllosphere_2019,17,ok,176,24,152,5,SparCC,0.13677223276053407,0.47395833333333337,,,,,,
carlstrom_phyllosphere_2019,17,ok,176,24,152,5,SPIEC-EASI,0.13636363636363635,0.4967105263157895,,,,,,
carlstrom_phyllosphere_2019,17,ok,176,24,152,5,LENS restricted,0.15888513283934397,0.5101425438596492,True,lambda=10,2.0,3.0,0.0,0.0
carlstrom_phyllosphere_2019,17,ok,176,24,152,5,LENS distributed,0.15888513283934397,0.5101425438596492,True,lambda=0.01,1.0,4.0,0.13636363636363635,0.017045454545454544
carlstrom_phyllosphere_2019,17,ok,176,24,152,10,OneNet,0.12502924009205557,0.45285087719298245,,,,,,
carlstrom_phyllosphere_2019,17,ok,176,24,152,10,Fixed mean,0.15888513283934397,0.5101425438596492,,,,,,
carlstrom_phyllosphere_2019,17,ok,176,24,152,10,PLNNetwork,0.13636363636363635,0.5,,,,,,
carlstrom_phyllosphere_2019,17,ok,176,24,152,10,Poisson GLMNet,0.1495761183261183,0.540296052631579,,,,,,
carlstrom_phyllosphere_2019,17,ok,176,24,152,10,SparCC,0.13677223276053407,0.47395833333333337,,,,,,
carlstrom_phyllosphere_2019,17,ok,176,24,152,10,SPIEC-EASI,0.13636363636363635,0.4967105263157895,,,,,,
carlstrom_phyllosphere_2019,17,ok,176,24,152,10,LENS restricted,0.18020462860973402,0.5833333333333334,False,lambda=10,3.0,7.0,0.0,0.0
carlstrom_phyllosphere_2019,17,ok,176,24,152,10,LENS distributed,0.15888513283934397,0.5101425438596492,True,lambda=0.01,1.0,9.0,0.22727272727272727,0.056818181818181816
carlstrom_phyllosphere_2019,17,ok,176,24,152,20,OneNet,0.12502924009205557,0.45285087719298245,,,,,,
carlstrom_phyllosphere_2019,17,ok,176,24,152,20,Fixed mean,0.15888513283934397,0.5101425438596492,,,,,,
carlstrom_phyllosphere_2019,17,ok,176,24,152,20,PLNNetwork,0.13636363636363635,0.5,,,,,,
carlstrom_phyllosphere_2019,17,ok,176,24,152,20,Poisson GLMNet,0.1495761183261183,0.540296052631579,,,,,,
carlstrom_phyllosphere_2019,17,ok,176,24,152,20,SparCC,0.13677223276053407,0.47395833333333337,,,,,,
carlstrom_phyllosphere_2019,17,ok,176,24,152,20,SPIEC-EASI,0.13636363636363635,0.4967105263157895,,,,,,
carlstrom_phyllosphere_2019,17,ok,176,24,152,20,LENS restricted,0.2069132965147473,0.6606359649122807,False,lambda=1,4.0,16.0,0.0,0.0
carlstrom_phyllosphere_2019,17,ok,176,24,152,20,LENS distributed,0.15347620094302872,0.5205592105263157,False,lambda=10,3.0,17.0,0.4090909090909091,0.20454545454545456
carlstrom_phyllosphere_2019,17,ok,176,24,152,50,OneNet,0.12502924009205557,0.45285087719298245,,,,,,
carlstrom_phyllosphere_2019,17,ok,176,24,152,50,Fixed mean,0.15888513283934397,0.5101425438596492,,,,,,
carlstrom_phyllosphere_2019,17,ok,176,24,152,50,PLNNetwork,0.13636363636363635,0.5,,,,,,
carlstrom_phyllosphere_2019,17,ok,176,24,152,50,Poisson GLMNet,0.1495761183261183,0.540296052631579,,,,,,
carlstrom_phyllosphere_2019,17,ok,176,24,152,50,SparCC,0.13677223276053407,0.47395833333333337,,,,,,
carlstrom_phyllosphere_2019,17,ok,176,24,152,50,SPIEC-EASI,0.13636363636363635,0.4967105263157895,,,,,,
carlstrom_phyllosphere_2019,17,ok,176,24,152,50,LENS restricted,0.16287015840708996,0.5304276315789473,False,lambda=10,7.0,43.0,0.0,0.0
carlstrom_phyllosphere_2019,17,ok,176,24,152,50,LENS distributed,0.16951793326892894,0.5592105263157895,False,lambda=0.01,4.0,46.0,0.6363636363636364,0.48295454545454547
carlstrom_phyllosphere_2019,17,ok,176,24,152,100,OneNet,0.12502924009205557,0.45285087719298245,,,,,,
carlstrom_phyllosphere_2019,17,ok,176,24,152,100,Fixed mean,0.15888513283934397,0.5101425438596492,,,,,,
carlstrom_phyllosphere_2019,17,ok,176,24,152,100,PLNNetwork,0.13636363636363635,0.5,,,,,,
carlstrom_phyllosphere_2019,17,ok,176,24,152,100,Poisson GLMNet,0.1495761183261183,0.540296052631579,,,,,,
carlstrom_phyllosphere_2019,17,ok,176,24,152,100,SparCC,0.13677223276053407,0.47395833333333337,,,,,,
carlstrom_phyllosphere_2019,17,ok,176,24,152,100,SPIEC-EASI,0.13636363636363635,0.4967105263157895,,,,,,
carlstrom_phyllosphere_2019,17,ok,176,24,152,100,LENS restricted,0.18034150713905434,0.5586622807017543,False,lambda=0.01,13.0,87.0,0.0,0.0
carlstrom_phyllosphere_2019,17,ok,176,24,152,100,LENS distributed,0.16144181955630166,0.5164473684210527,False,lambda=10,10.0,90.0,0.8181818181818182,0.75
carlstrom_phyllosphere_2019,17,ok,176,24,152,200,OneNet,0.12502924009205557,0.45285087719298245,,,,,,
carlstrom_phyllosphere_2019,17,ok,176,24,152,200,Fixed mean,0.15888513283934397,0.5101425438596492,,,,,,
carlstrom_phyllosphere_2019,17,ok,176,24,152,200,PLNNetwork,0.13636363636363635,0.5,,,,,,
carlstrom_phyllosphere_2019,17,ok,176,24,152,200,Poisson GLMNet,0.1495761183261183,0.540296052631579,,,,,,
carlstrom_phyllosphere_2019,17,ok,176,24,152,200,SparCC,0.13677223276053407,0.47395833333333337,,,,,,
carlstrom_phyllosphere_2019,17,ok,176,24,152,200,SPIEC-EASI,0.13636363636363635,0.4967105263157895,,,,,,
carlstrom_phyllosphere_2019,17,ok,176,24,152,200,LENS restricted,0.16626821045864865,0.5427631578947368,False,lambda=0.01,22.0,178.0,0.0,0.0
carlstrom_phyllosphere_2019,17,ok,176,24,152,200,LENS distributed,0.19133064395286004,0.6115679824561404,False,lambda=0.1,26.0,174.0,1.0,1.0
carlstrom_phyllosphere_2019,17,ok,176,24,152,275,OneNet,0.12502924009205557,0.45285087719298245,,,,,,
carlstrom_phyllosphere_2019,17,ok,176,24,152,275,Fixed mean,0.15888513283934397,0.5101425438596492,,,,,,
carlstrom_phyllosphere_2019,17,ok,176,24,152,275,PLNNetwork,0.13636363636363635,0.5,,,,,,
carlstrom_phyllosphere_2019,17,ok,176,24,152,275,Poisson GLMNet,0.1495761183261183,0.540296052631579,,,,,,
carlstrom_phyllosphere_2019,17,ok,176,24,152,275,SparCC,0.13677223276053407,0.47395833333333337,,,,,,
carlstrom_phyllosphere_2019,17,ok,176,24,152,275,SPIEC-EASI,0.13636363636363635,0.4967105263157895,,,,,,
carlstrom_phyllosphere_2019,17,ok,176,24,152,275,LENS restricted,0.2221257487073256,0.6477521929824561,False,lambda=0.01,31.0,244.0,0.0,0.0
carlstrom_phyllosphere_2019,17,ok,176,24,152,275,LENS distributed,0.17750079684813638,0.6060855263157894,False,lambda=0.1,32.0,243.0,1.0,1.0
carlstrom_phyllosphere_2019,18,ok,186,28,158,5,OneNet,0.14018225859039313,0.4672242314647378,,,,,,
carlstrom_phyllosphere_2019,18,ok,186,28,158,5,Fixed mean,0.1401357903879883,0.43603074141048825,,,,,,
carlstrom_phyllosphere_2019,18,ok,186,28,158,5,PLNNetwork,0.15053763440860216,0.5,,,,,,
carlstrom_phyllosphere_2019,18,ok,186,28,158,5,Poisson GLMNet,0.14962557603686638,0.4918625678119349,,,,,,
carlstrom_phyllosphere_2019,18,ok,186,28,158,5,SparCC,0.13521599174405066,0.4373869801084991,,,,,,
carlstrom_phyllosphere_2019,18,ok,186,28,158,5,SPIEC-EASI,0.18087557603686638,0.5087025316455697,,,,,,
carlstrom_phyllosphere_2019,18,ok,186,28,158,5,LENS restricted,0.1401357903879883,0.43603074141048825,True,lambda=0.01,0.0,5.0,0.0,0.0
carlstrom_phyllosphere_2019,18,ok,186,28,158,5,LENS distributed,0.1401357903879883,0.43603074141048825,True,lambda=0.01,1.0,4.0,0.09090909090909091,0.005376344086021506
carlstrom_phyllosphere_2019,18,ok,186,28,158,10,OneNet,0.14018225859039313,0.4672242314647378,,,,,,
carlstrom_phyllosphere_2019,18,ok,186,28,158,10,Fixed mean,0.1401357903879883,0.43603074141048825,,,,,,
carlstrom_phyllosphere_2019,18,ok,186,28,158,10,PLNNetwork,0.15053763440860216,0.5,,,,,,
carlstrom_phyllosphere_2019,18,ok,186,28,158,10,Poisson GLMNet,0.14962557603686638,0.4918625678119349,,,,,,
carlstrom_phyllosphere_2019,18,ok,186,28,158,10,SparCC,0.13521599174405066,0.4373869801084991,,,,,,
carlstrom_phyllosphere_2019,18,ok,186,28,158,10,SPIEC-EASI,0.18087557603686638,0.5087025316455697,,,,,,
carlstrom_phyllosphere_2019,18,ok,186,28,158,10,LENS restricted,0.1401357903879883,0.43603074141048825,True,lambda=0.01,0.0,10.0,0.0,0.0
carlstrom_phyllosphere_2019,18,ok,186,28,158,10,LENS distributed,0.1401357903879883,0.43603074141048825,True,lambda=10,2.0,8.0,0.2727272727272727,0.08064516129032258
carlstrom_phyllosphere_2019,18,ok,186,28,158,20,OneNet,0.14018225859039313,0.4672242314647378,,,,,,
carlstrom_phyllosphere_2019,18,ok,186,28,158,20,Fixed mean,0.1401357903879883,0.43603074141048825,,,,,,
carlstrom_phyllosphere_2019,18,ok,186,28,158,20,PLNNetwork,0.15053763440860216,0.5,,,,,,
carlstrom_phyllosphere_2019,18,ok,186,28,158,20,Poisson GLMNet,0.14962557603686638,0.4918625678119349,,,,,,
carlstrom_phyllosphere_2019,18,ok,186,28,158,20,SparCC,0.13521599174405066,0.4373869801084991,,,,,,
carlstrom_phyllosphere_2019,18,ok,186,28,158,20,SPIEC-EASI,0.18087557603686638,0.5087025316455697,,,,,,
carlstrom_phyllosphere_2019,18,ok,186,28,158,20,LENS restricted,0.1401357903879883,0.43603074141048825,True,lambda=0.01,1.0,19.0,0.0,0.0
carlstrom_phyllosphere_2019,18,ok,186,28,158,20,LENS distributed,0.1401357903879883,0.43603074141048825,True,lambda=10,2.0,18.0,0.4090909090909091,0.1881720430107527
carlstrom_phyllosphere_2019,18,ok,186,28,158,50,OneNet,0.14018225859039313,0.4672242314647378,,,,,,
carlstrom_phyllosphere_2019,18,ok,186,28,158,50,Fixed mean,0.1401357903879883,0.43603074141048825,,,,,,
carlstrom_phyllosphere_2019,18,ok,186,28,158,50,PLNNetwork,0.15053763440860216,0.5,,,,,,
carlstrom_phyllosphere_2019,18,ok,186,28,158,50,Poisson GLMNet,0.14962557603686638,0.4918625678119349,,,,,,
carlstrom_phyllosphere_2019,18,ok,186,28,158,50,SparCC,0.13521599174405066,0.4373869801084991,,,,,,
carlstrom_phyllosphere_2019,18,ok,186,28,158,50,SPIEC-EASI,0.18087557603686638,0.5087025316455697,,,,,,
carlstrom_phyllosphere_2019,18,ok,186,28,158,50,LENS restricted,0.13186003231765642,0.42608499095840874,False,lambda=10,3.0,47.0,0.0,0.0
carlstrom_phyllosphere_2019,18,ok,186,28,158,50,LENS distributed,0.14636439442290664,0.4767179023508137,False,lambda=10,4.0,46.0,0.6818181818181818,0.4838709677419355
carlstrom_phyllosphere_2019,18,ok,186,28,158,100,OneNet,0.14018225859039313,0.4672242314647378,,,,,,
carlstrom_phyllosphere_2019,18,ok,186,28,158,100,Fixed mean,0.1401357903879883,0.43603074141048825,,,,,,
carlstrom_phyllosphere_2019,18,ok,186,28,158,100,PLNNetwork,0.15053763440860216,0.5,,,,,,
carlstrom_phyllosphere_2019,18,ok,186,28,158,100,Poisson GLMNet,0.14962557603686638,0.4918625678119349,,,,,,
carlstrom_phyllosphere_2019,18,ok,186,28,158,100,SparCC,0.13521599174405066,0.4373869801084991,,,,,,
carlstrom_phyllosphere_2019,18,ok,186,28,158,100,SPIEC-EASI,0.18087557603686638,0.5087025316455697,,,,,,
carlstrom_phyllosphere_2019,18,ok,186,28,158,100,LENS restricted,0.1260634746550999,0.4093580470162749,False,lambda=0.01,6.0,94.0,0.0,0.0
carlstrom_phyllosphere_2019,18,ok,186,28,158,100,LENS distributed,0.18024447867783686,0.5962929475587704,False,lambda=0.01,7.0,93.0,0.9545454545454546,0.9354838709677419
carlstrom_phyllosphere_2019,18,ok,186,28,158,200,OneNet,0.14018225859039313,0.4672242314647378,,,,,,
carlstrom_phyllosphere_2019,18,ok,186,28,158,200,Fixed mean,0.1401357903879883,0.43603074141048825,,,,,,
carlstrom_phyllosphere_2019,18,ok,186,28,158,200,PLNNetwork,0.15053763440860216,0.5,,,,,,
carlstrom_phyllosphere_2019,18,ok,186,28,158,200,Poisson GLMNet,0.14962557603686638,0.4918625678119349,,,,,,
carlstrom_phyllosphere_2019,18,ok,186,28,158,200,SparCC,0.13521599174405066,0.4373869801084991,,,,,,
carlstrom_phyllosphere_2019,18,ok,186,28,158,200,SPIEC-EASI,0.18087557603686638,0.5087025316455697,,,,,,
carlstrom_phyllosphere_2019,18,ok,186,28,158,200,LENS restricted,0.20680423875077525,0.6141500904159132,False,lambda=0.01,15.0,185.0,0.0,0.0
carlstrom_phyllosphere_2019,18,ok,186,28,158,200,LENS distributed,0.17521738711202678,0.5779837251356239,False,lambda=1,21.0,179.0,1.0,1.0
carlstrom_phyllosphere_2019,18,ok,186,28,158,275,OneNet,0.14018225859039313,0.4672242314647378,,,,,,
carlstrom_phyllosphere_2019,18,ok,186,28,158,275,Fixed mean,0.1401357903879883,0.43603074141048825,,,,,,
carlstrom_phyllosphere_2019,18,ok,186,28,158,275,PLNNetwork,0.15053763440860216,0.5,,,,,,
carlstrom_phyllosphere_2019,18,ok,186,28,158,275,Poisson GLMNet,0.14962557603686638,0.4918625678119349,,,,,,
carlstrom_phyllosphere_2019,18,ok,186,28,158,275,SparCC,0.13521599174405066,0.4373869801084991,,,,,,
carlstrom_phyllosphere_2019,18,ok,186,28,158,275,SPIEC-EASI,0.18087557603686638,0.5087025316455697,,,,,,
carlstrom_phyllosphere_2019,18,ok,186,28,158,275,LENS restricted,0.22628957561784485,0.643987341772152,False,lambda=0.01,20.0,255.0,0.0,0.0
carlstrom_phyllosphere_2019,18,ok,186,28,158,275,LENS distributed,0.1915692269726802,0.6322332730560578,False,lambda=0.01,32.0,243.0,1.0,1.0
carlstrom_phyllosphere_2019,19,ok,176,23,153,5,OneNet,0.11902656784271562,0.44671781756180734,,,,,,
carlstrom_phyllosphere_2019,19,ok,176,23,153,5,Fixed mean,0.1892979016037435,0.49303779482807614,,,,,,
carlstrom_phyllosphere_2019,19,ok,176,23,153,5,PLNNetwork,0.13068181818181818,0.5,,,,,,
carlstrom_phyllosphere_2019,19,ok,176,23,153,5,Poisson GLMNet,0.20627470355731226,0.5434782608695652,,,,,,
carlstrom_phyllosphere_2019,19,ok,176,23,153,5,SparCC,0.12925138848735346,0.4631997726626883,,,,,,
carlstrom_phyllosphere_2019,19,ok,176,23,153,5,SPIEC-EASI,0.13068181818181818,0.49673202614379086,,,,,,
carlstrom_phyllosphere_2019,19,ok,176,23,153,5,LENS restricted,0.1892979016037435,0.49303779482807614,True,lambda=0.01,0.0,5.0,0.0,0.0
carlstrom_phyllosphere_2019,19,ok,176,23,153,5,LENS distributed,0.1892979016037435,0.49303779482807614,True,lambda=0.01,0.0,5.0,0.09090909090909091,0.005681818181818182
carlstrom_phyllosphere_2019,19,ok,176,23,153,10,OneNet,0.11902656784271562,0.44671781756180734,,,,,,
carlstrom_phyllosphere_2019,19,ok,176,23,153,10,Fixed mean,0.1892979016037435,0.49303779482807614,,,,,,
carlstrom_phyllosphere_2019,19,ok,176,23,153,10,PLNNetwork,0.13068181818181818,0.5,,,,,,
carlstrom_phyllosphere_2019,19,ok,176,23,153,10,Poisson GLMNet,0.20627470355731226,0.5434782608695652,,,,,,
carlstrom_phyllosphere_2019,19,ok,176,23,153,10,SparCC,0.12925138848735346,0.4631997726626883,,,,,,
carlstrom_phyllosphere_2019,19,ok,176,23,153,10,SPIEC-EASI,0.13068181818181818,0.49673202614379086,,,,,,
carlstrom_phyllosphere_2019,19,ok,176,23,153,10,LENS restricted,0.1892979016037435,0.49303779482807614,True,lambda=0.01,1.0,9.0,0.0,0.0
carlstrom_phyllosphere_2019,19,ok,176,23,153,10,LENS distributed,0.1892979016037435,0.49303779482807614,True,lambda=0.01,1.0,9.0,0.18181818181818182,0.03409090909090909
carlstrom_phyllosphere_2019,19,ok,176,23,153,20,OneNet,0.11902656784271562,0.44671781756180734,,,,,,
carlstrom_phyllosphere_2019,19,ok,176,23,153,20,Fixed mean,0.1892979016037435,0.49303779482807614,,,,,,
carlstrom_phyllosphere_2019,19,ok,176,23,153,20,PLNNetwork,0.13068181818181818,0.5,,,,,,
carlstrom_phyllosphere_2019,19,ok,176,23,153,20,Poisson GLMNet,0.20627470355731226,0.5434782608695652,,,,,,
carlstrom_phyllosphere_2019,19,ok,176,23,153,20,SparCC,0.12925138848735346,0.4631997726626883,,,,,,
carlstrom_phyllosphere_2019,19,ok,176,23,153,20,SPIEC-EASI,0.13068181818181818,0.49673202614379086,,,,,,
carlstrom_phyllosphere_2019,19,ok,176,23,153,20,LENS restricted,0.1892979016037435,0.49303779482807614,True,lambda=0.01,1.0,19.0,0.0,0.0
carlstrom_phyllosphere_2019,19,ok,176,23,153,20,LENS distributed,0.1892979016037435,0.49303779482807614,True,lambda=10,2.0,18.0,0.3181818181818182,0.11363636363636363
carlstrom_phyllosphere_2019,19,ok,176,23,153,50,OneNet,0.11902656784271562,0.44671781756180734,,,,,,
carlstrom_phyllosphere_2019,19,ok,176,23,153,50,Fixed mean,0.1892979016037435,0.49303779482807614,,,,,,
carlstrom_phyllosphere_2019,19,ok,176,23,153,50,PLNNetwork,0.13068181818181818,0.5,,,,,,
carlstrom_phyllosphere_2019,19,ok,176,23,153,50,Poisson GLMNet,0.20627470355731226,0.5434782608695652,,,,,,
carlstrom_phyllosphere_2019,19,ok,176,23,153,50,SparCC,0.12925138848735346,0.4631997726626883,,,,,,
carlstrom_phyllosphere_2019,19,ok,176,23,153,50,SPIEC-EASI,0.13068181818181818,0.49673202614379086,,,,,,
carlstrom_phyllosphere_2019,19,ok,176,23,153,50,LENS restricted,0.1221818630723835,0.3853367433930094,False,lambda=0.01,5.0,45.0,0.0,0.0
carlstrom_phyllosphere_2019,19,ok,176,23,153,50,LENS distributed,0.324678678618498,0.7530548451264564,False,lambda=1,8.0,42.0,0.5454545454545454,0.3409090909090909
carlstrom_phyllosphere_2019,19,ok,176,23,153,100,OneNet,0.11902656784271562,0.44671781756180734,,,,,,
carlstrom_phyllosphere_2019,19,ok,176,23,153,100,Fixed mean,0.1892979016037435,0.49303779482807614,,,,,,
carlstrom_phyllosphere_2019,19,ok,176,23,153,100,PLNNetwork,0.13068181818181818,0.5,,,,,,
carlstrom_phyllosphere_2019,19,ok,176,23,153,100,Poisson GLMNet,0.20627470355731226,0.5434782608695652,,,,,,
carlstrom_phyllosphere_2019,19,ok,176,23,153,100,SparCC,0.12925138848735346,0.4631997726626883,,,,,,
carlstrom_phyllosphere_2019,19,ok,176,23,153,100,SPIEC-EASI,0.13068181818181818,0.49673202614379086,,,,,,
carlstrom_phyllosphere_2019,19,ok,176,23,153,100,LENS restricted,0.10480711942121887,0.3859050866723501,False,lambda=0.1,12.0,88.0,0.0,0.0
carlstrom_phyllosphere_2019,19,ok,176,23,153,100,LENS distributed,0.2795945451132037,0.6140949133276499,False,lambda=0.1,15.0,85.0,0.8181818181818182,0.75
carlstrom_phyllosphere_2019,19,ok,176,23,153,200,OneNet,0.11902656784271562,0.44671781756180734,,,,,,
carlstrom_phyllosphere_2019,19,ok,176,23,153,200,Fixed mean,0.1892979016037435,0.49303779482807614,,,,,,
carlstrom_phyllosphere_2019,19,ok,176,23,153,200,PLNNetwork,0.13068181818181818,0.5,,,,,,
carlstrom_phyllosphere_2019,19,ok,176,23,153,200,Poisson GLMNet,0.20627470355731226,0.5434782608695652,,,,,,
carlstrom_phyllosphere_2019,19,ok,176,23,153,200,SparCC,0.12925138848735346,0.4631997726626883,,,,,,
carlstrom_phyllosphere_2019,19,ok,176,23,153,200,SPIEC-EASI,0.13068181818181818,0.49673202614379086,,,,,,
carlstrom_phyllosphere_2019,19,ok,176,23,153,200,LENS restricted,0.22876162694379942,0.7127024722932651,False,lambda=1,22.0,178.0,0.0,0.0
carlstrom_phyllosphere_2019,19,ok,176,23,153,200,LENS distributed,0.32001734362751416,0.6993464052287581,False,lambda=0.1,26.0,174.0,0.9090909090909091,0.875
carlstrom_phyllosphere_2019,19,ok,176,23,153,275,OneNet,0.11902656784271562,0.44671781756180734,,,,,,
carlstrom_phyllosphere_2019,19,ok,176,23,153,275,Fixed mean,0.1892979016037435,0.49303779482807614,,,,,,
carlstrom_phyllosphere_2019,19,ok,176,23,153,275,PLNNetwork,0.13068181818181818,0.5,,,,,,
carlstrom_phyllosphere_2019,19,ok,176,23,153,275,Poisson GLMNet,0.20627470355731226,0.5434782608695652,,,,,,
carlstrom_phyllosphere_2019,19,ok,176,23,153,275,SparCC,0.12925138848735346,0.4631997726626883,,,,,,
carlstrom_phyllosphere_2019,19,ok,176,23,153,275,SPIEC-EASI,0.13068181818181818,0.49673202614379086,,,,,,
carlstrom_phyllosphere_2019,19,ok,176,23,153,275,LENS restricted,0.33563147302013446,0.7666950838306337,False,lambda=0.1,30.0,245.0,0.0,0.0
carlstrom_phyllosphere_2019,19,ok,176,23,153,275,LENS distributed,0.3269967036588894,0.7445296959363455,False,lambda=0.1,34.0,241.0,1.0,1.0
carlstrom_phyllosphere_2019,20,ok,176,23,153,5,OneNet,0.12781632233270324,0.4894856493321966,,,,,,
carlstrom_phyllosphere_2019,20,ok,176,23,153,5,Fixed mean,0.13784690103103725,0.4390451832907076,,,,,,
carlstrom_phyllosphere_2019,20,ok,176,23,153,5,PLNNetwork,0.13068181818181818,0.5,,,,,,
carlstrom_phyllosphere_2019,20,ok,176,23,153,5,Poisson GLMNet,0.15120223978919634,0.5331059960215969,,,,,,
carlstrom_phyllosphere_2019,20,ok,176,23,153,5,SparCC,0.11236521343635039,0.4131855640807047,,,,,,
carlstrom_phyllosphere_2019,20,ok,176,23,153,5,SPIEC-EASI,0.13068181818181818,0.4869281045751634,,,,,,
carlstrom_phyllosphere_2019,20,ok,176,23,153,5,LENS restricted,0.13784690103103725,0.4390451832907076,True,lambda=0.01,0.0,5.0,0.0,0.0
carlstrom_phyllosphere_2019,20,ok,176,23,153,5,LENS distributed,0.13784690103103725,0.4390451832907076,True,lambda=0.01,1.0,4.0,0.045454545454545456,0.0
carlstrom_phyllosphere_2019,20,ok,176,23,153,10,OneNet,0.12781632233270324,0.4894856493321966,,,,,,
carlstrom_phyllosphere_2019,20,ok,176,23,153,10,Fixed mean,0.13784690103103725,0.4390451832907076,,,,,,
carlstrom_phyllosphere_2019,20,ok,176,23,153,10,PLNNetwork,0.13068181818181818,0.5,,,,,,
carlstrom_phyllosphere_2019,20,ok,176,23,153,10,Poisson GLMNet,0.15120223978919634,0.5331059960215969,,,,,,
carlstrom_phyllosphere_2019,20,ok,176,23,153,10,SparCC,0.11236521343635039,0.4131855640807047,,,,,,
carlstrom_phyllosphere_2019,20,ok,176,23,153,10,SPIEC-EASI,0.13068181818181818,0.4869281045751634,,,,,,
carlstrom_phyllosphere_2019,20,ok,176,23,153,10,LENS restricted,0.13784690103103725,0.4390451832907076,True,lambda=0.01,0.0,10.0,0.0,0.0
carlstrom_phyllosphere_2019,20,ok,176,23,153,10,LENS distributed,0.13784690103103725,0.4390451832907076,True,lambda=10,2.0,8.0,0.13636363636363635,0.017045454545454544
carlstrom_phyllosphere_2019,20,ok,176,23,153,20,OneNet,0.12781632233270324,0.4894856493321966,,,,,,
carlstrom_phyllosphere_2019,20,ok,176,23,153,20,Fixed mean,0.13784690103103725,0.4390451832907076,,,,,,
carlstrom_phyllosphere_2019,20,ok,176,23,153,20,PLNNetwork,0.13068181818181818,0.5,,,,,,
carlstrom_phyllosphere_2019,20,ok,176,23,153,20,Poisson GLMNet,0.15120223978919634,0.5331059960215969,,,,,,
carlstrom_phyllosphere_2019,20,ok,176,23,153,20,SparCC,0.11236521343635039,0.4131855640807047,,,,,,
carlstrom_phyllosphere_2019,20,ok,176,23,153,20,SPIEC-EASI,0.13068181818181818,0.4869281045751634,,,,,,
carlstrom_phyllosphere_2019,20,ok,176,23,153,20,LENS restricted,0.13784690103103725,0.4390451832907076,True,lambda=10,2.0,18.0,0.0,0.0
carlstrom_phyllosphere_2019,20,ok,176,23,153,20,LENS distributed,0.13852628426313854,0.5314009661835748,False,lambda=1,4.0,16.0,0.4090909090909091,0.1875
carlstrom_phyllosphere_2019,20,ok,176,23,153,50,OneNet,0.12781632233270324,0.4894856493321966,,,,,,
carlstrom_phyllosphere_2019,20,ok,176,23,153,50,Fixed mean,0.13784690103103725,0.4390451832907076,,,,,,
carlstrom_phyllosphere_2019,20,ok,176,23,153,50,PLNNetwork,0.13068181818181818,0.5,,,,,,
carlstrom_phyllosphere_2019,20,ok,176,23,153,50,Poisson GLMNet,0.15120223978919634,0.5331059960215969,,,,,,
carlstrom_phyllosphere_2019,20,ok,176,23,153,50,SparCC,0.11236521343635039,0.4131855640807047,,,,,,
carlstrom_phyllosphere_2019,20,ok,176,23,153,50,SPIEC-EASI,0.13068181818181818,0.4869281045751634,,,,,,
carlstrom_phyllosphere_2019,20,ok,176,23,153,50,LENS restricted,0.12550381218540801,0.4722932651321398,False,lambda=1,5.0,45.0,0.0,0.0
carlstrom_phyllosphere_2019,20,ok,176,23,153,50,LENS distributed,0.13346815226273448,0.48934356351236147,False,lambda=1,8.0,42.0,0.7727272727272727,0.6534090909090909
carlstrom_phyllosphere_2019,20,ok,176,23,153,100,OneNet,0.12781632233270324,0.4894856493321966,,,,,,
carlstrom_phyllosphere_2019,20,ok,176,23,153,100,Fixed mean,0.13784690103103725,0.4390451832907076,,,,,,
carlstrom_phyllosphere_2019,20,ok,176,23,153,100,PLNNetwork,0.13068181818181818,0.5,,,,,,
carlstrom_phyllosphere_2019,20,ok,176,23,153,100,Poisson GLMNet,0.15120223978919634,0.5331059960215969,,,,,,
carlstrom_phyllosphere_2019,20,ok,176,23,153,100,SparCC,0.11236521343635039,0.4131855640807047,,,,,,
carlstrom_phyllosphere_2019,20,ok,176,23,153,100,SPIEC-EASI,0.13068181818181818,0.4869281045751634,,,,,,
carlstrom_phyllosphere_2019,20,ok,176,23,153,100,LENS restricted,0.1466057186236352,0.5166240409207161,False,lambda=1,9.0,91.0,0.0,0.0
carlstrom_phyllosphere_2019,20,ok,176,23,153,100,LENS distributed,0.2124439549270158,0.6604148905939188,False,lambda=0.1,13.0,87.0,0.8181818181818182,0.75
carlstrom_phyllosphere_2019,20,ok,176,23,153,200,OneNet,0.12781632233270324,0.4894856493321966,,,,,,
carlstrom_phyllosphere_2019,20,ok,176,23,153,200,Fixed mean,0.13784690103103725,0.4390451832907076,,,,,,
carlstrom_phyllosphere_2019,20,ok,176,23,153,200,PLNNetwork,0.13068181818181818,0.5,,,,,,
carlstrom_phyllosphere_2019,20,ok,176,23,153,200,Poisson GLMNet,0.15120223978919634,0.5331059960215969,,,,,,
carlstrom_phyllosphere_2019,20,ok,176,23,153,200,SparCC,0.11236521343635039,0.4131855640807047,,,,,,
carlstrom_phyllosphere_2019,20,ok,176,23,153,200,SPIEC-EASI,0.13068181818181818,0.4869281045751634,,,,,,
carlstrom_phyllosphere_2019,20,ok,176,23,153,200,LENS restricted,0.18802402335845514,0.5541346973572037,False,lambda=1,20.0,180.0,0.0,0.0
carlstrom_phyllosphere_2019,20,ok,176,23,153,200,LENS distributed,0.21769365998126872,0.6780335322534811,False,lambda=0.1,29.0,171.0,0.9545454545454546,0.9375
carlstrom_phyllosphere_2019,20,ok,176,23,153,275,OneNet,0.12781632233270324,0.4894856493321966,,,,,,
carlstrom_phyllosphere_2019,20,ok,176,23,153,275,Fixed mean,0.13784690103103725,0.4390451832907076,,,,,,
carlstrom_phyllosphere_2019,20,ok,176,23,153,275,PLNNetwork,0.13068181818181818,0.5,,,,,,
carlstrom_phyllosphere_2019,20,ok,176,23,153,275,Poisson GLMNet,0.15120223978919634,0.5331059960215969,,,,,,
carlstrom_phyllosphere_2019,20,ok,176,23,153,275,SparCC,0.11236521343635039,0.4131855640807047,,,,,,
carlstrom_phyllosphere_2019,20,ok,176,23,153,275,SPIEC-EASI,0.13068181818181818,0.4869281045751634,,,,,,
carlstrom_phyllosphere_2019,20,ok,176,23,153,275,LENS restricted,0.2285715336419927,0.5964762716680876,False,lambda=0.1,28.0,247.0,0.0,0.0
carlstrom_phyllosphere_2019,20,ok,176,23,153,275,LENS distributed,0.21853320824908845,0.6916737709576585,False,lambda=0.1,31.0,244.0,1.0,1.0
