analysis_set,repeat,status,test_pairs,test_interactions,test_neutrals,budget_pairs,method,auprc,auroc,fallback,selected_setting,training_interactions,training_neutrals,test_taxon_coverage,test_pairs_both_taxa_covered
schafer_phyllosphere_2022,1,ok,279,17,262,5,OneNet,0.3049991367586216,0.8738212842388864,,,,,,
schafer_phyllosphere_2022,1,ok,279,17,262,5,Fixed mean,0.350112209523625,0.8915581499775482,,,,,,
schafer_phyllosphere_2022,1,ok,279,17,262,5,PLNNetwork,0.14598424977931618,0.626627750336776,,,,,,
schafer_phyllosphere_2022,1,ok,279,17,262,5,Poisson GLMNet,0.27871786518795405,0.6632240682532554,,,,,,
schafer_phyllosphere_2022,1,ok,279,17,262,5,SparCC,0.2080228001993725,0.8338572070049394,,,,,,
schafer_phyllosphere_2022,1,ok,279,17,262,5,SPIEC-EASI,0.06093189964157706,0.5,,,,,,
schafer_phyllosphere_2022,1,ok,279,17,262,5,LENS restricted,0.350112209523625,0.8915581499775482,True,lambda=0.01,0.0,5.0,0.0,0.0
schafer_phyllosphere_2022,1,ok,279,17,262,5,LENS distributed,0.350112209523625,0.8915581499775482,True,lambda=0.01,0.0,5.0,0.0392156862745098,0.0035842293906810036
schafer_phyllosphere_2022,1,ok,279,17,262,10,OneNet,0.3049991367586216,0.8738212842388864,,,,,,
schafer_phyllosphere_2022,1,ok,279,17,262,10,Fixed mean,0.350112209523625,0.8915581499775482,,,,,,
schafer_phyllosphere_2022,1,ok,279,17,262,10,PLNNetwork,0.14598424977931618,0.626627750336776,,,,,,
schafer_phyllosphere_2022,1,ok,279,17,262,10,Poisson GLMNet,0.27871786518795405,0.6632240682532554,,,,,,
schafer_phyllosphere_2022,1,ok,279,17,262,10,SparCC,0.2080228001993725,0.8338572070049394,,,,,,
schafer_phyllosphere_2022,1,ok,279,17,262,10,SPIEC-EASI,0.06093189964157706,0.5,,,,,,
schafer_phyllosphere_2022,1,ok,279,17,262,10,LENS restricted,0.350112209523625,0.8915581499775482,True,lambda=0.01,0.0,10.0,0.0,0.0
schafer_phyllosphere_2022,1,ok,279,17,262,10,LENS distributed,0.350112209523625,0.8915581499775482,True,lambda=0.01,0.0,10.0,0.0784313725490196,0.017921146953405017
schafer_phyllosphere_2022,1,ok,279,17,262,20,OneNet,0.3049991367586216,0.8738212842388864,,,,,,
schafer_phyllosphere_2022,1,ok,279,17,262,20,Fixed mean,0.350112209523625,0.8915581499775482,,,,,,
schafer_phyllosphere_2022,1,ok,279,17,262,20,PLNNetwork,0.14598424977931618,0.626627750336776,,,,,,
schafer_phyllosphere_2022,1,ok,279,17,262,20,Poisson GLMNet,0.27871786518795405,0.6632240682532554,,,,,,
schafer_phyllosphere_2022,1,ok,279,17,262,20,SparCC,0.2080228001993725,0.8338572070049394,,,,,,
schafer_phyllosphere_2022,1,ok,279,17,262,20,SPIEC-EASI,0.06093189964157706,0.5,,,,,,
schafer_phyllosphere_2022,1,ok,279,17,262,20,LENS restricted,0.350112209523625,0.8915581499775482,True,lambda=0.01,1.0,19.0,0.0,0.0
schafer_phyllosphere_2022,1,ok,279,17,262,20,LENS distributed,0.350112209523625,0.8915581499775482,True,lambda=0.01,0.0,20.0,0.19607843137254902,0.10752688172043011
schafer_phyllosphere_2022,1,ok,279,17,262,50,OneNet,0.3049991367586216,0.8738212842388864,,,,,,
schafer_phyllosphere_2022,1,ok,279,17,262,50,Fixed mean,0.350112209523625,0.8915581499775482,,,,,,
schafer_phyllosphere_2022,1,ok,279,17,262,50,PLNNetwork,0.14598424977931618,0.626627750336776,,,,,,
schafer_phyllosphere_2022,1,ok,279,17,262,50,Poisson GLMNet,0.27871786518795405,0.6632240682532554,,,,,,
schafer_phyllosphere_2022,1,ok,279,17,262,50,SparCC,0.2080228001993725,0.8338572070049394,,,,,,
schafer_phyllosphere_2022,1,ok,279,17,262,50,SPIEC-EASI,0.06093189964157706,0.5,,,,,,
schafer_phyllosphere_2022,1,ok,279,17,262,50,LENS restricted,0.350112209523625,0.8915581499775482,True,lambda=0.01,1.0,49.0,0.0,0.0
schafer_phyllosphere_2022,1,ok,279,17,262,50,LENS distributed,0.350112209523625,0.8915581499775482,True,lambda=0.01,1.0,49.0,0.37254901960784315,0.32616487455197135
schafer_phyllosphere_2022,1,ok,279,17,262,100,OneNet,0.3049991367586216,0.8738212842388864,,,,,,
schafer_phyllosphere_2022,1,ok,279,17,262,100,Fixed mean,0.350112209523625,0.8915581499775482,,,,,,
schafer_phyllosphere_2022,1,ok,279,17,262,100,PLNNetwork,0.14598424977931618,0.626627750336776,,,,,,
schafer_phyllosphere_2022,1,ok,279,17,262,100,Poisson GLMNet,0.27871786518795405,0.6632240682532554,,,,,,
schafer_phyllosphere_2022,1,ok,279,17,262,100,SparCC,0.2080228001993725,0.8338572070049394,,,,,,
schafer_phyllosphere_2022,1,ok,279,17,262,100,SPIEC-EASI,0.06093189964157706,0.5,,,,,,
schafer_phyllosphere_2022,1,ok,279,17,262,100,LENS restricted,0.350112209523625,0.8915581499775482,True,lambda=0.01,1.0,99.0,0.0,0.0
schafer_phyllosphere_2022,1,ok,279,17,262,100,LENS distributed,0.350112209523625,0.8915581499775482,True,lambda=0.01,1.0,99.0,0.5686274509803921,0.5376344086021505
schafer_phyllosphere_2022,1,ok,279,17,262,200,OneNet,0.3049991367586216,0.8738212842388864,,,,,,
schafer_phyllosphere_2022,1,ok,279,17,262,200,Fixed mean,0.350112209523625,0.8915581499775482,,,,,,
schafer_phyllosphere_2022,1,ok,279,17,262,200,PLNNetwork,0.14598424977931618,0.626627750336776,,,,,,
schafer_phyllosphere_2022,1,ok,279,17,262,200,Poisson GLMNet,0.27871786518795405,0.6632240682532554,,,,,,
schafer_phyllosphere_2022,1,ok,279,17,262,200,SparCC,0.2080228001993725,0.8338572070049394,,,,,,
schafer_phyllosphere_2022,1,ok,279,17,262,200,SPIEC-EASI,0.06093189964157706,0.5,,,,,,
schafer_phyllosphere_2022,1,ok,279,17,262,200,LENS restricted,0.350112209523625,0.8915581499775482,True,lambda=0.01,1.0,199.0,0.0,0.0
schafer_phyllosphere_2022,1,ok,279,17,262,200,LENS distributed,0.350112209523625,0.8915581499775482,True,lambda=0.01,1.0,199.0,0.803921568627451,0.7885304659498208
schafer_phyllosphere_2022,1,ok,279,17,262,357,OneNet,0.3049991367586216,0.8738212842388864,,,,,,
schafer_phyllosphere_2022,1,ok,279,17,262,357,Fixed mean,0.350112209523625,0.8915581499775482,,,,,,
schafer_phyllosphere_2022,1,ok,279,17,262,357,PLNNetwork,0.14598424977931618,0.626627750336776,,,,,,
schafer_phyllosphere_2022,1,ok,279,17,262,357,Poisson GLMNet,0.27871786518795405,0.6632240682532554,,,,,,
schafer_phyllosphere_2022,1,ok,279,17,262,357,SparCC,0.2080228001993725,0.8338572070049394,,,,,,
schafer_phyllosphere_2022,1,ok,279,17,262,357,SPIEC-EASI,0.06093189964157706,0.5,,,,,,
schafer_phyllosphere_2022,1,ok,279,17,262,357,LENS restricted,0.35843060204154287,0.8870678042209249,False,lambda=10,3.0,354.0,0.0,0.0
schafer_phyllosphere_2022,1,ok,279,17,262,357,LENS distributed,0.4369198702420289,0.8917826672653795,False,lambda=0.01,8.0,349.0,0.9411764705882353,0.9354838709677419
schafer_phyllosphere_2022,2,ok,96,2,94,5,OneNet,0.8333333333333333,0.9946808510638299,,,,,,
schafer_phyllosphere_2022,2,ok,96,2,94,5,Fixed mean,0.41666666666666663,0.9787234042553191,,,,,,
schafer_phyllosphere_2022,2,ok,96,2,94,5,PLNNetwork,0.020833333333333332,0.4787234042553192,,,,,,
schafer_phyllosphere_2022,2,ok,96,2,94,5,Poisson GLMNet,0.8333333333333333,0.9946808510638298,,,,,,
schafer_phyllosphere_2022,2,ok,96,2,94,5,SparCC,0.25,0.9521276595744681,,,,,,
schafer_phyllosphere_2022,2,ok,96,2,94,5,SPIEC-EASI,0.020833333333333332,0.5,,,,,,
schafer_phyllosphere_2022,2,ok,96,2,94,5,LENS restricted,0.41666666666666663,0.9787234042553191,True,lambda=0.01,0.0,5.0,0.0,0.0
schafer_phyllosphere_2022,2,ok,96,2,94,5,LENS distributed,0.41666666666666663,0.9787234042553191,True,lambda=0.01,0.0,5.0,0.058823529411764705,0.0
schafer_phyllosphere_2022,2,ok,96,2,94,10,OneNet,0.8333333333333333,0.9946808510638299,,,,,,
schafer_phyllosphere_2022,2,ok,96,2,94,10,Fixed mean,0.41666666666666663,0.9787234042553191,,,,,,
schafer_phyllosphere_2022,2,ok,96,2,94,10,PLNNetwork,0.020833333333333332,0.4787234042553192,,,,,,
schafer_phyllosphere_2022,2,ok,96,2,94,10,Poisson GLMNet,0.8333333333333333,0.9946808510638298,,,,,,
schafer_phyllosphere_2022,2,ok,96,2,94,10,SparCC,0.25,0.9521276595744681,,,,,,
schafer_phyllosphere_2022,2,ok,96,2,94,10,SPIEC-EASI,0.020833333333333332,0.5,,,,,,
schafer_phyllosphere_2022,2,ok,96,2,94,10,LENS restricted,0.41666666666666663,0.9787234042553191,True,lambda=0.01,0.0,10.0,0.0,0.0
schafer_phyllosphere_2022,2,ok,96,2,94,10,LENS distributed,0.41666666666666663,0.9787234042553191,True,lambda=0.01,0.0,10.0,0.13725490196078433,0.0
schafer_phyllosphere_2022,2,ok,96,2,94,20,OneNet,0.8333333333333333,0.9946808510638299,,,,,,
schafer_phyllosphere_2022,2,ok,96,2,94,20,Fixed mean,0.41666666666666663,0.9787234042553191,,,,,,
schafer_phyllosphere_2022,2,ok,96,2,94,20,PLNNetwork,0.020833333333333332,0.4787234042553192,,,,,,
schafer_phyllosphere_2022,2,ok,96,2,94,20,Poisson GLMNet,0.8333333333333333,0.9946808510638298,,,,,,
schafer_phyllosphere_2022,2,ok,96,2,94,20,SparCC,0.25,0.9521276595744681,,,,,,
schafer_phyllosphere_2022,2,ok,96,2,94,20,SPIEC-EASI,0.020833333333333332,0.5,,,,,,
schafer_phyllosphere_2022,2,ok,96,2,94,20,LENS restricted,0.41666666666666663,0.9787234042553191,True,lambda=0.01,0.0,20.0,0.0,0.0
schafer_phyllosphere_2022,2,ok,96,2,94,20,LENS distributed,0.41666666666666663,0.9787234042553191,True,lambda=0.01,0.0,20.0,0.17647058823529413,0.07291666666666667
schafer_phyllosphere_2022,2,ok,96,2,94,50,OneNet,0.8333333333333333,0.9946808510638299,,,,,,
schafer_phyllosphere_2022,2,ok,96,2,94,50,Fixed mean,0.41666666666666663,0.9787234042553191,,,,,,
schafer_phyllosphere_2022,2,ok,96,2,94,50,PLNNetwork,0.020833333333333332,0.4787234042553192,,,,,,
schafer_phyllosphere_2022,2,ok,96,2,94,50,Poisson GLMNet,0.8333333333333333,0.9946808510638298,,,,,,
schafer_phyllosphere_2022,2,ok,96,2,94,50,SparCC,0.25,0.9521276595744681,,,,,,
schafer_phyllosphere_2022,2,ok,96,2,94,50,SPIEC-EASI,0.020833333333333332,0.5,,,,,,
schafer_phyllosphere_2022,2,ok,96,2,94,50,LENS restricted,0.41666666666666663,0.9787234042553191,True,lambda=10,2.0,48.0,0.0,0.0
schafer_phyllosphere_2022,2,ok,96,2,94,50,LENS distributed,0.41666666666666663,0.9787234042553191,True,lambda=10,2.0,48.0,0.4117647058823529,0.3958333333333333
schafer_phyllosphere_2022,2,ok,96,2,94,100,OneNet,0.8333333333333333,0.9946808510638299,,,,,,
schafer_phyllosphere_2022,2,ok,96,2,94,100,Fixed mean,0.41666666666666663,0.9787234042553191,,,,,,
schafer_phyllosphere_2022,2,ok,96,2,94,100,PLNNetwork,0.020833333333333332,0.4787234042553192,,,,,,
schafer_phyllosphere_2022,2,ok,96,2,94,100,Poisson GLMNet,0.8333333333333333,0.9946808510638298,,,,,,
schafer_phyllosphere_2022,2,ok,96,2,94,100,SparCC,0.25,0.9521276595744681,,,,,,
schafer_phyllosphere_2022,2,ok,96,2,94,100,SPIEC-EASI,0.020833333333333332,0.5,,,,,,
schafer_phyllosphere_2022,2,ok,96,2,94,100,LENS restricted,0.225,0.9468085106382979,False,lambda=10,3.0,97.0,0.0,0.0
schafer_phyllosphere_2022,2,ok,96,2,94,100,LENS distributed,0.2111111111111111,0.9414893617021276,False,lambda=10,5.0,95.0,0.6470588235294118,0.6354166666666666
schafer_phyllosphere_2022,2,ok,96,2,94,200,OneNet,0.8333333333333333,0.9946808510638299,,,,,,
schafer_phyllosphere_2022,2,ok,96,2,94,200,Fixed mean,0.41666666666666663,0.9787234042553191,,,,,,
schafer_phyllosphere_2022,2,ok,96,2,94,200,PLNNetwork,0.020833333333333332,0.4787234042553192,,,,,,
schafer_phyllosphere_2022,2,ok,96,2,94,200,Poisson GLMNet,0.8333333333333333,0.9946808510638298,,,,,,
schafer_phyllosphere_2022,2,ok,96,2,94,200,SparCC,0.25,0.9521276595744681,,,,,,
schafer_phyllosphere_2022,2,ok,96,2,94,200,SPIEC-EASI,0.020833333333333332,0.5,,,,,,
schafer_phyllosphere_2022,2,ok,96,2,94,200,LENS restricted,0.25,0.9521276595744681,False,lambda=10,7.0,193.0,0.0,0.0
schafer_phyllosphere_2022,2,ok,96,2,94,200,LENS distributed,0.11063829787234043,0.4893617021276596,False,lambda=0.01,8.0,192.0,0.8431372549019608,0.8333333333333334
schafer_phyllosphere_2022,2,ok,96,2,94,357,OneNet,0.8333333333333333,0.9946808510638299,,,,,,
schafer_phyllosphere_2022,2,ok,96,2,94,357,Fixed mean,0.41666666666666663,0.9787234042553191,,,,,,
schafer_phyllosphere_2022,2,ok,96,2,94,357,PLNNetwork,0.020833333333333332,0.4787234042553192,,,,,,
schafer_phyllosphere_2022,2,ok,96,2,94,357,Poisson GLMNet,0.8333333333333333,0.9946808510638298,,,,,,
schafer_phyllosphere_2022,2,ok,96,2,94,357,SparCC,0.25,0.9521276595744681,,,,,,
schafer_phyllosphere_2022,2,ok,96,2,94,357,SPIEC-EASI,0.020833333333333332,0.5,,,,,,
schafer_phyllosphere_2022,2,ok,96,2,94,357,LENS restricted,0.04397163120567376,0.43617021276595747,False,lambda=0.01,9.0,348.0,0.0,0.0
schafer_phyllosphere_2022,2,ok,96,2,94,357,LENS distributed,0.24285714285714285,0.9521276595744681,False,lambda=10,15.0,342.0,1.0,1.0
schafer_phyllosphere_2022,3,ok,279,8,271,5,OneNet,0.12089897742509945,0.8517066420664205,,,,,,
schafer_phyllosphere_2022,3,ok,279,8,271,5,Fixed mean,0.27655918642760746,0.9146678966789668,,,,,,
schafer_phyllosphere_2022,3,ok,279,8,271,5,PLNNetwork,0.09533591968067774,0.6586715867158671,,,,,,
schafer_phyllosphere_2022,3,ok,279,8,271,5,Poisson GLMNet,0.2778511942411373,0.7629151291512916,,,,,,
schafer_phyllosphere_2022,3,ok,279,8,271,5,SparCC,0.11200003503118827,0.8616236162361625,,,,,,
schafer_phyllosphere_2022,3,ok,279,8,271,5,SPIEC-EASI,0.02867383512544803,0.5,,,,,,
schafer_phyllosphere_2022,3,ok,279,8,271,5,LENS restricted,0.27655918642760746,0.9146678966789668,True,lambda=0.01,0.0,5.0,0.0,0.0
schafer_phyllosphere_2022,3,ok,279,8,271,5,LENS distributed,0.27655918642760746,0.9146678966789668,True,lambda=0.01,0.0,5.0,0.0392156862745098,0.0
schafer_phyllosphere_2022,3,ok,279,8,271,10,OneNet,0.12089897742509945,0.8517066420664205,,,,,,
schafer_phyllosphere_2022,3,ok,279,8,271,10,Fixed mean,0.27655918642760746,0.9146678966789668,,,,,,
schafer_phyllosphere_2022,3,ok,279,8,271,10,PLNNetwork,0.09533591968067774,0.6586715867158671,,,,,,
schafer_phyllosphere_2022,3,ok,279,8,271,10,Poisson GLMNet,0.2778511942411373,0.7629151291512916,,,,,,
schafer_phyllosphere_2022,3,ok,279,8,271,10,SparCC,0.11200003503118827,0.8616236162361625,,,,,,
schafer_phyllosphere_2022,3,ok,279,8,271,10,SPIEC-EASI,0.02867383512544803,0.5,,,,,,
schafer_phyllosphere_2022,3,ok,279,8,271,10,LENS restricted,0.27655918642760746,0.9146678966789668,True,lambda=0.01,0.0,10.0,0.0,0.0
schafer_phyllosphere_2022,3,ok,279,8,271,10,LENS distributed,0.27655918642760746,0.9146678966789668,True,lambda=0.01,0.0,10.0,0.11764705882352941,0.04659498207885305
schafer_phyllosphere_2022,3,ok,279,8,271,20,OneNet,0.12089897742509945,0.8517066420664205,,,,,,
schafer_phyllosphere_2022,3,ok,279,8,271,20,Fixed mean,0.27655918642760746,0.9146678966789668,,,,,,
schafer_phyllosphere_2022,3,ok,279,8,271,20,PLNNetwork,0.09533591968067774,0.6586715867158671,,,,,,
schafer_phyllosphere_2022,3,ok,279,8,271,20,Poisson GLMNet,0.2778511942411373,0.7629151291512916,,,,,,
schafer_phyllosphere_2022,3,ok,279,8,271,20,SparCC,0.11200003503118827,0.8616236162361625,,,,,,
schafer_phyllosphere_2022,3,ok,279,8,271,20,SPIEC-EASI,0.02867383512544803,0.5,,,,,,
schafer_phyllosphere_2022,3,ok,279,8,271,20,LENS restricted,0.27655918642760746,0.9146678966789668,True,lambda=0.01,0.0,20.0,0.0,0.0
schafer_phyllosphere_2022,3,ok,279,8,271,20,LENS distributed,0.27655918642760746,0.9146678966789668,True,lambda=0.01,1.0,19.0,0.17647058823529413,0.0931899641577061
schafer_phyllosphere_2022,3,ok,279,8,271,50,OneNet,0.12089897742509945,0.8517066420664205,,,,,,
schafer_phyllosphere_2022,3,ok,279,8,271,50,Fixed mean,0.27655918642760746,0.9146678966789668,,,,,,
schafer_phyllosphere_2022,3,ok,279,8,271,50,PLNNetwork,0.09533591968067774,0.6586715867158671,,,,,,
schafer_phyllosphere_2022,3,ok,279,8,271,50,Poisson GLMNet,0.2778511942411373,0.7629151291512916,,,,,,
schafer_phyllosphere_2022,3,ok,279,8,271,50,SparCC,0.11200003503118827,0.8616236162361625,,,,,,
schafer_phyllosphere_2022,3,ok,279,8,271,50,SPIEC-EASI,0.02867383512544803,0.5,,,,,,
schafer_phyllosphere_2022,3,ok,279,8,271,50,LENS restricted,0.27655918642760746,0.9146678966789668,True,lambda=0.01,0.0,50.0,0.0,0.0
schafer_phyllosphere_2022,3,ok,279,8,271,50,LENS distributed,0.27655918642760746,0.9146678966789668,True,lambda=0.01,1.0,49.0,0.39215686274509803,0.33691756272401435
schafer_phyllosphere_2022,3,ok,279,8,271,100,OneNet,0.12089897742509945,0.8517066420664205,,,,,,
schafer_phyllosphere_2022,3,ok,279,8,271,100,Fixed mean,0.27655918642760746,0.9146678966789668,,,,,,
schafer_phyllosphere_2022,3,ok,279,8,271,100,PLNNetwork,0.09533591968067774,0.6586715867158671,,,,,,
schafer_phyllosphere_2022,3,ok,279,8,271,100,Poisson GLMNet,0.2778511942411373,0.7629151291512916,,,,,,
schafer_phyllosphere_2022,3,ok,279,8,271,100,SparCC,0.11200003503118827,0.8616236162361625,,,,,,
schafer_phyllosphere_2022,3,ok,279,8,271,100,SPIEC-EASI,0.02867383512544803,0.5,,,,,,
schafer_phyllosphere_2022,3,ok,279,8,271,100,LENS restricted,0.27655918642760746,0.9146678966789668,True,lambda=0.01,1.0,99.0,0.0,0.0
schafer_phyllosphere_2022,3,ok,279,8,271,100,LENS distributed,0.27655918642760746,0.9146678966789668,True,lambda=0.01,1.0,99.0,0.5294117647058824,0.4838709677419355
schafer_phyllosphere_2022,3,ok,279,8,271,200,OneNet,0.12089897742509945,0.8517066420664205,,,,,,
schafer_phyllosphere_2022,3,ok,279,8,271,200,Fixed mean,0.27655918642760746,0.9146678966789668,,,,,,
schafer_phyllosphere_2022,3,ok,279,8,271,200,PLNNetwork,0.09533591968067774,0.6586715867158671,,,,,,
schafer_phyllosphere_2022,3,ok,279,8,271,200,Poisson GLMNet,0.2778511942411373,0.7629151291512916,,,,,,
schafer_phyllosphere_2022,3,ok,279,8,271,200,SparCC,0.11200003503118827,0.8616236162361625,,,,,,
schafer_phyllosphere_2022,3,ok,279,8,271,200,SPIEC-EASI,0.02867383512544803,0.5,,,,,,
schafer_phyllosphere_2022,3,ok,279,8,271,200,LENS restricted,0.2929909393291432,0.9183579335793358,False,lambda=10,3.0,197.0,0.0,0.0
schafer_phyllosphere_2022,3,ok,279,8,271,200,LENS distributed,0.291751998001998,0.9123616236162362,False,lambda=10,3.0,197.0,0.7450980392156863,0.7204301075268817
schafer_phyllosphere_2022,3,ok,279,8,271,357,OneNet,0.12089897742509945,0.8517066420664205,,,,,,
schafer_phyllosphere_2022,3,ok,279,8,271,357,Fixed mean,0.27655918642760746,0.9146678966789668,,,,,,
schafer_phyllosphere_2022,3,ok,279,8,271,357,PLNNetwork,0.09533591968067774,0.6586715867158671,,,,,,
schafer_phyllosphere_2022,3,ok,279,8,271,357,Poisson GLMNet,0.2778511942411373,0.7629151291512916,,,,,,
schafer_phyllosphere_2022,3,ok,279,8,271,357,SparCC,0.11200003503118827,0.8616236162361625,,,,,,
schafer_phyllosphere_2022,3,ok,279,8,271,357,SPIEC-EASI,0.02867383512544803,0.5,,,,,,
schafer_phyllosphere_2022,3,ok,279,8,271,357,LENS restricted,0.3542925824175824,0.8496309963099632,False,lambda=0.1,7.0,350.0,0.0,0.0
schafer_phyllosphere_2022,3,ok,279,8,271,357,LENS distributed,0.31603914913273035,0.9257380073800738,False,lambda=10,10.0,347.0,0.9215686274509803,0.9139784946236559
schafer_phyllosphere_2022,4,ok,237,6,231,5,OneNet,0.17600252808964242,0.835858585858586,,,,,,
schafer_phyllosphere_2022,4,ok,237,6,231,5,Fixed mean,0.4469838665572874,0.9163059163059163,,,,,,
schafer_phyllosphere_2022,4,ok,237,6,231,5,PLNNetwork,0.15576652601969057,0.6464646464646464,,,,,,
schafer_phyllosphere_2022,4,ok,237,6,231,5,Poisson GLMNet,0.2690335479101302,0.779220779220779,,,,,,
schafer_phyllosphere_2022,4,ok,237,6,231,5,SparCC,0.13327037590595828,0.9047619047619047,,,,,,
schafer_phyllosphere_2022,4,ok,237,6,231,5,SPIEC-EASI,0.02531645569620253,0.5,,,,,,
schafer_phyllosphere_2022,4,ok,237,6,231,5,LENS restricted,0.4469838665572874,0.9163059163059163,True,lambda=0.01,0.0,5.0,0.0,0.0
schafer_phyllosphere_2022,4,ok,237,6,231,5,LENS distributed,0.4469838665572874,0.9163059163059163,True,lambda=0.01,0.0,5.0,0.058823529411764705,0.012658227848101266
schafer_phyllosphere_2022,4,ok,237,6,231,10,OneNet,0.17600252808964242,0.835858585858586,,,,,,
schafer_phyllosphere_2022,4,ok,237,6,231,10,Fixed mean,0.4469838665572874,0.9163059163059163,,,,,,
schafer_phyllosphere_2022,4,ok,237,6,231,10,PLNNetwork,0.15576652601969057,0.6464646464646464,,,,,,
schafer_phyllosphere_2022,4,ok,237,6,231,10,Poisson GLMNet,0.2690335479101302,0.779220779220779,,,,,,
schafer_phyllosphere_2022,4,ok,237,6,231,10,SparCC,0.13327037590595828,0.9047619047619047,,,,,,
schafer_phyllosphere_2022,4,ok,237,6,231,10,SPIEC-EASI,0.02531645569620253,0.5,,,,,,
schafer_phyllosphere_2022,4,ok,237,6,231,10,LENS restricted,0.4469838665572874,0.9163059163059163,True,lambda=0.01,0.0,10.0,0.0,0.0
schafer_phyllosphere_2022,4,ok,237,6,231,10,LENS distributed,0.4469838665572874,0.9163059163059163,True,lambda=0.01,0.0,10.0,0.09803921568627451,0.0379746835443038
schafer_phyllosphere_2022,4,ok,237,6,231,20,OneNet,0.17600252808964242,0.835858585858586,,,,,,
schafer_phyllosphere_2022,4,ok,237,6,231,20,Fixed mean,0.4469838665572874,0.9163059163059163,,,,,,
schafer_phyllosphere_2022,4,ok,237,6,231,20,PLNNetwork,0.15576652601969057,0.6464646464646464,,,,,,
schafer_phyllosphere_2022,4,ok,237,6,231,20,Poisson GLMNet,0.2690335479101302,0.779220779220779,,,,,,
schafer_phyllosphere_2022,4,ok,237,6,231,20,SparCC,0.13327037590595828,0.9047619047619047,,,,,,
schafer_phyllosphere_2022,4,ok,237,6,231,20,SPIEC-EASI,0.02531645569620253,0.5,,,,,,
schafer_phyllosphere_2022,4,ok,237,6,231,20,LENS restricted,0.4469838665572874,0.9163059163059163,True,lambda=0.01,0.0,20.0,0.0,0.0
schafer_phyllosphere_2022,4,ok,237,6,231,20,LENS distributed,0.4469838665572874,0.9163059163059163,True,lambda=0.01,0.0,20.0,0.13725490196078433,0.06329113924050633
schafer_phyllosphere_2022,4,ok,237,6,231,50,OneNet,0.17600252808964242,0.835858585858586,,,,,,
schafer_phyllosphere_2022,4,ok,237,6,231,50,Fixed mean,0.4469838665572874,0.9163059163059163,,,,,,
schafer_phyllosphere_2022,4,ok,237,6,231,50,PLNNetwork,0.15576652601969057,0.6464646464646464,,,,,,
schafer_phyllosphere_2022,4,ok,237,6,231,50,Poisson GLMNet,0.2690335479101302,0.779220779220779,,,,,,
schafer_phyllosphere_2022,4,ok,237,6,231,50,SparCC,0.13327037590595828,0.9047619047619047,,,,,,
schafer_phyllosphere_2022,4,ok,237,6,231,50,SPIEC-EASI,0.02531645569620253,0.5,,,,,,
schafer_phyllosphere_2022,4,ok,237,6,231,50,LENS restricted,0.4469838665572874,0.9163059163059163,True,lambda=10,2.0,48.0,0.0,0.0
schafer_phyllosphere_2022,4,ok,237,6,231,50,LENS distributed,0.4469838665572874,0.9163059163059163,True,lambda=0.01,0.0,50.0,0.3137254901960784,0.22784810126582278
schafer_phyllosphere_2022,4,ok,237,6,231,100,OneNet,0.17600252808964242,0.835858585858586,,,,,,
schafer_phyllosphere_2022,4,ok,237,6,231,100,Fixed mean,0.4469838665572874,0.9163059163059163,,,,,,
schafer_phyllosphere_2022,4,ok,237,6,231,100,PLNNetwork,0.15576652601969057,0.6464646464646464,,,,,,
schafer_phyllosphere_2022,4,ok,237,6,231,100,Poisson GLMNet,0.2690335479101302,0.779220779220779,,,,,,
schafer_phyllosphere_2022,4,ok,237,6,231,100,SparCC,0.13327037590595828,0.9047619047619047,,,,,,
schafer_phyllosphere_2022,4,ok,237,6,231,100,SPIEC-EASI,0.02531645569620253,0.5,,,,,,
schafer_phyllosphere_2022,4,ok,237,6,231,100,LENS restricted,0.2744144422333539,0.8845598845598845,False,lambda=10,3.0,97.0,0.0,0.0
schafer_phyllosphere_2022,4,ok,237,6,231,100,LENS distributed,0.425762321980938,0.8968253968253967,False,lambda=10,3.0,97.0,0.6078431372549019,0.5822784810126582
schafer_phyllosphere_2022,4,ok,237,6,231,200,OneNet,0.17600252808964242,0.835858585858586,,,,,,
schafer_phyllosphere_2022,4,ok,237,6,231,200,Fixed mean,0.4469838665572874,0.9163059163059163,,,,,,
schafer_phyllosphere_2022,4,ok,237,6,231,200,PLNNetwork,0.15576652601969057,0.6464646464646464,,,,,,
schafer_phyllosphere_2022,4,ok,237,6,231,200,Poisson GLMNet,0.2690335479101302,0.779220779220779,,,,,,
schafer_phyllosphere_2022,4,ok,237,6,231,200,SparCC,0.13327037590595828,0.9047619047619047,,,,,,
schafer_phyllosphere_2022,4,ok,237,6,231,200,SPIEC-EASI,0.02531645569620253,0.5,,,,,,
schafer_phyllosphere_2022,4,ok,237,6,231,200,LENS restricted,0.0943234869705458,0.8268398268398269,False,lambda=0.01,5.0,195.0,0.0,0.0
schafer_phyllosphere_2022,4,ok,237,6,231,200,LENS distributed,0.4289141414141414,0.9076479076479077,False,lambda=10,6.0,194.0,0.8823529411764706,0.8776371308016878
schafer_phyllosphere_2022,4,ok,237,6,231,357,OneNet,0.17600252808964242,0.835858585858586,,,,,,
schafer_phyllosphere_2022,4,ok,237,6,231,357,Fixed mean,0.4469838665572874,0.9163059163059163,,,,,,
schafer_phyllosphere_2022,4,ok,237,6,231,357,PLNNetwork,0.15576652601969057,0.6464646464646464,,,,,,
schafer_phyllosphere_2022,4,ok,237,6,231,357,Poisson GLMNet,0.2690335479101302,0.779220779220779,,,,,,
schafer_phyllosphere_2022,4,ok,237,6,231,357,SparCC,0.13327037590595828,0.9047619047619047,,,,,,
schafer_phyllosphere_2022,4,ok,237,6,231,357,SPIEC-EASI,0.02531645569620253,0.5,,,,,,
schafer_phyllosphere_2022,4,ok,237,6,231,357,LENS restricted,0.44780255649820866,0.9285714285714286,False,lambda=0.1,10.0,347.0,0.0,0.0
schafer_phyllosphere_2022,4,ok,237,6,231,357,LENS distributed,0.41841736694677867,0.9119769119769119,False,lambda=0.1,10.0,347.0,1.0,1.0
schafer_phyllosphere_2022,5,ok,145,6,139,5,OneNet,0.08331477094383853,0.5827338129496403,,,,,,
schafer_phyllosphere_2022,5,ok,145,6,139,5,Fixed mean,0.23801997131192762,0.8741007194244604,,,,,,
schafer_phyllosphere_2022,5,ok,145,6,139,5,PLNNetwork,0.11781609195402298,0.5731414868105515,,,,,,
schafer_phyllosphere_2022,5,ok,145,6,139,5,Poisson GLMNet,0.041379310344827586,0.49280575539568344,,,,,,
schafer_phyllosphere_2022,5,ok,145,6,139,5,SparCC,0.18531164602593175,0.8333333333333334,,,,,,
schafer_phyllosphere_2022,5,ok,145,6,139,5,SPIEC-EASI,0.041379310344827586,0.5,,,,,,
schafer_phyllosphere_2022,5,ok,145,6,139,5,LENS restricted,0.23801997131192762,0.8741007194244604,True,lambda=0.01,0.0,5.0,0.0,0.0
schafer_phyllosphere_2022,5,ok,145,6,139,5,LENS distributed,0.23801997131192762,0.8741007194244604,True,lambda=0.01,0.0,5.0,0.058823529411764705,0.013793103448275862
schafer_phyllosphere_2022,5,ok,145,6,139,10,OneNet,0.08331477094383853,0.5827338129496403,,,,,,
schafer_phyllosphere_2022,5,ok,145,6,139,10,Fixed mean,0.23801997131192762,0.8741007194244604,,,,,,
schafer_phyllosphere_2022,5,ok,145,6,139,10,PLNNetwork,0.11781609195402298,0.5731414868105515,,,,,,
schafer_phyllosphere_2022,5,ok,145,6,139,10,Poisson GLMNet,0.041379310344827586,0.49280575539568344,,,,,,
schafer_phyllosphere_2022,5,ok,145,6,139,10,SparCC,0.18531164602593175,0.8333333333333334,,,,,,
schafer_phyllosphere_2022,5,ok,145,6,139,10,SPIEC-EASI,0.041379310344827586,0.5,,,,,,
schafer_phyllosphere_2022,5,ok,145,6,139,10,LENS restricted,0.23801997131192762,0.8741007194244604,True,lambda=0.01,0.0,10.0,0.0,0.0
schafer_phyllosphere_2022,5,ok,145,6,139,10,LENS distributed,0.23801997131192762,0.8741007194244604,True,lambda=0.01,0.0,10.0,0.11764705882352941,0.06206896551724138
schafer_phyllosphere_2022,5,ok,145,6,139,20,OneNet,0.08331477094383853,0.5827338129496403,,,,,,
schafer_phyllosphere_2022,5,ok,145,6,139,20,Fixed mean,0.23801997131192762,0.8741007194244604,,,,,,
schafer_phyllosphere_2022,5,ok,145,6,139,20,PLNNetwork,0.11781609195402298,0.5731414868105515,,,,,,
schafer_phyllosphere_2022,5,ok,145,6,139,20,Poisson GLMNet,0.041379310344827586,0.49280575539568344,,,,,,
schafer_phyllosphere_2022,5,ok,145,6,139,20,SparCC,0.18531164602593175,0.8333333333333334,,,,,,
schafer_phyllosphere_2022,5,ok,145,6,139,20,SPIEC-EASI,0.041379310344827586,0.5,,,,,,
schafer_phyllosphere_2022,5,ok,145,6,139,20,LENS restricted,0.23801997131192762,0.8741007194244604,True,lambda=0.01,0.0,20.0,0.0,0.0
schafer_phyllosphere_2022,5,ok,145,6,139,20,LENS distributed,0.23801997131192762,0.8741007194244604,True,lambda=0.01,0.0,20.0,0.23529411764705882,0.20689655172413793
schafer_phyllosphere_2022,5,ok,145,6,139,50,OneNet,0.08331477094383853,0.5827338129496403,,,,,,
schafer_phyllosphere_2022,5,ok,145,6,139,50,Fixed mean,0.23801997131192762,0.8741007194244604,,,,,,
schafer_phyllosphere_2022,5,ok,145,6,139,50,PLNNetwork,0.11781609195402298,0.5731414868105515,,,,,,
schafer_phyllosphere_2022,5,ok,145,6,139,50,Poisson GLMNet,0.041379310344827586,0.49280575539568344,,,,,,
schafer_phyllosphere_2022,5,ok,145,6,139,50,SparCC,0.18531164602593175,0.8333333333333334,,,,,,
schafer_phyllosphere_2022,5,ok,145,6,139,50,SPIEC-EASI,0.041379310344827586,0.5,,,,,,
schafer_phyllosphere_2022,5,ok,145,6,139,50,LENS restricted,0.23801997131192762,0.8741007194244604,True,lambda=0.01,1.0,49.0,0.0,0.0
schafer_phyllosphere_2022,5,ok,145,6,139,50,LENS distributed,0.23801997131192762,0.8741007194244604,True,lambda=0.01,0.0,50.0,0.3137254901960784,0.2827586206896552
schafer_phyllosphere_2022,5,ok,145,6,139,100,OneNet,0.08331477094383853,0.5827338129496403,,,,,,
schafer_phyllosphere_2022,5,ok,145,6,139,100,Fixed mean,0.23801997131192762,0.8741007194244604,,,,,,
schafer_phyllosphere_2022,5,ok,145,6,139,100,PLNNetwork,0.11781609195402298,0.5731414868105515,,,,,,
schafer_phyllosphere_2022,5,ok,145,6,139,100,Poisson GLMNet,0.041379310344827586,0.49280575539568344,,,,,,
schafer_phyllosphere_2022,5,ok,145,6,139,100,SparCC,0.18531164602593175,0.8333333333333334,,,,,,
schafer_phyllosphere_2022,5,ok,145,6,139,100,SPIEC-EASI,0.041379310344827586,0.5,,,,,,
schafer_phyllosphere_2022,5,ok,145,6,139,100,LENS restricted,0.23801997131192762,0.8741007194244604,True,lambda=0.01,1.0,99.0,0.0,0.0
schafer_phyllosphere_2022,5,ok,145,6,139,100,LENS distributed,0.23801997131192762,0.8741007194244604,True,lambda=0.01,1.0,99.0,0.5490196078431373,0.5241379310344828
schafer_phyllosphere_2022,5,ok,145,6,139,200,OneNet,0.08331477094383853,0.5827338129496403,,,,,,
schafer_phyllosphere_2022,5,ok,145,6,139,200,Fixed mean,0.23801997131192762,0.8741007194244604,,,,,,
schafer_phyllosphere_2022,5,ok,145,6,139,200,PLNNetwork,0.11781609195402298,0.5731414868105515,,,,,,
schafer_phyllosphere_2022,5,ok,145,6,139,200,Poisson GLMNet,0.041379310344827586,0.49280575539568344,,,,,,
schafer_phyllosphere_2022,5,ok,145,6,139,200,SparCC,0.18531164602593175,0.8333333333333334,,,,,,
schafer_phyllosphere_2022,5,ok,145,6,139,200,SPIEC-EASI,0.041379310344827586,0.5,,,,,,
schafer_phyllosphere_2022,5,ok,145,6,139,200,LENS restricted,0.22325448697997718,0.8633093525179856,False,lambda=0.01,4.0,196.0,0.0,0.0
schafer_phyllosphere_2022,5,ok,145,6,139,200,LENS distributed,0.23801997131192762,0.8741007194244604,True,lambda=10,2.0,198.0,0.7254901960784313,0.7103448275862069
schafer_phyllosphere_2022,5,ok,145,6,139,357,OneNet,0.08331477094383853,0.5827338129496403,,,,,,
schafer_phyllosphere_2022,5,ok,145,6,139,357,Fixed mean,0.23801997131192762,0.8741007194244604,,,,,,
schafer_phyllosphere_2022,5,ok,145,6,139,357,PLNNetwork,0.11781609195402298,0.5731414868105515,,,,,,
schafer_phyllosphere_2022,5,ok,145,6,139,357,Poisson GLMNet,0.041379310344827586,0.49280575539568344,,,,,,
schafer_phyllosphere_2022,5,ok,145,6,139,357,SparCC,0.18531164602593175,0.8333333333333334,,,,,,
schafer_phyllosphere_2022,5,ok,145,6,139,357,SPIEC-EASI,0.041379310344827586,0.5,,,,,,
schafer_phyllosphere_2022,5,ok,145,6,139,357,LENS restricted,0.3153769841269841,0.9256594724220624,False,lambda=10,6.0,351.0,0.0,0.0
schafer_phyllosphere_2022,5,ok,145,6,139,357,LENS distributed,0.26937134502923976,0.9052757793764988,False,lambda=0.01,4.0,353.0,0.9019607843137255,0.896551724137931
schafer_phyllosphere_2022,6,ok,329,4,325,5,OneNet,0.12203454958567228,0.9357692307692308,,,,,,
schafer_phyllosphere_2022,6,ok,329,4,325,5,Fixed mean,0.3096167458792598,0.9184615384615384,,,,,,
schafer_phyllosphere_2022,6,ok,329,4,325,5,PLNNetwork,0.1310790273556231,0.73,,,,,,
schafer_phyllosphere_2022,6,ok,329,4,325,5,Poisson GLMNet,0.04238855116514691,0.6930769230769231,,,,,,
schafer_phyllosphere_2022,6,ok,329,4,325,5,SparCC,0.05765554022195389,0.8653846153846154,,,,,,
schafer_phyllosphere_2022,6,ok,329,4,325,5,SPIEC-EASI,0.0121580547112462,0.49846153846153846,,,,,,
schafer_phyllosphere_2022,6,ok,329,4,325,5,LENS restricted,0.3096167458792598,0.9184615384615384,True,lambda=0.01,0.0,5.0,0.0,0.0
schafer_phyllosphere_2022,6,ok,329,4,325,5,LENS distributed,0.3096167458792598,0.9184615384615384,True,lambda=0.01,0.0,5.0,0.0784313725490196,0.00911854103343465
schafer_phyllosphere_2022,6,ok,329,4,325,10,OneNet,0.12203454958567228,0.9357692307692308,,,,,,
schafer_phyllosphere_2022,6,ok,329,4,325,10,Fixed mean,0.3096167458792598,0.9184615384615384,,,,,,
schafer_phyllosphere_2022,6,ok,329,4,325,10,PLNNetwork,0.1310790273556231,0.73,,,,,,
schafer_phyllosphere_2022,6,ok,329,4,325,10,Poisson GLMNet,0.04238855116514691,0.6930769230769231,,,,,,
schafer_phyllosphere_2022,6,ok,329,4,325,10,SparCC,0.05765554022195389,0.8653846153846154,,,,,,
schafer_phyllosphere_2022,6,ok,329,4,325,10,SPIEC-EASI,0.0121580547112462,0.49846153846153846,,,,,,
schafer_phyllosphere_2022,6,ok,329,4,325,10,LENS restricted,0.3096167458792598,0.9184615384615384,True,lambda=0.01,0.0,10.0,0.0,0.0
schafer_phyllosphere_2022,6,ok,329,4,325,10,LENS distributed,0.3096167458792598,0.9184615384615384,True,lambda=0.01,0.0,10.0,0.11764705882352941,0.02735562310030395
schafer_phyllosphere_2022,6,ok,329,4,325,20,OneNet,0.12203454958567228,0.9357692307692308,,,,,,
schafer_phyllosphere_2022,6,ok,329,4,325,20,Fixed mean,0.3096167458792598,0.9184615384615384,,,,,,
schafer_phyllosphere_2022,6,ok,329,4,325,20,PLNNetwork,0.1310790273556231,0.73,,,,,,
schafer_phyllosphere_2022,6,ok,329,4,325,20,Poisson GLMNet,0.04238855116514691,0.6930769230769231,,,,,,
schafer_phyllosphere_2022,6,ok,329,4,325,20,SparCC,0.05765554022195389,0.8653846153846154,,,,,,
schafer_phyllosphere_2022,6,ok,329,4,325,20,SPIEC-EASI,0.0121580547112462,0.49846153846153846,,,,,,
schafer_phyllosphere_2022,6,ok,329,4,325,20,LENS restricted,0.3096167458792598,0.9184615384615384,True,lambda=0.01,1.0,19.0,0.0,0.0
schafer_phyllosphere_2022,6,ok,329,4,325,20,LENS distributed,0.3096167458792598,0.9184615384615384,True,lambda=0.01,0.0,20.0,0.17647058823529413,0.0790273556231003
schafer_phyllosphere_2022,6,ok,329,4,325,50,OneNet,0.12203454958567228,0.9357692307692308,,,,,,
schafer_phyllosphere_2022,6,ok,329,4,325,50,Fixed mean,0.3096167458792598,0.9184615384615384,,,,,,
schafer_phyllosphere_2022,6,ok,329,4,325,50,PLNNetwork,0.1310790273556231,0.73,,,,,,
schafer_phyllosphere_2022,6,ok,329,4,325,50,Poisson GLMNet,0.04238855116514691,0.6930769230769231,,,,,,
schafer_phyllosphere_2022,6,ok,329,4,325,50,SparCC,0.05765554022195389,0.8653846153846154,,,,,,
schafer_phyllosphere_2022,6,ok,329,4,325,50,SPIEC-EASI,0.0121580547112462,0.49846153846153846,,,,,,
schafer_phyllosphere_2022,6,ok,329,4,325,50,LENS restricted,0.3096167458792598,0.9184615384615384,True,lambda=10,2.0,48.0,0.0,0.0
schafer_phyllosphere_2022,6,ok,329,4,325,50,LENS distributed,0.3096167458792598,0.9184615384615384,True,lambda=0.01,1.0,49.0,0.4117647058823529,0.3617021276595745
schafer_phyllosphere_2022,6,ok,329,4,325,100,OneNet,0.12203454958567228,0.9357692307692308,,,,,,
schafer_phyllosphere_2022,6,ok,329,4,325,100,Fixed mean,0.3096167458792598,0.9184615384615384,,,,,,
schafer_phyllosphere_2022,6,ok,329,4,325,100,PLNNetwork,0.1310790273556231,0.73,,,,,,
schafer_phyllosphere_2022,6,ok,329,4,325,100,Poisson GLMNet,0.04238855116514691,0.6930769230769231,,,,,,
schafer_phyllosphere_2022,6,ok,329,4,325,100,SparCC,0.05765554022195389,0.8653846153846154,,,,,,
schafer_phyllosphere_2022,6,ok,329,4,325,100,SPIEC-EASI,0.0121580547112462,0.49846153846153846,,,,,,
schafer_phyllosphere_2022,6,ok,329,4,325,100,LENS restricted,0.3096167458792598,0.9184615384615384,True,lambda=10,2.0,98.0,0.0,0.0
schafer_phyllosphere_2022,6,ok,329,4,325,100,LENS distributed,0.3096167458792598,0.9184615384615384,True,lambda=10,2.0,98.0,0.5098039215686274,0.46808510638297873
schafer_phyllosphere_2022,6,ok,329,4,325,200,OneNet,0.12203454958567228,0.9357692307692308,,,,,,
schafer_phyllosphere_2022,6,ok,329,4,325,200,Fixed mean,0.3096167458792598,0.9184615384615384,,,,,,
schafer_phyllosphere_2022,6,ok,329,4,325,200,PLNNetwork,0.1310790273556231,0.73,,,,,,
schafer_phyllosphere_2022,6,ok,329,4,325,200,Poisson GLMNet,0.04238855116514691,0.6930769230769231,,,,,,
schafer_phyllosphere_2022,6,ok,329,4,325,200,SparCC,0.05765554022195389,0.8653846153846154,,,,,,
schafer_phyllosphere_2022,6,ok,329,4,325,200,SPIEC-EASI,0.0121580547112462,0.49846153846153846,,,,,,
schafer_phyllosphere_2022,6,ok,329,4,325,200,LENS restricted,0.3617944147355912,0.9507692307692307,False,lambda=10,5.0,195.0,0.0,0.0
schafer_phyllosphere_2022,6,ok,329,4,325,200,LENS distributed,0.030086256059309955,0.6561538461538462,False,lambda=0.01,4.0,196.0,0.7058823529411765,0.6808510638297872
schafer_phyllosphere_2022,6,ok,329,4,325,357,OneNet,0.12203454958567228,0.9357692307692308,,,,,,
schafer_phyllosphere_2022,6,ok,329,4,325,357,Fixed mean,0.3096167458792598,0.9184615384615384,,,,,,
schafer_phyllosphere_2022,6,ok,329,4,325,357,PLNNetwork,0.1310790273556231,0.73,,,,,,
schafer_phyllosphere_2022,6,ok,329,4,325,357,Poisson GLMNet,0.04238855116514691,0.6930769230769231,,,,,,
schafer_phyllosphere_2022,6,ok,329,4,325,357,SparCC,0.05765554022195389,0.8653846153846154,,,,,,
schafer_phyllosphere_2022,6,ok,329,4,325,357,SPIEC-EASI,0.0121580547112462,0.49846153846153846,,,,,,
schafer_phyllosphere_2022,6,ok,329,4,325,357,LENS restricted,0.021382145106481863,0.6176923076923077,False,lambda=0.01,12.0,345.0,0.0,0.0
schafer_phyllosphere_2022,6,ok,329,4,325,357,LENS distributed,0.3598182624113475,0.9492307692307692,False,lambda=10,9.0,348.0,0.8823529411764706,0.8723404255319149
schafer_phyllosphere_2022,7,ok,234,2,232,5,OneNet,0.06904761904761905,0.915948275862069,,,,,,
schafer_phyllosphere_2022,7,ok,234,2,232,5,Fixed mean,0.2976190476190476,0.956896551724138,,,,,,
schafer_phyllosphere_2022,7,ok,234,2,232,5,PLNNetwork,0.17094017094017094,0.7381465517241379,,,,,,
schafer_phyllosphere_2022,7,ok,234,2,232,5,Poisson GLMNet,0.008547008547008548,0.47629310344827586,,,,,,
schafer_phyllosphere_2022,7,ok,234,2,232,5,SparCC,0.13942307692307693,0.9612068965517241,,,,,,
schafer_phyllosphere_2022,7,ok,234,2,232,5,SPIEC-EASI,0.008547008547008548,0.5,,,,,,
schafer_phyllosphere_2022,7,ok,234,2,232,5,LENS restricted,0.2976190476190476,0.956896551724138,True,lambda=0.01,0.0,5.0,0.0,0.0
schafer_phyllosphere_2022,7,ok,234,2,232,5,LENS distributed,0.2976190476190476,0.956896551724138,True,lambda=0.01,0.0,5.0,0.0392156862745098,0.0
schafer_phyllosphere_2022,7,ok,234,2,232,10,OneNet,0.06904761904761905,0.915948275862069,,,,,,
schafer_phyllosphere_2022,7,ok,234,2,232,10,Fixed mean,0.2976190476190476,0.956896551724138,,,,,,
schafer_phyllosphere_2022,7,ok,234,2,232,10,PLNNetwork,0.17094017094017094,0.7381465517241379,,,,,,
schafer_phyllosphere_2022,7,ok,234,2,232,10,Poisson GLMNet,0.008547008547008548,0.47629310344827586,,,,,,
schafer_phyllosphere_2022,7,ok,234,2,232,10,SparCC,0.13942307692307693,0.9612068965517241,,,,,,
schafer_phyllosphere_2022,7,ok,234,2,232,10,SPIEC-EASI,0.008547008547008548,0.5,,,,,,
schafer_phyllosphere_2022,7,ok,234,2,232,10,LENS restricted,0.2976190476190476,0.956896551724138,True,lambda=0.01,0.0,10.0,0.0,0.0
schafer_phyllosphere_2022,7,ok,234,2,232,10,LENS distributed,0.2976190476190476,0.956896551724138,True,lambda=0.01,0.0,10.0,0.11764705882352941,0.038461538461538464
schafer_phyllosphere_2022,7,ok,234,2,232,20,OneNet,0.06904761904761905,0.915948275862069,,,,,,
schafer_phyllosphere_2022,7,ok,234,2,232,20,Fixed mean,0.2976190476190476,0.956896551724138,,,,,,
schafer_phyllosphere_2022,7,ok,234,2,232,20,PLNNetwork,0.17094017094017094,0.7381465517241379,,,,,,
schafer_phyllosphere_2022,7,ok,234,2,232,20,Poisson GLMNet,0.008547008547008548,0.47629310344827586,,,,,,
schafer_phyllosphere_2022,7,ok,234,2,232,20,SparCC,0.13942307692307693,0.9612068965517241,,,,,,
schafer_phyllosphere_2022,7,ok,234,2,232,20,SPIEC-EASI,0.008547008547008548,0.5,,,,,,
schafer_phyllosphere_2022,7,ok,234,2,232,20,LENS restricted,0.2976190476190476,0.956896551724138,True,lambda=0.01,0.0,20.0,0.0,0.0
schafer_phyllosphere_2022,7,ok,234,2,232,20,LENS distributed,0.2976190476190476,0.956896551724138,True,lambda=0.01,0.0,20.0,0.17647058823529413,0.08547008547008547
schafer_phyllosphere_2022,7,ok,234,2,232,50,OneNet,0.06904761904761905,0.915948275862069,,,,,,
schafer_phyllosphere_2022,7,ok,234,2,232,50,Fixed mean,0.2976190476190476,0.956896551724138,,,,,,
schafer_phyllosphere_2022,7,ok,234,2,232,50,PLNNetwork,0.17094017094017094,0.7381465517241379,,,,,,
schafer_phyllosphere_2022,7,ok,234,2,232,50,Poisson GLMNet,0.008547008547008548,0.47629310344827586,,,,,,
schafer_phyllosphere_2022,7,ok,234,2,232,50,SparCC,0.13942307692307693,0.9612068965517241,,,,,,
schafer_phyllosphere_2022,7,ok,234,2,232,50,SPIEC-EASI,0.008547008547008548,0.5,,,,,,
schafer_phyllosphere_2022,7,ok,234,2,232,50,LENS restricted,0.2976190476190476,0.956896551724138,True,lambda=0.01,1.0,49.0,0.0,0.0
schafer_phyllosphere_2022,7,ok,234,2,232,50,LENS distributed,0.2976190476190476,0.956896551724138,True,lambda=0.01,0.0,50.0,0.3333333333333333,0.2905982905982906
schafer_phyllosphere_2022,7,ok,234,2,232,100,OneNet,0.06904761904761905,0.915948275862069,,,,,,
schafer_phyllosphere_2022,7,ok,234,2,232,100,Fixed mean,0.2976190476190476,0.956896551724138,,,,,,
schafer_phyllosphere_2022,7,ok,234,2,232,100,PLNNetwork,0.17094017094017094,0.7381465517241379,,,,,,
schafer_phyllosphere_2022,7,ok,234,2,232,100,Poisson GLMNet,0.008547008547008548,0.47629310344827586,,,,,,
schafer_phyllosphere_2022,7,ok,234,2,232,100,SparCC,0.13942307692307693,0.9612068965517241,,,,,,
schafer_phyllosphere_2022,7,ok,234,2,232,100,SPIEC-EASI,0.008547008547008548,0.5,,,,,,
schafer_phyllosphere_2022,7,ok,234,2,232,100,LENS restricted,0.014609094535301157,0.5732758620689655,False,lambda=0.01,5.0,95.0,0.0,0.0
schafer_phyllosphere_2022,7,ok,234,2,232,100,LENS distributed,0.2976190476190476,0.956896551724138,True,lambda=0.01,1.0,99.0,0.49019607843137253,0.46153846153846156
schafer_phyllosphere_2022,7,ok,234,2,232,200,OneNet,0.06904761904761905,0.915948275862069,,,,,,
schafer_phyllosphere_2022,7,ok,234,2,232,200,Fixed mean,0.2976190476190476,0.956896551724138,,,,,,
schafer_phyllosphere_2022,7,ok,234,2,232,200,PLNNetwork,0.17094017094017094,0.7381465517241379,,,,,,
schafer_phyllosphere_2022,7,ok,234,2,232,200,Poisson GLMNet,0.008547008547008548,0.47629310344827586,,,,,,
schafer_phyllosphere_2022,7,ok,234,2,232,200,SparCC,0.13942307692307693,0.9612068965517241,,,,,,
schafer_phyllosphere_2022,7,ok,234,2,232,200,SPIEC-EASI,0.008547008547008548,0.5,,,,,,
schafer_phyllosphere_2022,7,ok,234,2,232,200,LENS restricted,0.024474557522123894,0.6939655172413793,False,lambda=10,6.0,194.0,0.0,0.0
schafer_phyllosphere_2022,7,ok,234,2,232,200,LENS distributed,0.018105629348513598,0.6594827586206897,False,lambda=0.1,6.0,194.0,0.803921568627451,0.7948717948717948
schafer_phyllosphere_2022,7,ok,234,2,232,357,OneNet,0.06904761904761905,0.915948275862069,,,,,,
schafer_phyllosphere_2022,7,ok,234,2,232,357,Fixed mean,0.2976190476190476,0.956896551724138,,,,,,
schafer_phyllosphere_2022,7,ok,234,2,232,357,PLNNetwork,0.17094017094017094,0.7381465517241379,,,,,,
schafer_phyllosphere_2022,7,ok,234,2,232,357,Poisson GLMNet,0.008547008547008548,0.47629310344827586,,,,,,
schafer_phyllosphere_2022,7,ok,234,2,232,357,SparCC,0.13942307692307693,0.9612068965517241,,,,,,
schafer_phyllosphere_2022,7,ok,234,2,232,357,SPIEC-EASI,0.008547008547008548,0.5,,,,,,
schafer_phyllosphere_2022,7,ok,234,2,232,357,LENS restricted,0.21666666666666667,0.9568965517241379,False,lambda=0.1,10.0,347.0,0.0,0.0
schafer_phyllosphere_2022,7,ok,234,2,232,357,LENS distributed,0.05643879173290938,0.8900862068965517,False,lambda=0.01,9.0,348.0,0.9607843137254902,0.9615384615384616
schafer_phyllosphere_2022,8,ok,187,14,173,5,OneNet,0.3387509351206791,0.8162675474814204,,,,,,
schafer_phyllosphere_2022,8,ok,187,14,173,5,Fixed mean,0.33654478866048976,0.8187448389760528,,,,,,
schafer_phyllosphere_2022,8,ok,187,14,173,5,PLNNetwork,0.31538069773363886,0.6358381502890172,,,,,,
schafer_phyllosphere_2022,8,ok,187,14,173,5,Poisson GLMNet,0.13544872494452326,0.5611065235342693,,,,,,
schafer_phyllosphere_2022,8,ok,187,14,173,5,SparCC,0.20425632437951538,0.8154417836498762,,,,,,
schafer_phyllosphere_2022,8,ok,187,14,173,5,SPIEC-EASI,0.0748663101604278,0.5,,,,,,
schafer_phyllosphere_2022,8,ok,187,14,173,5,LENS restricted,0.33654478866048976,0.8187448389760528,True,lambda=0.01,0.0,5.0,0.0,0.0
schafer_phyllosphere_2022,8,ok,187,14,173,5,LENS distributed,0.33654478866048976,0.8187448389760528,True,lambda=0.01,0.0,5.0,0.058823529411764705,0.0
schafer_phyllosphere_2022,8,ok,187,14,173,10,OneNet,0.3387509351206791,0.8162675474814204,,,,,,
schafer_phyllosphere_2022,8,ok,187,14,173,10,Fixed mean,0.33654478866048976,0.8187448389760528,,,,,,
schafer_phyllosphere_2022,8,ok,187,14,173,10,PLNNetwork,0.31538069773363886,0.6358381502890172,,,,,,
schafer_phyllosphere_2022,8,ok,187,14,173,10,Poisson GLMNet,0.13544872494452326,0.5611065235342693,,,,,,
schafer_phyllosphere_2022,8,ok,187,14,173,10,SparCC,0.20425632437951538,0.8154417836498762,,,,,,
schafer_phyllosphere_2022,8,ok,187,14,173,10,SPIEC-EASI,0.0748663101604278,0.5,,,,,,
schafer_phyllosphere_2022,8,ok,187,14,173,10,LENS restricted,0.33654478866048976,0.8187448389760528,True,lambda=0.01,0.0,10.0,0.0,0.0
schafer_phyllosphere_2022,8,ok,187,14,173,10,LENS distributed,0.33654478866048976,0.8187448389760528,True,lambda=0.01,0.0,10.0,0.13725490196078433,0.03208556149732621
schafer_phyllosphere_2022,8,ok,187,14,173,20,OneNet,0.3387509351206791,0.8162675474814204,,,,,,
schafer_phyllosphere_2022,8,ok,187,14,173,20,Fixed mean,0.33654478866048976,0.8187448389760528,,,,,,
schafer_phyllosphere_2022,8,ok,187,14,173,20,PLNNetwork,0.31538069773363886,0.6358381502890172,,,,,,
schafer_phyllosphere_2022,8,ok,187,14,173,20,Poisson GLMNet,0.13544872494452326,0.5611065235342693,,,,,,
schafer_phyllosphere_2022,8,ok,187,14,173,20,SparCC,0.20425632437951538,0.8154417836498762,,,,,,
schafer_phyllosphere_2022,8,ok,187,14,173,20,SPIEC-EASI,0.0748663101604278,0.5,,,,,,
schafer_phyllosphere_2022,8,ok,187,14,173,20,LENS restricted,0.33654478866048976,0.8187448389760528,True,lambda=0.01,0.0,20.0,0.0,0.0
schafer_phyllosphere_2022,8,ok,187,14,173,20,LENS distributed,0.33654478866048976,0.8187448389760528,True,lambda=0.01,0.0,20.0,0.19607843137254902,0.0481283422459893
schafer_phyllosphere_2022,8,ok,187,14,173,50,OneNet,0.3387509351206791,0.8162675474814204,,,,,,
schafer_phyllosphere_2022,8,ok,187,14,173,50,Fixed mean,0.33654478866048976,0.8187448389760528,,,,,,
schafer_phyllosphere_2022,8,ok,187,14,173,50,PLNNetwork,0.31538069773363886,0.6358381502890172,,,,,,
schafer_phyllosphere_2022,8,ok,187,14,173,50,Poisson GLMNet,0.13544872494452326,0.5611065235342693,,,,,,
schafer_phyllosphere_2022,8,ok,187,14,173,50,SparCC,0.20425632437951538,0.8154417836498762,,,,,,
schafer_phyllosphere_2022,8,ok,187,14,173,50,SPIEC-EASI,0.0748663101604278,0.5,,,,,,
schafer_phyllosphere_2022,8,ok,187,14,173,50,LENS restricted,0.33654478866048976,0.8187448389760528,True,lambda=0.01,0.0,50.0,0.0,0.0
schafer_phyllosphere_2022,8,ok,187,14,173,50,LENS distributed,0.33654478866048976,0.8187448389760528,True,lambda=0.01,1.0,49.0,0.4117647058823529,0.39037433155080214
schafer_phyllosphere_2022,8,ok,187,14,173,100,OneNet,0.3387509351206791,0.8162675474814204,,,,,,
schafer_phyllosphere_2022,8,ok,187,14,173,100,Fixed mean,0.33654478866048976,0.8187448389760528,,,,,,
schafer_phyllosphere_2022,8,ok,187,14,173,100,PLNNetwork,0.31538069773363886,0.6358381502890172,,,,,,
schafer_phyllosphere_2022,8,ok,187,14,173,100,Poisson GLMNet,0.13544872494452326,0.5611065235342693,,,,,,
schafer_phyllosphere_2022,8,ok,187,14,173,100,SparCC,0.20425632437951538,0.8154417836498762,,,,,,
schafer_phyllosphere_2022,8,ok,187,14,173,100,SPIEC-EASI,0.0748663101604278,0.5,,,,,,
schafer_phyllosphere_2022,8,ok,187,14,173,100,LENS restricted,0.22951958235714207,0.7935590421139554,False,lambda=10,3.0,97.0,0.0,0.0
schafer_phyllosphere_2022,8,ok,187,14,173,100,LENS distributed,0.33654478866048976,0.8187448389760528,True,lambda=10,2.0,98.0,0.6078431372549019,0.5935828877005348
schafer_phyllosphere_2022,8,ok,187,14,173,200,OneNet,0.3387509351206791,0.8162675474814204,,,,,,
schafer_phyllosphere_2022,8,ok,187,14,173,200,Fixed mean,0.33654478866048976,0.8187448389760528,,,,,,
schafer_phyllosphere_2022,8,ok,187,14,173,200,PLNNetwork,0.31538069773363886,0.6358381502890172,,,,,,
schafer_phyllosphere_2022,8,ok,187,14,173,200,Poisson GLMNet,0.13544872494452326,0.5611065235342693,,,,,,
schafer_phyllosphere_2022,8,ok,187,14,173,200,SparCC,0.20425632437951538,0.8154417836498762,,,,,,
schafer_phyllosphere_2022,8,ok,187,14,173,200,SPIEC-EASI,0.0748663101604278,0.5,,,,,,
schafer_phyllosphere_2022,8,ok,187,14,173,200,LENS restricted,0.22561833311934382,0.7770437654830719,False,lambda=1,4.0,196.0,0.0,0.0
schafer_phyllosphere_2022,8,ok,187,14,173,200,LENS distributed,0.2978444282678766,0.8480594549958712,False,lambda=1,6.0,194.0,0.8627450980392157,0.8556149732620321
schafer_phyllosphere_2022,8,ok,187,14,173,357,OneNet,0.3387509351206791,0.8162675474814204,,,,,,
schafer_phyllosphere_2022,8,ok,187,14,173,357,Fixed mean,0.33654478866048976,0.8187448389760528,,,,,,
schafer_phyllosphere_2022,8,ok,187,14,173,357,PLNNetwork,0.31538069773363886,0.6358381502890172,,,,,,
schafer_phyllosphere_2022,8,ok,187,14,173,357,Poisson GLMNet,0.13544872494452326,0.5611065235342693,,,,,,
schafer_phyllosphere_2022,8,ok,187,14,173,357,SparCC,0.20425632437951538,0.8154417836498762,,,,,,
schafer_phyllosphere_2022,8,ok,187,14,173,357,SPIEC-EASI,0.0748663101604278,0.5,,,,,,
schafer_phyllosphere_2022,8,ok,187,14,173,357,LENS restricted,0.22398552172925276,0.7287365813377374,False,lambda=0.1,6.0,351.0,0.0,0.0
schafer_phyllosphere_2022,8,ok,187,14,173,357,LENS distributed,0.2606434917549658,0.8336085879438481,False,lambda=1,11.0,346.0,0.9607843137254902,0.9625668449197861
schafer_phyllosphere_2022,9,ok,183,8,175,5,OneNet,0.05835750563134855,0.5514285714285715,,,,,,
schafer_phyllosphere_2022,9,ok,183,8,175,5,Fixed mean,0.2640811344663089,0.9264285714285715,,,,,,
schafer_phyllosphere_2022,9,ok,183,8,175,5,PLNNetwork,0.08278688524590164,0.5907142857142856,,,,,,
schafer_phyllosphere_2022,9,ok,183,8,175,5,Poisson GLMNet,0.04371584699453552,0.48857142857142855,,,,,,
schafer_phyllosphere_2022,9,ok,183,8,175,5,SparCC,0.37103174603174605,0.9264285714285714,,,,,,
schafer_phyllosphere_2022,9,ok,183,8,175,5,SPIEC-EASI,0.04371584699453552,0.5,,,,,,
schafer_phyllosphere_2022,9,ok,183,8,175,5,LENS restricted,0.2640811344663089,0.9264285714285715,True,lambda=0.01,0.0,5.0,0.0,0.0
schafer_phyllosphere_2022,9,ok,183,8,175,5,LENS distributed,0.2640811344663089,0.9264285714285715,True,lambda=0.01,0.0,5.0,0.0784313725490196,0.0273224043715847
schafer_phyllosphere_2022,9,ok,183,8,175,10,OneNet,0.05835750563134855,0.5514285714285715,,,,,,
schafer_phyllosphere_2022,9,ok,183,8,175,10,Fixed mean,0.2640811344663089,0.9264285714285715,,,,,,
schafer_phyllosphere_2022,9,ok,183,8,175,10,PLNNetwork,0.08278688524590164,0.5907142857142856,,,,,,
schafer_phyllosphere_2022,9,ok,183,8,175,10,Poisson GLMNet,0.04371584699453552,0.48857142857142855,,,,,,
schafer_phyllosphere_2022,9,ok,183,8,175,10,SparCC,0.37103174603174605,0.9264285714285714,,,,,,
schafer_phyllosphere_2022,9,ok,183,8,175,10,SPIEC-EASI,0.04371584699453552,0.5,,,,,,
schafer_phyllosphere_2022,9,ok,183,8,175,10,LENS restricted,0.2640811344663089,0.9264285714285715,True,lambda=0.01,0.0,10.0,0.0,0.0
schafer_phyllosphere_2022,9,ok,183,8,175,10,LENS distributed,0.2640811344663089,0.9264285714285715,True,lambda=0.01,0.0,10.0,0.09803921568627451,0.04918032786885246
schafer_phyllosphere_2022,9,ok,183,8,175,20,OneNet,0.05835750563134855,0.5514285714285715,,,,,,
schafer_phyllosphere_2022,9,ok,183,8,175,20,Fixed mean,0.2640811344663089,0.9264285714285715,,,,,,
schafer_phyllosphere_2022,9,ok,183,8,175,20,PLNNetwork,0.08278688524590164,0.5907142857142856,,,,,,
schafer_phyllosphere_2022,9,ok,183,8,175,20,Poisson GLMNet,0.04371584699453552,0.48857142857142855,,,,,,
schafer_phyllosphere_2022,9,ok,183,8,175,20,SparCC,0.37103174603174605,0.9264285714285714,,,,,,
schafer_phyllosphere_2022,9,ok,183,8,175,20,SPIEC-EASI,0.04371584699453552,0.5,,,,,,
schafer_phyllosphere_2022,9,ok,183,8,175,20,LENS restricted,0.2640811344663089,0.9264285714285715,True,lambda=0.01,0.0,20.0,0.0,0.0
schafer_phyllosphere_2022,9,ok,183,8,175,20,LENS distributed,0.2640811344663089,0.9264285714285715,True,lambda=0.01,0.0,20.0,0.1568627450980392,0.11475409836065574
schafer_phyllosphere_2022,9,ok,183,8,175,50,OneNet,0.05835750563134855,0.5514285714285715,,,,,,
schafer_phyllosphere_2022,9,ok,183,8,175,50,Fixed mean,0.2640811344663089,0.9264285714285715,,,,,,
schafer_phyllosphere_2022,9,ok,183,8,175,50,PLNNetwork,0.08278688524590164,0.5907142857142856,,,,,,
schafer_phyllosphere_2022,9,ok,183,8,175,50,Poisson GLMNet,0.04371584699453552,0.48857142857142855,,,,,,
schafer_phyllosphere_2022,9,ok,183,8,175,50,SparCC,0.37103174603174605,0.9264285714285714,,,,,,
schafer_phyllosphere_2022,9,ok,183,8,175,50,SPIEC-EASI,0.04371584699453552,0.5,,,,,,
schafer_phyllosphere_2022,9,ok,183,8,175,50,LENS restricted,0.2640811344663089,0.9264285714285715,True,lambda=0.01,0.0,50.0,0.0,0.0
schafer_phyllosphere_2022,9,ok,183,8,175,50,LENS distributed,0.2640811344663089,0.9264285714285715,True,lambda=0.01,0.0,50.0,0.2549019607843137,0.22404371584699453
schafer_phyllosphere_2022,9,ok,183,8,175,100,OneNet,0.05835750563134855,0.5514285714285715,,,,,,
schafer_phyllosphere_2022,9,ok,183,8,175,100,Fixed mean,0.2640811344663089,0.9264285714285715,,,,,,
schafer_phyllosphere_2022,9,ok,183,8,175,100,PLNNetwork,0.08278688524590164,0.5907142857142856,,,,,,
schafer_phyllosphere_2022,9,ok,183,8,175,100,Poisson GLMNet,0.04371584699453552,0.48857142857142855,,,,,,
schafer_phyllosphere_2022,9,ok,183,8,175,100,SparCC,0.37103174603174605,0.9264285714285714,,,,,,
schafer_phyllosphere_2022,9,ok,183,8,175,100,SPIEC-EASI,0.04371584699453552,0.5,,,,,,
schafer_phyllosphere_2022,9,ok,183,8,175,100,LENS restricted,0.3661506707946336,0.9485714285714286,False,lambda=10,4.0,96.0,0.0,0.0
schafer_phyllosphere_2022,9,ok,183,8,175,100,LENS distributed,0.2640811344663089,0.9264285714285715,True,lambda=10,2.0,98.0,0.45098039215686275,0.43169398907103823
schafer_phyllosphere_2022,9,ok,183,8,175,200,OneNet,0.05835750563134855,0.5514285714285715,,,,,,
schafer_phyllosphere_2022,9,ok,183,8,175,200,Fixed mean,0.2640811344663089,0.9264285714285715,,,,,,
schafer_phyllosphere_2022,9,ok,183,8,175,200,PLNNetwork,0.08278688524590164,0.5907142857142856,,,,,,
schafer_phyllosphere_2022,9,ok,183,8,175,200,Poisson GLMNet,0.04371584699453552,0.48857142857142855,,,,,,
schafer_phyllosphere_2022,9,ok,183,8,175,200,SparCC,0.37103174603174605,0.9264285714285714,,,,,,
schafer_phyllosphere_2022,9,ok,183,8,175,200,SPIEC-EASI,0.04371584699453552,0.5,,,,,,
schafer_phyllosphere_2022,9,ok,183,8,175,200,LENS restricted,0.332146873594242,0.9378571428571428,False,lambda=10,5.0,195.0,0.0,0.0
schafer_phyllosphere_2022,9,ok,183,8,175,200,LENS distributed,0.19516178266178266,0.9007142857142857,False,lambda=10,4.0,196.0,0.7058823529411765,0.6939890710382514
schafer_phyllosphere_2022,9,ok,183,8,175,357,OneNet,0.05835750563134855,0.5514285714285715,,,,,,
schafer_phyllosphere_2022,9,ok,183,8,175,357,Fixed mean,0.2640811344663089,0.9264285714285715,,,,,,
schafer_phyllosphere_2022,9,ok,183,8,175,357,PLNNetwork,0.08278688524590164,0.5907142857142856,,,,,,
schafer_phyllosphere_2022,9,ok,183,8,175,357,Poisson GLMNet,0.04371584699453552,0.48857142857142855,,,,,,
schafer_phyllosphere_2022,9,ok,183,8,175,357,SparCC,0.37103174603174605,0.9264285714285714,,,,,,
schafer_phyllosphere_2022,9,ok,183,8,175,357,SPIEC-EASI,0.04371584699453552,0.5,,,,,,
schafer_phyllosphere_2022,9,ok,183,8,175,357,LENS restricted,0.3408396793265214,0.9407142857142857,False,lambda=10,8.0,349.0,0.0,0.0
schafer_phyllosphere_2022,9,ok,183,8,175,357,LENS distributed,0.43616506042976627,0.9521428571428572,False,lambda=0.01,10.0,347.0,0.9411764705882353,0.9344262295081968
schafer_phyllosphere_2022,10,ok,323,5,318,5,OneNet,0.10184246849006574,0.8355345911949685,,,,,,
schafer_phyllosphere_2022,10,ok,323,5,318,5,Fixed mean,0.15038559905567578,0.9314465408805032,,,,,,
schafer_phyllosphere_2022,10,ok,323,5,318,5,PLNNetwork,0.015479876160990712,0.48742138364779874,,,,,,
schafer_phyllosphere_2022,10,ok,323,5,318,5,Poisson GLMNet,0.1333348076072534,0.769182389937107,,,,,,
schafer_phyllosphere_2022,10,ok,323,5,318,5,SparCC,0.08284954811270602,0.8213836477987422,,,,,,
schafer_phyllosphere_2022,10,ok,323,5,318,5,SPIEC-EASI,0.015479876160990712,0.49842767295597484,,,,,,
schafer_phyllosphere_2022,10,ok,323,5,318,5,LENS restricted,0.15038559905567578,0.9314465408805032,True,lambda=0.01,1.0,4.0,0.0,0.0
schafer_phyllosphere_2022,10,ok,323,5,318,5,LENS distributed,0.15038559905567578,0.9314465408805032,True,lambda=0.01,0.0,5.0,0.0392156862745098,0.0
schafer_phyllosphere_2022,10,ok,323,5,318,10,OneNet,0.10184246849006574,0.8355345911949685,,,,,,
schafer_phyllosphere_2022,10,ok,323,5,318,10,Fixed mean,0.15038559905567578,0.9314465408805032,,,,,,
schafer_phyllosphere_2022,10,ok,323,5,318,10,PLNNetwork,0.015479876160990712,0.48742138364779874,,,,,,
schafer_phyllosphere_2022,10,ok,323,5,318,10,Poisson GLMNet,0.1333348076072534,0.769182389937107,,,,,,
schafer_phyllosphere_2022,10,ok,323,5,318,10,SparCC,0.08284954811270602,0.8213836477987422,,,,,,
schafer_phyllosphere_2022,10,ok,323,5,318,10,SPIEC-EASI,0.015479876160990712,0.49842767295597484,,,,,,
schafer_phyllosphere_2022,10,ok,323,5,318,10,LENS restricted,0.15038559905567578,0.9314465408805032,True,lambda=0.01,1.0,9.0,0.0,0.0
schafer_phyllosphere_2022,10,ok,323,5,318,10,LENS distributed,0.15038559905567578,0.9314465408805032,True,lambda=0.01,1.0,9.0,0.09803921568627451,0.02476780185758514
schafer_phyllosphere_2022,10,ok,323,5,318,20,OneNet,0.10184246849006574,0.8355345911949685,,,,,,
schafer_phyllosphere_2022,10,ok,323,5,318,20,Fixed mean,0.15038559905567578,0.9314465408805032,,,,,,
schafer_phyllosphere_2022,10,ok,323,5,318,20,PLNNetwork,0.015479876160990712,0.48742138364779874,,,,,,
schafer_phyllosphere_2022,10,ok,323,5,318,20,Poisson GLMNet,0.1333348076072534,0.769182389937107,,,,,,
schafer_phyllosphere_2022,10,ok,323,5,318,20,SparCC,0.08284954811270602,0.8213836477987422,,,,,,
schafer_phyllosphere_2022,10,ok,323,5,318,20,SPIEC-EASI,0.015479876160990712,0.49842767295597484,,,,,,
schafer_phyllosphere_2022,10,ok,323,5,318,20,LENS restricted,0.15038559905567578,0.9314465408805032,True,lambda=10,2.0,18.0,0.0,0.0
schafer_phyllosphere_2022,10,ok,323,5,318,20,LENS distributed,0.15038559905567578,0.9314465408805032,True,lambda=10,2.0,18.0,0.1568627450980392,0.06501547987616099
schafer_phyllosphere_2022,10,ok,323,5,318,50,OneNet,0.10184246849006574,0.8355345911949685,,,,,,
schafer_phyllosphere_2022,10,ok,323,5,318,50,Fixed mean,0.15038559905567578,0.9314465408805032,,,,,,
schafer_phyllosphere_2022,10,ok,323,5,318,50,PLNNetwork,0.015479876160990712,0.48742138364779874,,,,,,
schafer_phyllosphere_2022,10,ok,323,5,318,50,Poisson GLMNet,0.1333348076072534,0.769182389937107,,,,,,
schafer_phyllosphere_2022,10,ok,323,5,318,50,SparCC,0.08284954811270602,0.8213836477987422,,,,,,
schafer_phyllosphere_2022,10,ok,323,5,318,50,SPIEC-EASI,0.015479876160990712,0.49842767295597484,,,,,,
schafer_phyllosphere_2022,10,ok,323,5,318,50,LENS restricted,0.16848366013071897,0.9025157232704402,False,lambda=10,4.0,46.0,0.0,0.0
schafer_phyllosphere_2022,10,ok,323,5,318,50,LENS distributed,0.2716179383468158,0.9056603773584906,False,lambda=10,3.0,47.0,0.3333333333333333,0.24458204334365324
schafer_phyllosphere_2022,10,ok,323,5,318,100,OneNet,0.10184246849006574,0.8355345911949685,,,,,,
schafer_phyllosphere_2022,10,ok,323,5,318,100,Fixed mean,0.15038559905567578,0.9314465408805032,,,,,,
schafer_phyllosphere_2022,10,ok,323,5,318,100,PLNNetwork,0.015479876160990712,0.48742138364779874,,,,,,
schafer_phyllosphere_2022,10,ok,323,5,318,100,Poisson GLMNet,0.1333348076072534,0.769182389937107,,,,,,
schafer_phyllosphere_2022,10,ok,323,5,318,100,SparCC,0.08284954811270602,0.8213836477987422,,,,,,
schafer_phyllosphere_2022,10,ok,323,5,318,100,SPIEC-EASI,0.015479876160990712,0.49842767295597484,,,,,,
schafer_phyllosphere_2022,10,ok,323,5,318,100,LENS restricted,0.2765895210543234,0.9106918238993711,False,lambda=10,6.0,94.0,0.0,0.0
schafer_phyllosphere_2022,10,ok,323,5,318,100,LENS distributed,0.14084525643847678,0.9106918238993711,False,lambda=10,4.0,96.0,0.49019607843137253,0.44891640866873067
schafer_phyllosphere_2022,10,ok,323,5,318,200,OneNet,0.10184246849006574,0.8355345911949685,,,,,,
schafer_phyllosphere_2022,10,ok,323,5,318,200,Fixed mean,0.15038559905567578,0.9314465408805032,,,,,,
schafer_phyllosphere_2022,10,ok,323,5,318,200,PLNNetwork,0.015479876160990712,0.48742138364779874,,,,,,
schafer_phyllosphere_2022,10,ok,323,5,318,200,Poisson GLMNet,0.1333348076072534,0.769182389937107,,,,,,
schafer_phyllosphere_2022,10,ok,323,5,318,200,SparCC,0.08284954811270602,0.8213836477987422,,,,,,
schafer_phyllosphere_2022,10,ok,323,5,318,200,SPIEC-EASI,0.015479876160990712,0.49842767295597484,,,,,,
schafer_phyllosphere_2022,10,ok,323,5,318,200,LENS restricted,0.2905872747747748,0.8150943396226416,False,lambda=0.01,9.0,191.0,0.0,0.0
schafer_phyllosphere_2022,10,ok,323,5,318,200,LENS distributed,0.27433722464148425,0.9081761006289308,False,lambda=1,9.0,191.0,0.7647058823529411,0.7523219814241486
schafer_phyllosphere_2022,10,ok,323,5,318,357,OneNet,0.10184246849006574,0.8355345911949685,,,,,,
schafer_phyllosphere_2022,10,ok,323,5,318,357,Fixed mean,0.15038559905567578,0.9314465408805032,,,,,,
schafer_phyllosphere_2022,10,ok,323,5,318,357,PLNNetwork,0.015479876160990712,0.48742138364779874,,,,,,
schafer_phyllosphere_2022,10,ok,323,5,318,357,Poisson GLMNet,0.1333348076072534,0.769182389937107,,,,,,
schafer_phyllosphere_2022,10,ok,323,5,318,357,SparCC,0.08284954811270602,0.8213836477987422,,,,,,
schafer_phyllosphere_2022,10,ok,323,5,318,357,SPIEC-EASI,0.015479876160990712,0.49842767295597484,,,,,,
schafer_phyllosphere_2022,10,ok,323,5,318,357,LENS restricted,0.1265241376841206,0.7383647798742139,False,lambda=0.01,18.0,339.0,0.0,0.0
schafer_phyllosphere_2022,10,ok,323,5,318,357,LENS distributed,0.29516250944822375,0.8182389937106918,False,lambda=0.01,11.0,346.0,0.9215686274509803,0.9195046439628483
schafer_phyllosphere_2022,11,ok,232,14,218,5,OneNet,0.19606762609493075,0.7472149410222805,,,,,,
schafer_phyllosphere_2022,11,ok,232,14,218,5,Fixed mean,0.2289676926680284,0.8804062909567496,,,,,,
schafer_phyllosphere_2022,11,ok,232,14,218,5,PLNNetwork,0.0981527093596059,0.5615989515072084,,,,,,
schafer_phyllosphere_2022,11,ok,232,14,218,5,Poisson GLMNet,0.10761787473610133,0.5611074705111402,,,,,,
schafer_phyllosphere_2022,11,ok,232,14,218,5,SparCC,0.2563555383579669,0.9007208387942334,,,,,,
schafer_phyllosphere_2022,11,ok,232,14,218,5,SPIEC-EASI,0.0603448275862069,0.49770642201834864,,,,,,
schafer_phyllosphere_2022,11,ok,232,14,218,5,LENS restricted,0.2289676926680284,0.8804062909567496,True,lambda=0.01,0.0,5.0,0.0,0.0
schafer_phyllosphere_2022,11,ok,232,14,218,5,LENS distributed,0.2289676926680284,0.8804062909567496,True,lambda=0.01,0.0,5.0,0.058823529411764705,0.008620689655172414
schafer_phyllosphere_2022,11,ok,232,14,218,10,OneNet,0.19606762609493075,0.7472149410222805,,,,,,
schafer_phyllosphere_2022,11,ok,232,14,218,10,Fixed mean,0.2289676926680284,0.8804062909567496,,,,,,
schafer_phyllosphere_2022,11,ok,232,14,218,10,PLNNetwork,0.0981527093596059,0.5615989515072084,,,,,,
schafer_phyllosphere_2022,11,ok,232,14,218,10,Poisson GLMNet,0.10761787473610133,0.5611074705111402,,,,,,
schafer_phyllosphere_2022,11,ok,232,14,218,10,SparCC,0.2563555383579669,0.9007208387942334,,,,,,
schafer_phyllosphere_2022,11,ok,232,14,218,10,SPIEC-EASI,0.0603448275862069,0.49770642201834864,,,,,,
schafer_phyllosphere_2022,11,ok,232,14,218,10,LENS restricted,0.2289676926680284,0.8804062909567496,True,lambda=0.01,0.0,10.0,0.0,0.0
schafer_phyllosphere_2022,11,ok,232,14,218,10,LENS distributed,0.2289676926680284,0.8804062909567496,True,lambda=0.01,0.0,10.0,0.11764705882352941,0.04741379310344827
schafer_phyllosphere_2022,11,ok,232,14,218,20,OneNet,0.19606762609493075,0.7472149410222805,,,,,,
schafer_phyllosphere_2022,11,ok,232,14,218,20,Fixed mean,0.2289676926680284,0.8804062909567496,,,,,,
schafer_phyllosphere_2022,11,ok,232,14,218,20,PLNNetwork,0.0981527093596059,0.5615989515072084,,,,,,
schafer_phyllosphere_2022,11,ok,232,14,218,20,Poisson GLMNet,0.10761787473610133,0.5611074705111402,,,,,,
schafer_phyllosphere_2022,11,ok,232,14,218,20,SparCC,0.2563555383579669,0.9007208387942334,,,,,,
schafer_phyllosphere_2022,11,ok,232,14,218,20,SPIEC-EASI,0.0603448275862069,0.49770642201834864,,,,,,
schafer_phyllosphere_2022,11,ok,232,14,218,20,LENS restricted,0.2289676926680284,0.8804062909567496,True,lambda=0.01,0.0,20.0,0.0,0.0
schafer_phyllosphere_2022,11,ok,232,14,218,20,LENS distributed,0.2289676926680284,0.8804062909567496,True,lambda=0.01,0.0,20.0,0.17647058823529413,0.10344827586206896
schafer_phyllosphere_2022,11,ok,232,14,218,50,OneNet,0.19606762609493075,0.7472149410222805,,,,,,
schafer_phyllosphere_2022,11,ok,232,14,218,50,Fixed mean,0.2289676926680284,0.8804062909567496,,,,,,
schafer_phyllosphere_2022,11,ok,232,14,218,50,PLNNetwork,0.0981527093596059,0.5615989515072084,,,,,,
schafer_phyllosphere_2022,11,ok,232,14,218,50,Poisson GLMNet,0.10761787473610133,0.5611074705111402,,,,,,
schafer_phyllosphere_2022,11,ok,232,14,218,50,SparCC,0.2563555383579669,0.9007208387942334,,,,,,
schafer_phyllosphere_2022,11,ok,232,14,218,50,SPIEC-EASI,0.0603448275862069,0.49770642201834864,,,,,,
schafer_phyllosphere_2022,11,ok,232,14,218,50,LENS restricted,0.2492054646166067,0.8859764089121888,False,lambda=10,3.0,47.0,0.0,0.0
schafer_phyllosphere_2022,11,ok,232,14,218,50,LENS distributed,0.2289676926680284,0.8804062909567496,True,lambda=0.01,0.0,50.0,0.3137254901960784,0.22413793103448276
schafer_phyllosphere_2022,11,ok,232,14,218,100,OneNet,0.19606762609493075,0.7472149410222805,,,,,,
schafer_phyllosphere_2022,11,ok,232,14,218,100,Fixed mean,0.2289676926680284,0.8804062909567496,,,,,,
schafer_phyllosphere_2022,11,ok,232,14,218,100,PLNNetwork,0.0981527093596059,0.5615989515072084,,,,,,
schafer_phyllosphere_2022,11,ok,232,14,218,100,Poisson GLMNet,0.10761787473610133,0.5611074705111402,,,,,,
schafer_phyllosphere_2022,11,ok,232,14,218,100,SparCC,0.2563555383579669,0.9007208387942334,,,,,,
schafer_phyllosphere_2022,11,ok,232,14,218,100,SPIEC-EASI,0.0603448275862069,0.49770642201834864,,,,,,
schafer_phyllosphere_2022,11,ok,232,14,218,100,LENS restricted,0.21674371560539185,0.8695937090432504,False,lambda=10,3.0,97.0,0.0,0.0
schafer_phyllosphere_2022,11,ok,232,14,218,100,LENS distributed,0.2500680292355937,0.886959370904325,False,lambda=10,3.0,97.0,0.5294117647058824,0.49137931034482757
schafer_phyllosphere_2022,11,ok,232,14,218,200,OneNet,0.19606762609493075,0.7472149410222805,,,,,,
schafer_phyllosphere_2022,11,ok,232,14,218,200,Fixed mean,0.2289676926680284,0.8804062909567496,,,,,,
schafer_phyllosphere_2022,11,ok,232,14,218,200,PLNNetwork,0.0981527093596059,0.5615989515072084,,,,,,
schafer_phyllosphere_2022,11,ok,232,14,218,200,Poisson GLMNet,0.10761787473610133,0.5611074705111402,,,,,,
schafer_phyllosphere_2022,11,ok,232,14,218,200,SparCC,0.2563555383579669,0.9007208387942334,,,,,,
schafer_phyllosphere_2022,11,ok,232,14,218,200,SPIEC-EASI,0.0603448275862069,0.49770642201834864,,,,,,
schafer_phyllosphere_2022,11,ok,232,14,218,200,LENS restricted,0.20688930528324145,0.8338794233289646,False,lambda=0.1,5.0,195.0,0.0,0.0
schafer_phyllosphere_2022,11,ok,232,14,218,200,LENS distributed,0.26767278590042226,0.7945609436435124,False,lambda=0.1,7.0,193.0,0.7843137254901961,0.7629310344827587
schafer_phyllosphere_2022,11,ok,232,14,218,357,OneNet,0.19606762609493075,0.7472149410222805,,,,,,
schafer_phyllosphere_2022,11,ok,232,14,218,357,Fixed mean,0.2289676926680284,0.8804062909567496,,,,,,
schafer_phyllosphere_2022,11,ok,232,14,218,357,PLNNetwork,0.0981527093596059,0.5615989515072084,,,,,,
schafer_phyllosphere_2022,11,ok,232,14,218,357,Poisson GLMNet,0.10761787473610133,0.5611074705111402,,,,,,
schafer_phyllosphere_2022,11,ok,232,14,218,357,SparCC,0.2563555383579669,0.9007208387942334,,,,,,
schafer_phyllosphere_2022,11,ok,232,14,218,357,SPIEC-EASI,0.0603448275862069,0.49770642201834864,,,,,,
schafer_phyllosphere_2022,11,ok,232,14,218,357,LENS restricted,0.25228284519763733,0.8935124508519005,False,lambda=10,6.0,351.0,0.0,0.0
schafer_phyllosphere_2022,11,ok,232,14,218,357,LENS distributed,0.293906647509664,0.8437090432503276,False,lambda=1,9.0,348.0,0.9019607843137255,0.8922413793103449
schafer_phyllosphere_2022,12,ok,316,11,305,5,OneNet,0.20161155239195166,0.9108792846497764,,,,,,
schafer_phyllosphere_2022,12,ok,316,11,305,5,Fixed mean,0.32241604355240716,0.920715350223547,,,,,,
schafer_phyllosphere_2022,12,ok,316,11,305,5,PLNNetwork,0.1403337169159954,0.6588673621460508,,,,,,
schafer_phyllosphere_2022,12,ok,316,11,305,5,Poisson GLMNet,0.409138856923667,0.6953800298062593,,,,,,
schafer_phyllosphere_2022,12,ok,316,11,305,5,SparCC,0.17212773978387003,0.8715350223546945,,,,,,
schafer_phyllosphere_2022,12,ok,316,11,305,5,SPIEC-EASI,0.03481012658227848,0.5,,,,,,
schafer_phyllosphere_2022,12,ok,316,11,305,5,LENS restricted,0.32241604355240716,0.920715350223547,True,lambda=0.01,0.0,5.0,0.0,0.0
schafer_phyllosphere_2022,12,ok,316,11,305,5,LENS distributed,0.32241604355240716,0.920715350223547,True,lambda=0.01,0.0,5.0,0.058823529411764705,0.0031645569620253164
schafer_phyllosphere_2022,12,ok,316,11,305,10,OneNet,0.20161155239195166,0.9108792846497764,,,,,,
schafer_phyllosphere_2022,12,ok,316,11,305,10,Fixed mean,0.32241604355240716,0.920715350223547,,,,,,
schafer_phyllosphere_2022,12,ok,316,11,305,10,PLNNetwork,0.1403337169159954,0.6588673621460508,,,,,,
schafer_phyllosphere_2022,12,ok,316,11,305,10,Poisson GLMNet,0.409138856923667,0.6953800298062593,,,,,,
schafer_phyllosphere_2022,12,ok,316,11,305,10,SparCC,0.17212773978387003,0.8715350223546945,,,,,,
schafer_phyllosphere_2022,12,ok,316,11,305,10,SPIEC-EASI,0.03481012658227848,0.5,,,,,,
schafer_phyllosphere_2022,12,ok,316,11,305,10,LENS restricted,0.32241604355240716,0.920715350223547,True,lambda=0.01,0.0,10.0,0.0,0.0
schafer_phyllosphere_2022,12,ok,316,11,305,10,LENS distributed,0.32241604355240716,0.920715350223547,True,lambda=0.01,0.0,10.0,0.11764705882352941,0.0379746835443038
schafer_phyllosphere_2022,12,ok,316,11,305,20,OneNet,0.20161155239195166,0.9108792846497764,,,,,,
schafer_phyllosphere_2022,12,ok,316,11,305,20,Fixed mean,0.32241604355240716,0.920715350223547,,,,,,
schafer_phyllosphere_2022,12,ok,316,11,305,20,PLNNetwork,0.1403337169159954,0.6588673621460508,,,,,,
schafer_phyllosphere_2022,12,ok,316,11,305,20,Poisson GLMNet,0.409138856923667,0.6953800298062593,,,,,,
schafer_phyllosphere_2022,12,ok,316,11,305,20,SparCC,0.17212773978387003,0.8715350223546945,,,,,,
schafer_phyllosphere_2022,12,ok,316,11,305,20,SPIEC-EASI,0.03481012658227848,0.5,,,,,,
schafer_phyllosphere_2022,12,ok,316,11,305,20,LENS restricted,0.32241604355240716,0.920715350223547,True,lambda=0.01,0.0,20.0,0.0,0.0
schafer_phyllosphere_2022,12,ok,316,11,305,20,LENS distributed,0.32241604355240716,0.920715350223547,True,lambda=0.01,1.0,19.0,0.1568627450980392,0.060126582278481014
schafer_phyllosphere_2022,12,ok,316,11,305,50,OneNet,0.20161155239195166,0.9108792846497764,,,,,,
schafer_phyllosphere_2022,12,ok,316,11,305,50,Fixed mean,0.32241604355240716,0.920715350223547,,,,,,
schafer_phyllosphere_2022,12,ok,316,11,305,50,PLNNetwork,0.1403337169159954,0.6588673621460508,,,,,,
schafer_phyllosphere_2022,12,ok,316,11,305,50,Poisson GLMNet,0.409138856923667,0.6953800298062593,,,,,,
schafer_phyllosphere_2022,12,ok,316,11,305,50,SparCC,0.17212773978387003,0.8715350223546945,,,,,,
schafer_phyllosphere_2022,12,ok,316,11,305,50,SPIEC-EASI,0.03481012658227848,0.5,,,,,,
schafer_phyllosphere_2022,12,ok,316,11,305,50,LENS restricted,0.32241604355240716,0.920715350223547,True,lambda=0.01,0.0,50.0,0.0,0.0
schafer_phyllosphere_2022,12,ok,316,11,305,50,LENS distributed,0.32241604355240716,0.920715350223547,True,lambda=0.01,1.0,49.0,0.29411764705882354,0.22784810126582278
schafer_phyllosphere_2022,12,ok,316,11,305,100,OneNet,0.20161155239195166,0.9108792846497764,,,,,,
schafer_phyllosphere_2022,12,ok,316,11,305,100,Fixed mean,0.32241604355240716,0.920715350223547,,,,,,
schafer_phyllosphere_2022,12,ok,316,11,305,100,PLNNetwork,0.1403337169159954,0.6588673621460508,,,,,,
schafer_phyllosphere_2022,12,ok,316,11,305,100,Poisson GLMNet,0.409138856923667,0.6953800298062593,,,,,,
schafer_phyllosphere_2022,12,ok,316,11,305,100,SparCC,0.17212773978387003,0.8715350223546945,,,,,,
schafer_phyllosphere_2022,12,ok,316,11,305,100,SPIEC-EASI,0.03481012658227848,0.5,,,,,,
schafer_phyllosphere_2022,12,ok,316,11,305,100,LENS restricted,0.32241604355240716,0.920715350223547,True,lambda=0.01,1.0,99.0,0.0,0.0
schafer_phyllosphere_2022,12,ok,316,11,305,100,LENS distributed,0.3942750359811066,0.9076005961251863,False,lambda=10,3.0,97.0,0.4117647058823529,0.3512658227848101
schafer_phyllosphere_2022,12,ok,316,11,305,200,OneNet,0.20161155239195166,0.9108792846497764,,,,,,
schafer_phyllosphere_2022,12,ok,316,11,305,200,Fixed mean,0.32241604355240716,0.920715350223547,,,,,,
schafer_phyllosphere_2022,12,ok,316,11,305,200,PLNNetwork,0.1403337169159954,0.6588673621460508,,,,,,
schafer_phyllosphere_2022,12,ok,316,11,305,200,Poisson GLMNet,0.409138856923667,0.6953800298062593,,,,,,
schafer_phyllosphere_2022,12,ok,316,11,305,200,SparCC,0.17212773978387003,0.8715350223546945,,,,,,
schafer_phyllosphere_2022,12,ok,316,11,305,200,SPIEC-EASI,0.03481012658227848,0.5,,,,,,
schafer_phyllosphere_2022,12,ok,316,11,305,200,LENS restricted,0.32241604355240716,0.920715350223547,True,lambda=0.01,1.0,199.0,0.0,0.0
schafer_phyllosphere_2022,12,ok,316,11,305,200,LENS distributed,0.38247325404966426,0.8885245901639345,False,lambda=1,6.0,194.0,0.6078431372549019,0.5664556962025317
schafer_phyllosphere_2022,12,ok,316,11,305,357,OneNet,0.20161155239195166,0.9108792846497764,,,,,,
schafer_phyllosphere_2022,12,ok,316,11,305,357,Fixed mean,0.32241604355240716,0.920715350223547,,,,,,
schafer_phyllosphere_2022,12,ok,316,11,305,357,PLNNetwork,0.1403337169159954,0.6588673621460508,,,,,,
schafer_phyllosphere_2022,12,ok,316,11,305,357,Poisson GLMNet,0.409138856923667,0.6953800298062593,,,,,,
schafer_phyllosphere_2022,12,ok,316,11,305,357,SparCC,0.17212773978387003,0.8715350223546945,,,,,,
schafer_phyllosphere_2022,12,ok,316,11,305,357,SPIEC-EASI,0.03481012658227848,0.5,,,,,,
schafer_phyllosphere_2022,12,ok,316,11,305,357,LENS restricted,0.32241604355240716,0.920715350223547,True,lambda=10,2.0,355.0,0.0,0.0
schafer_phyllosphere_2022,12,ok,316,11,305,357,LENS distributed,0.3981454592857306,0.9141579731743668,False,lambda=1,10.0,347.0,0.8235294117647058,0.8069620253164557
schafer_phyllosphere_2022,13,ok,275,10,265,5,OneNet,0.17037817867895008,0.7758490566037736,,,,,,
schafer_phyllosphere_2022,13,ok,275,10,265,5,Fixed mean,0.26345468776539827,0.8947169811320754,,,,,,
schafer_phyllosphere_2022,13,ok,275,10,265,5,PLNNetwork,0.15175324675324675,0.7262264150943396,,,,,,
schafer_phyllosphere_2022,13,ok,275,10,265,5,Poisson GLMNet,0.04522727272727273,0.5116981132075472,,,,,,
schafer_phyllosphere_2022,13,ok,275,10,265,5,SparCC,0.19671454559639143,0.9003773584905661,,,,,,
schafer_phyllosphere_2022,13,ok,275,10,265,5,SPIEC-EASI,0.03636363636363636,0.4981132075471698,,,,,,
schafer_phyllosphere_2022,13,ok,275,10,265,5,LENS restricted,0.26345468776539827,0.8947169811320754,True,lambda=0.01,0.0,5.0,0.0,0.0
schafer_phyllosphere_2022,13,ok,275,10,265,5,LENS distributed,0.26345468776539827,0.8947169811320754,True,lambda=0.01,0.0,5.0,0.0784313725490196,0.01818181818181818
schafer_phyllosphere_2022,13,ok,275,10,265,10,OneNet,0.17037817867895008,0.7758490566037736,,,,,,
schafer_phyllosphere_2022,13,ok,275,10,265,10,Fixed mean,0.26345468776539827,0.8947169811320754,,,,,,
schafer_phyllosphere_2022,13,ok,275,10,265,10,PLNNetwork,0.15175324675324675,0.7262264150943396,,,,,,
schafer_phyllosphere_2022,13,ok,275,10,265,10,Poisson GLMNet,0.04522727272727273,0.5116981132075472,,,,,,
schafer_phyllosphere_2022,13,ok,275,10,265,10,SparCC,0.19671454559639143,0.9003773584905661,,,,,,
schafer_phyllosphere_2022,13,ok,275,10,265,10,SPIEC-EASI,0.03636363636363636,0.4981132075471698,,,,,,
schafer_phyllosphere_2022,13,ok,275,10,265,10,LENS restricted,0.26345468776539827,0.8947169811320754,True,lambda=0.01,0.0,10.0,0.0,0.0
schafer_phyllosphere_2022,13,ok,275,10,265,10,LENS distributed,0.26345468776539827,0.8947169811320754,True,lambda=0.01,0.0,10.0,0.09803921568627451,0.03272727272727273
schafer_phyllosphere_2022,13,ok,275,10,265,20,OneNet,0.17037817867895008,0.7758490566037736,,,,,,
schafer_phyllosphere_2022,13,ok,275,10,265,20,Fixed mean,0.26345468776539827,0.8947169811320754,,,,,,
schafer_phyllosphere_2022,13,ok,275,10,265,20,PLNNetwork,0.15175324675324675,0.7262264150943396,,,,,,
schafer_phyllosphere_2022,13,ok,275,10,265,20,Poisson GLMNet,0.04522727272727273,0.5116981132075472,,,,,,
schafer_phyllosphere_2022,13,ok,275,10,265,20,SparCC,0.19671454559639143,0.9003773584905661,,,,,,
schafer_phyllosphere_2022,13,ok,275,10,265,20,SPIEC-EASI,0.03636363636363636,0.4981132075471698,,,,,,
schafer_phyllosphere_2022,13,ok,275,10,265,20,LENS restricted,0.26345468776539827,0.8947169811320754,True,lambda=10,2.0,18.0,0.0,0.0
schafer_phyllosphere_2022,13,ok,275,10,265,20,LENS distributed,0.26345468776539827,0.8947169811320754,True,lambda=0.01,0.0,20.0,0.13725490196078433,0.06545454545454546
schafer_phyllosphere_2022,13,ok,275,10,265,50,OneNet,0.17037817867895008,0.7758490566037736,,,,,,
schafer_phyllosphere_2022,13,ok,275,10,265,50,Fixed mean,0.26345468776539827,0.8947169811320754,,,,,,
schafer_phyllosphere_2022,13,ok,275,10,265,50,PLNNetwork,0.15175324675324675,0.7262264150943396,,,,,,
schafer_phyllosphere_2022,13,ok,275,10,265,50,Poisson GLMNet,0.04522727272727273,0.5116981132075472,,,,,,
schafer_phyllosphere_2022,13,ok,275,10,265,50,SparCC,0.19671454559639143,0.9003773584905661,,,,,,
schafer_phyllosphere_2022,13,ok,275,10,265,50,SPIEC-EASI,0.03636363636363636,0.4981132075471698,,,,,,
schafer_phyllosphere_2022,13,ok,275,10,265,50,LENS restricted,0.26345468776539827,0.8947169811320754,True,lambda=10,2.0,48.0,0.0,0.0
schafer_phyllosphere_2022,13,ok,275,10,265,50,LENS distributed,0.26345468776539827,0.8947169811320754,True,lambda=10,2.0,48.0,0.29411764705882354,0.24
schafer_phyllosphere_2022,13,ok,275,10,265,100,OneNet,0.17037817867895008,0.7758490566037736,,,,,,
schafer_phyllosphere_2022,13,ok,275,10,265,100,Fixed mean,0.26345468776539827,0.8947169811320754,,,,,,
schafer_phyllosphere_2022,13,ok,275,10,265,100,PLNNetwork,0.15175324675324675,0.7262264150943396,,,,,,
schafer_phyllosphere_2022,13,ok,275,10,265,100,Poisson GLMNet,0.04522727272727273,0.5116981132075472,,,,,,
schafer_phyllosphere_2022,13,ok,275,10,265,100,SparCC,0.19671454559639143,0.9003773584905661,,,,,,
schafer_phyllosphere_2022,13,ok,275,10,265,100,SPIEC-EASI,0.03636363636363636,0.4981132075471698,,,,,,
schafer_phyllosphere_2022,13,ok,275,10,265,100,LENS restricted,0.1285854150769057,0.8464150943396227,False,lambda=10,3.0,97.0,0.0,0.0
schafer_phyllosphere_2022,13,ok,275,10,265,100,LENS distributed,0.26345468776539827,0.8947169811320754,True,lambda=10,2.0,98.0,0.5686274509803921,0.5345454545454545
schafer_phyllosphere_2022,13,ok,275,10,265,200,OneNet,0.17037817867895008,0.7758490566037736,,,,,,
schafer_phyllosphere_2022,13,ok,275,10,265,200,Fixed mean,0.26345468776539827,0.8947169811320754,,,,,,
schafer_phyllosphere_2022,13,ok,275,10,265,200,PLNNetwork,0.15175324675324675,0.7262264150943396,,,,,,
schafer_phyllosphere_2022,13,ok,275,10,265,200,Poisson GLMNet,0.04522727272727273,0.5116981132075472,,,,,,
schafer_phyllosphere_2022,13,ok,275,10,265,200,SparCC,0.19671454559639143,0.9003773584905661,,,,,,
schafer_phyllosphere_2022,13,ok,275,10,265,200,SPIEC-EASI,0.03636363636363636,0.4981132075471698,,,,,,
schafer_phyllosphere_2022,13,ok,275,10,265,200,LENS restricted,0.09924630396294672,0.7652830188679245,False,lambda=0.1,4.0,196.0,0.0,0.0
schafer_phyllosphere_2022,13,ok,275,10,265,200,LENS distributed,0.22352585722676888,0.9003773584905661,False,lambda=10,3.0,197.0,0.803921568627451,0.7927272727272727
schafer_phyllosphere_2022,13,ok,275,10,265,357,OneNet,0.17037817867895008,0.7758490566037736,,,,,,
schafer_phyllosphere_2022,13,ok,275,10,265,357,Fixed mean,0.26345468776539827,0.8947169811320754,,,,,,
schafer_phyllosphere_2022,13,ok,275,10,265,357,PLNNetwork,0.15175324675324675,0.7262264150943396,,,,,,
schafer_phyllosphere_2022,13,ok,275,10,265,357,Poisson GLMNet,0.04522727272727273,0.5116981132075472,,,,,,
schafer_phyllosphere_2022,13,ok,275,10,265,357,SparCC,0.19671454559639143,0.9003773584905661,,,,,,
schafer_phyllosphere_2022,13,ok,275,10,265,357,SPIEC-EASI,0.03636363636363636,0.4981132075471698,,,,,,
schafer_phyllosphere_2022,13,ok,275,10,265,357,LENS restricted,0.22685060975609758,0.8584905660377359,False,lambda=0.01,7.0,350.0,0.0,0.0
schafer_phyllosphere_2022,13,ok,275,10,265,357,LENS distributed,0.3162825755383995,0.9332075471698114,False,lambda=10,9.0,348.0,0.9019607843137255,0.8981818181818182
schafer_phyllosphere_2022,14,ok,278,7,271,5,OneNet,0.1545817496390964,0.893779652082235,,,,,,
schafer_phyllosphere_2022,14,ok,278,7,271,5,Fixed mean,0.09800428782305115,0.835002635740643,,,,,,
schafer_phyllosphere_2022,14,ok,278,7,271,5,PLNNetwork,0.08938848920863308,0.6863468634686347,,,,,,
schafer_phyllosphere_2022,14,ok,278,7,271,5,Poisson GLMNet,0.03257174480196063,0.5176594623089088,,,,,,
schafer_phyllosphere_2022,14,ok,278,7,271,5,SparCC,0.07404901684543351,0.779124934106484,,,,,,
schafer_phyllosphere_2022,14,ok,278,7,271,5,SPIEC-EASI,0.025179856115107913,0.4981549815498155,,,,,,
schafer_phyllosphere_2022,14,ok,278,7,271,5,LENS restricted,0.09800428782305115,0.835002635740643,True,lambda=0.01,0.0,5.0,0.0,0.0
schafer_phyllosphere_2022,14,ok,278,7,271,5,LENS distributed,0.09800428782305115,0.835002635740643,True,lambda=0.01,0.0,5.0,0.058823529411764705,0.01079136690647482
schafer_phyllosphere_2022,14,ok,278,7,271,10,OneNet,0.1545817496390964,0.893779652082235,,,,,,
schafer_phyllosphere_2022,14,ok,278,7,271,10,Fixed mean,0.09800428782305115,0.835002635740643,,,,,,
schafer_phyllosphere_2022,14,ok,278,7,271,10,PLNNetwork,0.08938848920863308,0.6863468634686347,,,,,,
schafer_phyllosphere_2022,14,ok,278,7,271,10,Poisson GLMNet,0.03257174480196063,0.5176594623089088,,,,,,
schafer_phyllosphere_2022,14,ok,278,7,271,10,SparCC,0.07404901684543351,0.779124934106484,,,,,,
schafer_phyllosphere_2022,14,ok,278,7,271,10,SPIEC-EASI,0.025179856115107913,0.4981549815498155,,,,,,
schafer_phyllosphere_2022,14,ok,278,7,271,10,LENS restricted,0.09800428782305115,0.835002635740643,True,lambda=0.01,0.0,10.0,0.0,0.0
schafer_phyllosphere_2022,14,ok,278,7,271,10,LENS distributed,0.09800428782305115,0.835002635740643,True,lambda=0.01,1.0,9.0,0.11764705882352941,0.03237410071942446
schafer_phyllosphere_2022,14,ok,278,7,271,20,OneNet,0.1545817496390964,0.893779652082235,,,,,,
schafer_phyllosphere_2022,14,ok,278,7,271,20,Fixed mean,0.09800428782305115,0.835002635740643,,,,,,
schafer_phyllosphere_2022,14,ok,278,7,271,20,PLNNetwork,0.08938848920863308,0.6863468634686347,,,,,,
schafer_phyllosphere_2022,14,ok,278,7,271,20,Poisson GLMNet,0.03257174480196063,0.5176594623089088,,,,,,
schafer_phyllosphere_2022,14,ok,278,7,271,20,SparCC,0.07404901684543351,0.779124934106484,,,,,,
schafer_phyllosphere_2022,14,ok,278,7,271,20,SPIEC-EASI,0.025179856115107913,0.4981549815498155,,,,,,
schafer_phyllosphere_2022,14,ok,278,7,271,20,LENS restricted,0.09800428782305115,0.835002635740643,True,lambda=0.01,0.0,20.0,0.0,0.0
schafer_phyllosphere_2022,14,ok,278,7,271,20,LENS distributed,0.09800428782305115,0.835002635740643,True,lambda=0.01,1.0,19.0,0.17647058823529413,0.07194244604316546
schafer_phyllosphere_2022,14,ok,278,7,271,50,OneNet,0.1545817496390964,0.893779652082235,,,,,,
schafer_phyllosphere_2022,14,ok,278,7,271,50,Fixed mean,0.09800428782305115,0.835002635740643,,,,,,
schafer_phyllosphere_2022,14,ok,278,7,271,50,PLNNetwork,0.08938848920863308,0.6863468634686347,,,,,,
schafer_phyllosphere_2022,14,ok,278,7,271,50,Poisson GLMNet,0.03257174480196063,0.5176594623089088,,,,,,
schafer_phyllosphere_2022,14,ok,278,7,271,50,SparCC,0.07404901684543351,0.779124934106484,,,,,,
schafer_phyllosphere_2022,14,ok,278,7,271,50,SPIEC-EASI,0.025179856115107913,0.4981549815498155,,,,,,
schafer_phyllosphere_2022,14,ok,278,7,271,50,LENS restricted,0.09800428782305115,0.835002635740643,True,lambda=0.01,0.0,50.0,0.0,0.0
schafer_phyllosphere_2022,14,ok,278,7,271,50,LENS distributed,0.09800428782305115,0.835002635740643,True,lambda=0.01,1.0,49.0,0.43137254901960786,0.38848920863309355
schafer_phyllosphere_2022,14,ok,278,7,271,100,OneNet,0.1545817496390964,0.893779652082235,,,,,,
schafer_phyllosphere_2022,14,ok,278,7,271,100,Fixed mean,0.09800428782305115,0.835002635740643,,,,,,
schafer_phyllosphere_2022,14,ok,278,7,271,100,PLNNetwork,0.08938848920863308,0.6863468634686347,,,,,,
schafer_phyllosphere_2022,14,ok,278,7,271,100,Poisson GLMNet,0.03257174480196063,0.5176594623089088,,,,,,
schafer_phyllosphere_2022,14,ok,278,7,271,100,SparCC,0.07404901684543351,0.779124934106484,,,,,,
schafer_phyllosphere_2022,14,ok,278,7,271,100,SPIEC-EASI,0.025179856115107913,0.4981549815498155,,,,,,
schafer_phyllosphere_2022,14,ok,278,7,271,100,LENS restricted,0.09800428782305115,0.835002635740643,True,lambda=0.01,0.0,100.0,0.0,0.0
schafer_phyllosphere_2022,14,ok,278,7,271,100,LENS distributed,0.258453427460869,0.8755930416447022,False,lambda=10,3.0,97.0,0.5490196078431373,0.5143884892086331
schafer_phyllosphere_2022,14,ok,278,7,271,200,OneNet,0.1545817496390964,0.893779652082235,,,,,,
schafer_phyllosphere_2022,14,ok,278,7,271,200,Fixed mean,0.09800428782305115,0.835002635740643,,,,,,
schafer_phyllosphere_2022,14,ok,278,7,271,200,PLNNetwork,0.08938848920863308,0.6863468634686347,,,,,,
schafer_phyllosphere_2022,14,ok,278,7,271,200,Poisson GLMNet,0.03257174480196063,0.5176594623089088,,,,,,
schafer_phyllosphere_2022,14,ok,278,7,271,200,SparCC,0.07404901684543351,0.779124934106484,,,,,,
schafer_phyllosphere_2022,14,ok,278,7,271,200,SPIEC-EASI,0.025179856115107913,0.4981549815498155,,,,,,
schafer_phyllosphere_2022,14,ok,278,7,271,200,LENS restricted,0.09800428782305115,0.835002635740643,True,lambda=0.01,1.0,199.0,0.0,0.0
schafer_phyllosphere_2022,14,ok,278,7,271,200,LENS distributed,0.2619611726754584,0.8829731154454402,False,lambda=10,3.0,197.0,0.803921568627451,0.7841726618705036
schafer_phyllosphere_2022,14,ok,278,7,271,357,OneNet,0.1545817496390964,0.893779652082235,,,,,,
schafer_phyllosphere_2022,14,ok,278,7,271,357,Fixed mean,0.09800428782305115,0.835002635740643,,,,,,
schafer_phyllosphere_2022,14,ok,278,7,271,357,PLNNetwork,0.08938848920863308,0.6863468634686347,,,,,,
schafer_phyllosphere_2022,14,ok,278,7,271,357,Poisson GLMNet,0.03257174480196063,0.5176594623089088,,,,,,
schafer_phyllosphere_2022,14,ok,278,7,271,357,SparCC,0.07404901684543351,0.779124934106484,,,,,,
schafer_phyllosphere_2022,14,ok,278,7,271,357,SPIEC-EASI,0.025179856115107913,0.4981549815498155,,,,,,
schafer_phyllosphere_2022,14,ok,278,7,271,357,LENS restricted,0.053996278590788885,0.5440168687401159,False,lambda=0.1,7.0,350.0,0.0,0.0
schafer_phyllosphere_2022,14,ok,278,7,271,357,LENS distributed,0.1900929317595984,0.8929889298892988,False,lambda=10,5.0,352.0,0.9019607843137255,0.8920863309352518
schafer_phyllosphere_2022,15,ok,327,4,323,5,OneNet,0.10630952380952381,0.8579721362229102,,,,,,
schafer_phyllosphere_2022,15,ok,327,4,323,5,Fixed mean,0.3053571428571429,0.9133126934984519,,,,,,
schafer_phyllosphere_2022,15,ok,327,4,323,5,PLNNetwork,0.18111620795107033,0.7368421052631579,,,,,,
schafer_phyllosphere_2022,15,ok,327,4,323,5,Poisson GLMNet,0.05084097859327217,0.5886222910216719,,,,,,
schafer_phyllosphere_2022,15,ok,327,4,323,5,SparCC,0.11228878648233487,0.934984520123839,,,,,,
schafer_phyllosphere_2022,15,ok,327,4,323,5,SPIEC-EASI,0.012232415902140673,0.4969040247678019,,,,,,
schafer_phyllosphere_2022,15,ok,327,4,323,5,LENS restricted,0.3053571428571429,0.9133126934984519,True,lambda=0.01,0.0,5.0,0.0,0.0
schafer_phyllosphere_2022,15,ok,327,4,323,5,LENS distributed,0.3053571428571429,0.9133126934984519,True,lambda=0.01,0.0,5.0,0.058823529411764705,0.009174311926605505
schafer_phyllosphere_2022,15,ok,327,4,323,10,OneNet,0.10630952380952381,0.8579721362229102,,,,,,
schafer_phyllosphere_2022,15,ok,327,4,323,10,Fixed mean,0.3053571428571429,0.9133126934984519,,,,,,
schafer_phyllosphere_2022,15,ok,327,4,323,10,PLNNetwork,0.18111620795107033,0.7368421052631579,,,,,,
schafer_phyllosphere_2022,15,ok,327,4,323,10,Poisson GLMNet,0.05084097859327217,0.5886222910216719,,,,,,
schafer_phyllosphere_2022,15,ok,327,4,323,10,SparCC,0.11228878648233487,0.934984520123839,,,,,,
schafer_phyllosphere_2022,15,ok,327,4,323,10,SPIEC-EASI,0.012232415902140673,0.4969040247678019,,,,,,
schafer_phyllosphere_2022,15,ok,327,4,323,10,LENS restricted,0.3053571428571429,0.9133126934984519,True,lambda=0.01,0.0,10.0,0.0,0.0
schafer_phyllosphere_2022,15,ok,327,4,323,10,LENS distributed,0.3053571428571429,0.9133126934984519,True,lambda=0.01,0.0,10.0,0.09803921568627451,0.027522935779816515
schafer_phyllosphere_2022,15,ok,327,4,323,20,OneNet,0.10630952380952381,0.8579721362229102,,,,,,
schafer_phyllosphere_2022,15,ok,327,4,323,20,Fixed mean,0.3053571428571429,0.9133126934984519,,,,,,
schafer_phyllosphere_2022,15,ok,327,4,323,20,PLNNetwork,0.18111620795107033,0.7368421052631579,,,,,,
schafer_phyllosphere_2022,15,ok,327,4,323,20,Poisson GLMNet,0.05084097859327217,0.5886222910216719,,,,,,
schafer_phyllosphere_2022,15,ok,327,4,323,20,SparCC,0.11228878648233487,0.934984520123839,,,,,,
schafer_phyllosphere_2022,15,ok,327,4,323,20,SPIEC-EASI,0.012232415902140673,0.4969040247678019,,,,,,
schafer_phyllosphere_2022,15,ok,327,4,323,20,LENS restricted,0.3053571428571429,0.9133126934984519,True,lambda=0.01,0.0,20.0,0.0,0.0
schafer_phyllosphere_2022,15,ok,327,4,323,20,LENS distributed,0.3053571428571429,0.9133126934984519,True,lambda=10,2.0,18.0,0.21568627450980393,0.13761467889908258
schafer_phyllosphere_2022,15,ok,327,4,323,50,OneNet,0.10630952380952381,0.8579721362229102,,,,,,
schafer_phyllosphere_2022,15,ok,327,4,323,50,Fixed mean,0.3053571428571429,0.9133126934984519,,,,,,
schafer_phyllosphere_2022,15,ok,327,4,323,50,PLNNetwork,0.18111620795107033,0.7368421052631579,,,,,,
schafer_phyllosphere_2022,15,ok,327,4,323,50,Poisson GLMNet,0.05084097859327217,0.5886222910216719,,,,,,
schafer_phyllosphere_2022,15,ok,327,4,323,50,SparCC,0.11228878648233487,0.934984520123839,,,,,,
schafer_phyllosphere_2022,15,ok,327,4,323,50,SPIEC-EASI,0.012232415902140673,0.4969040247678019,,,,,,
schafer_phyllosphere_2022,15,ok,327,4,323,50,LENS restricted,0.3053571428571429,0.9133126934984519,True,lambda=0.01,1.0,49.0,0.0,0.0
schafer_phyllosphere_2022,15,ok,327,4,323,50,LENS distributed,0.3053571428571429,0.9133126934984519,True,lambda=10,2.0,48.0,0.3137254901960784,0.25688073394495414
schafer_phyllosphere_2022,15,ok,327,4,323,100,OneNet,0.10630952380952381,0.8579721362229102,,,,,,
schafer_phyllosphere_2022,15,ok,327,4,323,100,Fixed mean,0.3053571428571429,0.9133126934984519,,,,,,
schafer_phyllosphere_2022,15,ok,327,4,323,100,PLNNetwork,0.18111620795107033,0.7368421052631579,,,,,,
schafer_phyllosphere_2022,15,ok,327,4,323,100,Poisson GLMNet,0.05084097859327217,0.5886222910216719,,,,,,
schafer_phyllosphere_2022,15,ok,327,4,323,100,SparCC,0.11228878648233487,0.934984520123839,,,,,,
schafer_phyllosphere_2022,15,ok,327,4,323,100,SPIEC-EASI,0.012232415902140673,0.4969040247678019,,,,,,
schafer_phyllosphere_2022,15,ok,327,4,323,100,LENS restricted,0.30108838185156045,0.9040247678018576,False,lambda=10,4.0,96.0,0.0,0.0
schafer_phyllosphere_2022,15,ok,327,4,323,100,LENS distributed,0.22256328128475464,0.8119195046439629,False,lambda=1,4.0,96.0,0.49019607843137253,0.4434250764525994
schafer_phyllosphere_2022,15,ok,327,4,323,200,OneNet,0.10630952380952381,0.8579721362229102,,,,,,
schafer_phyllosphere_2022,15,ok,327,4,323,200,Fixed mean,0.3053571428571429,0.9133126934984519,,,,,,
schafer_phyllosphere_2022,15,ok,327,4,323,200,PLNNetwork,0.18111620795107033,0.7368421052631579,,,,,,
schafer_phyllosphere_2022,15,ok,327,4,323,200,Poisson GLMNet,0.05084097859327217,0.5886222910216719,,,,,,
schafer_phyllosphere_2022,15,ok,327,4,323,200,SparCC,0.11228878648233487,0.934984520123839,,,,,,
schafer_phyllosphere_2022,15,ok,327,4,323,200,SPIEC-EASI,0.012232415902140673,0.4969040247678019,,,,,,
schafer_phyllosphere_2022,15,ok,327,4,323,200,LENS restricted,0.33072585309427416,0.8993808049535604,False,lambda=1,6.0,194.0,0.0,0.0
schafer_phyllosphere_2022,15,ok,327,4,323,200,LENS distributed,0.4006076388888889,0.8986068111455108,False,lambda=10,9.0,191.0,0.7843137254901961,0.764525993883792
schafer_phyllosphere_2022,15,ok,327,4,323,357,OneNet,0.10630952380952381,0.8579721362229102,,,,,,
schafer_phyllosphere_2022,15,ok,327,4,323,357,Fixed mean,0.3053571428571429,0.9133126934984519,,,,,,
schafer_phyllosphere_2022,15,ok,327,4,323,357,PLNNetwork,0.18111620795107033,0.7368421052631579,,,,,,
schafer_phyllosphere_2022,15,ok,327,4,323,357,Poisson GLMNet,0.05084097859327217,0.5886222910216719,,,,,,
schafer_phyllosphere_2022,15,ok,327,4,323,357,SparCC,0.11228878648233487,0.934984520123839,,,,,,
schafer_phyllosphere_2022,15,ok,327,4,323,357,SPIEC-EASI,0.012232415902140673,0.4969040247678019,,,,,,
schafer_phyllosphere_2022,15,ok,327,4,323,357,LENS restricted,0.3782828282828283,0.9419504643962848,False,lambda=0.1,12.0,345.0,0.0,0.0
schafer_phyllosphere_2022,15,ok,327,4,323,357,LENS distributed,0.4124125874125874,0.9311145510835912,False,lambda=0.01,14.0,343.0,0.8823529411764706,0.8715596330275229
schafer_phyllosphere_2022,16,ok,282,5,277,5,OneNet,0.12489878542510122,0.8848375451263538,,,,,,
schafer_phyllosphere_2022,16,ok,282,5,277,5,Fixed mean,0.27483436853002075,0.9025270758122743,,,,,,
schafer_phyllosphere_2022,16,ok,282,5,277,5,PLNNetwork,0.15508274231678487,0.6844765342960288,,,,,,
schafer_phyllosphere_2022,16,ok,282,5,277,5,Poisson GLMNet,0.21418439716312057,0.5725631768953068,,,,,,
schafer_phyllosphere_2022,16,ok,282,5,277,5,SparCC,0.11486721611721612,0.9140794223826715,,,,,,
schafer_phyllosphere_2022,16,ok,282,5,277,5,SPIEC-EASI,0.01773049645390071,0.4963898916967509,,,,,,
schafer_phyllosphere_2022,16,ok,282,5,277,5,LENS restricted,0.27483436853002075,0.9025270758122743,True,lambda=0.01,0.0,5.0,0.0,0.0
schafer_phyllosphere_2022,16,ok,282,5,277,5,LENS distributed,0.27483436853002075,0.9025270758122743,True,lambda=0.01,0.0,5.0,0.058823529411764705,0.0070921985815602835
schafer_phyllosphere_2022,16,ok,282,5,277,10,OneNet,0.12489878542510122,0.8848375451263538,,,,,,
schafer_phyllosphere_2022,16,ok,282,5,277,10,Fixed mean,0.27483436853002075,0.9025270758122743,,,,,,
schafer_phyllosphere_2022,16,ok,282,5,277,10,PLNNetwork,0.15508274231678487,0.6844765342960288,,,,,,
schafer_phyllosphere_2022,16,ok,282,5,277,10,Poisson GLMNet,0.21418439716312057,0.5725631768953068,,,,,,
schafer_phyllosphere_2022,16,ok,282,5,277,10,SparCC,0.11486721611721612,0.9140794223826715,,,,,,
schafer_phyllosphere_2022,16,ok,282,5,277,10,SPIEC-EASI,0.01773049645390071,0.4963898916967509,,,,,,
schafer_phyllosphere_2022,16,ok,282,5,277,10,LENS restricted,0.27483436853002075,0.9025270758122743,True,lambda=0.01,0.0,10.0,0.0,0.0
schafer_phyllosphere_2022,16,ok,282,5,277,10,LENS distributed,0.27483436853002075,0.9025270758122743,True,lambda=0.01,0.0,10.0,0.13725490196078433,0.06028368794326241
schafer_phyllosphere_2022,16,ok,282,5,277,20,OneNet,0.12489878542510122,0.8848375451263538,,,,,,
schafer_phyllosphere_2022,16,ok,282,5,277,20,Fixed mean,0.27483436853002075,0.9025270758122743,,,,,,
schafer_phyllosphere_2022,16,ok,282,5,277,20,PLNNetwork,0.15508274231678487,0.6844765342960288,,,,,,
schafer_phyllosphere_2022,16,ok,282,5,277,20,Poisson GLMNet,0.21418439716312057,0.5725631768953068,,,,,,
schafer_phyllosphere_2022,16,ok,282,5,277,20,SparCC,0.11486721611721612,0.9140794223826715,,,,,,
schafer_phyllosphere_2022,16,ok,282,5,277,20,SPIEC-EASI,0.01773049645390071,0.4963898916967509,,,,,,
schafer_phyllosphere_2022,16,ok,282,5,277,20,LENS restricted,0.27483436853002075,0.9025270758122743,True,lambda=0.01,1.0,19.0,0.0,0.0
schafer_phyllosphere_2022,16,ok,282,5,277,20,LENS distributed,0.27483436853002075,0.9025270758122743,True,lambda=0.01,0.0,20.0,0.17647058823529413,0.08865248226950355
schafer_phyllosphere_2022,16,ok,282,5,277,50,OneNet,0.12489878542510122,0.8848375451263538,,,,,,
schafer_phyllosphere_2022,16,ok,282,5,277,50,Fixed mean,0.27483436853002075,0.9025270758122743,,,,,,
schafer_phyllosphere_2022,16,ok,282,5,277,50,PLNNetwork,0.15508274231678487,0.6844765342960288,,,,,,
schafer_phyllosphere_2022,16,ok,282,5,277,50,Poisson GLMNet,0.21418439716312057,0.5725631768953068,,,,,,
schafer_phyllosphere_2022,16,ok,282,5,277,50,SparCC,0.11486721611721612,0.9140794223826715,,,,,,
schafer_phyllosphere_2022,16,ok,282,5,277,50,SPIEC-EASI,0.01773049645390071,0.4963898916967509,,,,,,
schafer_phyllosphere_2022,16,ok,282,5,277,50,LENS restricted,0.27483436853002075,0.9025270758122743,True,lambda=10,2.0,48.0,0.0,0.0
schafer_phyllosphere_2022,16,ok,282,5,277,50,LENS distributed,0.27483436853002075,0.9025270758122743,True,lambda=0.01,1.0,49.0,0.37254901960784315,0.3262411347517731
schafer_phyllosphere_2022,16,ok,282,5,277,100,OneNet,0.12489878542510122,0.8848375451263538,,,,,,
schafer_phyllosphere_2022,16,ok,282,5,277,100,Fixed mean,0.27483436853002075,0.9025270758122743,,,,,,
schafer_phyllosphere_2022,16,ok,282,5,277,100,PLNNetwork,0.15508274231678487,0.6844765342960288,,,,,,
schafer_phyllosphere_2022,16,ok,282,5,277,100,Poisson GLMNet,0.21418439716312057,0.5725631768953068,,,,,,
schafer_phyllosphere_2022,16,ok,282,5,277,100,SparCC,0.11486721611721612,0.9140794223826715,,,,,,
schafer_phyllosphere_2022,16,ok,282,5,277,100,SPIEC-EASI,0.01773049645390071,0.4963898916967509,,,,,,
schafer_phyllosphere_2022,16,ok,282,5,277,100,LENS restricted,0.17034351416373888,0.8563176895306859,False,lambda=0.01,4.0,96.0,0.0,0.0
schafer_phyllosphere_2022,16,ok,282,5,277,100,LENS distributed,0.27483436853002075,0.9025270758122743,True,lambda=0.01,1.0,99.0,0.5882352941176471,0.5567375886524822
schafer_phyllosphere_2022,16,ok,282,5,277,200,OneNet,0.12489878542510122,0.8848375451263538,,,,,,
schafer_phyllosphere_2022,16,ok,282,5,277,200,Fixed mean,0.27483436853002075,0.9025270758122743,,,,,,
schafer_phyllosphere_2022,16,ok,282,5,277,200,PLNNetwork,0.15508274231678487,0.6844765342960288,,,,,,
schafer_phyllosphere_2022,16,ok,282,5,277,200,Poisson GLMNet,0.21418439716312057,0.5725631768953068,,,,,,
schafer_phyllosphere_2022,16,ok,282,5,277,200,SparCC,0.11486721611721612,0.9140794223826715,,,,,,
schafer_phyllosphere_2022,16,ok,282,5,277,200,SPIEC-EASI,0.01773049645390071,0.4963898916967509,,,,,,
schafer_phyllosphere_2022,16,ok,282,5,277,200,LENS restricted,0.31418181818181823,0.8974729241877256,False,lambda=10,8.0,192.0,0.0,0.0
schafer_phyllosphere_2022,16,ok,282,5,277,200,LENS distributed,0.2987929697596278,0.8974729241877257,False,lambda=0.01,4.0,196.0,0.7254901960784313,0.7056737588652482
schafer_phyllosphere_2022,16,ok,282,5,277,357,OneNet,0.12489878542510122,0.8848375451263538,,,,,,
schafer_phyllosphere_2022,16,ok,282,5,277,357,Fixed mean,0.27483436853002075,0.9025270758122743,,,,,,
schafer_phyllosphere_2022,16,ok,282,5,277,357,PLNNetwork,0.15508274231678487,0.6844765342960288,,,,,,
schafer_phyllosphere_2022,16,ok,282,5,277,357,Poisson GLMNet,0.21418439716312057,0.5725631768953068,,,,,,
schafer_phyllosphere_2022,16,ok,282,5,277,357,SparCC,0.11486721611721612,0.9140794223826715,,,,,,
schafer_phyllosphere_2022,16,ok,282,5,277,357,SPIEC-EASI,0.01773049645390071,0.4963898916967509,,,,,,
schafer_phyllosphere_2022,16,ok,282,5,277,357,LENS restricted,0.3768470418470419,0.8888086642599279,False,lambda=0.01,13.0,344.0,0.0,0.0
schafer_phyllosphere_2022,16,ok,282,5,277,357,LENS distributed,0.175545043192102,0.8758122743682311,False,lambda=0.01,11.0,346.0,0.8235294117647058,0.8120567375886525
schafer_phyllosphere_2022,17,ok,319,4,315,5,OneNet,0.19895131001402777,0.8924603174603174,,,,,,
schafer_phyllosphere_2022,17,ok,319,4,315,5,Fixed mean,0.3988095238095238,0.9547619047619048,,,,,,
schafer_phyllosphere_2022,17,ok,319,4,315,5,PLNNetwork,0.30521812957157785,0.8626984126984126,,,,,,
schafer_phyllosphere_2022,17,ok,319,4,315,5,Poisson GLMNet,0.25940438871473354,0.6071428571428571,,,,,,
schafer_phyllosphere_2022,17,ok,319,4,315,5,SparCC,0.18055555555555555,0.876984126984127,,,,,,
schafer_phyllosphere_2022,17,ok,319,4,315,5,SPIEC-EASI,0.012539184952978056,0.5,,,,,,
schafer_phyllosphere_2022,17,ok,319,4,315,5,LENS restricted,0.3988095238095238,0.9547619047619048,True,lambda=0.01,0.0,5.0,0.0,0.0
schafer_phyllosphere_2022,17,ok,319,4,315,5,LENS distributed,0.3988095238095238,0.9547619047619048,True,lambda=0.01,0.0,5.0,0.0196078431372549,0.0
schafer_phyllosphere_2022,17,ok,319,4,315,10,OneNet,0.19895131001402777,0.8924603174603174,,,,,,
schafer_phyllosphere_2022,17,ok,319,4,315,10,Fixed mean,0.3988095238095238,0.9547619047619048,,,,,,
schafer_phyllosphere_2022,17,ok,319,4,315,10,PLNNetwork,0.30521812957157785,0.8626984126984126,,,,,,
schafer_phyllosphere_2022,17,ok,319,4,315,10,Poisson GLMNet,0.25940438871473354,0.6071428571428571,,,,,,
schafer_phyllosphere_2022,17,ok,319,4,315,10,SparCC,0.18055555555555555,0.876984126984127,,,,,,
schafer_phyllosphere_2022,17,ok,319,4,315,10,SPIEC-EASI,0.012539184952978056,0.5,,,,,,
schafer_phyllosphere_2022,17,ok,319,4,315,10,LENS restricted,0.3988095238095238,0.9547619047619048,True,lambda=0.01,0.0,10.0,0.0,0.0
schafer_phyllosphere_2022,17,ok,319,4,315,10,LENS distributed,0.3988095238095238,0.9547619047619048,True,lambda=0.01,0.0,10.0,0.0784313725490196,0.01567398119122257
schafer_phyllosphere_2022,17,ok,319,4,315,20,OneNet,0.19895131001402777,0.8924603174603174,,,,,,
schafer_phyllosphere_2022,17,ok,319,4,315,20,Fixed mean,0.3988095238095238,0.9547619047619048,,,,,,
schafer_phyllosphere_2022,17,ok,319,4,315,20,PLNNetwork,0.30521812957157785,0.8626984126984126,,,,,,
schafer_phyllosphere_2022,17,ok,319,4,315,20,Poisson GLMNet,0.25940438871473354,0.6071428571428571,,,,,,
schafer_phyllosphere_2022,17,ok,319,4,315,20,SparCC,0.18055555555555555,0.876984126984127,,,,,,
schafer_phyllosphere_2022,17,ok,319,4,315,20,SPIEC-EASI,0.012539184952978056,0.5,,,,,,
schafer_phyllosphere_2022,17,ok,319,4,315,20,LENS restricted,0.3988095238095238,0.9547619047619048,True,lambda=0.01,1.0,19.0,0.0,0.0
schafer_phyllosphere_2022,17,ok,319,4,315,20,LENS distributed,0.3988095238095238,0.9547619047619048,True,lambda=0.01,1.0,19.0,0.1568627450980392,0.05956112852664577
schafer_phyllosphere_2022,17,ok,319,4,315,50,OneNet,0.19895131001402777,0.8924603174603174,,,,,,
schafer_phyllosphere_2022,17,ok,319,4,315,50,Fixed mean,0.3988095238095238,0.9547619047619048,,,,,,
schafer_phyllosphere_2022,17,ok,319,4,315,50,PLNNetwork,0.30521812957157785,0.8626984126984126,,,,,,
schafer_phyllosphere_2022,17,ok,319,4,315,50,Poisson GLMNet,0.25940438871473354,0.6071428571428571,,,,,,
schafer_phyllosphere_2022,17,ok,319,4,315,50,SparCC,0.18055555555555555,0.876984126984127,,,,,,
schafer_phyllosphere_2022,17,ok,319,4,315,50,SPIEC-EASI,0.012539184952978056,0.5,,,,,,
schafer_phyllosphere_2022,17,ok,319,4,315,50,LENS restricted,0.3988095238095238,0.9547619047619048,True,lambda=0.01,1.0,49.0,0.0,0.0
schafer_phyllosphere_2022,17,ok,319,4,315,50,LENS distributed,0.3988095238095238,0.9547619047619048,True,lambda=10,2.0,48.0,0.2549019607843137,0.18808777429467086
schafer_phyllosphere_2022,17,ok,319,4,315,100,OneNet,0.19895131001402777,0.8924603174603174,,,,,,
schafer_phyllosphere_2022,17,ok,319,4,315,100,Fixed mean,0.3988095238095238,0.9547619047619048,,,,,,
schafer_phyllosphere_2022,17,ok,319,4,315,100,PLNNetwork,0.30521812957157785,0.8626984126984126,,,,,,
schafer_phyllosphere_2022,17,ok,319,4,315,100,Poisson GLMNet,0.25940438871473354,0.6071428571428571,,,,,,
schafer_phyllosphere_2022,17,ok,319,4,315,100,SparCC,0.18055555555555555,0.876984126984127,,,,,,
schafer_phyllosphere_2022,17,ok,319,4,315,100,SPIEC-EASI,0.012539184952978056,0.5,,,,,,
schafer_phyllosphere_2022,17,ok,319,4,315,100,LENS restricted,0.5916666666666667,0.9690476190476189,False,lambda=10,3.0,97.0,0.0,0.0
schafer_phyllosphere_2022,17,ok,319,4,315,100,LENS distributed,0.6471428571428571,0.9801587301587302,False,lambda=10,4.0,96.0,0.39215686274509803,0.3385579937304075
schafer_phyllosphere_2022,17,ok,319,4,315,200,OneNet,0.19895131001402777,0.8924603174603174,,,,,,
schafer_phyllosphere_2022,17,ok,319,4,315,200,Fixed mean,0.3988095238095238,0.9547619047619048,,,,,,
schafer_phyllosphere_2022,17,ok,319,4,315,200,PLNNetwork,0.30521812957157785,0.8626984126984126,,,,,,
schafer_phyllosphere_2022,17,ok,319,4,315,200,Poisson GLMNet,0.25940438871473354,0.6071428571428571,,,,,,
schafer_phyllosphere_2022,17,ok,319,4,315,200,SparCC,0.18055555555555555,0.876984126984127,,,,,,
schafer_phyllosphere_2022,17,ok,319,4,315,200,SPIEC-EASI,0.012539184952978056,0.5,,,,,,
schafer_phyllosphere_2022,17,ok,319,4,315,200,LENS restricted,0.5969696969696969,0.9746031746031746,False,lambda=10,6.0,194.0,0.0,0.0
schafer_phyllosphere_2022,17,ok,319,4,315,200,LENS distributed,0.5242424242424243,0.9873015873015872,False,lambda=0.01,7.0,193.0,0.6078431372549019,0.567398119122257
schafer_phyllosphere_2022,17,ok,319,4,315,357,OneNet,0.19895131001402777,0.8924603174603174,,,,,,
schafer_phyllosphere_2022,17,ok,319,4,315,357,Fixed mean,0.3988095238095238,0.9547619047619048,,,,,,
schafer_phyllosphere_2022,17,ok,319,4,315,357,PLNNetwork,0.30521812957157785,0.8626984126984126,,,,,,
schafer_phyllosphere_2022,17,ok,319,4,315,357,Poisson GLMNet,0.25940438871473354,0.6071428571428571,,,,,,
schafer_phyllosphere_2022,17,ok,319,4,315,357,SparCC,0.18055555555555555,0.876984126984127,,,,,,
schafer_phyllosphere_2022,17,ok,319,4,315,357,SPIEC-EASI,0.012539184952978056,0.5,,,,,,
schafer_phyllosphere_2022,17,ok,319,4,315,357,LENS restricted,0.6294642857142857,0.9769841269841271,False,lambda=10,7.0,350.0,0.0,0.0
schafer_phyllosphere_2022,17,ok,319,4,315,357,LENS distributed,0.5560897435897436,0.9849206349206349,False,lambda=0.01,10.0,347.0,0.8431372549019608,0.8275862068965517
schafer_phyllosphere_2022,18,ok,234,13,221,5,OneNet,0.3682808308832377,0.8304907761921336,,,,,,
schafer_phyllosphere_2022,18,ok,234,13,221,5,Fixed mean,0.47847616073657767,0.9248172641837801,,,,,,
schafer_phyllosphere_2022,18,ok,234,13,221,5,PLNNetwork,0.2128205128205128,0.640097459101984,,,,,,
schafer_phyllosphere_2022,18,ok,234,13,221,5,Poisson GLMNet,0.2968676622522777,0.6494953010790115,,,,,,
schafer_phyllosphere_2022,18,ok,234,13,221,5,SparCC,0.4109668543757913,0.9369996519317786,,,,,,
schafer_phyllosphere_2022,18,ok,234,13,221,5,SPIEC-EASI,0.05555555555555555,0.5,,,,,,
schafer_phyllosphere_2022,18,ok,234,13,221,5,LENS restricted,0.47847616073657767,0.9248172641837801,True,lambda=0.01,0.0,5.0,0.0,0.0
schafer_phyllosphere_2022,18,ok,234,13,221,5,LENS distributed,0.47847616073657767,0.9248172641837801,True,lambda=0.01,0.0,5.0,0.0392156862745098,0.004273504273504274
schafer_phyllosphere_2022,18,ok,234,13,221,10,OneNet,0.3682808308832377,0.8304907761921336,,,,,,
schafer_phyllosphere_2022,18,ok,234,13,221,10,Fixed mean,0.47847616073657767,0.9248172641837801,,,,,,
schafer_phyllosphere_2022,18,ok,234,13,221,10,PLNNetwork,0.2128205128205128,0.640097459101984,,,,,,
schafer_phyllosphere_2022,18,ok,234,13,221,10,Poisson GLMNet,0.2968676622522777,0.6494953010790115,,,,,,
schafer_phyllosphere_2022,18,ok,234,13,221,10,SparCC,0.4109668543757913,0.9369996519317786,,,,,,
schafer_phyllosphere_2022,18,ok,234,13,221,10,SPIEC-EASI,0.05555555555555555,0.5,,,,,,
schafer_phyllosphere_2022,18,ok,234,13,221,10,LENS restricted,0.47847616073657767,0.9248172641837801,True,lambda=0.01,0.0,10.0,0.0,0.0
schafer_phyllosphere_2022,18,ok,234,13,221,10,LENS distributed,0.47847616073657767,0.9248172641837801,True,lambda=0.01,0.0,10.0,0.09803921568627451,0.029914529914529916
schafer_phyllosphere_2022,18,ok,234,13,221,20,OneNet,0.3682808308832377,0.8304907761921336,,,,,,
schafer_phyllosphere_2022,18,ok,234,13,221,20,Fixed mean,0.47847616073657767,0.9248172641837801,,,,,,
schafer_phyllosphere_2022,18,ok,234,13,221,20,PLNNetwork,0.2128205128205128,0.640097459101984,,,,,,
schafer_phyllosphere_2022,18,ok,234,13,221,20,Poisson GLMNet,0.2968676622522777,0.6494953010790115,,,,,,
schafer_phyllosphere_2022,18,ok,234,13,221,20,SparCC,0.4109668543757913,0.9369996519317786,,,,,,
schafer_phyllosphere_2022,18,ok,234,13,221,20,SPIEC-EASI,0.05555555555555555,0.5,,,,,,
schafer_phyllosphere_2022,18,ok,234,13,221,20,LENS restricted,0.47847616073657767,0.9248172641837801,True,lambda=0.01,0.0,20.0,0.0,0.0
schafer_phyllosphere_2022,18,ok,234,13,221,20,LENS distributed,0.47847616073657767,0.9248172641837801,True,lambda=0.01,0.0,20.0,0.13725490196078433,0.0641025641025641
schafer_phyllosphere_2022,18,ok,234,13,221,50,OneNet,0.3682808308832377,0.8304907761921336,,,,,,
schafer_phyllosphere_2022,18,ok,234,13,221,50,Fixed mean,0.47847616073657767,0.9248172641837801,,,,,,
schafer_phyllosphere_2022,18,ok,234,13,221,50,PLNNetwork,0.2128205128205128,0.640097459101984,,,,,,
schafer_phyllosphere_2022,18,ok,234,13,221,50,Poisson GLMNet,0.2968676622522777,0.6494953010790115,,,,,,
schafer_phyllosphere_2022,18,ok,234,13,221,50,SparCC,0.4109668543757913,0.9369996519317786,,,,,,
schafer_phyllosphere_2022,18,ok,234,13,221,50,SPIEC-EASI,0.05555555555555555,0.5,,,,,,
schafer_phyllosphere_2022,18,ok,234,13,221,50,LENS restricted,0.47847616073657767,0.9248172641837801,True,lambda=0.01,0.0,50.0,0.0,0.0
schafer_phyllosphere_2022,18,ok,234,13,221,50,LENS distributed,0.47847616073657767,0.9248172641837801,True,lambda=0.01,0.0,50.0,0.27450980392156865,0.18376068376068377
schafer_phyllosphere_2022,18,ok,234,13,221,100,OneNet,0.3682808308832377,0.8304907761921336,,,,,,
schafer_phyllosphere_2022,18,ok,234,13,221,100,Fixed mean,0.47847616073657767,0.9248172641837801,,,,,,
schafer_phyllosphere_2022,18,ok,234,13,221,100,PLNNetwork,0.2128205128205128,0.640097459101984,,,,,,
schafer_phyllosphere_2022,18,ok,234,13,221,100,Poisson GLMNet,0.2968676622522777,0.6494953010790115,,,,,,
schafer_phyllosphere_2022,18,ok,234,13,221,100,SparCC,0.4109668543757913,0.9369996519317786,,,,,,
schafer_phyllosphere_2022,18,ok,234,13,221,100,SPIEC-EASI,0.05555555555555555,0.5,,,,,,
schafer_phyllosphere_2022,18,ok,234,13,221,100,LENS restricted,0.47847616073657767,0.9248172641837801,True,lambda=0.01,1.0,99.0,0.0,0.0
schafer_phyllosphere_2022,18,ok,234,13,221,100,LENS distributed,0.47847616073657767,0.9248172641837801,True,lambda=0.01,1.0,99.0,0.5686274509803921,0.5384615384615384
schafer_phyllosphere_2022,18,ok,234,13,221,200,OneNet,0.3682808308832377,0.8304907761921336,,,,,,
schafer_phyllosphere_2022,18,ok,234,13,221,200,Fixed mean,0.47847616073657767,0.9248172641837801,,,,,,
schafer_phyllosphere_2022,18,ok,234,13,221,200,PLNNetwork,0.2128205128205128,0.640097459101984,,,,,,
schafer_phyllosphere_2022,18,ok,234,13,221,200,Poisson GLMNet,0.2968676622522777,0.6494953010790115,,,,,,
schafer_phyllosphere_2022,18,ok,234,13,221,200,SparCC,0.4109668543757913,0.9369996519317786,,,,,,
schafer_phyllosphere_2022,18,ok,234,13,221,200,SPIEC-EASI,0.05555555555555555,0.5,,,,,,
schafer_phyllosphere_2022,18,ok,234,13,221,200,LENS restricted,0.47847616073657767,0.9248172641837801,True,lambda=10,2.0,198.0,0.0,0.0
schafer_phyllosphere_2022,18,ok,234,13,221,200,LENS distributed,0.4400650111686901,0.9067177166724678,False,lambda=10,3.0,197.0,0.8235294117647058,0.811965811965812
schafer_phyllosphere_2022,18,ok,234,13,221,357,OneNet,0.3682808308832377,0.8304907761921336,,,,,,
schafer_phyllosphere_2022,18,ok,234,13,221,357,Fixed mean,0.47847616073657767,0.9248172641837801,,,,,,
schafer_phyllosphere_2022,18,ok,234,13,221,357,PLNNetwork,0.2128205128205128,0.640097459101984,,,,,,
schafer_phyllosphere_2022,18,ok,234,13,221,357,Poisson GLMNet,0.2968676622522777,0.6494953010790115,,,,,,
schafer_phyllosphere_2022,18,ok,234,13,221,357,SparCC,0.4109668543757913,0.9369996519317786,,,,,,
schafer_phyllosphere_2022,18,ok,234,13,221,357,SPIEC-EASI,0.05555555555555555,0.5,,,,,,
schafer_phyllosphere_2022,18,ok,234,13,221,357,LENS restricted,0.35132753302173614,0.8733031674208145,False,lambda=10,5.0,352.0,0.0,0.0
schafer_phyllosphere_2022,18,ok,234,13,221,357,LENS distributed,0.454506533984641,0.9053254437869823,False,lambda=0.01,6.0,351.0,0.9411764705882353,0.9358974358974359
schafer_phyllosphere_2022,19,ok,359,10,349,5,OneNet,0.1397322465382344,0.8356733524355301,,,,,,
schafer_phyllosphere_2022,19,ok,359,10,349,5,Fixed mean,0.23754178131950554,0.9255014326647564,,,,,,
schafer_phyllosphere_2022,19,ok,359,10,349,5,PLNNetwork,0.05840297121634169,0.5352435530085959,,,,,,
schafer_phyllosphere_2022,19,ok,359,10,349,5,Poisson GLMNet,0.39827656420531365,0.7787965616045845,,,,,,
schafer_phyllosphere_2022,19,ok,359,10,349,5,SparCC,0.10435441514454766,0.8429799426934097,,,,,,
schafer_phyllosphere_2022,19,ok,359,10,349,5,SPIEC-EASI,0.027855153203342618,0.497134670487106,,,,,,
schafer_phyllosphere_2022,19,ok,359,10,349,5,LENS restricted,0.23754178131950554,0.9255014326647564,True,lambda=0.01,0.0,5.0,0.0,0.0
schafer_phyllosphere_2022,19,ok,359,10,349,5,LENS distributed,0.23754178131950554,0.9255014326647564,True,lambda=0.01,0.0,5.0,0.058823529411764705,0.008356545961002786
schafer_phyllosphere_2022,19,ok,359,10,349,10,OneNet,0.1397322465382344,0.8356733524355301,,,,,,
schafer_phyllosphere_2022,19,ok,359,10,349,10,Fixed mean,0.23754178131950554,0.9255014326647564,,,,,,
schafer_phyllosphere_2022,19,ok,359,10,349,10,PLNNetwork,0.05840297121634169,0.5352435530085959,,,,,,
schafer_phyllosphere_2022,19,ok,359,10,349,10,Poisson GLMNet,0.39827656420531365,0.7787965616045845,,,,,,
schafer_phyllosphere_2022,19,ok,359,10,349,10,SparCC,0.10435441514454766,0.8429799426934097,,,,,,
schafer_phyllosphere_2022,19,ok,359,10,349,10,SPIEC-EASI,0.027855153203342618,0.497134670487106,,,,,,
schafer_phyllosphere_2022,19,ok,359,10,349,10,LENS restricted,0.23754178131950554,0.9255014326647564,True,lambda=0.01,0.0,10.0,0.0,0.0
schafer_phyllosphere_2022,19,ok,359,10,349,10,LENS distributed,0.23754178131950554,0.9255014326647564,True,lambda=0.01,0.0,10.0,0.11764705882352941,0.04178272980501393
schafer_phyllosphere_2022,19,ok,359,10,349,20,OneNet,0.1397322465382344,0.8356733524355301,,,,,,
schafer_phyllosphere_2022,19,ok,359,10,349,20,Fixed mean,0.23754178131950554,0.9255014326647564,,,,,,
schafer_phyllosphere_2022,19,ok,359,10,349,20,PLNNetwork,0.05840297121634169,0.5352435530085959,,,,,,
schafer_phyllosphere_2022,19,ok,359,10,349,20,Poisson GLMNet,0.39827656420531365,0.7787965616045845,,,,,,
schafer_phyllosphere_2022,19,ok,359,10,349,20,SparCC,0.10435441514454766,0.8429799426934097,,,,,,
schafer_phyllosphere_2022,19,ok,359,10,349,20,SPIEC-EASI,0.027855153203342618,0.497134670487106,,,,,,
schafer_phyllosphere_2022,19,ok,359,10,349,20,LENS restricted,0.23754178131950554,0.9255014326647564,True,lambda=0.01,0.0,20.0,0.0,0.0
schafer_phyllosphere_2022,19,ok,359,10,349,20,LENS distributed,0.23754178131950554,0.9255014326647564,True,lambda=0.01,0.0,20.0,0.13725490196078433,0.055710306406685235
schafer_phyllosphere_2022,19,ok,359,10,349,50,OneNet,0.1397322465382344,0.8356733524355301,,,,,,
schafer_phyllosphere_2022,19,ok,359,10,349,50,Fixed mean,0.23754178131950554,0.9255014326647564,,,,,,
schafer_phyllosphere_2022,19,ok,359,10,349,50,PLNNetwork,0.05840297121634169,0.5352435530085959,,,,,,
schafer_phyllosphere_2022,19,ok,359,10,349,50,Poisson GLMNet,0.39827656420531365,0.7787965616045845,,,,,,
schafer_phyllosphere_2022,19,ok,359,10,349,50,SparCC,0.10435441514454766,0.8429799426934097,,,,,,
schafer_phyllosphere_2022,19,ok,359,10,349,50,SPIEC-EASI,0.027855153203342618,0.497134670487106,,,,,,
schafer_phyllosphere_2022,19,ok,359,10,349,50,LENS restricted,0.23754178131950554,0.9255014326647564,True,lambda=0.01,1.0,49.0,0.0,0.0
schafer_phyllosphere_2022,19,ok,359,10,349,50,LENS distributed,0.23754178131950554,0.9255014326647564,True,lambda=0.01,1.0,49.0,0.2549019607843137,0.18384401114206128
schafer_phyllosphere_2022,19,ok,359,10,349,100,OneNet,0.1397322465382344,0.8356733524355301,,,,,,
schafer_phyllosphere_2022,19,ok,359,10,349,100,Fixed mean,0.23754178131950554,0.9255014326647564,,,,,,
schafer_phyllosphere_2022,19,ok,359,10,349,100,PLNNetwork,0.05840297121634169,0.5352435530085959,,,,,,
schafer_phyllosphere_2022,19,ok,359,10,349,100,Poisson GLMNet,0.39827656420531365,0.7787965616045845,,,,,,
schafer_phyllosphere_2022,19,ok,359,10,349,100,SparCC,0.10435441514454766,0.8429799426934097,,,,,,
schafer_phyllosphere_2022,19,ok,359,10,349,100,SPIEC-EASI,0.027855153203342618,0.497134670487106,,,,,,
schafer_phyllosphere_2022,19,ok,359,10,349,100,LENS restricted,0.23754178131950554,0.9255014326647564,True,lambda=10,2.0,98.0,0.0,0.0
schafer_phyllosphere_2022,19,ok,359,10,349,100,LENS distributed,0.23754178131950554,0.9255014326647564,True,lambda=0.01,1.0,99.0,0.43137254901960786,0.3816155988857939
schafer_phyllosphere_2022,19,ok,359,10,349,200,OneNet,0.1397322465382344,0.8356733524355301,,,,,,
schafer_phyllosphere_2022,19,ok,359,10,349,200,Fixed mean,0.23754178131950554,0.9255014326647564,,,,,,
schafer_phyllosphere_2022,19,ok,359,10,349,200,PLNNetwork,0.05840297121634169,0.5352435530085959,,,,,,
schafer_phyllosphere_2022,19,ok,359,10,349,200,Poisson GLMNet,0.39827656420531365,0.7787965616045845,,,,,,
schafer_phyllosphere_2022,19,ok,359,10,349,200,SparCC,0.10435441514454766,0.8429799426934097,,,,,,
schafer_phyllosphere_2022,19,ok,359,10,349,200,SPIEC-EASI,0.027855153203342618,0.497134670487106,,,,,,
schafer_phyllosphere_2022,19,ok,359,10,349,200,LENS restricted,0.1513250342477735,0.8469914040114612,False,lambda=1,9.0,191.0,0.0,0.0
schafer_phyllosphere_2022,19,ok,359,10,349,200,LENS distributed,0.2614837678362379,0.9126074498567336,False,lambda=10,5.0,195.0,0.6470588235294118,0.6211699164345403
schafer_phyllosphere_2022,19,ok,359,10,349,357,OneNet,0.1397322465382344,0.8356733524355301,,,,,,
schafer_phyllosphere_2022,19,ok,359,10,349,357,Fixed mean,0.23754178131950554,0.9255014326647564,,,,,,
schafer_phyllosphere_2022,19,ok,359,10,349,357,PLNNetwork,0.05840297121634169,0.5352435530085959,,,,,,
schafer_phyllosphere_2022,19,ok,359,10,349,357,Poisson GLMNet,0.39827656420531365,0.7787965616045845,,,,,,
schafer_phyllosphere_2022,19,ok,359,10,349,357,SparCC,0.10435441514454766,0.8429799426934097,,,,,,
schafer_phyllosphere_2022,19,ok,359,10,349,357,SPIEC-EASI,0.027855153203342618,0.497134670487106,,,,,,
schafer_phyllosphere_2022,19,ok,359,10,349,357,LENS restricted,0.16907536498024148,0.7868194842406877,False,lambda=0.1,12.0,345.0,0.0,0.0
schafer_phyllosphere_2022,19,ok,359,10,349,357,LENS distributed,0.20750197004126633,0.8449856733524355,False,lambda=1,8.0,349.0,0.803921568627451,0.7883008356545961
schafer_phyllosphere_2022,20,ok,189,10,179,5,OneNet,0.3959545697747945,0.920949720670391,,,,,,
schafer_phyllosphere_2022,20,ok,189,10,179,5,Fixed mean,0.23267192779615142,0.8575418994413408,,,,,,
schafer_phyllosphere_2022,20,ok,189,10,179,5,PLNNetwork,0.08756613756613757,0.5765363128491621,,,,,,
schafer_phyllosphere_2022,20,ok,189,10,179,5,Poisson GLMNet,0.20507936507936508,0.6547486033519553,,,,,,
schafer_phyllosphere_2022,20,ok,189,10,179,5,SparCC,0.2042017885496146,0.7994413407821229,,,,,,
schafer_phyllosphere_2022,20,ok,189,10,179,5,SPIEC-EASI,0.05291005291005291,0.5,,,,,,
schafer_phyllosphere_2022,20,ok,189,10,179,5,LENS restricted,0.23267192779615142,0.8575418994413408,True,lambda=0.01,0.0,5.0,0.0,0.0
schafer_phyllosphere_2022,20,ok,189,10,179,5,LENS distributed,0.23267192779615142,0.8575418994413408,True,lambda=0.01,0.0,5.0,0.0196078431372549,0.0
schafer_phyllosphere_2022,20,ok,189,10,179,10,OneNet,0.3959545697747945,0.920949720670391,,,,,,
schafer_phyllosphere_2022,20,ok,189,10,179,10,Fixed mean,0.23267192779615142,0.8575418994413408,,,,,,
schafer_phyllosphere_2022,20,ok,189,10,179,10,PLNNetwork,0.08756613756613757,0.5765363128491621,,,,,,
schafer_phyllosphere_2022,20,ok,189,10,179,10,Poisson GLMNet,0.20507936507936508,0.6547486033519553,,,,,,
schafer_phyllosphere_2022,20,ok,189,10,179,10,SparCC,0.2042017885496146,0.7994413407821229,,,,,,
schafer_phyllosphere_2022,20,ok,189,10,179,10,SPIEC-EASI,0.05291005291005291,0.5,,,,,,
schafer_phyllosphere_2022,20,ok,189,10,179,10,LENS restricted,0.23267192779615142,0.8575418994413408,True,lambda=0.01,0.0,10.0,0.0,0.0
schafer_phyllosphere_2022,20,ok,189,10,179,10,LENS distributed,0.23267192779615142,0.8575418994413408,True,lambda=0.01,0.0,10.0,0.058823529411764705,0.0
schafer_phyllosphere_2022,20,ok,189,10,179,20,OneNet,0.3959545697747945,0.920949720670391,,,,,,
schafer_phyllosphere_2022,20,ok,189,10,179,20,Fixed mean,0.23267192779615142,0.8575418994413408,,,,,,
schafer_phyllosphere_2022,20,ok,189,10,179,20,PLNNetwork,0.08756613756613757,0.5765363128491621,,,,,,
schafer_phyllosphere_2022,20,ok,189,10,179,20,Poisson GLMNet,0.20507936507936508,0.6547486033519553,,,,,,
schafer_phyllosphere_2022,20,ok,189,10,179,20,SparCC,0.2042017885496146,0.7994413407821229,,,,,,
schafer_phyllosphere_2022,20,ok,189,10,179,20,SPIEC-EASI,0.05291005291005291,0.5,,,,,,
schafer_phyllosphere_2022,20,ok,189,10,179,20,LENS restricted,0.23267192779615142,0.8575418994413408,True,lambda=0.01,0.0,20.0,0.0,0.0
schafer_phyllosphere_2022,20,ok,189,10,179,20,LENS distributed,0.23267192779615142,0.8575418994413408,True,lambda=0.01,0.0,20.0,0.13725490196078433,0.05291005291005291
schafer_phyllosphere_2022,20,ok,189,10,179,50,OneNet,0.3959545697747945,0.920949720670391,,,,,,
schafer_phyllosphere_2022,20,ok,189,10,179,50,Fixed mean,0.23267192779615142,0.8575418994413408,,,,,,
schafer_phyllosphere_2022,20,ok,189,10,179,50,PLNNetwork,0.08756613756613757,0.5765363128491621,,,,,,
schafer_phyllosphere_2022,20,ok,189,10,179,50,Poisson GLMNet,0.20507936507936508,0.6547486033519553,,,,,,
schafer_phyllosphere_2022,20,ok,189,10,179,50,SparCC,0.2042017885496146,0.7994413407821229,,,,,,
schafer_phyllosphere_2022,20,ok,189,10,179,50,SPIEC-EASI,0.05291005291005291,0.5,,,,,,
schafer_phyllosphere_2022,20,ok,189,10,179,50,LENS restricted,0.23267192779615142,0.8575418994413408,True,lambda=0.01,1.0,49.0,0.0,0.0
schafer_phyllosphere_2022,20,ok,189,10,179,50,LENS distributed,0.23267192779615142,0.8575418994413408,True,lambda=0.01,1.0,49.0,0.3333333333333333,0.30158730158730157
schafer_phyllosphere_2022,20,ok,189,10,179,100,OneNet,0.3959545697747945,0.920949720670391,,,,,,
schafer_phyllosphere_2022,20,ok,189,10,179,100,Fixed mean,0.23267192779615142,0.8575418994413408,,,,,,
schafer_phyllosphere_2022,20,ok,189,10,179,100,PLNNetwork,0.08756613756613757,0.5765363128491621,,,,,,
schafer_phyllosphere_2022,20,ok,189,10,179,100,Poisson GLMNet,0.20507936507936508,0.6547486033519553,,,,,,
schafer_phyllosphere_2022,20,ok,189,10,179,100,SparCC,0.2042017885496146,0.7994413407821229,,,,,,
schafer_phyllosphere_2022,20,ok,189,10,179,100,SPIEC-EASI,0.05291005291005291,0.5,,,,,,
schafer_phyllosphere_2022,20,ok,189,10,179,100,LENS restricted,0.23267192779615142,0.8575418994413408,True,lambda=0.01,1.0,99.0,0.0,0.0
schafer_phyllosphere_2022,20,ok,189,10,179,100,LENS distributed,0.36416704042320736,0.8508379888268157,False,lambda=10,3.0,97.0,0.47058823529411764,0.4444444444444444
schafer_phyllosphere_2022,20,ok,189,10,179,200,OneNet,0.3959545697747945,0.920949720670391,,,,,,
schafer_phyllosphere_2022,20,ok,189,10,179,200,Fixed mean,0.23267192779615142,0.8575418994413408,,,,,,
schafer_phyllosphere_2022,20,ok,189,10,179,200,PLNNetwork,0.08756613756613757,0.5765363128491621,,,,,,
schafer_phyllosphere_2022,20,ok,189,10,179,200,Poisson GLMNet,0.20507936507936508,0.6547486033519553,,,,,,
schafer_phyllosphere_2022,20,ok,189,10,179,200,SparCC,0.2042017885496146,0.7994413407821229,,,,,,
schafer_phyllosphere_2022,20,ok,189,10,179,200,SPIEC-EASI,0.05291005291005291,0.5,,,,,,
schafer_phyllosphere_2022,20,ok,189,10,179,200,LENS restricted,0.3005469565309382,0.8681564245810056,False,lambda=10,3.0,197.0,0.0,0.0
schafer_phyllosphere_2022,20,ok,189,10,179,200,LENS distributed,0.3297105921744175,0.7251396648044692,False,lambda=1,4.0,196.0,0.6862745098039216,0.6666666666666666
schafer_phyllosphere_2022,20,ok,189,10,179,357,OneNet,0.3959545697747945,0.920949720670391,,,,,,
schafer_phyllosphere_2022,20,ok,189,10,179,357,Fixed mean,0.23267192779615142,0.8575418994413408,,,,,,
schafer_phyllosphere_2022,20,ok,189,10,179,357,PLNNetwork,0.08756613756613757,0.5765363128491621,,,,,,
schafer_phyllosphere_2022,20,ok,189,10,179,357,Poisson GLMNet,0.20507936507936508,0.6547486033519553,,,,,,
schafer_phyllosphere_2022,20,ok,189,10,179,357,SparCC,0.2042017885496146,0.7994413407821229,,,,,,
schafer_phyllosphere_2022,20,ok,189,10,179,357,SPIEC-EASI,0.05291005291005291,0.5,,,,,,
schafer_phyllosphere_2022,20,ok,189,10,179,357,LENS restricted,0.20428946968025455,0.693854748603352,False,lambda=0.01,5.0,352.0,0.0,0.0
schafer_phyllosphere_2022,20,ok,189,10,179,357,LENS distributed,0.3537566335846496,0.870391061452514,False,lambda=10,5.0,352.0,0.9215686274509803,0.9206349206349206
