sample_id,Clostridium leptum,Ruminococcus gnavus,Alistipes putredinis,Alistipes shahii,Anaerosacchariphilus hominis,Anaerostipes hadrus,Bacteroides caccae,Bacteroides cellulosilyticus,Bacteroides eggerthii,Bacteroides finegoldii,Bacteroides fragilis,Bacteroides intestinalis,Bacteroides koreensis,Bacteroides ovatus,Bacteroides salyersiae,Bacteroides stercoris,Bacteroides thetaiotaomicron,Bacteroides uniformis,Bacteroides xylanisolvens,Blautia difficilis,Blautia hominis,Blautia luti,Blautia massiliensis,Blautia obeum,Blautia wexlerae,Butyricimonas paravirosa,Butyricimonas virosa,Catenibacterium mitsuokai,Clostridium scindens,Clostridium symbiosum,Coprobacillus cateniformis,Dorea longicatena,Dysosmobacter welbionis,Faecalibacillus intestinalis,Faecalibacterium prausnitzii,Faecalicatena contorta,Faecalimonas umbilicata,Flintibacter hominis,Hungatella effluvii,Lachnospira eligens,Lacrimispora amygdalina,Lactobacillus rogosae,Odoribacter splanchnicus,Parabacteroides distasonis,Parabacteroides merdae,Phocaeicola coprocola,Phocaeicola dorei,Phocaeicola vulgatus,Prevotella copri,Roseburia faecis,Roseburia intestinalis,Sellimonas intestinalis,Simiaoa sunii,Streptococcus pasteurianus,Wujia chipingensis,Alistipes onderdonkii,Streptococcus salivarius,Escherichia coli,Bifidobacterium pseudocatenulatum,Gordonibacter pamelaeae,Mitsuokella multacida,Shigella flexneri,Anaerostipes caccae,Bifidobacterium longum,Sutterella wadsworthensis,Eubacterium ruminantium,Lachnospira pectinoschiza,Bifidobacterium bifidum,Collinsella aerofaciens,Escherichia fergusonii,Klebsiella pneumoniae,Gordonibacter massiliensis,Clostridium thiosulfatireducens,Enterococcus faecium,Anaerosacchariphilus polymeriproducens,Paraclostridium benzoelyticum,Paraeggerthella hongkongensis,Clostridium celatum,Enterobacter hormaechei,Klebsiella quasipneumoniae,Staphylococcus haemolyticus,Klebsiella variicola,Citrobacter freundii,Akkermansia muciniphila,Clostridium perfringens,Clostridium sporogenes,Clostridium tertium,Zhenhengia yiwuensis,Citrobacter gillenii,Clostridium butyricum,Enterococcus faecalis,Proteus mirabilis,Enterococcus hirae,Tissierella hominis,Erwinia gerundensis,Bacillus proteolyticus,Cellulomonas hominis
mA01,0.0572812987114955,0.114619411951362,1.36853164923485,0.635985172611226,0.152698514083965,0.0896822900381228,0.177569909385952,0.222089105410913,0.109536182677736,0.17110864929675,0.0433472571260235,0.394368579596241,0.877179555699694,0.384192094955748,0.0410345716182333,0.0930443733052282,0.296181934468296,0.720086270744711,1.06786582306673,0.132607337237628,0.0509013613785887,0.174208940129207,0.191556309458353,0.390320265947248,0.544949359985452,0.211894796604657,0.701326336278821,0.0214001390195809,0.00894438918210384,0.0217677624384493,0.0234231818337172,0.396265739239674,0.20804032075834,0.130764764101845,1.28027752047852,0.0061326270329408,0.0456655126856147,0.0330025569211392,0.0026190383568472,2.12468734742236,0.00277499980727621,0.0984306133968301,0.613012050963033,0.525091011304398,0.684108192151458,0.323982063007267,0.701976918329182,0.66427880773977,19.801693456165,3.83040096842257,1.33158103959714,0.0267473887485756,0.887983228172983,0.0225375435973524,0.12530945536791,0.24432920824209,0.0198115602459254,0.0455318314423899,0.0353364086257733,0.00170777788219768,0.0589991026869351,0.0157365103482873,0.00130562014216287,0.0198784008675378,0.0077212058065963,0.00323397207568159,0.00304236229372594,0.00230711545598917,0.101310330177966,0.00273600944466896,0.0166533408747379,0.000873384122402468,0.00147049367547354,0.000800973448988998,0.00143595935430712,0.00131230420432412,0.000376535501750043,0.00399929719314395,0.000724106734134699,0.00125214764487292,0.000860015998079981,0.000877840163843297,0.000239512227444554,0.000458972268405378,0.0141679837611155,0.000764211107102159,0.000930198650773036,0.00077980725214506,0.000323063004460097,0.000987013179143605,0.000475682423808487,0.00077980725214506,0.000388789615712323,0.000561461221544443,0.000481252475609523,0.000259564413928284,9.80329116982362e-05
mA02,0.0548460564934226,0.116595092839787,1.51100437298482,0.68532948616664,0.227549910190703,0.732902130327789,0.822973081671307,0.37595368723786,0.44885097724792,0.526294884950728,0.168114606870006,0.263989000389719,0.764846051789518,0.24015931418954,0.139019487570756,3.08209524606948,0.308604064596839,4.9777099605413,0.584022082950063,0.204611025905108,0.0494409762295242,0.268348931872646,0.383942975036144,0.327040430294368,1.01313724088248,0.401512058341587,0.0901106405377315,0.0115524954566162,0.00980029103057138,0.0332977639754767,0.0330478690489434,0.1911740287084,0.198725265400172,0.196205736552654,0.793522229594286,0.00733221113851658,0.0289231327909888,0.0397024239455081,0.0105779052431366,0.427590798880565,0.00472448408163438,0.224039621457989,1.04764920020688,1.1342260324894,0.414497774700379,14.5755537612773,0.651718618547919,4.83984145960275,0.018944975371532,4.51209985354393,0.315652571495233,0.0316954965053518,0.649038862953389,0.017095752915186,0.145819569512772,0.258001811944013,0.06396575134173,0.0124418274010434,0.0939252130927537,0.00338681123960349,0.0187141900570278,0.0021755558309953,0.00237547177222189,0.0638599134904923,0.0174647154243616,0.0054682889806098,0.00450692849853485,0.000717345436166017,0.0733911999825015,0.000508609674002955,0.00126270436407092,0.000877572183178508,0.00193154078508637,0.000795253854438146,0.00172427499307938,0.00156404824606689,0.000580638211650772,0.000393952001828878,0.000382192240580255,0.000194036060602283,0.000759974570692276,0.000386602151048489,0.000113187702017999,0.000252834866845399,0.000508609674002955,0.000959890511918871,0.00036455259870732,0.00121566531907643,3.96891942141034e-05,0.000508609674002955,0.000355732777770853,0.000366022568863398,0.000330743285117528,0.00099516979566474,0.000305753792464204,0.000201385911382673,0.000124947463266622
mA04,3.80430051780456,0.165927220713512,0.157409039744093,0.299776434688759,0.266549618635017,1.42625784692633,0.340746631860084,0.929779215287512,0.253350316749076,0.853715848664874,0.387999264540403,0.476827897375128,6.25175657469389,5.25232109811395,5.38546107932852,0.314659240901158,0.690861969914309,1.04342730082542,8.12196088452038,0.199710895302007,0.0578708075270651,0.303478666638716,0.236722133039691,0.335909442797007,1.5087514058831,0.665383152378936,0.0320835476192081,0.00589365036283997,0.0118020764081941,0.0365171758536166,0.162278550612669,0.210575639350708,0.102892312147744,0.756051357686675,1.60705217468957,0.0106486496919316,0.0532571006620152,0.0364229808775887,0.0372642713007394,0.0416794299320051,0.00542452244301504,2.75295714507218,0.100513427262963,1.37384850104857,0.970920256287907,0.606845592178419,1.71002944701177,21.7098512153414,0.00777939684371105,2.08396133831853,0.172610446610703,0.0543754351323065,0.167853600321297,0.0396394622648923,0.0596152615438945,0.0540706866804518,0.0392820754440808,0.0311360569779869,0.54205053043315,0.00308904112561888,0.00129287221998997,0.0197283065968897,0.0239984788434852,0.123101751906502,0.00515209579666001,0.00197070665532756,0.0013972254777463,0.0986332216630345,0.0886531716048691,0.00508745218566051,0.000777570292308251,0.00318138914133245,0.000416489550868196,0.00355539860497241,0.00149788481487409,0.000141292464041761,0.00140276635868911,0.000419259991339603,0.000127440261684725,0.000248416162269501,0.00250632514646626,5.26383689567343e-05,6.18731705280912e-05,0.000427571312753824,0.000253033563055179,0.000396172987411211,4.34035673853774e-05,0.00135197495004665,1.93930832998495e-05,0.000319524134368949,0.000122822860899047,0.000176384710012917,0.000108047178384876,0.000605802983081012,6.64905713137696e-05,0.000136675063256082,9.69654164992474e-05
mA06,0.0139204727974742,2.01058999070873,0.00288139033040814,0.0174917060937841,0.0971944876108031,0.0292182390077949,0.0766427497711635,3.68345918302049,0.0264548796125931,0.564562698256083,29.1391287734729,2.75653991866839,5.52372734420124,5.52047192340724,0.0283617172212302,0.0387978849111613,0.336731890561462,0.0317383589757135,3.23011512099415,0.332548172412189,0.0502046177912686,0.192214972996117,0.0496551359375041,0.0937867431098804,0.577041279628875,0.0285674738515223,0.0474683736109115,0.00215167204855831,0.0125519519541361,0.0341707532485463,0.0241405162749667,0.0372874079430481,0.275039991751871,0.013302405400279,0.186148342427776,0.00209664411254996,0.1163354367722,0.0190404633652074,0.0442663857402808,0.0689587763879688,0.00572210783854925,0.114225235052227,0.0175818243078267,11.6466092232435,0.12661130569202,0.061131251867361,0.104057826991786,0.0250855612629361,0.00569738514266144,0.0781962920805007,0.0618840978324608,0.0160179144163431,0.0723713059268054,0.0764585258114834,0.0196688983445491,0.0037163794463609,0.346231785832932,0.589951311920225,0.553371292082096,0.00237896134946236,0.0170817878458378,0.372847761721955,0.110888468613692,0.205833190898705,0.0181743715028152,0.00111331882127035,0.00996324644278686,0.00434561193202158,0.000783948711539221,0.123709180197318,0.0158711732536542,0.00268440626962464,0.00223620771836824,0.00217160970653235,0.000627637473022754,0.00182788448305991,0.00113963652979608,0.0393043014237019,0.00378416748347264,0.0092486807809973,0.00197941068366261,0.00425150618638412,0.00148894429750125,3.03052401205396e-05,0.00796389810115022,0.00092590483631438,0.00346436744956905,0.000309432451757088,0.000667512788970832,0.00244515437393617,0.000234466857774701,0.00291568310212349,0.000295874844334742,0.000185021465999084,0.000972160202814151,0.00102559312618458,0.000301457388567473
mA08,0.0784903118375308,0.359652426778947,0.200936859282457,0.187087154416255,0.31697566357838,0.692781105083692,2.04495764985263,0.240056793003191,0.224143841558027,0.44815791918027,0.0895293298546564,0.0698415455175423,3.25650123157654,3.00983296604516,0.369606618292921,0.125983912334392,0.494735386290497,3.47585937918286,1.38781491209259,0.259695267044707,0.0790703566304842,0.312836194026878,0.291771614331098,0.458266529777826,1.58848964822476,0.0728170325650642,0.0320880260406114,0.0257373790233535,0.0151265819943144,0.0550471591988344,0.0871546498298133,0.349462064901848,0.0823494912877402,0.647941177073609,1.48380518830992,0.0108508603102391,0.0441638579046493,0.0555558338271067,0.0152602388481717,3.07802521193889,0.0069060366624124,0.24210965846729,0.211681313165353,0.974272820421999,0.475452465433028,0.546707140211256,2.46437804781422,26.2120490122538,0.0052242960546547,0.381304837103828,0.476773462299307,0.0466345632419723,0.556074798735487,0.083366840544285,0.183211105654393,0.235877096631596,0.0111506150018996,0.0103759243052705,1.50546408683159,0.00802849470694204,0.0146347766776939,0.00166227601739013,0.0042406854214137,0.325519321110384,0.00317272822991325,0.0048804216248277,0.0113777018895212,0.247257393799832,0.00111856512645612,0.00039448236478267,0.00265107720806248,0.00815436572465229,0.000498293513409688,0.00255375425622465,0.00303647609734029,0.000384101249919968,0.00352698377460295,0.00317402586927109,7.00725253232374e-05,8.43465582594525e-05,0.000448983217811855,1.81669510097282e-05,3.3738623303781e-05,0.000109001706058369,0.000285480658724301,0.000568366038732926,0.00069164177772751,0.000660498433139405,5.19055743135092e-06,0.000591723547174005,0.000162204919729716,3.63339020194564e-05,0.000105108787984856,0.000215408133401063,2.85480658724301e-05,0.000120680460278909,0.000105108787984856
mA09,0.121754896150084,0.136108450630907,1.41042953943553,1.75189628302843,0.326474788668542,0.420645619411782,0.46601387289676,1.14554624789303,0.279292198662936,0.703116289647128,0.164348137302493,1.8740915401781,1.40637280598127,0.904877891092968,0.0684035619743406,3.11188726719049,1.73865224145717,4.72026891640787,1.82354842991869,0.245918247152636,0.0932249156351969,0.350396969450362,0.469620404882172,0.618714584766147,1.27762010612553,0.292801932904335,0.233605359985523,0.0138603009589439,0.0149132311702375,0.0366914197110701,0.0412942992095053,0.3331736881203,0.226311112143267,0.569073107503092,3.03715505342046,0.0114026437601535,0.0333690312756683,0.0506710363598451,0.00769401690612301,1.17318566593949,0.00621548639914301,1.00600962378213,0.897176493834897,1.09171888101662,0.242577407837363,0.789698888528837,0.781537449332654,5.46962680118719,0.0308843127864007,2.31374033579814,1.13766157189491,0.0612114090007033,0.794424773893078,0.0234449180224947,0.1797989041063,0.104574666873054,0.0277292123284942,0.127205286063918,0.00188198974682146,0.0107593230819917,0.00222640617107636,0.0285828730371831,0.00228298886934681,0.140489919570893,0.0072179842054564,0.00559922701145834,0.00582432774588208,0.00127434076974315,0.00211078065721936,0.0058132572179596,0.00235925250614611,0.00310097787695221,0.000515394577724307,0.00095329545999126,0.00232850103969478,0.000319815251093842,0.00143916862992229,0.00360407186809599,0.000610109094394406,0.000428060413002527,0.000897942820378864,5.53526396123957e-05,0.000111935337882845,0.000713434021670878,0.000402229181183409,0.000462502055428018,0.000434210706292793,0.000591658214523608,5.78127569285022e-05,0.000451431527505539,0.000239861438320381,0.000100864809960366,0.000157447508230814,0.00017466832944356,0.000102094868618419,0.000130386217753643,0.000221410558449583
mA107,0.11213912873921,0.159668160116229,0.0574619497244672,0.340444768315619,0.354828763936525,0.216438757766748,1.51228653365751,0.834889065327304,0.535346826961637,0.424126843401466,1.21359396357383,0.652053207457901,0.457970065024681,0.154639627321368,0.145685080360282,0.781036497352987,0.528556314498906,3.52304360745918,0.622612087590549,0.176652414031736,0.0558913162648719,0.204488731473729,0.270397249534932,0.499073052907113,0.958168415870938,0.770176461067823,0.410437616751085,0.0149204483833922,0.0150810425224806,0.0278693474422308,0.0319912636788336,0.274707095083234,0.239267043793338,0.199471588334123,2.40374687766838,0.0131914987157594,0.0297657250421047,0.0772286964186482,0.00675862142801903,0.907796526542396,0.00487477244892508,0.109955731826922,0.484350784525149,1.29956535936583,0.674121803479016,1.08713234335209,4.8882976645398,9.72253205248307,0.0238601887926476,1.22169314742531,1.64991571085629,0.0526919621038835,0.960285752782749,0.0171345973648666,0.152611129720542,4.67953325648353,0.00937026937787539,0.00616066452715789,0.0447055358394296,0.0355015554282698,0.00163099863244409,0.00403307692561769,0.00279274346840287,0.269786764013291,0.0191801794485744,0.00485882693156879,0.0050330886569626,0.00898188213369701,0.442210199049032,0.000648071383980928,0.00079727586781485,0.00709803315460307,0.000994316903717663,0.000817777247272946,0.00177109139207442,0.00163555449454589,0.00288158277938796,0.000916867247987078,0.000301825864244193,9.11172420359829e-05,0.000527341038283251,4.7836552068891e-05,6.9476897052437e-05,0.000356496209465783,0.000273351726107949,0.000706158625778867,0.000164011035664769,0.000814360350696597,9.33951730868825e-05,0.000406610692585574,0.00032004931265139,0.000150343449359372,0.000195902070377363,0.000474948624112561,0.000130981035426725,0.000133258966477625,0.000173122759868368
mA11,0.0932295561674193,0.0897647987797016,1.31172452457178,1.05108148356128,0.170471378364061,0.208651520273412,0.553380676770392,0.773219120659054,0.616812952859415,0.91297136072413,0.174724205403574,0.85803465875347,1.5191087188819,0.460634042354712,0.921059154615692,10.685335609083,0.503381322804234,1.72919892444987,1.64634714596452,0.118792336407507,0.0486083193947332,0.181994606121413,0.322485432395033,0.231323184523485,0.786273586077045,0.534077552101713,0.240950463316228,1.34696498340793,0.0110732949677812,0.0245648641345011,0.0406808885137107,0.151261722421525,0.186054997548279,0.0800495494211766,0.959078933514504,0.0149953160255522,0.0208728494518472,0.0402419520448621,0.012417595176134,0.0521253093058838,0.00325766001410645,0.904666389498294,0.671592957259776,1.22903310909697,1.02005628100218,12.3818342247837,0.39114554262765,1.35243473660742,0.00982521256575227,3.7282301485942,1.126453014875,0.0314659717480695,0.741554298777915,0.0288534292163628,0.106345417709446,0.316676625973255,0.125252674832107,0.0106426057394746,0.659072729756896,0.00686995137152068,0.00635953881797433,0.00332455429850301,0.00240544515809548,0.428800610222491,0.00466152362637398,0.00174933135497305,0.000845800335589381,0.00649699282700836,0.00118118811763241,0.00144601617503797,0.0133055480744938,0.00410895851005719,0.00234313267400005,0.0013378856879312,0.000975923464141594,0.00239536519743298,0.00173650231412988,0.00102815598757452,0.000192435612647638,0.000791735092035997,0.000647866562580382,0.000456347309992971,9.0719645962458e-05,0.0128391208038384,0.000182355651985143,0.000448100069450929,0.000299649739694179,0.000323475101260078,0.000936519981551839,0.000234588175418073,0.000234588175418073,9.25523660829117e-05,0.000114545007528356,0.000269409857706694,0.000131955848672666,0.000192435612647638,0.000110879567287449
mA12,0.054319077204352,0.130383362464383,0.0868667675833306,0.837012868492129,0.200779009129453,3.07177102312747,1.1396179421733,0.342643632017077,4.11137952037465,0.703947117090101,0.538229895186377,0.156277905516669,2.50392265489973,1.87804156399525,0.324114672809602,0.289417518447478,1.07075468849143,9.81925541632668,2.60235950373205,0.256393000477632,0.0538553389983318,0.301814100853972,0.322751506873358,0.444616484670302,1.47728199821203,0.559779697425406,0.648247109784354,0.0100900458051803,0.0136531633518392,0.0212178928375428,0.0737568137026562,0.297643261867972,0.103957764369718,0.363426770286476,1.43903575064415,0.0212973641026874,0.0405976620600945,0.0225081322010666,0.00944492612341843,0.733512297636007,0.00507026671622432,1.74121261444961,0.552191594038189,1.54750187313772,0.533699098117075,0.361817710906313,2.38419311674503,15.3278117695597,0.00972915276581787,3.68747324740102,0.278638410025691,0.0295418066443924,0.242173253753115,0.0257131615765446,0.0785082604022417,1.44705486877527,0.0552278544951818,0.0266387680764638,0.562524728419106,0.00750582725389063,0.00127528006655541,0.00950195844311042,0.0027712097633946,0.846537265880691,0.00485055204200107,0.00374730389058217,0.00443636650718872,0.00847724660077558,0.341261766959621,0.00203820421194339,0.000564713460556794,0.0030498266694309,0.000512355921167422,0.000435689524204414,0.00338360598303814,0.00031414523633623,0.00171564437106244,0.00089475294992194,0.000179511563620703,0.000121544287868184,0.000373982424209797,5.60973636314696e-05,0.00010191021059717,0.000428209875720218,0.000202885465133815,0.000298250983307313,0.000132763760594478,0.000710566605998614,3.55283302999307e-05,0.00020195050907329,0.000107519946960317,0.000155202706047066,6.8251792418288e-05,0.000117804463626086,8.60159575682533e-05,9.16256939314003e-05,9.44305621129738e-05
mA13,0.0808933722952508,0.218183697104268,2.18631286438773,0.166626489242092,0.304819478656091,0.167778104741023,0.973673059963548,0.249666410154397,0.53122203709135,0.444198031418195,0.178384631463977,0.0841253816282283,0.789060303862497,0.448679147509272,0.102961215174229,0.843699802338213,0.716600795943013,5.14922369016011,0.267798913902109,0.19176878861557,0.061479554855607,0.24434443195299,0.258898484214607,0.344916240819914,1.16634016089574,0.102655684531655,0.121744821259961,0.0164098680165074,0.0131778586835299,0.0404623543857061,0.0311397527276966,0.2558484005349,0.166403652078278,0.159766412335764,1.56293286227878,0.00514701620950607,0.0247697434902257,0.0501122481280677,0.00920857170308891,0.0602243548938097,0.00758342723105308,0.0771887044468392,0.336927180314105,0.336631224705915,0.762063059191801,0.835917040300467,1.16294450552059,10.7278545949902,0.00470917600091795,2.83212020839383,0.214187425936021,0.0403135061239396,0.234485628369553,0.0356818008557539,0.0758098994957386,0.694235256540501,0.0167737193230479,0.0265010837981418,0.00381782734566102,0.0090266460498187,0.124017586239332,0.015830143207522,0.00301178354217673,0.588904655585404,0.00532633048976283,0.00385699794086274,0.00291342182533685,0.00392315272387009,0.0107431885773252,0.00505909998471999,0.00186713170461534,0.0067617151894881,0.00262617079385757,0.00245991337866805,0.00186364987393075,0.00223185346882692,0.00263835720125366,0.00682351768413971,0.00023850540189492,0.000273323708740894,0.00349662846500691,0.000205428010391245,0.000112289039578265,0.0022527444529345,0.000327292084352153,0.00221618523074623,0.0005962635047373,0.000978394422371862,0.000114900412591713,0.000653713711033157,0.000504865449266619,0.000231541740525725,0.000416949224480536,0.000532720094743398,0.000122734531632057,0.000409985563111341,0.000270712335727446
mA15,0.028408524185718,0.0758399303018151,0.0242999138950578,0.0521751166894991,0.0785594622817606,0.191684664567307,0.0658574566269254,0.084491950307474,0.106595068609151,0.240996130366546,3.54603846020751,0.0172218026670141,1.7112475852958,1.13519127307073,0.0377778818184224,0.0906043834132976,0.569121505676209,0.0221259167733649,0.572715521891622,0.088490639395352,0.0241175261215525,0.16659901763014,0.223226350147885,0.227150129971644,0.270119549485915,0.0593069671722364,0.0249114014749797,0.0122989612446337,0.00487317332334543,0.0120945892305719,0.00937017186383613,0.164127011914237,0.0643429867219258,0.601813699845907,1.55922167646119,0.00301346941849648,0.0121865973484563,0.0143215113758267,0.0108561436792255,1.78243988429776,0.00232544411219291,4.02453766938552,0.0533003841135364,0.18579777348497,0.106108972623514,0.664147978365879,0.382777383101854,2.84765857660185,28.5075859878965,1.56218873470518,2.1855315199049,0.0232674688200366,0.203564296779105,0.0122273089050423,0.0400267882042336,0.0271733355588984,0.0183983666523498,0.028012807855702,0.00555061362493664,0.00325692452688082,0.0225973565986309,0.0178862152704978,0.00132149712678189,0.000804460358139563,1.45276665560669,0.000959164273166402,0.00154296799460979,0.000650570674244444,0.00102918815049434,0.00667180989331537,0.00317061602691848,0.0033122922438378,0.000704309928937978,0.000412815183782144,0.00122704631550235,0.00071245224025518,0.00140943408900768,0.000392459405489139,0.000265439348940787,0.000530878697881574,0.000464111745080517,0.000152261221631679,0.000218213943301015,8.7122731094062e-05,0.000359890160220331,0.000400601716806341,8.06088820403004e-05,0.000346862462112808,0.000115620820704269,7.73519575134195e-05,0.00012050620749459,4.72254056397719e-05,0.000133533905602114,0.000172616999924684,2.7683858478487e-05,8.63084999623418e-05,0.000105850047123627
mA16,0.019836977930784,0.0952992507239816,0.22820744241215,0.579007672167694,0.134138937050592,0.698774140696665,1.90283958097481,0.587840028350747,0.771648331813451,0.905528812337934,0.146600233845135,0.0652796131267995,2.11447064156277,1.3437471269788,0.335019436897778,15.1544779711789,2.29797653330785,2.48729681778655,0.837635623523644,0.186820992289152,0.0457872438974942,0.345599451495473,0.254120786017987,0.327552328963185,0.925679630336136,0.309200157401783,0.0243195283614983,0.0273717768603099,0.0377293781889382,0.0480984078673604,0.00933344536632547,0.196044549676689,0.111222458402257,0.0178185555364087,0.890466247309525,0.0103663923669313,0.0694219503751866,0.0211705784413535,0.0200532374730386,0.12455494709263,0.00342147210753873,1.53379618853282,0.201110825050725,0.527118568584068,2.9633825299177,0.411324770264236,27.5877700341038,1.91446748733822,0.0273673813411583,2.30382433198702,0.324069319587525,0.0284205477298612,0.187610427528764,0.0500561720974449,0.10733945678381,0.0470390877518454,0.0706342345571742,0.271193861506299,0.00216347452637534,0.00722887079658042,0.00146722429277547,0.139223673605064,0.00226632967452077,0.000174062558399966,4.83507106666573e-05,0.00333531993216905,0.00632778937051999,0.000143293924339366,0.000919542606496792,0.0403464702917498,0.0533079771657351,0.00170106591163603,0.00296521721961155,0.00306103953711456,0.0013511825871755,0.0030434574605085,0.000703283064242288,0.000487902625818087,0.00330279309044785,0.00420299541267797,0.00165711072012089,0.00262060851813283,0.0416141380150465,0.000182853596702995,0.00124217371221794,0.000407025073430224,0.000153843170303001,0.000287466952509035,0.000632954757818059,0.00045185936877567,0.000188128219684812,0.000254061006957527,0.0001230745362424,5.27462298181716e-05,0.000204831192460566,0.000139777509018155,0.000194281946496932
mA17,0.0105152402975746,1.24640636332794,0.0987743506436552,0.375878684658855,0.104102588156063,0.685435520490721,0.223727502544879,1.20743547403619,0.100456573191047,1.47576346410895,8.26511201236259,2.14150078827869,14.6215275440733,13.4153928688625,0.17498712829876,0.247796778736333,4.51600379271917,10.6397292640028,4.94700450229323,0.106933579790631,0.0904666900954389,0.265817250431175,0.0903497441429464,0.0812036710737839,1.08008852844587,0.292193960223731,0.0324264138734171,0.00213291425661299,0.00730822244653056,0.132524952532987,0.0161880185777102,0.0643778472628647,0.280717064362968,0.0109785261862948,1.01091499754656,0.0248537136574035,0.0276919019659712,0.0443737922968997,0.0628566502962124,0.00434319275872101,0.00399685282249326,0.00984325086286772,0.0460236298112937,4.12034774832533,0.153326039144401,0.678975605991886,0.267598427246061,0.67938131848861,0.0149870736040373,0.104356270914547,0.0459966422837954,0.0223726602960629,0.0368064895863857,0.0224005474078111,0.0135549354781293,0.0376997767465784,0.0230761351795177,0.0266870663587858,0.179915050819943,0.0120670231287249,0.00159766162789737,0.0141216735555929,0.00136107097016257,0.153793822954371,0.00946272672514216,0.000598223526211573,0.000456089214720703,0.00248375211409046,0.000930170114440251,0.00516811151591803,0.0150671366022822,0.0132877589558965,0.00147171983290546,0.00135477388041298,0.000563139740463827,0.00129450173566685,0.00512583105617074,0.000523558033466369,0.000460587135970414,0.00115776492967563,0.00122613333267124,0.000780839128949843,0.000230293567985207,0.000822220004447185,0.00015832682798983,0.000173619760238848,0.000231193152235149,0.000998538517435859,0.000199707703487172,0.0384275404047816,0.000214101051486247,0.000581131425462671,0.000212301882986363,0.000147531816990523,0.000179017265738501,0.000104351772993297,0.000100753435993528
mA18,0.0230952766961349,0.438399110542522,0.0277295596903263,0.0874422706910584,0.0648913826599038,0.222314879682745,0.0844855676854543,25.309547770118,0.0481904520776054,0.0489924419057349,13.3978923301246,6.55068210250059,0.109009706005757,0.104520085733728,0.0652137013566521,0.0845439403628182,0.0528450386117495,0.0627303246261941,0.0777955512710574,0.0969392515039086,0.0635615007930055,0.10795772884196,0.119056151368575,0.15574337909176,0.188414312818061,0.0366199722470912,0.00364448542149997,0.0032777527311053,0.0210040120810123,0.178758710599331,0.122118178987684,0.0724024234711358,0.122629574400241,0.473455710213259,0.0243769376556457,0.0169230005505305,0.170943116688809,0.0438594532114566,0.846822582287456,0.0592165432431393,0.00487665650237617,0.0583676014788692,0.0205915964257242,0.0960522406022274,0.110793879579095,0.0659420908524533,0.0558410797260118,0.121446893197999,0.00286026119082901,0.588958742090121,0.774907443775183,0.0265088093506735,0.132409535801181,0.0290860899534125,0.0291571523432468,5.58606726420661,0.00807192610242385,3.9239814145456,0.00171438015475155,0.0108560490184304,0.000908583412880911,2.38404927506718,0.0301951708233258,0.000596416486108978,5.32967923756959e-05,0.000889548844175305,0.00371047192634607,0.00109892909993697,0.000487284958863505,0.724442995222882,0.0848015415259674,0.0125805809431583,0.00266103270504367,0.00195421572044218,0.00180955299827958,0.00259250825770349,0.00465331756289707,0.000663671962202118,0.00818486454341044,0.0140754290721719,0.000899700614151628,0.002419928168106,0.00241612125436488,0.000912390326622032,0.000222069968232066,0.00110019807118401,0.00147200664656684,0.00435003343485442,0.00285518530584085,0.000290594415572247,0.000192883629550138,0.00142759265292043,0.000205573342020541,5.32967923756959e-05,0.000114207412233634,0.000102786671010271,0.000153545520891886
mB03,0.0477336413891245,0.346038630274218,1.6642082445013,0.882250408662574,0.197914090009456,0.318721052729092,1.01785178542233,0.660155423421233,2.77096222036802,0.251750447505428,3.76427312344324,0.999270599470372,0.569454110012713,0.410109835888131,0.664603661499646,4.2952411166069,0.969450176970641,10.4733887448037,1.4089643780154,0.235244672597001,0.0481220699242873,0.25281659444713,0.388330209111071,0.402888965671694,0.844786557707316,0.13275317170589,0.23312456789357,0.0171192969671045,0.013650256346581,0.0225833000433285,0.0434617401143313,0.234856244061838,0.102085194891986,0.43994976107582,0.894187678916847,0.00828376671014683,0.0820803127191005,0.0331878866204735,0.0051503348449,3.6468547527563,0.00435722553460931,0.638453807396004,0.504267188125203,0.735499182674852,0.485769701209069,0.588188067020337,0.99082674819657,7.89767362186693,0.00460669741807165,0.55295077294028,0.342377000610109,0.0408946988118637,3.90249679912134,0.0193482916783006,0.791755498701609,0.151993385988424,0.0102600390898876,0.024356419423507,0.00366162966410846,0.0051771510408422,0.00152446010871448,0.0131212459357211,0.00310824089330112,0.0291719581251286,0.00297415991359009,0.00604095759498053,0.00778888600321339,0.00067853101853763,0.0227360710989992,0.00377377011986677,0.00272631325412425,0.00215423440735719,0.00906224900446904,0.0011205919455849,0.00264586466629763,0.00841703507785961,0.00108727485365671,0.019660334685628,0.000334796143278447,0.000351860995241669,0.0015447754086707,0.000238907927485106,0.000351048383243421,0.000411181671113821,0.000722412066443058,0.00093287857398946,0.00231919464300167,0.000906062378047254,7.06972438476333e-05,0.00147164032882832,0.000493255482936936,0.000364862787213648,0.000201527775565667,0.000329920471288955,0.000257598003444825,0.000302291663348501,0.00015764672766024
mB04,0.0323630586384314,0.215605681640968,0.0323336387047019,0.0575425615352426,0.120199665395778,0.282065877704006,0.335100965931106,0.953278271136237,1.10078472694466,0.576630701099425,0.450648887189875,0.0987004830549442,1.36468209826679,0.829399416720394,0.126173043478792,21.0153098619442,0.493907505131459,1.25619269803129,0.618770230023373,0.100600331852326,0.0498594326881761,0.141591917592865,0.301447956352224,0.2129126261688,0.331601125353201,0.405178116539011,0.0302663225922438,0.00516319836953822,0.00599827187309273,0.0291336551436556,0.01142115773459,0.301128297456893,0.0394645780263828,0.211600044510097,0.481023837229736,0.00488201169523836,0.0349101459778639,0.0150545195501909,0.0059558392763674,0.050923076446091,0.00339291043415743,0.141623034830463,0.0310510427476842,1.86022014664841,0.725848604975766,0.765120821896994,2.75609956131032,19.0449997575118,0.019806970383428,0.178239536964642,0.219706367788504,0.019517297189783,0.130646004941598,0.0282685959384152,0.0703696526413318,0.0109917398557296,0.369716346803718,2.31917394166937,0.00976911530208377,0.0010868402441248,0.00103309228827271,0.758548295548219,0.00325429728485468,0.00279093332861407,0.0711159005757413,0.0027643422346662,0.00255387655490856,0.000183308817853428,0.0812946318782136,0.104197484518722,0.00927802871598261,0.000577083315464495,0.0192327159077452,0.00235189739449599,0.00113097014471914,0.0169724729221759,0.000290238961601261,0.0194544969466296,0.0207998931468007,0.00696573507843026,0.00174822298508362,0.00225741414578758,0.00520506519830721,0.000898439514664332,0.632429565793235,0.000694197282426408,0.00887746500289549,0.00102630307279666,0.00143478753727251,0.000879203404148849,0.000281752442256195,0.0048616440488102,0.000219517967059043,0.000216689127277355,0.00121809840999516,0.000156717723905554,0.000196887248805534
mB13,0.0393027577096643,0.0716625695842536,0.281553709471823,0.117750940292087,0.135488948840031,0.105603830232388,0.288560603492221,0.125366864648895,0.0291075898781594,0.0895071584410691,0.0189489638668392,0.0149770710228847,1.75263603555357,0.108075478347652,0.11499304791871,0.161720900479774,0.748735805279197,0.340104870963728,0.237883189199537,0.176572105233134,0.0269079753131583,0.134632246166814,0.195303848279987,0.270145556220301,0.604889945173059,0.151232383036231,0.0487518633790668,0.313960213672203,0.00766058658147821,0.0130261438452511,0.0406263836407955,0.17879405091047,0.0811898341468287,0.0540829089237764,0.616011854166468,0.00289695430019065,0.0128160283791896,0.0206237972919669,0.00241582033442668,0.219411299096219,0.00228284871097714,0.607599115119523,0.182880644467782,0.151673930030129,0.142748590450039,0.396368108491852,0.208584769815969,0.214043711731325,25.6380039396142,0.413406747203485,1.60181170284273,0.0197173571412766,0.594538459555209,0.0126475299861161,0.095337608861635,0.0212927156114573,0.0344569063329613,0.00209912455949343,0.115858886046973,0.00206156768874814,0.0154399340785564,0.000984599043862974,0.00171949564979781,0.0177613547108395,0.00584669122953683,0.00416678255160568,0.00331820028287429,0.011451800425631,0.0925086629490102,0.000924711060782649,0.000294364662598209,0.000918620757418548,0.00215190718864897,0.00116832319534668,0.00141193532991072,0.00179257929016702,0.000465908207353717,0.00862082441188478,0.000486209218567386,0.000190829505408494,0.000591774476878468,0.000238536881760617,0.000237521831199934,0.00718554291907834,0.00182404585754821,0.000823206004714301,0.00107290844264244,0.000699369836310916,4.77073763521235e-05,0.00125663259412615,0.000235491730078567,0.0010444870269433,0.000262898095217021,0.00030654526932641,0.000356282746799901,0.000374553656892204,0.000153272634663205
mB14,0.0826718635720059,0.0945242916614434,0.0362927135398201,0.10498565288046,0.164384304381966,0.303794776587162,0.200161736759005,0.281307945097177,0.152664541965036,0.351202566254006,0.0770076161632165,0.0909250142855934,1.2170537299819,0.662691951846591,0.0477567580662652,0.254334514378267,0.987227756581179,10.7746031373701,0.563567622192775,0.204948275769249,0.0391315666623855,0.206148996239986,0.314890625805127,0.261366756366606,1.05121106454781,0.840721593587749,1.00588843316842,0.0138991325587709,0.0138645241224646,0.0448784897801288,0.0284962019163845,0.445623993951983,0.295577195655334,0.86630780281805,2.20484579634397,0.0107045816186135,0.0216879534185829,0.0846743461505036,0.0144874759759771,0.0792215947413635,0.00484037435561014,0.147753989391361,0.0523702548949788,1.21205569497201,1.39697914495628,0.869925345757506,0.612798122838415,5.56562105608028,1.56093565061168,1.09358140404119,0.4832673978532,0.0265052554833222,0.189395629031402,0.0128608794695834,0.0761318304555778,0.0480672726475685,0.0545303981277605,0.131211156836974,0.234284693611513,0.0131829301963221,0.22570372409847,0.0787543808512291,0.00331760315813517,0.0862384552024555,1.09909760425022,0.00412321064770842,0.00405110973873707,0.12813196735117,0.0046019606832782,0.0226118063988692,0.00228607948711836,0.00596130315375144,0.00135453574320848,0.000966152180216126,0.00225627777807686,0.00109304978000571,0.00252064777763849,0.000330702835815271,0.000845022653144253,0.000674864507971861,0.000323973417644611,0.000110554727089407,0.000747926762396165,0.0413964965495389,0.000397997017521867,0.000466252544681414,0.000109593381636456,0.000587382071753286,0.000141317781583851,0.000283596908620654,0.000219186763272912,3.55697817592007e-05,0.000181694290607809,0.000223032145084718,0.000139395090677948,0.000388383562992353,0.000145163163395657
mDC05,0.023007651625817,0.148353136239103,0.119282225059927,0.16379299219813,0.20831425121997,1.54023579669122,0.528012437498538,0.256082748227213,0.184293083634896,0.728984468549897,0.152287592602676,0.0907883674807424,1.28539423829817,0.470058419857275,0.200324681831006,3.56853513474779,0.671129074614814,2.05864396390918,1.56960887411911,0.156907168967694,0.071655368481773,0.202898340886965,0.886459248422309,0.321024360370183,0.920656493946131,0.119528784325378,0.0452913632807365,0.0107573282921931,0.0072005797395222,0.0227411577814576,0.0483885673301419,0.257180199255559,0.0556709837620265,0.301613326454854,0.694083217634087,0.0045094115868376,0.0349956778685361,0.0322877227020335,0.00505813710101071,0.0897559661309406,0.00450626402174674,3.28318737549413,0.148786451033277,1.87124843028306,1.79775593297659,2.34404942852284,0.773325267173194,3.85369613847272,0.0120897975139901,0.344170504859998,0.478275663121144,0.0239592654716201,0.379093788731444,0.0210204888651213,0.126730413253264,0.107582725617203,0.849192077746536,0.00219909881014695,0.133936238934604,0.00173640674179065,0.00825501404496003,0.000955810599257573,0.00247503534977894,0.124528166878026,0.0608141051204904,0.00353576478539849,0.00382953752721201,0.00588804509663392,0.157515698218594,0.00034937972508537,0.000249706830541495,0.00110269697016433,0.00504764521737452,0.00177522671124458,0.0020049989628773,0.00412960539920725,0.000394494824721018,0.0105055230849243,0.00307097434031495,0.000325248392722116,0.000750169679988106,0.000280133293086468,0.00027173978617751,0.000203542542542227,0.00035042891344899,0.000551873079263978,0.000559217397809316,0.000602234120717725,8.07875039987192e-05,0.000229772251632721,0.000478429893810596,0.000742825361442768,0.000289575988359045,9.02301992712967e-05,0.000218231179632904,0.000637906525080795,0.000181509586906213
mDC09,0.0574414030287438,0.630809198460272,0.927098519857528,0.603264139347362,0.250792737820477,0.338470694001418,0.191096991330353,0.172573878767756,0.346001024249291,0.241666533600957,0.347634394400214,0.0424136660074838,0.933246064176961,0.534803432316113,0.0614041089996007,5.32777083915553,0.358612544059611,2.135068115102,1.01538921848031,0.22349369022526,0.0878736679459449,0.294828799487389,0.278526192370727,0.612541242824946,1.07085612758081,0.0842173331960059,0.153632820987369,0.0177283764701269,0.0124981167315323,0.0390536425279251,0.0857894291027455,0.588573867939591,0.170303073569132,0.371640180005804,1.63068048596585,0.00696514393585175,0.0654729017215813,0.0363539176200162,0.0119996919094421,0.569819376514628,0.00532537199822279,3.94241322154058,0.0140564945239025,0.929023628574042,0.161229912725174,0.330921158393427,1.56242555065014,10.7934581129358,0.00956884204317449,5.08932714789044,1.53963427543673,0.0513322694295461,0.399232795248528,0.0804960660380515,0.133790940363388,0.22581113701274,1.03144764316119,0.140816444002465,0.0885476846319641,0.00268417771162354,0.0249907462173168,0.0836667795393117,0.00264119428659925,0.100476956887643,0.0320738659367459,0.00316888441934432,0.00830677552118455,0.0539432838645326,0.00152362523596757,0.0278569175795752,0.0134510684097305,0.000747179962656366,0.0695307199520663,0.0047428094079999,0.00229366872257303,0.0610657288451541,0.000304542139001922,0.0744043087170551,0.000622802392373299,0.000828574107915138,0.00145503466412029,0.000234122485238714,0.000334721990614725,0.00263662158180943,3.64556968832279,0.00380906308991893,0.0265783893203419,0.00113311624691706,0.00109196190380869,0.0288098692577734,0.00123645937516696,0.000281678615052828,0.0010489784787844,0.000210344420331658,0.000175591863929036,0.000513972018375615,0.00041703067683146
mDC13,0.463896871036342,0.104349618138306,1.99689497945834,0.660752288600743,0.173831757843313,0.110022036874421,0.607522300536108,0.518074258148623,0.0471317720037354,0.272764435640375,0.0551487372594455,0.0837689705681704,0.872836613609393,0.204867060353551,0.0408472696132427,0.0886217294540749,0.625204865064429,2.39332825623248,0.520036917692552,0.222468457266834,0.0389218673352323,0.227647217229527,0.495413856770243,0.450443006189789,0.708062363234232,0.0546071762869851,0.00848401169633316,0.874342871645818,0.0115444299682225,0.0294119502094963,0.0341662434640443,0.476364748952692,0.322605343123053,0.0661569287217673,1.42642502987833,0.0186233104927665,0.0209119711134837,0.0470120165061397,0.0134538648465534,0.234992221082061,0.00413954836689029,0.546071762869851,2.17279052371022,0.99291811228185,0.160592122275792,0.332680772320768,0.714988222845181,0.725108893008655,12.305058341818,2.32407099073963,0.721707836876938,0.0296927103205261,0.395286285230504,0.0354582722214376,1.53631267447212,0.146846852385089,0.42719181102327,0.0302795122587449,0.0333944858128722,0.00380423297362241,0.0169467335264271,0.00791450777443376,0.00453873335887585,0.00533045025964722,0.00913202199998973,0.00321610041876369,0.00300719360629124,0.0705173594508896,0.0856823972964212,0.00270115177910231,0.00235785268599473,0.00437373689552182,0.00239244871863347,0.0479035296549075,0.00234454651959521,0.00176306704793624,0.001880161312252,0.000444425957743927,0.000577487621739114,0.000263462094710472,0.000966027680605062,0.000107779947836102,0.000134392280635139,0.000376564509106381,0.00134126157307149,0.000978003230364629,0.000677283869735505,0.000789055667491463,4.65715823983157e-05,0.000561520222059692,0.000395193142065707,0.000114433031035861,0.000842280333089538,0.000405838075185322,0.000159673996794225,0.000589463171498681,0.000208906812472445
mDC14,0.0436342681713678,0.219037042116858,0.34593071390382,0.189690939268787,0.21352931031663,1.46920325090945,0.681363630163344,0.0798749796355477,0.0626141833639967,0.124318210538406,0.0269209694534503,0.013317176072195,0.953276886335554,0.823153212955467,0.0178451446220637,0.556603794995671,0.300178987245109,0.219782247120414,0.519682806122436,0.544048202058979,0.0836431198497648,0.498276587668619,0.637002289920217,0.881151102843742,2.07696414103939,0.0284950249201467,0.00206130489209888,0.00445426695611037,0.0542203907415169,0.0263997938975876,0.0357803689698321,0.322302918838144,0.171604217200515,0.0338828453971963,2.08100661496371,0.0246502584457522,0.28806150933798,0.0283294888008323,0.0323058652640809,0.420127161220271,0.00480347212653689,0.0576896300477139,0.0892900657715362,0.439210024670848,0.401546170527191,0.0565472553444594,0.420994617280141,2.85761961119391,13.2473455669088,1.2140992225137,0.127231763224996,0.0249047044242037,0.170023727467697,0.0206276722530837,0.0759296046363403,0.0174754667867043,0.829242953373073,0.00467537173738545,0.00161617066312974,0.0123689992191609,0.00958764145470849,0.00119618856536385,0.00204960622642295,0.158778970019993,0.0036967783535939,0.00180919864678259,0.000841134062099372,0.00235611126713232,0.294073453628841,0.00022753904739684,0.00102655791306286,0.00323468105939466,0.000435775296428395,0.000680277409055333,0.00121432149716154,0.000701335007272008,0.00168402292405013,0.000652785544716898,0.000156762120057463,8.8324925853272e-05,0.000746959803408135,4.56247961361273e-05,0.000844058728518354,0.000684371942041909,0.000116986656759301,0.000326392772358449,5.14741289740923e-05,0.000910741122871156,6.25878613662259e-05,0.000100023591529202,0.000535798887957597,7.48714603259524e-05,0.000278428243087136,7.54563936097489e-05,7.42865270421559e-05,0.000213500648585724,0.000289541975479269
mDC15,0.0310455032412494,0.0778321170419326,2.6839813744963,1.12629219521572,0.165952793494805,0.38185679982259,1.56800182239801,1.12359963683055,0.325036913899722,2.37117898349161,1.55805364603875,0.370208313785392,6.13672911025861,5.2762246998255,0.113723262028222,0.323742816071192,1.38615699378313,2.46335856727764,3.82636148564486,0.128714566525716,0.0377375624835709,0.246772895721468,0.357071454687341,0.414962262758633,0.735943480486064,0.074709263100878,0.01655513983867,0.00654595142297135,0.00774853116685301,0.0405746231076549,0.0122008057059503,0.459224904119553,0.0845755548580914,0.314915334853754,0.724206687525083,0.00492431518622839,0.0239456265690936,0.0177272135543357,0.00828158387041604,0.183044197197902,0.00825268342263251,0.647307412714386,1.0367232852128,2.68735469898482,0.355282838085627,0.583400494762821,3.31392443483408,22.5078389253452,0.00891739372165388,2.25597858746557,0.434002841106687,0.0165294505517513,0.211716652560037,0.0175505997067696,0.067416716776832,0.288964338324569,0.0171652604029891,0.193658689436623,0.43042721348369,0.0280157729652752,0.00787537202101409,0.136114686738734,0.00155259627814896,0.201333363903585,0.0527192334984705,0.00259301239835632,0.00309234791283856,0.005267909398766,0.000802790216209388,0.0391841904531802,0.00289486151965105,0.021090904560253,0.000634204270805416,0.000863802272641301,0.00143860006744722,0.000388550464645344,0.00884353702176262,0.000772284187993431,0.000483279710158051,0.000672738201183467,0.000531447123130615,0.000216753358376535,0.000141291078052852,0.000300243540862311,0.000353227695132131,0.00028900447783538,0.000207119875782022,0.000438323458050326,9.79404063775453e-05,0.000189458491025415,0.000160558043241877,2.24781260538629e-05,0.000186247330160578,7.22511194588449e-05,8.99125042154514e-05,0.000399789527672275,0.000123629693296246
mDC16,0.256422156896998,0.65939274758223,1.13651852174953,0.291527123588463,0.263136841256339,1.00133670564478,1.3003150398592,0.260510653595796,0.91649174466265,0.305907888473259,0.738116303871972,0.081066831915944,0.618343047004629,0.381026405338075,0.27210527211709,5.53855815278353,0.26996851033874,1.59259301437425,1.48269661055387,0.322249938051814,0.0915405457948516,0.39425403509556,0.621543414785499,1.04028664981561,2.27848160800802,0.134316367898427,0.0204389023290011,0.0201631526246442,0.0203816036891347,0.083124808064478,0.0589328448242294,0.426742363899794,0.110716490603465,0.514950038809085,4.48380956500997,0.00825816647074113,0.133825748294572,0.0842731683051332,0.0168708682756555,0.28326537595273,0.00407417203883196,0.783835843598683,0.217929408123434,0.855268147965429,0.587530703416486,0.114251100450222,0.928609213272724,8.51052042420762,0.0036897936630617,7.46334241922641,0.371596004193401,0.0627145550554101,0.747476275438477,0.0427519476702982,0.131081382189305,0.0336128146116116,0.650263164296855,0.209457565474857,0.00545530800394434,0.00429859171164192,0.00753477114242816,0.100436159634106,0.0058671419779839,0.969595646602139,0.0151363906980338,0.00473071895396749,0.00933370968989952,0.00217734831492221,0.365078283908601,0.0167312028409812,0.0029270055198406,0.00121520865383268,0.0242671677050732,0.00931222269994963,0.00317768706925598,0.0236882126980901,0.000524043810444544,0.0816362371496161,0.0060199383509609,0.0039882240790324,0.00578716262650376,0.000935877784484106,0.00484650995536412,0.000626703873538464,0.0249046150735866,0.00109941765243605,0.00901737344897058,0.00350476680515987,0.00107793066248616,0.0212888321536857,0.00336510137048558,0.00205678242687004,0.00168792243273026,0.000138471713010403,0.000709070668346376,0.0015052830181562,0.00032111112758447
mDC17,0.0166260022796413,0.236468883141081,0.0540057642596733,0.1448501956914,0.115272490199672,0.447285209159756,0.272552590395315,0.561093607761612,0.737391622649582,0.607704945648353,0.239413146420159,0.232856492394796,1.83345915462628,0.137266024333797,0.0897461617323215,1.05861299760863,0.217082734537826,0.291063178454901,0.4135355260178,0.15539953443656,0.0430399513532451,0.163489424418559,0.312067787457059,0.242816496081637,0.880027590850381,0.1138477948063,0.0154610002339331,0.00352234227898392,0.0121710151607529,0.0298743830313183,0.0158018980030016,0.476885426768309,0.0545621351469266,0.416991939954653,1.18612564732788,0.00740327041882764,0.0343944944881655,0.0109585768688772,0.00606781948858517,0.139623364567073,0.00633716088631619,0.0416425921017332,0.0874274136993178,0.94161511445514,0.25696696951467,13.6209281449893,2.02061926588244,15.6252188901359,0.0161492278054487,1.24316974335479,0.0976085185335504,0.0140620329740764,0.100509365587322,0.0251990987692111,0.0296717739798908,0.0113316348048389,0.0997431496110903,0.0136809349963913,0.716952228580573,0.0031380282846095,0.0477723199115878,0.0030407437797574,0.00123495040870105,0.671408608234688,0.00927338412367051,0.00151313585232772,0.00153805998166999,0.00585234637040035,0.359822419276855,0.000754959917819196,0.0017559451123718,0.000791944109746441,0.00245221272561081,0.00237100830420533,0.00115454999146791,0.00209925489395732,0.000264517372697035,0.000657675412967095,0.00100018119038028,0.0143940866972493,0.00118108212915484,0.00386645606474176,0.0332455725259039,5.62802920631988e-05,0.00309220004678661,0.000752547905302202,0.000164016851155608,0.000775864026299813,0.00111756579954066,0.000166428863672602,0.00216759524860549,0.000304717581313605,0.00141424333913095,9.1656475645781e-05,0.000167232867844934,0.000462302399090562,0.000238789239182429
mDC22,0.154515962738424,0.113592345308248,2.25709722019388,0.559254418976792,0.328734926299418,0.295105018180184,0.433756227009525,1.62501388634046,1.56583311177599,1.41312393356026,0.138978864053663,0.279508629502451,1.16172604195401,0.589087687195151,0.138908132132222,9.50272650753649,0.832091364006855,4.09626032009939,1.26589855960683,0.196293564102468,0.0751495460050819,0.301624837056537,0.257710715594849,0.424451858814092,0.590497124747393,0.265477704674257,0.130042717919849,0.0130750037134259,0.0115105800392021,0.0427917722964699,0.0310169877271795,0.393297567945292,0.162039550794049,0.448147052496816,1.54051836512733,0.00526224692014491,0.0373651776765063,0.0270258350423414,0.0064334843251821,0.772513242471939,0.011459611448752,0.205961993658259,0.268242490662346,1.300128648883,1.0807577552351,0.495900461047307,8.70117469078708,3.76177114395569,0.0112047684965015,2.43257375571108,2.51130982620335,0.0730504722187896,0.534119622657681,0.0179180599815015,0.158714110311008,0.0474351149040064,0.0390013734474863,0.00814457271886433,0.128646802646705,0.0060465391078874,0.00217708693494036,0.00510518044753335,0.00446755297924933,0.0473727043850879,0.0156286341125079,0.00527264867329799,0.00707215196878143,0.245916167694568,0.12727793193176,0.00126381300809964,0.00282511615637746,0.00184943171061823,0.00563150915707937,0.000928876556570351,0.00270861652106293,0.00508333676591187,0.000842542005399758,0.014303450760805,0.000429592405222346,0.000190352082701427,0.000602261507563531,0.000187231556755502,0.000286048211709795,0.00238512199800203,0.00140631702629688,0.0011348312690014,0.00259835793764024,0.000794693940895574,8.73747264859008e-05,0.00205018554647275,0.000288128562340411,0.000318293646484353,0.000264204530088319,0.000287088387025103,0.000137303141620701,0.000321414172430278,0.000113379109368609
mDC23,0.0337689751844382,0.195679473314745,0.198770448137777,0.143058661746148,0.272222483732804,1.96822461830123,0.75003341784205,0.218042641046067,0.148287535740839,0.567999981379911,0.129778806591174,0.0730708053344788,0.998351761000891,0.361721303584371,0.159413439923709,2.94204722174836,0.523702028341621,1.55266457278956,1.18175461668842,0.292690535774186,0.119516689919706,0.335392337905809,1.81437714018154,0.548104777966881,1.81865494499991,0.108818164923662,0.0382875570094741,0.015020472265639,0.0118863582289134,0.0309569003941239,0.0757735272342672,0.509968709824099,0.056441140074311,0.839442949553646,1.07640765361081,0.00652104393044707,0.0549693906210855,0.0324747987736264,0.00724538142549057,0.147365560452826,0.00552081611526926,5.52648139758853,0.131041882638626,1.59775809318736,1.4409771485365,1.85934826560096,0.59619898181022,2.94377580000869,0.00956787630225749,0.572764356399249,0.570426812959566,0.0379093364615082,0.39612633136141,0.0223039767171845,0.212169688558554,0.108443957325807,0.475096173359124,0.0062702345485068,0.327879092060406,0.00470217429261622,0.00709890874643745,0.00272278665034359,0.00264955031081703,0.179898547003063,0.0479898671404516,0.00472123580564368,0.00575256398418207,0.0136590789404672,0.496993838877565,0.000518673801852482,0.000200647505552217,0.00232650782687796,0.00578366434754267,0.00245492223043138,0.00278498737706478,0.0048366081213362,0.00102129580326079,0.0564421433118388,0.00271576398764926,0.000284919457884149,0.00132728324922792,0.000213689593413112,0.000232751106440572,0.000192621605330129,0.000423366236715179,0.000536732077352182,0.00181485668771981,0.000918965575429156,8.62784273874535e-05,0.000448447174909206,0.000444434224798162,0.000465502212881144,0.000321036008883548,8.92881399707368e-05,0.000183592467580279,0.00114168430659212,0.000236764056551617
mDC25,0.0265583811361806,0.325267674942728,0.117913583300663,0.444555445513965,0.0736314912464911,0.156615771418308,4.98906097892581,1.13678549218154,17.3885467493072,2.86422631049865,2.20249810401602,0.632428913420424,1.81425448613509,1.16730012542097,1.51080216737371,0.204897825178603,1.23119716828297,6.27620110843715,1.811812078814,0.183227456948227,0.0710163776896891,0.155529427873921,0.0499643404266769,0.126770641364222,1.30463676371201,0.69316927008524,0.304823307768333,0.00305007740970667,0.0167258526672101,0.26770959058409,0.0144817376908268,0.143306730389724,0.0239581928096253,0.310579116204197,0.67096585791748,0.0159753268033745,0.071304221415876,0.0134561611553015,0.165655130508452,0.0295423610976518,0.00245946472708609,1.83071061856998,0.0956398093331687,1.35637720653804,0.519021683566398,0.254590313197215,17.6916739112668,2.2223305367503,0.0139796103018118,0.147222471153741,0.176399164110348,0.0147578544503913,0.0715675451209433,0.0133623454223221,0.0245200211196272,0.198735837262454,0.470604236646007,0.0176352256243858,0.369414373836805,0.00186778595659074,0.00269613623528423,0.0119870920638734,0.0180200833471765,0.0618330967364513,0.00714065658518536,0.00146054038842997,0.00089764599055331,0.00392640164276466,0.000880588584557048,0.0020149060833085,0.0021577618585272,0.00207460700429542,0.00329847588452725,0.000982933020534622,0.00114711055324865,0.00274837454114778,0.000855002475562654,0.0115787804078379,0.000746261512336481,0.000543704816130865,0.000331553329052351,0.000250530650570104,0.000291041989811228,0.000430699501405626,0.000495730861766377,0.000690824942848628,0.00128783415271781,0.000286777638312162,0.000265455880816834,0.000792103290951436,0.000272918495940199,0.000579951803872922,0.000144987950968231,0.00136352639182623,0.000184433202334587,0.000204688871955149,0.000207887135579448
mDC26,0.0487604506739853,0.505240576039948,0.0368392491320854,0.081626566039388,0.201291342284088,2.03357479857274,0.818460155211092,0.195365846229246,0.39045265497148,0.545762219879667,1.9249941114089,0.109016345691946,0.730151091418225,0.498650790741831,0.0778361568206519,9.61942761238316,1.17716194464429,1.73357889592319,2.9641099103818,0.307027647322252,0.0832548847942428,0.306136527605665,0.731291544631272,0.451003789653117,1.24343334780968,0.117761920607462,0.0210358260370131,0.00866996475774542,0.0152534492093806,0.0442652467703121,0.0719070602821065,0.308849492076164,0.100164556507179,0.167409890514331,2.82965884768823,0.00643676474072233,0.102170025929964,0.0210574289392334,0.00520899979786885,0.0946828200687793,0.0100984566670625,0.100167256869957,0.0599696565635414,1.4262362062769,0.577416772478882,0.704890097755293,3.50594580278293,23.7405291976545,0.0402102019993774,0.410685573142638,2.09839610692659,0.0313782154749798,0.572318487554892,0.739551054246832,0.0744922075811353,0.404981506835554,0.292073938381178,0.367657992645364,0.310971077098382,0.00105404160416527,0.00232681259331104,0.17595563858431,0.00846383706572676,0.306677500282098,1.19485652180457,0.002956897241403,0.0047193340142088,0.0558786069555728,0.278591027032936,0.0229116780464755,0.0102793809731575,0.000660688759570716,0.00304780945491341,0.00435388491831547,0.00143749311857552,0.00275437003308773,0.00102073712990898,0.00290829071140733,0.00975731083616697,0.00727117683898126,0.00086321596788599,0.000604881262168285,0.00375710474447979,0.000121516324989164,0.00118815962211627,0.000418556230518233,0.000486965420882503,0.00178764015872948,0.000806508349557713,0.000312341961268445,0.00253474052718138,0.00214498816629021,0.00130157485877283,0.00132587812377066,0.000652587671238105,0.000580577997170452,0.000328544137933667
mDC27,0.034333652069027,0.155029132716814,1.46551949592742,0.169369227098655,0.164852731108435,0.480487909067914,0.284767644791533,0.798902758774639,0.46972687736018,0.573297572155635,0.639340815967057,0.251678884087412,4.62858390043239,4.34337702985686,0.0770703208511724,0.319229299803322,1.7372333504188,4.78619944555149,2.75531103033484,0.17281275724513,0.046993394094406,0.253788422781371,0.602325376754073,0.40315530767716,0.916311575627376,0.270770146521204,0.0344666747350352,0.0146023749214225,0.0115227747102528,0.0984003798524974,0.0341466673781288,0.274772120878751,0.0548480060429436,0.719681486512731,1.66079049497332,0.00378612625798657,0.195831953118596,0.0280326444649996,0.0223616121282939,0.100379405742072,0.00481265966170981,3.5640260931238,0.322896207634226,0.983072639862917,0.210135654506906,0.174367616520451,3.70451810732138,29.5704128376009,0.165965854738144,1.36097873961476,0.24024646439558,0.0274917692852873,0.172856679823529,0.0190109468618623,0.0784143517501792,0.291977222303012,0.0259707931418734,0.0115779916659543,0.133463146722947,0.0031925439841955,0.0019890653360652,0.0019878104052538,0.00186482718573684,0.0183006560226112,0.00865902259864346,0.00241825167356318,0.00268555193639087,0.0385389252180204,0.00538616304251851,0.000496952601313451,0.00264037442718056,0.00323772149340582,0.00258515747147906,0.000715310562496634,0.00144442536391864,0.00246719397520769,0.00126622518870018,0.000268555193639087,0.000160631143858893,0.00030369325635822,0.000336321457454558,0.000141807181687929,0.000150591697367712,0.000243456577411135,0.000176945244407062,0.000212083307126195,0.000141807181687929,0.000725350008987814,2.00788929823616e-05,9.7884603289013e-05,0.000116708565459977,0.000198279068200821,6.90211946268682e-05,5.39620248900969e-05,4.26676475875185e-05,0.000138042389253736,0.000111688842214387
mDC28,0.0367544831459896,0.264801255891438,0.0885516140980534,0.77110946241225,0.219879217234008,0.761733545628553,2.39834095284062,0.393519765368335,2.44440271785004,3.90409056777938,0.55304182039761,0.0777391974338969,1.42483291070334,0.794066393207099,0.129907536968798,1.99600401694088,2.03437383743562,4.74691095491049,3.28894091136579,0.305241724262321,0.0638778436075813,0.288988781805954,0.236952878666492,0.379844015833438,1.63197890019481,0.135110257262628,0.0743644860727373,0.015844033001835,0.0153877557854308,0.0313961259202928,0.0432090657178782,0.29765128209451,0.0493446409138908,0.47597350514207,1.18139258203835,0.00811245423742524,0.0729985544905779,0.0281026164366288,0.00409102792335363,0.160219037811113,0.00452700467038399,0.116881402453867,0.136038278719722,0.887969597707725,0.643629281567162,0.620525414041607,3.79232875036381,27.3197327019797,0.0426928537823699,0.355478619139646,0.225745086194053,0.0296715527125275,0.35289949284014,0.0270092911574906,0.0737255046319678,0.0647024293397696,0.0461777676915594,0.0128753310281538,0.350531104746517,0.00285173260252675,0.0121474141977461,0.00789494920841896,0.0028101649747611,0.168078219525873,0.636266011318536,0.00326064205705855,0.00542699214596107,0.00163950457419843,0.098075434301475,0.0023490543132678,0.00104015738315891,0.00244475652603056,0.00313690586277942,0.269547698968864,0.00121899485145296,0.00309533823501378,0.0010053565785179,0.00073565034255012,0.000544245917024596,0.000121802816243515,0.00265356135387658,5.60679630327293e-05,4.93011399080895e-05,0.000246505699540448,0.00317460673447384,0.000317073997840262,0.000210738205881638,0.000298706906501954,3.48008046410044e-05,0.000147903419724269,0.000243605632487031,8.70020116025109e-05,0.00217505029006277,0.00012083612722571,4.15676277656441e-05,0.000121802816243515,0.000133403084457183
mf111,0.64687415101005,0.762420651686665,0.842220842711165,0.289500960369246,0.612844104357486,1.7319495628548,0.716353952097449,0.375214811314797,0.0635728505604048,0.309929723391275,0.185616728440952,0.0660378819366177,1.97891833242358,1.6601026875444,0.232795845564671,0.0688356992580135,0.1943402825927,7.58691838846044,1.25413603951286,0.719323529906681,0.160911397647563,0.587654355313246,0.489316108511728,0.552678284098771,4.47364817048645,0.0631260049162682,0.00671476157134975,0.0214566421914234,0.0844457754689471,0.109788498697666,0.0646383023365143,0.516242248737688,0.433715359968787,0.0566433883792597,3.57719797937742,0.0179771504339274,0.0796941825984136,0.0540683229405267,0.0168714422934813,0.120480589065475,0.0138763687868361,0.121454793082422,0.120797272464923,0.640527064232974,1.1626574771943,0.492393036625857,0.314922854447828,3.34436456120603,0.00292261205083928,0.896082516314764,3.67036999275573,0.343295540032284,0.389370290894367,0.0396994846299725,0.24789600782734,0.062881782972626,0.0499702250510578,0.0491744909160038,0.569910691792471,0.0363904114815016,0.00292797956608416,0.0310805970255002,0.0419256615777881,1.44541147090073,0.204386929252311,0.00926701507029204,0.0081961957789377,0.0521843250895724,0.00149753675332261,0.00469523396046218,0.0153913499647046,0.0135408990840308,0.00220336500802484,0.00289577447461486,0.00193498924578064,0.00192827985172454,0.00516757530201197,0.000313999641825708,0.000355597884973558,0.000822571711278456,0.005246746151874,0.000931263894987355,0.00134322069003219,0.000143581032800644,0.000291187702034951,0.000638734314141183,9.66152744079101e-05,0.00306753496245114,0.000114059698953783,0.000378409824764314,0.000846725529880434,1.87863033570936e-05,0.000315341520636929,0.000186521154759715,8.18546074844794e-05,0.000264350125810532,0.000131504123499655
mf231,0.234768837232287,0.156614861524333,0.0863641317461467,0.782561755315084,0.542640058893937,0.403692409420918,0.759062008652604,1.53876216890814,0.369663906467914,3.74190644184561,0.0746164328792377,1.90080613108484,0.819968754562881,0.640079048115441,0.0951800314193943,2.04894306682051,0.15558665053355,3.31034299118145,1.7969151955556,0.329463652468114,0.0841244334852547,0.322168635275495,1.36639300266822,0.522146043212372,1.15681191769476,0.181848588171876,0.0376803604779751,0.00913399274109134,0.0442652597476545,0.0680594910080992,0.0345826807196373,0.774989649239147,1.36519580473514,0.307061078379486,3.60363474014176,0.0213693928936592,0.0380357300772068,0.160456208083861,0.0132884621642772,0.34571497760221,0.00621027012923065,0.113337429858459,0.18726424690702,0.31296257457372,0.307495971245679,0.220433525811531,0.226738229820278,0.924030540860974,0.266530927076903,0.574552497415152,0.306113633206709,0.111617117934906,3.55119349450968,0.0129796882292804,0.11978564851305,0.131211526658976,0.0383053636542462,0.240583354853282,0.0757925074445271,0.116957602331751,0.00776718659020024,0.0415092815270396,0.00303182455288571,0.125189503013255,0.087563193505792,0.00295602893906357,0.00160537595177391,0.427560572468615,0.414673454292281,0.00743542546084758,0.161562078515036,0.0093831242258674,0.00383575507981893,0.0010226195110758,0.00337041971299282,0.0115321162603821,0.00434333718221804,0.00144322304023637,0.0177405225630433,0.0278977560907336,0.000952415376961844,0.0130871688947823,0.00164513758525438,0.0018762520798596,0.00241489795841532,0.00162960569717607,0.000988449357303518,0.00095676430562377,0.000583377716221247,0.0104827819018116,0.000738075321481194,3.85190824342037e-05,0.000557905419772822,0.000534918225416926,9.25700529467154e-05,0.000607607461623407,0.000488943836705134
mf242,0.0497916173973797,0.119732800076617,0.0422046107460229,0.173305197872992,0.32501337564241,0.0650555788329225,0.369655462435305,0.193299720978525,0.0716484219109012,0.237889732536623,0.0519627996299534,0.0252653653365318,0.433127480719203,0.325034679147554,0.0377202229132501,0.192474210154202,0.411091963468087,0.161690053457359,0.493651330596811,0.109871644251158,0.0439615581563558,0.111814997331499,0.0859377479861146,0.163186624693712,0.290059057813665,0.0679812602060063,0.0809758065797012,0.0142721649182919,0.00725621055759581,0.0311593350929871,0.00695145208123292,0.126347538423771,0.0924725981889796,0.0679226755668608,2.53895647715203,0.00280200269044333,0.00921199068260431,0.0214591390841704,0.00952858443960266,1.82596011524628,0.00708519075241353,0.171336398939284,0.183746282449588,0.152601741457395,0.256603086513369,0.372943303395833,0.503113637464855,2.08071334739633,39.2341174498691,0.367492564899176,0.35067877346442,0.0229113280181404,1.79808743758576,0.00411039296469259,0.0847246317209807,0.216076718561453,0.0134111482520628,0.0041316964698364,0.000330796093760892,0.000349140778745843,0.00240137844093327,0.0022279915796239,0.00125572327542149,0.000502407662974951,0.00380622625236146,0.00146757479879609,0.00297538955175271,0.000138472783434792,0.00880071468052234,0.000810716723528483,0.0015646241000068,0.000291147903632127,0.00202324122463057,0.000306533768458215,0.000786454398225806,0.00218538456933627,0.000157409232451516,0.000236705612709046,0.00368609815391162,0.000518977055864584,0.000329020801665574,0.0141378344830796,0.00057460287485121,0.000247357365280953,0.00012900455892643,0.0001923233103261,4.91164146371271e-05,0.000431395979162237,0.000102966941528435,0.000117761042322751,0.000443231259797689,0.000281679679123765,9.40904810518459e-05,0.00208596821199847,0.000123086918608704,0.000150308064070244,0.000111843402005024
mf6007,0.303916442167851,0.466930923471414,0.781196722345497,0.246239624048535,0.424045202599849,1.31399225071758,0.245230071818649,0.239857605116769,0.243197227034831,0.293967724383794,0.341763803164333,0.0796982185149189,1.83280808413556,1.52463503421334,0.208399494801551,0.15649505913134,0.963577828804038,3.67122511318158,0.906601044036104,0.416448972927411,0.0990662900197966,0.41590514536518,0.54091172083341,0.485301736720552,1.60402228749985,0.112983791928219,0.0286558073848398,0.0148663074425275,0.0182420881080779,0.051409060829615,0.101632114741599,0.362277383789655,0.180216643833864,0.302031848248737,3.77687229524433,0.0266338102252686,0.0514618526009486,0.0788622282729788,0.0220814239164341,2.64558368701289,0.0053753594016786,0.148180716733775,0.213698197658553,0.512360773816288,0.481323551321839,0.629136172006178,2.62778418197407,21.7165553967994,0.00363250777272052,0.58699821403268,0.616357670643652,0.0675018729869612,0.602046761562551,0.0823501010557443,0.37014046501856,0.221681325929121,0.0259482403728817,0.0638838287132362,0.308532467872266,0.00878946833956703,0.0245199698470758,0.0358600762344998,0.00482430008994995,0.0449279669297302,0.0035225851803547,0.0064138386295557,0.00773218656299578,0.00188893296881266,0.00154253216787037,0.010896076968262,0.00260993839373847,0.00639286655601222,0.00102112302908249,0.0026236787177842,0.00128942093544907,0.000697863826533008,0.00242842148134491,0.00021116708533434,0.000896736937721171,0.000382559548431048,0.000846114691236912,0.000117877516813347,0.000569861860422809,0.00023503185867692,0.000183686437242885,0.000608190132760891,5.20685963838099e-05,0.001460090223596,0.000148974039653678,0.000176454687745134,0.000380390023581723,3.90514472878575e-05,0.000175731512795359,0.000254557582320849,7.37638448770641e-05,0.000201042636037488,0.000180070562494009
mH01,0.164530199025224,0.0838835105330734,1.46702719406375,0.777201468718926,0.188998165218157,0.122608837776947,0.381440006091013,0.413777149900987,0.135700826355908,0.463834753291133,0.166563773988828,0.280570220635114,1.24765747993836,0.697304503183749,0.121404619555902,4.70166513274515,1.27081245981286,8.74909890001464,1.46653967991297,0.120327621163048,0.0270016801757615,0.178733176027472,0.349411685986114,0.166995932947187,1.04812531871723,0.611958450198342,0.0722152186573802,0.00477122912902878,0.0240503743904738,0.058854223266137,0.02783977721186,0.187609429689049,0.274021798486317,0.107443457341589,1.72671199771354,0.0158714019246321,0.0151333326923785,0.0578024746101756,0.0627475384662747,0.0416921713287878,0.00571323854387875,0.0568517249017858,0.451827532254839,1.10526644444956,1.10411175455857,1.2231885426017,5.9208690726364,1.19903716926365,0.00507811054665001,2.88720155903529,0.209603892810205,0.175724572762312,0.374685701472167,0.0297636129343525,0.0480230572828156,0.361584001455939,0.013619319622532,0.0308114770154073,4.60447598201325,0.0116585804384267,0.0191577522956138,0.0175854706021683,0.0166395766124118,0.479565339375401,1.83417682021711,0.00203551725105726,0.00215108335452854,0.0290371974268187,0.0272075626458112,0.00457117352133899,0.000301054555261331,0.0104611602234679,0.00102261434416188,0.0131939586702595,0.0011546898909862,0.000858491054358119,0.00424389808545812,0.000239872500482416,0.000298141124081383,0.000269977956008549,0.002764846189771,5.82686235989674e-05,0.00014372927154412,0.000396226640472978,0.000288429686814888,0.000758463250513225,6.89512045921114e-05,0.0006244454162356,5.34129049657201e-05,0.000370976903580092,0.000349611741593804,0.000116537247197935,0.00025055508147556,0.0012430639701113,7.28357794987092e-05,0.000221420769676076,0.000305910273894579
mH02,0.00638219269789693,1.11245674934201,0.0839762197091702,0.068544665071041,0.0761616779052904,0.57463395505242,0.510073671122801,1.15466457056389,0.371300591367933,1.01762911195898,1.10639778586715,0.0699432124282101,11.3738321522193,9.14745355898508,0.106971971949027,0.417650183124143,0.582728417588664,7.91931666215589,9.37407421499294,0.0773553021602761,0.077989084950534,0.12359081301424,0.16018648762838,0.106879017139789,0.33022724134062,0.104951261152755,0.0201585179488026,0.00225626673331808,0.0098743358722179,0.0912393704855256,0.048370302552482,0.0994616458844712,0.0165290551699257,0.0101151733325159,0.0578907763668059,0.0179635168852094,0.136374211893741,0.0105619901996477,0.0128108628004128,0.0167614421930203,0.00499526469188259,0.012243627203132,0.0923358147126717,4.36992494469559,0.42371231551296,0.540414965901746,3.07045368221358,20.788688177156,0.0111630275457423,0.038662862815032,0.0449954091943588,0.0286512073382583,0.0317958262825878,0.0220725419753814,0.0184282909313985,0.0770669309907088,0.0253143409475505,0.475827218051216,0.000254569420753585,0.00946448966785113,0.00329250159538973,0.207973710013825,0.0669908409302588,6.86598022779379e-05,0.92727175585656,0.000368650323000005,0.000255625725404015,0.000305272043974216,0.000717230857641843,0.0294170282098199,0.101650309120162,0.0106401567437795,0.00222774650775648,0.00240520568902868,0.000788003269220641,0.00222457759380519,0.00437943908068201,0.00295554041190262,0.0440912124135908,0.0206687130949602,0.000475337092693416,0.0103655175346678,0.0292173866308886,0.00615191828410323,0.00121686295729515,0.000349636839292268,0.000301046825372497,0.000850325243596,0.0209243388203642,0.000204923102183384,0.000434141211326653,8.23917627335255e-05,0.000353862057893987,0.000400339462512899,0.000419352946220636,0.000237668546346708,0.000177459181272209
mH03,0.114265146777609,0.595585914014602,1.41811862453928,0.474390579851483,0.396351823886977,0.628760931156586,1.58105795699725,0.225126026256895,0.731623893814207,1.17748035960967,0.106940844571973,0.0941019510694386,1.09867247650895,0.678174082124681,0.11665396517714,9.8801428465144,0.835054904618181,2.08225437698691,0.948750997854487,0.271685866358882,0.0642105538318618,0.362535364767342,0.478457402421393,0.3354570625979,2.22513205862659,1.01178121801587,0.10196212878305,0.0102731255919263,0.0271627553451823,0.0298562084143514,0.0550664867679971,0.557493510175602,0.235963178415377,0.0322379890492382,2.48168572560359,0.00965078611831086,0.142402129828661,0.0438080741257588,0.0443550089781769,4.13812115813455,0.00445691581023774,0.0979676946494892,0.575937480520473,2.67923276300629,0.660550514058438,5.7750267937754,1.98319582881743,9.49791078929536,0.0129233466782756,0.354373568568941,0.169695586517252,0.0354200640637662,0.226204815037491,0.0355537815920228,0.0719510895465066,0.137508872610427,0.527497551863298,0.0088022327811034,0.825156791342343,0.0164020132028465,0.027131588101754,0.00556385564941476,0.00218371782987511,0.129107792414094,0.00663158508556916,0.00210127544403268,0.00226213863592035,0.00331478714783528,0.00217567467028073,0.0019916873945592,0.0288528242549521,0.00463788690111136,0.00528033427371274,0.00202788161273393,0.00137839647548747,0.00511746029192648,0.00171922536329946,0.0145128760931157,0.00115017182199683,0.00168403654007404,0.00117932827552648,0.00178759221985172,0.000342839677710595,0.000675625405928211,0.000818391488728517,0.000957135991731632,0.0012135117038026,0.00092898493315129,0.000107577259574879,0.000677636195826807,0.000299607694890784,0.00125473289672382,0.000245316367628696,0.000177954906025734,0.000509735239294052,0.000491638130206689,0.000168906351482053
mH04,0.24910142636812,0.134439060462455,1.27814116236867,0.6559432230885,0.290757613863653,0.0422332712620077,1.8574926083023,0.0971307643581773,0.114208378285072,0.746938378634033,0.628802216905121,0.0728898581988866,1.08167067896107,0.805040888812898,0.0430057278104798,1.02289170464108,2.43633924710557,1.44638197276142,1.05318916704226,0.118282973646019,0.0442287840122274,0.183211108647933,0.184474820457495,0.238638253968128,0.296115119515629,0.108746974968681,0.0906416776220354,0.0115518392314645,0.0201809919900547,0.0506196196961513,0.0209929748239019,0.360692035238926,0.410625026891991,0.0909793450313822,11.4914001531587,0.0447335911425886,0.0168494907941587,0.0971183418113451,0.00670365799960632,0.0344352998187325,0.00285605644895626,0.0736374696536944,0.429995165370637,0.358798161508242,1.7074203373128,0.211125700702224,0.612641612798927,4.27389253841983,1.50426765303194,1.55624697694499,0.479068742647405,0.0642234377997998,0.142213316134505,0.0177981216431596,0.0602470934910711,0.156589590786626,0.0805669921411581,0.420913154313893,0.390166221581871,0.00444388379859347,0.0246226171437696,0.175651424239348,0.00097799323242235,0.266291972538944,0.00182724370676601,0.00153023190523359,0.000973475942665203,0.20731536679207,0.184262507838909,0.0311015399779579,0.00261438144694889,0.0012987208051798,0.00650489725029185,0.022178763385153,0.00149974019937284,0.00431401171807549,0.000561273252325529,0.00189839102044107,0.00289219476701344,0.00292042782799561,0.000706955846993523,0.000250709581521665,0.00185095947799103,0.0521792139848063,0.021800440367992,0.00281088355138479,0.000917009820700864,0.000357995213253909,0.000912492530943717,0.000922656432897298,0.00138680795544416,0.000128742758078693,0.00149748155449427,0.000369288437646777,0.000141165304910847,0.00166800924282657,0.000613222084532721
mH06,0.0194103014143427,0.139695126636662,0.0607746441361854,0.124930007473135,0.117265985823327,0.2894773882157,0.292112127123338,0.333539957529702,0.545714741072145,0.564647826724502,0.114795256767369,0.124447501070773,0.708918299159006,0.19156139050642,0.0825265829812924,4.74816774013407,0.598177789176404,0.193296720550005,0.816030487971211,0.124706742449235,0.0342251525974113,0.134248941432801,0.0872849849361713,0.230713187422692,0.58538078823304,0.186897161950248,0.0259156728216354,0.006651393081692,0.00676249652960445,0.0271579151821042,0.0177331684149023,0.261469796189084,0.113704326721677,0.435137182813147,1.27321271110634,0.00689264628287331,0.0220778422923168,0.0200070856488438,0.00951468765360713,0.316163378276195,0.0103929339561532,0.0718775820309029,0.0634453593983856,0.753681349258895,0.226728277090899,15.171357810474,1.71874917664409,14.0648256663101,0.0191933851588945,0.226855252459941,1.04097793551128,0.0180230955075501,0.113330807511076,0.0196261595417154,0.0636866125995669,0.019031491563365,0.436898966058616,0.0127218738500132,2.19785475537253,0.00701327288346397,0.151581079307144,0.00761534775834192,0.00129832314846263,1.3065511523766,0.00526312904682405,0.00207816354000049,0.00570436845424778,0.0139249654716937,0.862733086833228,0.00191521181639556,0.00212260491916547,0.0017459113243385,0.0142000787712864,0.0211329339210233,0.0017702482700717,0.0136255152263678,0.000759735958106085,0.00127716058695549,0.0468824806348278,0.00195224629903305,0.00332252215661993,0.0021437674806726,0.00122742856741373,0.00224323151975613,0.00186018915647702,0.00240300885913499,0.00144434482286185,0.000518482756924766,0.000759735958106085,0.000538587190356542,0.00829254972657018,0.000732224628146812,0.000729050243920742,0.000603133002953299,0.000586202953747592,0.00171099309785173,0.000587261081822949
mH09,0.0138402440737172,0.0527342452168294,0.0304801605116501,0.0513961737797846,0.0788809912148594,0.0398881664796463,0.14902795335985,0.235087490304911,0.258562046372536,0.261706613073183,0.0572109539389957,0.0143491855730363,0.670480519438937,0.0526947157799891,0.0532135396385183,0.393257614170006,0.477101526180168,0.353978201017701,0.357602062140037,0.0700935974052561,0.0113064071722526,0.0869963845981771,0.119619040586573,0.192930334150631,0.220725457664902,0.117775980593893,0.0686942553411088,0.275876927944517,0.00523369743765842,0.00910857048393083,0.0167970459493731,0.262206660449213,0.0391272248204702,0.0167031635368774,0.834030599657999,0.00262277813435526,0.0115860779378979,0.0160558690086171,0.00344894336431796,0.0689739261067541,0.00137167145835912,1.21325032257009,0.192286992566055,0.538743729988964,0.26349729656205,4.8837028156383,0.479579033634135,0.750737135055839,28.647647960955,0.14712559921191,0.382557983853253,0.0123065019243128,0.103090794807714,0.0269491935658884,0.0429724507891123,0.0434942393554045,0.00738212232992984,0.0889708799683512,0.00034785904419482,0.00161378925900608,0.0159461748213852,0.0403724020809402,0.000644329820497223,0.00397666134613623,0.0299316895754906,0.00121948312652389,0.00123924784494405,0.00017887070170245,0.0685124199316433,0.00374837884838338,0.00237374268226124,0.000601835675893878,0.0023075308755537,0.00109002422087183,0.000481270893530901,0.00245675449962591,0.000425929681954452,0.00766376956741712,0.00193496593333368,0.00143887150098766,0.00106729479468865,4.44706164453605e-05,0.00112164777034409,5.63294474974566e-05,0.0110682423152897,0.000295482540381395,0.000680894549574519,0.000239153092883938,0.000141317736704146,0.000842965240619833,0.000148235388151202,7.70824018386248e-05,0.000115623602757937,8.20235814436648e-05,5.53412115764486e-05,7.11529863125767e-05,5.83059193394726e-05
mH10,0.0566671438049393,0.238335297314027,0.161602876044935,0.16488996335156,0.272524789419378,0.302793354713106,0.272922849361092,0.121788877011776,1.35661447909199,1.74270569711102,0.0825424954457795,0.0323985862249865,0.885906778727939,0.523191940064835,0.0528313596133914,0.674629369444671,0.762425965035201,1.09313008940921,0.556822547279442,0.243071264591317,0.0862938647319546,0.303087351452508,0.633232590935775,0.538603482012967,1.60983372519557,0.0683360490433135,0.00440631251751518,0.0134197868101565,0.0150302194445514,0.0547161406902476,0.0439525125405255,0.390592861162441,0.0759421231032753,0.125248432702655,1.21581696636263,0.00771159269167769,0.0329982231390134,0.0329974954243119,0.0116332472180013,0.0841070820539806,0.0066047386307131,0.635163945753526,0.045720131550442,0.411930183924797,0.289663198354142,0.440129856322192,1.50952553074234,9.24795561289624,6.64187027335657,2.99511725266742,2.85724296989393,0.0334290302422948,0.194688424948127,0.0900415954446224,0.105699104961857,0.0567115344017301,0.253917852217008,0.0665189454336958,1.85142117951055,0.00939261365211701,0.455379845606594,0.0149516262567906,0.00391801595281614,0.881702770897437,0.0958800504946677,0.00312844550170071,0.00327762701550593,0.251314089015081,0.522776414970285,0.00513548264840704,0.246084731170182,0.00467192838355863,0.00741104651996278,0.00604439831056666,0.00157841318752939,0.00743942739332084,0.00315100465744686,0.00234469676819718,0.00355925260498212,0.0145717591826134,0.00271146497774758,0.0146889212495531,0.00388090250304021,0.00119272439574028,0.0013157081802919,0.00156749746700705,0.000403153944624841,0.00121528355148643,0.000805580174548193,0.000475925414773729,0.00179891074208052,0.000172468384252865,0.000619285210967039,0.000224863842760065,7.64100436563327e-05,0.000914737379771525,0.000275803871864286
mH11,0.0303737210105528,0.168193544537781,0.62640571465161,0.835193237621874,0.115944052407177,0.17469622404678,0.486962202429109,0.782162719529932,0.515055362853567,0.636537039015936,1.0730697951567,0.148922367322621,2.18531944507744,1.74339963501169,0.111482430596466,6.53592902571423,1.17584911346245,4.16720496114735,1.86479590021774,0.12890098253242,0.0233286379026986,0.196698790813317,0.215461904917213,0.266822066471772,0.56878942067844,0.196054246277016,0.0197396166868988,0.00677564235907245,0.0060386426638751,0.0167018043231821,0.0157032886071083,0.349067534249441,0.131124308972532,0.0970990494482593,0.811143449479789,0.00296032613530885,0.0208746138280092,0.0256602689575165,0.00249100613824769,0.105629578775705,0.00197061567246318,0.837434174568442,0.447461836447564,2.24367802189775,0.82479335303409,0.732955442389658,4.8636679120582,26.9548621939127,0.127195404982125,0.810956778111352,0.232751900156036,0.015167048685513,0.121058143482094,0.0347552150168874,0.0547563477246627,0.0728617094124142,0.0044096708166647,0.0957439209764448,0.0990784703739506,0.0032790763021684,0.0177707620650812,0.0613664513230456,0.00105751091270254,0.115348817288953,0.0112205341886498,0.00212999075589295,0.00241616148580829,0.00548567276114638,0.189298856000368,0.0159577604254022,0.00443608657634919,0.000854990088454756,0.000545925700146188,0.0058246750104307,0.000784548062629442,0.000734358119228905,0.00105046671012,0.000284409679269708,0.0109281997814748,0.00144494205474177,0.000619889827262769,0.000549447801437454,0.000526554143044227,0.00132078798422465,0.000144406152941895,0.000431457408180052,8.18888550219282e-05,0.000278246002009993,0.000597876694192358,0.000170821912626388,0.000619009301939952,0.00011094619067487,0.000447306863990748,5.98757219515174e-05,0.000161136134075407,0.000260635495553664,0.000128556697131199
mH12,0.0702568996282068,0.123022460823131,0.740380800547948,0.214823328353324,0.0925629911442651,0.719647783121103,0.881951807491849,0.513858131701159,1.01252403325327,0.721612179734534,1.58808516463193,0.0592022152279827,6.10709394991459,4.79311924514409,0.0611503362210577,1.82270318551678,1.4736102350385,6.34588772887432,3.49583129705273,0.129552522764321,0.0200607635425651,0.209337029021936,0.282680635432487,0.237868899142089,0.838392586333214,0.110006917987814,0.0568924924087322,0.0063439537605946,0.00623285496077158,0.0246214754206501,0.0433518839080097,0.297608917477496,0.0280570465871517,0.180240465638988,0.218016180485817,0.00375683775962038,0.0169705185818828,0.0177128283972608,0.00615996848700234,0.449016060201906,0.00462298381683932,0.0528709989094061,0.114035487843817,3.8831889386242,1.70451741448212,0.772479862068788,4.8566557288365,10.8257847831696,0.250886564884409,0.762207115081331,1.46836948528379,0.0165438142742823,0.120654711879132,0.183955552894216,0.047922502685442,0.0797434633888907,0.0160760670979574,0.505315553921137,0.39433775979729,0.00335560833605573,0.00363300151777944,0.307294326860793,0.00128152819413684,0.217976552888428,0.0187304084873596,0.00183560692191661,0.00263735813337826,0.00479635455541664,0.109967998026093,0.069707066714433,0.00587974476260798,0.00128082055846918,0.000716127295674482,0.00325300116424466,0.000784060319770085,0.000341788027481003,0.000786890862440735,0.000222905235313698,0.00297702325385627,0.00247318665848055,0.000651732449917192,0.000219367056975385,0.000549832913773787,0.000316313143445152,0.00017054019590667,0.000265363375373449,4.59963183980646e-05,0.000286592445403325,0.000480484618342859,8.84544584578165e-05,0.00145136075437585,6.15643030866403e-05,0.00100696555508378,4.24581400597519e-05,0.000123128606173281,0.000415382136917906,0.000101191900475742
mH13,0.032799492219065,0.124044650316565,0.161682446567545,0.739515743014763,0.0997233672136018,0.226688228978774,0.526378472838021,1.89407117255366,0.189037347388965,1.91907616461042,0.560873606880306,0.237294986544346,4.43465404239702,3.99652527550963,0.0898112230508537,0.343407270441066,0.492471088598125,13.9905629408723,1.91607089845943,0.132979755846769,0.0291257833429045,0.224359038667263,0.190679557411968,0.439559430599332,0.642326569754321,1.23930698824265,0.21990020946138,0.00643035358940876,0.0436701374510161,0.0929735132677921,0.0193815676951249,0.132183731068023,0.33800847772932,0.311969743905089,0.707337804390061,0.0876641370380428,0.0616112274300804,0.0202135771556504,0.018101385379716,0.495560319006603,0.00274683070912679,0.965055733511317,0.207559644501004,3.13445770124968,0.812698771749033,0.3968848693442,2.72531623120258,17.297668602628,0.0222123626617359,0.520728877798725,2.52029732332415,0.0111934169230593,0.115742002829748,0.0162519908252583,0.0410116327789831,0.0401272819631428,0.0336631245817599,0.0618805673209714,1.02601814622447,0.0165071549324181,0.00292675411802156,0.0208045982927471,0.00839097352391053,0.151642720351218,0.00869629809658044,0.0018254047666051,0.00139904080976962,0.00453952212866011,0.213412062292145,0.00326370159286085,0.00211001088612955,0.00457768770024385,0.00130308165835908,0.00132161922169975,0.00104573666139444,0.00108172134317339,0.00215035734751807,0.00417095175165144,0.000834190350330287,0.000717512745774286,0.00105009844100401,0.000478705312150321,0.000223541204990469,0.465344090761306,0.000281334784817273,0.000612830035144603,0.000336947474839292,0.000332585695229722,9.81400412153279e-05,0.000550674675708229,0.00024535010303832,6.54266941435519e-05,0.000157024065944525,0.00145356305488925,8.17833676794399e-05,0.000246440547940712,0.000100320931020113
mH14,0.0265568064309386,0.144026317751534,0.0436562563013343,0.0531647020650629,0.207509974501698,0.226767411027487,0.0368571348440446,0.114330718399878,0.0289915262702545,0.05972381070322,0.0463762241917701,0.00412438879884121,1.19414839167729,0.0317263951782861,0.0194410383497379,0.102445028150417,1.00395978577233,0.0206528103877974,0.126205232886141,0.263730449532302,0.0430958716038918,0.25569454361456,0.247451619988076,0.678303368007824,1.29358394645255,0.0235313676797886,0.00254434875448514,0.00635155875021547,0.00731746399794408,0.0252151826681155,0.0155779495380232,0.842263522048158,0.0676761644865857,0.0289665138478616,3.33468808418309,0.00628610070863386,0.0233754391742324,0.0240976063484295,0.0085531840999969,0.167807809655253,0.0064404326765905,0.508152373335629,0.0473644809658925,0.0625773555728183,0.100202957181447,0.158067865939589,0.160104515737417,0.100934703581241,26.7557813154331,3.98613822194565,0.407166580551202,0.0332308657762634,0.238711640988932,0.0326837855588172,0.122158010071278,0.00413077494923942,0.607078100437435,0.121243194026736,0.107029751957129,0.00339423893664636,0.102191178672088,0.0664894048709191,0.00145923536599001,0.115626574751514,0.00410682688524615,0.00382264319252599,0.00343840981023394,0.392641281470483,0.000772724198182895,0.00781718026660369,0.00745795930670461,0.00163857975633963,0.0431538791366755,0.00383914074772135,0.00167317140432991,0.0437584347077056,0.000647129907018182,0.00393919043729325,0.077228248944702,0.00429202524679411,0.00230273939775302,0.0041685596724288,0.0461021519038471,2.87376767919259e-05,0.00772883851942851,0.00145231703639196,0.00107872723809692,0.00105903660770245,0.000937699750136544,0.000867984274956131,0.00145444575319136,0.000637018502221023,0.000675335404610258,0.000249592044729875,0.000222983084737351,0.000918009119742076,0.000329951103907297
mH15,0.0186931285326845,0.716001491971335,0.0714312753041635,0.22039647904042,0.131175980222351,0.699563466681378,0.270850531342912,2.07763759277399,0.66757682550711,0.597845678542964,2.19785385406877,0.297951115491271,3.52633538143922,2.68898282874518,1.15316122816112,9.99128150994258,2.47485673778463,6.79319825244201,6.52924659754827,0.249413590324816,0.0569180603577451,0.250347521970794,0.567256828634849,0.294450424920262,1.60217423428787,0.389412221938936,0.0507957346119955,0.00256365272221816,0.0130771138455636,0.0963119598416847,0.0298174762093856,0.0656992957119988,0.083312501066463,0.0238142215714934,0.332667073537819,0.0534525734186239,0.127817139579833,0.07123661992784,0.0128441486345381,0.0141125147834546,0.0046002863670498,0.0213447903346234,0.810924979155308,5.69242831173818,0.987603724395156,0.579818312813343,21.4995941642484,2.0170811335205,0.0145328875642383,0.494281770532291,0.0827875527909522,0.0391350492494669,0.154985024789155,0.0185440307976282,0.0218645616054447,0.155236627217063,0.0591928362182917,0.00492643766248547,0.00120934829545671,0.00303786635177225,0.00369741674920883,0.00308549479491524,0.00293536165892104,0.000642983982430323,0.00479908334712487,0.000748594878095207,0.000124248112546922,0.000123212711609031,0.000783798509983502,0.000937037848791372,0.00324080493559889,0.0015220393786998,0.00093496704691559,0.000950498060983956,0.000692683227449092,0.000763090491225681,0.000777586104356155,0.00452263129670797,0.00086352438220111,0.00013253132005005,0.000980524688182795,0.000130460518174268,9.21506834723007e-05,0.00143403029897906,0.000205009385702422,0.00047731983236776,0.000668869005877598,0.000692683227449092,3.62390328261857e-05,0.00035514252169662,0.000171876555689909,0.000450399407982593,0.000147026933180525,0.000196726178199294,0.000255744031659082,0.000198796980075076,9.93984900375378e-05
mH16,0.018027898283731,0.282392618323975,0.00701002609575075,0.0149644694614476,0.223572018860448,1.3231631711406,0.125674673026639,0.0444370058961472,0.0942184651713828,0.653026014684977,3.33050726014849,0.0589747093946066,2.61388027448401,2.15720019083551,0.0376443143185849,0.114261647169225,2.73461355087439,2.99426902705915,10.0501013361706,0.386023643901264,0.0767674912450247,0.328912084058037,0.0912004790210842,0.302544467580911,2.55323505295188,0.130070757599087,0.0120847870954508,0.00199256237811855,0.0138985424381507,0.288972914804217,0.0140664827476599,0.0890992493838715,0.0476357748502116,0.0328036818680242,1.11892898497806,0.00822314786091168,0.0553047196897427,0.0156125214793186,0.0118723919981303,0.0693504568697574,0.00200145333568081,0.201182611950344,0.0964244105309954,1.63868448522571,0.0985029188322158,0.0895961551231841,2.52701463121661,18.8374446668786,0.0382953299889766,0.412421884787771,19.6337810628571,0.0829743675076518,0.47463883004008,0.320529886845178,0.259301813650627,0.00129906768826272,0.608441814046966,0.0112638553472027,0.00726292444418821,0.000154109931079075,0.00347636440684145,0.00636790138292127,0.0185238161388701,0.00158654198277561,0.000221286054882775,0.000555190905554104,0.000262777190173295,0.00173670037716035,0.00132376479260231,0.00301403461360422,0.00274434223421584,5.53215137206937e-05,0.000818955979900983,0.00870622322179416,0.000670773353863411,0.000881192682836763,5.82851662414451e-05,0.000588778967455954,0.0184131731114287,0.00391893651660699,0.00074585255105578,0.0297649501500803,0.00272359666657058,0.0139321305000526,0.00182857360530364,0.000318098703893989,0.000184734340460173,0.000277595452777052,0.000570009168157861,0.000146206857690405,0.000255862000958208,0.00223854553734093,0.000422814426293873,0.00028747429451289,0.00062928221857289,0.000208443560626185,0.000132376479260231
mH18,0.0558591030506873,0.214471156071003,0.140147081003249,0.154142319037762,0.258295566455841,0.299721032639167,0.24350347407221,0.108970476946082,1.33983322354236,1.57447266003688,0.0704158784137456,0.0285468557642439,0.839604682362574,0.470735904404092,0.0456224903036816,0.59008934194285,0.806207717157864,0.986856403274628,0.495101853652129,0.242441646310885,0.0826407588085511,0.300877631912887,0.672635973943172,0.541672703783927,1.59932213740938,0.0617955390107848,0.00405261038718212,0.0138095632347186,0.0146354292713047,0.0520411649799121,0.0441009884720319,0.40519914711828,0.0624022056309468,0.137855157693285,1.00922570372071,0.00716588680457035,0.0321462391227608,0.0305983044203071,0.00795887292869284,0.0835317399658985,0.00619173880981499,0.575339800034172,0.0421456007366957,0.362067793711842,0.240989772529158,0.386879233538553,1.31929488292759,7.8586633366579,8.85763631002745,3.28736910684142,2.55122590432686,0.0325756120972857,0.190759581551409,0.0842654133067533,0.105918447424459,0.0476565319472641,0.189437293307039,0.0351234829611329,2.1040474901467,0.00834118249910312,0.464897463477219,0.00958997446855456,0.00394236597480411,0.952069455888122,0.0749513722212267,0.00322223142143433,0.00318161505897928,0.2701407160969,0.547170740911177,0.00384952857490684,0.229971133628851,0.00413900074541985,0.0101863258220613,0.00619496233064476,0.0014299538400843,0.0105331766633442,0.0032254549422641,0.00382760863326443,0.00361807977932963,0.0126826203526323,0.00237637955570367,0.0132003177978927,0.00390884135817454,0.00103088196135924,0.00285346063850907,0.00162014156904051,0.000613758365987492,0.00118432155285612,0.000687899345072115,0.000580233749357923,0.00211334025599475,0.000219844120590057,0.000609245436825819,0.000215331191428385,9.54162165610807e-05,0.000860035357381633,0.000308813295491606
mH19,0.360875422057779,0.12298872732316,2.99171142177318,1.3464982181669,0.219681720211183,1.60730363450394,0.974398969717433,0.183913373013642,0.0805810627765273,0.126293856277638,0.0685259834525148,0.0555065895492343,1.83402385700504,0.661668157466927,0.335391822502248,0.552357249782773,0.742743230725776,1.90732782419369,0.323638808411233,0.384883107943218,0.0505351311195587,0.347820850937491,0.336249840708385,0.626861830682327,1.58938772493765,0.190405863717833,0.0563401366478877,0.0120069018311546,0.0106846973049419,0.0214305723785923,0.0422998387292839,1.20929560100642,0.267174022059602,0.519903208205015,1.55540806275273,0.01596204457816,0.0278565322593127,0.030795359323648,0.00281723624902704,0.238551238247215,0.00261611433439781,0.109762858450488,0.514508858449142,0.533859386691645,0.702983798842113,1.25969078798006,0.397208134171656,1.67520942832618,17.2020950082183,1.04092826374372,0.248190560429351,0.042251661236426,0.330766783187884,0.076135733157745,0.327075469568434,0.124187811589847,0.0626988009830289,0.0744854628468328,0.72231138542135,0.0133528127427419,0.0312694870311389,0.0287336685181711,0.00341295477182619,0.210998300665119,0.000854194595592619,0.00728933114161938,0.00372113778169533,0.0023652854826929,0.399254530534956,0.00684043926372066,0.00200127775887725,0.00698267757596795,0.00704538478889418,0.00291435595685181,0.00164185836771473,0.00621030824602297,0.00260693766909153,0.000847312096612911,0.00342671976978561,0.000964314579267943,0.00214963384799539,0.000406067439802758,0.00429391464122879,0.180285531329227,0.000994138741513343,0.00103466901328273,0.000331124673134829,0.000957432080288235,0.00160132809594534,0.00104690456702444,0.000312006620413418,1.60591642859848e-05,0.000336477727896824,0.000391537719734486,0.000105531651022186,0.000217945801024079,0.000273770514970598
mH22,0.274549738772935,0.201850961580975,1.47500517874282,0.320231085277765,0.155132603263236,0.803703677928339,0.254125314528669,0.563971352382149,1.82946224747585,0.491842185222529,0.0867300178676102,0.109199755554611,1.28671346242764,0.631052120948697,0.776741370792727,2.66393175759446,0.338037140824987,2.79044719876926,2.33731552759934,0.332497223897557,0.0442871800143868,0.258888908105571,0.161523490017205,0.662454170796052,1.62345060616269,0.134416483558861,0.140323890829736,0.0113956458687574,0.0647713214394624,0.0302938367804042,0.029906823512464,0.601757398539534,0.249161898077518,0.348917151805598,2.93348592451119,0.00626111672644012,0.0260125742792728,0.0551086222215117,0.0233677922137938,0.819493130215908,0.00308577047761273,1.85620980244202,0.550680834430005,1.24217592961678,0.310339853002485,1.22216493200889,1.63796991995073,7.22144134352265,0.00617039254790219,1.51727001346094,0.559601662517127,0.0278247610353848,0.192706194065816,0.0245230899809982,0.0884078409669002,0.441724541227926,0.136965947816509,0.0374966475119215,1.34874812921576,0.00869344343711513,0.0038552033842002,0.00714424195803081,0.00248400504022193,0.167391851439089,0.765543250983571,0.00153312377655861,0.00211651469677717,0.422522022375614,0.462909211120194,0.00189602049071032,0.0136384853710937,0.00480034261124719,0.000938248783107406,0.00261836869704392,0.000833743716690302,0.000320405643190901,0.00202923574020904,0.000276766164906836,0.0729675045056039,0.00313630039983638,0.00174328231671609,0.00180414790484912,0.00159169255004512,0.000954326485633114,0.000930209931844552,0.000505299222236547,0.000122879583589342,0.000365193528798231,0.0015629823669635,0.000269875720967247,0.0018213740146981,0.000160777025257083,0.000671818284109954,0.000198674466924824,0.000279062979553366,0.000341076975009669,0.000437543190163919
mH23,0.0889133598134775,0.0343351747268863,0.0332764458135446,0.060216413272816,0.0995460635919703,0.0275831523701648,0.134945644062833,0.208149510461349,0.0413977197193171,0.119849816039465,0.0238523392771453,0.112330286180954,1.71927413999848,0.0577657254878853,0.0192512680478509,0.0513594221168073,0.997071152770722,0.641860506306306,0.25403987394484,0.058046728604295,0.0213193374480137,0.0840613726701365,0.124764248319786,0.214234505218512,0.160707669165437,0.136180354725845,0.028277428756769,0.18213373102938,0.00498936644469691,0.0111708673226471,0.0150174877606112,0.200440374459644,0.245327074286949,0.0285868160263514,0.502939377750105,0.00110754965679869,0.00736739079750558,0.0282064683738372,0.00236780605766649,0.136945023812318,0.00157986196559239,0.286671999481365,0.482947283304447,0.335031784290881,0.200380767737981,0.0510750129020168,0.226725235663689,0.599459122930802,21.6116380250692,0.774367951611604,0.135081887998062,0.0305731390653768,3.0355654006937,0.00633647835427317,0.280094823508187,0.0324674974481227,0.0134342196966381,0.0147694102618818,0.00147427291578995,0.000852659961307858,0.00288893910991724,0.00652211071602262,0.000521133052250741,0.00214584197985599,0.00101444963439224,0.00111720026887741,0.00068405809146203,0.000135676252165498,0.0551049949694765,0.00126139176699471,0.000864581305640391,0.000433142177415377,0.00136357471841643,0.00103318317548622,0.000502967194220214,0.000931000224064505,0.000207204318160698,0.000435412909669192,0.00024183298503139,0.000227640908445041,0.000386592166212151,2.72487870457904e-05,9.02616070891807e-05,0.000145894547307669,0.000571656844898144,0.000797594704152823,0.000148732962624939,0.000371832406562348,3.12225684899682e-05,0.000642049544766436,0.000313928734090044,2.72487870457904e-05,0.000265107990633002,0.000289518362361523,6.01744047261205e-05,0.000204933585906882,7.26634321221077e-05
mH24,0.0438663049870061,0.371681488976863,0.0105362469515324,0.0145830785254778,0.336242197323785,2.91600555520148,0.109820036139922,0.0485461050689626,0.588170608307737,0.234000917347964,0.195069385650687,0.0417610398239975,1.32266905080836,0.774045084660232,0.0558242507974411,0.131428271413404,0.656572875946189,3.44334570723933,0.89435275418289,0.473868202701994,0.0813533192114554,0.528287620572564,1.24738845924195,0.52709708419386,3.9795732133442,0.0683348039103247,0.00438415021457831,0.0174135787658471,0.0150821116908847,0.0308914426864279,0.0717288247032806,1.60428249428165,0.107025251990914,0.700800310301402,1.83272162251377,0.0161754209319947,0.0691235342612162,0.0261461631036426,0.0104191775409598,1.73887064766687,0.0178451482031274,3.76810319696321,0.068690972710287,0.711636175574908,0.102972467735075,0.30257382853403,2.23239361386762,13.5493963067815,0.0049486628808139,0.600432140894742,5.55356945426527,0.0369959179682338,0.36614450270224,0.0902238073464508,0.161073619356788,0.00678407313131624,1.1216053144909,0.0289657500938738,1.50912589787277,0.00523637583900075,0.00755990600477183,0.0165305976183082,0.00453891994380986,1.00604986934657,0.00593283962054272,0.00454884108029906,0.00472146885521117,0.838818200570934,0.46174358179854,0.00713131290843831,0.00170841970344056,0.00256163744151192,0.00482167233375211,0.0121662896767083,0.00331365958739343,0.00415894041627343,0.00222332668723014,0.00525423388468131,0.00552805725178328,0.00242472575796094,0.00175901749953549,0.0028503425133477,0.00222828725547474,0.00354978263583643,0.000617094689628357,0.000662731917478685,0.000918697238900094,0.00079468303278507,0.000461332846747887,0.000501017392704695,0.000607173553139155,0.0103140134941743,0.000507962188247136,8.23454328603756e-05,0.00278883146711465,0.00114390703720498,0.000393869118621314
mH25,0.0853137430063328,0.0886175260287884,1.25216955830113,0.833075028695514,0.166262934836579,0.353082862327327,0.540539467636256,1.58886908426792,2.16200385308305,0.218980292034028,0.0461466685730124,0.360419299741604,1.53278395087719,0.316883335612141,0.083521934223307,0.667691728800239,0.970598522052773,0.383542527008752,0.369742779341417,0.17143553537305,0.0418103177772877,0.207216394902855,0.449811251600345,0.284855295930562,0.666561544325716,0.317870348924825,0.139710107465359,0.00891457408455762,0.013485204963293,0.0243510284429253,0.0227696378826035,0.254000825924063,0.217877223309853,0.196871193829913,1.10010226108697,0.00449036825770393,0.0211285926715151,0.0314510165141644,0.00421921075421939,0.950942856940186,0.00414111739321584,0.0797398293647047,0.488295009124884,0.402991027788677,0.545037428304058,2.71294817644301,0.275210765846624,0.412127951026092,25.7832118753797,0.234008925507155,0.303551063480813,0.0281374718215834,1.08795657419089,0.0205559080241558,1.30063625047396,0.0944832051441659,0.0547250073532492,0.0114428466470474,0.324505030720084,0.00433092764565502,0.00642100968251383,0.0030196099588038,0.00182434768344396,0.083416725111955,0.00855230765990228,0.00294477048784207,0.00294585511785601,0.0347320223063273,0.249683998468589,0.000578107797429032,0.00123430895586161,0.0012766095264052,0.00148485848908132,0.0038016281988532,0.0015694596301685,0.000583530947498723,0.00117031578503926,0.0235787718730014,0.000182217842341609,0.000125817081616825,0.00120610857549922,4.88083506272166e-05,6.94163208920414e-05,0.00549148176056884,0.00747201616601989,0.00235798565030153,0.0135839062945614,0.000670301348613775,2.16926002787629e-05,0.014221668742757,0.0025759962831031,0.000145340421867712,0.00164538373114417,0.0131901855995018,0.000113886151463505,0.000405651625212867,0.000143171161839835
mH27,0.211674504573748,0.031096647516782,0.540807932332566,0.104253085074244,0.110757504457734,0.0354237510082452,0.145887046838925,0.178193218711373,0.0474820034217324,0.12704393056119,0.016370731499512,0.010970884856189,0.801337413920965,0.0766482294206528,0.0129529219226565,0.048132359334167,0.627781852251834,0.202020676466154,0.236819879336267,0.0816996711108858,0.0206591233295208,0.145560148364421,0.12269273981371,0.175484262668705,0.407607987340977,0.0926567918207799,0.00795997785417682,0.0044010857777984,0.00691992454976746,0.0202866311204148,0.0107171084088766,0.461044704553546,0.16207798417746,0.105224317647179,1.07526027011346,0.00746274806927309,0.0118173798533262,0.0233482934118894,0.00326468344932465,0.112081443279476,0.00288702968535798,1.28477982553291,0.350543557320555,0.202078313828764,0.349113806624171,0.357640695253869,0.216428296600354,0.735705663091103,28.4270466094082,1.57551214538806,0.338382934068999,0.0163475045026394,0.317864032979858,0.0194478784555685,1.05338388009598,0.0611824905400313,0.258412383836412,0.00618612350041992,0.151629276621334,0.0032337141201611,0.0474450122785648,0.00459464408507061,0.000760469082793938,0.12173527138707,0.00725800639313626,0.00134028374546714,0.00105983926470829,0.165496654013459,0.237992412548765,0.00427806872028762,0.0126363465578735,0.00115704854791612,0.000992739051520593,0.00468497129513098,0.000689927833032509,0.000712294570761743,0.000770792192515123,0.000140222240379425,0.00804686402766346,0.010096861566462,0.00279584221615418,0.00646140642631818,0.00375761193851122,0.000122156798367352,0.00156825241847664,0.000966931277217632,5.76373626099478e-05,0.000198719862132805,0.000454216827732126,0.000252916188169025,0.000490347711756272,0.0117124282378275,0.00048518615689568,0.00354684844837037,0.00584890191619455,0.000712294570761743,0.000310553550778972
mH28,0.16031489386787,0.203474155441097,1.75507855278282,1.41335023563996,0.40824851487954,0.942778695489271,0.593602695887517,0.845355342385412,0.317594251710066,0.366051456065304,0.0874659143233943,0.168073382063183,1.3806703074796,1.12773271411161,0.214808204629109,0.617166950803544,0.436719615359253,0.436505936415466,0.683444979070601,0.292128901706287,0.0895029869208284,0.338906460060971,0.323313077260142,0.755720263026607,0.975352431689691,0.438737262598161,0.168783055161336,0.0326553227062291,0.0396445667039098,0.0543392029169325,0.0399165217232748,0.382511209856396,0.587260963840705,0.419333919478418,3.53094482923633,0.0135265246536549,0.0375945438674583,0.0854767576103245,0.00612675807912316,1.41141935500247,0.00601668104747542,0.238564123082594,0.692986715178607,0.443811166245171,0.587262258864607,0.43343154967274,0.421738778863946,2.40233279389544,2.71366819508841,0.940518878780738,0.514885963044265,0.0623035999126222,1.10049836145806,0.0376877855883835,0.182193027663834,0.713432552539249,0.397765296394969,0.0572724320543695,0.66603985783124,0.0155208614623317,0.0164493935998779,0.0347170007577962,0.00277005612581789,0.500306583958497,1.64123170655711,0.00992117811121593,0.00748912322375169,0.581402275709242,0.392954282600012,0.0097437598366778,0.00168482609616133,0.0032828855909062,0.00176511757806909,0.0115321878449782,0.00184540905997686,0.00116163643985912,0.00173533202832911,0.00174180714783781,0.000331526118844965,0.000396277313931872,0.00153201327575622,0.000128207366272076,0.000960907735089704,0.000262889852052843,0.000633266687949953,0.0019114552789655,0.000288790330087606,0.00147632724798149,8.67666014164557e-05,0.00120437222861647,0.000463618556822256,8.54715775147176e-05,0.000450668317804874,0.000530959799712639,9.58317687286227e-05,0.000418292720261421,0.000262889852052843
mH29,0.056293081036862,0.980907690023499,0.0831045523585163,0.0259006539855414,0.132241953297524,0.0640064679870451,0.0136030621076475,0.186382098943552,0.186437142636612,0.446122900893187,1.68110085392085,0.0535907472756695,0.281771780457005,0.00914140728901462,0.275714897099866,0.183298613571922,0.533556172358794,0.139742435397191,0.412671913916151,0.558863808443628,0.0758709802421806,0.473882577719825,0.129195856094766,0.32291122893831,1.44676531271921,0.787109232360241,0.0193047578605094,0.0108010265627985,0.014782866547584,0.0451140185443656,0.0834950510111713,0.374351117943638,0.222170885035286,0.622161978342612,0.0615367717210513,0.00547840529988095,0.327511012269717,0.0384319219188805,0.021015266586368,0.168017238106055,0.010760522713188,0.10751798807118,0.0936594401429125,0.398595268336134,0.220443759345484,0.39996097506018,42.7870235719111,2.72182442133708,0.00595718157348192,3.93042917546708,0.804733599742038,0.0322981851035066,0.250122695507512,0.0313198613513763,0.11599887104347,0.00059924926218603,0.166711767876301,1.37909168850205,1.80442572894259,0.00657097067911787,0.0190783517267892,0.643487774442661,1.36767894995411,0.0225855696789594,0.0330833366498024,0.00211762434245635,0.00445750057764721,0.0126060442710815,0.000422694020294132,0.0985811771507108,0.0338570640333875,0.00594991165175696,0.00512633337634358,0.031753979534381,0.00161911542417335,0.00465794270520683,0.00226717701794125,0.00137297664577111,0.0387466056735466,0.0235420836659149,0.000630406069578718,0.00182267323247224,0.00831575189310839,0.000285604067766305,0.00527588605182848,0.00109360393948334,0.000768534582352967,0.00106037001159781,0.00349267810872031,0.000432041062511938,0.000690642563871247,0.00277503297844206,0.000770611702845813,0.000191095085341819,0.000337532080087452,0.000953398306216248,0.000183825163616858
mH30,0.0169846319488775,0.809008427637232,0.0304509930649712,0.0758216085043126,0.163855206870663,0.0319480532050435,0.659096343481228,0.568937422326094,0.878978936342289,0.940886142710169,1.10011877251523,0.0784236928916612,5.23485671253262,4.68094589673479,0.0851888250929854,0.349806590600119,1.91285800326412,4.38054731685824,3.23492940431611,0.160499207304861,0.121213764377324,0.163070417070616,0.0544075453784059,0.367542265669628,0.316093657863039,0.181700020137433,0.0138433187053206,0.00793190569178819,0.00790677518583973,0.0402073734886173,0.0236930410082037,0.111606730960457,0.173956952247487,0.432870092904321,2.05607819269328,0.0168510812601228,0.11330770720594,0.0339706999266663,0.0405462763116936,0.123696658365031,0.00433321723996938,0.159161546373947,0.0487538995544591,2.08967193503072,0.664665263599406,0.973595291238223,3.41874397702549,30.5698704103098,0.0236808347624573,0.089578047460497,0.0765109023817559,0.0238675185209316,0.0814996668197521,0.0141147281695639,0.0348531396926849,0.0214528359065129,0.0815635701063068,0.352700906870926,0.003500320471392,0.0023191866918146,0.00186109346909704,0.119731064526365,0.0713045795636916,0.137585211981059,0.000299412028014454,0.00153080681948877,0.0103473063206626,0.00127519367327019,0.00149059800997124,0.0198696140317602,0.007137781703817,0.00220143232108469,0.00166363949378775,0.000771865539845415,0.00119190399641245,0.0019077644087156,0.00083864088422274,0.0234797907148697,0.00613256146587878,0.00275573948086205,0.000565077376612411,0.000922648575536147,0.00154588512305784,4.73889540742301e-05,0.000990141934369142,0.000262793290775276,0.00255397741881874,0.000392753907251574,0.000524868567094882,0.00165286927695269,0.000165143324804135,0.00409340041177555,0.000133550688754649,0.000153655093513413,0.00100593825239388,0.000230482640270119,0.000125652529742277
mH31,0.0551850425755175,0.0962229776876119,0.971445152565423,0.70596282751144,0.13662366655923,0.0957447418511866,0.138453490830087,0.240038251157319,0.14167586076066,0.343973233441391,0.0398586079487181,0.110812182259267,1.29504216642713,0.168429361242197,0.423655515234907,0.398295765037361,0.663403451942406,0.694034637959089,0.283651672965326,0.100281356863725,0.0290724022072764,0.168471523091756,0.181401960039336,0.377812333897371,0.26073128692083,0.268534842962048,0.312255476330362,0.186201183143413,0.00935270285643881,0.0162142427160827,0.0211556114843867,0.286865610525988,0.203361055913888,0.0893879395619765,0.466885866524065,0.0037969757088479,0.0219097062793546,0.0343378149050474,0.00247068438415198,0.582635803678817,0.00196956068653754,0.0701886378971231,1.3663980852449,0.83130518775298,0.576247681158506,0.730067359216404,0.237513358680877,0.548205232704739,25.9915575594293,0.667476286609797,0.319631390754624,0.030286663474573,1.18193517492759,0.0183608831707677,1.1345934409943,0.128876727858849,0.0736555465551384,0.00628211558427722,0.00222735028098343,0.00118655490901497,0.0646485708650826,0.00308624738771203,0.000911900574745515,0.000826372251354588,0.635730823140485,0.00112030057399383,0.000892626586375728,0.000218036993433208,0.105947909444442,0.00106368323315758,0.0369241432194181,0.000519193061711119,0.00319104969947274,0.00194787744962153,0.000734820806598103,0.00247550288124443,0.000369819651845275,0.00311636299453982,0.000480645084971546,0.00174670519601188,0.00130099421496058,0.00194426357680219,0.00366446703880562,0.000982973406859102,0.00537382888235105,0.000811916760077248,0.00102754450496423,0.000702295951224089,0.00029272369836613,0.000937197684480859,0.000342113293563707,0.000260198842992115,0.000202376877882756,0.0114764554499346,0.000334885547925037,0.000187921386605417,0.000150578034138956
mH32,0.0429357204334547,0.239227365626791,0.0720380698260919,0.268695606467872,0.129000439507349,0.297804033791546,0.126047780609445,0.975114081549983,0.386862741694398,0.211794016096987,1.63494521523145,0.0533265513347647,1.88862468527865,1.54052455656752,0.710812819222055,0.356364899335604,1.26101387961194,1.94773134902986,1.73723557900243,0.152859965587241,0.0458093662278741,0.192832086846924,0.207442217474305,0.284541988268232,0.669254357961645,0.166322582834785,0.0524975215412816,0.00504954510576062,0.0183772322842776,0.0280447893921529,0.0172285033182343,0.209815041751253,0.159875113590453,0.275538141229626,0.8020559355397,0.00200936400092015,0.228976327139338,0.0187528484223806,0.00758161117588565,0.0883293561783798,0.00898439765928665,0.10376973218545,0.662025266785921,0.90758705213975,0.132554813577942,0.562903936257771,0.876291785228867,6.32852656510492,0.508212281612037,0.703191093701323,2.38754137916229,0.0234620293900543,0.265053710190342,0.0719043553432721,0.102445958805534,0.0705805819633555,0.111327031637187,0.0392075175351957,0.191618931811886,0.00393242138111112,0.084193931900624,0.020443728836948,0.00499849048504758,0.064748199339995,0.00507628800232459,0.00304625903587774,0.00577281889919528,0.00141858910409789,0.000650338620987465,0.00493284882984511,0.00288944841511627,0.00289066400132372,0.00079985572450421,0.00112806400051658,0.00104540413840976,0.000520270896789972,0.00109402758670789,0.00140764882823081,0.000421808413986263,0.000285662758751504,0.0012885213799004,7.6581931069552e-05,0.000110618344878242,0.00178934289737112,0.00015559503455401,0.001402786483401,0.000173828827665809,0.000692884138248328,4.98390345055815e-05,0.00022731462079375,0.00044733572434278,0.000192062620777607,0.000354951172576336,0.000308758896693114,6.19948965801135e-05,0.000421808413986263,0.000199356138022326
mH34,0.0994018407923958,0.10954664177182,0.779895741078656,0.274895984835096,0.144723959524636,0.0968320623895607,0.285136273701274,0.0905361577684863,0.0841814913709486,0.312990405062344,0.101493130444029,0.0269202388422772,0.396974624755165,0.121406027443051,0.0345624177348246,0.291196081899058,0.259685079270581,0.272080666152039,0.167116393626924,0.13825911479623,0.0331542337345776,0.209707139071056,0.202551843469205,0.456317723078539,0.540607294145482,0.0806452916087784,0.191006203711591,0.00839873676451321,0.00758866370326831,0.0206327287606976,0.0355288390941595,0.412000850450796,0.165412302109487,0.0715833862241787,0.954183170068984,0.00490555901725378,0.0197785843671051,0.0380608420692683,0.00341657757436969,0.557227433027682,0.00292864496623643,1.2387538616718,0.344457336358473,0.506885379677571,0.242271656406126,0.205953730599459,0.440234834724004,1.88344085374314,36.7306139600394,2.05101160182021,0.29144162217928,0.0222318885344505,0.754371094427384,0.0191972625070926,0.186021945886574,0.260705015819195,0.013120665230319,0.347997733390391,0.0150912833767153,0.00446379637634173,0.0228352460606367,0.192092247258726,0.00136096471558891,0.0171888689329699,0.213586465635074,0.00409548595600888,0.00218992549069704,0.0834207362292354,0.112264373933251,0.0300576979784459,0.00817838010277561,0.00130954816118347,0.00256872908539834,0.00239139443857142,0.00135886608071522,0.00209024033419669,0.000694648143191872,0.000665267254960192,0.0103913905770832,0.00753304987911548,0.00102833108810881,0.00018677850375854,0.00262644154442486,0.00226127907640254,0.000409233800369834,0.000690450873444489,0.000278069120764118,0.000491080560443801,0.000910807535182092,0.000398740626001377,0.000639034319039049,0.000117523552926722,0.000453305132717355,0.00013011536216887,0.000284365025385192,0.000326337722859022,0.000113326283179339
mH40,0.0887403501032343,1.17418950659459,0.0414685224400532,0.594560231295746,0.267503428617435,0.907166540857843,0.287224141951065,0.0687004721417212,0.474597801662681,0.512756850022208,0.0549580897948975,0.0261863709565588,0.634221298137033,0.474675590890982,0.0374108990167464,11.3815158745736,1.24410257553042,2.7924708538061,0.427597092339314,0.213961560361318,0.110076333883357,0.217514697759906,0.194426168424524,0.339421858100505,0.736471806861426,0.251526893875427,0.0050219810623954,0.0380812591312256,0.00630664728860726,0.0214652511742112,0.0608082973468542,0.398545103487243,0.0497759544389405,0.52158363951593,1.51362623616521,0.00323282881146456,0.119961285673825,0.0244658562600115,0.00596231555744985,0.709845011597573,0.00627919226685384,4.34183323266111,0.0668175152331328,0.136434298725874,0.202248561705768,0.141276678187633,14.9912518005061,1.29299768135477,0.00378993696121093,0.78448377615271,0.325688627427599,0.0472066219865168,0.418862963544009,0.119296645355545,0.37817233338697,0.0125686801668652,0.00512150551625153,0.0118754408675915,0.362792945368099,0.000598290682376491,0.000202480785431432,0.00257390828938261,0.00178228849549249,0.00268830421335517,2.1713238658199,0.00170335530795142,0.0185401473982329,0.00259793143341685,0.039634755778773,0.000584563171499784,0.000220784133267042,0.000202480785431432,0.000988380783122922,0.00871353752898993,0.00313673623532761,0.00100210829399963,7.43573505821643e-05,0.0169660594843704,7.66452690616155e-05,7.09254728629875e-05,0.00938275368422941,0.000139563027246524,8.00771467807923e-05,0.00130983332948582,0.000469023288287498,0.000133843231047896,0.00165645297912267,0.000448432021972437,6.86375543835363e-06,0.000732133913424387,2.51671032739633e-05,5.14781657876522e-05,2.28791847945121e-05,1.83033478356097e-05,3.20308587123169e-05,7.09254728629875e-05,8.35090244999691e-05
mH41,0.339755618849288,0.253027938104998,8.54793580301114,0.909466002391301,0.166963867686175,0.205819079457404,0.306878721150475,0.226118631320064,1.38100158026268,0.739186227709495,0.870477210702296,0.36786040462313,2.60962952872074,2.68041248547226,0.1321368870134,15.1094098571587,3.55717224157347,3.55900498255544,1.61341868853148,0.174969471474021,0.0412553610277918,0.244674903980549,0.365241809308368,0.2050047321605,0.857239624676216,0.443234098732373,0.114055497088129,0.700735738579052,0.0294785755704242,0.0417189078525531,0.0360481952421726,0.477783196411058,0.250845315778759,0.036210268124062,1.07278093241528,0.0118751321399508,0.0371667738655719,0.0348888686163322,0.0147342325819018,0.391472493345882,0.00397584080960117,1.36630625742747,2.00768931350364,2.80996509127822,0.832586776823448,0.665392514416705,1.10819584855184,8.38245693959438,0.0117387948385504,1.35925072548601,0.728212760014535,0.027537990251166,0.340822419935751,0.00771209561988753,0.0508375754965509,3.43799413846419,0.00098285407391543,0.584338916418335,0.00249481942764755,0.0104593688370944,0.00204812328058748,0.115978312601812,0.00365537155732076,0.524314657815065,0.0133169373992544,0.00190351382831564,0.00289402730118615,0.0020995944415656,0.378152185811087,0.0269169661838884,0.0423607654849885,0.00344305301828604,0.000995415488201756,0.0021296192854695,0.00154290932551063,0.000817104680527572,0.00152697777568407,0.000367344773885474,0.0319831990287343,0.0512101286617258,0.000380212564130003,0.0118533794469184,0.0268682524065341,0.000131128910110911,0.000201901756455819,0.000320162876322202,0.000988675217121289,0.00032598401952806,0.00435023223052531,0.000134805421609348,0.00023192660035972,0.00010202319408162,0.000330273282942903,8.76235240460764e-05,0.000361217254721413,0.000168506777011685,0.000220590689906206
mH42,0.151053902946068,0.0909620496483251,1.20771685649373,0.264088754707228,0.11177926608975,0.21771606706109,0.156302271788906,0.33626471287721,0.0825119891842544,0.280470467017942,0.127283831019776,0.0333430054557115,1.2123296563716,0.170371881665892,0.0505023306925668,0.708254000398594,1.42274653009931,0.165043677895971,0.405854848863463,0.115772049261177,0.0338085363941616,0.167557959690495,0.446333230529449,0.250800905025322,0.874202819740594,0.135374115903352,0.066687047728658,0.00317888164206635,0.0079741613532721,0.0150597703362732,0.015290980579646,0.217382211911467,0.113715003867225,0.128125726614478,1.23228113042192,0.00429864425571007,0.102517377730787,0.0237410410437166,0.00265736257293413,0.0434778939264221,0.00295389230210275,0.0209094931753268,0.257628346516845,2.67647215138975,1.31034310003418,1.98392489528198,0.409627826781101,0.568790677320973,26.7302618562798,0.129206090173198,0.0787224221908583,0.0197213006241826,0.0735518146406349,0.0672261926907827,0.0277058301498033,0.0233024673533728,0.196928918319476,0.0180603194139444,0.771849259132913,0.00808406398016676,0.0652987494511867,0.0111468220919293,0.00105547994508269,0.165858616242567,2.51638031260745,0.00112805715152256,0.000799386088073435,0.532178587123763,0.886756602820222,0.00310319398392191,0.00189219145361092,0.00243859413637966,0.00197513683239934,0.0105776094299938,0.00123381250947781,0.00131779470550109,0.00323279613827882,0.000494561821025977,0.000264388394888101,0.000146191230114597,0.00110421035512089,7.15403892050156e-05,8.39821960232792e-05,0.000378438290722184,0.000418874162881541,0.00144221277368372,0.000178332564395111,0.000440647324813502,3.62886032199355e-05,0.00031104517045659,0.000371180570078197,7.46508409095815e-05,0.000427168700760383,0.0114630513485602,5.18408617427649e-05,0.00057128629640527,0.000142043961175176
mH43,0.0476807447518565,0.344541284121766,0.163822614930175,0.102608489032551,0.391190972453827,2.37731801644917,0.559367503849771,0.410048075608735,0.282698315892861,0.303553218467115,0.346070514336472,0.115347650480694,0.688212805798318,0.264756913340484,0.27380060524441,0.661077646694777,0.120428410680021,1.93637295707655,0.998195324594017,0.464945194451218,0.0676883435355856,0.436074593849011,0.797797769655503,0.454303875520579,3.88132307854827,0.104237762345415,0.00255416154685903,0.0105126920901496,0.0112987450042509,0.0416597835994286,0.0551901022013749,0.193060720790922,0.146886747599083,0.566648191360641,3.93848647981842,0.00637111199598211,0.033278622008816,0.0332867887923391,0.00738991824049262,1.37540986789595,0.00514405277163176,0.105491363616216,0.176607714535635,0.389443280779877,0.317858360655818,1.62183847731465,1.37205025732412,3.35318943828271,0.00480921464718342,0.288598816988323,3.34161506433455,0.0354030065727703,0.729105932594513,0.0253149872258235,0.091430204085266,0.117657829369799,0.828637585934724,0.18423753204212,6.39941500512946,0.00562589299949646,0.00287879119190347,0.116095932021001,0.00307275230057781,0.917935238672513,0.0100002264240732,0.0014904379929713,0.00327998443247725,0.319391674262286,0.727460325714602,0.0295055680211298,0.00537374355821981,0.00140264507009765,0.0127687660384144,0.0153392611523197,0.000876908380796127,0.0117775226882944,0.00109230729621869,0.00190592310471056,0.0023938884202176,0.00127299738166795,0.000437943766427868,0.000990222502179561,0.00094224264898117,3.57296779136955e-05,0.00018069008544926,0.00019600280455513,0.000839137007001649,0.000503278034612911,0.000768698499114649,0.000169460758104956,0.00679170134742332,0.00350048758760177,0.000468569204639607,5.92091805426954e-05,0.0011025157756226,0.000385880521467912,0.000703364230929606
mH44,0.00866492485299888,0.279898394055567,0.143133487385271,1.04257334627797,0.10461741304252,0.229941652464604,0.750446323750356,0.332372638649061,0.315559267728432,0.542433830790691,0.169860602375829,0.777619729383657,1.30601328303978,0.66711445818793,0.169230233396763,2.07294455017545,1.22797996009341,1.39595872566408,0.947202227798133,0.101562242381375,0.0283864686266286,0.11713473991254,0.218980383473579,0.176320560106675,0.621241871915115,0.236736659253651,0.206304140054214,0.00396761651529645,0.00551970148055928,0.02993325637358,0.0227104992058808,0.125701666226777,0.0267999517423412,0.19897278991113,0.430989627649255,0.00512505871635422,0.101582106950043,0.0105878151000651,0.0245605527011642,0.0124921650830412,0.00993493294317555,0.0161300297584482,0.378201522870806,2.84994450501666,0.41142037890208,24.480771296175,1.78325424807112,11.7691609987534,0.00841198267862584,0.0671448907071296,0.0516200681407678,0.0150891263602429,0.0400575648713908,0.0475345885180409,0.0121888993347091,0.0338584951423846,0.00097601247388968,0.00601101847894879,0.11139785248121,0.00168186681389402,0.0407713650388624,0.00387226658568986,0.00147792390890215,0.0899626585838178,0.00367494520358733,0.00074690778191829,0.000448939251897695,0.00112301028203317,0.182062744756317,0.00105944366229545,0.0259126676751687,0.000768096655164199,0.000519127394524769,0.00450528417391139,0.000941580554865078,0.000333724753623066,0.000373453890959145,0.000304590052909941,0.000109917279963152,0.00117863107430368,0.000827690361168317,0.00158519257970956,9.13770158729822e-05,0.000476749648032951,0.000131106153209061,0.000741610563606812,3.57562236024713e-05,0.000954823600643771,1.58916549344317e-05,0.000156267940188578,0.000222483169082044,5.03235739590337e-05,0.000185402640901703,0.000169510985967271,5.29721831147723e-05,0.000374778195537014,8.47554929836357e-05
mH45,1.22497805159732,0.211283817101357,0.0637390452637461,0.0986038194327709,0.382264205156844,0.913191918434199,2.74295394552604,3.02369543606732,0.260082469027607,0.256317869374501,0.0494766037998578,0.152192097223759,0.91703403135613,0.606382831278349,0.0880087968073418,0.365315408316646,0.188363027818217,11.1669907222633,0.534732804936563,0.488470109506813,0.0814328950162369,0.455811571213164,0.373023929364171,0.944362664732182,1.90338806333144,0.439021271653997,0.0117392110264499,0.015602148408663,0.0420908618866956,0.0772506492430413,0.0388526583129267,0.483380842796913,0.255539265942866,0.05926872778999,2.86989754157297,0.00900079449943632,0.053992040937557,0.0372780977327554,0.0249291927858424,1.84792095645728,0.0123743570650348,0.114371406609225,0.110104706080444,3.36928660975403,0.196910311849301,0.664315322866944,2.11878586825285,16.146794813608,0.0187940754040287,0.409570857158155,1.21192921340206,0.0842164312071937,1.72221178813925,0.034995505503014,0.112630250346803,0.221079411834869,0.202146506695631,0.245346849549545,0.00230110286110268,0.0110161394888988,0.00201881573284272,0.16040966063372,0.00567697925562134,0.178736342595876,0.00931663214703865,0.00323473283038868,0.00189849662899422,0.00396937351254062,0.00212178111979,0.0595625840628508,0.00901583438741738,0.00573482497862543,0.00670316238171388,0.00225366936823932,0.00221896193443687,0.006492603949979,0.00222011884889695,0.00371947998916295,0.00779760346095126,0.00720642017184946,0.00177702061068563,0.00489027742276572,0.00255909478570092,0.000925531568065431,0.00798502360348451,0.000333191364503555,0.000731169938771691,0.000431529093610507,0.00207666145584681,0.000267247240278893,0.000304268503001511,0.00355057047799101,0.000227912148636112,0.00137441437857717,0.00375881508080573,0.000185106313613086,0.000380624857366909
mH46,0.0860591402613692,0.132116521065753,0.119268249028373,1.00680775497781,0.164043049017436,0.196703397185391,2.58657826992749,0.286875567667702,0.715002969297604,0.781957110925419,1.36404769583233,0.138315483388343,2.57495481443184,1.90221817805747,0.283621513589131,12.0378842067641,0.399618593198612,4.75500310279726,1.20484186987318,0.1214836158912,0.0434676158720307,0.18596031200752,0.199627980962778,0.384800987315522,0.369561916177022,0.55889288051905,0.62352040557195,0.00849348763440195,0.014265636157731,0.0318109994045145,0.142548320991533,0.182985451917939,0.36050041318571,0.272666626074784,0.637078964232661,0.0165516037993831,0.0337375448994211,0.0517182796156254,0.0528821227574679,0.0603593870602978,0.00166767597254819,1.20665823536477,1.04863015876147,2.34005425648458,0.884275824491941,0.645152056320423,2.23328127559947,14.6200830889869,0.0166425290448395,1.73940850325194,1.63121280970262,0.040861805308126,0.238926941757823,0.042639661283992,0.0684913131304141,0.1396932682842,0.0358181284572185,0.449456324796444,0.125744265922412,0.00819824801386103,0.00178855306356676,0.269666092974722,0.00209983831565882,0.404772450052837,0.00869887171825651,0.0026004620200543,0.00150721965703682,0.0161996696140281,0.166549376665724,0.0578862203838825,0.0431402849883875,0.00252130357106869,0.00301123018776341,0.0156605363939099,0.000988410903550051,0.00265287774978802,0.0012472804259084,0.00485219898106389,0.0137521759480946,0.00974611660416073,0.00122909537681711,0.00277696396711681,0.00582563396183288,0.00583205221445333,0.000524157297337148,0.000556248560439423,0.000908182745794365,0.00106222080868528,0.00126653518376976,0.000499553995625405,0.000219290297865542,0.000117667964708339,0.000219290297865542,0.000132643887489401,8.34372840659134e-05,0.000248172434657589,0.000115528547168188
mH47,0.110595226554679,0.0760174786882359,2.18429044355912,0.189416272908626,0.231302392213239,0.314530284867026,0.114511045523417,0.884188947217811,0.685246000105,0.278760927745055,0.0527978377735472,0.0475775724605685,0.316646910256398,0.116084564925357,0.742430844690262,0.073723537873744,0.715824851146181,0.371278660713531,0.303087860090739,0.208999087656339,0.0394508221372282,0.20376766263129,0.521163513564419,0.35986723513744,0.75240762728129,0.18017107144222,0.0297071535316732,0.0106922441315476,0.00662142916183048,0.0238235053345036,0.0729448379648246,0.307381869301867,0.156993589439798,0.159978192434653,1.56306151176255,0.0111745916865948,0.020857501859766,0.0338895656220953,0.00318051794009273,1.13999558720185,0.00294740395462005,0.113119801418628,0.636945526295865,0.711147691820633,0.0879149717233976,4.98983337830697,0.39373696127141,2.42877493566364,23.3426184617696,1.46477544762163,0.542079293920553,0.0411148592037407,0.734650045441108,0.0192170241854024,0.133917784814018,0.334638846050061,0.0155963176025288,0.00161195841018345,0.177185228479357,0.00708393722875235,0.155144797140118,0.00111101133501875,0.00144208279311027,0.238812878436686,0.00878021346346847,0.00477015692613518,0.00452092335656066,0.0135230910934313,0.171921564286104,0.00125980749595876,0.0041439730821793,0.00173223530694329,0.00244025703941618,0.00204222730890165,0.0013168460243191,0.00206330676503482,0.00077869990891939,0.00176819437917046,0.0393950235768757,0.00556745635517207,0.00124244794384909,0.0054422195863809,0.00709881684484635,0.0627113819961754,0.000736540996653054,0.000730341156613886,0.000385630050436195,0.000960975206070903,0.00403485589748996,0.000612544195869711,0.00120276896759842,0.000293872417856521,0.000849378085365895,0.000404229570553696,0.000321151714028857,0.000386870018444028,0.00013391654484601
mH48,0.190963035533833,0.048079474735079,0.384340066274141,0.0663863419236258,0.0791470133691712,0.0867888752804317,0.22059121601673,0.0392556688948848,0.0386848381195644,0.0633592685694739,0.0164401228286349,0.0252619636747661,1.82961579709031,0.0825307331457694,0.0187372008883581,0.0338106703461312,0.495363213334355,0.12982912274078,0.0519456005541598,0.143410179207655,0.0115040577422151,0.125029624741743,0.188889966797299,0.30877032459678,0.77570498632374,0.0873145111923016,0.0407470993887513,0.00226170816658803,0.00472974070979791,0.0104321534808131,0.0147158405382952,0.336045424689156,0.103364582699418,0.0986092970668003,0.981856443468035,0.00642553058622316,0.0171927155547889,0.0136576912353346,0.00240515273319179,0.035946618892683,0.00219981085360148,0.0202040689564363,0.154636190289946,0.284746307181745,0.266564217116203,0.510905333876169,0.152530699151372,0.199329980254364,29.43902229441,0.063722792471141,0.0443066861339938,0.0108202398082684,0.102343768283656,0.0184375392937406,0.0191901320198946,0.0720543672985374,0.123239515150291,0.0136262513303255,0.199895898544527,0.00158280271779901,0.0599372314086459,0.00696885144466069,0.000931407185892899,0.313662177316781,0.012328372751671,0.00105520181186601,0.000458826113725721,0.309074898676555,0.266865843704883,0.00187656933022725,0.000395946303707635,0.000678905448789022,0.00211040362373201,0.0084190170632028,0.00068578292800975,0.00158182022076748,0.00108074673468585,0.000415596244338287,0.000428368705748211,0.000206324376621845,0.00117310145564992,0.000129689608162302,0.00152287039887552,0.000108074673468585,0.0018569193895966,0.00119176889924904,0.000134602093319965,0.000194534412243453,0.00388675825674294,0.000256431725230007,0.000449001143410395,0.000388086327455374,0.00179109208848392,0.00112888908923095,0.000141479572540694,0.000456861119662656,0.000129689608162302
mH49,0.0898919290534758,0.143822230432643,2.04535670992907,0.224991154955192,0.218252742577287,0.483757435862978,1.69940766633253,0.159820368979769,0.133227089711003,0.89749186655863,1.66024743327572,0.0614073449640572,0.738881677082346,0.306717247654635,0.0661586093716147,0.19402103851701,0.312806482431938,0.833935079224075,0.985507825695405,0.232116773657866,0.0547264384759692,0.253234214307379,0.219324907945211,0.371737240407871,1.2820605878477,0.203150418002646,0.144629868707408,0.00937601585751748,0.0209909276919152,0.0286417668549188,0.030681309080433,0.323488520942636,0.26840043431515,0.332870926343466,1.74119911332563,0.0133733141541393,0.128997212037787,0.038585174158632,0.00680614153702305,0.442450316253002,0.00315260067064135,1.63457808197002,0.450544589721929,1.07384070618051,0.424038208242219,0.408088630224273,0.776298842723359,7.69268044843451,16.4352012004572,7.73944551594246,0.800519045605672,0.0569206076496584,0.567411892734289,0.0212196733425212,1.18376513142894,0.155626272749106,0.175110546127813,0.320195350319108,0.164584412473953,0.00474231904691936,0.00329572644085288,0.0931684868643896,0.00172517669451392,0.209385334367485,0.0213691886560457,0.00246380790149839,0.00253281496927895,0.31106469292481,0.313004558274641,0.0257536932774362,0.00991145958714809,0.00181207448357091,0.000479215748476087,0.00154882529907472,0.00102488274740753,0.00046260293586225,0.000917538419748882,0.000578892624159114,0.00162677772749349,0.00323183100772273,0.00103255019938314,0.0033941254078733,0.000897091881147236,0.000315643439662916,0.000203187477353861,0.000679847408504743,0.000507329739053351,0.000615951975374598,0.000291363175073461,0.000221078198630302,0.000347591156227989,0.000582726350146923,0.000276028271122226,0.000217244472642493,0.000287529449085653,0.000152071130849745,0.000223634015955508
mH50,0.0953372098834494,0.126492666062467,0.558225225043598,0.0646382637109227,0.280813904043451,0.440362220220582,0.327516190849608,0.267006600547642,0.306553035069315,1.86356422157281,0.118430745694033,0.0501944724903285,1.36344862644172,0.507162533860722,0.103017546591635,2.71450119098131,0.762159290785828,1.04757691672215,0.579741445400283,0.294339268195149,0.080056869869235,0.322686917481452,0.710467063807199,0.574416267761117,1.36293263882017,0.174012963184824,0.0225713686965604,0.021160127102891,0.0143209738076804,0.0297990575810516,0.0515918102259323,0.379691190677741,0.138982965224829,0.442217612835795,2.64994094336287,0.00644289334033779,0.0613955750353757,0.0721448021932873,0.00607135135535967,2.4487436203499,0.00553682525638907,0.50978186623299,0.0894041246721876,0.475518897776286,0.752023378255926,1.48023485470121,1.46230582972547,5.193412321151,0.0141471755818591,3.35892029435703,0.682724232346754,0.0353606008073353,0.38327297900278,0.0493934557784318,0.127616561256112,0.0864008913299944,0.233897652310393,0.0249257553290205,2.44976014686182,0.013880684968933,0.019968257492036,0.0170700755218948,0.0020631780496394,0.437586855663354,0.0129707547021882,0.00388999051216174,0.00479914834234728,0.0129383123667016,0.475482593258004,0.00536688921336374,0.00105128615707945,0.00218522302599396,0.00274601196797756,0.00278617866905628,0.00360727873149232,0.00294375572713431,0.0014143313399063,0.0486596410471861,0.000439516402188251,0.000199288632275165,0.00248106622816988,0.000173798225821365,0.000291208582820687,0.000114320610762498,0.000985629049546939,0.000972497628040436,0.00452570580038834,0.000870536002225235,0.000153714875282007,0.00303799298735745,0.000234820713998644,0.000321333608629723,0.000263400866689268,0.000295070765616717,0.000211647617222462,0.000271897668840535,0.000256448937656414
mH54,0.08836763367778,0.0811582366822659,2.20947265916892,0.493559314993534,0.126556429560912,0.160263477584241,7.32458850500676,0.334431646222848,0.0754552808499935,0.350689938096882,0.116945608216738,0.0604352767802112,1.98896690690361,1.13545696902057,1.17607110101685,1.45354492421047,7.07289668788927,0.92030915998552,0.755647625717212,0.123282225808152,0.0317172476206343,0.136377332836014,0.123709221602722,0.302804921710663,0.509060970319591,0.0795851841750713,0.152273532276253,0.00820344320527228,0.0050283024768523,0.0144392897891676,0.0653935519467541,0.294832056234458,0.0894077954333517,0.395459593165922,1.38458510338747,0.00774228774713705,0.0184223065609134,0.0358027433830767,0.00288819955446917,0.168115076254788,0.00278913653012901,0.0817133312152065,1.77363634366849,1.04845572188541,0.467300781610678,0.398375120451244,0.814590125199608,4.190885156475,9.27707801517188,0.312304724148248,0.178436418601126,0.0208049430946121,0.264131058604899,0.0175717309381306,0.0665105729453483,0.0799131169453008,0.0107807898212947,0.00307266173772326,0.040916445018843,0.00175580670727044,0.00614361549226825,0.00216230670370075,0.000949638647122921,0.00436560500368019,0.0452957138879494,0.0038771218146925,0.00249877938982164,0.000315976887981547,0.0806407177792475,0.000437243693639331,0.00732212388528051,0.000242533611315566,0.00145178570153684,0.00158500838944257,0.0010230819237889,0.00130489914820488,0.000213497897284829,0.0113854158664054,0.000997462176114723,0.00051239495348359,0.000244241594493845,0.000708813018985634,4.78235289918018e-05,0.333522999172004,0.020381363266399,0.000384296215112693,0.00114264074626841,0.000331348736586055,3.07436972090154e-05,0.000766884447047107,0.000196418065502043,3.757562992213e-05,0.000107602940231554,0.000165674368293028,7.68592430225386e-05,0.000134930671084012,6.66113439528668e-05
mH55,0.0249763614107186,0.230636760842825,0.0762616644903497,0.0361723430778294,0.199507455261589,0.0879237608105429,0.671712750060993,2.29008936179374,0.175362946981743,2.44130318549907,0.149599728656662,0.187067732020164,0.596344087406004,0.126425523404644,0.132003900502797,3.87835427468787,2.37036145829923,7.27210622005314,0.441988604788931,0.170131848375118,0.0547338592629569,0.251375401657573,0.11639598211938,0.37006965206641,1.55370666486497,0.19239920680208,0.0279507266969729,0.01789464918146,0.0832337705511854,0.0576886108138092,0.0282080127554813,0.141252353619404,0.113813891541166,0.0351662738266215,0.784109837656651,0.00655329512254627,0.0790248936837473,0.0224669570284056,0.0130396727948975,0.140205903148251,0.00568567576829367,5.96321127798093,0.0865288780987193,7.83240718428514,0.223452364939991,0.274850735435469,14.9646282434513,1.90999593718777,0.0100087738007199,0.616189726385391,7.35367974559001,0.0961199947102909,0.25208611112861,0.0324607320902886,0.0836318140049316,0.0227357805783269,0.00330779878808806,0.0359173645176035,0.0130408265440388,0.00290975533434185,0.0453238812665683,0.0227796230456961,0.343253060775328,0.143528700675176,0.00644945769982987,0.00330433754066418,0.0046207653108799,0.00216904838563151,0.101750290519802,0.00680596618448952,0.12676126440476,0.00114336539902172,0.00224634957809817,0.00473729397415053,0.00569144451400013,0.00189676358828628,0.000362277230366114,0.0457957646653573,0.000731476955579989,0.00542492846236137,0.00228788454718473,0.00377160594288799,0.000573413323222799,0.00140295895581272,0.000254978560225832,0.000839929374861565,0.000434963426267596,0.000586104563777026,0.000124604907259683,0.000496112130756144,0.000222673584269618,0.000293052281888513,0.000211136092856685,0.00013383490039003,7.38399450427749e-05,0.000434963426267596,0.000130373652966149
mH56,0.0399842085025347,1.07103435449402,0.820570251055144,0.153549492766604,0.0929153911191083,0.127091888487382,0.294185100539581,1.03164575015888,0.244916541251294,1.16627967609174,0.980299422309598,0.193364832654626,5.32321452817767,4.14565146202567,0.121534057262434,0.229811928285607,4.83305511848758,2.76420806895316,3.85579647224336,0.107594409536056,0.0382019600169325,0.188474488858665,0.0448323351448676,0.105660407498223,0.779806736716715,0.477474866531039,0.023027745797967,0.00485839567970188,0.0473722103874736,0.0371442491679227,0.0379452340827068,0.0485394576350863,0.0828711315680478,0.156869814849256,0.146038262433237,0.0267439963214026,0.117961573262165,0.0102884344396129,0.0244711160503913,0.0369012152835224,0.00453206849219724,0.0382761252868199,0.47354068421455,3.07738290159638,2.70862062867047,18.0144530995948,1.99437827254253,14.3464259756441,0.00598913079444696,0.214633150050033,5.72613960642203,0.0115070268740708,0.187838949545937,0.0274502778915613,0.0822470022968414,0.307799562082606,0.0624209141497066,0.220876724770401,0.0015529066510273,0.00251933716786795,0.0463715497460695,0.124749406963092,0.00616712744217676,0.00255470829658349,0.726041480064946,0.000526002914124604,0.00185299074303331,0.000430158565347019,0.000376531370197656,0.0323451857041308,0.00510599358071064,0.00218616395545063,0.00098012256666602,0.00552474210453652,0.000726819644896688,0.000604732200620478,0.000821522989522159,0.000175714639425573,0.00227173926685919,0.00244859491043688,0.000824946001978501,0.000189406689250942,0.00089682926356169,0.00115355519778736,9.81263570818134e-05,0.000998378633099846,6.84602491268466e-05,0.000260148946682017,0.000260148946682017,0.000148330539774834,0.000229341834574936,6.96012532789607e-05,0.000208803759836882,0.000662923412378298,5.47681993014773e-05,0.000432440573651248,0.000136920498253693
mH60,0.0219778620037746,0.42992539061062,0.0621835896857324,0.0430556688984207,0.174131968235753,0.0740620774867662,0.139354566701852,0.200178975188574,0.266381317935439,1.12459296302481,0.154063398874049,0.0764640908106613,0.456868253348576,0.0910301459671022,0.102758857879059,4.96897609422835,0.579834258281102,0.96519082358122,0.504484388103203,0.931250487296555,0.0361379825075759,0.67996993843931,0.177729389122939,1.47700163227724,3.90735199447593,0.0613493239858248,0.0221584329354661,0.00663213235933279,0.00855262319871747,0.0335064061387398,0.0309490178271102,0.160503762104376,0.0169610696070147,0.0308482340512824,0.0839234899965803,0.00306410674009698,0.238546798736339,0.0259252265570288,0.0146612398336116,0.135437997191212,0.00524355589237244,0.230013772382922,0.0605262564832313,0.734295193159805,1.82576808785322,1.12576737396814,1.51264829387765,9.3451294210658,0.0141979144197367,0.306732622182481,2.71551525635403,0.0194358712134521,0.308774893417658,0.0550475384472608,0.0658663968274387,0.0872381564015825,2.60708311176067,0.0278471171710778,5.34416329659251,0.00135498187501776,0.000295352454161929,0.0117497085319205,0.0809335713136899,0.762990573777433,0.0126259674717564,0.00223963946283927,0.012302619524309,0.0398963774811531,0.000802070882629314,0.00530234642827198,0.0061534094241509,0.00145016655218843,0.00896835627400701,0.0100783775827767,0.00139557534028172,0.00923151391089063,0.0005389132457457,0.00055431076705272,0.00740060865001952,0.00225783653347484,0.00228023292810323,0.00311869795200369,0.00310050088136812,7.55878318708254e-05,0.00137737826964615,0.000258958312890791,0.000565508964366916,0.000498319780481738,0.000837065249236178,9.65844518349436e-05,0.00056970828835974,0.0135274223555492,0.000509517977795934,5.45912119067073e-05,0.00417132849953815,0.000167972959712945,0.000652294993551938
mH62,0.0697576516431703,0.184225531211071,1.3381979730673,0.355932057398161,0.235154665193866,0.448855575373424,1.13752087599099,2.05502426891317,0.773328322750328,0.319447024051646,0.452271561047324,0.134735512102262,1.38774212078135,0.847103258269039,0.112560434587746,0.184539712463201,1.04557049620116,10.8154660298758,4.03462620997437,0.192821389064271,0.0434405591193097,0.223399344187233,0.803388525997122,0.35267492741354,1.07631789739269,0.0958358722787079,0.0351141675834797,0.0129932186741994,0.0154348894538556,0.0366085877715103,0.0281715856075898,0.600967546465171,0.172340772235396,0.0205924041657751,1.85816323850598,0.00839346393796994,0.0254380910431844,0.030700332839147,0.00903594694794212,0.123507356642272,0.00479979523383981,1.33990773096746,0.381211292752067,0.186071787333135,0.167881045847493,0.792469844954023,6.53936034485664,0.63603935253151,0.388977570894588,3.15828762133397,1.18236760213762,0.0348164602546831,0.31195844918816,0.0236589073232614,0.110841263017106,1.06838923343446,0.304274540662302,0.305632462628434,0.00316416998867253,0.00491511269716815,0.00421261753791285,0.118652256094387,0.00183331232515872,0.562182047396136,0.000223574673799844,0.00310886467462731,0.00326183681985878,0.00330890517223769,0.00417849298243814,0.0226292871149726,0.00836992976178048,0.00452679879004211,0.00602827923092948,0.058670701240317,0.00100843944971824,0.00606005036878525,0.00204276649324489,0.00464917650622728,0.00893828011675587,0.00337480086556817,0.000360072895698696,0.000404787830458665,0.0125237118592197,0.000649543262829021,0.000762507308538416,0.000456563018075471,0.00113670070995079,0.000353012642841859,0.000897828821627795,0.000788394902346819,0.00025887593808403,0.000327125049033456,0.000596591366402742,0.000105903792852558,9.41367047578291e-05,0.000315357960938728,0.000124731133804124
mH63,0.290045017047472,0.273518653344293,0.0532912521073045,0.72396513162054,0.330852749951856,0.560306307701884,2.74491262092037,0.145449532889156,0.107016472065646,0.319665926687832,0.15335469126364,0.0676703428835539,1.79397969940054,1.57627625518518,0.148384023497866,0.609151993143169,1.91875587180201,0.651636577823958,2.11098974284002,0.441339228954391,0.113510366988559,0.537504768872715,2.26926215779161,1.00350465493012,2.32430837588851,0.761725542274943,0.129385778915182,0.586758384093974,0.017592188745325,0.046446711160754,0.0456273798579967,1.37052515352307,0.289409688113555,0.550241725300642,2.66305239724362,0.0196561398448554,0.0704008686022767,0.0467765267275418,0.0111217280863681,0.23812770715655,0.00536384263881338,0.195255155216934,1.21869108560946,1.23529903526864,0.656050898804703,0.282633714087468,0.711312364955714,4.7355951922889,2.15861250687709,0.990744264238234,1.97977522340057,0.0589979293484369,0.618109089588566,0.0201135419598481,0.204653162998985,0.0812960654704036,0.0651906505827303,0.0802519388208094,0.133881685851922,0.0210049119258775,0.023638228845968,0.0486321732585747,0.00478145778272216,1.54465301788013,0.00123941218256076,0.00740349153868579,0.00683065397531737,1.17662658180848,1.01117981034355,0.0147904922990322,0.00318098434809888,0.0156974851076988,0.00120643062588198,0.00111703324856842,0.00215855609105645,0.000721254568422965,0.00629774145424432,0.00155186903530717,0.00142949010131483,0.000748160575187239,0.000611026734259648,0.00097295592202424,0.000339362859510685,0.000164907783393939,0.000303777495725677,0.000794161167397127,0.000199625211476873,0.000816727495651035,0.000134530033821371,0.000236078510963955,0.000282079103173843,0.000532044585370971,0.000197889340072727,0.000507742385712917,0.00018313443313748,0.000398382487251674,0.000526836971158531
mH65,2.52310891326769,0.105126189123627,3.41571193506517,1.07174148944265,0.159526006259641,1.44613969818703,2.57577106066478,0.550783573584948,0.437698064634386,0.491480924110653,0.461016800108005,0.0786615356015021,1.64398839739237,1.21940606018151,0.15598274483761,8.79441333858385,0.832320032262018,8.8829824217782,2.67120365631976,0.233258672777589,0.0585906010926784,0.227005325782285,0.435738516544439,0.383568803242739,1.38486618029876,0.651840106219053,0.0220950084457542,0.00840307652899032,0.00850609147768197,0.0245594429875313,0.0182698709553246,0.782755125520093,0.231612697663329,0.427973906290856,1.44482540856691,0.0193000204422411,0.0598924383563641,0.038035156715283,0.00686690855784121,1.20033697434953,0.00493452924557036,2.18890011890189,0.718078718227784,2.41636278577507,1.24409455486301,1.02038797150367,2.27383198198475,6.92913411498058,0.00913889759107354,0.962892045744886,0.161421028502606,0.0177559282442696,0.369177275300794,0.0202531917257397,0.0869174479180758,0.767229301110137,0.0605569413770454,0.0022889695192804,2.5829855031704,0.0237726804673039,0.00566242608083114,0.00154635626277796,0.00280744035994827,0.644064175641438,1.47962861277104,0.00205577084422018,0.00180106355349907,0.620219045100329,0.00252782835635665,0.000252443225914703,0.000134711855981389,0.0097026497278696,0.000484509868571717,0.000984868190788304,0.00195615199273815,0.000546771650747989,0.0041409745309237,0.00043017231321788,8.94305598531908e-05,4.1885198918583e-05,0.000481113771362102,3.39609720961484e-05,5.99977173698622e-05,0.000357722239412763,0.000213954124205735,0.000339609720961484,5.09414581442226e-05,0.000408663697556986,1.47164212416643e-05,0.000157352504045488,0.000238858837076244,0.00011659933753011,0.000156220471642283,0.000195841605754456,0.000129051693965364,0.000293196392430081,0.000244518999092268
mH68,0.126522411410387,0.378379618290617,0.127956059936744,0.602432059858803,0.390858218388636,0.735979657359852,0.727992539354731,0.278850496295205,0.155636267398327,0.760124765035797,0.197000572966112,0.0572466647477358,1.06027958674418,0.634062971022911,0.0862193140636172,0.861468608585218,0.494481100627698,0.592757861265246,0.712990717850324,0.583180472486157,0.0898783550766943,0.540113670754384,1.31937409803467,0.675678858783709,3.40435843950965,0.203673667311161,0.014730507374688,0.0273046840411302,0.0175922548202038,0.149266551580146,0.1012316181594,0.694096155207468,0.178800944469151,0.462547427559744,3.45818222986177,0.0162831641443085,0.0957701880527563,0.0338569202738497,0.0195722313441321,0.107138250087992,0.0123071788978776,0.278219690943608,0.099585851313444,0.670160699359033,0.626154164141595,7.73516707154134,1.75153434306586,8.87010984029217,0.00896939847930897,0.688975717632039,0.491996109848678,0.0572207665808081,0.833777301909237,0.030006726123925,0.253137316274087,0.179167835167294,0.0897007676463327,0.188876564650087,0.00382491260601908,0.0115777138627461,0.00826336511901688,0.12612777267625,0.00259536629997329,0.604854771712592,1.26858224308217,0.00677977012787035,0.00558043834990693,0.00384032818157131,0.513728988262211,0.0407593983831158,0.113401906746374,0.00477697855212475,0.00109573911025244,0.0273737458196042,0.00291416040239338,0.000892253512963019,0.00437124060359008,0.0013430049421102,0.00240482978614774,0.00565381648953554,0.00148051187603608,0.00569143049388298,0.00345000580858887,7.46113856727888e-05,0.000128874211616635,0.000548794489659355,0.000239866355592685,0.0019972419685468,0.00056729318032203,0.000201019105201067,0.000902119481316446,5.6729318032203e-05,0.000419303655020631,0.000120241489307387,9.8043060512177e-05,0.000473566480964477,0.000551877604769801
mH69,0.0526994821750529,0.06520150574437,0.536782470479162,0.856595975878958,0.161966957457241,0.693914507613266,0.682669103589107,0.308441673189691,0.273123193214316,0.940622830068507,0.233474547870299,0.121065523725217,0.926691784882288,0.662070887172824,0.255882028250608,1.82975011909631,0.414826202716601,3.40836788701856,0.761205909582891,0.120623982863694,0.0524830217960852,0.217139451572536,0.832766178406759,0.26339684300008,0.589155346507189,0.234388278850543,0.0601539561994147,0.0181807562547136,0.00736348404205239,0.0173877067246903,0.0917705805787266,0.192776165467218,0.0449366000001264,0.206935164503854,1.43864644145171,0.00277088440864432,0.0170678051026761,0.0206844174521544,0.00310611065925805,0.265403411557325,0.00289252364815273,2.24628789126962,0.478665732094191,0.614310724353243,0.351752904768984,2.11079135635012,1.13422939884796,2.32119563365318,0.0124589230513811,1.993287850985,0.489158313738401,0.0253095819213364,0.399043750837706,0.0132902841529031,0.0986331408234333,0.0715545220881438,0.0300745836264887,0.00888828458770111,0.147481352273578,0.00211192537886648,0.00117137629857311,0.00327468157385238,0.00370760233178783,0.189572360300638,0.00395088081080464,0.00380817020697194,0.00327755494171479,0.108558711209462,0.0885150547906235,0.00145679750623851,0.0762285338109867,0.001248957230858,0.000898406351644789,0.000725046490613119,0.00219812641473858,0.000886912880195176,0.000893617405207451,0.00249120993670373,0.00143668393120169,0.00586262822859036,0.000544024315281706,0.00453992122259734,0.00589806643222667,0.00098939633395423,0.00147116434555053,0.000233700586142141,0.000159950811007121,0.00056413789031853,0.00412519846112378,0.000208798064667979,0.000112061346633732,0.000271054368353385,5.5551778673132e-05,3.54382036363083e-05,9.38633501718437e-05,0.00012163923950841,6.32140929728743e-05
mH7,0.284775249909886,1.22875880217,0.0991494337116179,0.0291020552008569,0.590466998955333,2.28838043826127,0.334605217174504,0.399482678470428,0.527563123294526,0.0976775774024059,0.740991936771158,0.0436688714863663,0.729881088220032,0.309692426415123,0.01931745619653,0.284141071059135,0.194972717766185,0.419268532324359,1.33684463163743,0.460621729998854,0.136066010878369,0.494758621442189,0.393727702758425,1.12417806079054,1.19745334825119,0.0551419826451826,0.0119081771477133,0.0276617762618067,0.0287389154439953,0.0479897083035168,0.128775146967659,0.830909375456282,0.0926295839223609,0.0607443344014028,1.62973438852975,0.0144905043076182,0.156889532201786,0.0289327654108224,0.0139317602855871,0.295698388538383,0.0129177758437223,2.17964113266132,0.0289871486594345,0.473277238240399,0.221681032878937,0.544834190474732,3.46220514213965,21.4484059015508,0.0263679812343408,0.88512772002423,0.568645281875132,0.0568664579156897,0.831602323301501,0.126582274039751,0.206286187775849,0.0780443475042571,0.163388330410936,0.242558937450966,0.213642837874396,0.00185166190032578,0.00348929940288772,0.161616489085185,0.00433136260720451,0.443017346133606,0.0167447776775079,0.00230602517098839,0.00969951553472408,0.322130401662219,0.142621823783644,0.047104664789813,0.00320247162391731,0.000583304198823613,0.0138607112027229,0.00147448775672555,0.00313668543608006,0.0135221316226539,0.000366648353546271,0.0066900167284627,0.00822678207634085,0.00147624205506788,0.000902586497127064,0.00226567630911488,0.00195604265169422,9.47321104856394e-05,0.000434188839725847,0.000348228220951841,0.00150343367937394,0.00125695476227705,0.000599092883904553,0.000962232640766171,0.000416645856302581,0.00837063454041164,0.000299107867366695,9.38549613144761e-05,0.00223322178978183,0.000312265104934145,0.000288582077312735
mH73,0.0269803731788033,0.0992200614561562,2.11888276839712,0.502698190512093,0.117656984907344,0.0347568943810546,0.41502897266391,0.2657622769746,0.813001684715051,3.02625113042967,0.0856403519989374,0.0541895802122406,1.11886350422492,0.41548281051787,0.252453529780399,1.19327759285321,0.873544994882739,0.705223811573876,1.2994306498801,0.047868404026909,0.039991349122831,0.0768412594295346,0.0892471182349484,0.138790126495142,0.171232830806529,0.234155438584115,0.0310764034303708,0.00380591871201047,0.0246470338325971,0.0142068482638519,0.00958804276278562,0.117399427137903,0.183803373390173,0.104656541065413,0.494742623574207,0.00401656075393306,0.0222782683247949,0.0315656674459273,0.00820546499671188,0.0358005299523984,0.00303516033133917,0.0635899600649497,0.765477010202007,1.28259460594753,1.5583145067221,3.57684836381113,0.60196133784046,3.63405395507817,17.7506200822982,0.169557269109417,0.327807847886726,0.0178375510955359,0.195198150394358,0.0425717141363828,0.0469932820891033,0.128817183273934,0.0102113517141111,0.388993616282278,0.0357584015440138,0.00300356402505078,0.127986104672167,0.169471097364994,0.00123895819203561,0.000306388424614679,0.00324867476474252,0.00175120133943828,0.0017291796714191,0.000203939795134146,0.00118534021772804,0.0201421665269344,0.0183746883024385,0.00542307511567982,0.00221940115080258,0.00528711525225706,0.00105895499257449,0.00159800712713094,0.00117385065180499,0.000161811386749628,0.00914090715561357,0.00677405657546517,0.00163056089724625,0.000428943794460551,0.00286856162545493,0.000533307351594926,0.00027383465449937,0.00193694932186092,0.000112980731576663,0.000281494365114736,0.00082246142732503,0.000349474296826118,0.000722885189325259,0.00010915087626898,0.000720012797844496,0.000413624373229817,0.000171386025018836,0.00145725994457357,0.000174258416499599
mNC150,0.0457069371403936,0.0724927201410341,0.261200234618365,0.136429316086941,0.0949034179175469,0.411951150862016,0.120935216112601,0.0704922348280661,0.0784653980339234,0.309368928037848,0.0454923351401123,0.024745830653138,0.787097647560829,0.213531456969651,0.027382721897975,0.0736019082574311,0.405233532692288,0.292337258176435,0.492130898208532,0.0897324141636399,0.0211543305104975,0.155858608296326,0.295015260915579,0.238181086726111,0.375161296836763,0.0828404832580511,0.03448185473487,0.00556156294982142,0.00505835825950641,0.0169880916774483,0.0178382773797125,0.422702628853125,0.0600326484465348,0.200762226837965,1.45135743905254,0.00315982945241923,0.018386704713765,0.0240395351809475,0.00466286568427517,0.0683363480666185,0.00462750979917134,0.0986667641063897,0.174961475240915,0.354579238327016,0.293180043809724,2.54416755834757,0.401806478526875,2.69789741346869,37.5874605929883,0.555171263578551,0.22873859871373,0.0163623747340991,0.123735731104779,0.0591947961925626,0.0421943710668222,0.0369477221633908,0.0366961198182333,0.0456049806345128,0.134812812130798,0.00560678559355887,0.0439465429541773,0.0177576988508712,0.00215342007178922,0.2224362066365,0.00485773416728931,0.00174723850803822,0.00281778181978681,0.0754831702369094,0.200347000745466,0.00232444388810543,0.0210556629241613,0.00379870207394662,0.00110014358764948,0.0285223325201589,0.00138956850756922,0.00077371832285363,0.00205393025556681,0.00100229823119934,0.00139532411677217,0.00228662131334319,0.00135174593280698,0.00161321503659811,0.00154661441582112,0.0013706572201881,0.00031820296593449,0.00104094303584771,0.000124978942692616,0.000466204345438903,0.000181712804835975,0.000323136345251303,0.00245682289977327,0.000197335172672552,0.00182370588744883,0.000209668620964586,6.82450805492575e-05,0.000557471862799959,9.78453564501402e-05
mNC151,0.0540810480824755,0.866464030784812,0.131293002802437,0.876489372048934,0.202231148554639,0.0666711762989738,0.118545232293976,0.0870353721494355,0.125089158672121,0.184480449353508,22.3393705194496,0.121839779069819,0.39430233995539,0.0228820443675906,0.340739385922341,0.162422041679878,0.149193373617847,14.3235336330981,0.113473224394716,0.217790797023664,0.0692448195598872,0.226400014552686,0.452228797204722,0.389620895262621,1.18535756043842,0.208667913599484,0.016118481537723,0.00666614343595829,0.0542564029915122,0.0507404485022397,0.0473626524261476,0.223642160074199,0.102257595263193,0.0294817654895198,2.52862133083359,0.00957189826701703,0.0640629934347653,0.0335937495433466,0.0399056406378165,0.324434921905337,0.00576722811943143,0.144576579977399,0.0538144731955054,0.29555361413464,0.377767611916418,0.314976384387596,0.170471540509349,0.342079345404021,0.0218591407315428,2.05791650275854,0.254470970092228,0.126761229723947,0.461082448849372,0.0187346350796149,0.374023164666886,0.0465700128120673,0.0806712288345961,0.0606356020308649,0.536593992330189,0.00520839505073345,0.00212462841807678,0.0386967545224872,0.0463468338369296,0.478642737416952,0.0189640134707287,0.00352923895207836,0.00358060554159418,0.017540804688799,0.00168269862206998,0.0113157054179938,0.182808378301683,0.00466196081398757,0.00300051733240689,0.000921056087869884,0.00293055249496293,0.00286413018093385,0.00609402590445449,0.00575482928747933,0.00231858157504169,0.00928229697785025,0.000335654093560275,0.00627292333690615,0.00207946124453701,0.000154099768547461,0.000446357950275405,0.000595143933700541,0.000860833189816854,0.00050126706320611,0.000887402115428485,0.000600457718822867,0.000162956077084672,0.0122730723708662,0.000126645212082109,0.000130187735496993,0.000279859349775849,0.00017004112391444,0.000265689256116313
mNC152,0.0829749760527983,0.0916124239181411,2.58504747342814,0.697339134233448,0.16953507171939,0.0998337976921799,0.833649803388829,0.625322861502742,0.517661865491443,0.298155148335002,0.0760039101370894,1.10967690105347,1.33506183789082,0.268915254800749,0.220959326703274,0.309184761527291,0.726625953417096,1.82047952549451,0.693314999099758,0.137580790065677,0.0355300161376265,0.209087137406289,0.244261561400721,0.562059786572553,0.553727876824383,0.190361717713188,0.341800173441371,0.00951339332071986,0.0170423530681272,0.0268206156098778,0.0540948458305758,0.462221817711538,0.192640218689377,0.296148816125305,1.63359134862877,0.00712748474702622,0.0206326866429643,0.0473667504995131,0.0065320503958116,0.313375743414387,0.00560187974557789,1.14921749602608,0.660625548938854,0.96054927285995,0.790915135880726,2.7636746504159,0.364162852358705,0.970773850467059,17.2665502646388,3.4959285533838,0.636165814889659,0.0339449719802776,1.83415678810489,0.0309636290553694,0.645021206326637,0.260929552065896,0.185270806149913,0.153683587353692,0.0493438845273641,0.00260385214532911,0.00585736383672952,0.041732544195463,0.00136605779350466,0.0400515631549061,0.00810249546223756,0.00226703026189247,0.00128367720901087,0.245160448284691,0.221860299171662,0.00631097844754977,0.00789185143606356,0.000986481429507945,0.00431403136773189,0.00305955234056693,0.00188641110568697,0.00382079065297792,0.000714312663015796,0.0100431317627812,0.00472072032915694,0.00951130773630229,0.00159338649501918,0.0078428402022508,0.00334736299019081,0.0083225246182906,0.0258789742453474,0.000848832857948697,0.00143071091044916,0.000620461364225399,0.00167159591067784,0.00102819311785923,0.00131391818306555,0.000211686818382783,0.000907229221640499,0.00568008916123655,0.000313880454843437,0.000356634935403507,0.000237756623602338
mNC159,0.227283900735043,0.17479042469622,0.0484893197033687,0.035922440686827,0.1389867321289,0.128884065681476,0.152309212237077,0.14511776561118,9.67070768282181,0.306119037653138,4.58156793201738,0.151438644813181,1.46494487440004,0.904673850348023,0.149130998236023,0.115339216483268,4.07613206666656,4.43793792150855,5.308089348808,0.222949216194339,0.0812312773167947,0.250933685453023,0.251674915753126,0.296859709761443,0.905218427711364,0.0489658248962921,0.0168864364082642,0.00579218534509036,0.0366780417784626,0.0285502246305988,0.022191527556144,0.133688448198062,0.251731642561807,0.212158264468248,0.566713676803319,0.0101367025326327,0.0474954660152715,0.0565384756765277,0.0886405548880281,0.0453776651578344,0.00767778446565842,2.70301125565774,0.0358573939462057,12.164231372164,0.185405901494124,0.525085275520597,14.4542253228171,1.46882044996915,0.0168675274720371,2.51688984001678,0.178623644248181,0.0364261747479174,0.322489638281126,0.033367465223819,0.035538211102692,0.0104785760996189,0.0108832273348792,0.313729506305828,1.02736713030874,0.0116199194902877,0.00300878993245879,0.156227900180785,0.0315817052865301,0.148400356940207,0.0118316995760314,0.00195140221863843,0.00115041968005777,0.0145644190395743,0.000878130998387295,0.0279685857522527,0.115009444635467,0.008576337115171,0.0013712760551905,0.00301030264735696,0.00181298880545594,0.00118823755251201,0.00341268481027,0.000327502775453659,0.00759912329095362,0.00672855586705717,0.00261624041638385,0.00412592988475684,0.00105663135637128,0.00256783353964243,0.000263212392281463,0.000662569125398165,0.000326746418004575,0.000621725823147594,0.000678452631828943,0.000217830945336383,0.000234470809216246,0.000143707915326086,0.000179256715433065,0.000130093481242562,0.000171693140942219,0.000182282145229404,0.000133875268487985
mNC173,0.146947773707847,0.219715481578576,0.0291431557307494,0.0416696508971106,0.203709727652584,0.12275005266888,1.72923087610587,1.3670621482305,0.206151899666556,0.476792267713951,0.0939588955250158,0.128386393677896,5.03932522394528,4.59050229849259,0.113193727396818,0.117669345792881,0.536994207848707,2.827546466868,2.16776147924119,0.338487368399801,0.0635182904574812,0.366315620318382,0.226623090211303,0.337891007157557,1.82437958503614,0.0500943443485231,0.0126399492563492,1.54756760540132,0.0109163198123015,0.0266588020679364,0.0779865960101746,0.355144756073416,0.350445138576607,0.0354849484531524,1.91671812342979,0.00359562192884869,0.0373220319871879,0.0499721630208437,0.00565525002401445,0.281399597581252,0.00240580852359051,2.66309039981163,0.0209977338854611,0.521776814394171,0.991152384610063,0.506649602395778,1.9946509014742,16.7484476716864,0.0256289880203536,7.73804457163197,3.27892356388504,0.0339562273175456,0.312283837231432,0.0774236891790805,0.190573780387442,0.204260998166756,0.0916563593141066,0.0352216767827958,2.17898616145192,0.00769306002495175,0.00377162122229153,0.018063927481542,0.384663183024894,0.61345353726289,0.0174792025562196,0.00396798407034759,0.00376289398460015,0.217952579564917,0.503938340552989,0.00497598002370201,0.00466907216488847,0.00174981115712176,0.00279707968008739,0.00272871631817158,0.00170617496866485,0.00281889777431584,0.000792724090300379,0.000430543726108096,0.019012287310672,0.0013163583517832,0.00232726338436809,0.00280580691777877,0.00152144843753064,0.000331635032272452,0.00287998843815551,0.000453816359951777,0.000181817451903757,0.00159562995790737,0.000493088929562988,0.000143999421907775,0.0010356322060438,0.000952723447975685,0.000625452034548923,7.27269807615027e-05,0.000306907858813541,0.000455270899567007,0.000191999229210367
mNC178,0.0383317730011971,0.203879248763731,0.0511878497446588,0.226057394749203,0.193799831005046,0.415049262094093,0.170355439422691,0.241557337468296,0.991975772523759,0.922032409513216,9.59261914865596,0.0489620675655628,0.692880509286378,0.385910192242126,0.0794984625653766,22.7919341217823,0.74678847389579,1.08403731048339,0.424445866767043,0.335538805321439,0.0626945781693845,0.321186879584636,0.453841955346389,0.594623106538752,1.58676080086076,0.382297365664279,0.0265354701436251,0.0139655409166446,0.0153662929808563,0.0343154270213658,0.0199120975390868,0.342282119998754,0.0558998597465939,0.359495520900369,1.05587662525364,0.0188737418804786,0.0339153345357469,0.0178610880946081,0.00658139287906655,0.435833509848084,0.00602451896974694,0.122215831784738,0.0524660895488201,1.20614091075717,0.363054373545467,0.745033892716888,0.773036939793843,7.35081099517891,0.0019807576589953,2.85256689572061,0.422184101966114,0.0305046960234371,0.293544515455102,0.0391636569488114,0.146620616678398,0.0814826471407369,0.0400349504346238,0.23071628754748,0.00726763288116657,0.00229346377730554,0.00287004245572416,0.121267432680712,0.00299426817395699,0.244734945667783,0.0118202912721272,0.00408402757804091,0.0052423253094257,0.00199446532445547,0.00146415001696495,0.0533168215364422,2.50248340061684,0.00266528420291279,0.0110432379863535,0.00305509593943652,0.00205872000630004,0.0104726564115737,0.00103578547133448,0.0271703064002495,0.263226586373559,0.210728797848363,0.00394695092343916,0.522221787765381,0.237913668643163,5.74008491144831e-05,0.00520891287486653,0.000282720600116111,0.00206129019357383,0.000661394858453447,0.00916357436012703,0.000729076456663061,0.0376241147718155,0.00379359641610345,0.000290431161937459,5.8257578205744e-05,0.00152412105335322,0.000490049040201259,0.000307565743762678
mNC183,0.184812762811698,0.17533155346984,3.83639087813064,0.709265707333669,0.274270054611937,0.549393375143821,2.74773000791511,0.0959563625043777,0.143308328979302,0.240390933824696,0.102918119658064,0.134431444796038,0.496606774323645,0.386091669362237,0.0901457417678423,1.51207648545227,0.150028871119402,2.32729309765041,0.382483745155463,0.420538203402079,0.0764806108024255,0.417621304412163,1.80146497002607,1.14523480427393,2.56574486878581,0.157899691260234,0.230525153927369,0.0147012395824944,0.0411155711948345,0.0459063932262429,0.0460257131084084,0.443213273095621,0.127651671923065,0.573215289172421,3.097053985242,0.0448410984509378,0.0346413945668318,0.0472592575017311,0.00539858085567601,0.15369602605905,0.00406803540706767,0.357899557347273,0.445834876837588,0.257136921315954,0.251684260225916,0.656795862171904,0.847987517389156,5.4147096417624,0.0151613507827874,2.11206320746711,0.537790160415538,0.0385858180096417,0.212791129138466,0.0573885712395236,0.0860373607891072,0.104410047393342,0.588336294383541,4.41236683450482,1.42528715188059,0.021855282013915,0.00125586322020258,1.88001779806265,0.0040774779876707,0.365125706757844,0.0021614925416747,0.00374698766656476,0.00150823764722893,1.02254821291522,1.25324848379196,0.23776246275138,0.101734363417012,0.0135483863325067,0.00312463576318344,0.0250116791845813,0.00170739025631095,0.00308514860793442,0.00588444454852267,0.00214260738046865,0.0879301689918048,0.0701017183968716,0.00310060010346665,0.00851119878900105,0.0325348406759384,9.70010552856399e-05,0.0123131251063471,0.00075283119898678,0.000776866858703576,0.000777725275122033,0.0109353667547236,0.000486722109265113,1.27248387889674,0.000266967506140124,0.000896186740869098,0.000249799177770984,0.000891894658776812,0.000187993195642081,0.000570846918273898
mNC185,0.325476546335488,0.174200310892591,2.57217564090242,0.970827649075332,0.289222715126969,1.89330418001272,0.32494180387739,1.69222238903496,3.37419697049848,0.707766956473796,0.817746948879056,1.31377296645127,5.97830115999842,5.59628316582933,0.0692844615048761,0.228176702377839,0.516895719601606,3.94264139739241,2.46037333312471,0.234675879945491,0.132720904981062,0.336632407137665,0.811464307081809,0.815677829295182,1.42666338587811,0.358581683563597,0.0216512486989227,0.0190877445783168,0.0203427207100213,0.0296056397773634,0.259909670279508,0.323861453366981,0.288808270319096,0.672410312901794,0.864500048553684,0.0306945275403697,0.0310903456153043,0.0355382542181479,0.0110704882762101,0.376367885177864,0.00289180028863985,0.0639230668741933,0.666688025320436,4.26863405945306,1.85219808487383,0.314275670928712,0.58390616746029,3.90561145231147,0.00544211047341456,0.485817791808261,0.145820931033652,0.038104086680371,0.322303792825032,0.0210660588391174,0.0560408543858878,3.12247607768689,0.225921315464584,0.106133572053543,0.962198815041757,0.0306611546438556,0.0017920469314196,0.0684027961458061,0.00288171080829838,0.511919277451644,0.00133802031605344,0.00318517133241491,0.00104387315840596,0.0333853143360526,0.448283372710247,0.00883062364040372,0.00807313650092103,0.0131613390485117,0.00156619779454515,0.00184094210538211,0.00110285781270994,0.0013628559599709,0.00564390008024397,0.000848292462555921,0.00122393157680758,0.000882441472942435,0.00307108259316906,0.00881354913521046,0.000190924012615514,0.000195580695850038,0.00032519171254431,0.000674442955133664,0.000132715472183955,0.00104775372776806,9.08053230732321e-05,0.000338385648375463,0.000368654089399874,0.000116417080863118,0.00017773007678436,0.000416773149489963,0.00015755111610142,0.000232834161726236,0.000284833791178429
mNC199,0.0979816262869921,0.224723368785682,0.0364118015506403,0.0626927164656948,0.304481829664369,1.18796420281938,0.438405659484809,0.540167549810193,0.692375316547046,0.210314996681738,0.484036775049429,0.357250835090297,1.7628875305843,1.35753604682721,0.0458631522319372,0.157438259945982,1.02731748347947,10.1345522624611,1.0591009822195,0.802955981401156,0.0769823078947023,0.741387537835443,0.936687828502804,1.12215556539256,3.8390190373655,0.346977687878915,0.0163834461174257,0.0117233763821202,0.0264894716815131,0.0698457992040314,0.0337530480709535,0.559202843554111,0.0869198306408563,0.297969610102435,2.80706496405158,0.00732711023882512,0.0364173262331955,0.0290708796054272,0.00712407815492177,2.8655934510413,0.0076724028985247,0.128093908554073,0.102068510207196,0.654969072136471,0.104399926245488,0.61454635105076,1.59662773376831,12.149886018893,0.00402887475337472,1.75444443446932,0.476929270942173,0.0641374209538779,1.27528042943357,0.029674451174582,0.129339724470269,0.0457885690174421,0.362555911513922,0.00351369810510294,0.452428684980529,0.0109264409235336,0.00485895830729251,0.000765168533894273,0.0257353525127292,0.215225058302666,0.00202203381520075,0.00399987016995995,0.00400263251123755,0.108274109887317,0.00411588850361901,0.000476503870385423,0.000640863176402423,0.0122357906891144,0.000894998573941315,0.00184662514407336,0.00352474747021333,0.00139498234518631,0.0050385104903363,0.000519320160188171,0.00251787407452935,0.000725114585369121,0.00144608565882185,0.000524844842743364,0.000642244347041222,0.00107731309826269,0.000353579683532372,0.000964057105881232,0.000127067698769446,0.000972344129714022,0.000154691111545412,0.000319050417562413,0.00035496085417117,0.00159387091717327,0.000316288076284817,0.000151928770267816,0.000392252461418725,0.000349436171615977,0.000900523256496509
mNC201,0.0862003579334392,1.19189713426627,0.0417645166340298,0.0960874679937401,0.252193504501603,1.16593895798524,0.263103419050901,4.04059214202976,0.0878599083543112,0.839541990556426,1.34515536219693,0.62989013355059,2.30526594701608,1.6465196911323,0.0853821143422419,0.194124281013568,0.425477642677115,4.53499377152176,2.93370610479109,0.423363846733189,0.134595054254965,0.432878936729354,1.09521603856911,0.450912383719664,1.88527635234708,0.216767367450856,0.71913784721154,0.0217045129062083,0.0242123894032481,0.0610072795201531,0.0677718276405172,0.606327525822705,0.478646429363457,0.600261894103155,1.19801290346077,0.0547842161292578,0.0542367149027949,0.0668563173479153,0.020765939375129,0.44004959839682,0.0055411937315642,2.44506126017294,0.312094751324341,0.497077967904877,1.23799453148555,0.421191891318319,8.38022123140767,0.731604028983311,0.0139402235353249,2.76405492805052,0.911816163447527,0.305748349745067,0.287206508758756,0.0411398036961427,0.0874658278011978,2.04291459008944,0.10164370296779,0.149270293173069,0.459981250188768,0.0173385415874912,0.00397088801610464,0.0790808364904233,0.00890341280176593,0.223987163843773,0.0127529681284896,0.00397590176359972,0.00185408382368118,0.0198002916075763,0.709608718722388,0.0120861397116437,0.13555869652352,0.0116278831905933,0.00458457070950263,0.0147725056195085,0.00218499115835657,0.00962438969155867,0.00497965401211506,0.00439404830468953,0.00312757568743191,0.00505786847303833,0.00170066315033168,0.00897962176369117,0.000923532288594033,1.59071768426154,0.000682872408830116,0.000709946645303557,0.000849328825666825,0.00200549899803265,0.00027274786373244,0.000776128112238634,0.000381044809626203,0.000172472913830808,0.000336923831669485,0.000438201531070133,0.00028076985972457,0.000330907334675386,0.000404108048103578
mNC210,0.0596879057400972,0.225001956246897,0.0403113654620391,0.0591482330530203,0.233451856039322,0.616621594851806,0.593435380945627,0.828745458438576,0.173914717693541,0.861764583287872,0.544757224219479,0.171784795281959,4.73382874256029,4.23210095887637,0.132504295219222,4.16612717156192,6.72398498488874,11.638284429434,2.2750251072995,0.211616688465252,0.134040737499113,0.274970426149847,0.0711393019974687,0.222228475487843,1.23977520038105,0.0586533111119597,0.0116485126386336,0.00700455724549526,0.20894602787264,0.287237990775039,0.0535906165953837,0.0675912071347521,0.071693358852908,0.51995039401114,0.32606831964273,0.010536136951944,0.120097150886218,0.0288418558074705,0.0496104639348197,1.14057504964349,0.00403609109308428,0.0655997989370291,0.0424743181861576,2.04574199635038,0.275644883821949,0.656391156638863,15.2917598405612,1.70097798706541,0.00948822364939691,1.32296150975549,0.644044745461166,0.0193371170018057,1.10057747215055,0.048464525188618,0.0479424331517618,0.00555921469856579,0.00438397486866295,0.0250412388779479,0.000673924925125609,0.00539619412379233,0.00122798178056484,0.00372230312399417,0.0197105726322508,2.02443851025875e-05,1.01221925512937e-05,0.00221782566268609,0.00138088016278702,0.000155562117104093,0.000664868226527083,0.000776745091567698,0.000674457672101993,0.00796030532112794,0.000975459713758885,0.00228868101054515,0.000916857546356659,0.00107295241043714,0.00263816302705298,4.9012721827317e-05,0.00013318674409597,0.000145972671529183,0.00249378859645295,3.35630595121845e-05,0.000156094864080477,0.00158492225474205,0.000108147636205928,0.000393167268571304,4.95454688037009e-05,0.000526354012667274,2.87683367247296e-05,0.000127326527355748,5.22092036856203e-05,1.81133971970519e-05,0.000104951154347625,9.00342390088758e-05,4.31525050870943e-05,5.22092036856203e-05,5.16764567092364e-05
mNC304,0.0502684005312661,0.22094325682278,1.92815345073766,0.535070520451057,0.181299259300429,0.216053642900173,0.209015492657885,2.06100097677445,0.186771079483901,0.759965200831303,1.2089380948236,0.248463124754974,1.25481296250661,0.504245742028195,0.100684936383344,8.62025384192974,2.27342817515428,8.52740859419121,2.68473795091416,0.214458604445851,0.0444405962435179,0.212793517506494,0.904952933159736,0.194014781838012,1.16375337696856,0.15417671556204,0.012728154231606,0.00421324412448236,0.021865462353303,0.0521677479779529,0.0337381063988257,0.252200957849874,0.230804016511232,0.336912542973597,1.43081724533988,0.01316681851494,0.0729170279139768,0.0419027740807744,0.00495277239272075,0.0644526445829439,0.00242528525235943,0.0605322260926243,0.0629735880464672,2.35825574219585,1.6837072046819,0.585129923863038,4.82968686949186,13.1280495493126,0.00827146291323151,1.40319862052715,0.205920727622322,0.025530950291528,0.125591191988658,0.0154026283569588,0.0560663480876879,1.132537016031,0.0222834565918725,0.375896247399306,4.77459890352303,0.0160307680506333,0.0102247821434699,0.134245050730032,0.00478741203460533,1.01167581928593,0.0171905872290817,0.00197858261828376,0.0024321752672809,0.159167383036829,0.00103924391732258,0.0236189711508185,0.0182183477882019,0.0109953154788549,0.000847471835341505,0.000845175163701013,0.000848620171161751,0.000653403081719941,0.00437056613185605,0.000711968208552484,0.0101558819942551,0.0139063467831784,0.000415697566929031,0.00594608287723348,0.00395831357238776,0.000416845902749277,0.000112536910384102,0.000497229410166493,0.00023196383568968,0.000910630305455032,0.000577612917583709,0.00016421202229517,0.000546607850437068,0.000150431992452218,0.000822208447296094,0.000145838649171235,0.000196365425262056,0.000602876305629119,0.000233112171509926
mNC308,0.0700772543661319,0.544863222640261,0.080769313584288,0.322541129942151,0.127160012585303,1.69617297308827,0.359607611424689,1.49405842312717,0.300645519853309,1.12319219940744,1.70397140955826,0.100739222805677,2.8006645740041,2.33838479398203,0.462972394781023,5.1581382944179,2.12073133047499,4.09453269905277,2.69943704330352,0.276209839320041,0.0496016494316198,0.381852426862707,0.0848699407136256,0.176397966819232,1.86785739218604,0.459610749925877,0.0141029695582483,0.00705365825640117,0.0860986798675755,0.0158794249860108,0.0328224048529169,0.0978687838151406,0.313621179197203,0.0143014804828841,2.0569020987879,0.00484250737323187,0.0461487185308383,0.0323978522914696,0.00569885742038328,0.388698880285364,0.00234155951979135,1.16090492813368,0.0698570086687258,3.87360163181196,1.39160360225748,1.32806561652552,3.15839864801599,23.143445414147,0.00706814810491473,4.19036855712146,0.495341267375466,0.232720007991441,0.127187543297479,0.0294230863916356,0.0615383866370908,0.0572421465528201,0.0679284098315709,0.154237192502593,0.00606834855747907,0.00566553076880209,0.00123888204790941,0.0991178087570095,0.00441795481178455,0.697599266836849,0.0158229145768079,0.000663635061921064,0.00058828784965055,0.00705800521095524,0.000385429970460705,0.0259542166574893,0.00434405658436539,0.00548006070782852,0.00206770138288506,0.00147361759382909,0.000875186850219044,0.00210827295872303,0.00214304859515557,0.00109253457792245,0.00866637839596044,0.000681022880137336,0.00110992239613872,0.00103022822931414,0.000407164743231046,0.00153882191214011,0.000637553334596655,0.000366593167393077,0.000228939606514253,0.00106500386574668,0.000133306606324755,0.000156490363946452,0.000408613728082402,0.000966472895854475,0.000152143409392384,4.3469545540681e-05,0.000327470576406464,0.000113020818405771,0.000220245697406117
mNC312,0.0233170444655714,0.0800303802834084,0.0728196833250642,0.0817654695992199,0.131728177467098,0.174628629445577,0.356768770201134,0.0486208399267547,0.115027082630655,0.119712315310064,0.486405009954891,0.0292664838646033,0.598776865252964,0.0493207739736996,0.0260941704243065,0.513785997327864,0.72218152927135,0.275254962281714,0.100725621233246,0.107956962313762,0.0342672766972,0.147370523752193,0.342687512773551,0.497182224781657,0.445866835384851,0.084120865633602,0.0114250470415646,0.559757508242657,0.0101293826119671,0.0229248061443199,0.0607438549083907,0.46749106183239,0.0783237995172618,0.0626018259037923,1.32972428201955,0.0058914392462654,0.0273691907317329,0.0265149172952228,0.00584523573473955,0.105554379714417,0.00325488992898127,0.224416353801718,0.119387907675947,0.287493977568883,0.190502976341738,1.88157509147067,0.433984668495212,2.12514427538001,39.6745935835906,1.20472412227337,0.834030400141088,0.0202086294986614,0.154330542084174,0.0113228094841457,0.0559514694043787,0.0113935893315895,0.0909059004538463,0.763297739262181,0.104100443681508,0.00488479252706371,0.00386831527349481,0.269826541204144,0.00139790198701642,0.153818371243642,0.114128571789492,0.00202607313308076,0.00150603786505566,0.214337106915024,0.330988193823141,0.0490818919885765,0.0106425365059351,0.000580984581101761,0.00479041939713855,0.00062718809262762,0.000900476948035894,0.00461052061821871,0.000918171909896861,0.000446306260271065,0.0246746412616822,0.0144528516266634,0.00029000076383252,0.000855256489946755,0.00546774321503891,0.000220203969825371,0.00239963343903452,0.00050627251991101,0.000278204122591875,0.000294916031016122,0.00124356259745132,0.000163186870495588,0.000155322443001824,0.000233966717939457,0.000207424275148006,0.00157780076593626,5.50509924563428e-05,0.000252644733237145,0.00021725480951521
mNC317,0.467661403262186,0.163172912448902,2.11735032458596,0.778158678901266,0.302215743074971,0.556539347116508,1.99555864765833,0.131824262766441,1.03539515859708,1.17452314385417,0.144401699647284,0.142587025096538,2.49951354193543,1.98701186331253,0.360954820280662,0.307534481752831,0.902939577014436,12.884320468002,0.907025041725769,0.22541703257057,0.0686424629146688,0.325586284740642,0.609728691472831,0.723080272040661,1.19992369362029,0.182564677389233,0.149132186218888,0.0134759650564546,0.0173637144175991,0.0421975454324426,0.0919415529933908,0.698233716770608,0.195346681142301,0.683927738758904,1.08905921555162,0.00837451750603032,0.0421153271680075,0.0455645791188316,0.0109790746686702,0.243182050421721,0.00857516922280641,0.807422508306981,1.02396975620718,1.01180634701511,0.429780316712585,0.744244623610658,4.80497240402682,8.32694738853259,0.0106746713324879,1.48880050207953,2.89343984383228,0.0382217050736891,0.414002240251948,0.0303287516879214,0.136604667570024,0.263162067468308,0.0585188497116684,0.0437685015564701,0.181306933701149,0.014187544559363,0.00210145968740616,0.0163115163906025,0.00417453449780497,0.145300227822896,0.439984190602296,0.0042459860847545,0.00280814524600292,0.00932883664679464,0.421305962742598,0.00346197620603427,0.00497812015377165,0.00632591241718957,0.00173441386403526,0.00100521616160509,0.00201924142297108,0.00143979841647623,0.00271907545953158,0.000569655117871627,0.00246752672191473,0.00196149288009406,0.000655788537755997,0.000465903498465455,0.00058727331739343,0.00393179485994902,0.00014779711821068,0.000412070111037724,0.000150733484797647,0.000490373220023514,7.04727980872116e-05,0.000229036593783438,0.000239803271268984,0.000349427623849091,0.000156606217971582,9.20061530583041e-05,0.000132136496413522,0.000173245628631062,0.000212397183123957
mNC318,0.0339452376284944,0.146403626007708,1.06796840461637,1.20419026954132,0.154732512161059,0.728146875650098,2.19567812591153,0.303739602000138,0.606588970651431,6.17793174756117,0.188700377361965,0.106536429428293,0.838166011723436,0.276027937319762,0.195635405054816,2.83248395676023,1.45565436075408,5.8517371892027,0.864891114246704,0.44243821635096,0.0566620273247203,0.329934572826926,0.472842562148212,0.246740747097532,2.49072292158733,0.190268791381062,0.0171167887756069,0.0170728266349232,0.0453779802145283,0.0272701037673318,0.0272448901866455,0.274050287491066,0.0412979056578409,0.0234706111085373,0.896333742366572,0.00984881251728342,0.203667546758553,0.0266526942915535,0.0232139497871929,0.0625814002673648,0.00843361948851006,0.11109491551595,0.501014536301628,2.18525457305501,1.53945525192615,9.97632212032818,0.848218472392416,4.42545729645015,0.0326289594162593,3.39182590971601,0.414537773066473,0.029198619438794,0.195806081601,0.0222196296052589,0.134539020039663,0.0577681923645701,0.01842272295474,0.00853318080711723,0.439226394072776,0.00560258692889446,0.00778582441549457,0.00476472024762891,0.00313100951957487,0.104958964380232,0.00960378823317876,0.00407167002979198,0.00451129143662884,0.00543384988891737,0.127975731036417,0.0014662666922147,0.000931609481252817,0.00231059839416903,0.000594135401298639,0.0012283539308677,0.00432251283251654,0.000427984369597061,0.00105638438054622,0.00048552305372718,0.0126468734713863,0.00015128148411739,0.000551466264752708,9.56823061939049e-05,0.000112491359984726,0.000524959679928721,0.000364627166847043,0.000241791773760273,6.46502068877736e-05,0.000985269152969669,0.000208820168247509,0.000296097947546003,0.000280581897892937,0.000306441980648047,0.000280581897892937,0.000193304118594443,8.85707834362498e-05,0.000443500419250127,0.000120249384811259
mNC323,0.261604116637611,0.175973404662531,4.81877991875183,0.467587913944433,0.237694292392528,0.176430008480882,0.200212666428891,0.0742156165162904,0.130809739504535,0.307145866826504,0.0429489232727211,0.0202749164649715,0.603083176743828,0.137564062155813,0.06386735240879,0.191267498914606,0.345550942007816,0.554134393951459,0.194116365355087,0.249124750222776,0.0562894359543161,0.394877809831081,0.667193766700711,1.12522116480744,0.846154299146851,0.186733892404169,0.108282528690722,0.0365556163507182,0.0162678979095312,0.03495110199838,0.0627689428495031,1.65092066265419,0.187408983283265,0.171488445661713,1.79918205613564,0.0277068903905891,0.064831767950355,0.0307546141949507,0.00565932695231631,0.091296013182963,0.00479135296490782,0.0910339994030865,0.490865320564472,0.539418095559242,0.741434133704352,0.442804994921456,0.160737346035966,0.25434368919328,5.14498963509332,5.9510950853128,0.750513295236359,0.0548026997831601,0.353947331474999,0.0859106485216577,0.631906399460405,0.49699832063676,0.352970967422299,0.560408215762117,0.296206151417849,0.0158112940911796,0.0319895781672025,0.111337080215732,0.00436462042439234,0.330506913024483,0.0144406291710439,0.00550826363297383,0.00119655804360541,0.00323548612218838,1.27580995756486,0.0238372797131948,0.021500492321332,0.00166254997784831,0.010558216517434,0.00754633824647576,0.00207733400722936,0.0081702212207094,0.00611166344526272,0.00210123102949823,0.00817960933660074,0.00527441420077134,0.00603058426256478,0.000914914566865191,0.00580441601609157,0.000377231565815685,0.00105402937507324,0.00197491819750565,0.00101733037658891,0.000921742287513439,0.00112828083712293,0.00135956987408232,0.00301187827095826,0.00148673617115594,0.00100452840037344,0.00550570323773074,0.000451483027865379,0.000969536332051173,0.000250065268742072
mNC326,1.53521147787621,0.238909413491474,4.04343286719753,0.731519183223065,0.240745201926358,0.708787170908764,0.225749659855963,0.842306446098757,0.133675293850871,0.623375829390997,2.40780703178534,0.321742243009098,5.41629805311694,5.04898247899227,0.131346224859438,6.20345143547351,1.51909764636227,2.75091542314344,2.58865227885621,0.445760262024653,0.123741482945974,0.491726909644586,0.303067650121109,0.81769567014957,3.01765314712341,0.287397584259373,0.065422268055792,0.00864268641786928,0.196214486532591,0.0317371852017552,0.0269080806623577,0.219786383733894,0.149273422964777,0.632219378156704,2.01295369689393,0.11296405018016,0.125658550563471,0.0369278419672597,0.0109549390266928,0.0822237027697647,0.00457125333938325,0.0595888517772086,0.906863604693632,1.87537793652111,0.209857244046389,0.40011405991778,9.83246790934378,0.709792416891429,0.00875292714831016,0.307087699808288,0.14789354534731,0.351318523045516,0.148027142164708,0.0313541453756471,0.0704400897778087,0.555602070500292,0.486842684739968,0.287752596781131,1.63459910182953,0.0173591780705253,0.00337261895670826,0.172787397070426,0.0071759241569186,1.70464774358993,0.000110240730440879,0.00259906535666548,0.00213287786098752,0.0219173520012121,0.0355199370454427,0.0326957190105039,0.0199890734619751,0.00734221949605823,0.00757951733954962,0.0018105638609697,0.00131354633050743,0.00680596373950683,0.0053429384524694,0.00552605017421866,0.00568860853944504,0.00755802973954843,0.00141818160007843,0.00343988448714676,0.00615012481773143,0.000328853704366013,0.016007327757407,0.000631548591339275,0.00114631674788948,0.000525979078289958,0.000759539947868093,0.000722170208735591,0.000258785443492573,0.000144807739138443,0.000169098069574569,0.000160689878269756,6.81997739168152e-05,0.000269996365232323,0.000533453026116459
mNC370,0.0461332230589026,0.764418154316027,0.788389640498941,0.0479756056609033,0.225161344605135,1.03672901602672,0.779994492245695,0.198061723994229,0.285707295529283,0.295113143550024,0.982755410730857,0.120923141093762,1.60219968548217,1.16820203522859,0.0477947239681967,1.94067595152908,0.620927691107476,4.74124575496774,4.25026477723245,0.384973117250944,0.143240585406256,0.467572648987402,0.416245137732272,1.18862301890725,1.89187891921212,0.698227575723603,0.0527680381377674,0.0459542061259147,0.0220806198282288,0.0228871284065337,0.208460556565137,0.543790040586868,0.0876120058601193,0.779058382866946,0.434807888351316,0.0929396243762285,0.131886995859413,0.0423384370315024,0.0259015124916897,2.75825747304322,0.00295284701444137,2.00354632544249,0.0832400766998049,0.606363917705021,0.325779117122798,0.420509843208765,12.3496211143908,0.953130905460934,0.010489273417261,2.9006999412899,15.7411360698011,0.0674343733247465,0.861194521813325,0.0654381480459593,0.180344641907581,0.274346246943566,0.0681495086768389,0.051601630933768,0.574548319765715,0.00925946438282831,0.00259108362902828,0.0304888213995052,0.00544882789781982,0.00250530468197157,9.23056060718963e-05,0.00258269221029447,0.0025388703569068,0.0031169458696803,0.000590196450944549,0.00986644367124048,0.00196079484413331,0.00852381667383107,0.000269457779341192,0.000991119790448745,0.00167921612662106,0.000230297825250085,0.00348803305368651,0.00908697410885557,0.000876437067753359,0.000434489014439431,0.000288105376527434,0.000278781577934313,0.00116454244428079,0.000148248397630621,0.000234959724546645,0.000202326429470722,0.00059952024953767,0.00144052688263717,0.000324468191040605,0.000349642447242031,0.000659192560533644,0.00073378294927861,8.29818074787755e-05,0.000123074141429195,0.000221906406516276,0.000206055948907971,0.000152910296927182
mNCF004,0.0567173427939474,0.193882924555023,1.6283666427193,1.01658222669453,0.150642690595255,0.225182569421319,0.877630565969897,1.20310497577554,7.25965137960983,0.631802891057981,0.678374831722854,0.235615784376751,2.69896022515998,1.50019339018171,0.117174430730366,0.51398543546873,1.27631417567975,13.982320532445,2.52149629370854,0.142640401062437,0.0450481721253314,0.239741708754587,0.418198412296938,0.233158445751718,1.12063020662283,0.376654088092475,0.0300837267549474,0.0095269688724417,0.0205713306838402,0.0232654773305594,0.0259332107748597,0.195291932284054,0.149952304132032,0.160613219108316,1.51023040710086,0.00448113641036455,0.0159508418607143,0.0251663171046307,0.00307030708116644,0.0378537622664961,0.0116801002696169,0.188358011249073,0.591489968566285,1.77401268405698,0.693482272706333,0.897985126233886,2.49708594067314,20.0119537046147,0.0121254815104031,2.74837386208508,0.104628159581428,0.0184027156852471,0.145522172526339,0.0104614497580177,0.0410570461598401,1.03029250035007,0.0372936202152006,0.00929926885158984,0.00191541257540582,0.00307577188166689,0.00530085648543123,0.00581454773247302,0.0031267766863377,0.0744324044162219,0.0130007603905576,0.00149189053662137,0.00173234175864093,0.000718621265808461,0.202201261716783,0.00169682055538804,0.000335174430693934,0.000863438479070242,0.00139079172736314,0.00177970336297811,0.000724996866392313,0.0010419552954181,0.00105743889683602,0.0014472613325344,0.000133887612260892,0.000121136411093188,0.00047452684345527,6.10236055882977e-05,0.000114760810509336,0.00121865051159914,0.000336996030860749,0.000424432838867862,0.000336085230777341,0.000212216419433931,2.5502402335408e-05,0.000237718821769339,0.000147549613512003,0.00015574681426267,0.000120225611009781,5.1004804670816e-05,0.000147549613512003,0.000345193231611415,7.37748067560017e-05
mNCF005,0.153319246875138,0.0983411275394439,0.360245598642013,0.362725748366474,0.220757532794589,0.262417226103279,0.392102428643154,0.171415317136217,0.149580316633915,1.38739179466561,0.294696583830326,0.0637037570087062,1.61725788088481,1.00494368442637,0.0973123165401669,4.59016406069391,1.06583609159213,0.670630724961849,0.888627523213992,0.188711445582885,0.0453755165649024,0.243001857031362,0.459829001708927,0.43795658989756,1.1467457497727,0.129249470822535,0.0233688641739511,0.0128617879898915,0.0125217852104513,0.0362130468419298,0.0325467385535974,1.53428619937521,0.155130394366913,0.361757455661272,3.07158510946274,0.00784647190999367,0.0275369241367973,0.031185627103217,0.0102099863767818,0.293181425813209,0.00728200127616577,0.194340747264491,0.195945032223791,0.839478966096661,3.26857435734248,14.2020272308116,1.07995996109664,8.12939163379698,0.0129718212518462,2.3809492371449,0.950724794598159,0.0275413254672755,0.172981090453833,0.0240620737242661,0.0855497608372035,0.453587915090853,0.0652959383091915,0.150281228512567,2.64220561233455,0.0125382901997445,0.0546744275326988,0.0286229524322908,0.00189587310348045,0.850930127668293,0.0078794818885801,0.00162078994859356,0.00281685150604176,0.0172609178028426,0.613618090612611,0.00645014981578782,0.00407233102494553,0.0087146343468167,0.00157127498071392,0.00543124181008677,0.0016725055817123,0.000947386385430452,0.00782776625546136,0.000574373627403828,0.000475343691644547,0.0020081070306743,0.000807644142747911,0.000228869184865893,9.24279400419953e-05,0.00209393297499901,0.000313594796571055,0.00164499726622361,0.00017605321912761,0.000430230054243097,9.13276074224477e-05,0.000367511094928886,0.000202461201996752,7.15216202705916e-05,0.000322397457527436,0.000211263862953132,0.000111133594574304,0.00150415469092152,0.000260778830832773
mNCF006,0.0243356675224329,0.208361384446391,1.39473058409111,0.82008315323337,0.186717662368415,0.868123563564691,0.122634939654034,0.245718136295025,1.17395620656624,0.831600834099296,3.94542700720225,0.120177337674608,0.832666796424847,0.365173215392794,0.175347798149662,19.2421293884539,0.379594351702384,2.48565108954809,1.30167579853076,0.219162815542274,0.094370714248597,0.247360944072959,0.231776502767728,0.409696070225935,1.15971533446052,0.226682236366366,0.058088337055028,0.00878607729661763,0.0109095896182047,0.0197617637895747,0.0312614182351135,0.433299865080656,0.169287315615557,0.500828037611669,0.969685617786337,0.0145112684115248,0.0914191883505676,0.0356117943551731,0.0100286985419606,0.0533954589476157,0.00384082930378744,0.0684703534365736,0.365840192947113,1.66448755285286,1.40589014007202,14.5908658733856,1.82489865906987,10.2053766899348,0.0283219099506754,0.244993474195468,0.196757176762608,0.0316183413587758,0.145356641671152,0.0288975536416998,0.0647040333370524,0.120192960572277,0.0774222738007515,0.0736186990990972,0.606459255795338,0.00500533606078682,0.00148056999445123,0.0422383064894296,0.00558939208132521,0.2293777870949,0.0106788514372513,0.0023266099912805,0.00289864839822756,0.00367738975894542,0.118349458647368,0.0151878600567164,0.00562063787666265,0.00423861231366029,0.000675389883832459,0.00230738180953438,0.000927759769250282,0.000483108066371261,0.00177740505015695,0.000523967952581765,0.000618907099953232,0.000740284997225614,0.00212351232158711,5.28774998018296e-05,0.000176658919792476,0.000326879089684037,7.09039201888169e-05,0.000121377897272382,5.76845452383595e-05,0.000647749372572412,0.000914540394299825,0.000104553238244527,0.000127386704068044,7.81144883436118e-05,7.81144883436118e-05,6.60968747522869e-05,0.000144211363095899,8.29215337801418e-05,9.49391473714667e-05
mNCF007,0.0666243540713989,0.168218214752688,0.359121158761599,0.682915106813098,0.304256818336415,1.57426852017401,0.615257931287519,0.362613687256514,0.378265207047879,0.484450258817588,0.486018653718512,0.113679149209839,0.746563834468458,0.374836554285145,0.0725657798677568,4.87640016341967,0.883287382441874,4.0403867190128,0.852998492945456,0.278406800874756,0.0669162170322851,0.364695053422026,1.18599545994881,0.56541815422601,1.20987613945216,0.0548554960930359,0.0184856368930349,0.018510204482335,0.0169830831314353,0.0542992858712796,0.0480846684819036,0.60322177793757,0.177380942858087,0.263046161340705,2.70645211522325,0.00661949126104316,0.0309443527789471,0.0353016604172288,0.00605050589285076,1.72351367706195,0.0055768427711431,4.47763182904543,0.373896106966733,0.718583315662685,1.30105432497374,0.281345084555058,1.94802999675138,12.5654257013894,0.024451630278693,3.55050014403486,0.559790210869122,0.0396864837555267,0.713001559373682,0.0319928974902792,0.155726086945327,0.0403891168095121,0.14521312413199,1.18361633460097,0.125849932949153,0.00570754234622011,0.0068445303790329,0.279762931804126,0.00288620039098631,0.175329057799735,1.28587352019337,0.00488305404930574,0.00771815385454765,0.366004997283512,0.487535948033692,0.037911721104481,0.104484974590136,0.00138757744367472,0.029629495399601,0.00201945584047561,0.00251670384791145,0.0289602742670638,0.00252063466219948,0.00211870890124837,0.00430031083110523,0.010228961481027,0.00168042310813299,0.00591096198562568,0.0333588554553698,0.00146324561871931,0.000504126932439896,0.00105542363633616,0.00200274987975148,0.00129520330790601,0.00187794652610651,0.000651532468241035,0.000302672700178339,0.002587458505096,0.000276139703734134,0.000425510646679288,0.000835298036206455,0.000210298564409625,0.000312499735898415
mNCF008,0.0199674336359692,0.0823815720525948,1.8354052494814,0.373187605973029,0.132400629642867,0.380915134522072,0.397159466784008,0.205828896442164,0.0595238507232607,0.614897822134174,0.133072685722977,0.119941915599625,0.672387642661486,0.459655100373139,0.67229498376672,0.768147819471626,0.880585480967428,0.737145046380689,0.451361571105465,0.174626292722756,0.0364752297432641,0.165405058135195,0.346620179736375,0.286876403684573,0.666363698129467,0.0350619025050254,0.0067763794124082,0.0281437438199029,0.00553720624144063,0.0224658746779741,0.0205457144490874,0.146746012748212,0.128851682336104,0.199902076293816,1.30962965490099,0.00338484058952581,0.0191457836775619,0.0263084278801996,0.00763710239872891,0.0858177657645211,0.00295057179357411,0.0454173712743003,0.578452734441014,0.71192619779316,0.659322738499474,0.70432370293344,0.641182806197625,1.96048136094884,27.5435731801754,1.14595385734402,0.513402841198574,0.0280142446416757,0.167163344391298,0.0121360824698994,0.0758597255077367,0.314841527948301,0.190015483859502,0.00503148962301874,0.344110574972109,0.00808476766139377,0.00752769792057141,0.00308118734402745,0.00204519391820953,0.252476509909623,0.00479928419999058,0.00441190303753496,0.00404796569182737,0.00304434706056625,0.629654030218723,0.000942218158825785,0.0282285881090863,0.00239908391388224,0.00133853029909019,0.00123470768206317,0.00145463301060426,0.000581629929796486,0.000998036770130631,0.000560418857500645,0.000218808956314993,0.000935519925469204,0.000432036051499501,0.00153836092756153,0.000165223089462341,0.000123917317096756,0.000595026396509649,0.000637448541101331,0.000217692584088896,0.00059837551318794,2.2327444521938e-05,0.000262347473132772,0.00020541248960183,0.000264580217584966,0.0002523001230979,0.000164106717236245,0.00014066290048821,0.000562651601952839,0.000122800944870659
mNCF009,0.0239751462841322,0.120591964425467,2.24287073652077,1.25781495969611,0.139419993364438,0.265543027697764,1.6591106955333,1.06496455830779,0.309029423181965,0.759840686240209,0.440937582016035,0.232648699265603,2.84461554614597,2.11146781619911,0.105894834460108,0.51469809881762,1.88718282378522,3.59026577626991,5.63912420635749,0.115161368085418,0.0279359578608115,0.179807496950089,0.198699398371453,0.490131593820101,0.632900227665928,0.867386875554085,0.0665213962409824,0.00737834821885124,0.0198184112502263,0.0253430221430108,0.0161712207387778,0.271302316138215,0.118501396546709,0.152985360355269,1.2213531019384,0.00283335461219966,0.100653702562212,0.0267360163938415,0.0163951332613225,0.213068553904751,0.00643892035984178,4.50047879243402,0.570278641192598,2.79697385096454,2.24780542403685,0.851059920785204,3.82335727690221,25.9177955410261,0.00424070222986013,0.637099305131982,0.432563110139197,0.0198019048783721,0.15732294781123,0.0139543432319175,0.0649741032967315,0.605919486367639,0.0307377350659857,0.130748406794224,0.415430931491165,0.0060355907519248,0.00601047235997268,0.0628576993576797,0.00114252799965093,0.174040314157881,0.00925576860018718,0.00176044044167319,0.00191904514514232,0.00663556148540984,0.209442175775206,0.00858187802752875,0.0730995442590731,0.00216592305461463,0.00295392289356986,0.00071264466309885,0.00165422552713278,0.00227357330583802,0.00192765716524019,0.00547078576717275,0.0206315294811337,0.0401757914249111,0.000804506210809477,0.00887899272090531,0.00198363529587636,0.0017934531853817,0.000331562773768045,0.000261231276302096,0.00277235280317307,0.000539686592799935,0.00180924188889446,0.0157829621660321,0.000399023597868037,0.000367446190842509,0.000241854231081886,0.000152145688395726,0.000330127437085067,0.00086120200978713,0.000175828743664872
mNCF021,0.0178605821989904,0.323692092179546,0.117206452729138,0.323860060037216,0.120070447048066,0.0511220139015893,0.434819437020328,0.413324296093208,0.143454040160299,0.643806563887799,0.243237386297148,0.0481953875001395,0.748565364701302,0.125519438227419,0.122025327199489,0.809356443584854,1.2058260666832,0.309709954242139,0.563136441600366,0.0707932326680136,0.0300596037264343,0.0773572647104352,0.0752960998129161,0.101271332582204,0.388405267988257,0.0775176408005276,0.0794307662302691,0.00378449613780212,0.0138170169925775,0.0222476748883232,0.0124296214676359,0.0451738640039605,0.0622951978350101,0.112363853985105,1.01568265591612,0.00396480061778768,0.0627317244707646,0.0171649864946251,0.00846956570458474,0.0255576855524791,0.00287917785408516,0.0356585323154595,0.0531490158450059,0.528809315523958,1.10745953417066,13.1504892172986,0.674685129541746,3.22172220310362,32.6682887996451,0.109748490054367,0.0843151196959831,0.02082232052549,0.3052023422425,0.0115831393826511,0.0388869314781483,0.0138701593656258,0.0339760068259101,0.0769406664645738,0.0725260536177695,0.00447155110364182,0.0272288233906611,0.0321834007064747,0.00247017137580214,0.0901266177772018,0.00308890043343679,0.000999266407498905,0.00157624074345269,0.000720268948994937,0.246299715544061,0.00400655533946854,0.043066199530024,0.00105240878054728,0.00189224806890106,0.00319613415048083,0.000590259929215877,0.00208394020025413,0.00042988383912346,0.000135702845462814,0.0054746133949299,0.00286114740608661,0.000688952907734288,0.0027871276721978,0.0270855287776199,0.000680412169208656,0.000335935715341512,0.000506750485854146,8.54073852563167e-05,0.000238191707770394,0.000494413863539344,0.000100590920412995,0.00144148686893717,0.000271405690925629,0.000797135595725622,0.000127162106937183,0.0001499374096722,0.000160376090092417,0.000114825484622381
mNCF024,0.0212028837108811,0.138800585784467,0.101100388195045,0.049741204045155,0.203743829401483,1.45448399409658,0.0461461872695723,0.094678913739939,0.457937331899026,0.131046002549806,0.0931380862857736,0.106473625195777,0.34901633560489,0.104230263509982,0.0409183533410681,0.0932619756381307,0.0856750510479771,0.23566870598432,0.246175561657572,0.30616990785199,0.0491454965604681,0.321929078583254,0.679179975931637,0.498536688704085,2.26054298759485,0.0467003510193371,0.00776125990634469,0.0101047716673983,0.0122294369677014,0.0277326686177484,0.026915889115083,0.297238004843732,0.0397313894861501,0.47845696954092,1.55868309980537,0.00586137588606666,0.0242585737848854,0.0162280214539562,0.00798900859600707,0.172984402953694,0.00732579254207167,0.14592682002843,0.0207236470544579,0.0955409462395731,0.435506682450714,12.0494598639374,0.560818165876448,5.51234322970877,0.00952019196885122,4.90804509412186,0.228323625279606,0.0359012054968118,0.266450388004389,0.247791316205079,0.145043273808926,0.0251710522483536,0.373080544058533,1.27230581423413,1.5912207464783,0.00273224242353924,0.183020182347025,0.565701780287026,0.00248668927605309,1.47905192033615,1.97636381071244,0.00230270987854081,0.00452529969687465,1.65717661863405,0.225931893111946,0.071001210391554,0.0292571753189086,0.00137465251447684,0.00508465641350473,0.014469831243859,0.00128933948740461,0.00602309971129923,0.00531240510316711,0.0014547725746838,0.0875860628543949,0.0302119393697083,0.00365436496832862,0.0050772378894115,0.0157398825686212,1.48370481864743e-05,0.0102056635950663,0.0025401026495244,0.000344961370335527,0.000665441611163371,0.00399710078143617,0.000632058252743804,0.000590514517821676,0.00181531284561513,0.000671376430437961,0.000635767514790423,0.000599416746733561,0.00044956256005017,0.000471818132329882
mNCF026,0.179178008230644,0.0710777289528045,1.13622374470385,0.392880505432212,0.240203134268802,0.486849739416972,0.549397352552606,0.632721494711809,0.156349324268245,0.284016519034279,0.0750145159783173,0.0524038580808478,1.26028796636299,0.0703977832587861,0.0354926725134934,0.0779547883906762,0.608034046161957,1.04951588728836,0.548792545784919,0.212143056533765,0.0542897219532071,0.224199774745817,0.210475218726335,0.277784915291454,0.510673706206847,0.243430412744035,0.012131857138384,0.00733282013857244,0.00817166618499741,0.0240161253555765,0.0138206353023321,0.267051134897112,0.121370306382298,0.209216333763859,1.2134604020445,0.00540507555317585,0.0191530355005313,0.0214133622188717,0.00299693455352709,0.472307277707584,0.00412155487714823,0.228727818896563,0.33267328508396,0.514725049300374,0.360718581390867,2.66250227849556,0.80133817254297,1.39106788353624,30.8177243710545,0.783612776642742,0.231483323457286,0.0216942093533576,0.64384082402323,0.00825912296810486,0.0501669352903813,0.0581464429096778,0.11102453847639,0.0131961199638042,0.0508789074120166,0.00889349259205325,0.00294396776939159,0.00186369173016296,0.00184521494499941,0.0571289879400052,0.0553416669218516,0.00282817991570004,0.00153603673992942,0.0059926373213766,0.298949456803457,0.000436052129859675,0.00690539050845575,0.00171341387749946,0.00200534708308348,0.00058017105413533,0.00183043351686858,0.00146212959927524,0.00186738708719567,0.000475469271541905,0.00020570820815414,0.000346131775397086,0.000546912840840948,0.000389244274112026,0.00012564213911211,0.0282891898710658,0.00340465561280266,0.000864713545653931,0.000333813918621389,0.000631906052593257,1.2317856775697e-05,0.000437283915537244,0.000295628562616729,0.000365840346238202,0.000176145351892468,0.000357217846495214,0.000136728210210237,0.000193390351378443,0.000238966421448522
mNCF031,0.0643937869089405,0.608804683869603,0.0540642846969223,0.20975478285677,0.383317939484905,5.43236380254529,0.208395568194596,0.275840311311492,0.0715250332059406,0.316129868312651,0.470943624503516,0.0507046165280573,3.23970446492402,2.92314857410532,0.0729539285678626,3.00499781731823,0.990733419530417,0.574615275216008,1.29222416665676,0.653701105361699,0.0971322493462627,0.624899161443054,0.791541877941782,1.24748739335016,3.30361842524229,0.105097899971891,0.0723603195687432,0.0158245751162001,0.021119426262878,0.0533851183829223,0.0731100486166652,0.46468294593628,0.136154323239346,1.0633063093351,1.83382843087567,0.00875948138225198,0.216736965378359,0.0406961747553846,0.0244984991835715,0.0905575666130731,0.0279842982393222,0.19625260372078,0.031204605008691,0.364226309788113,0.241201065229144,0.321977754886443,0.926329048211388,5.07458163443261,0.0401228525422677,0.503521556721166,10.2553628295205,0.0442357778957508,0.434678789438438,0.0880922810966705,0.155193912919871,0.0156005384359975,0.35177727945591,0.0671042779257223,3.25837448228563,0.0155070428135507,0.00270078864086754,0.0239004800135819,0.00663995326206756,2.11284406521365,0.000481590659018184,0.00385272527214547,0.00184609752623637,0.0198184258561897,0.461404424911425,0.0037892188116156,0.000994934548301303,0.00727501786736626,0.00487147474314547,0.135142630041738,0.00232327801438442,0.00424699454793508,0.00293629176533248,0.000680048348174029,0.00221478781097923,0.00170673612674027,0.0017182025710026,0.0013345177053013,0.000999344719171433,7.40908706181821e-05,0.000344875362044157,0.000843224670368835,0.000110254271753247,0.00285955479219222,0.000191401415763637,0.000485118795714288,0.000264610252207793,0.002818099186013,0.00151709877932468,0.000714447680961042,0.000770015833924679,0.000111136305927273,0.000958771147166238
mNCF033,0.356349768052991,0.143023223265178,2.77134422776311,1.59598147016702,0.309823525274686,0.301379320070398,0.398265988586346,0.32716335646942,1.10326211257301,0.736349291038833,0.0912226880537488,0.119504650441125,1.18325972763083,0.818416561082753,0.74648246589389,8.92757494290797,1.18005155341127,4.61672989483548,0.831701643321492,0.196040729755525,0.0564398162110362,0.284907605772118,0.432959155016425,0.342615837226307,0.977594475216616,0.321487479590491,0.215438641044409,0.00905510227957144,0.0384177094406446,0.052603382578261,0.110750173827547,0.269974066004445,0.518898547943309,0.225191130564132,1.49342921356499,0.0255264950530745,0.035414989553242,0.0615388776409876,0.0228018940973138,0.698727033895161,0.0024432667763542,0.59632943071061,0.814132886485916,4.30270468378196,2.32330588225527,0.338524112921019,1.77756419529927,3.93903540419275,0.0381919990475664,2.38272848381757,0.787038315098023,0.0495389299337773,0.281727725732884,0.0734150383092591,0.0739548784089431,0.115148632769583,0.0536499457256532,1.12678615131827,0.23412373190387,0.00708544149894954,0.00432868806554239,0.4199020338442,0.0100531151857174,0.0958494295870739,0.00831141547160891,0.00460037650165494,0.00226739272362809,0.0828913380459991,0.247126193864097,0.0844307986757115,0.139852024394908,0.0018072907685073,0.00370139322666003,0.00216868461725347,0.0013899516086563,0.00406343012495913,0.00111183267701445,0.00720472719101789,0.0299683598399324,0.022132801037491,0.00262010540340971,0.0139204151970332,0.00609450213788576,0.000199666886184493,0.0182237028052349,0.00141631664032639,0.000566848180907022,0.000941424545488235,0.00162466469547543,0.000700280963139814,0.000560739210154195,0.000338887114393648,0.000444990290626953,0.000273617584771342,0.000364287571734348,0.000397404623710198,0.000148222921950163
mNCF041,0.0331427917738746,0.0755639669010485,1.48352867182574,0.28390003549464,0.163583595471162,0.175193276819717,0.457979038639837,0.337726532351783,0.0587082942262471,0.783206525716375,0.112162605409319,0.0901614087067929,0.578272645186378,0.35468153065126,0.813991760996517,0.982686630279999,0.954659679013831,0.789327039209304,0.440336752684561,0.132470699796976,0.0310717954157,0.127840070674178,0.312573174158121,0.27601791925603,0.405813677229852,0.0354626730306611,0.00608854662521782,0.0230903535524152,0.00556451832951653,0.0270656618871252,0.0184437409957611,0.146366012186912,0.23441304092935,0.132888552424921,1.44080266978146,0.00454614525813189,0.0155324726863095,0.0299335465903968,0.0101962891261617,0.08885305047831,0.00331427917738746,0.0741973833063765,0.283979952663919,0.591705579668341,0.601555941618909,0.661034865691776,0.452866623153671,1.60887076012302,24.9249971657947,0.698568535080612,1.73400506378018,0.0274207224534936,0.184996830142564,0.0129968150724695,0.0871188479049543,1.77591248567627,0.152892961569318,0.0290727245098766,0.0213447342405911,0.0151443035783826,0.00886395574689502,0.0103709652247288,0.00308366106032502,0.106127717454903,0.00520945776314812,0.00521516613238234,0.00522772454469762,0.0010354981790873,0.783133458590177,0.00152413458553643,0.0391788214021376,0.0042230515594751,0.0021885887643995,0.000896213969772358,0.00145563415472581,0.0013745753115999,0.00177187781030153,0.00422647658101563,0.00475621324595114,0.00180498635186,0.000583395335737166,0.00207784640125566,0.000510328209539165,0.000110742363143845,0.000940739249799265,0.000896213969772358,0.000661029157322542,0.00052402829570129,0.000156409317017596,0.000479503015674383,0.000372185674071069,0.000253451593999317,0.000368760652530537,0.000224909747828222,0.000329943741737849,0.000695279372727855,0.000183809489341847
mNCF043,0.0651980592906184,0.0918996109482406,1.15426959581665,0.533800847362292,0.153596485348651,0.732302448829758,0.532387860742744,3.63906027630936,0.265855144105866,0.380003687222226,0.53314688363027,0.714206304403969,1.48561436788066,0.914726458185075,0.0767474837564971,0.464429932850201,0.348346648656616,3.37573835633511,2.0039431888249,0.165863617303824,0.043887576882349,0.22517600300625,0.597774790425282,0.638850559347929,0.850870559117035,0.28858569577338,0.310772064624177,0.00829141020526694,0.0148050778465914,0.0325636164468243,0.0503587486854916,0.190029583949926,0.215012415041081,0.2712910700733,1.51685825246395,0.011611987783202,0.0148416714850258,0.0437518262881569,0.010830536536635,0.0766164549221029,0.00365700296354171,0.106855785108368,0.750757447000194,1.09100627760326,0.68036191061194,2.12405413412617,1.08392245746633,7.63064123693675,0.0256438774628729,2.26436712872313,0.516657317975747,0.0260995272833787,0.334768047917552,0.0130804550803763,0.0698171208130001,1.77173648547944,0.106735380233519,0.00313052674606605,0.675797149327235,0.014355330225833,0.00341737365379382,0.00194772591667005,0.00178600564358896,0.56074556964951,0.750022032911657,0.00353541764874352,0.00262647888763083,0.00640978892576872,0.219454410571038,0.000485160819243268,0.0163821456191194,0.00391315843258256,0.000433221461465399,0.00118870302914348,0.0018119753224779,0.000245531509495376,0.00190050831869017,0.00127251426555777,0.000639798452627375,0.000895953921668224,0.00125716854621431,0.000750759807880093,0.009053974412642,0.000555987216213088,0.000199494351464993,0.000502867418485723,0.000119224434899197,0.000437943221263388,0.000585498214950513,0.000303373067020729,0.000402530022778478,1.8887039191952e-05,0.000205396551212478,0.000275042508232801,9.20743160607661e-05,0.000193592151717508,0.000186509512020526
mNCF044,0.0464994324315743,0.0607832171405665,0.0486994422548739,0.335266613283483,0.0816019147496349,0.0605692626968629,1.32061829981504,0.0751305680248619,0.074409634573252,0.359111680994793,0.0519211620665841,0.0189876816814314,1.61208316713104,0.354364372975805,0.0331071245713469,0.527800806304375,0.709762859096177,0.252148412693688,0.530569810916365,0.0601056947355052,0.0230574672953579,0.115002063885184,0.123062564992538,0.134456414317013,0.39339245421747,0.212461413781196,0.0862422455467708,0.682576691195148,0.00668995235203531,0.0160837927462374,0.012544242058011,0.442116702784657,0.214165297358227,0.00983260204324633,0.581815000972407,0.0063116560892551,0.0119519913515273,0.0242450694973646,0.050318054133327,0.0528669027235346,0.00297210629405601,0.355965930514543,0.257698825073824,0.97769893918286,0.516655020103036,0.138730852007525,0.801519857949133,4.68149532202562,17.178321664444,0.214345143122499,0.147347944747412,0.0110202042452531,0.0564421124857116,0.00235039809170001,0.021237304129358,0.047482382556995,0.0138930852900553,0.0280605904100781,0.00970702008715946,0.003457379778688,1.28869257586763,0.0192341944100464,0.000739538185844923,0.0274388822077221,0.0806189646242141,0.00114574154997777,0.00258450766415825,0.00130233139645647,0.298978079157935,0.00797522940877628,0.226532794441005,0.00110078010890963,0.00176279856877501,0.000440312043563853,0.000617057018797231,0.00140310704022988,0.00104341551168477,0.00361241923064711,0.00640467976043056,0.0191690778402235,0.000331784427192481,0.0153566577165492,0.00345582938416841,0.000172093791674605,0.000406203364132851,0.000767445287197561,0.000406203364132851,0.000237210361497428,0.000274419829967613,0.000483723090112402,0.000178295369752969,0.0103612865744269,0.000227907994379882,0.000178295369752969,0.00601242994697403,0.000320931665555344,0.000128682745126056
mNCF051,0.145586293346262,0.154688400601883,0.775231829142035,0.437898555653145,0.346066707156511,0.323660225648429,0.784158013316245,0.276131928114831,0.486104539491657,0.977160931283557,0.117608404338184,0.272769502610989,0.661501381424524,0.250884671283439,1.0195430962444,0.486035700025018,1.44375636592968,0.988222668689507,0.545294242673928,0.247109208979763,0.0849203660460621,0.276673465252392,0.464767364365369,0.510980063203197,0.831247268029278,0.170949812387977,0.0532878662424075,0.0214932112506696,0.0182654051482559,0.0423347422171552,0.0472085764552074,0.561676505968122,0.515775879379058,0.409799815136967,2.17916073920615,0.0113126190177012,0.0420624438824492,0.069114824505712,0.0136485715856565,0.677609816618086,0.00820260489153669,0.174267874679984,0.663831214928778,0.555555912500938,0.994574256811413,0.200345794408822,0.531780290489699,2.80006519250467,4.84124563454522,2.4319438500029,0.572716826651117,0.0779553417881048,0.589164869880099,0.0473584935158883,0.842212630181933,0.133576101066617,0.0326237881232584,0.0300920255168628,0.0635678932605214,0.0108628678356587,0.0193729556781836,0.0131009153843939,0.00309624623283668,0.0427814338673471,0.151832327619321,0.00679369047432198,0.00589724764208764,0.00310695459431388,0.251283940189946,0.00344809239565903,0.00233289303610471,0.00180206426002056,0.00246139337383113,0.00396209374656472,0.00489678072693192,0.00263731645524231,0.00128500337726423,0.00143645020387037,0.000556834796814501,0.000654739816034633,0.00199787429846082,0.000241703016199701,0.0010081157447823,0.153762892217068,0.0062399152093581,0.00229311912204653,0.000481876266474087,0.00122993180395291,0.000319721078390744,0.00115650303953781,0.00192291576812041,0.00022793512287187,0.000718989984897845,0.000648620752333375,0.000238643484349072,0.000662388645661206,0.000165214719933973
mNCF055,0.122620695697846,0.115695805730341,3.47828529967659,0.620260291091057,0.295387863334997,0.160963905016709,0.608889684143605,0.297964603775614,0.797509963436357,0.970066801236176,0.196595218980472,0.231181281623351,0.698091927702389,0.41422022276121,0.311654437066266,4.29359652489684,0.440100389551652,1.60786124321504,1.46810386404062,0.249317631627171,0.047808051998782,0.285935816386627,0.342157861611892,0.571075898217569,1.31036688257384,0.207777088887581,0.100035429781192,0.0152653077375837,0.0136010629030326,0.0383975911779445,0.041288626774726,0.291202059652133,0.161946777146292,0.332632239207116,1.93727935460377,0.00848516948322311,0.0340678355151575,0.056896220331237,0.00730236404819135,1.26790584689597,0.00728956831664266,4.89295898716922,1.19248220701546,1.97358724287317,0.428340312525187,1.27808885000906,2.32548105672717,5.9246764227402,0.0217671388307603,2.64621886372656,1.15002277080402,0.0448130510831675,0.463291053517204,0.02877440132011,0.194142437189233,0.38656064955228,0.0516155818677382,0.122108866435899,0.0634828231459237,0.00594681623725231,0.00180499788158667,0.0825708556836776,0.00194655066184402,0.0560133148543776,0.0156507791504879,0.00313975262875909,0.00354281817254273,0.00107884011619868,0.199662195886048,0.0077046298587532,0.00457207482899025,0.002877440132011,0.00472562360757449,0.00336927606341366,0.00337247499630083,0.00441932578362779,0.00147870672709515,0.0386567047418054,0.00509909902215179,0.00351882617588894,0.000518227127721826,0.00102685745678214,0.00110523131251785,0.0008837052100812,0.00396107864754044,0.00051102952872569,0.00588523677917426,0.000733355364384127,0.000232722367541746,0.00139713393847227,0.0929337987716706,0.000363878615915788,0.000272709028631393,0.000195934639339271,0.000228723701432781,0.000487037532071901,0.000321492755160763
mNCF058,0.286043555742993,0.0737781174177242,1.18069839002627,0.737645542986696,0.150067599460408,0.260789903103152,0.328107600651163,0.545065003129405,0.20944343452196,0.657638891283095,0.165033407537304,0.703830499583577,0.759196901644583,0.223118558688815,0.250588687494169,1.09763084861601,0.291043533954499,3.11779792909198,0.936007471721028,0.0863401907821578,0.0319293323345511,0.166023077708324,0.614082903278913,0.318765674262288,0.285851046956411,0.136667237834403,0.101968404092884,0.0113527681687211,0.0113973952056107,0.0244914928529625,0.0421795501801191,0.252614404952978,0.10221079015599,0.213996267324631,1.48721175506253,0.00470246463224198,0.0255056641422756,0.0307165269790826,0.00495447613467698,0.6223529057425,0.00527736587217182,0.517818009508499,0.401056180206705,0.999755881357815,1.03411782472282,20.3179102352179,0.606953952895795,3.01301539655524,0.00321227161610724,1.76930275540101,1.09256436736914,0.0235753260368186,0.361303990817401,0.0330616340156306,0.251677237178298,0.163855603779396,0.223606830974783,0.110772180919268,0.249767900031377,0.00515311020083234,0.023517573400844,0.0392472913444952,0.00203009265850417,0.114144584844214,0.460564146299048,0.00526249019320864,0.00391405364719359,0.157067918972492,0.107359525157127,0.00577613863740776,0.0111996361793943,0.00217884944813594,0.00143944069967214,0.00580764007521213,0.00286138060056406,0.0012268059944926,0.00122768103443161,0.000322889737494844,0.0301171246208605,0.00717795261970245,0.00125568231247995,0.0074518401206127,0.00746584075963687,0.0488149780376351,0.000560900600905677,0.00103517224784932,0.000224010224386667,0.000794536264621458,0.00115242759967672,0.000492647485662864,0.00213159729142937,0.000721032909744583,0.00160307316826708,0.000415643971029948,0.000443645249078281,0.000383267493286562,0.00021088462530151
mNCF060,0.0878203135048832,0.108027812427681,1.0630022105515,0.624175166042842,0.226589694153507,0.279187903209436,0.694189556058411,0.417625652039753,0.40067535867985,0.387432127941512,0.231655345130436,0.198843833294316,1.07590479229218,0.57275520175528,0.375547485558536,6.07980812885092,0.317673224674185,1.77688027676569,0.646745165955275,0.195576608643255,0.0534848983586549,0.278583752193003,0.455814408494776,0.782110060444958,0.751806326376887,0.145713610656751,0.114548235006369,0.0139676108127683,0.0123635547973288,0.0333124662444396,0.0395323161781363,0.440464163515046,0.182730133796306,0.46886226701387,2.72947914908525,0.0116672281697645,0.0310962439420335,0.0425831285248029,0.00499752117739675,0.583407496293789,0.00594833264438743,3.62447728162741,0.469911265544891,0.555887064918341,0.7836540019314,13.4450923209881,0.453883730205112,2.15551865102356,0.00521192966415756,4.54298019500793,1.27329886352882,0.0309118927197719,0.301092635667621,0.0712798008509853,0.101745844147353,0.330922466865423,0.0690645804573958,0.482404066579566,0.105035110792379,0.00307185243181605,0.00777882005238741,0.2359886007624,0.00193769165138038,0.261131502515963,0.00672581388609952,0.00403869443987296,0.00360086028700159,0.00876069069269391,0.218660587778624,0.0223966696871546,0.0188048265795027,0.00182447595510014,0.0107043937969741,0.0260907074941036,0.00235047808383576,0.0101132675951569,0.000718368621530367,0.210430908758749,0.017831973118546,0.0117563980544454,0.00165114572982154,0.00217414213210725,0.00480014514051881,0.00353172857865348,0.0034225205176398,0.00117924667718444,0.0222113165560763,0.000726383892063481,0.00126340701778214,0.0120980489609194,0.000247471477709903,0.000569084207851114,0.0005049620435862,0.00026650774522605,0.000240458115993428,0.00023845429836015,0.000132251963796386
mNCF068,0.0289301064060232,0.691862860135355,0.0795582962393339,0.476028271287243,0.209707514226991,0.422450866512186,0.407141741546475,0.380149575559823,0.846094311743986,0.448633207084506,0.230263381211676,0.081592932230566,1.30584348061029,0.438887099237396,0.0758083210931177,11.9176174275557,0.524693339562677,3.11357928348944,2.02189534239388,0.464510418534897,0.0739378661249405,0.405205815618184,0.196502525194787,0.588534576392513,1.27861864090385,0.354689430039837,0.0301790908758884,0.00958595580621555,0.0169418699863975,0.0233691037785024,0.131668144262299,0.12573647527598,0.111669284061353,0.0323084079479006,1.71217640398797,0.00476427140521168,0.113701905561504,0.0280135129644286,0.0225401406989063,5.55516463236978,0.00450037307367564,0.442544407793913,0.0719838097769255,1.95748702632491,0.707272709655087,0.758818500175533,3.4163089450918,20.8178928467618,0.0192273101171429,0.290366729841778,0.238927707348596,0.0325813714892986,0.512270980315219,0.0402485245414066,0.0605727250518424,0.0924973724489215,0.0866533338246006,0.0697346304856279,0.304695804896861,0.00497075674095552,0.00338837399727951,0.0463272513765974,0.00282230200367931,0.166742448463627,0.0109477517765847,0.00226126623778017,0.00361399699828742,0.00213938952741429,0.264043374893829,0.0161501749917894,0.0128927429147377,0.000733274753275709,0.0025966790026714,0.00293309901310283,0.00179591879820136,0.00262790361441803,0.000399876479464913,0.000447217019854965,0.00302677284834273,0.00478240182493553,0.000784644275826617,0.00198830269638221,0.00264603403414188,0.00746973292622617,0.00923341986714069,0.000241738929651332,0.000178282460617858,0.000844071762699236,0.00253120804255749,0.000134970902388661,0.000307209889765235,0.000299151925443524,0.00019439838926128,7.45361699758275e-05,0.000270949050317535,0.00021252880898513,0.000132956411308233
mNCF077,0.0607740286535451,0.674615207846262,0.0116635851372343,0.0720078280376867,0.641613986183485,0.654053896036891,0.0181626426738662,0.0198753324467012,0.0262775913902943,0.0449468133677308,0.313704234996525,0.00265938001275547,0.193164173704946,0.138407790918653,0.00400100851227467,0.469344111447963,0.0513542349029526,0.0512154902529302,0.0984925684170842,1.32925183141325,0.139513230851157,0.984629480476143,0.327016622835188,1.01949117109713,3.65316599480914,0.00796975082686971,0.00151586596698923,0.0145985184781738,0.0400249275736794,0.0764612086414298,0.0737773063184378,0.626923831703901,0.0659101620001893,0.49263320760917,3.91201253115866,0.0264150453924096,0.117041114815199,0.0222952972726738,0.00940495129965986,1.12517652030096,0.0089332194895836,0.209033980371697,0.0169365271620401,0.186051413088447,0.115581392032172,0.0454856588689807,0.884006052364296,1.24714145688207,0.00205471146823912,3.2918142656991,13.3046291087696,0.136493760072297,0.447602502127472,0.0216377121639629,0.222205042264524,0.00241415691039025,0.508615300643846,0.0067352461036469,1.26908376195213,0.0025161180950579,0.000673718207550768,0.00527423267271305,0.00352088749080171,0.0642516794394561,0.00101380393109411,0.00484573756752751,0.00600022212050483,0.0108588661671042,0.186967127778596,0.00123127810345485,8.90072871916812,0.000798911054547749,0.00972890392436339,0.00020392236933529,0.00275682392974797,0.00979150034786188,0.000376223864944538,0.00183142938029605,0.0152148028538548,0.374400824775639,0.000188434594449065,0.440069635617184,0.0384567903664491,0.00349830115242597,0.000275553328184078,9.48626211781253e-05,0.000162621636305358,0.00298720458118056,0.00136486016184854,6.19510995448982e-05,0.00138292923254913,0.0014384270925581,0.000114222339785906,0.000109705072110757,0.00121191838484707,0.000129710114672131,0.00041752459797447
mNCF092,0.25014163620492,0.0838808636724662,0.0811207612880989,0.176467583424731,0.179313591012992,0.364669976785073,0.457911326007751,0.0621850271779407,0.0908980461609068,0.144276994521173,0.048619163729703,0.0230599793156177,3.13075629493846,0.6972384515447,0.036790494404652,0.754188829214998,2.29388370697563,1.44412136133595,0.328569110267236,0.136910623287275,0.0428881730440065,0.242363238159753,0.638225553562396,0.395732662178247,0.486476397139567,0.316973498578675,0.1087353072472,0.0113776670046082,0.0120625223800953,0.0330265738044139,0.0557135018179371,1.50711294292823,0.201599628075011,0.268854653119798,1.38172952533382,0.00821985534295449,0.017878622851131,0.0389468741060987,0.0085141602081464,1.0039454828395,0.00406697506953032,0.0721015102977988,0.546770714413288,0.99416342545537,1.55361947497698,0.0962989381464556,2.89228503976623,0.880164038214007,28.7238311073784,0.227317100781456,0.169872768188769,0.0225684106488918,1.9970263436421,0.0239858465131404,0.0832842997565367,0.442885869511872,0.0331944071194288,0.000115335690413045,0.00125278422345203,0.00643414068793874,0.00527521585392628,5.64747173746632e-05,0.00471444577295251,0.000326121607374815,0.00445036681283437,0.00281737252029658,0.00180321386321636,0.00032453077026567,0.000985523589115601,4.61342761652178e-05,0.00304327138979523,0.00287861974899867,0.00139118705194769,0.00105154332914514,0.00145720679197722,0.00076598806805353,0.00137766493651995,0.000567928847964922,2.38625566371816e-05,6.68151585841085e-05,0.000360324605221442,5.32930431563723e-05,1.9885463864318e-05,0.000182150848997153,0.000357938349557724,0.000610086031357277,0.000174992082005998,0.000411231392714097,7.15876699115448e-06,0.000293509446637334,0.000195672964424889,2.14763009734634e-05,0.000239420984926389,0.000202036312861471,6.99968328023994e-05,0.000363506279439733,0.000119312783185908
mNCF093,0.0373687372593601,0.0515145114091774,5.23334641815002,1.30185483279203,0.108069058785106,0.0467262942329222,3.27481625866264,0.318323108221585,0.246373209151142,1.80037697858562,3.03549031548854,0.190846433815492,2.66329775094782,1.30101372875052,0.115794185808652,2.73404565451247,2.23740995355349,0.741378676254208,1.25751715691198,0.0718254537379308,0.0276942107035753,0.0970161171639043,0.114010225365519,0.208766561697273,0.276804485138621,1.31964465909036,0.231336552826809,0.00330292553115171,0.00972650078289291,0.0233093428109337,0.0219697254080065,0.242497103059065,0.152691494867201,0.0923508812574261,0.75555519572147,0.0109284962886888,0.0129393864558151,0.0239549944772625,0.133942707477162,0.0274980262970263,0.00432923350869486,0.3999387494714,1.60379361494131,1.96488492379056,1.1314847803944,1.17028463897765,0.995195180352325,5.91145855141768,7.88554291340637,0.305639932744472,0.10654277338341,0.0146113460996871,0.135239867060761,0.020497610327522,0.0207787103727264,0.228682939118825,0.0729505859501161,0.0138859030142768,0.0353322259943636,0.00419307567429898,0.0365078683709216,0.00690744798580398,0.000893078268618149,0.297626385362043,0.0242236499892157,0.000827195445523368,0.000637599321283941,0.00610880176362168,0.350288721955805,0.00148602367647118,0.0341961133116625,0.000576108686395478,0.000953104840771172,0.00189669327376199,0.000843300135613203,0.000633939164445342,0.000383584436685172,0.000363087558389018,0.00101239938155648,0.00196038000275361,0.000691769642495206,0.00186814405042092,0.000400421158142728,0.000266459417850005,0.00021302112800646,0.000861600919806198,0.000112000799261128,0.000400421158142728,0.00010687657968709,0.00021375315937418,0.000229857849464015,7.100704266882e-05,0.000202040657490663,0.0047633281097527,0.00014347814807308,0.000279635982468961,0.000117857050202887
mNCF098,0.0198958890833214,0.754164216001653,0.0900753395799299,0.498491164506873,0.132853144362712,0.401254369059306,0.664303281896782,0.410929220495874,0.992630054370412,0.420885772556606,0.247796389042459,0.0858764352764176,1.36810725131524,0.469928286220104,0.0850141183657821,8.86181335511985,3.95176991093659,2.8911889710074,2.21606682013925,0.238365678146833,0.0564512400790126,0.30690500500942,0.162682110454752,0.278853882856548,0.641898692254932,0.536171752995753,0.0312938093376934,0.00575764775722014,0.0140959862324767,0.0185640711324124,0.0406368800391351,0.0902302749232202,0.0846103474711469,0.0238694328875024,0.614101100663809,0.00406431400530054,0.177413488095066,0.0241386134839259,0.0437715819846942,0.656533039680256,0.00362924304131381,0.293884176159169,0.0901410697255682,1.95737800696245,1.12064733801831,0.838741698399981,3.93711052345579,26.6552454800274,0.00999567714742186,0.173881275268742,0.192795907177892,0.025781867124883,0.222989519077877,0.0419045328478734,0.0381125294459315,0.0941380885817629,0.0615093312862253,0.243771200123848,0.180881535779219,0.00381704345742319,0.00170272377272506,0.108385880150595,0.00313939695596183,0.0704063759994073,0.00820531318051241,0.00253530561747666,0.00225673500024774,0.00123322273245161,0.197706888059152,0.0169802876232233,0.0150615933719724,0.000873271934908626,0.00217848482686883,0.00341796757319075,0.0017715839252985,0.00212683971243875,0.000419420929310953,0.00389998864120483,0.00714424082949441,0.0103243278756133,0.00104072730593949,0.00658553459156899,0.00429436951503453,0.00852144388096321,0.0222042691979993,0.00041316091544064,0.0015352684016942,0.00092178704240355,0.00306427678951808,0.000419420929310953,0.000250400554812509,0.000194060429979695,0.000134590298211724,8.76401941843782e-05,0.000153370339822662,0.000139285308614458,0.000106420235795317
mNCF106,0.0365761582810834,0.22813578577843,0.166652203848374,0.555656211274315,0.170397879116444,0.486841595083732,2.27651401602828,0.204957487673568,0.904909798162038,1.8097863879527,0.181558182131611,0.0823590512473648,2.23304769324461,1.35775060142078,0.166385391761104,17.9057729180876,2.14951833318527,4.53313850783428,1.67910114053808,0.121507140635781,0.037362853147841,0.238205938119429,0.482926442610014,0.275638643358787,0.670894985533632,0.512753285687794,0.0233454850780015,0.0121954881091243,0.024934906439078,0.0610656144972084,0.157270266376256,0.230374488055739,0.148156286107663,0.0263628664082872,1.05708658743882,0.00766311797429667,0.0667705836765189,0.0207483614130725,0.0381564187121248,0.414704996639198,0.00350405573839627,1.88157945152092,0.0771155639185686,2.06521487453797,1.69238906955388,0.855962948984911,2.29291780637225,11.7745548251775,0.00340328550801102,4.50182530385832,0.216074276271068,0.132535755281694,0.343983761885076,0.0590925791909154,0.104089922406694,0.0414062586420492,0.0736790700391806,0.126466639133491,0.659304118806819,0.00795741285167179,0.00224099250981748,0.0368624373446779,0.00668633380931236,0.444174563445613,0.0115015476589713,0.002100143210529,0.00178065577555758,0.0117649243974782,0.00233718227518522,0.00972203699966808,0.0019192148423373,0.0030780724917677,0.00148636089818247,0.000711117193968654,0.00203372646777509,0.00170393298651426,0.00123787067098247,0.000951591607388006,0.000762647425415658,0.00102144369890506,0.000366437201400917,0.000648135799977872,0.000335519062532715,0.000303455807410134,0.000393919991505986,0.000188944181972348,0.000265666971015665,0.000404226037795386,0.000242764645928107,0.000184363716954836,0.000221007437094928,0.000768373006687548,0.000112221392929031,9.04641840958514e-05,0.0002897144123576,0.000140849299288477,0.000169477205647924
mNCF154,0.0762519046340376,0.10963046120131,0.0441441913978781,0.121917454680866,0.267498168759122,0.445394054071122,0.0718952866847716,0.144929635205335,0.332075015768113,0.0746653076210674,0.0229260658839629,0.0630594026618818,0.816865213103726,0.0587314895927847,0.0140823532573907,0.0538751457751244,0.476056085160595,0.310795566192018,0.135151709205994,0.203020484063442,0.0932164888138387,0.227201736071153,0.287999977036096,0.441071360071146,0.978820756551041,0.0675230115281408,0.0281660112820617,0.93149423775626,0.0153414536829796,0.0247997116986217,0.048636505144306,0.564902908352363,0.200964170829527,0.130874682060833,1.16281773366621,0.00597191984240499,0.0302510293961459,0.0521985198198064,0.00687220926588313,1.43847983129881,0.00364943408328747,3.24828729722938,0.432813487953475,0.118919099470499,0.106179351744644,0.0318154453653492,0.147818389964148,0.326400582865639,12.9468703982489,0.794669816896789,0.269585796407767,0.019524537583952,2.7150510907724,0.0232170289874928,3.1952015356589,0.0108191302891025,0.0386928737003539,0.0824091014302598,0.00251559131661718,0.00592233868574967,0.00744108780013888,0.0319172172132206,0.00464236198367423,0.000268782059763039,0.00546175583576738,0.00368727233441916,0.00217374228915156,0.000195715092060465,0.118131020033136,0.00543696525743972,0.0026108393280866,0.00242817190883017,0.00138174854994688,0.00176274059582459,0.00161530189313904,0.00126823379655181,0.00122648124357891,0.00031575368185755,0.000344458562026418,0.000331410889222387,0.00107773777361296,0.000103076615151845,0.000459278082701891,0.000176143582854419,0.000345763329306822,0.000731974444306139,0.000143524400844341,0.00070718386597848,0.000116124287955876,0.00057670713793817,0.000229639041350946,0.000194410324780062,0.000307925078175132,0.000347068096587225,0.000108295684273457,0.000217896135827318,0.000241381946874573
mNCF168,0.0549433413562252,0.0777991336147865,0.542052674522397,2.34035632559279,0.184366816975015,0.346252128378817,0.58490801413711,0.291989308272315,0.935742967046206,0.339227204735246,0.130467589650508,0.0760569992154951,0.764545208426549,0.23541174374354,0.28830963265774,2.49368748488757,0.442905589303792,1.53995931338439,0.427287626622645,0.183640603584239,0.0317657597638661,0.19510835881529,0.28668513121733,0.408928135478326,0.711478161373132,0.303105136799937,0.0948364691882144,0.0112354058329304,0.00825180623950101,0.0204963278684496,0.0327262668991898,0.201099862332495,0.113035551752241,0.128879058619012,1.6235409332754,0.00419201089829505,0.0341971649718058,0.0306701205518117,0.00675660383653771,1.50911225730765,0.00613927384571736,0.179310544089572,0.383827595268892,1.94489376130005,0.803125902419786,14.3283661633635,1.26830786874666,9.01260566453444,0.0896168712028372,1.3766332412776,0.225270032776237,0.027680687919099,0.70072981432036,0.0198002518473041,0.21876619397531,0.213661312429172,0.0838159136355537,0.0294762918451544,0.00269389197569007,0.00434464209287583,0.00242557216865634,0.00900426830705212,0.00202309245810575,0.0267318468623421,0.00174796743857479,0.00261514594536495,0.0100911579601815,0.00176449438321093,0.121950380123615,0.00222238796695327,0.0313467531086794,0.00261709029179273,0.000632884762242597,0.000898288049634653,0.00139117986907704,0.000448171851603436,0.00107230705492102,0.00792029517356442,0.00427270127504795,0.00323636462904087,0.000849679388940137,0.00448657938210382,0.0229753695638699,0.000535667440853565,0.0016964422582386,0.000300401523092108,0.000617329990820352,0.000549277865848029,0.00390521980019741,0.000252765035611483,0.00070385340685659,7.58295106834448e-05,0.000234293744547567,0.000186657257066941,9.13842821056899e-05,0.000849679388940137,0.00012346599816407
mNCF171,0.0821639035271007,0.151651321009806,1.43604435689773,1.66686145568853,0.239435285346157,0.308816597764435,1.00514204434048,0.437970137510059,0.534492423887943,0.578151588745329,0.260323075715381,0.0865045652537026,0.773334047014119,0.403025618357516,0.175204014608756,7.91638047529316,0.493279813821916,8.3322377912356,0.890447731101916,0.231545803820049,0.0565399689184067,0.415315390902632,0.467218305435126,0.409854049239344,1.18465953673371,0.106660142988237,0.121166722168677,0.0110498340236184,0.0140672515996259,0.0445983262127774,0.0327382353335266,0.652946890153513,0.403623665084292,0.194438845916435,1.32627910619759,0.0118153689099464,0.0308932348743811,0.054696722261979,0.0045590101649704,0.529204708693719,0.00400656230885743,1.18330735483828,1.1033067669636,0.879556616224261,0.986459660888916,0.469186948985878,1.88508449716266,11.2691654684102,0.0142198324360762,3.77319079640813,0.824369706102651,0.0413257303413272,0.365994950872128,0.0350874540740451,0.300201041913149,0.13037944784538,0.15920670311817,0.224338551551172,0.128190702053542,0.0198083247964063,0.00663814328694478,0.0617636703134305,0.00225363649239737,0.198742677785963,1.74347808121917,0.00317350601789342,0.00307616996705446,0.162741492495934,0.201710111984513,0.00908645188102006,0.0222180497306896,0.00285343702189146,0.00299023363388134,0.0025982587264488,0.00151440864683668,0.00242726296146145,0.00206334889751401,0.00295428067816605,0.00240095592069416,0.0029218353278864,0.00202476523772199,0.00178186356130407,0.00372946147944203,0.00256756717888696,0.000951437974416789,0.0010084365627459,0.000719936015664685,0.00120486246714163,0.000613830951236638,0.00251407619599349,0.000405128427816181,0.000551570954754065,0.000326207305514328,0.00032182279871978,0.000221856043804099,0.000238517169623379,0.000241147873700108
mNCF196,0.0423043273937005,0.0525959811353348,0.0109731202668841,0.0783419489896185,0.059718293115586,0.0968297759310203,0.077699954120005,0.0636410791272028,0.186128592152849,0.16995566172141,1.0473049217904,0.018988188223144,1.77195227737522,0.425899164315394,0.0244910013912598,0.16747823486471,1.75917507025955,0.707640876660828,0.635347378431944,0.119171893952199,0.0294911314155372,0.0983436300177762,0.0323934590358514,0.271068112288966,0.220348195727402,0.0639533695791486,0.00771206495269902,0.00141517494766523,0.00556666437576273,0.0159001116351296,0.00827163371789561,0.0855455261432385,0.0359784141124636,0.0648635395208791,0.686643116793378,0.00446261894899519,0.0113283651676106,0.00769581191802526,0.00211986009387753,0.12501834271056,0.00249832361556651,0.235862878254554,0.0738061913845914,1.7219138273389,0.0523730823740947,0.169261424954631,2.28935022224864,8.79906326795589,39.8944771723806,0.630563181582618,0.0741335739401628,0.0119819693477053,0.0576855028503179,0.00914581479713427,0.0170076398550415,0.00506049843877993,0.801744786490849,0.277041102531573,0.011886773001759,0.0017077295717929,0.00580581617167663,0.169764108098469,0.00300332862150119,0.0140902201311016,0.00810678150906176,0.000606006007121615,0.000171817795122604,0.00159395832907659,0.162918097707672,0.0203894319982317,0.0304732790822515,0.000753444250233579,0.00102742397759124,0.00186329433224175,0.000361049555967093,0.000417935177325252,0.000297198348320179,0.00777707709139406,0.00338295307423829,0.00221273457772759,0.000214772243903255,0.00209199774872251,0.00223363133659385,0.000475981729731537,0.00396806232249364,0.000453924039817149,0.00061297159341037,0.000205484795518249,0.000406325866843995,0.000246117382202648,0.000378463521688978,0.000690753973634791,0.000337830935004579,0.0067171470444553,0.000257726692683905,0.000429544487806509,0.000301842072512682
mNN0897,0.144420553479109,0.1071942891919,3.27546788225859,1.48750785626054,0.196094331510752,0.558248407067524,0.866631531191691,0.751929552747033,0.136443633648054,0.619268492128111,0.4285291348905,0.427026639426523,1.369780777006,0.910621419100358,0.669300920749139,0.808538870371625,0.846969812347605,5.31436380300926,1.03132954894722,0.270810203777072,0.0476326493777351,0.241597248631072,0.850007362132012,0.393047642263817,0.865989930196876,0.308429089568571,0.222412421272685,0.0142962108232687,0.012150199137627,0.0166423637147556,0.0499155997831657,0.463238791096555,0.230243783863126,0.589626526167668,2.2805257282382,0.00687949484589472,0.0233724708663352,0.0629353119107805,0.00355466103395896,0.810812244642804,0.00280676494895844,0.290458516033207,0.584701520322395,1.02629633278492,0.94653671060861,1.40562712034765,2.85011706632599,1.39137974780906,0.00810045196289302,1.38141673773435,0.281290325101331,0.0260346361881041,1.41608234372285,0.0175961466861519,0.0946112487861292,3.01373681136486,0.0874157415099526,0.00575334145798099,0.8283451888429,0.0343103314077898,0.131095362668888,0.0030212703561801,0.00285273039336308,0.10268871802682,0.00426042212825523,0.00370213350142386,0.00169880621612155,0.474301141383272,0.504751333074497,0.00261236942366381,0.0194740266127666,0.00615075102939613,0.00132342175348364,0.00209525817411159,0.00192001491731889,0.00107731510323379,0.00273302871522599,0.00409954307283899,0.00160400248703698,0.00657784661698926,0.000407943319091196,0.0112816437610643,0.00100166364265115,0.110876312811397,0.000572652828207829,0.000926012182068512,0.000776624487753427,0.000722040522522915,0.00130331187155661,0.0007842853951542,0.000191522685019341,0.000289199254379205,0.000193437911869534,0.00051998408982751,0.000172370416517407,0.000125447358687668,0.000248979490525143
mQM01,0.0850995366072201,0.180739542968604,2.78368626319483,0.333722114042871,0.285858744358048,0.759139087196283,0.594329506745286,0.156618129670618,0.0899204463164961,0.311859372835063,0.0810700655983425,0.275521856248279,0.971855403836235,0.642212150431946,0.109163127899698,0.456707110509345,0.382912980604162,1.19935487988454,0.54314378099395,0.421306792261845,0.110792985679971,0.613272236674913,1.78917427020016,1.47481530025197,1.00863381321502,0.240834676068718,0.312244852871786,0.0167792232235147,0.0215700173049216,0.0348835340732671,0.0340788444966063,2.76378706092408,0.144891104178413,0.793320324827644,2.13584008110114,0.0172116836397141,0.0467984810833743,0.0492944643211604,0.0066170057553856,0.370252370648018,0.00721690906253688,0.201442230190898,1.51519553872389,0.66258115649745,0.414066995322127,4.89381000734604,0.669483658405034,3.25864464881793,5.31454821655372,0.469626714865163,0.343801212378082,0.0454288223278903,1.03346595533072,0.0274028121105974,0.296859380906051,0.426995032053749,0.17245051755393,0.00524011924921306,0.219008073614352,0.0336222915781117,0.010288703105179,0.00306095241660928,0.00413909189432094,0.254363820732605,0.000661339188004131,0.00543888239314873,0.003886120620221,0.0217470971967916,0.649653119765829,0.0010516377251869,0.0033584948199554,0.0150891341875041,0.00423425727838711,0.686332749885205,0.00412945489340284,0.0035909874671044,0.00790234075283625,0.00627971072325234,0.000210809395083284,0.000256585149444226,0.00111186898092498,0.00019274001836186,0.000115644011017116,0.000187921517902813,0.00436676604101088,0.00108898110374451,0.000961290841579775,0.000832395954300281,0.00012648563704997,0.000842032955218374,0.000937198339284543,0.000232492647148993,0.0062086378414814,0.00140338825869729,7.95052575742671e-05,0.000710728817709358,0.000550513677446062
mQM02,0.0211332119334297,0.0920653282728482,1.22472598677407,0.496011579228975,0.222594108607964,0.618219912122872,0.485557683725905,0.256507882043991,0.483411153199524,0.37756697074608,0.194096475487447,0.0675014916022251,2.47716264611,1.96069713675974,0.062419457303948,2.06397514347841,0.605732196557066,1.08674825240413,1.76985115053634,0.14368873330909,0.0422986268564722,0.163710942100876,0.136791255471389,0.331742116527001,0.705881481566163,0.225310229513122,0.0469398827344235,0.00492705741076531,0.00625543073229518,0.0297626068062468,0.0189927194676009,0.445215388488413,0.16371899284828,0.168451825977942,1.49967410574512,0.0062000818438981,0.10043106116821,0.0250307800200093,0.00629870349958744,0.0589515978600147,0.00524103655949056,0.0616958963810844,0.0368844992278126,1.84607462060652,2.37831255046309,0.46278010663537,1.86552723901952,14.3087714825137,18.2284811371391,0.15722807775444,0.534036265557767,0.0200101326706817,0.112623918110374,0.0204267588487979,0.0463884065373035,0.0385580483442551,0.0169719818693948,0.0176804476408774,0.258294141624079,0.00623731655063795,0.0081936481696183,0.00737448462134155,0.00167254277301715,0.155671264475344,0.0166247933876313,0.00185770996329101,0.00296871310493417,0.0177599487714841,0.464496928519105,0.00100533708197601,0.000518266864081727,0.00401329758050083,0.00225722830317537,0.533793736792246,0.00139781101788256,0.00146825505766066,0.00179229764063992,0.00841906909690822,0.0157472619206813,0.000745700478222447,0.0014944199867211,0.000347188481763487,0.000774884437559087,0.000143907109832402,0.000550469853694572,0.000692364276676172,0.000809100114022735,0.000352220198890494,0.000224414583864515,0.000547450823418368,0.000309953775023635,0.000188186220550064,0.00594447061384614,0.000110697776794155,0.000186173533699261,0.000479019470491072,0.000128811958451381
mQM03,0.0360388406105972,0.0588074022218756,0.963427871859551,0.433008591037701,0.122552226449269,0.338723999105545,0.388575622425995,0.269136729035531,0.0872460849677226,0.460420984411149,0.0440206657916997,0.321014125035081,0.618032991833417,0.192938572572917,0.0481807118920056,1.98473003955886,0.888601930664758,0.958055170406287,0.394569969307565,0.0942999096839823,0.0178719869439653,0.138297598847942,0.236221433318291,0.186150255554989,0.278521404988109,0.178239913215745,0.65526406412787,0.0037005135455007,0.00468595557969406,0.0121303829675382,0.013400479889847,0.177433178286198,0.0651170394952147,0.098171471458216,1.08663493219942,0.00293973187143433,0.0226919728521442,0.0160568333524848,0.0053535542634805,0.236806060846348,0.00293973187143433,0.0664241543177717,0.25283098221586,0.329505265464426,0.353205656978503,0.112316138790984,3.51859481888788,2.45145810828471,41.2128363577256,1.85844155814316,0.138112509346701,0.0121099592984357,0.35608411784263,0.0125873625637056,0.0471812285853043,0.164332671036294,0.239680692272519,0.0139697896660779,0.0749012534746086,0.0022338388080808,0.928014506115217,0.00718530208610675,0.00132115609506493,0.0297777095513765,0.00206789649662337,0.00214831469371428,0.00278910731180374,0.168301245238764,0.060822963066424,0.0014271038785339,0.000324225747001442,0.00166197607321211,0.0047370147524502,0.000905023837102449,0.000755675756790761,0.00468850853833187,0.000676534039018756,0.00948551781877052,0.000809287888184701,0.000342096457466088,0.000968847803047615,0.000260401781056276,0.00063185726285714,0.000121265535295815,0.000502932851647906,0.000326778705639248,0.00131860313642712,0.000257848822418469,6.63769245829723e-05,0.000787587739763344,0.000187642459878787,0.000959912447815292,9.06300316421352e-05,0.000173601187370851,0.000362520126568541,0.000413579299324674,0.000130200890528138
mQM04,0.0856367159851431,0.109483423001702,2.08565940467804,0.820506711346799,0.253366677153419,1.13491278424531,1.2696314832285,0.918585529245987,0.273428878755188,0.271408903902434,0.13161668831437,0.655142557301787,0.627166822570649,0.359398327303625,0.339248357663507,0.0976858266826993,0.358639854255801,2.25802011234728,0.582854442970058,0.230733003025089,0.124045057543346,0.452200583136087,1.69434626068334,0.796246053582204,0.982880202234328,0.163657262194727,0.02286684891678,0.0138529403812413,0.0165265906240889,0.0268727393835257,0.103974996117247,1.22225115219785,0.224808005451155,1.48273097036972,0.295459966351568,0.00926804285553496,0.127875411933393,0.0346421757335155,0.0405226343029143,0.0474746489226067,0.00178418012286058,0.0911281132502176,0.542196881682816,0.527759694359727,1.34112182539075,2.7829332403289,2.7272345952159,0.793749249386776,0.372949974418892,0.227315289412355,0.292242678259244,0.0471903852760129,1.33092501329358,0.0367826678926595,0.0996835320331857,4.33190288023787,0.454269026905541,0.0351687839636109,2.92402101696066,0.0905674457813598,0.00413688753890875,0.00544947820198239,0.00376354588324409,2.08306828259066,0.000310463061026401,0.00343343326139323,0.00192696693151829,1.68382064593504,1.19439462480238,0.00102439710431496,0.000284263646593793,0.0239803240301658,0.00724151814917276,0.00320942826799444,0.0017632205913145,0.00746028325968503,0.0116823188954998,0.00226231943625567,7.59783018545622e-05,0.000107417599173691,0.0033024361892302,2.35794729893469e-05,3.92991216489115e-05,2.24439117695944,0.00130080092657897,0.00216538160285502,0.00117635370802408,0.001215652829673,4.84689167003242e-05,0.00142393817441223,0.00104142672369615,3.27492680407596e-05,0.0010217771628717,0.00078598243297823,4.06090923705419e-05,0.000632715858547475,0.000568527293187586
mQM07,0.522865448192364,0.243402212686639,3.47526639330682,1.17197954968043,0.121998307503999,0.715102911993586,2.92856578122195,0.480669344270681,19.2089666217807,0.924639883107276,0.280174856918408,0.13011596032442,2.5072942117785,1.59523184487178,0.214600466664893,3.81591891746858,1.22731895958993,7.40679840824965,1.33482732603335,0.10250117297545,0.0361090180375815,0.160433247668637,0.18602854390094,0.176355661404293,0.649522060845274,0.859984785884931,0.0511813626148962,0.00533023820783787,0.00720112874416468,0.0303708204725377,0.0194242187158351,0.206826164253704,0.244052917091232,0.0152246370975386,1.54539434837473,0.00738941767825973,0.049951946633452,0.0327927330365838,0.014975431155354,0.0294016862529308,0.00314553278135263,0.0417198436766198,1.07244115846207,1.26190505242527,1.23613623501841,1.05032643855561,1.40456530149129,11.535278802286,0.0111635032249003,1.57283653753412,0.262028972387483,0.0217344500983837,0.16096119507208,0.0144114873380399,0.0282202654899814,0.116809285996732,0.0708437114532633,0.342990445093442,0.418308787686376,0.00678301655227714,0.00226777407388011,0.13525514064325,0.0102091367648302,0.674273748814033,0.0091061697244205,0.00120172643231254,0.00101159152827538,0.0143431864501819,0.212495137945919,0.0149200520570908,0.0051604089731639,0.00107804644619128,0.00316122352586055,0.0131654576271168,0.000965442279722668,0.00308646174320516,0.000467030395353413,0.0016456822033896,0.00674609715343497,0.00528408895928516,0.000455954575700763,0.000171675204616077,0.00284925460564424,0.000835301398804029,0.000502103824253472,0.000412574282061217,0.000611016050837865,0.000354426228884804,0.000720851262393312,0.00164383623344749,0.000655319329448465,8.58376023080384e-05,0.000824225579151379,0.000102451331787013,0.000180905054326619,0.000260281761837278,0.000131063865889693
mQM08,0.237548125182719,0.0872799757891034,0.0792095470555149,0.462373426276137,0.180348011899327,0.780316761308444,0.518093733695513,0.317169991994114,1.26364317373022,1.01564225574411,1.86313272317109,0.199574449649875,0.761752632457105,0.284796722594281,0.248993082690019,4.07903713895854,1.45822563238293,10.505576225365,0.451347931071669,0.152268062540245,0.0389099985060389,0.211857682440389,0.254246101312172,0.260903604394116,0.590785381995878,0.291465913480329,0.399676149129316,0.0145506667866268,0.00671983803716369,0.0254008449295397,0.0450720685584772,0.338111290335651,0.0774609216971149,0.334554301953432,0.83950250264456,0.00901194628638465,0.0222347486623438,0.0164018850921591,0.00518743705468168,0.989916100267022,0.00671529278001225,1.19364426563085,1.29172896699136,0.862242424173163,0.281718934180313,1.12962886391012,9.79701349073879,0.930615428857219,0.00616661530958967,1.32300488145034,2.53059789195648,0.0285786290008392,0.647341367408667,0.0254488947908548,1.00184545232217,0.441213306268881,0.165435023185487,0.071048862501348,0.00448357151866028,0.0056958565331916,0.00204406707324295,0.0152590775797997,0.00161421561120774,0.285925245012736,0.00232197708193036,0.00224665567770667,0.00273559548271046,0.00348556291269636,0.257749195931024,0.00255897977625491,0.00162785138266203,0.00216094511427971,0.00253885078029858,0.00234405404523731,0.0015466860763865,0.00244210173521815,0.00110644545514803,0.00385178077461155,0.000627245486897296,0.00056815714392871,0.00101554031211943,0.000116878041036763,0.000199991314662906,0.032548586461388,0.000574001045980549,0.000506471511159308,0.000942166875246353,0.00059413004193688,7.07761470722622e-05,0.000548028147972379,0.0003675165068156,0.000372711086417234,0.000322713257751508,0.000109735494084517,0.00011947533083758,0.000250638465778837,9.9995657331453e-05
mS02,0.0951057379228143,0.0635858415397991,0.0487713844908997,0.182574483840667,0.130993063142504,0.463667510440203,0.0506066082745693,0.207683113899275,0.0297260107987682,0.102054400839715,0.0218313760625215,0.188509880194976,0.530843045855446,0.0742299472143879,0.0170255700412724,0.117262051459867,0.54443754534464,0.258756939962668,0.216847696575924,0.167834051009338,0.029643334399923,0.181339144625363,0.6761996912671,0.267138980910712,0.467556185246354,0.131580450115695,0.107121695006149,0.706728432217447,0.0087569688032722,0.0233060922930868,0.039761579723717,0.322229341792424,0.205560445426597,0.140340302979392,0.908809739418219,0.00323495444318926,0.0132214943409159,0.0254768284395122,0.00298115712580383,0.172000556969749,0.00304460645515019,1.50304347205805,0.332648490753875,0.11842528916455,0.216341063294628,0.0488694425453441,0.101723695244334,0.24888672383541,17.6696412994069,3.93754713275749,0.322373544813665,0.0273168589905565,0.630819961835805,0.0171813093042135,0.200283576202625,0.0177783098121542,0.139550070422987,0.000977696484018864,0.526668849067235,0.00251874610435538,2.06136969105522,0.000478754030522511,0.00148529111878972,0.115198025549161,0.0780397910355942,0.00316862105341807,0.00330897866076001,0.00311959202619588,0.00164968256300528,0.000185541220664347,0.000136512193442162,0.00180349911899645,0.00127090929387703,0.00134685621839767,0.00109978837533685,0.000589309680141164,0.000899826852548335,0.000398961692102093,0.000234570247886532,9.2289933594701e-05,0.00101230520911688,0.00012209189131799,0.000306671758507392,0.000398000338627148,0.000761391952156283,0.00116035364425838,0.000229763480511808,0.000784464435554958,0.000160546030315782,0.000722937813158491,0.000453758840173946,0.000387425450402755,0.000463372374923395,0.000379734622603197,0.000172082272015119,0.000520092229945138,0.0002403383687362
mS05,0.112490949247766,0.08056319721014,0.0657337663380399,0.556545707900087,0.172808247465835,0.112735430070636,0.0966249557724268,0.160798014274432,0.0566771501727514,0.12404018723442,0.0223695442209876,0.0177451578813851,0.636514392703321,0.174161462352569,0.0282966254248869,0.39729938002911,0.715698212872249,0.619205872158722,0.240861424119738,0.187463564689175,0.0315010382766754,0.309863655480872,0.689787756364305,0.560884114826959,0.770811046635935,0.195146216672798,0.110683956302346,2.02709785746389,0.0092722284039083,0.0329724339301853,0.0769365813136902,0.707457134212033,0.309333195245272,0.043596072934313,1.54689963133014,0.0110665913437189,0.0168863174999373,0.0327153231017056,0.00725684036593096,0.224784329122068,0.00479308712881541,0.56833581813658,0.507423105368348,0.399966115499236,0.610338706077577,0.0695579516079531,0.498590220730999,0.466981827406643,18.7204595445584,1.42716447172205,0.593914285925645,0.028321885436106,0.745955195596386,0.0173121291176299,0.512212583924132,0.0638158097719075,0.00844315874996865,0.106669418805032,0.00353820585718314,0.012026471770043,0.011959713168964,0.0446660148380914,0.00507996868480323,0.0968450787273357,0.00916216692645385,0.00300954990809867,0.00191254370658548,0.000641423856312396,0.238149581486721,0.0104116353385392,0.010642584012542,0.00139651776311053,0.00173662577130993,0.00126931556375744,0.00123503411996015,0.000746974617477726,0.000912066833659398,0.000279664409925236,0.00132254201596902,0.00173662577130993,0.000669390297304919,0.00204696305200116,0.000408670895793974,0.000122691483063974,0.000728029609063436,0.00125939198792138,0.000248991539159242,0.00078306034779066,0.000247187252643596,0.000615261701835519,0.000444756626106907,0.000119082910032681,0.000535873095147065,0.000217416525135425,0.000212003665588485,0.000915675406690691,0.000100137901618391
mS06,0.194464329496428,0.312764966463096,0.0858684412457193,0.187216222191831,0.257647491135827,0.328481693000441,1.11695192052901,1.5753880700839,4.63077452656202,0.186547790835147,0.181751639675393,0.0965180520429722,0.677426287521781,0.33193629618031,0.0392266130509754,0.534317945215772,0.845905348027141,1.70369955984576,0.416492862800763,0.208862153508728,0.0568869443158729,0.326639602380796,0.364859664007981,0.321675562504118,0.894568087846998,0.0931680864820238,0.138284079547142,0.532465703185336,0.0165983375206341,0.0605719064329162,0.031342090377573,0.227048796379238,0.368593821423472,0.0916266337973356,7.49993491383928,0.00591202546898386,0.026066480277394,0.0645856180840293,0.00966570482830302,0.0942589727031531,0.0056394991331398,1.99579859657214,0.422568872597905,2.41681742683008,0.778317254982309,0.351458240008681,3.07980918908516,21.1437855351111,0.0298974665342735,4.86328478194668,2.41043999822022,0.0428701886471026,0.227011314247088,0.0176611121426506,0.0936014736350136,0.462757527040742,0.108132046865347,0.00446662074793127,0.477044466412097,0.00377398218090067,0.423296650663826,0.0027525940798003,0.00168981945778379,0.253724361304078,0.0150810920462931,0.00321175019864359,0.00203184391365685,0.0521727853201979,0.00234185238165138,0.000916750482180299,0.000690295933771196,0.00309149502466082,0.00221535018564353,0.000966726658380929,0.00182569218682925,0.00219582824181516,0.00132202603605728,0.0040996082039579,0.000289705646413025,0.000305323201475721,0.00081679812977904,0.000824606907310389,9.52670858824502e-05,0.000110884640945147,0.000295171790684969,0.000388096243308014,0.000427921008717891,0.000691857689277466,0.000130406584773518,0.000310008467994531,0.000196000316036844,0.000274868969103463,0.000129625707020383,7.26216310415399e-05,0.000183506271986687,0.000163203450405181,0.000156956428380102
mS08,0.0825249547242082,0.150295498072283,1.62360453886196,0.473641919114967,0.256344336620449,0.842985880606917,0.963489280871918,1.53161548509226,0.126312045675029,0.607079537849405,0.512262253876167,0.387319873227783,3.10725311915971,2.57833640154372,0.110080987735516,0.210491447263105,0.406486142907564,5.42502016677307,1.4236078296743,0.325775353961222,0.0668634604591419,0.341293703916573,0.286971191770703,1.10175613658149,1.70894265596763,0.238107751562714,0.332516697557711,0.0128679200523058,0.0193184546827416,0.0380929609885649,0.0819704588718372,0.242396053725344,0.233673291525953,0.201342265698983,1.69128919562421,0.008450034619828,0.05784235538266,0.035133640732976,0.0167313096324126,0.136069967250993,0.012726282524798,0.654728511598125,0.436234544030828,0.709295122461614,1.65296871052231,0.296953623895589,8.86291253285991,6.95699426603072,0.0144620956278725,1.1130042657607,4.78604506315467,0.0463576613968667,0.322118393543547,0.0610894710398871,0.141898200829719,0.399184276329874,0.424172752459551,0.0354199293524067,1.18106561807483,0.0096569671680595,0.00306780857453099,0.0225128329627051,0.0031084916941343,0.100634970076511,0.00896836769921831,0.00260371965461177,0.00362079764469449,0.00582522001431082,0.299093254630282,0.00711803914837152,0.00245304143385877,0.00218483420091844,0.0027513843109497,0.00388448453101223,0.00208387979301393,0.00245304143385877,0.00111803239798723,0.0250924441019964,0.000566550110031264,0.000239578370997263,0.00472225543839889,0.000134103616470166,0.000119035794394867,0.00555851956357801,0.00122501393472186,0.0012370681923821,0.00303767293038039,0.00142993631494593,0.000174786736073475,0.00245906856268889,0.000253139410865033,0.000391763373957789,0.000213963073469254,0.000495731346277356,0.000185334211526185,0.000248619064242443,0.000162732478413235
mS11,0.0621467649517476,0.136458742522549,1.56955727252382,1.0874410998591,0.335949582364724,0.940068122596286,1.45138242703459,0.263453671189569,0.964807162773415,1.21047067998099,0.686860633151442,0.160421900761895,8.80044371690807,8.05923081091548,0.0895726105017217,8.68585803478202,0.898998267505088,4.564963402857,3.67245351899672,0.308488064081978,0.066318042454249,0.309633645250304,1.0664874230754,0.382391426713759,0.867513027114488,0.302187773028152,0.214385016518259,0.00591437694475172,0.0182084978481397,0.0345895788856597,0.0374223181652982,0.21163659460699,0.136538195427359,0.347946970990966,1.06101733380244,0.0587489371552494,0.129286091003671,0.0404682830976398,0.0128113755285767,3.5996908730697,0.00629056212670715,0.0970087537967543,0.0747838305360992,0.858197579397531,1.16585219872294,0.649054022364922,4.14528018775013,7.04545633646158,0.0128316441267424,0.205188748158517,0.23479306263934,0.0319595255876783,0.991754669406678,0.0282844233682733,0.123125247905224,0.444851949565112,0.0311771576984822,0.00127043573302618,0.936300595569245,0.00985540317209074,0.00118611836465686,0.000635623238476402,0.00306866576228722,0.109328818505794,0.00176823250397581,0.00182903829847291,0.00236088631434092,0.00763396481312985,0.00180066226104093,0.00122908779276814,0.00270869545886436,0.00374320470924177,0.00117963241324383,0.000411857914727056,0.00156311429053891,0.0012363844881078,0.00169931927021242,0.000416722378286825,0.00032672980243111,8.67496001492028e-05,0.000405371963314032,8.35066244426906e-05,6.3238026276989e-05,0.000157284321765844,0.000124043820774094,0.000218090116262949,3.56727327716348e-05,0.000339701705257159,0.00119827952355628,0.000178363663858174,0.000101342990828508,0.000272409959347029,4.37801720379155e-05,5.83735627172206e-05,9.40462954888554e-05,0.00010053224690188,8.9181831929087e-05
mS19,0.080219407786802,0.174782195319328,1.78741645497935,1.37848949209664,0.512686849501131,0.870266770790113,1.81087848149379,0.291092539215252,1.0592899751486,0.673867135145635,0.784248588681083,0.138651076316042,2.84490872398186,2.34166007093161,0.0867051182521344,9.19601893142433,1.25457214364107,7.04486117805071,1.33723792429405,0.364455979869059,0.0827117039606021,0.35503022098066,1.06206163811041,0.455788828099186,1.16069055183819,0.316953101817101,0.232846477387631,0.00881631832689756,0.0247593599546155,0.0568320066472457,0.0455683587185897,0.280922440049227,0.23765216018264,0.350341259925845,1.93002937331294,0.0508313611186183,0.169420649155038,0.0703583342116166,0.0271234535613181,6.98043747461302,0.00986394378191144,0.161637605249524,0.078247575765995,0.892177928936896,1.05911871948061,0.596638482767394,3.11326635571995,5.34347342927172,0.015563217604302,0.347552375723684,0.382605253733546,0.0441409092401598,1.27696740998898,0.0347591601882274,0.207940736889986,0.407145521241405,0.0114626489283299,0.0150236187398017,0.80596744297722,0.0155211212389864,0.000906028589861312,0.00814086301069684,0.00440098364663362,0.0927363793191732,0.00148772381967723,0.00291230309138103,0.00418476140660336,0.00705018445479199,0.00615659342741029,0.00253534927469111,0.00195556751602589,0.011716183855799,0.000793133791969407,0.000584565436541987,0.00214500115994621,0.000972043344560817,0.00569736035123983,0.000487935143431119,0.000540555600075651,0.000225789595783812,0.000491762085732539,2.1048182657813e-05,9.08898796587378e-05,0.000158818105508952,0.000158818105508952,0.000147337278604691,4.49665720416913e-05,0.000587435643268053,0.000800787676572248,0.000168385461262504,8.99331440833826e-05,7.36686393023454e-05,4.78367787677567e-05,7.55821104530556e-05,6.50580191241491e-05,8.61062017819621e-05,0.00010811112001513
mSK02,0.05911639439011,0.469203525561514,1.6045634804142,0.715251016300245,0.200981776031049,0.0460891420365314,2.21174017179096,3.69168092632103,0.924755368449898,0.835451857828827,1.54524160256431,0.349072508509559,2.54423435456418,2.02323503224065,0.0943558102513065,12.1380745509553,1.62146998119068,6.49879845043127,4.30006757612848,0.0874491720203587,0.0462367709299717,0.297866229828781,0.0743660600854783,0.143306758337028,0.531969745094177,0.219214941863443,0.0312384733504611,0.0121095592321933,0.0415226212651162,0.0364743116049736,0.0165613683634354,0.152309128359313,0.113140589449055,0.017671577541807,0.994330471946231,0.0304225244664467,0.0668998285489901,0.0475125638672019,0.00708917936270163,2.75850971345252,0.00196506027079249,0.0646036007604803,0.391708331430616,3.19423439745636,0.40351066296565,0.886539434899339,7.06220915985813,12.2821314236698,0.00745226664116278,0.19253800182178,0.117605365983099,0.0214780090105096,1.26393773859148,0.041998425198704,0.0628789361877899,0.314505402609029,0.00740638198509351,0.00473409951532038,0.218929659001795,0.00755401087853376,0.00214161644740684,0.00301142992767641,0.0238281013952746,0.000968565240070815,0.00455654584618278,0.000953602852222141,0.00258151065015785,0.00159100057457564,0.000564580768156623,0.00125285060919562,0.000658345065341645,0.00337152472856782,0.00149524129234413,0.00265532509687797,0.000565578260679868,0.00133663998114819,0.00122492081854476,0.00140845944282182,0.000149623878486738,4.58846560692662e-05,0.000426926799948825,4.88771336390009e-05,7.88019093363485e-05,0.000312215159775659,0.000129674028021839,0.000349122383135721,0.000364084770984395,0.000952605359698896,0.000103739222417471,0.000273312951369107,0.000126681550452105,0.000155608833626207,8.97743270920426e-05,6.28420289644298e-05,6.38395214876747e-05,0.000137653968207799,0.000106731699987206
mSK03,0.006756181245774,0.0925954893809866,0.0411926323626507,0.224717170809318,0.0576074763583387,0.799054062289604,8.0970065379074,0.967986623629165,0.671167652937718,0.689438819216272,4.13493482798773,0.203199927085324,7.60174734811748,7.0489774313527,0.191656007657488,7.50737781863957,12.1707225153538,3.70755663320102,2.8396839206684,0.109785232644291,0.0170007654955892,0.224821153791554,0.0316804499877119,0.161592266993577,0.85848530973637,0.134034968301466,0.01707943088215,0.0015832539295169,0.0033509646275212,0.00951308657478429,0.0174320688219054,0.0840254832450864,0.0192115341179015,0.00705004619557011,0.392081849616737,0.00150097174357399,0.201587738760751,0.00930512061031319,0.0222415078002608,0.01033862103375,0.00234730279898679,0.0170785266823045,0.0425299439341844,3.11205423173665,1.25836317042124,0.375689610617187,1.41454560973903,9.24495243999232,0.0135991656767185,0.604001880012319,0.0344066125219743,0.00927347361571977,0.035965453055662,0.0207513864548331,0.00696233881055404,0.0864740564267722,0.0139879716102949,0.036528769559425,0.0440408618760592,0.00327139504111487,0.00286360091078242,0.0233012300192179,0.0102979320407013,0.00949138577849165,0.0131298859568903,0.000220624762308466,0.000486459516893256,0.000278493552422162,0.000586825699746697,0.0077562262749263,0.00089334944738018,0.00365748837515469,0.000248654957519787,0.000716126277656987,0.000324607744544013,0.000169085371113455,0.00163841012009401,9.31325840892293e-05,0.000161851772349243,0.000169989570958982,0.000566933303145115,4.61141921218514e-05,0.00016004337265819,0.000150097174357399,0.000167276971422402,0.000375242935893497,0.000120258579455024,0.000525340110250896,2.3509195983689e-05,0.000110312381154233,0.000161851772349243,0.000138342576365554,0.000127492178219236,0.000308332147324536,8.58989853250173e-05,0.000155522373430558,6.51023888779079e-05
mSK05,0.00907827994544059,1.29439029716544,0.421579218147539,0.556791873854226,0.0576271313860037,0.483051310894166,0.802689945153221,0.670844510417347,0.937253892462578,0.821358196527603,2.56448373663797,0.0552238789682311,2.10193524871662,1.22306268693563,0.166775047449685,22.6560267980833,4.7257557968158,0.366171033242122,1.26252355811827,0.184286536560417,0.0445959741035608,0.165763789873286,0.0386157314575192,0.0876871872331277,1.50996155402401,0.614461444107345,0.0421308821937063,0.00138108198982995,0.00614151034107875,0.0187798049679423,0.0219396817594233,0.0473593506222811,0.019548554732255,0.0108692001376959,0.406010216611615,0.00158600109104265,0.322959778745573,0.00888063607859048,0.0419902276626964,0.00570984643556561,0.0043263393676148,0.0104545117790288,0.0968782333111883,2.72028166797358,0.968994527447459,11.3779051374916,2.13679574670399,15.2444145297586,0.0190174626237866,0.0419599141861856,0.0290900245987799,0.0136653152110479,0.0346240528705832,0.696724944123169,0.0146462593109359,0.0352084966977105,0.0870045277421055,0.377915686581449,0.446652100839113,9.57905857739825e-05,0.0005347297256497,0.189789038816649,0.0801936958396694,0.0015035484349334,0.00419781022720921,0.000106703437317854,0.000127316601345167,0.00148293527090608,0.000346786171283025,0.0565176581457101,0.0089861269768479,3.88012499337651e-05,0.000220682108998289,0.000680234412901319,0.000146717226312049,0.000247357968327752,3.51636327524746e-05,0.000440151678936147,0.00186124745776029,0.00198856405910546,0.0005347297256497,0.000580806209946046,0.000591719061489917,0.000240082733965171,0.000129741679466027,0.000293434452624098,0.000224319726179579,0.000772387381494011,0.000328598085376573,0.00256209503468892,8.12401170488206e-05,0.000175818163762373,5.69893358402174e-05,9.9428202955273e-05,6.54771092632285e-05,2.91009374503238e-05,9.45780467135523e-05
mSK06,0.0426445632888057,1.2908148192153,1.03288444225834,0.379277739220579,0.131360712266327,0.793780277785302,2.32278829616974,0.250395530959277,4.0764800920889,1.77502800854892,2.84572599064933,0.0766507042609772,2.09938132372853,1.63028507060151,0.670727278356933,3.21502793295819,2.58429106233043,2.64954258639234,3.95780021067526,0.224193164571842,0.15432503309881,0.208693429115197,0.0668105830328157,0.164052495054016,1.44307079813983,0.905612171349279,0.11341154616542,0.0041284172283115,0.0534332029118521,0.0284167873655315,0.0871364963760783,0.152017335088266,0.17615912703164,0.0211157396439841,2.14241110904744,0.0400848961516513,0.312881451578633,0.0301296928704706,0.0507863156924095,0.0290757835428206,0.0022907385500989,0.0383804703769347,0.229054472769382,1.54624004158653,0.832836703799971,0.563468382162931,13.4236552201777,11.4089573280108,0.0221660148015387,0.0674659450400096,0.0577396944748355,0.0256693547734509,0.0627076049951716,0.101044465330962,0.0271254455916523,0.185700034921952,0.222910302528185,0.126741682075144,0.241365829662377,0.00479104757569601,0.00234403971149729,0.0766373789706276,0.00335312760797131,0.0370346160516254,0.690445073904241,0.000970323415457017,0.00158328677153848,0.00282132738401922,0.00725622629037145,0.0229861258530548,0.0436960498363921,0.00296306001773766,0.000835859121929266,0.00180133697725916,0.000754695989799902,0.000505149643252904,0.00114960914016069,0.0113143828968396,0.00124288617260786,0.00295700306757875,0.00145245664810607,0.00225318545911367,0.000486978792776181,0.238330086242733,0.000597215285668301,0.000333132258739925,0.00123198366232183,0.000597215285668301,0.000155057924068038,0.00080799715119829,0.000247123566483435,0.000732890969227834,0.000145366803813785,0.000142944023750222,0.000221684375816023,0.000187765454926139,0.000295579167754697
mSK07,0.0932107279185434,0.0785569181956955,1.33367386794295,0.798393051585049,0.198739496110515,0.265106974716172,0.139767985696251,0.903519823566721,0.175579941928504,0.328218474537932,0.0450150021746852,1.3403068054129,0.672511081901927,0.345868203884933,0.0444710689138293,0.25176108157328,0.346653144352438,0.963723042748563,0.244912857033363,0.214627872393905,0.0411407875128622,0.206366945532009,0.444904066462205,0.632457208313122,0.470733751870449,0.413989414772964,0.657007555071052,0.996392379317832,0.0187766523725578,0.0371074890426979,0.0580627322516434,0.456030407069555,0.310262961343759,0.148573798416657,2.46012726285524,0.0114997588880076,0.0260049633767164,0.0411188777668032,0.0128514949600821,0.531089386677049,0.00394470688827365,1.93311118374986,0.504690047871271,0.511583044500961,0.507798374018684,0.165521463292116,0.482275425055265,0.352675466725697,13.6846816410064,2.4013005472845,0.356189599474029,0.040240582729134,0.567268093006377,0.0301544787607589,0.24707715890493,0.224170043101424,0.0954217070751924,0.110845215703069,0.107401575181188,0.00546695794054636,0.0316014745983072,0.0729861271107826,0.0018185089228965,0.0858538162309952,0.0094850148482349,0.00401805690768854,0.00218811681293518,0.00878295037669236,0.182264319671807,0.0215239440088247,0.0441891000080266,0.00250818962492744,0.00212524536772241,0.00386468868527559,0.00176611605188586,0.00159274327872339,0.00136983542751449,0.00436575505166823,0.00183756087599127,0.00507162991382973,0.00182136671586071,0.00269013577698256,0.000635382635710825,0.0102213728353481,0.00287112933138295,0.00206523171547386,0.000811613201837515,0.00152129845461797,0.000222907851208895,0.000997369744511594,0.000572511190498059,0.000301973456552221,0.000550601444439065,0.0019680667546905,0.000239102011339456,0.00049630337811895,0.000209571484042551
mSK08,0.17839591810578,0.161654108144197,2.61942295831509,0.888680301847388,0.379125286743506,0.570391487176363,0.253007726991825,0.595415479610447,0.144018280945961,0.289698092501731,0.339025260053738,0.683350098066814,0.675596854567185,0.367070062865798,0.0939626549048299,2.67803330199773,1.30951875179504,7.78139952395832,1.35787124528468,0.255188008343889,0.0601368802367718,0.303473429315295,0.269111074501402,0.350239105886315,1.67844222361393,0.515785967145469,0.451829349446495,0.0119151357067224,0.0139689131952903,0.032834120221325,0.0479177956499719,0.897652736944199,0.355481799558041,0.341129129676173,0.934908549253354,0.0153511164823463,0.0431760233169204,0.0534975499512816,0.00748665146514737,0.909510139344091,0.0048181840626799,0.627513500169685,0.641906073954804,0.867259546974892,0.900513931709173,10.122271163086,8.08789036757472,0.75070788675347,0.0155234673836193,3.33776283639797,0.41202647948306,0.029623978557714,3.44409145621433,0.0404914245493092,0.158891399608521,0.229951761105282,0.0634387159759369,0.00636170100117365,0.109411408597257,0.0170508529569692,0.019586024342196,0.00245026946341748,0.00267186347933985,0.0490877441325046,0.00386133940388866,0.00449895283667679,0.00267271249855794,0.0104285030558409,0.52313762455494,0.000815058449369639,0.00390463938401143,0.00490818009979779,0.00109523479134045,0.00257762234613148,0.00228301267745308,0.000766664353938317,0.00488016246560071,0.0047018684298011,0.000129899940368286,0.000128201901932099,0.00116060927113364,0.000118862690533072,4.75450762132289e-05,0.0260555507840676,0.000535731126616919,0.00100354071578637,0.000697893797272753,0.000567144837686374,8.23548641550573e-05,0.000703836931799407,0.000440640974190461,6.70725182293765e-05,0.000382058648142018,0.000428754705137154,0.000116315632878792,0.000251309688555639,0.000144333267075874
mSK09,0.0240475739550787,0.410080324132874,0.757196582447051,0.434827259881047,0.166966083271775,0.363860737395107,0.451407183245954,0.580639518863022,1.20344924488374,0.396343661747648,5.3136583413442,0.0833250307494795,3.44196890315836,2.70833464229926,0.0762472650092017,24.7500884860964,0.533396133778412,1.80430667740168,3.59371545264939,0.319154876249614,0.0467609376444537,0.249360813240332,0.192866778983423,0.262860926783776,0.530248070733826,0.317957172430156,0.0312057476020492,0.00791269900395921,0.00762566147657938,0.11464858528459,0.0144266744217288,0.328954356133874,0.0444711822550296,0.431694156447009,0.68330358614776,0.00437662106079795,0.0502624214882239,0.0268394112735027,0.00591465602021103,0.259397776942034,0.00509374739141791,3.36252308641898,0.405282964025428,1.05228331527708,0.713356508761994,0.321467071054859,7.29575251029745,6.82389086455479,0.0177589276711806,0.729934562175582,1.9123085207249,0.0286037103424464,0.407667151956433,0.0317171792876413,0.0940211522909297,0.0656212666421927,0.0228096661822745,0.0224693350423192,0.00302277630625075,0.00198682327583757,0.001692305943184,0.0145968399917064,0.00185031682959179,0.0335946104113504,0.00636998916625004,0.00312749358008313,0.00211584991680961,0.00104436781134615,0.0887965083072213,0.00365107994924503,0.00188865083161971,0.00152027042188794,0.00294704327785412,0.00161563793912815,0.00154364481336839,0.00266187570179273,0.00159226354764771,0.00460008024335098,0.000166425667340747,0.000194474937117277,0.00116778459836288,8.22778580111557e-05,5.7968490871496e-05,0.000521716417843464,0.0186546343527111,0.000343136066932888,0.000456268121698227,0.000421674022307173,0.000232808939145202,0.000400169582145166,0.000219719279916154,0.000135571470586563,0.000117806933061427,0.000193539961458059,6.73182474636728e-05,0.000231873963485984,0.000101912346854727
mSK10,0.0263316800223606,0.0255371063278478,0.269501993905339,0.102935088427087,0.0678648556714895,0.0869311085269887,0.154690489814251,0.227698979623228,0.125134809447341,0.0760944945008293,0.0101237829794228,0.0588916224333468,1.48364927306175,0.0828589183426107,0.0176344380896128,0.0222937690128565,1.09873017630922,0.237521281654401,0.219823558934252,0.0895679681326727,0.00884666397706987,0.0700938809914944,0.122767788474638,0.0922769019009121,0.187732977533077,0.083991010066651,0.0556157638498853,0.00642690581225384,0.00272914969188296,0.0075379026594487,0.00849332478990821,0.1197345209749,0.0254949165741568,0.0599199976795635,0.270673638523464,0.00166825317719609,0.00508738113256636,0.00550048913745685,0.00129118225358327,0.973540871763365,0.00206114525844301,2.36392354161887,0.104506656752075,0.253062053217101,0.189280814121614,0.0348170942334517,0.157869663545504,0.167602312350083,37.2399621346961,2.06896530508026,0.114187447317742,0.0151601848262793,0.738421769209742,0.00820502813968676,0.124523058018822,0.0390773804030352,0.249584914350405,0.00237668945792319,0.0297402605393081,0.00144763592352052,0.00472964717939523,0.000873679482683304,0.00062845153935469,0.00952170003612498,0.00400978450704349,0.00149070463041336,0.00082973182258857,0.0510830021877145,0.085493141088689,0.000727773251168788,0.051954923763994,0.000664488620632372,0.00141599360825232,0.000612630381720586,0.000667125480238056,0.00106441232749445,0.000409592192082917,0.0160435327941834,0.0174727107004642,0.00360282917456626,0.000297086182240399,0.00445101901439462,0.00112681800482897,0.000617025147730059,0.000526492967934908,0.000445629273360598,0.00054934575118417,0.000245227943328613,0.000297965135442294,0.000424534396515126,0.000238196317713456,0.00189150729047733,0.000230285738896404,0.000121295541861465,0.000613509334922481,0.00033488116992187,6.6800443343995e-05
mSK12,0.191587712913458,0.427833889656358,3.1030745819279,0.52198001330594,0.165116613616652,1.16964107845875,1.32261113076254,0.482036743036453,0.367995869612398,0.694179359334972,0.199879401335589,0.0779166845844906,2.78801428286082,2.48164733194279,0.0491270939926711,0.574280616824203,0.479482293221993,3.74776893266205,1.73768602744319,0.201987120694692,0.0937948370897311,0.262507829713456,0.0954213601423217,0.441583113047939,1.00236769792559,0.334363826933281,0.0672468524326554,0.00695017144639974,0.0671699670723863,0.0717552508856796,0.300241308680034,0.129920351538956,0.236573602328874,0.0289950600890905,1.93475513629998,0.0172064133843732,0.0857961084024192,0.0382252801503687,0.0195845571140778,1.14395208886124,0.00416373994147274,0.107537432433013,0.694362293468027,1.52540024530142,1.22228766609823,0.389632470479866,2.56243926387941,16.9870408929901,0.00425520700799984,0.198397369735918,1.99081914564245,0.161809217515418,0.215762856279469,0.690134924262883,0.0609767187417398,0.052580307156484,0.508298396007009,0.0130188124690238,0.320466135259801,0.00543765082455307,0.00356323876557744,0.00821480306186138,0.00196853034482236,0.304926013217813,1.29045449163479,0.0073730409278801,0.00335909487796623,0.00832747988294549,0.0112888918629678,0.00211832423638123,0.000787412137928943,0.00230390958875505,0.00235428275582795,0.00218990715801113,0.000963718222684076,0.00230258397909524,0.00179089865040741,0.00152445110878499,0.000157747549517751,7.82109699289691e-05,0.000218725593869151,4.90475574130823e-05,0.00132958648879247,4.63963380934562e-05,0.00580484470032128,0.00100481212213828,0.000283680467199989,0.000662804829906517,9.54438955065385e-05,0.000312843879715876,0.000589896298616801,3.31402414953259e-05,0.000229330471147655,0.00034068168257195,2.12097545570086e-05,0.000314169489375689,0.000152445110878499
mSK14,0.0801879298159314,0.207227980043132,0.204945143559231,1.09192106966921,0.219112322831299,0.350088766757359,0.528898431047664,0.538572700266128,1.0222038031656,0.264557960098897,0.224823811799602,0.196490252847929,1.27965018789224,0.267522049361881,0.09186357897107,0.921057755283287,0.371438685130963,2.89149186442654,0.657213831254486,0.220452439800483,0.0431771934480434,0.240418263619398,0.412231493852213,0.366956169779387,1.06291505345555,0.219168294303759,0.218023277895722,0.00897302662778835,0.0104058963227622,0.0238038676447388,0.0320412692059111,0.450894987842596,0.28643321072116,0.138970769378263,1.91223897004175,0.00782561144236006,0.0517128429981807,0.0498913713658423,0.00371090862409247,0.0694845850966679,0.00322075844383635,1.04542316871937,0.728803743308111,1.30838194389084,1.07190806989494,2.41886235423529,1.75461450807752,9.5404342314809,0.0213603130756316,1.56055261754189,0.650487659449732,0.0282064237499431,0.904643721188185,0.0358753150694154,0.117846336079427,0.444627782112013,0.26656573677528,0.266881575798447,0.512039823542737,0.0107161381986829,0.00402914642465028,0.0872555276026915,0.00452969130693468,0.580866344041769,0.00656385453462079,0.00302325910529921,0.00358137464497095,0.0159086916580357,0.413085458603459,0.0125048265400091,0.127451040753549,0.00592418056365032,0.00401955131508573,0.0343049154706829,0.00116740499702112,0.00356938075801526,0.0029001218658874,0.00549399981817267,0.00195980112856079,0.0149060027085395,0.000903539483995797,0.120587339045036,0.000636475601115623,0.00286493979748402,0.0119611036646842,0.000670058484591573,0.00190382965610088,0.00361335834351948,0.000628479676478492,0.00100588731935107,0.000458166481707603,0.000235879776795363,0.000622882529232501,0.000175110749553168,0.000338227612150639,0.000319037393021525,0.000215090372738823
mSK19,0.0596321407053242,0.0679720602399393,1.53745437472488,0.415561575174391,0.134100899338483,0.0256233983861862,0.485816968504055,0.539008938956311,0.218148149434238,0.577208839095314,0.17138928321753,0.0505401950204684,1.87136811746677,0.584086093003488,0.121910000255992,0.580421858204329,0.759474742136794,1.39007440960597,1.29862702030563,0.0924961881863778,0.0212152128853796,0.102420914507406,0.351201259317755,0.209188439220096,0.275262769040636,0.246455625046585,0.054682900148774,0.00360972552115513,0.00574366281190512,0.0242717701779013,0.0226627370457086,0.206370107661073,0.120672437759086,0.260298962797458,1.59131458854822,0.00135768479472977,0.0118678811387642,0.0219611824491753,0.0153433523270576,0.0797551491684751,0.00257505867015289,0.300588385259948,0.438400962658076,0.530667000559548,1.02449077634375,6.20150844534452,0.354181099848642,1.76840614790362,0.912465125165819,1.92558869818358,0.320373234313259,0.0195022083525495,0.106554534756044,0.0370905353885135,0.0272859313653088,0.181835885403893,0.0307482799496383,0.0351342579668136,0.354044826653632,0.00775848723590558,0.0343024867617152,0.0234884516643621,0.0265490466811804,0.130463919178326,0.671578531355311,0.00101346879844512,0.00152222205981598,0.00856098493985365,0.419657846473286,0.0075697236250398,0.00152323149089013,0.00115478914882591,0.00101447822951927,0.0862841493560678,0.00054812107326265,0.000748997857018207,0.0024983419085176,0.000212989956645339,0.00193709823129102,0.0006510830428258,0.00104072343744713,0.00105182717926276,0.000921610570697605,0.000813601445763713,0.00052086643426064,0.00117194947708644,0.00067833768182781,0.000303838753318706,0.000450206259070243,0.000351282013803687,0.000543073917891907,0.00347244289507093,0.00110633645726679,0.000116084573527081,0.00106595921430084,0.000832780636172535,0.000193810766236517
mSK20,0.170873855844155,0.190162388753462,0.674680148895863,0.145243667899297,0.306908678422242,0.715055886881258,0.292107921612229,0.116423953369584,0.0879710967273534,0.136748948854205,0.0181416567950433,0.0400516208226685,0.552302768740588,0.251828350257532,0.0344721753785858,0.136784566124834,0.187202593564166,0.478021169979613,0.118308106985875,0.458901819105795,0.0726378617214318,0.547795403142448,1.05115826117482,1.75769449692155,2.14818978605667,0.0737598057462554,0.0227434081603512,0.0257334780296825,0.0165424413437869,0.0338435305519783,0.0849169157708893,1.08064579952883,0.176364258111664,0.386618349227125,2.83327908229395,0.0126583779816597,0.0842936135348763,0.0516575084572319,0.00394283185866554,0.372537061283824,0.00489381298446834,0.21231811194843,0.101158391177859,0.156044605217638,0.489148005324212,0.0706949396086025,0.2831074373242,2.41190361952321,4.36665957051911,1.05868240959526,2.1964173513523,0.046218751232135,1.38395891448104,0.0704669890765749,0.571715962097098,0.477554583734369,0.239914373232025,0.0200738937266838,0.00829882405663118,0.0362939987712754,0.00997283577620914,0.0120208288373949,0.00631672294610961,0.116967116746682,0.000633987417201867,0.0134508622531621,0.00867280539823902,0.0745255770647857,0.419256235168301,0.00332487221324687,0.00038822824985957,0.025631968808389,0.0184337184142037,0.0434690979395516,0.00316281363188347,0.0168594350523878,0.0127919427465197,0.045485035457171,0.00213525537422763,0.000249320894405228,0.0059516459221591,0.000169182035489262,0.000156715990769001,0.0381140413004336,0.0137856645970777,0.00212813192010177,0.0026962273866394,0.00156359818062708,8.5481449510364e-05,0.0014994870934943,0.00145496550520765,0.000233293122622035,0.00131961987681625,0.000557410285348832,0.000106851811887955,0.00312185377065975,0.000575218920663491
mSK22,0.0359210632735986,1.01020396151864,0.182749042263194,0.558472542220223,0.120162475095426,0.407306316424065,0.990395482299763,0.515960254950949,0.55308216772352,2.55573049178062,0.205286724888829,0.0929479662260999,1.63979242485783,0.414604760085142,0.16263679083904,4.1340359415679,1.28091087867756,2.14858871863441,0.774489387401579,0.0905953137821323,0.0327567694686657,0.159043735223539,0.118486981525714,0.276723821828995,0.877583661713197,0.297396153256622,0.028684323341717,0.476153438884893,0.00882996186266535,0.0136792421187251,0.032127075001484,0.188800754165128,0.0685259466396276,0.0204729809179161,0.80372746215916,0.00431135030922112,0.124484900432964,0.0196977289357075,0.00314847233590827,0.0172390726492746,0.00252985289704388,0.0318834243785042,0.535007721509743,2.39757117667556,0.850715643015511,1.9720527672572,2.54942088993358,19.1828983336449,0.00522108477813934,0.127297957625549,0.0793146063675464,0.0118328766835467,0.540475621204667,0.0203796342506706,0.0358878381886469,0.291739978080304,0.0140288965841702,0.026679743216292,0.00180364746881177,0.0013068533414373,0.00351553041728049,0.011298111030513,0.000867016502551623,0.146054309154289,0.403866729058102,0.000662919552133449,0.000892330852991087,0.00230360588999117,0.0619283940563424,0.00221500566345305,0.00189066554844743,0.000444583279593077,0.00231468091830844,0.000534765653033665,0.000542676387545998,0.00169289718563912,0.000336997290225357,0.00396644228448343,0.000666083845938382,0.000409776047738815,0.00106320271845747,0.000254725651297101,0.000248397063687235,0.000909734468918218,0.000441418985788144,0.000620201585766855,0.000477808364544873,0.00042085107605608,9.33466672455215e-05,0.000351236612347555,0.000145557515026915,0.000773669835306102,0.000132900339807183,0.000208843391125574,0.000284786442443964,0.000101257401757854,0.000142393221221982
mSK23,0.0964770828393393,0.210837895846328,0.780365405563111,1.23263032712834,0.324780044777733,1.01299271209122,1.34303770748525,0.353169244852608,1.50378472324328,0.899733529755267,0.389044425122474,0.211796270109535,1.08559816901875,0.556357914829912,0.556458971675743,11.1990263717056,0.862899975222194,4.32350281950821,1.00888602840022,0.386478025444293,0.102317280116517,0.32885230251027,0.3240537681055,0.701434456395459,2.59002699083985,0.219777539900574,0.0206233701529694,0.00879305610205222,0.0114216446084374,0.0310655407172024,0.0212463689497933,0.388777901573031,0.0829410180719846,0.513797435528175,2.18803063172922,0.00579466617081441,0.22259269489157,0.0282226228564732,0.00417775663752469,1.19973910009745,0.00396897985712739,0.103306748793825,0.390720191939599,1.91128257262034,1.4582780482054,1.16576845269132,1.50072303396905,12.6153558342582,0.0760158478456146,0.279307795698328,0.244789664501044,0.033011162628139,2.30450253335076,0.0172274159271452,0.0865235387824192,0.0870421491890443,0.011522701454268,0.00970478874410639,0.00186899639047157,0.00397564294586347,0.00196672169193414,0.00412000986847862,0.00379462903519985,0.228400687239856,0.878370556752592,0.00149697393604021,0.00199115301729978,0.00179126035521726,0.00338151753356264,0.00126709737464531,0.00189453823062656,0.00127487097817074,0.00303614743407562,0.000769586749017705,0.00137259627963331,0.00271520865995424,0.000937274482209153,0.00436210209255634,0.00119713494291643,0.00115937744007862,0.000846212269482672,0.00193784830741111,0.000527494524939986,0.00027540766775814,0.000201003176871868,0.000169908762770143,0.000455311063632409,0.000544152246780196,0.000181013910663616,0.000328712377646812,0.000269855093811403,0.00217660898712078,0.000146587952193849,6.8851916939535e-05,0.00055081533551628,0.000307612596649213,0.00023765016492033
mSK27,0.320091992836227,0.114567975000668,0.187338775644364,1.70936801815384,0.227567064369005,0.392498030960392,0.118326791744684,0.224441497054807,0.0485961307619122,0.133344430792292,0.0390716254192125,0.0458638018516701,0.32732622347451,0.158671695996014,0.0724996017444164,0.713151405518127,0.664834609622473,1.29256242985101,0.23946862806389,0.368661003708211,0.0670118920174936,0.631814787640685,1.48521399193227,1.29925968666872,1.6805070312925,0.200121735761909,0.186968589146848,11.0880334407769,0.0216715040414331,0.0426094150603149,0.328552042499254,2.98257362656877,0.333067504172259,0.1475715250485,1.8896678263674,0.0432236805671832,0.0331879652993415,0.032709299242113,0.0138528397752021,0.124846413283366,0.00427816263613575,0.108414471976014,1.69540805481342,0.552185366834208,1.56831475864952,0.107602231272672,1.64895439535582,0.678604733733395,1.70912122715549,1.14842021488391,0.503183793717873,0.0430690971945938,0.467616058077353,0.0291064218651834,0.373260537039993,0.233540220125638,0.0218111714745621,0.157157050143537,0.00618333490357496,0.0527508978988757,0.0245340084233293,0.0680573637742165,0.0105970969893505,0.414200722875242,0.00162719339567762,0.00556771340221026,0.00302929170495317,0.00268215711387528,0.641393532763241,0.0178326836221303,0.00980248421446127,0.00600434363005042,0.00377373268347568,0.0024624860054588,0.00196754801427352,0.00113632338798154,0.00371542492013057,0.000554601749026789,0.00171397704344709,0.00205975564002859,0.000934280208018234,0.00127327883211774,0.000417646304890589,0.00017085530654615,0.00158380157179289,0.00274588885520599,0.000424426277372579,0.00138447038082238,0.000154583372589374,0.00107665963014003,0.000907160318090274,4.61038128775326e-05,0.00124073496420419,0.000436630227840162,0.00026713091579041,0.00174380892236785,0.000528837853595227
mSK28,0.104804794571842,0.161054045377579,0.819437360137276,0.31640233873183,0.119437864245345,0.182969416587492,1.14607939401557,0.247486766799656,0.944594912085734,0.486094687878823,0.268005540535451,0.0905334466736308,1.69651814495792,0.619027137349139,0.372306227038544,2.18746063170461,0.463601894806509,1.67324313612028,0.904901854763848,0.0853124139471773,0.0359516302491404,0.0907994363877904,0.211761742821804,0.308468089741124,0.3077664585589,0.212703310055982,0.0210665065412627,0.00324398389432887,0.00334880444227786,0.0110728064379642,0.0110303934994877,0.138261332240324,0.0569496701897196,0.0855705269727627,0.520580648154041,0.00213821799833518,0.0213797563868675,0.0114508874895258,0.00238724253710417,0.736218933552594,0.00216608935790543,0.0370834498073411,0.247564927786277,2.03316054382985,1.14893923786713,3.16303334815443,1.9708268540501,9.92925364328353,0.00611352213182261,0.276688074940706,0.101220295371459,0.0253683903010189,0.137883857087883,0.00893034714578132,0.0664447153163591,0.262671810572474,0.00346028988055886,0.309601121097567,0.000289013880761089,0.00190615863495678,0.00234543549774879,0.157501658830614,0.000859770852830157,4.78660305663019e-05,0.0112872947268309,0.00160745036825822,0.00219638431396006,5.69545173826884e-05,0.000700419383982848,0.0147324371293624,0.0651450617016158,0.000700419383982848,0.000937325940329988,0.00237633635292451,0.000717990458494529,0.000911878177244106,0.000343544801659408,0.000682242410350075,0.00682484769998512,0.0100021826909938,0.000588328046580749,0.0804676445749223,0.00204188003808149,0.00110091870302494,0.00014723348642546,0.000128450613671595,0.000135115504003612,0.000131480109277057,0.000705266576951588,8.24022804685704e-05,0.000144203990819998,0.000121785723339578,0.000101791052343528,5.02896270506716e-05,6.60430041990748e-05,0.000158745569726216,0.000115120833007562
mSK41,0.0203743813290278,0.260505283587485,0.0759888401757097,0.738137963178954,0.168186458323994,1.38959234072276,0.316381763697923,0.298134745486537,0.156190518833652,0.425123261843178,5.35353914170782,0.17687148286585,4.64376096980094,3.60053400290045,0.105612393869579,0.632316130544127,2.0506835751543,6.58107133079726,3.3636213277965,0.162987029573128,0.0384877152221717,0.196761926962838,0.163080608595898,0.127307576262848,1.06130197795574,0.268463956666888,0.0434340349971642,0.00467538622335331,0.0342160556399123,0.0744131476780184,0.0146865592021805,0.0897128722865403,0.125546508177194,0.39906284084488,1.46173018130428,0.0114718969628295,0.0485363198101069,0.0242235984656391,0.0083686383220144,0.0483001441812109,0.00570029932988329,0.0544032789233999,0.0671514155110563,4.80389339356519,3.67578490563946,0.367789622663891,5.32241832364963,24.5131266147172,0.00393388387149857,2.18075930803357,0.073005006192525,0.0685657955980677,0.132021285324098,0.0143781940414333,0.0392283263452381,0.0418449740676486,0.118981716922672,0.000722786547300711,0.00372890125019257,0.00275657064217152,1.58122435478021,0.000296779186499552,0.0142293588337893,0.284105021901324,0.000130119403089894,0.00149369944916892,0.00637406829382822,0.00293392517104062,0.00105432365654345,5.88211000269383e-05,0.000778933960962789,0.00155786792192558,0.000819039256435701,0.00112116581566497,0.000822604171588849,0.000894793703440091,0.000598014516940539,0.000191614189481693,0.00470836168851992,7.39719894278163e-05,0.000859144551908614,3.47579227431908e-05,3.74316091080516e-05,0.000730807606395294,0.000794976079151954,0.000269151094062657,4.27789818377733e-05,0.00046076528354435,8.91228788286944e-06,0.000104273768229572,9.5361480346703e-05,3.47579227431908e-05,9.71439379232769e-05,0.000113186056112442,7.12983030629555e-05,0.000109621140959294,0.000117642200053877
mSK42,0.0100098816196573,0.357021810836254,0.0980747511305607,0.24672094096392,0.0530232890737772,0.176482422603698,5.81948747167782,0.526745814654602,0.452627040602171,0.848173826501707,4.31244991009587,0.0447790342377858,2.58475244174845,1.39514262082277,0.147363570209862,4.88613135650676,0.632617891739718,1.43842035689046,6.47556360750744,0.0353309429583859,0.0263776395015979,0.0599341201794854,0.158681105360708,0.11645184825046,0.12920956938498,0.123995889962487,0.0509307489073141,0.00996055009567665,0.00376539423338929,0.018946986665586,0.007507963433295,0.0984031370961633,0.015510714689202,0.0102160432124123,0.19625552822311,0.00333613634561731,0.0467486137399987,0.00909982544592458,0.00501856220077854,0.0937991069551028,0.00440302258812436,0.466886059906789,0.107694398306789,1.6064221751179,0.73295968409918,3.3990760073026,39.2076615066972,2.4634410702402,0.0455572942504359,2.19069222819096,0.0556717292492761,0.011315326276638,0.0699528372959751,0.0336146476987006,0.0157544271434945,0.021796434394021,0.00860577391471531,0.431396814296823,0.0875192775815054,0.00165960082167764,0.00241429950944144,0.228840104249438,0.00148804492484939,0.0743153638569512,0.00241135434383065,0.000374772323972458,0.000443983715825918,0.057379189012129,0.000427785304966598,0.0255176511432485,0.00576148022609919,0.00189668665334588,0.0026447587184854,0.000850416570114321,0.000395388483247957,0.00270807977911729,0.000746599482334131,0.00197546983343439,0.00865216027308518,0.00733051720524517,0.000598604910392158,0.000198062387325327,0.00250118189495961,0.000419686099536938,0.000469753914920291,0.000265801196373394,0.000416740933926152,0.000229722917641271,0.00104774266603695,0.000153884903163544,0.000156093777371633,3.90234443429082e-05,0.000144313114928491,0.000188490599090274,0.000145049406331187,0.000156830068774329,7.1420266061549e-05
mSK43,0.0133062968838156,0.473158076716274,4.62838562097871,0.496519623008953,0.0819065346639644,0.936540013244203,0.252559347923923,1.16432554312668,0.350428421154614,0.669304956156018,2.70543076295415,0.267557025777022,6.57256323329153,5.87800777817812,0.162956925314429,12.569475720822,1.1359233052185,18.6962032657744,2.56901952882266,0.186951955455925,0.0402283151056544,0.295172112962171,1.09160661497634,0.181223421641539,1.09628979590488,0.248662272365524,0.0133198864713315,0.00428490147904471,0.00903393963940092,0.0205160957374314,0.00891686011618721,0.0986719042470137,0.267552844365479,0.0212206635824854,0.527013612041696,0.0182685870328825,0.0837076776862611,0.0391955064544478,0.0260961894420278,0.0259310236860656,0.00289458214088187,0.0362026611422972,1.26850541172917,1.63132335528672,1.40652439859908,0.355990743860151,3.87201008690269,0.526551566066156,0.019507330202599,0.60046115115347,0.0853572445401114,0.0311494252921625,0.0966773709408373,0.010147240462817,0.0366093034148877,0.951084007944849,0.0414931920975169,0.0067613424655919,0.00378208674095725,0.00341307717225689,0.000839418367326885,0.00247853169231886,0.00427549330307218,0.539272465333903,0.00826351456253926,0.00129519222555169,0.00177291849437908,0.00494556450289352,0.770043523058331,0.000586442968954399,0.000649164142104602,0.00526648783884539,0.00221614811797384,0.000637665260360398,0.000955452537654761,0.0022861867613249,0.00323432182877881,0.000433821447622238,4.91315856343258e-05,7.84014664377539e-05,0.000386780567759586,4.0768762547632e-05,1.67256461733875e-05,0.000142167992473794,0.000154712227103834,0.000155757579989671,3.24059394609383e-05,0.000195480989651466,0.000139031933816284,0.000104535288583672,0.000111852758784529,7.52654077802437e-05,9.51271126111414e-05,9.51271126111414e-05,0.000177709990592242,8.25828779811008e-05,0.000254020751258323
mSK44,0.109582359807412,0.0819598190094965,1.33032820066329,0.991580544131279,0.224530904089627,0.265747952300767,0.119823110305377,0.85171899637281,0.175376862392891,0.284477141320033,0.0437679150272448,1.24234844001402,0.590820465588859,0.29454968374107,0.0462502847398581,0.262959513252299,0.307803439740722,0.985742683399521,0.228938996167492,0.191244780000483,0.0454942154456217,0.200920212631657,0.428981752232902,0.569349658326043,0.418317880386786,0.427662966227703,0.846273043119256,1.12732966452442,0.0217838130142138,0.0430699382131849,0.0572653126228613,0.409426262712022,0.420047649012934,0.126851433354781,3.72643578252617,0.0146419061602861,0.0250083791899765,0.0503722496765549,0.0102771666795684,0.503823074790929,0.00436560653266067,1.90938797369822,0.529478274730333,0.47356122787873,0.473633193189994,0.173864723804419,0.415015279536159,0.299170203544952,11.4202168628701,2.11777090240269,0.37273089038327,0.0441260074796756,0.640731443631774,0.0293115579827461,0.26777165153557,0.298981186221393,0.0820499924115614,0.173905475245736,0.113999989456648,0.00756762935790711,0.0308601127528219,0.115708948836167,0.00210867032520968,0.107710394662622,0.0127222531586356,0.00445231172695383,0.00225086684385047,0.00992774474656696,0.1874522948021,0.0334794766724183,0.051031209153183,0.00429277416945441,0.00216069344178558,0.00320809218884697,0.00202109807897359,0.00113236983746868,0.00217369922092955,0.00359739851122326,0.0023176298434562,0.00612658902875477,0.00182080908015639,0.00308583786489361,0.000659826528570957,0.00567138675871568,0.00289595348939159,0.00219190731173112,0.000677167567429589,0.00150433512098635,0.000308670491683654,0.0010890172403221,0.000538439256560531,0.000315606907227107,0.00063988433388353,0.0015771674841926,0.000273121362023458,0.000550577983761574,0.000316473959170038
mSK47,0.0217363373047142,0.277462114865231,0.21587746374229,0.532757450444581,0.145560147220592,1.32993698231121,0.583859168660868,0.143199595533915,1.68053983792621,0.5682787413334,0.103009286716952,0.23931591408669,0.421906847362934,0.0713157846789267,0.0624248974560427,6.38846264540954,0.493889915387096,0.359845565279111,0.247561138337822,0.11175276230245,0.0293083817451168,0.125039464552189,0.189698139686757,0.141461120957007,0.36111527084913,0.0663362195680222,0.0156806672408907,0.0115452794400842,0.0079828315365853,0.0247661378251245,0.0122214074835621,0.137141959981593,0.0159646803289214,0.32459944278008,0.108245348076908,0.00912379760995419,0.044926153354056,0.013358442579934,0.00655195590969028,0.107126002377022,0.0077843171982386,0.0832924888444278,0.0282666728409212,0.447967259364309,0.452939945265469,26.4075310286264,2.77423984388361,26.2033423249846,0.00604191164433416,0.37832508814184,0.237244289209289,0.0338280225473765,0.14130289913288,0.012233200414553,0.105493664179033,0.025208372737283,0.111340992462017,0.192756439790395,1.09365873069893,0.000286961320778396,0.00368135995765709,0.123689173953732,0.00165592405997122,0.234067077051493,0.00619423700296653,0.00347793189806419,0.00671902243206127,0.00744821866499815,0.000142497916139957,0.0384439722860618,0.00901373025403919,0.000311529927009423,0.0203437887035396,0.00124022324254224,0.00127756752401341,0.0185090051902065,9.43434479271437e-05,0.00151932260932671,0.00114489705036586,0.00133653217896787,0.000155273591380091,0.000417666305927459,0.000396045932444156,6.87920974468757e-06,0.000262392714547369,0.000285978576529154,0.000547388546827282,0.000485475659125094,0.000212272757836073,0.000182790430358841,0.000179842197611118,0.00022701392157469,0.00016411828962326,6.78093531976346e-05,8.84469824316973e-05,0.00024568606231027,0.000178859453361877
mSK51,0.0575178839800785,0.127030095808328,1.7084718726267,1.14690497847871,0.179354391639295,0.168740446489959,1.42407698623406,1.07610774316081,0.586506816101835,0.790531332908,0.284761205305982,0.173699125367659,1.5743200719762,0.934139976108564,1.97988278864657,3.05066320818197,1.51875007428133,7.46517243282484,1.25769028412695,0.166295994566665,0.0335873741429969,0.25299030780627,0.136899773959135,0.400302842241701,1.09332938375646,0.125736931898383,0.0207638863417772,0.236072188595955,0.008381144153749,0.0341118497935229,0.0392926458535967,0.160061595536798,0.157835772044322,0.106422040369368,1.32822004849225,0.00458073079250969,0.0220744940094996,0.0379378473328366,0.00808343735433735,0.558089771764245,0.00261191199796313,0.069187757933578,1.17766064927574,1.34514630812286,1.17335436693893,1.54305853220361,2.43318209285228,4.68520727242821,0.00482378048421685,1.63176934384235,0.346695848755457,0.0274099580552052,0.225743158156993,0.0216837538352718,0.113229757571539,0.80678658932275,0.161254748568815,0.0102790249999983,0.00102685587453314,0.0057890017479343,0.0118094240157238,0.00610531522230918,0.00206534092091831,0.000267470952596402,8.14042029641224e-05,0.00319802225930481,0.00191881335558289,0.000132572559112999,0.0726997678328873,0.00182577998076674,0.00104662546668157,0.00324570186389808,0.000487262300599533,0.00085125537956768,0.00100243461364391,0.000431442275709849,0.0015269102641699,0.000203510507410306,0.000196533004299095,0.00011280296696457,0.000679143636157821,5.34941905192804e-05,0.000348875155560525,0.00011280296696457,0.000152342151261429,0.000465166874080699,0.000141875896594613,0.000840789124900864,2.7910012444842e-05,0.000220954265188332,0.000213976762077122,0.000205836341780709,0.000175600494965464,0.000154667985631832,0.000147690482520622,0.000209325093336315,0.000130246724742596
mSK54,0.143576732330293,0.127732941904559,1.27112772811588,1.3197909763979,0.307141666273205,0.472337664002552,0.760187668358412,0.586257560378673,0.176956738798493,0.46502233877432,0.15704316643894,1.45303321560652,0.77891463559423,0.173177181737704,0.757598862490974,0.171094196363263,0.257582866954401,9.39801706094379,0.381477377609642,0.181286064690196,0.0644879667875279,0.24477399948665,0.648513283285629,0.504639692370922,0.80381178363069,0.64160095602395,0.121265073305579,0.00853924497850022,0.0271327087727234,0.0292787144053083,0.0647325848947971,0.242653699485677,0.461349750309591,0.21602100670849,1.00253538790652,0.0143702772846581,0.0451440643930384,0.0682517687837808,0.0054371556927584,0.0862573199066352,0.00290141951638884,0.798430185270769,1.03525202323636,0.961670067355886,1.84324055739694,0.696586960468437,0.904777700102546,4.74422059040661,0.0051179083324241,1.77678486597026,0.245966409107847,0.0469782855905954,0.210866612963456,0.029236424495238,0.660958955055129,1.33410984241934,0.224121597521752,0.0914515159199703,1.43465451821834,0.0227071940659594,0.00408304935658721,0.0291319435409468,0.00207303480736556,0.451689408107268,0.0106487651984754,0.00307721286805344,0.00259129350920695,0.610574258669071,0.326187880869357,0.00571825921263717,0.00151663226506864,0.00490728799599576,0.00221068431857464,0.00430693711578269,0.00172227731795931,0.00168662111927262,0.00452253273574871,0.00145775807653946,0.00127864786918308,0.000953596011388159,0.00186158525701427,0.000148429292207374,0.00067000484974055,0.0298483843703723,0.00149092663345731,0.00233838326270835,0.000623568870055561,0.00159374915990264,0.000218083261734857,0.00158048173713551,0.00833359992560956,0.000304321509721265,0.000492553070230058,0.00094447465823575,0.000524063199302014,0.000342465350176791,0.000312613648950727
mSK55,0.0199232773068148,0.589587416441986,3.13165701314926,0.447382012072261,0.137246677386809,2.16960071402455,0.220297822869814,1.4519731023706,0.264966533613852,0.56837474961592,4.01121648378055,0.18967883857737,5.08251339775126,4.41449514827025,0.139580432248757,8.60438848342186,1.33118421690826,9.53942785448898,1.93123436652865,0.294016961497363,0.0578899743035916,0.382849271670656,1.48642510831023,0.280059621210699,2.02260528784265,0.16383180054309,0.0173736199942138,0.0180283567282886,0.0136892195688759,0.0311060200532205,0.0166736943751186,0.15324454688151,0.217021126607105,0.0343505819976921,1.34436330417512,0.0181629191859052,0.138962850820143,0.0426924501724759,0.023904920175843,0.0492317839336643,0.00659858141043749,0.0682683548966324,0.910201551464968,1.95760459143173,1.24385820290231,0.314482505424424,7.43215566747448,1.30914710397993,0.0257164923664425,0.614775700952411,0.142336954235007,0.0397782691873763,0.24727759562194,0.0283635568311987,0.0570464484498756,1.47162725476218,0.0735454124695816,0.0756431809319776,0.00895141602383804,0.00439336382143722,0.00249241805824164,0.0415406357031757,0.0048803995822137,1.27520623453975,0.0239581426404227,0.00230463313604536,0.00373260190269307,0.0107850805582253,1.2287681278978,0.0118505340472642,0.044618500871794,0.00469562725235211,0.00562752248121925,0.0484093462262913,0.00222228894556356,0.00539555287144736,0.00442148134989442,0.00188688699896698,0.000949970782875341,0.00287401308730362,0.000915828069748743,0.00222831413023296,0.000534233040686767,0.000237994794441285,0.000849551038385347,0.000366532067388477,0.0015273843136928,0.000559337976809265,0.000283183679461782,0.000351469105714978,0.000459922429764171,0.000228957017437186,0.000713984383323855,0.000120503693387992,0.000171717763077889,0.000234982202106585,0.000237994794441285
mSK56,0.199991068718793,0.35553688468943,0.0598858367086542,0.152462726637702,0.205540126772159,1.68883476605655,1.18519459025787,0.578385924934278,1.89185047989549,0.391393351886585,0.117627462083437,1.04031201517619,2.17815045382937,1.61742096548256,0.0882815545049535,0.348709595143364,1.24940529871321,9.74654403973161,2.64809848360143,0.575336770950708,0.199537340529152,0.416076291089534,0.403668521870321,0.807538142107242,2.81566369757078,0.377956838835734,0.545166360069164,0.0104250650110171,0.0243806632206534,0.0830046076788934,0.0968722253531422,0.344680086622619,0.309492899926804,0.0291598915893788,0.359969846808166,0.235980135151425,0.0605852819649844,0.0405030963304035,0.099916351877548,0.0935585013310135,0.00675187765859111,0.434535864278612,0.842139001377939,1.61988127831143,0.412883854519761,0.31484651550513,2.00193361106945,12.0462509149819,0.00498786792407275,4.00854275916235,0.249821358665058,0.175498544531719,0.214695758344014,0.0622851915951491,0.0846712103920899,0.18350854384635,0.109207096414463,0.0136149878512078,1.36149375766161,0.0160149711700983,0.00231954397225054,0.00670474522891926,0.0305066222132024,0.489458970359018,0.00520467710056325,0.00335834272221806,0.0025175001768723,0.00568417101842485,0.00218505943958686,0.00156856725947909,0.000296620090734829,0.00681660619534044,0.00208513868868255,0.00244397358658422,0.00270100243639469,0.00310696976396821,0.00280972124083775,0.00147807299450915,0.000194814042643638,0.000134484532663672,0.00219448592552123,7.35265902880826e-05,0.00010431977767369,0.0360393410242817,0.000756632604332064,0.00110101355713436,0.000925680918755091,0.00166471741600967,5.78157803974666e-05,0.000682477581648356,0.00023314841877674,0.000131970803081174,0.000159621828488658,0.000732752173298327,0.000119402155168681,0.000196699339830511,0.000150823774949913
mSML01,0.0505874674011186,0.157337591198635,0.104321803653687,0.11040255134879,0.173434720633997,0.418603773728871,2.41935232828154,0.746006864504113,0.0877869914550515,0.857356168140304,1.37190725928226,0.0603136209988862,2.54541315602766,1.942548449785,0.0802972329391434,0.277738970166162,0.820236222770603,4.32683817573918,4.5843910764302,0.270286660442833,0.0595646451472953,0.256225809103984,0.593424099688311,0.273970685412846,1.24895468132025,0.616091151671846,0.0165137472528092,0.00786190589216728,0.0259087130912014,0.0359180731828518,0.0164493821405631,0.184583928349787,0.0357261481208816,0.0634452762783502,0.671969431299593,0.0149479196130772,0.0281556406459739,0.0202200074434156,0.0394347488610242,0.254308899033819,0.00359508408763589,1.67172229267406,0.260890524329673,1.45479782110754,0.38076527965155,0.507113994990615,12.4187838087992,1.24179025918988,0.757199372386323,1.98157009165288,1.62908684232226,0.0268168463112553,0.209593870419079,0.0186190715606403,0.104484471846454,0.0203967189334003,0.0640093487165796,0.0974078203236891,0.000766529973112469,0.00289174895200139,0.00148624895550051,0.040320646860484,0.00231714404085907,0.000107665278666179,0.00529198250139631,0.00367466277186741,0.0030684604419861,7.95786842315235e-05,0.000259800998520562,0.00726506576043085,0.00710473811719969,0.0031562310495944,0.00232650623900395,0.000926857616343627,0.00117261531764686,0.00182913946255693,0.00133645378518235,0.0437530627553525,0.000709186509475048,0.000709186509475048,0.000830895085358554,0.000296079516331992,0.000214160282564247,0.000207138633955583,0.000704505410402605,0.00031012281354932,0.00401404245461949,0.000891749373300308,0.000129900499260281,0.0026834400432777,9.36219814488512e-05,0.000154476269390605,0.000106495003898068,5.14920897968682e-05,9.36219814488512e-05,0.000129900499260281,0.000117027476811064
