"analysis_set","fold","pair_id","taxon_1","taxon_2","interaction_label","budget_fraction","budget_pairs","selected_setting","supervised_score","onenet_score","sign_label","prevalence_1","prevalence_2","interaction_probability","display_selected","onenet_display_selected"
"carlstrom_phyllosphere_2019",1,"Leaf141||Leaf262","Leaf141","Leaf262",0,0.8,791,"lambda=0.01",0.684311140829328,0.0222222222222222,"neutral",0.5625,0.958333333333333,0.684311140829328,FALSE,FALSE
"carlstrom_phyllosphere_2019",1,"Leaf141||Leaf285","Leaf141","Leaf285",1,0.8,791,"lambda=0.01",0.20933370664593,0.0055555555555555,"positive",0.5625,0.625,0.20933370664593,FALSE,FALSE
"carlstrom_phyllosphere_2019",1,"Leaf141||Leaf344","Leaf141","Leaf344",0,0.8,791,"lambda=0.01",0.15281273750277,0.0055555555555555,"neutral",0.5625,0.479166666666667,0.15281273750277,FALSE,FALSE
"carlstrom_phyllosphere_2019",1,"Leaf141||Leaf88","Leaf141","Leaf88",0,0.8,791,"lambda=0.01",0.233538310520327,0.0666666666666667,"neutral",0.5625,0.3125,0.233538310520327,FALSE,FALSE
"carlstrom_phyllosphere_2019",1,"Leaf145||Leaf160","Leaf145","Leaf160",1,0.8,791,"lambda=0.01",0.576691007436203,0.261111111111111,"negative",1,0.1875,0.576691007436203,FALSE,FALSE
"carlstrom_phyllosphere_2019",1,"Leaf145||Leaf176","Leaf145","Leaf176",0,0.8,791,"lambda=0.01",0.553974147893512,0.0222222222222222,"neutral",1,0.479166666666667,0.553974147893512,FALSE,FALSE
"carlstrom_phyllosphere_2019",1,"Leaf145||Leaf202","Leaf145","Leaf202",0,0.8,791,"lambda=0.01",0.739520226402148,0.111111111111111,"neutral",1,1,0.739520226402148,TRUE,FALSE
"carlstrom_phyllosphere_2019",1,"Leaf145||Leaf234","Leaf145","Leaf234",0,0.8,791,"lambda=0.01",0.715479909381384,0.0055555555555555,"neutral",1,0.145833333333333,0.715479909381384,FALSE,FALSE
"carlstrom_phyllosphere_2019",1,"Leaf145||Leaf281","Leaf145","Leaf281",0,0.8,791,"lambda=0.01",0.591171343419953,0,"neutral",1,0.541666666666667,0.591171343419953,FALSE,FALSE
"carlstrom_phyllosphere_2019",1,"Leaf145||Leaf3","Leaf145","Leaf3",0,0.8,791,"lambda=0.01",0.615012439818316,0,"neutral",1,0.541666666666667,0.615012439818316,FALSE,FALSE
"carlstrom_phyllosphere_2019",1,"Leaf145||Leaf324","Leaf145","Leaf324",0,0.8,791,"lambda=0.01",0.5399170803346,0.0333333333333333,"neutral",1,0.458333333333333,0.5399170803346,FALSE,FALSE
"carlstrom_phyllosphere_2019",1,"Leaf145||Leaf371","Leaf145","Leaf371",1,0.8,791,"lambda=0.01",0.682506961744285,0,"negative",1,0.25,0.682506961744285,FALSE,FALSE
"carlstrom_phyllosphere_2019",1,"Leaf145||Leaf391","Leaf145","Leaf391",0,0.8,791,"lambda=0.01",0.486699846620865,0.277777777777778,"neutral",1,0.8125,0.486699846620865,FALSE,FALSE
"carlstrom_phyllosphere_2019",1,"Leaf145||Leaf443","Leaf145","Leaf443",0,0.8,791,"lambda=0.01",0.634703866764721,0,"neutral",1,0.395833333333333,0.634703866764721,FALSE,FALSE
"carlstrom_phyllosphere_2019",1,"Leaf145||Leaf68","Leaf145","Leaf68",0,0.8,791,"lambda=0.01",0.74280672491213,0.111111111111111,"neutral",1,1,0.74280672491213,TRUE,FALSE
"carlstrom_phyllosphere_2019",1,"Leaf145||Leaf90","Leaf145","Leaf90",0,0.8,791,"lambda=0.01",0.549367438813831,0.0444444444444444,"neutral",1,0.791666666666667,0.549367438813831,FALSE,FALSE
"carlstrom_phyllosphere_2019",1,"Leaf160||Leaf176","Leaf160","Leaf176",0,0.8,791,"lambda=0.01",0.210357037791467,0,"neutral",0.1875,0.479166666666667,0.210357037791467,FALSE,FALSE
"carlstrom_phyllosphere_2019",1,"Leaf160||Leaf233","Leaf160","Leaf233",1,0.8,791,"lambda=0.01",0.758729311841564,0.0611111111111111,"negative",0.1875,1,0.758729311841564,TRUE,FALSE
"carlstrom_phyllosphere_2019",1,"Leaf160||Leaf242","Leaf160","Leaf242",1,0.8,791,"lambda=0.01",0.376801693712397,0.0333333333333333,"negative",0.1875,0.708333333333333,0.376801693712397,FALSE,FALSE
"carlstrom_phyllosphere_2019",1,"Leaf160||Leaf351","Leaf160","Leaf351",0,0.8,791,"lambda=0.01",0.0441887488068973,0.238888888888889,"neutral",0.1875,0.145833333333333,0.0441887488068973,FALSE,FALSE
"carlstrom_phyllosphere_2019",1,"Leaf160||Leaf363","Leaf160","Leaf363",0,0.8,791,"lambda=0.01",0.0942279364966208,0.205555555555556,"neutral",0.1875,0.291666666666667,0.0942279364966208,FALSE,FALSE
"carlstrom_phyllosphere_2019",1,"Leaf160||Leaf405","Leaf160","Leaf405",0,0.8,791,"lambda=0.01",0.499591704118203,0.127777777777778,"neutral",0.1875,0.854166666666667,0.499591704118203,FALSE,FALSE
"carlstrom_phyllosphere_2019",1,"Leaf160||Leaf86","Leaf160","Leaf86",1,0.8,791,"lambda=0.01",0.661316129302359,0,"positive",0.1875,0.895833333333333,0.661316129302359,FALSE,FALSE
"carlstrom_phyllosphere_2019",1,"Leaf160||Leaf88","Leaf160","Leaf88",0,0.8,791,"lambda=0.01",0.0740550702550654,0.305555555555556,"neutral",0.1875,0.3125,0.0740550702550654,FALSE,TRUE
"carlstrom_phyllosphere_2019",1,"Leaf176||Leaf231","Leaf176","Leaf231",0,0.8,791,"lambda=0.01",0.631933363242912,0.0222222222222222,"neutral",0.479166666666667,0.9375,0.631933363242912,FALSE,FALSE
"carlstrom_phyllosphere_2019",1,"Leaf176||Leaf265","Leaf176","Leaf265",0,0.8,791,"lambda=0.01",0.3964845216558,0.0055555555555555,"neutral",0.479166666666667,0.708333333333333,0.3964845216558,FALSE,FALSE
"carlstrom_phyllosphere_2019",1,"Leaf177||Leaf285","Leaf177","Leaf285",0,0.8,791,"lambda=0.01",0.695032152072433,0,"neutral",1,0.625,0.695032152072433,FALSE,FALSE
"carlstrom_phyllosphere_2019",1,"Leaf177||Leaf420","Leaf177","Leaf420",0,0.8,791,"lambda=0.01",0.820317817975705,0.0111111111111111,"neutral",1,1,0.820317817975705,TRUE,FALSE
"carlstrom_phyllosphere_2019",1,"Leaf177||Leaf83","Leaf177","Leaf83",0,0.8,791,"lambda=0.01",0.525995223534988,0.0055555555555555,"neutral",1,0.6875,0.525995223534988,FALSE,FALSE
"carlstrom_phyllosphere_2019",1,"Leaf183||Leaf288","Leaf183","Leaf288",0,0.8,791,"lambda=0.01",0.350134307830486,0.227777777777778,"neutral",0.708333333333333,0.25,0.350134307830486,FALSE,FALSE
"carlstrom_phyllosphere_2019",1,"Leaf183||Leaf33","Leaf183","Leaf33",0,0.8,791,"lambda=0.01",0.404302721207799,0.0277777777777778,"neutral",0.708333333333333,0.354166666666667,0.404302721207799,FALSE,FALSE
"carlstrom_phyllosphere_2019",1,"Leaf187||Leaf233","Leaf187","Leaf233",1,0.8,791,"lambda=0.01",0.670439926941521,0.144444444444444,"positive",0.145833333333333,1,0.670439926941521,FALSE,FALSE
"carlstrom_phyllosphere_2019",1,"Leaf187||Leaf371","Leaf187","Leaf371",0,0.8,791,"lambda=0.01",0.0560722750855462,0.866666666666667,"neutral",0.145833333333333,0.25,0.0560722750855462,FALSE,TRUE
"carlstrom_phyllosphere_2019",1,"Leaf189||Leaf285","Leaf189","Leaf285",0,0.8,791,"lambda=0.01",0.223127181783426,0.0055555555555555,"neutral",0.4375,0.625,0.223127181783426,FALSE,FALSE
"carlstrom_phyllosphere_2019",1,"Leaf189||Leaf344","Leaf189","Leaf344",0,0.8,791,"lambda=0.01",0.126901463512917,0.05,"neutral",0.4375,0.479166666666667,0.126901463512917,FALSE,FALSE
"carlstrom_phyllosphere_2019",1,"Leaf189||Leaf371","Leaf189","Leaf371",0,0.8,791,"lambda=0.01",0.141141375721522,0,"neutral",0.4375,0.25,0.141141375721522,FALSE,FALSE
"carlstrom_phyllosphere_2019",1,"Leaf189||Leaf416","Leaf189","Leaf416",0,0.8,791,"lambda=0.01",0.375226597201286,0.127777777777778,"neutral",0.4375,0.708333333333333,0.375226597201286,FALSE,FALSE
"carlstrom_phyllosphere_2019",1,"Leaf189||Leaf90","Leaf189","Leaf90",0,0.8,791,"lambda=0.01",0.309707425012777,0.0944444444444444,"neutral",0.4375,0.791666666666667,0.309707425012777,FALSE,FALSE
"carlstrom_phyllosphere_2019",1,"Leaf2||Leaf334","Leaf2","Leaf334",0,0.8,791,"lambda=0.01",0.192829978356212,0.3,"neutral",0.520833333333333,0.1875,0.192829978356212,FALSE,TRUE
"carlstrom_phyllosphere_2019",1,"Leaf2||Leaf68","Leaf2","Leaf68",0,0.8,791,"lambda=0.01",0.648375374484798,0.0166666666666667,"neutral",0.520833333333333,1,0.648375374484798,FALSE,FALSE
"carlstrom_phyllosphere_2019",1,"Leaf2||Leaf90","Leaf2","Leaf90",0,0.8,791,"lambda=0.01",0.337308514743929,0.177777777777778,"neutral",0.520833333333333,0.791666666666667,0.337308514743929,FALSE,FALSE
"carlstrom_phyllosphere_2019",1,"Leaf202||Leaf203","Leaf202","Leaf203",0,0.8,791,"lambda=0.01",0.855537686986376,0.0833333333333333,"neutral",1,1,0.855537686986376,TRUE,FALSE
"carlstrom_phyllosphere_2019",1,"Leaf202||Leaf334","Leaf202","Leaf334",0,0.8,791,"lambda=0.01",0.628287546317817,0.166666666666667,"neutral",0.1875,1,0.628287546317817,FALSE,FALSE
"carlstrom_phyllosphere_2019",1,"Leaf202||Leaf344","Leaf202","Leaf344",0,0.8,791,"lambda=0.01",0.516374520732426,0.0222222222222222,"neutral",0.479166666666667,1,0.516374520732426,FALSE,FALSE
"carlstrom_phyllosphere_2019",1,"Leaf202||Leaf371","Leaf202","Leaf371",0,0.8,791,"lambda=0.01",0.633906393403829,0,"neutral",0.25,1,0.633906393403829,FALSE,FALSE
"carlstrom_phyllosphere_2019",1,"Leaf202||Leaf405","Leaf202","Leaf405",0,0.8,791,"lambda=0.01",0.727194630347492,0,"neutral",0.854166666666667,1,0.727194630347492,TRUE,FALSE
"carlstrom_phyllosphere_2019",1,"Leaf202||Leaf90","Leaf202","Leaf90",0,0.8,791,"lambda=0.01",0.667099472788851,0.45,"neutral",0.791666666666667,1,0.667099472788851,FALSE,TRUE
"carlstrom_phyllosphere_2019",1,"Leaf203||Leaf225","Leaf203","Leaf225",0,0.8,791,"lambda=0.01",0.787207838243068,0.0277777777777778,"neutral",1,0.208333333333333,0.787207838243068,TRUE,FALSE
"carlstrom_phyllosphere_2019",1,"Leaf203||Leaf234","Leaf203","Leaf234",1,0.8,791,"lambda=0.01",0.746228699861148,0.0222222222222222,"positive",1,0.145833333333333,0.746228699861148,TRUE,FALSE
"carlstrom_phyllosphere_2019",1,"Leaf203||Leaf242","Leaf203","Leaf242",0,0.8,791,"lambda=0.01",0.716024762764755,0.0666666666666667,"neutral",1,0.708333333333333,0.716024762764755,TRUE,FALSE
"carlstrom_phyllosphere_2019",1,"Leaf203||Leaf262","Leaf203","Leaf262",0,0.8,791,"lambda=0.01",0.752000937568324,0.0055555555555555,"neutral",1,0.958333333333333,0.752000937568324,TRUE,FALSE
"carlstrom_phyllosphere_2019",1,"Leaf203||Leaf265","Leaf203","Leaf265",0,0.8,791,"lambda=0.01",0.41617749916225,0.577777777777778,"neutral",1,0.708333333333333,0.41617749916225,FALSE,TRUE
"carlstrom_phyllosphere_2019",1,"Leaf203||Leaf359","Leaf203","Leaf359",1,0.8,791,"lambda=0.01",0.826595590616408,0.1,"positive",1,0.0416666666666667,0.826595590616408,TRUE,FALSE
"carlstrom_phyllosphere_2019",1,"Leaf203||Leaf86","Leaf203","Leaf86",0,0.8,791,"lambda=0.01",0.701192132964601,0,"neutral",1,0.895833333333333,0.701192132964601,FALSE,FALSE
"carlstrom_phyllosphere_2019",1,"Leaf203||Leaf88","Leaf203","Leaf88",1,0.8,791,"lambda=0.01",0.621089264687903,0.0222222222222222,"positive",1,0.3125,0.621089264687903,FALSE,FALSE
"carlstrom_phyllosphere_2019",1,"Leaf220||Leaf285","Leaf220","Leaf285",0,0.8,791,"lambda=0.01",0.316775342652883,0,"neutral",0.0833333333333333,0.625,0.316775342652883,FALSE,FALSE
"carlstrom_phyllosphere_2019",1,"Leaf220||Leaf359","Leaf220","Leaf359",0,0.8,791,"lambda=0.01",0.0327177080959853,0.138888888888889,"neutral",0.0833333333333333,0.0416666666666667,0.0327177080959853,FALSE,FALSE
"carlstrom_phyllosphere_2019",1,"Leaf220||Leaf420","Leaf220","Leaf420",0,0.8,791,"lambda=0.01",0.691930580325028,0.0055555555555555,"neutral",0.0833333333333333,1,0.691930580325028,FALSE,FALSE
"carlstrom_phyllosphere_2019",1,"Leaf220||Leaf68","Leaf220","Leaf68",0,0.8,791,"lambda=0.01",0.72493871810651,0,"neutral",0.0833333333333333,1,0.72493871810651,TRUE,FALSE
"carlstrom_phyllosphere_2019",1,"Leaf222||Leaf405","Leaf222","Leaf405",0,0.8,791,"lambda=0.01",0.484537025692277,0.372222222222222,"neutral",0.0625,0.854166666666667,0.484537025692277,FALSE,TRUE
"carlstrom_phyllosphere_2019",1,"Leaf222||Leaf88","Leaf222","Leaf88",0,0.8,791,"lambda=0.01",0.161520769225327,0.0555555555555556,"neutral",0.0625,0.3125,0.161520769225327,FALSE,FALSE
"carlstrom_phyllosphere_2019",1,"Leaf225||Leaf391","Leaf225","Leaf391",0,0.8,791,"lambda=0.01",0.390724598533776,0.227777777777778,"neutral",0.8125,0.208333333333333,0.390724598533776,FALSE,FALSE
"carlstrom_phyllosphere_2019",1,"Leaf225||Leaf405","Leaf225","Leaf405",0,0.8,791,"lambda=0.01",0.526248757733448,0.0222222222222222,"neutral",0.854166666666667,0.208333333333333,0.526248757733448,FALSE,FALSE
"carlstrom_phyllosphere_2019",1,"Leaf225||Leaf86","Leaf225","Leaf86",0,0.8,791,"lambda=0.01",0.515469773451907,0.0277777777777778,"neutral",0.208333333333333,0.895833333333333,0.515469773451907,FALSE,FALSE
"carlstrom_phyllosphere_2019",1,"Leaf231||Leaf233","Leaf231","Leaf233",0,0.8,791,"lambda=0.01",0.601164571076151,0.138888888888889,"neutral",0.9375,1,0.601164571076151,FALSE,FALSE
"carlstrom_phyllosphere_2019",1,"Leaf231||Leaf242","Leaf231","Leaf242",0,0.8,791,"lambda=0.01",0.479723871538933,0.661111111111111,"neutral",0.9375,0.708333333333333,0.479723871538933,FALSE,TRUE
"carlstrom_phyllosphere_2019",1,"Leaf231||Leaf337","Leaf231","Leaf337",0,0.8,791,"lambda=0.01",0.674671559030724,0.0055555555555555,"neutral",0.9375,0.208333333333333,0.674671559030724,FALSE,FALSE
"carlstrom_phyllosphere_2019",1,"Leaf231||Leaf396","Leaf231","Leaf396",0,0.8,791,"lambda=0.01",0.459129396225945,0.277777777777778,"neutral",0.9375,0.375,0.459129396225945,FALSE,FALSE
"carlstrom_phyllosphere_2019",1,"Leaf231||Leaf420","Leaf231","Leaf420",0,0.8,791,"lambda=0.01",0.575255564326183,0.266666666666667,"neutral",0.9375,1,0.575255564326183,FALSE,FALSE
"carlstrom_phyllosphere_2019",1,"Leaf233||Leaf26","Leaf233","Leaf26",0,0.8,791,"lambda=0.01",0.612215018248087,0.0333333333333333,"neutral",1,0.833333333333333,0.612215018248087,FALSE,FALSE
"carlstrom_phyllosphere_2019",1,"Leaf233||Leaf263","Leaf233","Leaf263",0,0.8,791,"lambda=0.01",0.798104614872694,0.0277777777777778,"neutral",1,0.145833333333333,0.798104614872694,TRUE,FALSE
"carlstrom_phyllosphere_2019",1,"Leaf233||Leaf281","Leaf233","Leaf281",0,0.8,791,"lambda=0.01",0.548152892022537,0.166666666666667,"neutral",1,0.541666666666667,0.548152892022537,FALSE,FALSE
"carlstrom_phyllosphere_2019",1,"Leaf233||Leaf33","Leaf233","Leaf33",0,0.8,791,"lambda=0.01",0.6716567563314,0.0333333333333333,"neutral",1,0.354166666666667,0.6716567563314,FALSE,FALSE
"carlstrom_phyllosphere_2019",1,"Leaf233||Leaf334","Leaf233","Leaf334",0,0.8,791,"lambda=0.01",0.747967386592961,0.0888888888888889,"neutral",1,0.1875,0.747967386592961,TRUE,FALSE
"carlstrom_phyllosphere_2019",1,"Leaf233||Leaf336","Leaf233","Leaf336",0,0.8,791,"lambda=0.01",0.731421823830914,0.0277777777777778,"neutral",1,0.958333333333333,0.731421823830914,TRUE,FALSE
"carlstrom_phyllosphere_2019",1,"Leaf233||Leaf396","Leaf233","Leaf396",1,0.8,791,"lambda=0.01",0.688684144268374,0.0333333333333333,"positive",1,0.375,0.688684144268374,FALSE,FALSE
"carlstrom_phyllosphere_2019",1,"Leaf233||Leaf41","Leaf233","Leaf41",0,0.8,791,"lambda=0.01",0.690909401222675,0.0666666666666667,"neutral",1,0.520833333333333,0.690909401222675,FALSE,FALSE
"carlstrom_phyllosphere_2019",1,"Leaf233||Leaf427","Leaf233","Leaf427",1,0.8,791,"lambda=0.01",0.618746277006535,0.116666666666667,"positive",1,0.333333333333333,0.618746277006535,FALSE,FALSE
"carlstrom_phyllosphere_2019",1,"Leaf233||Leaf90","Leaf233","Leaf90",0,0.8,791,"lambda=0.01",0.702280771043619,0.0388888888888889,"neutral",1,0.791666666666667,0.702280771043619,FALSE,FALSE
"carlstrom_phyllosphere_2019",1,"Leaf234||Leaf420","Leaf234","Leaf420",0,0.8,791,"lambda=0.01",0.785131428343357,0.0555555555555556,"neutral",0.145833333333333,1,0.785131428343357,TRUE,FALSE
"carlstrom_phyllosphere_2019",1,"Leaf234||Leaf86","Leaf234","Leaf86",0,0.8,791,"lambda=0.01",0.601166487358975,0.0277777777777778,"neutral",0.145833333333333,0.895833333333333,0.601166487358975,FALSE,FALSE
"carlstrom_phyllosphere_2019",1,"Leaf242||Leaf33","Leaf242","Leaf33",0,0.8,791,"lambda=0.01",0.391801325034655,0.0388888888888889,"neutral",0.708333333333333,0.354166666666667,0.391801325034655,FALSE,FALSE
"carlstrom_phyllosphere_2019",1,"Leaf242||Leaf371","Leaf242","Leaf371",0,0.8,791,"lambda=0.01",0.324920607559315,0.0277777777777778,"neutral",0.708333333333333,0.25,0.324920607559315,FALSE,FALSE
"carlstrom_phyllosphere_2019",1,"Leaf242||Leaf86","Leaf242","Leaf86",0,0.8,791,"lambda=0.01",0.440847077184108,0.0166666666666667,"neutral",0.708333333333333,0.895833333333333,0.440847077184108,FALSE,FALSE
"carlstrom_phyllosphere_2019",1,"Leaf242||Leaf88","Leaf242","Leaf88",0,0.8,791,"lambda=0.01",0.378516300598083,0.0111111111111111,"neutral",0.708333333333333,0.3125,0.378516300598083,FALSE,FALSE
"carlstrom_phyllosphere_2019",1,"Leaf26||Leaf83","Leaf26","Leaf83",0,0.8,791,"lambda=0.01",0.699072060238513,0,"neutral",0.833333333333333,0.6875,0.699072060238513,FALSE,FALSE
"carlstrom_phyllosphere_2019",1,"Leaf26||Leaf88","Leaf26","Leaf88",0,0.8,791,"lambda=0.01",0.492934481725172,0.116666666666667,"neutral",0.833333333333333,0.3125,0.492934481725172,FALSE,FALSE
"carlstrom_phyllosphere_2019",1,"Leaf26||Leaf90","Leaf26","Leaf90",0,0.8,791,"lambda=0.01",0.29199117832118,0.0833333333333333,"neutral",0.833333333333333,0.791666666666667,0.29199117832118,FALSE,FALSE
"carlstrom_phyllosphere_2019",1,"Leaf262||Leaf265","Leaf262","Leaf265",0,0.8,791,"lambda=0.01",0.737516528291306,0.0333333333333333,"neutral",0.958333333333333,0.708333333333333,0.737516528291306,TRUE,FALSE
"carlstrom_phyllosphere_2019",1,"Leaf262||Leaf337","Leaf262","Leaf337",0,0.8,791,"lambda=0.01",0.691000529178179,0.0333333333333333,"neutral",0.958333333333333,0.208333333333333,0.691000529178179,FALSE,FALSE
"carlstrom_phyllosphere_2019",1,"Leaf262||Leaf344","Leaf262","Leaf344",0,0.8,791,"lambda=0.01",0.65248029030428,0.0222222222222222,"neutral",0.958333333333333,0.479166666666667,0.65248029030428,FALSE,FALSE
"carlstrom_phyllosphere_2019",1,"Leaf262||Leaf70","Leaf262","Leaf70",1,0.8,791,"lambda=0.01",0.627718034730998,0.0055555555555555,"positive",0.958333333333333,0.208333333333333,0.627718034730998,FALSE,FALSE
"carlstrom_phyllosphere_2019",1,"Leaf263||Leaf285","Leaf263","Leaf285",0,0.8,791,"lambda=0.01",0.301830036531123,0.288888888888889,"neutral",0.145833333333333,0.625,0.301830036531123,FALSE,TRUE
"carlstrom_phyllosphere_2019",1,"Leaf265||Leaf324","Leaf265","Leaf324",0,0.8,791,"lambda=0.01",0.235259586197106,0.505555555555556,"neutral",0.708333333333333,0.458333333333333,0.235259586197106,FALSE,TRUE
"carlstrom_phyllosphere_2019",1,"Leaf265||Leaf33","Leaf265","Leaf33",1,0.8,791,"lambda=0.01",0.29219167873828,0.116666666666667,"positive",0.708333333333333,0.354166666666667,0.29219167873828,FALSE,FALSE
"carlstrom_phyllosphere_2019",1,"Leaf265||Leaf336","Leaf265","Leaf336",0,0.8,791,"lambda=0.01",0.658674524671685,0.0333333333333333,"neutral",0.708333333333333,0.958333333333333,0.658674524671685,FALSE,FALSE
"carlstrom_phyllosphere_2019",1,"Leaf265||Leaf371","Leaf265","Leaf371",0,0.8,791,"lambda=0.01",0.375554005227742,0.0555555555555556,"neutral",0.708333333333333,0.25,0.375554005227742,FALSE,FALSE
"carlstrom_phyllosphere_2019",1,"Leaf265||Leaf420","Leaf265","Leaf420",0,0.8,791,"lambda=0.01",0.717234910402408,0.0222222222222222,"neutral",0.708333333333333,1,0.717234910402408,TRUE,FALSE
"carlstrom_phyllosphere_2019",1,"Leaf265||Leaf82","Leaf265","Leaf82",0,0.8,791,"lambda=0.01",0.457578390206551,0.0111111111111111,"neutral",0.708333333333333,0.8125,0.457578390206551,FALSE,FALSE
"carlstrom_phyllosphere_2019",1,"Leaf265||Leaf83","Leaf265","Leaf83",0,0.8,791,"lambda=0.01",0.275401575940987,0.194444444444444,"neutral",0.708333333333333,0.6875,0.275401575940987,FALSE,FALSE
"carlstrom_phyllosphere_2019",1,"Leaf281||Leaf334","Leaf281","Leaf334",0,0.8,791,"lambda=0.01",0.279671781697065,0.0166666666666667,"neutral",0.1875,0.541666666666667,0.279671781697065,FALSE,FALSE
"carlstrom_phyllosphere_2019",1,"Leaf281||Leaf371","Leaf281","Leaf371",0,0.8,791,"lambda=0.01",0.289299988453883,0.0166666666666667,"neutral",0.25,0.541666666666667,0.289299988453883,FALSE,FALSE
"carlstrom_phyllosphere_2019",1,"Leaf281||Leaf416","Leaf281","Leaf416",0,0.8,791,"lambda=0.01",0.410748660479013,0.0166666666666667,"neutral",0.708333333333333,0.541666666666667,0.410748660479013,FALSE,FALSE
"carlstrom_phyllosphere_2019",1,"Leaf285||Leaf336","Leaf285","Leaf336",0,0.8,791,"lambda=0.01",0.664031790983607,0,"neutral",0.625,0.958333333333333,0.664031790983607,FALSE,FALSE
"carlstrom_phyllosphere_2019",1,"Leaf285||Leaf351","Leaf285","Leaf351",0,0.8,791,"lambda=0.01",0.301958658059206,0.0111111111111111,"neutral",0.625,0.145833333333333,0.301958658059206,FALSE,FALSE
"carlstrom_phyllosphere_2019",1,"Leaf285||Leaf363","Leaf285","Leaf363",0,0.8,791,"lambda=0.01",0.332351738401243,0.0555555555555556,"neutral",0.625,0.291666666666667,0.332351738401243,FALSE,FALSE
"carlstrom_phyllosphere_2019",1,"Leaf285||Leaf380","Leaf285","Leaf380",0,0.8,791,"lambda=0.01",0.234019204891216,0.0444444444444444,"neutral",0.625,0.395833333333333,0.234019204891216,FALSE,FALSE
"carlstrom_phyllosphere_2019",1,"Leaf285||Leaf391","Leaf285","Leaf391",0,0.8,791,"lambda=0.01",0.457973242062376,0.0111111111111111,"neutral",0.625,0.8125,0.457973242062376,FALSE,FALSE
"carlstrom_phyllosphere_2019",1,"Leaf285||Leaf396","Leaf285","Leaf396",0,0.8,791,"lambda=0.01",0.158170063678369,0.233333333333333,"neutral",0.625,0.375,0.158170063678369,FALSE,FALSE
"carlstrom_phyllosphere_2019",1,"Leaf285||Leaf443","Leaf285","Leaf443",0,0.8,791,"lambda=0.01",0.286589893635378,0.0833333333333333,"neutral",0.625,0.395833333333333,0.286589893635378,FALSE,FALSE
"carlstrom_phyllosphere_2019",1,"Leaf285||Leaf5","Leaf285","Leaf5",0,0.8,791,"lambda=0.01",0.286341197181301,0.238888888888889,"neutral",0.625,0.0625,0.286341197181301,FALSE,FALSE
"carlstrom_phyllosphere_2019",1,"Leaf285||Leaf70","Leaf285","Leaf70",1,0.8,791,"lambda=0.01",0.298163827442972,0,"positive",0.625,0.208333333333333,0.298163827442972,FALSE,FALSE
"carlstrom_phyllosphere_2019",1,"Leaf285||Leaf88","Leaf285","Leaf88",0,0.8,791,"lambda=0.01",0.16586430166911,0.144444444444444,"neutral",0.625,0.3125,0.16586430166911,FALSE,FALSE
"carlstrom_phyllosphere_2019",1,"Leaf288||Leaf3","Leaf288","Leaf3",0,0.8,791,"lambda=0.01",0.254552684691331,0.194444444444444,"neutral",0.25,0.541666666666667,0.254552684691331,FALSE,FALSE
"carlstrom_phyllosphere_2019",1,"Leaf288||Leaf33","Leaf288","Leaf33",0,0.8,791,"lambda=0.01",0.0828444898762522,0.105555555555556,"neutral",0.25,0.354166666666667,0.0828444898762522,FALSE,FALSE
"carlstrom_phyllosphere_2019",1,"Leaf288||Leaf351","Leaf288","Leaf351",0,0.8,791,"lambda=0.01",0.100232970113575,0.0111111111111111,"neutral",0.25,0.145833333333333,0.100232970113575,FALSE,FALSE
"carlstrom_phyllosphere_2019",1,"Leaf288||Leaf380","Leaf288","Leaf380",0,0.8,791,"lambda=0.01",0.102237694349018,0.144444444444444,"neutral",0.25,0.395833333333333,0.102237694349018,FALSE,FALSE
"carlstrom_phyllosphere_2019",1,"Leaf288||Leaf405","Leaf288","Leaf405",0,0.8,791,"lambda=0.01",0.369676264752039,0.0888888888888889,"neutral",0.25,0.854166666666667,0.369676264752039,FALSE,FALSE
"carlstrom_phyllosphere_2019",1,"Leaf288||Leaf5","Leaf288","Leaf5",0,0.8,791,"lambda=0.01",0.0635174377547148,0.255555555555556,"neutral",0.25,0.0625,0.0635174377547148,FALSE,FALSE
"carlstrom_phyllosphere_2019",1,"Leaf288||Leaf68","Leaf288","Leaf68",0,0.8,791,"lambda=0.01",0.509437415529247,0.233333333333333,"neutral",0.25,1,0.509437415529247,FALSE,FALSE
"carlstrom_phyllosphere_2019",1,"Leaf288||Leaf88","Leaf288","Leaf88",0,0.8,791,"lambda=0.01",0.136853759993275,0.238888888888889,"neutral",0.25,0.3125,0.136853759993275,FALSE,FALSE
"carlstrom_phyllosphere_2019",1,"Leaf3||Leaf420","Leaf3","Leaf420",0,0.8,791,"lambda=0.01",0.476989222456056,0.277777777777778,"neutral",1,0.541666666666667,0.476989222456056,FALSE,FALSE
"carlstrom_phyllosphere_2019",1,"Leaf324||Leaf405","Leaf324","Leaf405",0,0.8,791,"lambda=0.01",0.359087253975146,0.233333333333333,"neutral",0.458333333333333,0.854166666666667,0.359087253975146,FALSE,FALSE
"carlstrom_phyllosphere_2019",1,"Leaf324||Leaf416","Leaf324","Leaf416",0,0.8,791,"lambda=0.01",0.298134830761217,0.427777777777778,"neutral",0.458333333333333,0.708333333333333,0.298134830761217,FALSE,TRUE
"carlstrom_phyllosphere_2019",1,"Leaf324||Leaf88","Leaf324","Leaf88",0,0.8,791,"lambda=0.01",0.183613872564413,0.211111111111111,"neutral",0.458333333333333,0.3125,0.183613872564413,FALSE,FALSE
"carlstrom_phyllosphere_2019",1,"Leaf324||Leaf90","Leaf324","Leaf90",0,0.8,791,"lambda=0.01",0.292198154510408,0.711111111111111,"neutral",0.458333333333333,0.791666666666667,0.292198154510408,FALSE,TRUE
"carlstrom_phyllosphere_2019",1,"Leaf33||Leaf336","Leaf33","Leaf336",0,0.8,791,"lambda=0.01",0.499641776550634,0.0666666666666667,"neutral",0.958333333333333,0.354166666666667,0.499641776550634,FALSE,FALSE
"carlstrom_phyllosphere_2019",1,"Leaf33||Leaf344","Leaf33","Leaf344",0,0.8,791,"lambda=0.01",0.164421661990961,0.0555555555555556,"neutral",0.479166666666667,0.354166666666667,0.164421661990961,FALSE,FALSE
"carlstrom_phyllosphere_2019",1,"Leaf33||Leaf354","Leaf33","Leaf354",0,0.8,791,"lambda=0.01",0.628055204040225,0.0111111111111111,"neutral",0.875,0.354166666666667,0.628055204040225,FALSE,FALSE
"carlstrom_phyllosphere_2019",1,"Leaf33||Leaf357","Leaf33","Leaf357",0,0.8,791,"lambda=0.01",0.0869982116062267,0.122222222222222,"neutral",0.4375,0.354166666666667,0.0869982116062267,FALSE,FALSE
"carlstrom_phyllosphere_2019",1,"Leaf33||Leaf427","Leaf33","Leaf427",0,0.8,791,"lambda=0.01",0.0577212336999845,0.261111111111111,"neutral",0.333333333333333,0.354166666666667,0.0577212336999845,FALSE,FALSE
"carlstrom_phyllosphere_2019",1,"Leaf33||Leaf68","Leaf33","Leaf68",1,0.8,791,"lambda=0.01",0.432374232893964,0.666666666666667,"positive",1,0.354166666666667,0.432374232893964,FALSE,TRUE
"carlstrom_phyllosphere_2019",1,"Leaf33||Leaf90","Leaf33","Leaf90",0,0.8,791,"lambda=0.01",0.315538660754092,0.405555555555556,"neutral",0.354166666666667,0.791666666666667,0.315538660754092,FALSE,TRUE
"carlstrom_phyllosphere_2019",1,"Leaf334||Leaf336","Leaf334","Leaf336",0,0.8,791,"lambda=0.01",0.732559250931407,0.05,"neutral",0.1875,0.958333333333333,0.732559250931407,TRUE,FALSE
"carlstrom_phyllosphere_2019",1,"Leaf334||Leaf359","Leaf334","Leaf359",0,0.8,791,"lambda=0.01",0.0734079966966509,0.316666666666667,"neutral",0.1875,0.0416666666666667,0.0734079966966509,FALSE,TRUE
"carlstrom_phyllosphere_2019",1,"Leaf334||Leaf371","Leaf334","Leaf371",0,0.8,791,"lambda=0.01",0.0575560794636497,0.0277777777777778,"neutral",0.1875,0.25,0.0575560794636497,FALSE,FALSE
"carlstrom_phyllosphere_2019",1,"Leaf334||Leaf83","Leaf334","Leaf83",0,0.8,791,"lambda=0.01",0.248336870451718,0.0277777777777778,"neutral",0.1875,0.6875,0.248336870451718,FALSE,FALSE
"carlstrom_phyllosphere_2019",1,"Leaf336||Leaf359","Leaf336","Leaf359",0,0.8,791,"lambda=0.01",0.807936189614432,0.0222222222222222,"neutral",0.958333333333333,0.0416666666666667,0.807936189614432,TRUE,FALSE
"carlstrom_phyllosphere_2019",1,"Leaf336||Leaf88","Leaf336","Leaf88",0,0.8,791,"lambda=0.01",0.619844835650531,0,"neutral",0.958333333333333,0.3125,0.619844835650531,FALSE,FALSE
"carlstrom_phyllosphere_2019",1,"Leaf336||Leaf90","Leaf336","Leaf90",0,0.8,791,"lambda=0.01",0.518011273504395,0.0611111111111111,"neutral",0.958333333333333,0.791666666666667,0.518011273504395,FALSE,FALSE
"carlstrom_phyllosphere_2019",1,"Leaf337||Leaf416","Leaf337","Leaf416",0,0.8,791,"lambda=0.01",0.405117113643417,0.0166666666666667,"neutral",0.208333333333333,0.708333333333333,0.405117113643417,FALSE,FALSE
"carlstrom_phyllosphere_2019",1,"Leaf337||Leaf420","Leaf337","Leaf420",0,0.8,791,"lambda=0.01",0.770323926473489,0.05,"neutral",0.208333333333333,1,0.770323926473489,TRUE,FALSE
"carlstrom_phyllosphere_2019",1,"Leaf337||Leaf86","Leaf337","Leaf86",0,0.8,791,"lambda=0.01",0.606467961825147,0.0166666666666667,"neutral",0.208333333333333,0.895833333333333,0.606467961825147,FALSE,FALSE
"carlstrom_phyllosphere_2019",1,"Leaf337||Leaf88","Leaf337","Leaf88",0,0.8,791,"lambda=0.01",0.1139325788953,0.144444444444444,"neutral",0.208333333333333,0.3125,0.1139325788953,FALSE,FALSE
"carlstrom_phyllosphere_2019",1,"Leaf337||Leaf90","Leaf337","Leaf90",0,0.8,791,"lambda=0.01",0.477379591374581,0.05,"neutral",0.208333333333333,0.791666666666667,0.477379591374581,FALSE,FALSE
"carlstrom_phyllosphere_2019",1,"Leaf344||Leaf354","Leaf344","Leaf354",0,0.8,791,"lambda=0.01",0.531223534010658,0.0111111111111111,"neutral",0.479166666666667,0.875,0.531223534010658,FALSE,FALSE
"carlstrom_phyllosphere_2019",1,"Leaf344||Leaf416","Leaf344","Leaf416",1,0.8,791,"lambda=0.01",0.268269993259577,0.105555555555556,"positive",0.479166666666667,0.708333333333333,0.268269993259577,FALSE,FALSE
"carlstrom_phyllosphere_2019",1,"Leaf344||Leaf90","Leaf344","Leaf90",0,0.8,791,"lambda=0.01",0.273650991159019,0.266666666666667,"neutral",0.479166666666667,0.791666666666667,0.273650991159019,FALSE,FALSE
"carlstrom_phyllosphere_2019",1,"Leaf351||Leaf68","Leaf351","Leaf68",0,0.8,791,"lambda=0.01",0.811333398894261,0.0055555555555555,"neutral",0.145833333333333,1,0.811333398894261,TRUE,FALSE
"carlstrom_phyllosphere_2019",1,"Leaf354||Leaf359","Leaf354","Leaf359",0,0.8,791,"lambda=0.01",0.471988471010435,0.0277777777777778,"neutral",0.875,0.0416666666666667,0.471988471010435,FALSE,FALSE
"carlstrom_phyllosphere_2019",1,"Leaf354||Leaf68","Leaf354","Leaf68",1,0.8,791,"lambda=0.01",0.84713091906061,0.0111111111111111,"positive",0.875,1,0.84713091906061,TRUE,FALSE
"carlstrom_phyllosphere_2019",1,"Leaf354||Leaf88","Leaf354","Leaf88",0,0.8,791,"lambda=0.01",0.412248703762126,0.0611111111111111,"neutral",0.875,0.3125,0.412248703762126,FALSE,FALSE
"carlstrom_phyllosphere_2019",1,"Leaf357||Leaf359","Leaf357","Leaf359",0,0.8,791,"lambda=0.01",0.211555725099908,0.0055555555555555,"neutral",0.4375,0.0416666666666667,0.211555725099908,FALSE,FALSE
"carlstrom_phyllosphere_2019",1,"Leaf357||Leaf88","Leaf357","Leaf88",0,0.8,791,"lambda=0.01",0.110823958326169,0.794444444444444,"neutral",0.4375,0.3125,0.110823958326169,FALSE,TRUE
"carlstrom_phyllosphere_2019",1,"Leaf359||Leaf363","Leaf359","Leaf363",0,0.8,791,"lambda=0.01",0.177299869959831,0.45,"neutral",0.0416666666666667,0.291666666666667,0.177299869959831,FALSE,TRUE
"carlstrom_phyllosphere_2019",1,"Leaf359||Leaf380","Leaf359","Leaf380",0,0.8,791,"lambda=0.01",0.184207839039527,0.0611111111111111,"neutral",0.0416666666666667,0.395833333333333,0.184207839039527,FALSE,FALSE
"carlstrom_phyllosphere_2019",1,"Leaf359||Leaf405","Leaf359","Leaf405",0,0.8,791,"lambda=0.01",0.579651526896488,0.0222222222222222,"neutral",0.0416666666666667,0.854166666666667,0.579651526896488,FALSE,FALSE
"carlstrom_phyllosphere_2019",1,"Leaf359||Leaf416","Leaf359","Leaf416",1,0.8,791,"lambda=0.01",0.424162947053257,0.0222222222222222,"positive",0.0416666666666667,0.708333333333333,0.424162947053257,FALSE,FALSE
"carlstrom_phyllosphere_2019",1,"Leaf359||Leaf420","Leaf359","Leaf420",1,0.8,791,"lambda=0.01",0.757413251265384,0.0555555555555556,"positive",0.0416666666666667,1,0.757413251265384,TRUE,FALSE
"carlstrom_phyllosphere_2019",1,"Leaf359||Leaf5","Leaf359","Leaf5",0,0.8,791,"lambda=0.01",0.0332939146408442,0.0277777777777778,"neutral",0.0416666666666667,0.0625,0.0332939146408442,FALSE,FALSE
"carlstrom_phyllosphere_2019",1,"Leaf359||Leaf83","Leaf359","Leaf83",1,0.8,791,"lambda=0.01",0.393421451969707,0.0111111111111111,"positive",0.0416666666666667,0.6875,0.393421451969707,FALSE,FALSE
"carlstrom_phyllosphere_2019",1,"Leaf363||Leaf416","Leaf363","Leaf416",0,0.8,791,"lambda=0.01",0.263700295092978,0.411111111111111,"neutral",0.291666666666667,0.708333333333333,0.263700295092978,FALSE,TRUE
"carlstrom_phyllosphere_2019",1,"Leaf363||Leaf83","Leaf363","Leaf83",0,0.8,791,"lambda=0.01",0.319483440787456,0.161111111111111,"neutral",0.291666666666667,0.6875,0.319483440787456,FALSE,FALSE
"carlstrom_phyllosphere_2019",1,"Leaf363||Leaf90","Leaf363","Leaf90",0,0.8,791,"lambda=0.01",0.38921562932522,0.0222222222222222,"neutral",0.291666666666667,0.791666666666667,0.38921562932522,FALSE,FALSE
"carlstrom_phyllosphere_2019",1,"Leaf371||Leaf396","Leaf371","Leaf396",0,0.8,791,"lambda=0.01",0.0908093187174871,0.0944444444444444,"neutral",0.25,0.375,0.0908093187174871,FALSE,FALSE
"carlstrom_phyllosphere_2019",1,"Leaf371||Leaf41","Leaf371","Leaf41",0,0.8,791,"lambda=0.01",0.185797625917285,0.0111111111111111,"neutral",0.25,0.520833333333333,0.185797625917285,FALSE,FALSE
"carlstrom_phyllosphere_2019",1,"Leaf371||Leaf416","Leaf371","Leaf416",0,0.8,791,"lambda=0.01",0.441053503838649,0.0833333333333333,"neutral",0.25,0.708333333333333,0.441053503838649,FALSE,FALSE
"carlstrom_phyllosphere_2019",1,"Leaf371||Leaf420","Leaf371","Leaf420",0,0.8,791,"lambda=0.01",0.604560896054346,0.0222222222222222,"neutral",0.25,1,0.604560896054346,FALSE,FALSE
"carlstrom_phyllosphere_2019",1,"Leaf371||Leaf70","Leaf371","Leaf70",0,0.8,791,"lambda=0.01",0.040956058782051,0.783333333333333,"neutral",0.25,0.208333333333333,0.040956058782051,FALSE,TRUE
"carlstrom_phyllosphere_2019",1,"Leaf371||Leaf82","Leaf371","Leaf82",0,0.8,791,"lambda=0.01",0.50330724123721,0.0055555555555555,"neutral",0.25,0.8125,0.50330724123721,FALSE,FALSE
"carlstrom_phyllosphere_2019",1,"Leaf371||Leaf86","Leaf371","Leaf86",0,0.8,791,"lambda=0.01",0.595694753118893,0.0388888888888889,"neutral",0.25,0.895833333333333,0.595694753118893,FALSE,FALSE
"carlstrom_phyllosphere_2019",1,"Leaf371||Leaf88","Leaf371","Leaf88",0,0.8,791,"lambda=0.01",0.0489749107778928,0.355555555555556,"neutral",0.25,0.3125,0.0489749107778928,FALSE,TRUE
"carlstrom_phyllosphere_2019",1,"Leaf380||Leaf68","Leaf380","Leaf68",0,0.8,791,"lambda=0.01",0.691377292223305,0.0611111111111111,"neutral",0.395833333333333,1,0.691377292223305,FALSE,FALSE
"carlstrom_phyllosphere_2019",1,"Leaf391||Leaf443","Leaf391","Leaf443",0,0.8,791,"lambda=0.01",0.420593517224444,0.211111111111111,"neutral",0.8125,0.395833333333333,0.420593517224444,FALSE,FALSE
"carlstrom_phyllosphere_2019",1,"Leaf391||Leaf68","Leaf391","Leaf68",1,0.8,791,"lambda=0.01",0.53705108067132,0.0111111111111111,"positive",0.8125,1,0.53705108067132,FALSE,FALSE
"carlstrom_phyllosphere_2019",1,"Leaf391||Leaf70","Leaf391","Leaf70",1,0.8,791,"lambda=0.01",0.529530891421516,0.0111111111111111,"positive",0.8125,0.208333333333333,0.529530891421516,FALSE,FALSE
"carlstrom_phyllosphere_2019",1,"Leaf405||Leaf420","Leaf405","Leaf420",0,0.8,791,"lambda=0.01",0.476305903059057,0.172222222222222,"neutral",0.854166666666667,1,0.476305903059057,FALSE,FALSE
"carlstrom_phyllosphere_2019",1,"Leaf405||Leaf427","Leaf405","Leaf427",0,0.8,791,"lambda=0.01",0.38117431441461,0.322222222222222,"neutral",0.854166666666667,0.333333333333333,0.38117431441461,FALSE,TRUE
"carlstrom_phyllosphere_2019",1,"Leaf405||Leaf443","Leaf405","Leaf443",0,0.8,791,"lambda=0.01",0.418383967165298,0.0166666666666667,"neutral",0.854166666666667,0.395833333333333,0.418383967165298,FALSE,FALSE
"carlstrom_phyllosphere_2019",1,"Leaf405||Leaf82","Leaf405","Leaf82",0,0.8,791,"lambda=0.01",0.361282635419221,0.0722222222222222,"neutral",0.854166666666667,0.8125,0.361282635419221,FALSE,FALSE
"carlstrom_phyllosphere_2019",1,"Leaf405||Leaf83","Leaf405","Leaf83",0,0.8,791,"lambda=0.01",0.358673395668064,0.361111111111111,"neutral",0.854166666666667,0.6875,0.358673395668064,FALSE,TRUE
"carlstrom_phyllosphere_2019",1,"Leaf41||Leaf420","Leaf41","Leaf420",0,0.8,791,"lambda=0.01",0.463050401159911,0.477777777777778,"neutral",0.520833333333333,1,0.463050401159911,FALSE,TRUE
"carlstrom_phyllosphere_2019",1,"Leaf41||Leaf88","Leaf41","Leaf88",0,0.8,791,"lambda=0.01",0.210860216146062,0.0055555555555555,"neutral",0.520833333333333,0.3125,0.210860216146062,FALSE,FALSE
"carlstrom_phyllosphere_2019",1,"Leaf416||Leaf70","Leaf416","Leaf70",1,0.8,791,"lambda=0.01",0.30387752015475,0.283333333333333,"positive",0.708333333333333,0.208333333333333,0.30387752015475,FALSE,FALSE
"carlstrom_phyllosphere_2019",1,"Leaf416||Leaf82","Leaf416","Leaf82",0,0.8,791,"lambda=0.01",0.35286464549473,0.0833333333333333,"neutral",0.708333333333333,0.8125,0.35286464549473,FALSE,FALSE
"carlstrom_phyllosphere_2019",1,"Leaf416||Leaf90","Leaf416","Leaf90",1,0.8,791,"lambda=0.01",0.398605643908735,0.105555555555556,"positive",0.708333333333333,0.791666666666667,0.398605643908735,FALSE,FALSE
"carlstrom_phyllosphere_2019",1,"Leaf420||Leaf5","Leaf420","Leaf5",0,0.8,791,"lambda=0.01",0.797433126058399,0.0222222222222222,"neutral",1,0.0625,0.797433126058399,TRUE,FALSE
"carlstrom_phyllosphere_2019",1,"Leaf420||Leaf88","Leaf420","Leaf88",0,0.8,791,"lambda=0.01",0.541065782878866,0.327777777777778,"neutral",1,0.3125,0.541065782878866,FALSE,TRUE
"carlstrom_phyllosphere_2019",1,"Leaf427||Leaf83","Leaf427","Leaf83",0,0.8,791,"lambda=0.01",0.295434745988632,0.0388888888888889,"neutral",0.333333333333333,0.6875,0.295434745988632,FALSE,FALSE
"carlstrom_phyllosphere_2019",1,"Leaf427||Leaf88","Leaf427","Leaf88",0,0.8,791,"lambda=0.01",0.0576347625907722,0.138888888888889,"neutral",0.333333333333333,0.3125,0.0576347625907722,FALSE,FALSE
"carlstrom_phyllosphere_2019",1,"Leaf443||Leaf86","Leaf443","Leaf86",0,0.8,791,"lambda=0.01",0.573728440215978,0.0111111111111111,"neutral",0.395833333333333,0.895833333333333,0.573728440215978,FALSE,FALSE
"carlstrom_phyllosphere_2019",1,"Leaf443||Leaf88","Leaf443","Leaf88",0,0.8,791,"lambda=0.01",0.11815069704844,0.438888888888889,"neutral",0.395833333333333,0.3125,0.11815069704844,FALSE,TRUE
"carlstrom_phyllosphere_2019",1,"Leaf5||Leaf86","Leaf5","Leaf86",0,0.8,791,"lambda=0.01",0.502583321199555,0.588888888888889,"neutral",0.0625,0.895833333333333,0.502583321199555,FALSE,TRUE
"carlstrom_phyllosphere_2019",1,"Leaf68||Leaf82","Leaf68","Leaf82",0,0.8,791,"lambda=0.01",0.658606633131915,0,"neutral",1,0.8125,0.658606633131915,FALSE,FALSE
"carlstrom_phyllosphere_2019",1,"Leaf68||Leaf83","Leaf68","Leaf83",0,0.8,791,"lambda=0.01",0.465573888256138,0.227777777777778,"neutral",1,0.6875,0.465573888256138,FALSE,FALSE
"carlstrom_phyllosphere_2019",1,"Leaf70||Leaf88","Leaf70","Leaf88",0,0.8,791,"lambda=0.01",0.0695355125434787,0.0444444444444444,"neutral",0.208333333333333,0.3125,0.0695355125434787,FALSE,FALSE
"carlstrom_phyllosphere_2019",1,"Leaf82||Leaf88","Leaf82","Leaf88",0,0.8,791,"lambda=0.01",0.465310908192762,0.0611111111111111,"neutral",0.8125,0.3125,0.465310908192762,FALSE,FALSE
"carlstrom_phyllosphere_2019",1,"Leaf83||Leaf86","Leaf83","Leaf86",0,0.8,791,"lambda=0.01",0.340677462669454,0.15,"neutral",0.6875,0.895833333333333,0.340677462669454,FALSE,FALSE
"carlstrom_phyllosphere_2019",2,"Leaf141||Leaf145","Leaf141","Leaf145",1,0.8,791,"lambda=0.1",0.547241174341165,0.0444444444444444,"positive",0.5625,1,0.547241174341165,FALSE,FALSE
"carlstrom_phyllosphere_2019",2,"Leaf141||Leaf233","Leaf141","Leaf233",1,0.8,791,"lambda=0.1",0.54304000533016,0.0777777777777778,"positive",0.5625,1,0.54304000533016,FALSE,FALSE
"carlstrom_phyllosphere_2019",2,"Leaf141||Leaf288","Leaf141","Leaf288",0,0.8,791,"lambda=0.1",0.354119472554149,0.05,"neutral",0.5625,0.25,0.354119472554149,FALSE,FALSE
"carlstrom_phyllosphere_2019",2,"Leaf141||Leaf334","Leaf141","Leaf334",0,0.8,791,"lambda=0.1",0.341637074793554,0.0166666666666667,"neutral",0.5625,0.1875,0.341637074793554,FALSE,FALSE
"carlstrom_phyllosphere_2019",2,"Leaf141||Leaf405","Leaf141","Leaf405",0,0.8,791,"lambda=0.1",0.436078099576169,0.0277777777777778,"neutral",0.5625,0.854166666666667,0.436078099576169,FALSE,FALSE
"carlstrom_phyllosphere_2019",2,"Leaf141||Leaf86","Leaf141","Leaf86",0,0.8,791,"lambda=0.1",0.473280513464325,0.0388888888888889,"neutral",0.5625,0.895833333333333,0.473280513464325,FALSE,FALSE
"carlstrom_phyllosphere_2019",2,"Leaf141||Leaf90","Leaf141","Leaf90",0,0.8,791,"lambda=0.1",0.336405164273067,0.238888888888889,"neutral",0.5625,0.791666666666667,0.336405164273067,FALSE,FALSE
"carlstrom_phyllosphere_2019",2,"Leaf145||Leaf189","Leaf145","Leaf189",0,0.8,791,"lambda=0.1",0.550494582173268,0.0388888888888889,"neutral",1,0.4375,0.550494582173268,FALSE,FALSE
"carlstrom_phyllosphere_2019",2,"Leaf145||Leaf2","Leaf145","Leaf2",0,0.8,791,"lambda=0.1",0.552337184741554,0,"neutral",1,0.520833333333333,0.552337184741554,FALSE,FALSE
"carlstrom_phyllosphere_2019",2,"Leaf145||Leaf265","Leaf145","Leaf265",1,0.8,791,"lambda=0.1",0.530221601536212,0.0111111111111111,"negative",1,0.708333333333333,0.530221601536212,FALSE,FALSE
"carlstrom_phyllosphere_2019",2,"Leaf145||Leaf336","Leaf145","Leaf336",0,0.8,791,"lambda=0.1",0.645855629483217,0.122222222222222,"neutral",1,0.958333333333333,0.645855629483217,TRUE,FALSE
"carlstrom_phyllosphere_2019",2,"Leaf145||Leaf354","Leaf145","Leaf354",0,0.8,791,"lambda=0.1",0.593471385435469,0.0833333333333333,"neutral",1,0.875,0.593471385435469,FALSE,FALSE
"carlstrom_phyllosphere_2019",2,"Leaf145||Leaf357","Leaf145","Leaf357",0,0.8,791,"lambda=0.1",0.550039076332143,0.0055555555555555,"neutral",1,0.4375,0.550039076332143,FALSE,FALSE
"carlstrom_phyllosphere_2019",2,"Leaf145||Leaf41","Leaf145","Leaf41",0,0.8,791,"lambda=0.1",0.505355044114511,0.0888888888888889,"neutral",1,0.520833333333333,0.505355044114511,FALSE,FALSE
"carlstrom_phyllosphere_2019",2,"Leaf145||Leaf420","Leaf145","Leaf420",0,0.8,791,"lambda=0.1",0.706531129372864,0.372222222222222,"neutral",1,1,0.706531129372864,TRUE,TRUE
"carlstrom_phyllosphere_2019",2,"Leaf160||Leaf189","Leaf160","Leaf189",0,0.8,791,"lambda=0.1",0.305478166068414,0.255555555555556,"neutral",0.1875,0.4375,0.305478166068414,FALSE,FALSE
"carlstrom_phyllosphere_2019",2,"Leaf160||Leaf202","Leaf160","Leaf202",0,0.8,791,"lambda=0.1",0.67557156973536,0,"neutral",0.1875,1,0.67557156973536,TRUE,FALSE
"carlstrom_phyllosphere_2019",2,"Leaf160||Leaf220","Leaf160","Leaf220",0,0.8,791,"lambda=0.1",0.220500309376829,0.105555555555556,"neutral",0.1875,0.0833333333333333,0.220500309376829,FALSE,FALSE
"carlstrom_phyllosphere_2019",2,"Leaf160||Leaf234","Leaf160","Leaf234",0,0.8,791,"lambda=0.1",0.208943382189325,0.0666666666666667,"neutral",0.1875,0.145833333333333,0.208943382189325,FALSE,FALSE
"carlstrom_phyllosphere_2019",2,"Leaf160||Leaf288","Leaf160","Leaf288",0,0.8,791,"lambda=0.1",0.244291467986747,0.133333333333333,"neutral",0.1875,0.25,0.244291467986747,FALSE,FALSE
"carlstrom_phyllosphere_2019",2,"Leaf160||Leaf336","Leaf160","Leaf336",0,0.8,791,"lambda=0.1",0.540503787927989,0.0166666666666667,"neutral",0.1875,0.958333333333333,0.540503787927989,FALSE,FALSE
"carlstrom_phyllosphere_2019",2,"Leaf160||Leaf337","Leaf160","Leaf337",0,0.8,791,"lambda=0.1",0.244223573847179,0.0333333333333333,"neutral",0.1875,0.208333333333333,0.244223573847179,FALSE,FALSE
"carlstrom_phyllosphere_2019",2,"Leaf160||Leaf357","Leaf160","Leaf357",0,0.8,791,"lambda=0.1",0.237128698863523,0.0666666666666667,"neutral",0.1875,0.4375,0.237128698863523,FALSE,FALSE
"carlstrom_phyllosphere_2019",2,"Leaf160||Leaf41","Leaf160","Leaf41",0,0.8,791,"lambda=0.1",0.323504556776941,0.0388888888888889,"neutral",0.1875,0.520833333333333,0.323504556776941,FALSE,FALSE
"carlstrom_phyllosphere_2019",2,"Leaf160||Leaf416","Leaf160","Leaf416",1,0.8,791,"lambda=0.1",0.440098740435152,0.0277777777777778,"positive",0.1875,0.708333333333333,0.440098740435152,FALSE,FALSE
"carlstrom_phyllosphere_2019",2,"Leaf160||Leaf68","Leaf160","Leaf68",1,0.8,791,"lambda=0.1",0.671883903326686,0,"positive",0.1875,1,0.671883903326686,TRUE,FALSE
"carlstrom_phyllosphere_2019",2,"Leaf160||Leaf83","Leaf160","Leaf83",0,0.8,791,"lambda=0.1",0.313879659121714,0.277777777777778,"neutral",0.1875,0.6875,0.313879659121714,FALSE,FALSE
"carlstrom_phyllosphere_2019",2,"Leaf176||Leaf233","Leaf176","Leaf233",0,0.8,791,"lambda=0.1",0.53348481882868,0.144444444444444,"neutral",0.479166666666667,1,0.53348481882868,FALSE,FALSE
"carlstrom_phyllosphere_2019",2,"Leaf176||Leaf262","Leaf176","Leaf262",0,0.8,791,"lambda=0.1",0.516631593417823,0.0111111111111111,"neutral",0.479166666666667,0.958333333333333,0.516631593417823,FALSE,FALSE
"carlstrom_phyllosphere_2019",2,"Leaf176||Leaf285","Leaf176","Leaf285",0,0.8,791,"lambda=0.1",0.323686825439962,0.0444444444444444,"neutral",0.479166666666667,0.625,0.323686825439962,FALSE,FALSE
"carlstrom_phyllosphere_2019",2,"Leaf176||Leaf33","Leaf176","Leaf33",0,0.8,791,"lambda=0.1",0.272923148947653,0.172222222222222,"neutral",0.479166666666667,0.354166666666667,0.272923148947653,FALSE,FALSE
"carlstrom_phyllosphere_2019",2,"Leaf176||Leaf391","Leaf176","Leaf391",0,0.8,791,"lambda=0.1",0.464999919410367,0.0055555555555555,"neutral",0.479166666666667,0.8125,0.464999919410367,FALSE,FALSE
"carlstrom_phyllosphere_2019",2,"Leaf176||Leaf405","Leaf176","Leaf405",0,0.8,791,"lambda=0.1",0.408268221180253,0.161111111111111,"neutral",0.479166666666667,0.854166666666667,0.408268221180253,FALSE,FALSE
"carlstrom_phyllosphere_2019",2,"Leaf176||Leaf416","Leaf176","Leaf416",0,0.8,791,"lambda=0.1",0.43099127234878,0.0777777777777778,"neutral",0.479166666666667,0.708333333333333,0.43099127234878,FALSE,FALSE
"carlstrom_phyllosphere_2019",2,"Leaf176||Leaf90","Leaf176","Leaf90",0,0.8,791,"lambda=0.1",0.400042915030197,0.2,"neutral",0.479166666666667,0.791666666666667,0.400042915030197,FALSE,FALSE
"carlstrom_phyllosphere_2019",2,"Leaf177||Leaf334","Leaf177","Leaf334",0,0.8,791,"lambda=0.1",0.650909900076821,0.0055555555555555,"neutral",1,0.1875,0.650909900076821,TRUE,FALSE
"carlstrom_phyllosphere_2019",2,"Leaf177||Leaf359","Leaf177","Leaf359",0,0.8,791,"lambda=0.1",0.73748823507455,0,"neutral",1,0.0416666666666667,0.73748823507455,TRUE,FALSE
"carlstrom_phyllosphere_2019",2,"Leaf177||Leaf68","Leaf177","Leaf68",0,0.8,791,"lambda=0.1",0.745603273190845,0.05,"neutral",1,1,0.745603273190845,TRUE,FALSE
"carlstrom_phyllosphere_2019",2,"Leaf177||Leaf86","Leaf177","Leaf86",0,0.8,791,"lambda=0.1",0.639303265989251,0,"neutral",1,0.895833333333333,0.639303265989251,TRUE,FALSE
"carlstrom_phyllosphere_2019",2,"Leaf177||Leaf90","Leaf177","Leaf90",0,0.8,791,"lambda=0.1",0.556953571461638,0.0055555555555555,"neutral",1,0.791666666666667,0.556953571461638,FALSE,FALSE
"carlstrom_phyllosphere_2019",2,"Leaf183||Leaf203","Leaf183","Leaf203",0,0.8,791,"lambda=0.1",0.587811433232769,0.0666666666666667,"neutral",0.708333333333333,1,0.587811433232769,FALSE,FALSE
"carlstrom_phyllosphere_2019",2,"Leaf183||Leaf86","Leaf183","Leaf86",0,0.8,791,"lambda=0.1",0.483844621651679,0.0222222222222222,"neutral",0.708333333333333,0.895833333333333,0.483844621651679,FALSE,FALSE
"carlstrom_phyllosphere_2019",2,"Leaf187||Leaf288","Leaf187","Leaf288",0,0.8,791,"lambda=0.1",0.260147964239732,0.127777777777778,"neutral",0.145833333333333,0.25,0.260147964239732,FALSE,FALSE
"carlstrom_phyllosphere_2019",2,"Leaf187||Leaf344","Leaf187","Leaf344",0,0.8,791,"lambda=0.1",0.294008966300988,0.0166666666666667,"neutral",0.145833333333333,0.479166666666667,0.294008966300988,FALSE,FALSE
"carlstrom_phyllosphere_2019",2,"Leaf187||Leaf68","Leaf187","Leaf68",0,0.8,791,"lambda=0.1",0.772349710504333,0.0333333333333333,"neutral",0.145833333333333,1,0.772349710504333,TRUE,FALSE
"carlstrom_phyllosphere_2019",2,"Leaf187||Leaf83","Leaf187","Leaf83",0,0.8,791,"lambda=0.1",0.502785980465482,0.972222222222222,"neutral",0.145833333333333,0.6875,0.502785980465482,FALSE,TRUE
"carlstrom_phyllosphere_2019",2,"Leaf189||Leaf262","Leaf189","Leaf262",0,0.8,791,"lambda=0.1",0.565672150026693,0.0111111111111111,"neutral",0.4375,0.958333333333333,0.565672150026693,FALSE,FALSE
"carlstrom_phyllosphere_2019",2,"Leaf189||Leaf33","Leaf189","Leaf33",0,0.8,791,"lambda=0.1",0.297430700341534,0.283333333333333,"neutral",0.4375,0.354166666666667,0.297430700341534,FALSE,FALSE
"carlstrom_phyllosphere_2019",2,"Leaf189||Leaf359","Leaf189","Leaf359",0,0.8,791,"lambda=0.1",0.329654365661239,0.0222222222222222,"neutral",0.4375,0.0416666666666667,0.329654365661239,FALSE,FALSE
"carlstrom_phyllosphere_2019",2,"Leaf189||Leaf391","Leaf189","Leaf391",0,0.8,791,"lambda=0.1",0.46584954362272,0,"neutral",0.4375,0.8125,0.46584954362272,FALSE,FALSE
"carlstrom_phyllosphere_2019",2,"Leaf189||Leaf405","Leaf189","Leaf405",0,0.8,791,"lambda=0.1",0.502322559694552,0.0722222222222222,"neutral",0.4375,0.854166666666667,0.502322559694552,FALSE,FALSE
"carlstrom_phyllosphere_2019",2,"Leaf189||Leaf83","Leaf189","Leaf83",0,0.8,791,"lambda=0.1",0.331226663120133,0.0333333333333333,"neutral",0.4375,0.6875,0.331226663120133,FALSE,FALSE
"carlstrom_phyllosphere_2019",2,"Leaf189||Leaf86","Leaf189","Leaf86",0,0.8,791,"lambda=0.1",0.457197340560019,0.0888888888888889,"neutral",0.4375,0.895833333333333,0.457197340560019,FALSE,FALSE
"carlstrom_phyllosphere_2019",2,"Leaf2||Leaf359","Leaf2","Leaf359",0,0.8,791,"lambda=0.1",0.414129807181267,0.0111111111111111,"neutral",0.520833333333333,0.0416666666666667,0.414129807181267,FALSE,FALSE
"carlstrom_phyllosphere_2019",2,"Leaf2||Leaf416","Leaf2","Leaf416",0,0.8,791,"lambda=0.1",0.374927995556387,0.05,"neutral",0.520833333333333,0.708333333333333,0.374927995556387,FALSE,FALSE
"carlstrom_phyllosphere_2019",2,"Leaf2||Leaf83","Leaf2","Leaf83",0,0.8,791,"lambda=0.1",0.480361734305053,0.0055555555555555,"neutral",0.520833333333333,0.6875,0.480361734305053,FALSE,FALSE
"carlstrom_phyllosphere_2019",2,"Leaf2||Leaf86","Leaf2","Leaf86",0,0.8,791,"lambda=0.1",0.461707336794236,0,"neutral",0.520833333333333,0.895833333333333,0.461707336794236,FALSE,FALSE
"carlstrom_phyllosphere_2019",2,"Leaf202||Leaf231","Leaf202","Leaf231",0,0.8,791,"lambda=0.1",0.645371185188452,0.1,"neutral",0.9375,1,0.645371185188452,TRUE,FALSE
"carlstrom_phyllosphere_2019",2,"Leaf202||Leaf285","Leaf202","Leaf285",0,0.8,791,"lambda=0.1",0.493863543925458,0.155555555555556,"neutral",0.625,1,0.493863543925458,FALSE,FALSE
"carlstrom_phyllosphere_2019",2,"Leaf202||Leaf288","Leaf202","Leaf288",0,0.8,791,"lambda=0.1",0.711483112456715,0.316666666666667,"neutral",0.25,1,0.711483112456715,TRUE,TRUE
"carlstrom_phyllosphere_2019",2,"Leaf203||Leaf285","Leaf203","Leaf285",0,0.8,791,"lambda=0.1",0.594184793574806,0.0055555555555555,"neutral",1,0.625,0.594184793574806,FALSE,FALSE
"carlstrom_phyllosphere_2019",2,"Leaf203||Leaf3","Leaf203","Leaf3",1,0.8,791,"lambda=0.1",0.568434599899653,0,"positive",1,0.541666666666667,0.568434599899653,FALSE,FALSE
"carlstrom_phyllosphere_2019",2,"Leaf203||Leaf336","Leaf203","Leaf336",0,0.8,791,"lambda=0.1",0.680306400489599,0.0111111111111111,"neutral",1,0.958333333333333,0.680306400489599,TRUE,FALSE
"carlstrom_phyllosphere_2019",2,"Leaf203||Leaf337","Leaf203","Leaf337",0,0.8,791,"lambda=0.1",0.627185717914892,0.0833333333333333,"neutral",1,0.208333333333333,0.627185717914892,TRUE,FALSE
"carlstrom_phyllosphere_2019",2,"Leaf203||Leaf371","Leaf203","Leaf371",1,0.8,791,"lambda=0.1",0.639231840624506,0.0111111111111111,"positive",1,0.25,0.639231840624506,TRUE,FALSE
"carlstrom_phyllosphere_2019",2,"Leaf203||Leaf41","Leaf203","Leaf41",0,0.8,791,"lambda=0.1",0.511814610076057,0.438888888888889,"neutral",1,0.520833333333333,0.511814610076057,FALSE,TRUE
"carlstrom_phyllosphere_2019",2,"Leaf203||Leaf70","Leaf203","Leaf70",1,0.8,791,"lambda=0.1",0.647146804612706,0.105555555555556,"positive",1,0.208333333333333,0.647146804612706,TRUE,FALSE
"carlstrom_phyllosphere_2019",2,"Leaf203||Leaf82","Leaf203","Leaf82",0,0.8,791,"lambda=0.1",0.639964889836204,0.0166666666666667,"neutral",1,0.8125,0.639964889836204,TRUE,FALSE
"carlstrom_phyllosphere_2019",2,"Leaf220||Leaf231","Leaf220","Leaf231",1,0.8,791,"lambda=0.1",0.517305293400777,0.0055555555555555,"positive",0.0833333333333333,0.9375,0.517305293400777,FALSE,FALSE
"carlstrom_phyllosphere_2019",2,"Leaf220||Leaf233","Leaf220","Leaf233",1,0.8,791,"lambda=0.1",0.68646670971517,0.0333333333333333,"positive",0.0833333333333333,1,0.68646670971517,TRUE,FALSE
"carlstrom_phyllosphere_2019",2,"Leaf220||Leaf262","Leaf220","Leaf262",1,0.8,791,"lambda=0.1",0.499294446896802,0.333333333333333,"positive",0.0833333333333333,0.958333333333333,0.499294446896802,FALSE,TRUE
"carlstrom_phyllosphere_2019",2,"Leaf220||Leaf371","Leaf220","Leaf371",0,0.8,791,"lambda=0.1",0.22665946300972,0.261111111111111,"neutral",0.0833333333333333,0.25,0.22665946300972,FALSE,FALSE
"carlstrom_phyllosphere_2019",2,"Leaf222||Leaf231","Leaf222","Leaf231",1,0.8,791,"lambda=0.1",0.611292606704803,0.555555555555556,"positive",0.0625,0.9375,0.611292606704803,TRUE,TRUE
"carlstrom_phyllosphere_2019",2,"Leaf222||Leaf285","Leaf222","Leaf285",0,0.8,791,"lambda=0.1",0.386237469432319,0.0055555555555555,"neutral",0.0625,0.625,0.386237469432319,FALSE,FALSE
"carlstrom_phyllosphere_2019",2,"Leaf222||Leaf33","Leaf222","Leaf33",0,0.8,791,"lambda=0.1",0.269767763102389,0.0833333333333333,"neutral",0.0625,0.354166666666667,0.269767763102389,FALSE,FALSE
"carlstrom_phyllosphere_2019",2,"Leaf222||Leaf334","Leaf222","Leaf334",0,0.8,791,"lambda=0.1",0.255530796738426,0.0277777777777778,"neutral",0.0625,0.1875,0.255530796738426,FALSE,FALSE
"carlstrom_phyllosphere_2019",2,"Leaf222||Leaf83","Leaf222","Leaf83",0,0.8,791,"lambda=0.1",0.39148551748705,0.138888888888889,"neutral",0.0625,0.6875,0.39148551748705,FALSE,FALSE
"carlstrom_phyllosphere_2019",2,"Leaf222||Leaf86","Leaf222","Leaf86",0,0.8,791,"lambda=0.1",0.443890151345755,0,"neutral",0.0625,0.895833333333333,0.443890151345755,FALSE,FALSE
"carlstrom_phyllosphere_2019",2,"Leaf225||Leaf262","Leaf225","Leaf262",0,0.8,791,"lambda=0.1",0.501736533629815,0.0111111111111111,"neutral",0.958333333333333,0.208333333333333,0.501736533629815,FALSE,FALSE
"carlstrom_phyllosphere_2019",2,"Leaf225||Leaf265","Leaf225","Leaf265",0,0.8,791,"lambda=0.1",0.439559124854422,0,"neutral",0.708333333333333,0.208333333333333,0.439559124854422,FALSE,FALSE
"carlstrom_phyllosphere_2019",2,"Leaf225||Leaf416","Leaf225","Leaf416",0,0.8,791,"lambda=0.1",0.516870323249178,0.144444444444444,"neutral",0.708333333333333,0.208333333333333,0.516870323249178,FALSE,FALSE
"carlstrom_phyllosphere_2019",2,"Leaf225||Leaf420","Leaf225","Leaf420",0,0.8,791,"lambda=0.1",0.634465910960047,0.0388888888888889,"neutral",1,0.208333333333333,0.634465910960047,TRUE,FALSE
"carlstrom_phyllosphere_2019",2,"Leaf225||Leaf83","Leaf225","Leaf83",0,0.8,791,"lambda=0.1",0.332906931090538,0.338888888888889,"neutral",0.208333333333333,0.6875,0.332906931090538,FALSE,TRUE
"carlstrom_phyllosphere_2019",2,"Leaf231||Leaf234","Leaf231","Leaf234",1,0.8,791,"lambda=0.1",0.508156505682594,0.0277777777777778,"positive",0.9375,0.145833333333333,0.508156505682594,FALSE,FALSE
"carlstrom_phyllosphere_2019",2,"Leaf231||Leaf262","Leaf231","Leaf262",0,0.8,791,"lambda=0.1",0.463413382228972,0.161111111111111,"neutral",0.9375,0.958333333333333,0.463413382228972,FALSE,FALSE
"carlstrom_phyllosphere_2019",2,"Leaf231||Leaf359","Leaf231","Leaf359",1,0.8,791,"lambda=0.1",0.560152434242835,0,"positive",0.9375,0.0416666666666667,0.560152434242835,FALSE,FALSE
"carlstrom_phyllosphere_2019",2,"Leaf231||Leaf380","Leaf231","Leaf380",0,0.8,791,"lambda=0.1",0.49053732194466,0.0277777777777778,"neutral",0.9375,0.395833333333333,0.49053732194466,FALSE,FALSE
"carlstrom_phyllosphere_2019",2,"Leaf231||Leaf41","Leaf231","Leaf41",0,0.8,791,"lambda=0.1",0.448138237944456,0.288888888888889,"neutral",0.9375,0.520833333333333,0.448138237944456,FALSE,TRUE
"carlstrom_phyllosphere_2019",2,"Leaf231||Leaf88","Leaf231","Leaf88",0,0.8,791,"lambda=0.1",0.473683723435213,0.0444444444444444,"neutral",0.9375,0.3125,0.473683723435213,FALSE,FALSE
"carlstrom_phyllosphere_2019",2,"Leaf233||Leaf234","Leaf233","Leaf234",1,0.8,791,"lambda=0.1",0.683843844400401,0.0333333333333333,"positive",1,0.145833333333333,0.683843844400401,TRUE,FALSE
"carlstrom_phyllosphere_2019",2,"Leaf233||Leaf3","Leaf233","Leaf3",0,0.8,791,"lambda=0.1",0.545970753690491,0.05,"neutral",1,0.541666666666667,0.545970753690491,FALSE,FALSE
"carlstrom_phyllosphere_2019",2,"Leaf233||Leaf351","Leaf233","Leaf351",1,0.8,791,"lambda=0.1",0.664452003003953,0.0555555555555556,"positive",1,0.145833333333333,0.664452003003953,TRUE,FALSE
"carlstrom_phyllosphere_2019",2,"Leaf233||Leaf357","Leaf233","Leaf357",1,0.8,791,"lambda=0.1",0.482457366510242,0.616666666666667,"positive",1,0.4375,0.482457366510242,FALSE,TRUE
"carlstrom_phyllosphere_2019",2,"Leaf233||Leaf363","Leaf233","Leaf363",0,0.8,791,"lambda=0.1",0.615521971009579,0.1,"neutral",1,0.291666666666667,0.615521971009579,TRUE,FALSE
"carlstrom_phyllosphere_2019",2,"Leaf233||Leaf371","Leaf233","Leaf371",0,0.8,791,"lambda=0.1",0.559259651467909,0.311111111111111,"neutral",1,0.25,0.559259651467909,FALSE,TRUE
"carlstrom_phyllosphere_2019",2,"Leaf233||Leaf405","Leaf233","Leaf405",0,0.8,791,"lambda=0.1",0.603594294962736,0.0222222222222222,"neutral",1,0.854166666666667,0.603594294962736,FALSE,FALSE
"carlstrom_phyllosphere_2019",2,"Leaf233||Leaf86","Leaf233","Leaf86",1,0.8,791,"lambda=0.1",0.64276985674795,0.0611111111111111,"positive",1,0.895833333333333,0.64276985674795,TRUE,FALSE
"carlstrom_phyllosphere_2019",2,"Leaf234||Leaf262","Leaf234","Leaf262",0,0.8,791,"lambda=0.1",0.43865913195346,0.233333333333333,"neutral",0.145833333333333,0.958333333333333,0.43865913195346,FALSE,FALSE
"carlstrom_phyllosphere_2019",2,"Leaf234||Leaf285","Leaf234","Leaf285",0,0.8,791,"lambda=0.1",0.385602368022626,0.0055555555555555,"neutral",0.145833333333333,0.625,0.385602368022626,FALSE,FALSE
"carlstrom_phyllosphere_2019",2,"Leaf234||Leaf88","Leaf234","Leaf88",0,0.8,791,"lambda=0.1",0.248292770885596,0.0055555555555555,"neutral",0.145833333333333,0.3125,0.248292770885596,FALSE,FALSE
"carlstrom_phyllosphere_2019",2,"Leaf242||Leaf68","Leaf242","Leaf68",0,0.8,791,"lambda=0.1",0.563063547331389,0.0111111111111111,"neutral",0.708333333333333,1,0.563063547331389,FALSE,FALSE
"carlstrom_phyllosphere_2019",2,"Leaf26||Leaf262","Leaf26","Leaf262",0,0.8,791,"lambda=0.1",0.492021419571326,0.227777777777778,"neutral",0.958333333333333,0.833333333333333,0.492021419571326,FALSE,FALSE
"carlstrom_phyllosphere_2019",2,"Leaf26||Leaf288","Leaf26","Leaf288",0,0.8,791,"lambda=0.1",0.398268577043921,0.0388888888888889,"neutral",0.833333333333333,0.25,0.398268577043921,FALSE,FALSE
"carlstrom_phyllosphere_2019",2,"Leaf26||Leaf33","Leaf26","Leaf33",0,0.8,791,"lambda=0.1",0.460438980792322,0,"neutral",0.833333333333333,0.354166666666667,0.460438980792322,FALSE,FALSE
"carlstrom_phyllosphere_2019",2,"Leaf26||Leaf344","Leaf26","Leaf344",0,0.8,791,"lambda=0.1",0.456960445262454,0.05,"neutral",0.833333333333333,0.479166666666667,0.456960445262454,FALSE,FALSE
"carlstrom_phyllosphere_2019",2,"Leaf262||Leaf288","Leaf262","Leaf288",0,0.8,791,"lambda=0.1",0.520989536716739,0.0111111111111111,"neutral",0.958333333333333,0.25,0.520989536716739,FALSE,FALSE
"carlstrom_phyllosphere_2019",2,"Leaf262||Leaf3","Leaf262","Leaf3",0,0.8,791,"lambda=0.1",0.513229513443948,0.205555555555556,"neutral",0.958333333333333,0.541666666666667,0.513229513443948,FALSE,FALSE
"carlstrom_phyllosphere_2019",2,"Leaf262||Leaf334","Leaf262","Leaf334",0,0.8,791,"lambda=0.1",0.557661354571982,0.155555555555556,"neutral",0.958333333333333,0.1875,0.557661354571982,FALSE,FALSE
"carlstrom_phyllosphere_2019",2,"Leaf262||Leaf336","Leaf262","Leaf336",0,0.8,791,"lambda=0.1",0.548757377048288,0.0944444444444444,"neutral",0.958333333333333,0.958333333333333,0.548757377048288,FALSE,FALSE
"carlstrom_phyllosphere_2019",2,"Leaf262||Leaf351","Leaf262","Leaf351",0,0.8,791,"lambda=0.1",0.481197287716511,0.0222222222222222,"neutral",0.958333333333333,0.145833333333333,0.481197287716511,FALSE,FALSE
"carlstrom_phyllosphere_2019",2,"Leaf262||Leaf357","Leaf262","Leaf357",1,0.8,791,"lambda=0.1",0.564271903471785,0.0055555555555555,"positive",0.958333333333333,0.4375,0.564271903471785,FALSE,FALSE
"carlstrom_phyllosphere_2019",2,"Leaf262||Leaf380","Leaf262","Leaf380",0,0.8,791,"lambda=0.1",0.506820771368043,0.127777777777778,"neutral",0.958333333333333,0.395833333333333,0.506820771368043,FALSE,FALSE
"carlstrom_phyllosphere_2019",2,"Leaf262||Leaf420","Leaf262","Leaf420",0,0.8,791,"lambda=0.1",0.6228962845157,0.288888888888889,"neutral",0.958333333333333,1,0.6228962845157,TRUE,TRUE
"carlstrom_phyllosphere_2019",2,"Leaf262||Leaf427","Leaf262","Leaf427",0,0.8,791,"lambda=0.1",0.546977880573209,0.0444444444444444,"neutral",0.958333333333333,0.333333333333333,0.546977880573209,FALSE,FALSE
"carlstrom_phyllosphere_2019",2,"Leaf262||Leaf90","Leaf262","Leaf90",0,0.8,791,"lambda=0.1",0.436551970982489,0.0944444444444444,"neutral",0.958333333333333,0.791666666666667,0.436551970982489,FALSE,FALSE
"carlstrom_phyllosphere_2019",2,"Leaf263||Leaf288","Leaf263","Leaf288",0,0.8,791,"lambda=0.1",0.259686844490385,0.0055555555555555,"neutral",0.145833333333333,0.25,0.259686844490385,FALSE,FALSE
"carlstrom_phyllosphere_2019",2,"Leaf263||Leaf371","Leaf263","Leaf371",0,0.8,791,"lambda=0.1",0.219363107228337,0.0888888888888889,"neutral",0.145833333333333,0.25,0.219363107228337,FALSE,FALSE
"carlstrom_phyllosphere_2019",2,"Leaf263||Leaf391","Leaf263","Leaf391",0,0.8,791,"lambda=0.1",0.409900753679043,0.2,"neutral",0.145833333333333,0.8125,0.409900753679043,FALSE,FALSE
"carlstrom_phyllosphere_2019",2,"Leaf263||Leaf88","Leaf263","Leaf88",0,0.8,791,"lambda=0.1",0.287188408660881,0.105555555555556,"neutral",0.145833333333333,0.3125,0.287188408660881,FALSE,FALSE
"carlstrom_phyllosphere_2019",2,"Leaf265||Leaf334","Leaf265","Leaf334",0,0.8,791,"lambda=0.1",0.393201410480415,0.05,"neutral",0.708333333333333,0.1875,0.393201410480415,FALSE,FALSE
"carlstrom_phyllosphere_2019",2,"Leaf265||Leaf354","Leaf265","Leaf354",0,0.8,791,"lambda=0.1",0.404005066950592,0.122222222222222,"neutral",0.708333333333333,0.875,0.404005066950592,FALSE,FALSE
"carlstrom_phyllosphere_2019",2,"Leaf265||Leaf363","Leaf265","Leaf363",0,0.8,791,"lambda=0.1",0.379685336277067,0.0111111111111111,"neutral",0.708333333333333,0.291666666666667,0.379685336277067,FALSE,FALSE
"carlstrom_phyllosphere_2019",2,"Leaf265||Leaf396","Leaf265","Leaf396",0,0.8,791,"lambda=0.1",0.42593324950468,0.0166666666666667,"neutral",0.708333333333333,0.375,0.42593324950468,FALSE,FALSE
"carlstrom_phyllosphere_2019",2,"Leaf265||Leaf41","Leaf265","Leaf41",0,0.8,791,"lambda=0.1",0.351946097329827,0.0444444444444444,"neutral",0.708333333333333,0.520833333333333,0.351946097329827,FALSE,FALSE
"carlstrom_phyllosphere_2019",2,"Leaf265||Leaf86","Leaf265","Leaf86",1,0.8,791,"lambda=0.1",0.411846800662219,0.288888888888889,"positive",0.708333333333333,0.895833333333333,0.411846800662219,FALSE,TRUE
"carlstrom_phyllosphere_2019",2,"Leaf281||Leaf288","Leaf281","Leaf288",0,0.8,791,"lambda=0.1",0.360769619907759,0.127777777777778,"neutral",0.25,0.541666666666667,0.360769619907759,FALSE,FALSE
"carlstrom_phyllosphere_2019",2,"Leaf281||Leaf33","Leaf281","Leaf33",0,0.8,791,"lambda=0.1",0.31179614469879,0,"neutral",0.354166666666667,0.541666666666667,0.31179614469879,FALSE,FALSE
"carlstrom_phyllosphere_2019",2,"Leaf281||Leaf68","Leaf281","Leaf68",0,0.8,791,"lambda=0.1",0.568697652048132,0,"neutral",1,0.541666666666667,0.568697652048132,FALSE,FALSE
"carlstrom_phyllosphere_2019",2,"Leaf281||Leaf86","Leaf281","Leaf86",0,0.8,791,"lambda=0.1",0.464439483620019,0,"neutral",0.895833333333333,0.541666666666667,0.464439483620019,FALSE,FALSE
"carlstrom_phyllosphere_2019",2,"Leaf285||Leaf337","Leaf285","Leaf337",0,0.8,791,"lambda=0.1",0.407454966519868,0.105555555555556,"neutral",0.625,0.208333333333333,0.407454966519868,FALSE,FALSE
"carlstrom_phyllosphere_2019",2,"Leaf285||Leaf357","Leaf285","Leaf357",0,0.8,791,"lambda=0.1",0.324177781886091,0.0777777777777778,"neutral",0.625,0.4375,0.324177781886091,FALSE,FALSE
"carlstrom_phyllosphere_2019",2,"Leaf285||Leaf405","Leaf285","Leaf405",0,0.8,791,"lambda=0.1",0.414769821268129,0.0388888888888889,"neutral",0.625,0.854166666666667,0.414769821268129,FALSE,FALSE
"carlstrom_phyllosphere_2019",2,"Leaf285||Leaf420","Leaf285","Leaf420",0,0.8,791,"lambda=0.1",0.497029388647604,0.644444444444444,"neutral",0.625,1,0.497029388647604,FALSE,TRUE
"carlstrom_phyllosphere_2019",2,"Leaf285||Leaf427","Leaf285","Leaf427",0,0.8,791,"lambda=0.1",0.348531282028959,0.133333333333333,"neutral",0.625,0.333333333333333,0.348531282028959,FALSE,FALSE
"carlstrom_phyllosphere_2019",2,"Leaf285||Leaf68","Leaf285","Leaf68",0,0.8,791,"lambda=0.1",0.491564298347684,0.316666666666667,"neutral",0.625,1,0.491564298347684,FALSE,TRUE
"carlstrom_phyllosphere_2019",2,"Leaf288||Leaf354","Leaf288","Leaf354",0,0.8,791,"lambda=0.1",0.549759654694842,0,"neutral",0.25,0.875,0.549759654694842,FALSE,FALSE
"carlstrom_phyllosphere_2019",2,"Leaf288||Leaf371","Leaf288","Leaf371",0,0.8,791,"lambda=0.1",0.219327483794458,0.0944444444444444,"neutral",0.25,0.25,0.219327483794458,FALSE,FALSE
"carlstrom_phyllosphere_2019",2,"Leaf288||Leaf83","Leaf288","Leaf83",0,0.8,791,"lambda=0.1",0.377589018319678,0.0166666666666667,"neutral",0.25,0.6875,0.377589018319678,FALSE,FALSE
"carlstrom_phyllosphere_2019",2,"Leaf288||Leaf86","Leaf288","Leaf86",0,0.8,791,"lambda=0.1",0.472912101327711,0.0055555555555555,"neutral",0.25,0.895833333333333,0.472912101327711,FALSE,FALSE
"carlstrom_phyllosphere_2019",2,"Leaf3||Leaf416","Leaf3","Leaf416",0,0.8,791,"lambda=0.1",0.435367365020307,0.0111111111111111,"neutral",0.708333333333333,0.541666666666667,0.435367365020307,FALSE,FALSE
"carlstrom_phyllosphere_2019",2,"Leaf3||Leaf83","Leaf3","Leaf83",0,0.8,791,"lambda=0.1",0.525545141760013,0.0111111111111111,"neutral",0.541666666666667,0.6875,0.525545141760013,FALSE,FALSE
"carlstrom_phyllosphere_2019",2,"Leaf324||Leaf334","Leaf324","Leaf334",0,0.8,791,"lambda=0.1",0.299687572577878,0.183333333333333,"neutral",0.458333333333333,0.1875,0.299687572577878,FALSE,FALSE
"carlstrom_phyllosphere_2019",2,"Leaf324||Leaf344","Leaf324","Leaf344",0,0.8,791,"lambda=0.1",0.259521841465882,0.0833333333333333,"neutral",0.458333333333333,0.479166666666667,0.259521841465882,FALSE,FALSE
"carlstrom_phyllosphere_2019",2,"Leaf324||Leaf420","Leaf324","Leaf420",0,0.8,791,"lambda=0.1",0.504850964518017,0.272222222222222,"neutral",0.458333333333333,1,0.504850964518017,FALSE,FALSE
"carlstrom_phyllosphere_2019",2,"Leaf33||Leaf351","Leaf33","Leaf351",0,0.8,791,"lambda=0.1",0.247056457098059,0.0611111111111111,"neutral",0.145833333333333,0.354166666666667,0.247056457098059,FALSE,FALSE
"carlstrom_phyllosphere_2019",2,"Leaf33||Leaf359","Leaf33","Leaf359",0,0.8,791,"lambda=0.1",0.263258617421611,0.0166666666666667,"neutral",0.0416666666666667,0.354166666666667,0.263258617421611,FALSE,FALSE
"carlstrom_phyllosphere_2019",2,"Leaf33||Leaf396","Leaf33","Leaf396",0,0.8,791,"lambda=0.1",0.265816478987048,0.0055555555555555,"neutral",0.375,0.354166666666667,0.265816478987048,FALSE,FALSE
"carlstrom_phyllosphere_2019",2,"Leaf33||Leaf416","Leaf33","Leaf416",1,0.8,791,"lambda=0.1",0.380000748681865,0.0277777777777778,"positive",0.708333333333333,0.354166666666667,0.380000748681865,FALSE,FALSE
"carlstrom_phyllosphere_2019",2,"Leaf33||Leaf420","Leaf33","Leaf420",0,0.8,791,"lambda=0.1",0.567745271514851,0,"neutral",1,0.354166666666667,0.567745271514851,FALSE,FALSE
"carlstrom_phyllosphere_2019",2,"Leaf33||Leaf5","Leaf33","Leaf5",0,0.8,791,"lambda=0.1",0.264063014168663,0.772222222222222,"neutral",0.0625,0.354166666666667,0.264063014168663,FALSE,TRUE
"carlstrom_phyllosphere_2019",2,"Leaf33||Leaf83","Leaf33","Leaf83",0,0.8,791,"lambda=0.1",0.277919424846331,0.0611111111111111,"neutral",0.354166666666667,0.6875,0.277919424846331,FALSE,FALSE
"carlstrom_phyllosphere_2019",2,"Leaf33||Leaf86","Leaf33","Leaf86",0,0.8,791,"lambda=0.1",0.47913864374015,0.0833333333333333,"neutral",0.354166666666667,0.895833333333333,0.47913864374015,FALSE,FALSE
"carlstrom_phyllosphere_2019",2,"Leaf33||Leaf88","Leaf33","Leaf88",0,0.8,791,"lambda=0.1",0.219636570733094,0.472222222222222,"neutral",0.354166666666667,0.3125,0.219636570733094,FALSE,TRUE
"carlstrom_phyllosphere_2019",2,"Leaf334||Leaf351","Leaf334","Leaf351",0,0.8,791,"lambda=0.1",0.243206664054675,0.0388888888888889,"neutral",0.1875,0.145833333333333,0.243206664054675,FALSE,FALSE
"carlstrom_phyllosphere_2019",2,"Leaf334||Leaf357","Leaf334","Leaf357",0,0.8,791,"lambda=0.1",0.321841468550001,0.0111111111111111,"neutral",0.1875,0.4375,0.321841468550001,FALSE,FALSE
"carlstrom_phyllosphere_2019",2,"Leaf334||Leaf70","Leaf334","Leaf70",0,0.8,791,"lambda=0.1",0.230828670290199,0.122222222222222,"neutral",0.1875,0.208333333333333,0.230828670290199,FALSE,FALSE
"carlstrom_phyllosphere_2019",2,"Leaf334||Leaf88","Leaf334","Leaf88",0,0.8,791,"lambda=0.1",0.239241791080277,0.138888888888889,"neutral",0.1875,0.3125,0.239241791080277,FALSE,FALSE
"carlstrom_phyllosphere_2019",2,"Leaf336||Leaf344","Leaf336","Leaf344",0,0.8,791,"lambda=0.1",0.486267710503891,0.15,"neutral",0.958333333333333,0.479166666666667,0.486267710503891,FALSE,FALSE
"carlstrom_phyllosphere_2019",2,"Leaf336||Leaf391","Leaf336","Leaf391",0,0.8,791,"lambda=0.1",0.518322015203414,0,"neutral",0.958333333333333,0.8125,0.518322015203414,FALSE,FALSE
"carlstrom_phyllosphere_2019",2,"Leaf337||Leaf83","Leaf337","Leaf83",0,0.8,791,"lambda=0.1",0.363185210674078,0.0222222222222222,"neutral",0.208333333333333,0.6875,0.363185210674078,FALSE,FALSE
"carlstrom_phyllosphere_2019",2,"Leaf344||Leaf351","Leaf344","Leaf351",0,0.8,791,"lambda=0.1",0.31914521621105,0,"neutral",0.479166666666667,0.145833333333333,0.31914521621105,FALSE,FALSE
"carlstrom_phyllosphere_2019",2,"Leaf344||Leaf357","Leaf344","Leaf357",0,0.8,791,"lambda=0.1",0.286804873358073,0.0111111111111111,"neutral",0.479166666666667,0.4375,0.286804873358073,FALSE,FALSE
"carlstrom_phyllosphere_2019",2,"Leaf351||Leaf359","Leaf351","Leaf359",0,0.8,791,"lambda=0.1",0.254258412861947,0.783333333333333,"neutral",0.145833333333333,0.0416666666666667,0.254258412861947,FALSE,TRUE
"carlstrom_phyllosphere_2019",2,"Leaf351||Leaf371","Leaf351","Leaf371",0,0.8,791,"lambda=0.1",0.253058479832746,0.322222222222222,"neutral",0.145833333333333,0.25,0.253058479832746,FALSE,TRUE
"carlstrom_phyllosphere_2019",2,"Leaf351||Leaf405","Leaf351","Leaf405",0,0.8,791,"lambda=0.1",0.44596446178648,0.294444444444444,"neutral",0.145833333333333,0.854166666666667,0.44596446178648,FALSE,TRUE
"carlstrom_phyllosphere_2019",2,"Leaf354||Leaf420","Leaf354","Leaf420",0,0.8,791,"lambda=0.1",0.57865147458075,0.316666666666667,"neutral",0.875,1,0.57865147458075,FALSE,TRUE
"carlstrom_phyllosphere_2019",2,"Leaf354||Leaf86","Leaf354","Leaf86",0,0.8,791,"lambda=0.1",0.442153962789511,0.238888888888889,"neutral",0.875,0.895833333333333,0.442153962789511,FALSE,FALSE
"carlstrom_phyllosphere_2019",2,"Leaf357||Leaf405","Leaf357","Leaf405",0,0.8,791,"lambda=0.1",0.44186957631984,0.0444444444444444,"neutral",0.4375,0.854166666666667,0.44186957631984,FALSE,FALSE
"carlstrom_phyllosphere_2019",2,"Leaf357||Leaf420","Leaf357","Leaf420",0,0.8,791,"lambda=0.1",0.536047646729284,0.0277777777777778,"neutral",0.4375,1,0.536047646729284,FALSE,FALSE
"carlstrom_phyllosphere_2019",2,"Leaf357||Leaf68","Leaf357","Leaf68",0,0.8,791,"lambda=0.1",0.552160557346004,0.172222222222222,"neutral",0.4375,1,0.552160557346004,FALSE,FALSE
"carlstrom_phyllosphere_2019",2,"Leaf357||Leaf90","Leaf357","Leaf90",0,0.8,791,"lambda=0.1",0.368536667665064,0.355555555555556,"neutral",0.4375,0.791666666666667,0.368536667665064,FALSE,TRUE
"carlstrom_phyllosphere_2019",2,"Leaf359||Leaf396","Leaf359","Leaf396",0,0.8,791,"lambda=0.1",0.340440524181762,0.0555555555555556,"neutral",0.0416666666666667,0.375,0.340440524181762,FALSE,FALSE
"carlstrom_phyllosphere_2019",2,"Leaf359||Leaf70","Leaf359","Leaf70",0,0.8,791,"lambda=0.1",0.269726713712871,0.0722222222222222,"neutral",0.0416666666666667,0.208333333333333,0.269726713712871,FALSE,FALSE
"carlstrom_phyllosphere_2019",2,"Leaf359||Leaf86","Leaf359","Leaf86",0,0.8,791,"lambda=0.1",0.515631098971044,0,"neutral",0.0416666666666667,0.895833333333333,0.515631098971044,FALSE,FALSE
"carlstrom_phyllosphere_2019",2,"Leaf359||Leaf90","Leaf359","Leaf90",0,0.8,791,"lambda=0.1",0.447923832051413,0.1,"neutral",0.0416666666666667,0.791666666666667,0.447923832051413,FALSE,FALSE
"carlstrom_phyllosphere_2019",2,"Leaf363||Leaf420","Leaf363","Leaf420",0,0.8,791,"lambda=0.1",0.601614756968751,0.0166666666666667,"neutral",0.291666666666667,1,0.601614756968751,FALSE,FALSE
"carlstrom_phyllosphere_2019",2,"Leaf371||Leaf427","Leaf371","Leaf427",0,0.8,791,"lambda=0.1",0.273701410161309,0.0388888888888889,"neutral",0.25,0.333333333333333,0.273701410161309,FALSE,FALSE
"carlstrom_phyllosphere_2019",2,"Leaf371||Leaf443","Leaf371","Leaf443",0,0.8,791,"lambda=0.1",0.198403121124877,0.161111111111111,"neutral",0.25,0.395833333333333,0.198403121124877,FALSE,FALSE
"carlstrom_phyllosphere_2019",2,"Leaf380||Leaf391","Leaf380","Leaf391",0,0.8,791,"lambda=0.1",0.425881801876373,0.05,"neutral",0.395833333333333,0.8125,0.425881801876373,FALSE,FALSE
"carlstrom_phyllosphere_2019",2,"Leaf380||Leaf86","Leaf380","Leaf86",0,0.8,791,"lambda=0.1",0.416522238515406,0.2,"neutral",0.395833333333333,0.895833333333333,0.416522238515406,FALSE,FALSE
"carlstrom_phyllosphere_2019",2,"Leaf391||Leaf416","Leaf391","Leaf416",0,0.8,791,"lambda=0.1",0.464997437713722,0.105555555555556,"neutral",0.8125,0.708333333333333,0.464997437713722,FALSE,FALSE
"carlstrom_phyllosphere_2019",2,"Leaf391||Leaf88","Leaf391","Leaf88",0,0.8,791,"lambda=0.1",0.435397828135174,0.683333333333333,"neutral",0.8125,0.3125,0.435397828135174,FALSE,TRUE
"carlstrom_phyllosphere_2019",2,"Leaf391||Leaf90","Leaf391","Leaf90",0,0.8,791,"lambda=0.1",0.410338837931585,0.0333333333333333,"neutral",0.8125,0.791666666666667,0.410338837931585,FALSE,FALSE
"carlstrom_phyllosphere_2019",2,"Leaf396||Leaf420","Leaf396","Leaf420",0,0.8,791,"lambda=0.1",0.575396810444469,0.0444444444444444,"neutral",0.375,1,0.575396810444469,FALSE,FALSE
"carlstrom_phyllosphere_2019",2,"Leaf396||Leaf83","Leaf396","Leaf83",0,0.8,791,"lambda=0.1",0.409176283444922,0,"neutral",0.375,0.6875,0.409176283444922,FALSE,FALSE
"carlstrom_phyllosphere_2019",2,"Leaf405||Leaf5","Leaf405","Leaf5",0,0.8,791,"lambda=0.1",0.468155034141606,0.233333333333333,"neutral",0.854166666666667,0.0625,0.468155034141606,FALSE,FALSE
"carlstrom_phyllosphere_2019",2,"Leaf41||Leaf68","Leaf41","Leaf68",1,0.8,791,"lambda=0.1",0.55534622235632,0.0277777777777778,"positive",0.520833333333333,1,0.55534622235632,FALSE,FALSE
"carlstrom_phyllosphere_2019",2,"Leaf41||Leaf90","Leaf41","Leaf90",0,0.8,791,"lambda=0.1",0.352225728962828,0.783333333333333,"neutral",0.520833333333333,0.791666666666667,0.352225728962828,FALSE,TRUE
"carlstrom_phyllosphere_2019",2,"Leaf416||Leaf427","Leaf416","Leaf427",1,0.8,791,"lambda=0.1",0.456390601225112,0.172222222222222,"positive",0.708333333333333,0.333333333333333,0.456390601225112,FALSE,FALSE
"carlstrom_phyllosphere_2019",2,"Leaf420||Leaf427","Leaf420","Leaf427",0,0.8,791,"lambda=0.1",0.544153295974568,0.466666666666667,"neutral",1,0.333333333333333,0.544153295974568,FALSE,TRUE
"carlstrom_phyllosphere_2019",2,"Leaf420||Leaf90","Leaf420","Leaf90",0,0.8,791,"lambda=0.1",0.582203740601918,0.0222222222222222,"neutral",1,0.791666666666667,0.582203740601918,FALSE,FALSE
"carlstrom_phyllosphere_2019",2,"Leaf427||Leaf68","Leaf427","Leaf68",0,0.8,791,"lambda=0.1",0.550714677234419,0.116666666666667,"neutral",0.333333333333333,1,0.550714677234419,FALSE,FALSE
"carlstrom_phyllosphere_2019",2,"Leaf68||Leaf88","Leaf68","Leaf88",0,0.8,791,"lambda=0.1",0.635093529531349,0,"neutral",1,0.3125,0.635093529531349,TRUE,FALSE
"carlstrom_phyllosphere_2019",2,"Leaf70||Leaf86","Leaf70","Leaf86",0,0.8,791,"lambda=0.1",0.444471314159938,0.188888888888889,"neutral",0.208333333333333,0.895833333333333,0.444471314159938,FALSE,FALSE
"carlstrom_phyllosphere_2019",2,"Leaf82||Leaf83","Leaf82","Leaf83",0,0.8,791,"lambda=0.1",0.37171722180258,0.155555555555556,"neutral",0.8125,0.6875,0.37171722180258,FALSE,FALSE
"carlstrom_phyllosphere_2019",2,"Leaf82||Leaf90","Leaf82","Leaf90",0,0.8,791,"lambda=0.1",0.372961268027578,0.0611111111111111,"neutral",0.8125,0.791666666666667,0.372961268027578,FALSE,FALSE
"carlstrom_phyllosphere_2019",2,"Leaf86||Leaf90","Leaf86","Leaf90",1,0.8,791,"lambda=0.1",0.385640583310488,0.35,"positive",0.895833333333333,0.791666666666667,0.385640583310488,FALSE,TRUE
"carlstrom_phyllosphere_2019",2,"Leaf88||Leaf90","Leaf88","Leaf90",1,0.8,791,"lambda=0.1",0.45220336488387,0.0555555555555556,"positive",0.3125,0.791666666666667,0.45220336488387,FALSE,FALSE
"carlstrom_phyllosphere_2019",3,"Leaf141||Leaf203","Leaf141","Leaf203",1,0.8,791,"lambda=0.1",0.576254383926686,0.0055555555555555,"positive",0.5625,1,0.576254383926686,FALSE,FALSE
"carlstrom_phyllosphere_2019",3,"Leaf141||Leaf231","Leaf141","Leaf231",0,0.8,791,"lambda=0.1",0.518982414671897,0.0333333333333333,"neutral",0.5625,0.9375,0.518982414671897,FALSE,FALSE
"carlstrom_phyllosphere_2019",3,"Leaf141||Leaf371","Leaf141","Leaf371",0,0.8,791,"lambda=0.1",0.309719807613489,0.372222222222222,"neutral",0.5625,0.25,0.309719807613489,FALSE,TRUE
"carlstrom_phyllosphere_2019",3,"Leaf145||Leaf177","Leaf145","Leaf177",0,0.8,791,"lambda=0.1",0.538093035584432,0.127777777777778,"neutral",1,1,0.538093035584432,FALSE,FALSE
"carlstrom_phyllosphere_2019",3,"Leaf145||Leaf233","Leaf145","Leaf233",1,0.8,791,"lambda=0.1",0.6382584926486,0.166666666666667,"positive",1,1,0.6382584926486,TRUE,FALSE
"carlstrom_phyllosphere_2019",3,"Leaf145||Leaf26","Leaf145","Leaf26",0,0.8,791,"lambda=0.1",0.557286866661237,0.0222222222222222,"neutral",1,0.833333333333333,0.557286866661237,FALSE,FALSE
"carlstrom_phyllosphere_2019",3,"Leaf145||Leaf334","Leaf145","Leaf334",0,0.8,791,"lambda=0.1",0.655979853642023,0.0388888888888889,"neutral",1,0.1875,0.655979853642023,TRUE,FALSE
"carlstrom_phyllosphere_2019",3,"Leaf145||Leaf359","Leaf145","Leaf359",0,0.8,791,"lambda=0.1",0.756478122944845,0.0055555555555555,"neutral",1,0.0416666666666667,0.756478122944845,TRUE,FALSE
"carlstrom_phyllosphere_2019",3,"Leaf145||Leaf363","Leaf145","Leaf363",1,0.8,791,"lambda=0.1",0.649994968020692,0,"negative",1,0.291666666666667,0.649994968020692,TRUE,FALSE
"carlstrom_phyllosphere_2019",3,"Leaf145||Leaf380","Leaf145","Leaf380",0,0.8,791,"lambda=0.1",0.536537583228617,0.288888888888889,"neutral",1,0.395833333333333,0.536537583228617,FALSE,FALSE
"carlstrom_phyllosphere_2019",3,"Leaf145||Leaf405","Leaf145","Leaf405",0,0.8,791,"lambda=0.1",0.526553080034133,0.0555555555555556,"neutral",1,0.854166666666667,0.526553080034133,FALSE,FALSE
"carlstrom_phyllosphere_2019",3,"Leaf145||Leaf416","Leaf145","Leaf416",1,0.8,791,"lambda=0.1",0.583884427546412,0.0166666666666667,"positive",1,0.708333333333333,0.583884427546412,FALSE,FALSE
"carlstrom_phyllosphere_2019",3,"Leaf145||Leaf5","Leaf145","Leaf5",0,0.8,791,"lambda=0.1",0.69111918519182,0.0055555555555555,"neutral",1,0.0625,0.69111918519182,TRUE,FALSE
"carlstrom_phyllosphere_2019",3,"Leaf160||Leaf2","Leaf160","Leaf2",0,0.8,791,"lambda=0.1",0.393190591764424,0.0111111111111111,"neutral",0.1875,0.520833333333333,0.393190591764424,FALSE,FALSE
"carlstrom_phyllosphere_2019",3,"Leaf160||Leaf225","Leaf160","Leaf225",0,0.8,791,"lambda=0.1",0.233850237946957,0.222222222222222,"neutral",0.1875,0.208333333333333,0.233850237946957,FALSE,FALSE
"carlstrom_phyllosphere_2019",3,"Leaf160||Leaf324","Leaf160","Leaf324",0,0.8,791,"lambda=0.1",0.347471815132502,0.1,"neutral",0.1875,0.458333333333333,0.347471815132502,FALSE,FALSE
"carlstrom_phyllosphere_2019",3,"Leaf160||Leaf33","Leaf160","Leaf33",0,0.8,791,"lambda=0.1",0.225606586525823,0.505555555555556,"neutral",0.1875,0.354166666666667,0.225606586525823,FALSE,TRUE
"carlstrom_phyllosphere_2019",3,"Leaf160||Leaf334","Leaf160","Leaf334",0,0.8,791,"lambda=0.1",0.221604797906719,0.0444444444444444,"neutral",0.1875,0.1875,0.221604797906719,FALSE,FALSE
"carlstrom_phyllosphere_2019",3,"Leaf160||Leaf396","Leaf160","Leaf396",0,0.8,791,"lambda=0.1",0.287936725166207,0.05,"neutral",0.1875,0.375,0.287936725166207,FALSE,FALSE
"carlstrom_phyllosphere_2019",3,"Leaf160||Leaf5","Leaf160","Leaf5",0,0.8,791,"lambda=0.1",0.246251604827252,0.0611111111111111,"neutral",0.1875,0.0625,0.246251604827252,FALSE,FALSE
"carlstrom_phyllosphere_2019",3,"Leaf160||Leaf82","Leaf160","Leaf82",0,0.8,791,"lambda=0.1",0.514315984737225,0.0055555555555555,"neutral",0.1875,0.8125,0.514315984737225,FALSE,FALSE
"carlstrom_phyllosphere_2019",3,"Leaf176||Leaf288","Leaf176","Leaf288",0,0.8,791,"lambda=0.1",0.281307240817235,0.333333333333333,"neutral",0.479166666666667,0.25,0.281307240817235,FALSE,TRUE
"carlstrom_phyllosphere_2019",3,"Leaf177||Leaf262","Leaf177","Leaf262",0,0.8,791,"lambda=0.1",0.593186992334435,0.0666666666666667,"neutral",1,0.958333333333333,0.593186992334435,FALSE,FALSE
"carlstrom_phyllosphere_2019",3,"Leaf177||Leaf288","Leaf177","Leaf288",0,0.8,791,"lambda=0.1",0.658237134189821,0,"neutral",1,0.25,0.658237134189821,TRUE,FALSE
"carlstrom_phyllosphere_2019",3,"Leaf177||Leaf344","Leaf177","Leaf344",0,0.8,791,"lambda=0.1",0.525944612898965,0.0111111111111111,"neutral",1,0.479166666666667,0.525944612898965,FALSE,FALSE
"carlstrom_phyllosphere_2019",3,"Leaf177||Leaf391","Leaf177","Leaf391",0,0.8,791,"lambda=0.1",0.578079098680334,0.0055555555555555,"neutral",1,0.8125,0.578079098680334,FALSE,FALSE
"carlstrom_phyllosphere_2019",3,"Leaf177||Leaf416","Leaf177","Leaf416",0,0.8,791,"lambda=0.1",0.528825853485361,0.144444444444444,"neutral",1,0.708333333333333,0.528825853485361,FALSE,FALSE
"carlstrom_phyllosphere_2019",3,"Leaf183||Leaf231","Leaf183","Leaf231",0,0.8,791,"lambda=0.1",0.448519048894447,0.0444444444444444,"neutral",0.708333333333333,0.9375,0.448519048894447,FALSE,FALSE
"carlstrom_phyllosphere_2019",3,"Leaf183||Leaf265","Leaf183","Leaf265",0,0.8,791,"lambda=0.1",0.388219564723084,0.0055555555555555,"neutral",0.708333333333333,0.708333333333333,0.388219564723084,FALSE,FALSE
"carlstrom_phyllosphere_2019",3,"Leaf183||Leaf334","Leaf183","Leaf334",0,0.8,791,"lambda=0.1",0.514527680818158,0.0055555555555555,"neutral",0.708333333333333,0.1875,0.514527680818158,FALSE,FALSE
"carlstrom_phyllosphere_2019",3,"Leaf183||Leaf344","Leaf183","Leaf344",0,0.8,791,"lambda=0.1",0.35718815094715,0.222222222222222,"neutral",0.708333333333333,0.479166666666667,0.35718815094715,FALSE,FALSE
"carlstrom_phyllosphere_2019",3,"Leaf183||Leaf391","Leaf183","Leaf391",0,0.8,791,"lambda=0.1",0.383326336883832,0.0333333333333333,"neutral",0.708333333333333,0.8125,0.383326336883832,FALSE,FALSE
"carlstrom_phyllosphere_2019",3,"Leaf183||Leaf83","Leaf183","Leaf83",0,0.8,791,"lambda=0.1",0.3706568351891,0.433333333333333,"neutral",0.708333333333333,0.6875,0.3706568351891,FALSE,TRUE
"carlstrom_phyllosphere_2019",3,"Leaf183||Leaf88","Leaf183","Leaf88",0,0.8,791,"lambda=0.1",0.453893123338855,0.1,"neutral",0.708333333333333,0.3125,0.453893123338855,FALSE,FALSE
"carlstrom_phyllosphere_2019",3,"Leaf187||Leaf90","Leaf187","Leaf90",0,0.8,791,"lambda=0.1",0.521681693291322,0.05,"neutral",0.145833333333333,0.791666666666667,0.521681693291322,FALSE,FALSE
"carlstrom_phyllosphere_2019",3,"Leaf189||Leaf265","Leaf189","Leaf265",0,0.8,791,"lambda=0.1",0.3810986204536,0.183333333333333,"neutral",0.4375,0.708333333333333,0.3810986204536,FALSE,FALSE
"carlstrom_phyllosphere_2019",3,"Leaf189||Leaf288","Leaf189","Leaf288",0,0.8,791,"lambda=0.1",0.321993839460126,0.0277777777777778,"neutral",0.4375,0.25,0.321993839460126,FALSE,FALSE
"carlstrom_phyllosphere_2019",3,"Leaf189||Leaf68","Leaf189","Leaf68",0,0.8,791,"lambda=0.1",0.637234398841658,0,"neutral",0.4375,1,0.637234398841658,TRUE,FALSE
"carlstrom_phyllosphere_2019",3,"Leaf2||Leaf203","Leaf2","Leaf203",0,0.8,791,"lambda=0.1",0.507768657495311,0.05,"neutral",0.520833333333333,1,0.507768657495311,FALSE,FALSE
"carlstrom_phyllosphere_2019",3,"Leaf2||Leaf231","Leaf2","Leaf231",0,0.8,791,"lambda=0.1",0.479931619800972,0.0333333333333333,"neutral",0.520833333333333,0.9375,0.479931619800972,FALSE,FALSE
"carlstrom_phyllosphere_2019",3,"Leaf2||Leaf265","Leaf2","Leaf265",0,0.8,791,"lambda=0.1",0.277612829340578,0.672222222222222,"neutral",0.520833333333333,0.708333333333333,0.277612829340578,FALSE,TRUE
"carlstrom_phyllosphere_2019",3,"Leaf2||Leaf288","Leaf2","Leaf288",0,0.8,791,"lambda=0.1",0.341844336315754,0.0222222222222222,"neutral",0.520833333333333,0.25,0.341844336315754,FALSE,FALSE
"carlstrom_phyllosphere_2019",3,"Leaf2||Leaf391","Leaf2","Leaf391",0,0.8,791,"lambda=0.1",0.46571167575306,0.0444444444444444,"neutral",0.520833333333333,0.8125,0.46571167575306,FALSE,FALSE
"carlstrom_phyllosphere_2019",3,"Leaf2||Leaf88","Leaf2","Leaf88",0,0.8,791,"lambda=0.1",0.305240579997018,0.0222222222222222,"neutral",0.520833333333333,0.3125,0.305240579997018,FALSE,FALSE
"carlstrom_phyllosphere_2019",3,"Leaf202||Leaf265","Leaf202","Leaf265",0,0.8,791,"lambda=0.1",0.565770046156585,0.0166666666666667,"neutral",0.708333333333333,1,0.565770046156585,FALSE,FALSE
"carlstrom_phyllosphere_2019",3,"Leaf202||Leaf391","Leaf202","Leaf391",0,0.8,791,"lambda=0.1",0.532432324755633,0.0111111111111111,"neutral",0.8125,1,0.532432324755633,FALSE,FALSE
"carlstrom_phyllosphere_2019",3,"Leaf202||Leaf420","Leaf202","Leaf420",0,0.8,791,"lambda=0.1",0.631190827393835,0.0277777777777778,"neutral",1,1,0.631190827393835,TRUE,FALSE
"carlstrom_phyllosphere_2019",3,"Leaf202||Leaf68","Leaf202","Leaf68",1,0.8,791,"lambda=0.1",0.454253572038652,0.827777777777778,"negative",1,1,0.454253572038652,FALSE,TRUE
"carlstrom_phyllosphere_2019",3,"Leaf202||Leaf83","Leaf202","Leaf83",0,0.8,791,"lambda=0.1",0.471081015097302,0.205555555555556,"neutral",0.6875,1,0.471081015097302,FALSE,FALSE
"carlstrom_phyllosphere_2019",3,"Leaf202||Leaf88","Leaf202","Leaf88",0,0.8,791,"lambda=0.1",0.674439353992212,0,"neutral",0.3125,1,0.674439353992212,TRUE,FALSE
"carlstrom_phyllosphere_2019",3,"Leaf203||Leaf222","Leaf203","Leaf222",1,0.8,791,"lambda=0.1",0.707131298404651,0.4,"positive",1,0.0625,0.707131298404651,TRUE,TRUE
"carlstrom_phyllosphere_2019",3,"Leaf203||Leaf231","Leaf203","Leaf231",0,0.8,791,"lambda=0.1",0.541774746589491,0.261111111111111,"neutral",1,0.9375,0.541774746589491,FALSE,FALSE
"carlstrom_phyllosphere_2019",3,"Leaf203||Leaf281","Leaf203","Leaf281",1,0.8,791,"lambda=0.1",0.599621732252686,0,"positive",1,0.541666666666667,0.599621732252686,FALSE,FALSE
"carlstrom_phyllosphere_2019",3,"Leaf203||Leaf344","Leaf203","Leaf344",0,0.8,791,"lambda=0.1",0.502746721068242,0.144444444444444,"neutral",1,0.479166666666667,0.502746721068242,FALSE,FALSE
"carlstrom_phyllosphere_2019",3,"Leaf203||Leaf351","Leaf203","Leaf351",1,0.8,791,"lambda=0.1",0.700065622894806,0.0444444444444444,"positive",1,0.145833333333333,0.700065622894806,TRUE,FALSE
"carlstrom_phyllosphere_2019",3,"Leaf203||Leaf354","Leaf203","Leaf354",0,0.8,791,"lambda=0.1",0.502042380772043,0.55,"neutral",1,0.875,0.502042380772043,FALSE,TRUE
"carlstrom_phyllosphere_2019",3,"Leaf203||Leaf363","Leaf203","Leaf363",0,0.8,791,"lambda=0.1",0.618646491297911,0.0277777777777778,"neutral",1,0.291666666666667,0.618646491297911,TRUE,FALSE
"carlstrom_phyllosphere_2019",3,"Leaf203||Leaf405","Leaf203","Leaf405",1,0.8,791,"lambda=0.1",0.475203198057038,0.255555555555556,"positive",1,0.854166666666667,0.475203198057038,FALSE,FALSE
"carlstrom_phyllosphere_2019",3,"Leaf203||Leaf420","Leaf203","Leaf420",0,0.8,791,"lambda=0.1",0.598339046685541,0.288888888888889,"neutral",1,1,0.598339046685541,FALSE,FALSE
"carlstrom_phyllosphere_2019",3,"Leaf203||Leaf68","Leaf203","Leaf68",1,0.8,791,"lambda=0.1",0.676810647082109,0.0555555555555556,"positive",1,1,0.676810647082109,TRUE,FALSE
"carlstrom_phyllosphere_2019",3,"Leaf203||Leaf83","Leaf203","Leaf83",0,0.8,791,"lambda=0.1",0.533439821409096,0.0055555555555555,"neutral",1,0.6875,0.533439821409096,FALSE,FALSE
"carlstrom_phyllosphere_2019",3,"Leaf220||Leaf265","Leaf220","Leaf265",0,0.8,791,"lambda=0.1",0.468871392646512,0.133333333333333,"neutral",0.0833333333333333,0.708333333333333,0.468871392646512,FALSE,FALSE
"carlstrom_phyllosphere_2019",3,"Leaf220||Leaf334","Leaf220","Leaf334",0,0.8,791,"lambda=0.1",0.258730277338261,0.222222222222222,"neutral",0.0833333333333333,0.1875,0.258730277338261,FALSE,FALSE
"carlstrom_phyllosphere_2019",3,"Leaf220||Leaf391","Leaf220","Leaf391",0,0.8,791,"lambda=0.1",0.542826240627014,0.0333333333333333,"neutral",0.0833333333333333,0.8125,0.542826240627014,FALSE,FALSE
"carlstrom_phyllosphere_2019",3,"Leaf220||Leaf405","Leaf220","Leaf405",0,0.8,791,"lambda=0.1",0.53749847559099,0.0444444444444444,"neutral",0.0833333333333333,0.854166666666667,0.53749847559099,FALSE,FALSE
"carlstrom_phyllosphere_2019",3,"Leaf220||Leaf416","Leaf220","Leaf416",0,0.8,791,"lambda=0.1",0.479592559906894,0.155555555555556,"neutral",0.0833333333333333,0.708333333333333,0.479592559906894,FALSE,FALSE
"carlstrom_phyllosphere_2019",3,"Leaf220||Leaf88","Leaf220","Leaf88",0,0.8,791,"lambda=0.1",0.280747745179213,0.422222222222222,"neutral",0.0833333333333333,0.3125,0.280747745179213,FALSE,TRUE
"carlstrom_phyllosphere_2019",3,"Leaf222||Leaf233","Leaf222","Leaf233",1,0.8,791,"lambda=0.1",0.72904783659953,0.0333333333333333,"positive",0.0625,1,0.72904783659953,TRUE,FALSE
"carlstrom_phyllosphere_2019",3,"Leaf222||Leaf359","Leaf222","Leaf359",0,0.8,791,"lambda=0.1",0.239820076143249,0.122222222222222,"neutral",0.0625,0.0416666666666667,0.239820076143249,FALSE,FALSE
"carlstrom_phyllosphere_2019",3,"Leaf222||Leaf420","Leaf222","Leaf420",0,0.8,791,"lambda=0.1",0.690611978107784,0.0166666666666667,"neutral",0.0625,1,0.690611978107784,TRUE,FALSE
"carlstrom_phyllosphere_2019",3,"Leaf225||Leaf233","Leaf225","Leaf233",0,0.8,791,"lambda=0.1",0.651431475134761,0.1,"neutral",1,0.208333333333333,0.651431475134761,TRUE,FALSE
"carlstrom_phyllosphere_2019",3,"Leaf225||Leaf288","Leaf225","Leaf288",0,0.8,791,"lambda=0.1",0.257551551470982,0.05,"neutral",0.25,0.208333333333333,0.257551551470982,FALSE,FALSE
"carlstrom_phyllosphere_2019",3,"Leaf225||Leaf33","Leaf225","Leaf33",0,0.8,791,"lambda=0.1",0.308059586026611,0.0055555555555555,"neutral",0.354166666666667,0.208333333333333,0.308059586026611,FALSE,FALSE
"carlstrom_phyllosphere_2019",3,"Leaf225||Leaf334","Leaf225","Leaf334",0,0.8,791,"lambda=0.1",0.24315843881427,0,"neutral",0.1875,0.208333333333333,0.24315843881427,FALSE,FALSE
"carlstrom_phyllosphere_2019",3,"Leaf225||Leaf371","Leaf225","Leaf371",0,0.8,791,"lambda=0.1",0.25071358526219,0.0111111111111111,"neutral",0.25,0.208333333333333,0.25071358526219,FALSE,FALSE
"carlstrom_phyllosphere_2019",3,"Leaf225||Leaf68","Leaf225","Leaf68",0,0.8,791,"lambda=0.1",0.692225508180822,0.0111111111111111,"neutral",1,0.208333333333333,0.692225508180822,TRUE,FALSE
"carlstrom_phyllosphere_2019",3,"Leaf225||Leaf88","Leaf225","Leaf88",0,0.8,791,"lambda=0.1",0.239648628747703,0.0111111111111111,"neutral",0.208333333333333,0.3125,0.239648628747703,FALSE,FALSE
"carlstrom_phyllosphere_2019",3,"Leaf225||Leaf90","Leaf225","Leaf90",0,0.8,791,"lambda=0.1",0.46705054618914,0.0611111111111111,"neutral",0.208333333333333,0.791666666666667,0.46705054618914,FALSE,FALSE
"carlstrom_phyllosphere_2019",3,"Leaf231||Leaf26","Leaf231","Leaf26",1,0.8,791,"lambda=0.1",0.446242994181295,0.0277777777777778,"positive",0.9375,0.833333333333333,0.446242994181295,FALSE,FALSE
"carlstrom_phyllosphere_2019",3,"Leaf231||Leaf265","Leaf231","Leaf265",0,0.8,791,"lambda=0.1",0.46887825353425,0.0222222222222222,"neutral",0.9375,0.708333333333333,0.46887825353425,FALSE,FALSE
"carlstrom_phyllosphere_2019",3,"Leaf231||Leaf281","Leaf231","Leaf281",0,0.8,791,"lambda=0.1",0.569844256859925,0.0277777777777778,"neutral",0.9375,0.541666666666667,0.569844256859925,FALSE,FALSE
"carlstrom_phyllosphere_2019",3,"Leaf231||Leaf285","Leaf231","Leaf285",0,0.8,791,"lambda=0.1",0.448890007601348,0.527777777777778,"neutral",0.9375,0.625,0.448890007601348,FALSE,TRUE
"carlstrom_phyllosphere_2019",3,"Leaf231||Leaf33","Leaf231","Leaf33",0,0.8,791,"lambda=0.1",0.544288549466618,0.0666666666666667,"neutral",0.9375,0.354166666666667,0.544288549466618,FALSE,FALSE
"carlstrom_phyllosphere_2019",3,"Leaf231||Leaf336","Leaf231","Leaf336",0,0.8,791,"lambda=0.1",0.403852634430238,0.522222222222222,"neutral",0.9375,0.958333333333333,0.403852634430238,FALSE,TRUE
"carlstrom_phyllosphere_2019",3,"Leaf231||Leaf357","Leaf231","Leaf357",0,0.8,791,"lambda=0.1",0.521259521472146,0.0055555555555555,"neutral",0.9375,0.4375,0.521259521472146,FALSE,FALSE
"carlstrom_phyllosphere_2019",3,"Leaf231||Leaf363","Leaf231","Leaf363",0,0.8,791,"lambda=0.1",0.577622700462341,0.0166666666666667,"neutral",0.9375,0.291666666666667,0.577622700462341,FALSE,FALSE
"carlstrom_phyllosphere_2019",3,"Leaf231||Leaf371","Leaf231","Leaf371",0,0.8,791,"lambda=0.1",0.521347113717279,0.277777777777778,"neutral",0.9375,0.25,0.521347113717279,FALSE,FALSE
"carlstrom_phyllosphere_2019",3,"Leaf231||Leaf416","Leaf231","Leaf416",1,0.8,791,"lambda=0.1",0.48013746981579,0.0222222222222222,"positive",0.9375,0.708333333333333,0.48013746981579,FALSE,FALSE
"carlstrom_phyllosphere_2019",3,"Leaf231||Leaf443","Leaf231","Leaf443",0,0.8,791,"lambda=0.1",0.574090443080329,0.0055555555555555,"neutral",0.9375,0.395833333333333,0.574090443080329,FALSE,FALSE
"carlstrom_phyllosphere_2019",3,"Leaf231||Leaf68","Leaf231","Leaf68",0,0.8,791,"lambda=0.1",0.585066232993754,0.0722222222222222,"neutral",0.9375,1,0.585066232993754,FALSE,FALSE
"carlstrom_phyllosphere_2019",3,"Leaf231||Leaf82","Leaf231","Leaf82",0,0.8,791,"lambda=0.1",0.474293233166298,0.0222222222222222,"neutral",0.9375,0.8125,0.474293233166298,FALSE,FALSE
"carlstrom_phyllosphere_2019",3,"Leaf233||Leaf242","Leaf233","Leaf242",0,0.8,791,"lambda=0.1",0.439973395657324,0.355555555555556,"neutral",1,0.708333333333333,0.439973395657324,FALSE,TRUE
"carlstrom_phyllosphere_2019",3,"Leaf233||Leaf262","Leaf233","Leaf262",0,0.8,791,"lambda=0.1",0.765916267003255,0.0388888888888889,"neutral",1,0.958333333333333,0.765916267003255,TRUE,FALSE
"carlstrom_phyllosphere_2019",3,"Leaf233||Leaf265","Leaf233","Leaf265",0,0.8,791,"lambda=0.1",0.57123182202574,0.0277777777777778,"neutral",1,0.708333333333333,0.57123182202574,FALSE,FALSE
"carlstrom_phyllosphere_2019",3,"Leaf233||Leaf288","Leaf233","Leaf288",0,0.8,791,"lambda=0.1",0.616490707303964,0.0166666666666667,"neutral",1,0.25,0.616490707303964,FALSE,FALSE
"carlstrom_phyllosphere_2019",3,"Leaf233||Leaf324","Leaf233","Leaf324",0,0.8,791,"lambda=0.1",0.590693686802261,0.05,"neutral",1,0.458333333333333,0.590693686802261,FALSE,FALSE
"carlstrom_phyllosphere_2019",3,"Leaf233||Leaf380","Leaf233","Leaf380",0,0.8,791,"lambda=0.1",0.583616362706947,0.0111111111111111,"neutral",1,0.395833333333333,0.583616362706947,FALSE,FALSE
"carlstrom_phyllosphere_2019",3,"Leaf233||Leaf416","Leaf233","Leaf416",1,0.8,791,"lambda=0.1",0.508924786512443,0.1,"positive",1,0.708333333333333,0.508924786512443,FALSE,FALSE
"carlstrom_phyllosphere_2019",3,"Leaf233||Leaf443","Leaf233","Leaf443",0,0.8,791,"lambda=0.1",0.570030507623742,0.127777777777778,"neutral",1,0.395833333333333,0.570030507623742,FALSE,FALSE
"carlstrom_phyllosphere_2019",3,"Leaf233||Leaf5","Leaf233","Leaf5",0,0.8,791,"lambda=0.1",0.731309638716836,0.0777777777777778,"neutral",1,0.0625,0.731309638716836,TRUE,FALSE
"carlstrom_phyllosphere_2019",3,"Leaf233||Leaf83","Leaf233","Leaf83",0,0.8,791,"lambda=0.1",0.552333716906588,0.433333333333333,"neutral",1,0.6875,0.552333716906588,FALSE,TRUE
"carlstrom_phyllosphere_2019",3,"Leaf234||Leaf33","Leaf234","Leaf33",0,0.8,791,"lambda=0.1",0.251141254932531,0.172222222222222,"neutral",0.145833333333333,0.354166666666667,0.251141254932531,FALSE,FALSE
"carlstrom_phyllosphere_2019",3,"Leaf234||Leaf334","Leaf234","Leaf334",0,0.8,791,"lambda=0.1",0.239619032716503,0.0611111111111111,"neutral",0.145833333333333,0.1875,0.239619032716503,FALSE,FALSE
"carlstrom_phyllosphere_2019",3,"Leaf234||Leaf344","Leaf234","Leaf344",0,0.8,791,"lambda=0.1",0.337076033558192,0,"neutral",0.145833333333333,0.479166666666667,0.337076033558192,FALSE,FALSE
"carlstrom_phyllosphere_2019",3,"Leaf234||Leaf359","Leaf234","Leaf359",0,0.8,791,"lambda=0.1",0.237251597370057,0.672222222222222,"neutral",0.145833333333333,0.0416666666666667,0.237251597370057,FALSE,TRUE
"carlstrom_phyllosphere_2019",3,"Leaf234||Leaf371","Leaf234","Leaf371",0,0.8,791,"lambda=0.1",0.274059274403799,0,"neutral",0.145833333333333,0.25,0.274059274403799,FALSE,FALSE
"carlstrom_phyllosphere_2019",3,"Leaf234||Leaf90","Leaf234","Leaf90",0,0.8,791,"lambda=0.1",0.468494727452674,0.0111111111111111,"neutral",0.145833333333333,0.791666666666667,0.468494727452674,FALSE,FALSE
"carlstrom_phyllosphere_2019",3,"Leaf242||Leaf262","Leaf242","Leaf262",0,0.8,791,"lambda=0.1",0.493719159152367,0.0222222222222222,"neutral",0.708333333333333,0.958333333333333,0.493719159152367,FALSE,FALSE
"carlstrom_phyllosphere_2019",3,"Leaf242||Leaf265","Leaf242","Leaf265",0,0.8,791,"lambda=0.1",0.282684177722392,0.144444444444444,"neutral",0.708333333333333,0.708333333333333,0.282684177722392,FALSE,FALSE
"carlstrom_phyllosphere_2019",3,"Leaf242||Leaf288","Leaf242","Leaf288",1,0.8,791,"lambda=0.1",0.548237978418031,0,"negative",0.708333333333333,0.25,0.548237978418031,FALSE,FALSE
"carlstrom_phyllosphere_2019",3,"Leaf242||Leaf334","Leaf242","Leaf334",0,0.8,791,"lambda=0.1",0.490667473611156,0.0222222222222222,"neutral",0.708333333333333,0.1875,0.490667473611156,FALSE,FALSE
"carlstrom_phyllosphere_2019",3,"Leaf242||Leaf344","Leaf242","Leaf344",0,0.8,791,"lambda=0.1",0.324022444087148,0.127777777777778,"neutral",0.708333333333333,0.479166666666667,0.324022444087148,FALSE,FALSE
"carlstrom_phyllosphere_2019",3,"Leaf242||Leaf359","Leaf242","Leaf359",0,0.8,791,"lambda=0.1",0.462540240977892,0.0555555555555556,"neutral",0.708333333333333,0.0416666666666667,0.462540240977892,FALSE,FALSE
"carlstrom_phyllosphere_2019",3,"Leaf242||Leaf391","Leaf242","Leaf391",0,0.8,791,"lambda=0.1",0.369860760548072,0.05,"neutral",0.708333333333333,0.8125,0.369860760548072,FALSE,FALSE
"carlstrom_phyllosphere_2019",3,"Leaf242||Leaf405","Leaf242","Leaf405",0,0.8,791,"lambda=0.1",0.337382590007908,0.15,"neutral",0.708333333333333,0.854166666666667,0.337382590007908,FALSE,FALSE
"carlstrom_phyllosphere_2019",3,"Leaf242||Leaf420","Leaf242","Leaf420",0,0.8,791,"lambda=0.1",0.487154593196297,0.0333333333333333,"neutral",0.708333333333333,1,0.487154593196297,FALSE,FALSE
"carlstrom_phyllosphere_2019",3,"Leaf242||Leaf83","Leaf242","Leaf83",0,0.8,791,"lambda=0.1",0.331702966062691,0.0277777777777778,"neutral",0.708333333333333,0.6875,0.331702966062691,FALSE,FALSE
"carlstrom_phyllosphere_2019",3,"Leaf242||Leaf90","Leaf242","Leaf90",0,0.8,791,"lambda=0.1",0.33989157399934,0.2,"neutral",0.708333333333333,0.791666666666667,0.33989157399934,FALSE,FALSE
"carlstrom_phyllosphere_2019",3,"Leaf26||Leaf391","Leaf26","Leaf391",0,0.8,791,"lambda=0.1",0.419329451843443,0.0555555555555556,"neutral",0.833333333333333,0.8125,0.419329451843443,FALSE,FALSE
"carlstrom_phyllosphere_2019",3,"Leaf26||Leaf416","Leaf26","Leaf416",0,0.8,791,"lambda=0.1",0.345356657540845,0.272222222222222,"neutral",0.833333333333333,0.708333333333333,0.345356657540845,FALSE,FALSE
"carlstrom_phyllosphere_2019",3,"Leaf26||Leaf420","Leaf26","Leaf420",0,0.8,791,"lambda=0.1",0.45884287208342,0.316666666666667,"neutral",0.833333333333333,1,0.45884287208342,FALSE,TRUE
"carlstrom_phyllosphere_2019",3,"Leaf26||Leaf68","Leaf26","Leaf68",0,0.8,791,"lambda=0.1",0.519618899736241,0,"neutral",0.833333333333333,1,0.519618899736241,FALSE,FALSE
"carlstrom_phyllosphere_2019",3,"Leaf262||Leaf324","Leaf262","Leaf324",0,0.8,791,"lambda=0.1",0.593928772168584,0.0111111111111111,"neutral",0.958333333333333,0.458333333333333,0.593928772168584,FALSE,FALSE
"carlstrom_phyllosphere_2019",3,"Leaf262||Leaf359","Leaf262","Leaf359",1,0.8,791,"lambda=0.1",0.616852563760119,0.0277777777777778,"positive",0.958333333333333,0.0416666666666667,0.616852563760119,TRUE,FALSE
"carlstrom_phyllosphere_2019",3,"Leaf262||Leaf391","Leaf262","Leaf391",0,0.8,791,"lambda=0.1",0.48308074937298,0.0055555555555555,"neutral",0.958333333333333,0.8125,0.48308074937298,FALSE,FALSE
"carlstrom_phyllosphere_2019",3,"Leaf262||Leaf443","Leaf262","Leaf443",0,0.8,791,"lambda=0.1",0.49033144175587,0.827777777777778,"neutral",0.958333333333333,0.395833333333333,0.49033144175587,FALSE,TRUE
"carlstrom_phyllosphere_2019",3,"Leaf262||Leaf68","Leaf262","Leaf68",1,0.8,791,"lambda=0.1",0.488391783156882,0.0888888888888889,"positive",0.958333333333333,1,0.488391783156882,FALSE,FALSE
"carlstrom_phyllosphere_2019",3,"Leaf262||Leaf83","Leaf262","Leaf83",0,0.8,791,"lambda=0.1",0.486335361386367,0.122222222222222,"neutral",0.958333333333333,0.6875,0.486335361386367,FALSE,FALSE
"carlstrom_phyllosphere_2019",3,"Leaf262||Leaf88","Leaf262","Leaf88",0,0.8,791,"lambda=0.1",0.545649919736874,0.0444444444444444,"neutral",0.958333333333333,0.3125,0.545649919736874,FALSE,FALSE
"carlstrom_phyllosphere_2019",3,"Leaf263||Leaf33","Leaf263","Leaf33",0,0.8,791,"lambda=0.1",0.227908421911241,0.333333333333333,"neutral",0.145833333333333,0.354166666666667,0.227908421911241,FALSE,TRUE
"carlstrom_phyllosphere_2019",3,"Leaf263||Leaf334","Leaf263","Leaf334",0,0.8,791,"lambda=0.1",0.236677102019459,0.0388888888888889,"neutral",0.145833333333333,0.1875,0.236677102019459,FALSE,FALSE
"carlstrom_phyllosphere_2019",3,"Leaf263||Leaf344","Leaf263","Leaf344",0,0.8,791,"lambda=0.1",0.322763370170829,0.0055555555555555,"neutral",0.145833333333333,0.479166666666667,0.322763370170829,FALSE,FALSE
"carlstrom_phyllosphere_2019",3,"Leaf263||Leaf83","Leaf263","Leaf83",0,0.8,791,"lambda=0.1",0.367626821666298,0.227777777777778,"neutral",0.145833333333333,0.6875,0.367626821666298,FALSE,FALSE
"carlstrom_phyllosphere_2019",3,"Leaf265||Leaf281","Leaf265","Leaf281",0,0.8,791,"lambda=0.1",0.315818101947379,0.233333333333333,"neutral",0.708333333333333,0.541666666666667,0.315818101947379,FALSE,FALSE
"carlstrom_phyllosphere_2019",3,"Leaf265||Leaf380","Leaf265","Leaf380",0,0.8,791,"lambda=0.1",0.421006897920916,0.0333333333333333,"neutral",0.708333333333333,0.395833333333333,0.421006897920916,FALSE,FALSE
"carlstrom_phyllosphere_2019",3,"Leaf265||Leaf391","Leaf265","Leaf391",0,0.8,791,"lambda=0.1",0.402856598598798,0.0555555555555556,"neutral",0.708333333333333,0.8125,0.402856598598798,FALSE,FALSE
"carlstrom_phyllosphere_2019",3,"Leaf265||Leaf405","Leaf265","Leaf405",0,0.8,791,"lambda=0.1",0.416255417116211,0.0222222222222222,"neutral",0.708333333333333,0.854166666666667,0.416255417116211,FALSE,FALSE
"carlstrom_phyllosphere_2019",3,"Leaf265||Leaf443","Leaf265","Leaf443",0,0.8,791,"lambda=0.1",0.409372327410604,0.105555555555556,"neutral",0.708333333333333,0.395833333333333,0.409372327410604,FALSE,FALSE
"carlstrom_phyllosphere_2019",3,"Leaf281||Leaf344","Leaf281","Leaf344",0,0.8,791,"lambda=0.1",0.316191799781508,0.0055555555555555,"neutral",0.479166666666667,0.541666666666667,0.316191799781508,FALSE,FALSE
"carlstrom_phyllosphere_2019",3,"Leaf281||Leaf83","Leaf281","Leaf83",0,0.8,791,"lambda=0.1",0.395142307225205,0.0055555555555555,"neutral",0.6875,0.541666666666667,0.395142307225205,FALSE,FALSE
"carlstrom_phyllosphere_2019",3,"Leaf285||Leaf82","Leaf285","Leaf82",0,0.8,791,"lambda=0.1",0.399148922527583,0.0277777777777778,"neutral",0.625,0.8125,0.399148922527583,FALSE,FALSE
"carlstrom_phyllosphere_2019",3,"Leaf285||Leaf86","Leaf285","Leaf86",1,0.8,791,"lambda=0.1",0.42332576629507,0.0333333333333333,"positive",0.625,0.895833333333333,0.42332576629507,FALSE,FALSE
"carlstrom_phyllosphere_2019",3,"Leaf288||Leaf324","Leaf288","Leaf324",0,0.8,791,"lambda=0.1",0.307773463088345,0.127777777777778,"neutral",0.25,0.458333333333333,0.307773463088345,FALSE,FALSE
"carlstrom_phyllosphere_2019",3,"Leaf288||Leaf334","Leaf288","Leaf334",0,0.8,791,"lambda=0.1",0.22030784163863,0.0277777777777778,"neutral",0.25,0.1875,0.22030784163863,FALSE,FALSE
"carlstrom_phyllosphere_2019",3,"Leaf288||Leaf337","Leaf288","Leaf337",0,0.8,791,"lambda=0.1",0.211120278198851,0.277777777777778,"neutral",0.25,0.208333333333333,0.211120278198851,FALSE,FALSE
"carlstrom_phyllosphere_2019",3,"Leaf288||Leaf344","Leaf288","Leaf344",0,0.8,791,"lambda=0.1",0.247142577276075,0.655555555555556,"neutral",0.25,0.479166666666667,0.247142577276075,FALSE,TRUE
"carlstrom_phyllosphere_2019",3,"Leaf288||Leaf396","Leaf288","Leaf396",0,0.8,791,"lambda=0.1",0.265167365415005,0.311111111111111,"neutral",0.25,0.375,0.265167365415005,FALSE,TRUE
"carlstrom_phyllosphere_2019",3,"Leaf288||Leaf41","Leaf288","Leaf41",0,0.8,791,"lambda=0.1",0.367914614505182,0.0166666666666667,"neutral",0.25,0.520833333333333,0.367914614505182,FALSE,FALSE
"carlstrom_phyllosphere_2019",3,"Leaf288||Leaf427","Leaf288","Leaf427",0,0.8,791,"lambda=0.1",0.281782387902424,0.0166666666666667,"neutral",0.25,0.333333333333333,0.281782387902424,FALSE,FALSE
"carlstrom_phyllosphere_2019",3,"Leaf288||Leaf70","Leaf288","Leaf70",0,0.8,791,"lambda=0.1",0.239456543126783,0.238888888888889,"neutral",0.25,0.208333333333333,0.239456543126783,FALSE,FALSE
"carlstrom_phyllosphere_2019",3,"Leaf3||Leaf371","Leaf3","Leaf371",0,0.8,791,"lambda=0.1",0.385250047550857,0,"neutral",0.25,0.541666666666667,0.385250047550857,FALSE,FALSE
"carlstrom_phyllosphere_2019",3,"Leaf3||Leaf405","Leaf3","Leaf405",0,0.8,791,"lambda=0.1",0.367170434303323,0.444444444444444,"neutral",0.854166666666667,0.541666666666667,0.367170434303323,FALSE,TRUE
"carlstrom_phyllosphere_2019",3,"Leaf33||Leaf363","Leaf33","Leaf363",0,0.8,791,"lambda=0.1",0.216066848700973,0.216666666666667,"neutral",0.291666666666667,0.354166666666667,0.216066848700973,FALSE,FALSE
"carlstrom_phyllosphere_2019",3,"Leaf33||Leaf380","Leaf33","Leaf380",0,0.8,791,"lambda=0.1",0.250312475138266,0.0888888888888889,"neutral",0.395833333333333,0.354166666666667,0.250312475138266,FALSE,FALSE
"carlstrom_phyllosphere_2019",3,"Leaf33||Leaf391","Leaf33","Leaf391",0,0.8,791,"lambda=0.1",0.376826788761188,0.4,"neutral",0.8125,0.354166666666667,0.376826788761188,FALSE,TRUE
"carlstrom_phyllosphere_2019",3,"Leaf334||Leaf337","Leaf334","Leaf337",0,0.8,791,"lambda=0.1",0.21062353216079,0.222222222222222,"neutral",0.1875,0.208333333333333,0.21062353216079,FALSE,FALSE
"carlstrom_phyllosphere_2019",3,"Leaf334||Leaf344","Leaf334","Leaf344",0,0.8,791,"lambda=0.1",0.300684493834218,0.133333333333333,"neutral",0.1875,0.479166666666667,0.300684493834218,FALSE,FALSE
"carlstrom_phyllosphere_2019",3,"Leaf334||Leaf354","Leaf334","Leaf354",0,0.8,791,"lambda=0.1",0.599787808759626,0,"neutral",0.1875,0.875,0.599787808759626,FALSE,FALSE
"carlstrom_phyllosphere_2019",3,"Leaf334||Leaf363","Leaf334","Leaf363",0,0.8,791,"lambda=0.1",0.229231163461804,0.372222222222222,"neutral",0.1875,0.291666666666667,0.229231163461804,FALSE,TRUE
"carlstrom_phyllosphere_2019",3,"Leaf334||Leaf396","Leaf334","Leaf396",0,0.8,791,"lambda=0.1",0.258152494410361,0.0055555555555555,"neutral",0.1875,0.375,0.258152494410361,FALSE,FALSE
"carlstrom_phyllosphere_2019",3,"Leaf334||Leaf420","Leaf334","Leaf420",0,0.8,791,"lambda=0.1",0.702274454156293,0.0055555555555555,"neutral",0.1875,1,0.702274454156293,TRUE,FALSE
"carlstrom_phyllosphere_2019",3,"Leaf334||Leaf90","Leaf334","Leaf90",0,0.8,791,"lambda=0.1",0.552131140961035,0.255555555555556,"neutral",0.1875,0.791666666666667,0.552131140961035,FALSE,FALSE
"carlstrom_phyllosphere_2019",3,"Leaf336||Leaf420","Leaf336","Leaf420",0,0.8,791,"lambda=0.1",0.586143404934449,0.272222222222222,"neutral",0.958333333333333,1,0.586143404934449,FALSE,FALSE
"carlstrom_phyllosphere_2019",3,"Leaf336||Leaf83","Leaf336","Leaf83",0,0.8,791,"lambda=0.1",0.567600689718219,0,"neutral",0.958333333333333,0.6875,0.567600689718219,FALSE,FALSE
"carlstrom_phyllosphere_2019",3,"Leaf336||Leaf86","Leaf336","Leaf86",0,0.8,791,"lambda=0.1",0.412356126440759,0.3,"neutral",0.958333333333333,0.895833333333333,0.412356126440759,FALSE,FALSE
"carlstrom_phyllosphere_2019",3,"Leaf337||Leaf391","Leaf337","Leaf391",0,0.8,791,"lambda=0.1",0.508821629954322,0.0444444444444444,"neutral",0.208333333333333,0.8125,0.508821629954322,FALSE,FALSE
"carlstrom_phyllosphere_2019",3,"Leaf344||Leaf391","Leaf344","Leaf391",0,0.8,791,"lambda=0.1",0.385937113397419,0.216666666666667,"neutral",0.479166666666667,0.8125,0.385937113397419,FALSE,FALSE
"carlstrom_phyllosphere_2019",3,"Leaf344||Leaf396","Leaf344","Leaf396",0,0.8,791,"lambda=0.1",0.308481589556578,0,"neutral",0.479166666666667,0.375,0.308481589556578,FALSE,FALSE
"carlstrom_phyllosphere_2019",3,"Leaf344||Leaf420","Leaf344","Leaf420",0,0.8,791,"lambda=0.1",0.52548779185223,0.0333333333333333,"neutral",0.479166666666667,1,0.52548779185223,FALSE,FALSE
"carlstrom_phyllosphere_2019",3,"Leaf344||Leaf427","Leaf344","Leaf427",0,0.8,791,"lambda=0.1",0.273727642256466,0.127777777777778,"neutral",0.479166666666667,0.333333333333333,0.273727642256466,FALSE,FALSE
"carlstrom_phyllosphere_2019",3,"Leaf344||Leaf443","Leaf344","Leaf443",0,0.8,791,"lambda=0.1",0.245370407663889,0.827777777777778,"neutral",0.479166666666667,0.395833333333333,0.245370407663889,FALSE,TRUE
"carlstrom_phyllosphere_2019",3,"Leaf344||Leaf86","Leaf344","Leaf86",0,0.8,791,"lambda=0.1",0.403561120725545,0.355555555555556,"neutral",0.479166666666667,0.895833333333333,0.403561120725545,FALSE,TRUE
"carlstrom_phyllosphere_2019",3,"Leaf351||Leaf88","Leaf351","Leaf88",0,0.8,791,"lambda=0.1",0.286333445078613,0.05,"neutral",0.145833333333333,0.3125,0.286333445078613,FALSE,FALSE
"carlstrom_phyllosphere_2019",3,"Leaf359||Leaf371","Leaf359","Leaf371",0,0.8,791,"lambda=0.1",0.260848200903289,0,"neutral",0.0416666666666667,0.25,0.260848200903289,FALSE,FALSE
"carlstrom_phyllosphere_2019",3,"Leaf359||Leaf41","Leaf359","Leaf41",0,0.8,791,"lambda=0.1",0.408442995482862,0.0277777777777778,"neutral",0.0416666666666667,0.520833333333333,0.408442995482862,FALSE,FALSE
"carlstrom_phyllosphere_2019",3,"Leaf359||Leaf68","Leaf359","Leaf68",1,0.8,791,"lambda=0.1",0.814949894296519,0.0166666666666667,"positive",0.0416666666666667,1,0.814949894296519,TRUE,FALSE
"carlstrom_phyllosphere_2019",3,"Leaf363||Leaf391","Leaf363","Leaf391",0,0.8,791,"lambda=0.1",0.437377156259921,0.0611111111111111,"neutral",0.291666666666667,0.8125,0.437377156259921,FALSE,FALSE
"carlstrom_phyllosphere_2019",3,"Leaf363||Leaf405","Leaf363","Leaf405",0,0.8,791,"lambda=0.1",0.521386538921314,0.0166666666666667,"neutral",0.291666666666667,0.854166666666667,0.521386538921314,FALSE,FALSE
"carlstrom_phyllosphere_2019",3,"Leaf371||Leaf5","Leaf371","Leaf5",0,0.8,791,"lambda=0.1",0.283087340964074,0.138888888888889,"neutral",0.25,0.0625,0.283087340964074,FALSE,FALSE
"carlstrom_phyllosphere_2019",3,"Leaf380||Leaf416","Leaf380","Leaf416",0,0.8,791,"lambda=0.1",0.435493998215484,0.0166666666666667,"neutral",0.395833333333333,0.708333333333333,0.435493998215484,FALSE,FALSE
"carlstrom_phyllosphere_2019",3,"Leaf380||Leaf420","Leaf380","Leaf420",0,0.8,791,"lambda=0.1",0.547519278075093,0.183333333333333,"neutral",0.395833333333333,1,0.547519278075093,FALSE,FALSE
"carlstrom_phyllosphere_2019",3,"Leaf391||Leaf405","Leaf391","Leaf405",0,0.8,791,"lambda=0.1",0.420604439303046,0.0555555555555556,"neutral",0.8125,0.854166666666667,0.420604439303046,FALSE,FALSE
"carlstrom_phyllosphere_2019",3,"Leaf391||Leaf41","Leaf391","Leaf41",0,0.8,791,"lambda=0.1",0.408807835857649,0.111111111111111,"neutral",0.8125,0.520833333333333,0.408807835857649,FALSE,FALSE
"carlstrom_phyllosphere_2019",3,"Leaf391||Leaf86","Leaf391","Leaf86",1,0.8,791,"lambda=0.1",0.473546695837494,0.0333333333333333,"positive",0.8125,0.895833333333333,0.473546695837494,FALSE,FALSE
"carlstrom_phyllosphere_2019",3,"Leaf396||Leaf68","Leaf396","Leaf68",0,0.8,791,"lambda=0.1",0.585906042836774,0,"neutral",0.375,1,0.585906042836774,FALSE,FALSE
"carlstrom_phyllosphere_2019",3,"Leaf405||Leaf41","Leaf405","Leaf41",0,0.8,791,"lambda=0.1",0.424935668137649,0.305555555555556,"neutral",0.854166666666667,0.520833333333333,0.424935668137649,FALSE,FALSE
"carlstrom_phyllosphere_2019",3,"Leaf405||Leaf70","Leaf405","Leaf70",0,0.8,791,"lambda=0.1",0.482122932245189,0.161111111111111,"neutral",0.854166666666667,0.208333333333333,0.482122932245189,FALSE,FALSE
"carlstrom_phyllosphere_2019",3,"Leaf416||Leaf68","Leaf416","Leaf68",1,0.8,791,"lambda=0.1",0.627935627636597,0.0666666666666667,"positive",0.708333333333333,1,0.627935627636597,TRUE,FALSE
"carlstrom_phyllosphere_2019",3,"Leaf416||Leaf83","Leaf416","Leaf83",1,0.8,791,"lambda=0.1",0.364073375142939,0.0388888888888889,"positive",0.708333333333333,0.6875,0.364073375142939,FALSE,FALSE
"carlstrom_phyllosphere_2019",3,"Leaf416||Leaf86","Leaf416","Leaf86",1,0.8,791,"lambda=0.1",0.47617849735436,0.0777777777777778,"positive",0.708333333333333,0.895833333333333,0.47617849735436,FALSE,FALSE
"carlstrom_phyllosphere_2019",3,"Leaf416||Leaf88","Leaf416","Leaf88",1,0.8,791,"lambda=0.1",0.390776088061625,0.166666666666667,"positive",0.708333333333333,0.3125,0.390776088061625,FALSE,FALSE
"carlstrom_phyllosphere_2019",3,"Leaf420||Leaf68","Leaf420","Leaf68",1,0.8,791,"lambda=0.1",0.630836611805569,0.0277777777777778,"positive",1,1,0.630836611805569,TRUE,FALSE
"carlstrom_phyllosphere_2019",3,"Leaf420||Leaf70","Leaf420","Leaf70",0,0.8,791,"lambda=0.1",0.666642264522884,0.0111111111111111,"neutral",1,0.208333333333333,0.666642264522884,TRUE,FALSE
"carlstrom_phyllosphere_2019",3,"Leaf443||Leaf90","Leaf443","Leaf90",0,0.8,791,"lambda=0.1",0.440724827962363,0.0222222222222222,"neutral",0.395833333333333,0.791666666666667,0.440724827962363,FALSE,FALSE
"carlstrom_phyllosphere_2019",3,"Leaf5||Leaf83","Leaf5","Leaf83",0,0.8,791,"lambda=0.1",0.449862293187665,0.0111111111111111,"neutral",0.0625,0.6875,0.449862293187665,FALSE,FALSE
"carlstrom_phyllosphere_2019",3,"Leaf5||Leaf88","Leaf5","Leaf88",0,0.8,791,"lambda=0.1",0.303330351398569,0.0611111111111111,"neutral",0.0625,0.3125,0.303330351398569,FALSE,FALSE
"carlstrom_phyllosphere_2019",3,"Leaf5||Leaf90","Leaf5","Leaf90",0,0.8,791,"lambda=0.1",0.421786789048495,0.583333333333333,"neutral",0.0625,0.791666666666667,0.421786789048495,FALSE,TRUE
"carlstrom_phyllosphere_2019",3,"Leaf70||Leaf90","Leaf70","Leaf90",0,0.8,791,"lambda=0.1",0.449889465109176,0.0388888888888889,"neutral",0.208333333333333,0.791666666666667,0.449889465109176,FALSE,FALSE
"carlstrom_phyllosphere_2019",4,"Leaf141||Leaf265","Leaf141","Leaf265",0,0.8,791,"lambda=0.1",0.415222341765048,0.0277777777777778,"neutral",0.5625,0.708333333333333,0.415222341765048,FALSE,FALSE
"carlstrom_phyllosphere_2019",4,"Leaf141||Leaf33","Leaf141","Leaf33",0,0.8,791,"lambda=0.1",0.314699577627069,0.122222222222222,"neutral",0.5625,0.354166666666667,0.314699577627069,FALSE,FALSE
"carlstrom_phyllosphere_2019",4,"Leaf141||Leaf391","Leaf141","Leaf391",0,0.8,791,"lambda=0.1",0.413802647761024,0.0277777777777778,"neutral",0.5625,0.8125,0.413802647761024,FALSE,FALSE
"carlstrom_phyllosphere_2019",4,"Leaf141||Leaf420","Leaf141","Leaf420",0,0.8,791,"lambda=0.1",0.480426396519193,0.15,"neutral",0.5625,1,0.480426396519193,FALSE,FALSE
"carlstrom_phyllosphere_2019",4,"Leaf141||Leaf68","Leaf141","Leaf68",1,0.8,791,"lambda=0.1",0.480435967106146,0.0833333333333333,"positive",0.5625,1,0.480435967106146,FALSE,FALSE
"carlstrom_phyllosphere_2019",4,"Leaf141||Leaf83","Leaf141","Leaf83",0,0.8,791,"lambda=0.1",0.495711677262126,0.111111111111111,"neutral",0.5625,0.6875,0.495711677262126,FALSE,FALSE
"carlstrom_phyllosphere_2019",4,"Leaf145||Leaf220","Leaf145","Leaf220",0,0.8,791,"lambda=0.1",0.674372374231754,0.15,"neutral",1,0.0833333333333333,0.674372374231754,TRUE,FALSE
"carlstrom_phyllosphere_2019",4,"Leaf145||Leaf231","Leaf145","Leaf231",1,0.8,791,"lambda=0.1",0.654373657975789,0,"negative",1,0.9375,0.654373657975789,TRUE,FALSE
"carlstrom_phyllosphere_2019",4,"Leaf145||Leaf242","Leaf145","Leaf242",0,0.8,791,"lambda=0.1",0.468250718637824,0.505555555555556,"neutral",1,0.708333333333333,0.468250718637824,FALSE,TRUE
"carlstrom_phyllosphere_2019",4,"Leaf145||Leaf262","Leaf145","Leaf262",1,0.8,791,"lambda=0.1",0.652400043883653,0.0222222222222222,"negative",1,0.958333333333333,0.652400043883653,TRUE,FALSE
"carlstrom_phyllosphere_2019",4,"Leaf145||Leaf288","Leaf145","Leaf288",0,0.8,791,"lambda=0.1",0.568558184514295,0.294444444444444,"neutral",1,0.25,0.568558184514295,FALSE,FALSE
"carlstrom_phyllosphere_2019",4,"Leaf145||Leaf427","Leaf145","Leaf427",0,0.8,791,"lambda=0.1",0.591159494717189,0,"neutral",1,0.333333333333333,0.591159494717189,TRUE,FALSE
"carlstrom_phyllosphere_2019",4,"Leaf145||Leaf82","Leaf145","Leaf82",0,0.8,791,"lambda=0.1",0.528004288450543,0.2,"neutral",1,0.8125,0.528004288450543,FALSE,FALSE
"carlstrom_phyllosphere_2019",4,"Leaf160||Leaf177","Leaf160","Leaf177",0,0.8,791,"lambda=0.1",0.674919132346989,0.0166666666666667,"neutral",0.1875,1,0.674919132346989,TRUE,FALSE
"carlstrom_phyllosphere_2019",4,"Leaf160||Leaf187","Leaf160","Leaf187",0,0.8,791,"lambda=0.1",0.177979955841178,0.661111111111111,"neutral",0.1875,0.145833333333333,0.177979955841178,FALSE,TRUE
"carlstrom_phyllosphere_2019",4,"Leaf160||Leaf203","Leaf160","Leaf203",1,0.8,791,"lambda=0.1",0.643477579304727,0.0055555555555555,"positive",0.1875,1,0.643477579304727,TRUE,FALSE
"carlstrom_phyllosphere_2019",4,"Leaf160||Leaf231","Leaf160","Leaf231",0,0.8,791,"lambda=0.1",0.535048199802627,0.0333333333333333,"neutral",0.1875,0.9375,0.535048199802627,FALSE,FALSE
"carlstrom_phyllosphere_2019",4,"Leaf160||Leaf26","Leaf160","Leaf26",0,0.8,791,"lambda=0.1",0.436308611586301,0.0833333333333333,"neutral",0.1875,0.833333333333333,0.436308611586301,FALSE,FALSE
"carlstrom_phyllosphere_2019",4,"Leaf160||Leaf262","Leaf160","Leaf262",0,0.8,791,"lambda=0.1",0.549094691850584,0.0333333333333333,"neutral",0.1875,0.958333333333333,0.549094691850584,FALSE,FALSE
"carlstrom_phyllosphere_2019",4,"Leaf160||Leaf263","Leaf160","Leaf263",0,0.8,791,"lambda=0.1",0.186283844567925,0.111111111111111,"neutral",0.1875,0.145833333333333,0.186283844567925,FALSE,FALSE
"carlstrom_phyllosphere_2019",4,"Leaf160||Leaf265","Leaf160","Leaf265",0,0.8,791,"lambda=0.1",0.444063063914813,0.138888888888889,"neutral",0.1875,0.708333333333333,0.444063063914813,FALSE,FALSE
"carlstrom_phyllosphere_2019",4,"Leaf160||Leaf281","Leaf160","Leaf281",0,0.8,791,"lambda=0.1",0.332155327771714,0.0222222222222222,"neutral",0.1875,0.541666666666667,0.332155327771714,FALSE,FALSE
"carlstrom_phyllosphere_2019",4,"Leaf160||Leaf285","Leaf160","Leaf285",0,0.8,791,"lambda=0.1",0.311848826691809,0.605555555555556,"neutral",0.1875,0.625,0.311848826691809,FALSE,TRUE
"carlstrom_phyllosphere_2019",4,"Leaf160||Leaf3","Leaf160","Leaf3",0,0.8,791,"lambda=0.1",0.34177790890105,0.188888888888889,"neutral",0.1875,0.541666666666667,0.34177790890105,FALSE,FALSE
"carlstrom_phyllosphere_2019",4,"Leaf160||Leaf354","Leaf160","Leaf354",0,0.8,791,"lambda=0.1",0.508869667734253,0.0444444444444444,"neutral",0.1875,0.875,0.508869667734253,FALSE,FALSE
"carlstrom_phyllosphere_2019",4,"Leaf160||Leaf359","Leaf160","Leaf359",0,0.8,791,"lambda=0.1",0.21837231777918,0.0833333333333333,"neutral",0.1875,0.0416666666666667,0.21837231777918,FALSE,FALSE
"carlstrom_phyllosphere_2019",4,"Leaf160||Leaf380","Leaf160","Leaf380",0,0.8,791,"lambda=0.1",0.309851274607398,0.411111111111111,"neutral",0.1875,0.395833333333333,0.309851274607398,FALSE,TRUE
"carlstrom_phyllosphere_2019",4,"Leaf176||Leaf203","Leaf176","Leaf203",0,0.8,791,"lambda=0.1",0.563486935648471,0.0111111111111111,"neutral",0.479166666666667,1,0.563486935648471,FALSE,FALSE
"carlstrom_phyllosphere_2019",4,"Leaf176||Leaf334","Leaf176","Leaf334",0,0.8,791,"lambda=0.1",0.325923353727908,0.0222222222222222,"neutral",0.479166666666667,0.1875,0.325923353727908,FALSE,FALSE
"carlstrom_phyllosphere_2019",4,"Leaf176||Leaf359","Leaf176","Leaf359",0,0.8,791,"lambda=0.1",0.323434404700748,0.311111111111111,"neutral",0.479166666666667,0.0416666666666667,0.323434404700748,FALSE,FALSE
"carlstrom_phyllosphere_2019",4,"Leaf176||Leaf371","Leaf176","Leaf371",0,0.8,791,"lambda=0.1",0.339432248155729,0.0666666666666667,"neutral",0.479166666666667,0.25,0.339432248155729,FALSE,FALSE
"carlstrom_phyllosphere_2019",4,"Leaf176||Leaf68","Leaf176","Leaf68",1,0.8,791,"lambda=0.1",0.522075414079326,0.0777777777777778,"positive",0.479166666666667,1,0.522075414079326,FALSE,FALSE
"carlstrom_phyllosphere_2019",4,"Leaf176||Leaf83","Leaf176","Leaf83",0,0.8,791,"lambda=0.1",0.576580546261694,0.0222222222222222,"neutral",0.479166666666667,0.6875,0.576580546261694,FALSE,FALSE
"carlstrom_phyllosphere_2019",4,"Leaf176||Leaf86","Leaf176","Leaf86",0,0.8,791,"lambda=0.1",0.484602450429406,0.0333333333333333,"neutral",0.479166666666667,0.895833333333333,0.484602450429406,FALSE,FALSE
"carlstrom_phyllosphere_2019",4,"Leaf176||Leaf88","Leaf176","Leaf88",0,0.8,791,"lambda=0.1",0.349152179249456,0.0277777777777778,"neutral",0.479166666666667,0.3125,0.349152179249456,FALSE,FALSE
"carlstrom_phyllosphere_2019",4,"Leaf177||Leaf231","Leaf177","Leaf231",0,0.8,791,"lambda=0.1",0.561832310733732,0.444444444444444,"neutral",1,0.9375,0.561832310733732,FALSE,TRUE
"carlstrom_phyllosphere_2019",4,"Leaf177||Leaf233","Leaf177","Leaf233",0,0.8,791,"lambda=0.1",0.705466067541817,0.172222222222222,"neutral",1,1,0.705466067541817,TRUE,FALSE
"carlstrom_phyllosphere_2019",4,"Leaf177||Leaf33","Leaf177","Leaf33",0,0.8,791,"lambda=0.1",0.514040833998133,0.0222222222222222,"neutral",1,0.354166666666667,0.514040833998133,FALSE,FALSE
"carlstrom_phyllosphere_2019",4,"Leaf177||Leaf371","Leaf177","Leaf371",0,0.8,791,"lambda=0.1",0.51073837114745,0.555555555555555,"neutral",1,0.25,0.51073837114745,FALSE,TRUE
"carlstrom_phyllosphere_2019",4,"Leaf177||Leaf405","Leaf177","Leaf405",0,0.8,791,"lambda=0.1",0.478588503658644,0.633333333333333,"neutral",1,0.854166666666667,0.478588503658644,FALSE,TRUE
"carlstrom_phyllosphere_2019",4,"Leaf183||Leaf405","Leaf183","Leaf405",0,0.8,791,"lambda=0.1",0.333831864299204,0.0833333333333333,"neutral",0.708333333333333,0.854166666666667,0.333831864299204,FALSE,FALSE
"carlstrom_phyllosphere_2019",4,"Leaf183||Leaf420","Leaf183","Leaf420",0,0.8,791,"lambda=0.1",0.547456309784944,0.0055555555555555,"neutral",0.708333333333333,1,0.547456309784944,FALSE,FALSE
"carlstrom_phyllosphere_2019",4,"Leaf183||Leaf68","Leaf183","Leaf68",0,0.8,791,"lambda=0.1",0.538624481036868,0.0055555555555555,"neutral",0.708333333333333,1,0.538624481036868,FALSE,FALSE
"carlstrom_phyllosphere_2019",4,"Leaf183||Leaf90","Leaf183","Leaf90",0,0.8,791,"lambda=0.1",0.331697606749766,0.316666666666667,"neutral",0.708333333333333,0.791666666666667,0.331697606749766,FALSE,FALSE
"carlstrom_phyllosphere_2019",4,"Leaf187||Leaf262","Leaf187","Leaf262",1,0.8,791,"lambda=0.1",0.552874383363496,0.0166666666666667,"positive",0.145833333333333,0.958333333333333,0.552874383363496,FALSE,FALSE
"carlstrom_phyllosphere_2019",4,"Leaf187||Leaf334","Leaf187","Leaf334",0,0.8,791,"lambda=0.1",0.220100210897356,0.0333333333333333,"neutral",0.145833333333333,0.1875,0.220100210897356,FALSE,FALSE
"carlstrom_phyllosphere_2019",4,"Leaf187||Leaf359","Leaf187","Leaf359",0,0.8,791,"lambda=0.1",0.233815441975359,0.0722222222222222,"neutral",0.145833333333333,0.0416666666666667,0.233815441975359,FALSE,FALSE
"carlstrom_phyllosphere_2019",4,"Leaf187||Leaf391","Leaf187","Leaf391",0,0.8,791,"lambda=0.1",0.513926397200467,0.0055555555555555,"neutral",0.145833333333333,0.8125,0.513926397200467,FALSE,FALSE
"carlstrom_phyllosphere_2019",4,"Leaf187||Leaf416","Leaf187","Leaf416",0,0.8,791,"lambda=0.1",0.419055470000619,0.0166666666666667,"neutral",0.145833333333333,0.708333333333333,0.419055470000619,FALSE,FALSE
"carlstrom_phyllosphere_2019",4,"Leaf187||Leaf86","Leaf187","Leaf86",0,0.8,791,"lambda=0.1",0.482236213273888,0.316666666666667,"neutral",0.145833333333333,0.895833333333333,0.482236213273888,FALSE,FALSE
"carlstrom_phyllosphere_2019",4,"Leaf189||Leaf203","Leaf189","Leaf203",1,0.8,791,"lambda=0.1",0.516333754566256,0.15,"positive",0.4375,1,0.516333754566256,FALSE,FALSE
"carlstrom_phyllosphere_2019",4,"Leaf189||Leaf231","Leaf189","Leaf231",0,0.8,791,"lambda=0.1",0.475497082721188,0.0833333333333333,"neutral",0.4375,0.9375,0.475497082721188,FALSE,FALSE
"carlstrom_phyllosphere_2019",4,"Leaf189||Leaf334","Leaf189","Leaf334",0,0.8,791,"lambda=0.1",0.295768261013317,0.155555555555556,"neutral",0.4375,0.1875,0.295768261013317,FALSE,FALSE
"carlstrom_phyllosphere_2019",4,"Leaf2||Leaf33","Leaf2","Leaf33",0,0.8,791,"lambda=0.1",0.254111056346294,0.277777777777778,"neutral",0.520833333333333,0.354166666666667,0.254111056346294,FALSE,FALSE
"carlstrom_phyllosphere_2019",4,"Leaf2||Leaf371","Leaf2","Leaf371",0,0.8,791,"lambda=0.1",0.313494405073867,0.0222222222222222,"neutral",0.520833333333333,0.25,0.313494405073867,FALSE,FALSE
"carlstrom_phyllosphere_2019",4,"Leaf2||Leaf405","Leaf2","Leaf405",0,0.8,791,"lambda=0.1",0.471761760611606,0.0111111111111111,"neutral",0.520833333333333,0.854166666666667,0.471761760611606,FALSE,FALSE
"carlstrom_phyllosphere_2019",4,"Leaf202||Leaf233","Leaf202","Leaf233",0,0.8,791,"lambda=0.1",0.676119625522827,0.272222222222222,"neutral",1,1,0.676119625522827,TRUE,FALSE
"carlstrom_phyllosphere_2019",4,"Leaf202||Leaf86","Leaf202","Leaf86",0,0.8,791,"lambda=0.1",0.612677565306199,0,"neutral",0.895833333333333,1,0.612677565306199,TRUE,FALSE
"carlstrom_phyllosphere_2019",4,"Leaf203||Leaf220","Leaf203","Leaf220",1,0.8,791,"lambda=0.1",0.685541724212093,0.155555555555556,"positive",1,0.0833333333333333,0.685541724212093,TRUE,FALSE
"carlstrom_phyllosphere_2019",4,"Leaf203||Leaf26","Leaf203","Leaf26",0,0.8,791,"lambda=0.1",0.559588960083495,0.0166666666666667,"neutral",1,0.833333333333333,0.559588960083495,FALSE,FALSE
"carlstrom_phyllosphere_2019",4,"Leaf203||Leaf263","Leaf203","Leaf263",0,0.8,791,"lambda=0.1",0.668716259567326,0.0833333333333333,"neutral",1,0.145833333333333,0.668716259567326,TRUE,FALSE
"carlstrom_phyllosphere_2019",4,"Leaf203||Leaf288","Leaf203","Leaf288",0,0.8,791,"lambda=0.1",0.645661925504358,0.0388888888888889,"neutral",1,0.25,0.645661925504358,TRUE,FALSE
"carlstrom_phyllosphere_2019",4,"Leaf203||Leaf33","Leaf203","Leaf33",0,0.8,791,"lambda=0.1",0.574750556532438,0.0055555555555555,"neutral",1,0.354166666666667,0.574750556532438,FALSE,FALSE
"carlstrom_phyllosphere_2019",4,"Leaf203||Leaf334","Leaf203","Leaf334",1,0.8,791,"lambda=0.1",0.610903760828291,0.0555555555555556,"positive",1,0.1875,0.610903760828291,TRUE,FALSE
"carlstrom_phyllosphere_2019",4,"Leaf203||Leaf357","Leaf203","Leaf357",1,0.8,791,"lambda=0.1",0.565689766609297,0,"positive",1,0.4375,0.565689766609297,FALSE,FALSE
"carlstrom_phyllosphere_2019",4,"Leaf203||Leaf391","Leaf203","Leaf391",0,0.8,791,"lambda=0.1",0.583169165893816,0.0166666666666667,"neutral",1,0.8125,0.583169165893816,FALSE,FALSE
"carlstrom_phyllosphere_2019",4,"Leaf203||Leaf416","Leaf203","Leaf416",1,0.8,791,"lambda=0.1",0.602407570500383,0.0277777777777778,"positive",1,0.708333333333333,0.602407570500383,TRUE,FALSE
"carlstrom_phyllosphere_2019",4,"Leaf203||Leaf90","Leaf203","Leaf90",0,0.8,791,"lambda=0.1",0.601025043988459,0,"neutral",1,0.791666666666667,0.601025043988459,TRUE,FALSE
"carlstrom_phyllosphere_2019",4,"Leaf220||Leaf33","Leaf220","Leaf33",0,0.8,791,"lambda=0.1",0.284039403030618,0.05,"neutral",0.0833333333333333,0.354166666666667,0.284039403030618,FALSE,FALSE
"carlstrom_phyllosphere_2019",4,"Leaf220||Leaf83","Leaf220","Leaf83",0,0.8,791,"lambda=0.1",0.380556889435342,0.327777777777778,"neutral",0.0833333333333333,0.6875,0.380556889435342,FALSE,FALSE
"carlstrom_phyllosphere_2019",4,"Leaf220||Leaf90","Leaf220","Leaf90",0,0.8,791,"lambda=0.1",0.487658475835008,0.0444444444444444,"neutral",0.0833333333333333,0.791666666666667,0.487658475835008,FALSE,FALSE
"carlstrom_phyllosphere_2019",4,"Leaf222||Leaf344","Leaf222","Leaf344",0,0.8,791,"lambda=0.1",0.290158536277641,0.0555555555555556,"neutral",0.0625,0.479166666666667,0.290158536277641,FALSE,FALSE
"carlstrom_phyllosphere_2019",4,"Leaf222||Leaf371","Leaf222","Leaf371",0,0.8,791,"lambda=0.1",0.25070320271229,0.0055555555555555,"neutral",0.0625,0.25,0.25070320271229,FALSE,FALSE
"carlstrom_phyllosphere_2019",4,"Leaf222||Leaf391","Leaf222","Leaf391",0,0.8,791,"lambda=0.1",0.479502738557844,0.0944444444444444,"neutral",0.0625,0.8125,0.479502738557844,FALSE,FALSE
"carlstrom_phyllosphere_2019",4,"Leaf222||Leaf68","Leaf222","Leaf68",0,0.8,791,"lambda=0.1",0.69401936623433,0.0944444444444444,"neutral",0.0625,1,0.69401936623433,TRUE,FALSE
"carlstrom_phyllosphere_2019",4,"Leaf225||Leaf231","Leaf225","Leaf231",0,0.8,791,"lambda=0.1",0.523559947159591,0.177777777777778,"neutral",0.9375,0.208333333333333,0.523559947159591,FALSE,FALSE
"carlstrom_phyllosphere_2019",4,"Leaf225||Leaf285","Leaf225","Leaf285",0,0.8,791,"lambda=0.1",0.326945681551203,0.472222222222222,"neutral",0.625,0.208333333333333,0.326945681551203,FALSE,TRUE
"carlstrom_phyllosphere_2019",4,"Leaf231||Leaf263","Leaf231","Leaf263",0,0.8,791,"lambda=0.1",0.497297861358391,0.0222222222222222,"neutral",0.9375,0.145833333333333,0.497297861358391,FALSE,FALSE
"carlstrom_phyllosphere_2019",4,"Leaf231||Leaf324","Leaf231","Leaf324",0,0.8,791,"lambda=0.1",0.531323835433498,0.0277777777777778,"neutral",0.9375,0.458333333333333,0.531323835433498,FALSE,FALSE
"carlstrom_phyllosphere_2019",4,"Leaf231||Leaf334","Leaf231","Leaf334",0,0.8,791,"lambda=0.1",0.528435682959634,0.138888888888889,"neutral",0.9375,0.1875,0.528435682959634,FALSE,FALSE
"carlstrom_phyllosphere_2019",4,"Leaf231||Leaf354","Leaf231","Leaf354",0,0.8,791,"lambda=0.1",0.409623085428871,0.0333333333333333,"neutral",0.9375,0.875,0.409623085428871,FALSE,FALSE
"carlstrom_phyllosphere_2019",4,"Leaf231||Leaf391","Leaf231","Leaf391",0,0.8,791,"lambda=0.1",0.471577018747032,0.0222222222222222,"neutral",0.9375,0.8125,0.471577018747032,FALSE,FALSE
"carlstrom_phyllosphere_2019",4,"Leaf231||Leaf86","Leaf231","Leaf86",0,0.8,791,"lambda=0.1",0.426325408665857,0.0777777777777778,"neutral",0.9375,0.895833333333333,0.426325408665857,FALSE,FALSE
"carlstrom_phyllosphere_2019",4,"Leaf231||Leaf90","Leaf231","Leaf90",0,0.8,791,"lambda=0.1",0.467867265659089,0.0611111111111111,"neutral",0.9375,0.791666666666667,0.467867265659089,FALSE,FALSE
"carlstrom_phyllosphere_2019",4,"Leaf233||Leaf285","Leaf233","Leaf285",0,0.8,791,"lambda=0.1",0.592446655507073,0.0444444444444444,"neutral",1,0.625,0.592446655507073,TRUE,FALSE
"carlstrom_phyllosphere_2019",4,"Leaf233||Leaf337","Leaf233","Leaf337",0,0.8,791,"lambda=0.1",0.616905316064973,0.0611111111111111,"neutral",1,0.208333333333333,0.616905316064973,TRUE,FALSE
"carlstrom_phyllosphere_2019",4,"Leaf233||Leaf391","Leaf233","Leaf391",0,0.8,791,"lambda=0.1",0.576067926439827,0.0944444444444444,"neutral",1,0.8125,0.576067926439827,FALSE,FALSE
"carlstrom_phyllosphere_2019",4,"Leaf233||Leaf420","Leaf233","Leaf420",0,0.8,791,"lambda=0.1",0.709016782270239,0.0222222222222222,"neutral",1,1,0.709016782270239,TRUE,FALSE
"carlstrom_phyllosphere_2019",4,"Leaf234||Leaf265","Leaf234","Leaf265",0,0.8,791,"lambda=0.1",0.459727863597229,0.105555555555556,"neutral",0.145833333333333,0.708333333333333,0.459727863597229,FALSE,FALSE
"carlstrom_phyllosphere_2019",4,"Leaf234||Leaf391","Leaf234","Leaf391",0,0.8,791,"lambda=0.1",0.524072125239105,0.0444444444444444,"neutral",0.145833333333333,0.8125,0.524072125239105,FALSE,FALSE
"carlstrom_phyllosphere_2019",4,"Leaf234||Leaf83","Leaf234","Leaf83",0,0.8,791,"lambda=0.1",0.447780643501889,0.0055555555555555,"neutral",0.145833333333333,0.6875,0.447780643501889,FALSE,FALSE
"carlstrom_phyllosphere_2019",4,"Leaf242||Leaf285","Leaf242","Leaf285",0,0.8,791,"lambda=0.1",0.339636537030434,0.05,"neutral",0.708333333333333,0.625,0.339636537030434,FALSE,FALSE
"carlstrom_phyllosphere_2019",4,"Leaf26||Leaf265","Leaf26","Leaf265",0,0.8,791,"lambda=0.1",0.39069686375151,0.111111111111111,"neutral",0.708333333333333,0.833333333333333,0.39069686375151,FALSE,FALSE
"carlstrom_phyllosphere_2019",4,"Leaf26||Leaf285","Leaf26","Leaf285",0,0.8,791,"lambda=0.1",0.369814427070996,0.0722222222222222,"neutral",0.833333333333333,0.625,0.369814427070996,FALSE,FALSE
"carlstrom_phyllosphere_2019",4,"Leaf26||Leaf359","Leaf26","Leaf359",0,0.8,791,"lambda=0.1",0.481974793900059,0.105555555555556,"neutral",0.833333333333333,0.0416666666666667,0.481974793900059,FALSE,FALSE
"carlstrom_phyllosphere_2019",4,"Leaf26||Leaf405","Leaf26","Leaf405",0,0.8,791,"lambda=0.1",0.377887934068537,0.0555555555555556,"neutral",0.833333333333333,0.854166666666667,0.377887934068537,FALSE,FALSE
"carlstrom_phyllosphere_2019",4,"Leaf262||Leaf263","Leaf262","Leaf263",0,0.8,791,"lambda=0.1",0.676257316263145,0.205555555555556,"neutral",0.958333333333333,0.145833333333333,0.676257316263145,TRUE,FALSE
"carlstrom_phyllosphere_2019",4,"Leaf262||Leaf281","Leaf262","Leaf281",0,0.8,791,"lambda=0.1",0.486772596059118,0.116666666666667,"neutral",0.958333333333333,0.541666666666667,0.486772596059118,FALSE,FALSE
"carlstrom_phyllosphere_2019",4,"Leaf262||Leaf285","Leaf262","Leaf285",0,0.8,791,"lambda=0.1",0.503004619235387,0.0111111111111111,"neutral",0.958333333333333,0.625,0.503004619235387,FALSE,FALSE
"carlstrom_phyllosphere_2019",4,"Leaf262||Leaf363","Leaf262","Leaf363",0,0.8,791,"lambda=0.1",0.571244634045529,0.0611111111111111,"neutral",0.958333333333333,0.291666666666667,0.571244634045529,FALSE,FALSE
"carlstrom_phyllosphere_2019",4,"Leaf262||Leaf371","Leaf262","Leaf371",1,0.8,791,"lambda=0.1",0.481848900250298,0.35,"negative",0.958333333333333,0.25,0.481848900250298,FALSE,FALSE
"carlstrom_phyllosphere_2019",4,"Leaf262||Leaf396","Leaf262","Leaf396",0,0.8,791,"lambda=0.1",0.533917696103554,0.116666666666667,"neutral",0.958333333333333,0.375,0.533917696103554,FALSE,FALSE
"carlstrom_phyllosphere_2019",4,"Leaf262||Leaf405","Leaf262","Leaf405",0,0.8,791,"lambda=0.1",0.386594159929093,0.161111111111111,"neutral",0.958333333333333,0.854166666666667,0.386594159929093,FALSE,FALSE
"carlstrom_phyllosphere_2019",4,"Leaf262||Leaf86","Leaf262","Leaf86",0,0.8,791,"lambda=0.1",0.489414152972928,0.0277777777777778,"neutral",0.958333333333333,0.895833333333333,0.489414152972928,FALSE,FALSE
"carlstrom_phyllosphere_2019",4,"Leaf263||Leaf416","Leaf263","Leaf416",0,0.8,791,"lambda=0.1",0.473059986964564,0.133333333333333,"neutral",0.145833333333333,0.708333333333333,0.473059986964564,FALSE,FALSE
"carlstrom_phyllosphere_2019",4,"Leaf263||Leaf86","Leaf263","Leaf86",0,0.8,791,"lambda=0.1",0.540639844500686,0,"neutral",0.145833333333333,0.895833333333333,0.540639844500686,FALSE,FALSE
"carlstrom_phyllosphere_2019",4,"Leaf263||Leaf90","Leaf263","Leaf90",0,0.8,791,"lambda=0.1",0.589055863165886,0.211111111111111,"neutral",0.145833333333333,0.791666666666667,0.589055863165886,FALSE,FALSE
"carlstrom_phyllosphere_2019",4,"Leaf265||Leaf288","Leaf265","Leaf288",0,0.8,791,"lambda=0.1",0.359875083735102,0.105555555555556,"neutral",0.708333333333333,0.25,0.359875083735102,FALSE,FALSE
"carlstrom_phyllosphere_2019",4,"Leaf265||Leaf337","Leaf265","Leaf337",0,0.8,791,"lambda=0.1",0.420590949772532,0.127777777777778,"neutral",0.708333333333333,0.208333333333333,0.420590949772532,FALSE,FALSE
"carlstrom_phyllosphere_2019",4,"Leaf265||Leaf344","Leaf265","Leaf344",0,0.8,791,"lambda=0.1",0.355474947775044,0.0166666666666667,"neutral",0.708333333333333,0.479166666666667,0.355474947775044,FALSE,FALSE
"carlstrom_phyllosphere_2019",4,"Leaf265||Leaf357","Leaf265","Leaf357",1,0.8,791,"lambda=0.1",0.351315115025553,0.161111111111111,"positive",0.708333333333333,0.4375,0.351315115025553,FALSE,FALSE
"carlstrom_phyllosphere_2019",4,"Leaf265||Leaf359","Leaf265","Leaf359",1,0.8,791,"lambda=0.1",0.347606648636998,0.438888888888889,"positive",0.708333333333333,0.0416666666666667,0.347606648636998,FALSE,TRUE
"carlstrom_phyllosphere_2019",4,"Leaf265||Leaf427","Leaf265","Leaf427",0,0.8,791,"lambda=0.1",0.440920166076046,0.0333333333333333,"neutral",0.708333333333333,0.333333333333333,0.440920166076046,FALSE,FALSE
"carlstrom_phyllosphere_2019",4,"Leaf265||Leaf5","Leaf265","Leaf5",0,0.8,791,"lambda=0.1",0.390563608142569,0.538888888888889,"neutral",0.708333333333333,0.0625,0.390563608142569,FALSE,TRUE
"carlstrom_phyllosphere_2019",4,"Leaf265||Leaf68","Leaf265","Leaf68",1,0.8,791,"lambda=0.1",0.596248252869701,0.0111111111111111,"positive",0.708333333333333,1,0.596248252869701,TRUE,FALSE
"carlstrom_phyllosphere_2019",4,"Leaf265||Leaf88","Leaf265","Leaf88",0,0.8,791,"lambda=0.1",0.316272221032375,0.877777777777778,"neutral",0.708333333333333,0.3125,0.316272221032375,FALSE,TRUE
"carlstrom_phyllosphere_2019",4,"Leaf265||Leaf90","Leaf265","Leaf90",0,0.8,791,"lambda=0.1",0.340761636528283,0.144444444444444,"neutral",0.708333333333333,0.791666666666667,0.340761636528283,FALSE,FALSE
"carlstrom_phyllosphere_2019",4,"Leaf281||Leaf285","Leaf281","Leaf285",0,0.8,791,"lambda=0.1",0.257473634273696,0.427777777777778,"neutral",0.625,0.541666666666667,0.257473634273696,FALSE,TRUE
"carlstrom_phyllosphere_2019",4,"Leaf281||Leaf391","Leaf281","Leaf391",0,0.8,791,"lambda=0.1",0.443678419246707,0.0222222222222222,"neutral",0.8125,0.541666666666667,0.443678419246707,FALSE,FALSE
"carlstrom_phyllosphere_2019",4,"Leaf281||Leaf405","Leaf281","Leaf405",0,0.8,791,"lambda=0.1",0.382849312149703,0.6,"neutral",0.854166666666667,0.541666666666667,0.382849312149703,FALSE,TRUE
"carlstrom_phyllosphere_2019",4,"Leaf281||Leaf88","Leaf281","Leaf88",0,0.8,791,"lambda=0.1",0.27995039001047,0.0111111111111111,"neutral",0.3125,0.541666666666667,0.27995039001047,FALSE,FALSE
"carlstrom_phyllosphere_2019",4,"Leaf285||Leaf288","Leaf285","Leaf288",0,0.8,791,"lambda=0.1",0.404327530825998,0.0888888888888889,"neutral",0.625,0.25,0.404327530825998,FALSE,FALSE
"carlstrom_phyllosphere_2019",4,"Leaf285||Leaf3","Leaf285","Leaf3",0,0.8,791,"lambda=0.1",0.275995709220012,0.461111111111111,"neutral",0.625,0.541666666666667,0.275995709220012,FALSE,TRUE
"carlstrom_phyllosphere_2019",4,"Leaf285||Leaf33","Leaf285","Leaf33",0,0.8,791,"lambda=0.1",0.280403675549205,0.561111111111111,"neutral",0.625,0.354166666666667,0.280403675549205,FALSE,TRUE
"carlstrom_phyllosphere_2019",4,"Leaf285||Leaf344","Leaf285","Leaf344",0,0.8,791,"lambda=0.1",0.303500779322863,0.144444444444444,"neutral",0.625,0.479166666666667,0.303500779322863,FALSE,FALSE
"carlstrom_phyllosphere_2019",4,"Leaf285||Leaf359","Leaf285","Leaf359",0,0.8,791,"lambda=0.1",0.384633254673111,0.177777777777778,"neutral",0.625,0.0416666666666667,0.384633254673111,FALSE,FALSE
"carlstrom_phyllosphere_2019",4,"Leaf285||Leaf416","Leaf285","Leaf416",1,0.8,791,"lambda=0.1",0.402200659723818,0.0277777777777778,"positive",0.625,0.708333333333333,0.402200659723818,FALSE,FALSE
"carlstrom_phyllosphere_2019",4,"Leaf288||Leaf357","Leaf288","Leaf357",0,0.8,791,"lambda=0.1",0.316919946502466,0.25,"neutral",0.25,0.4375,0.316919946502466,FALSE,FALSE
"carlstrom_phyllosphere_2019",4,"Leaf288||Leaf363","Leaf288","Leaf363",0,0.8,791,"lambda=0.1",0.253900843047768,0.0444444444444444,"neutral",0.25,0.291666666666667,0.253900843047768,FALSE,FALSE
"carlstrom_phyllosphere_2019",4,"Leaf288||Leaf391","Leaf288","Leaf391",0,0.8,791,"lambda=0.1",0.506256700433328,0.0333333333333333,"neutral",0.25,0.8125,0.506256700433328,FALSE,FALSE
"carlstrom_phyllosphere_2019",4,"Leaf288||Leaf416","Leaf288","Leaf416",1,0.8,791,"lambda=0.1",0.416757619925118,0.0388888888888889,"positive",0.25,0.708333333333333,0.416757619925118,FALSE,FALSE
"carlstrom_phyllosphere_2019",4,"Leaf288||Leaf443","Leaf288","Leaf443",0,0.8,791,"lambda=0.1",0.281003903382422,0.316666666666667,"neutral",0.25,0.395833333333333,0.281003903382422,FALSE,FALSE
"carlstrom_phyllosphere_2019",4,"Leaf288||Leaf82","Leaf288","Leaf82",0,0.8,791,"lambda=0.1",0.498192870324481,0.238888888888889,"neutral",0.25,0.8125,0.498192870324481,FALSE,FALSE
"carlstrom_phyllosphere_2019",4,"Leaf288||Leaf90","Leaf288","Leaf90",0,0.8,791,"lambda=0.1",0.449550032727629,0.0055555555555555,"neutral",0.25,0.791666666666667,0.449550032727629,FALSE,FALSE
"carlstrom_phyllosphere_2019",4,"Leaf3||Leaf33","Leaf3","Leaf33",0,0.8,791,"lambda=0.1",0.260538875325854,0.216666666666667,"neutral",0.541666666666667,0.354166666666667,0.260538875325854,FALSE,FALSE
"carlstrom_phyllosphere_2019",4,"Leaf3||Leaf334","Leaf3","Leaf334",0,0.8,791,"lambda=0.1",0.387439661832122,0.0111111111111111,"neutral",0.1875,0.541666666666667,0.387439661832122,FALSE,FALSE
"carlstrom_phyllosphere_2019",4,"Leaf3||Leaf391","Leaf3","Leaf391",0,0.8,791,"lambda=0.1",0.406314065782357,0.0111111111111111,"neutral",0.8125,0.541666666666667,0.406314065782357,FALSE,FALSE
"carlstrom_phyllosphere_2019",4,"Leaf3||Leaf68","Leaf3","Leaf68",0,0.8,791,"lambda=0.1",0.558076331151135,0,"neutral",1,0.541666666666667,0.558076331151135,FALSE,FALSE
"carlstrom_phyllosphere_2019",4,"Leaf3||Leaf88","Leaf3","Leaf88",0,0.8,791,"lambda=0.1",0.277450206848514,0.116666666666667,"neutral",0.541666666666667,0.3125,0.277450206848514,FALSE,FALSE
"carlstrom_phyllosphere_2019",4,"Leaf324||Leaf33","Leaf324","Leaf33",0,0.8,791,"lambda=0.1",0.32959594302481,0.0833333333333333,"neutral",0.458333333333333,0.354166666666667,0.32959594302481,FALSE,FALSE
"carlstrom_phyllosphere_2019",4,"Leaf324||Leaf83","Leaf324","Leaf83",0,0.8,791,"lambda=0.1",0.345617986413839,0,"neutral",0.458333333333333,0.6875,0.345617986413839,FALSE,FALSE
"carlstrom_phyllosphere_2019",4,"Leaf324||Leaf86","Leaf324","Leaf86",0,0.8,791,"lambda=0.1",0.423154455624322,0.511111111111111,"neutral",0.458333333333333,0.895833333333333,0.423154455624322,FALSE,TRUE
"carlstrom_phyllosphere_2019",4,"Leaf33||Leaf334","Leaf33","Leaf334",0,0.8,791,"lambda=0.1",0.235513870654456,0.0833333333333333,"neutral",0.1875,0.354166666666667,0.235513870654456,FALSE,FALSE
"carlstrom_phyllosphere_2019",4,"Leaf33||Leaf443","Leaf33","Leaf443",0,0.8,791,"lambda=0.1",0.253392739966586,0.205555555555556,"neutral",0.395833333333333,0.354166666666667,0.253392739966586,FALSE,FALSE
"carlstrom_phyllosphere_2019",4,"Leaf334||Leaf380","Leaf334","Leaf380",0,0.8,791,"lambda=0.1",0.293057144771616,0.0833333333333333,"neutral",0.1875,0.395833333333333,0.293057144771616,FALSE,FALSE
"carlstrom_phyllosphere_2019",4,"Leaf334||Leaf391","Leaf334","Leaf391",0,0.8,791,"lambda=0.1",0.462541028103522,0.122222222222222,"neutral",0.1875,0.8125,0.462541028103522,FALSE,FALSE
"carlstrom_phyllosphere_2019",4,"Leaf334||Leaf41","Leaf334","Leaf41",0,0.8,791,"lambda=0.1",0.343638601796248,0.0277777777777778,"neutral",0.1875,0.520833333333333,0.343638601796248,FALSE,FALSE
"carlstrom_phyllosphere_2019",4,"Leaf334||Leaf427","Leaf334","Leaf427",0,0.8,791,"lambda=0.1",0.288721449181705,0.0166666666666667,"neutral",0.1875,0.333333333333333,0.288721449181705,FALSE,FALSE
"carlstrom_phyllosphere_2019",4,"Leaf334||Leaf443","Leaf334","Leaf443",0,0.8,791,"lambda=0.1",0.26553346710189,0.0277777777777778,"neutral",0.1875,0.395833333333333,0.26553346710189,FALSE,FALSE
"carlstrom_phyllosphere_2019",4,"Leaf334||Leaf5","Leaf334","Leaf5",0,0.8,791,"lambda=0.1",0.214945722965101,0.0388888888888889,"neutral",0.1875,0.0625,0.214945722965101,FALSE,FALSE
"carlstrom_phyllosphere_2019",4,"Leaf334||Leaf82","Leaf334","Leaf82",0,0.8,791,"lambda=0.1",0.4832593587468,0,"neutral",0.1875,0.8125,0.4832593587468,FALSE,FALSE
"carlstrom_phyllosphere_2019",4,"Leaf334||Leaf86","Leaf334","Leaf86",0,0.8,791,"lambda=0.1",0.514942125380566,0.0888888888888889,"neutral",0.1875,0.895833333333333,0.514942125380566,FALSE,FALSE
"carlstrom_phyllosphere_2019",4,"Leaf336||Leaf405","Leaf336","Leaf405",0,0.8,791,"lambda=0.1",0.317699117955185,0.261111111111111,"neutral",0.958333333333333,0.854166666666667,0.317699117955185,FALSE,FALSE
"carlstrom_phyllosphere_2019",4,"Leaf337||Leaf68","Leaf337","Leaf68",0,0.8,791,"lambda=0.1",0.67712016975019,0.0222222222222222,"neutral",0.208333333333333,1,0.67712016975019,TRUE,FALSE
"carlstrom_phyllosphere_2019",4,"Leaf344||Leaf359","Leaf344","Leaf359",0,0.8,791,"lambda=0.1",0.352244941432561,0.0222222222222222,"neutral",0.479166666666667,0.0416666666666667,0.352244941432561,FALSE,FALSE
"carlstrom_phyllosphere_2019",4,"Leaf344||Leaf363","Leaf344","Leaf363",0,0.8,791,"lambda=0.1",0.311931625708247,0.0222222222222222,"neutral",0.479166666666667,0.291666666666667,0.311931625708247,FALSE,FALSE
"carlstrom_phyllosphere_2019",4,"Leaf344||Leaf371","Leaf344","Leaf371",0,0.8,791,"lambda=0.1",0.231224778200455,0.522222222222222,"neutral",0.479166666666667,0.25,0.231224778200455,FALSE,TRUE
"carlstrom_phyllosphere_2019",4,"Leaf344||Leaf405","Leaf344","Leaf405",0,0.8,791,"lambda=0.1",0.447519811966252,0.0055555555555555,"neutral",0.479166666666667,0.854166666666667,0.447519811966252,FALSE,FALSE
"carlstrom_phyllosphere_2019",4,"Leaf344||Leaf41","Leaf344","Leaf41",0,0.8,791,"lambda=0.1",0.291465648771215,0,"neutral",0.479166666666667,0.520833333333333,0.291465648771215,FALSE,FALSE
"carlstrom_phyllosphere_2019",4,"Leaf344||Leaf5","Leaf344","Leaf5",0,0.8,791,"lambda=0.1",0.295493872764783,0.194444444444444,"neutral",0.479166666666667,0.0625,0.295493872764783,FALSE,FALSE
"carlstrom_phyllosphere_2019",4,"Leaf351||Leaf416","Leaf351","Leaf416",0,0.8,791,"lambda=0.1",0.477594151637658,0.0166666666666667,"neutral",0.145833333333333,0.708333333333333,0.477594151637658,FALSE,FALSE
"carlstrom_phyllosphere_2019",4,"Leaf351||Leaf83","Leaf351","Leaf83",0,0.8,791,"lambda=0.1",0.354713788248945,0.155555555555556,"neutral",0.145833333333333,0.6875,0.354713788248945,FALSE,FALSE
"carlstrom_phyllosphere_2019",4,"Leaf351||Leaf86","Leaf351","Leaf86",0,0.8,791,"lambda=0.1",0.576922859985342,0.0055555555555555,"neutral",0.145833333333333,0.895833333333333,0.576922859985342,FALSE,FALSE
"carlstrom_phyllosphere_2019",4,"Leaf354||Leaf405","Leaf354","Leaf405",0,0.8,791,"lambda=0.1",0.358812254017854,0.15,"neutral",0.875,0.854166666666667,0.358812254017854,FALSE,FALSE
"carlstrom_phyllosphere_2019",4,"Leaf354||Leaf90","Leaf354","Leaf90",0,0.8,791,"lambda=0.1",0.439166543897511,0,"neutral",0.875,0.791666666666667,0.439166543897511,FALSE,FALSE
"carlstrom_phyllosphere_2019",4,"Leaf357||Leaf371","Leaf357","Leaf371",0,0.8,791,"lambda=0.1",0.282323581977027,0.0222222222222222,"neutral",0.4375,0.25,0.282323581977027,FALSE,FALSE
"carlstrom_phyllosphere_2019",4,"Leaf357||Leaf391","Leaf357","Leaf391",0,0.8,791,"lambda=0.1",0.369816700024455,0.572222222222222,"neutral",0.4375,0.8125,0.369816700024455,FALSE,TRUE
"carlstrom_phyllosphere_2019",4,"Leaf357||Leaf83","Leaf357","Leaf83",0,0.8,791,"lambda=0.1",0.308079670014137,0.616666666666667,"neutral",0.4375,0.6875,0.308079670014137,FALSE,TRUE
"carlstrom_phyllosphere_2019",4,"Leaf359||Leaf391","Leaf359","Leaf391",0,0.8,791,"lambda=0.1",0.46934230758347,0.1,"neutral",0.0416666666666667,0.8125,0.46934230758347,FALSE,FALSE
"carlstrom_phyllosphere_2019",4,"Leaf359||Leaf427","Leaf359","Leaf427",0,0.8,791,"lambda=0.1",0.308491166610521,0.105555555555556,"neutral",0.0416666666666667,0.333333333333333,0.308491166610521,FALSE,FALSE
"carlstrom_phyllosphere_2019",4,"Leaf359||Leaf88","Leaf359","Leaf88",0,0.8,791,"lambda=0.1",0.301533545649723,0.0833333333333333,"neutral",0.0416666666666667,0.3125,0.301533545649723,FALSE,FALSE
"carlstrom_phyllosphere_2019",4,"Leaf363||Leaf371","Leaf363","Leaf371",0,0.8,791,"lambda=0.1",0.243599312789826,0.0888888888888889,"neutral",0.291666666666667,0.25,0.243599312789826,FALSE,FALSE
"carlstrom_phyllosphere_2019",4,"Leaf363||Leaf86","Leaf363","Leaf86",0,0.8,791,"lambda=0.1",0.453590527184509,0.427777777777778,"neutral",0.291666666666667,0.895833333333333,0.453590527184509,FALSE,TRUE
"carlstrom_phyllosphere_2019",4,"Leaf371||Leaf380","Leaf371","Leaf380",0,0.8,791,"lambda=0.1",0.246673128747575,0.383333333333333,"neutral",0.25,0.395833333333333,0.246673128747575,FALSE,TRUE
"carlstrom_phyllosphere_2019",4,"Leaf371||Leaf391","Leaf371","Leaf391",0,0.8,791,"lambda=0.1",0.394801080664547,0.383333333333333,"neutral",0.25,0.8125,0.394801080664547,FALSE,TRUE
"carlstrom_phyllosphere_2019",4,"Leaf371||Leaf405","Leaf371","Leaf405",0,0.8,791,"lambda=0.1",0.438892927413026,0.672222222222222,"neutral",0.25,0.854166666666667,0.438892927413026,FALSE,TRUE
"carlstrom_phyllosphere_2019",4,"Leaf371||Leaf68","Leaf371","Leaf68",1,0.8,791,"lambda=0.1",0.724054096219933,0.0277777777777778,"positive",0.25,1,0.724054096219933,TRUE,FALSE
"carlstrom_phyllosphere_2019",4,"Leaf371||Leaf83","Leaf371","Leaf83",0,0.8,791,"lambda=0.1",0.335466293590799,0.305555555555556,"neutral",0.25,0.6875,0.335466293590799,FALSE,FALSE
"carlstrom_phyllosphere_2019",4,"Leaf371||Leaf90","Leaf371","Leaf90",0,0.8,791,"lambda=0.1",0.402434514984277,0.105555555555556,"neutral",0.25,0.791666666666667,0.402434514984277,FALSE,FALSE
"carlstrom_phyllosphere_2019",4,"Leaf380||Leaf405","Leaf380","Leaf405",0,0.8,791,"lambda=0.1",0.429447439969817,0.15,"neutral",0.395833333333333,0.854166666666667,0.429447439969817,FALSE,FALSE
"carlstrom_phyllosphere_2019",4,"Leaf380||Leaf83","Leaf380","Leaf83",1,0.8,791,"lambda=0.1",0.334612711487364,0.0666666666666667,"negative",0.395833333333333,0.6875,0.334612711487364,FALSE,FALSE
"carlstrom_phyllosphere_2019",4,"Leaf380||Leaf88","Leaf380","Leaf88",0,0.8,791,"lambda=0.1",0.249489289233676,0.15,"neutral",0.395833333333333,0.3125,0.249489289233676,FALSE,FALSE
"carlstrom_phyllosphere_2019",4,"Leaf391||Leaf396","Leaf391","Leaf396",0,0.8,791,"lambda=0.1",0.494357354181649,0.15,"neutral",0.8125,0.375,0.494357354181649,FALSE,FALSE
"carlstrom_phyllosphere_2019",4,"Leaf396||Leaf405","Leaf396","Leaf405",0,0.8,791,"lambda=0.1",0.416103101308577,0.0666666666666667,"neutral",0.375,0.854166666666667,0.416103101308577,FALSE,FALSE
"carlstrom_phyllosphere_2019",4,"Leaf396||Leaf416","Leaf396","Leaf416",0,0.8,791,"lambda=0.1",0.373675261527119,0.194444444444444,"neutral",0.375,0.708333333333333,0.373675261527119,FALSE,FALSE
"carlstrom_phyllosphere_2019",4,"Leaf396||Leaf88","Leaf396","Leaf88",0,0.8,791,"lambda=0.1",0.196309563694421,0.616666666666667,"neutral",0.375,0.3125,0.196309563694421,FALSE,TRUE
"carlstrom_phyllosphere_2019",4,"Leaf405||Leaf416","Leaf405","Leaf416",1,0.8,791,"lambda=0.1",0.388613297436506,0.116666666666667,"positive",0.854166666666667,0.708333333333333,0.388613297436506,FALSE,FALSE
"carlstrom_phyllosphere_2019",4,"Leaf405||Leaf68","Leaf405","Leaf68",1,0.8,791,"lambda=0.1",0.622767386106695,0,"positive",0.854166666666667,1,0.622767386106695,TRUE,FALSE
"carlstrom_phyllosphere_2019",4,"Leaf416||Leaf420","Leaf416","Leaf420",1,0.8,791,"lambda=0.1",0.574627868571616,0.0055555555555555,"positive",0.708333333333333,1,0.574627868571616,FALSE,FALSE
"carlstrom_phyllosphere_2019",4,"Leaf416||Leaf5","Leaf416","Leaf5",1,0.8,791,"lambda=0.1",0.441125019284129,0.161111111111111,"positive",0.708333333333333,0.0625,0.441125019284129,FALSE,FALSE
"carlstrom_phyllosphere_2019",4,"Leaf420||Leaf83","Leaf420","Leaf83",0,0.8,791,"lambda=0.1",0.681455681076833,0.133333333333333,"neutral",1,0.6875,0.681455681076833,TRUE,FALSE
"carlstrom_phyllosphere_2019",4,"Leaf420||Leaf86","Leaf420","Leaf86",0,0.8,791,"lambda=0.1",0.588071115657438,0.0666666666666667,"neutral",1,0.895833333333333,0.588071115657438,FALSE,FALSE
"carlstrom_phyllosphere_2019",4,"Leaf427||Leaf86","Leaf427","Leaf86",0,0.8,791,"lambda=0.1",0.435252240262939,0.338888888888889,"neutral",0.333333333333333,0.895833333333333,0.435252240262939,FALSE,FALSE
"carlstrom_phyllosphere_2019",4,"Leaf427||Leaf90","Leaf427","Leaf90",0,0.8,791,"lambda=0.1",0.487197848424803,0,"neutral",0.333333333333333,0.791666666666667,0.487197848424803,FALSE,FALSE
"carlstrom_phyllosphere_2019",4,"Leaf443||Leaf83","Leaf443","Leaf83",0,0.8,791,"lambda=0.1",0.384520711873097,0.0388888888888889,"neutral",0.395833333333333,0.6875,0.384520711873097,FALSE,FALSE
"carlstrom_phyllosphere_2019",4,"Leaf68||Leaf70","Leaf68","Leaf70",0,0.8,791,"lambda=0.1",0.541804794186079,0.294444444444444,"neutral",1,0.208333333333333,0.541804794186079,FALSE,FALSE
"carlstrom_phyllosphere_2019",4,"Leaf70||Leaf83","Leaf70","Leaf83",0,0.8,791,"lambda=0.1",0.325780838288724,0.627777777777778,"neutral",0.208333333333333,0.6875,0.325780838288724,FALSE,TRUE
"carlstrom_phyllosphere_2019",4,"Leaf86||Leaf88","Leaf86","Leaf88",1,0.8,791,"lambda=0.1",0.477964357602079,0.277777777777778,"positive",0.895833333333333,0.3125,0.477964357602079,FALSE,FALSE
"carlstrom_phyllosphere_2019",5,"Leaf141||Leaf160","Leaf141","Leaf160",0,0.8,792,"lambda=0.01",0.157492113490179,0.361111111111111,"neutral",0.5625,0.1875,0.157492113490179,FALSE,TRUE
"carlstrom_phyllosphere_2019",5,"Leaf141||Leaf359","Leaf141","Leaf359",0,0.8,792,"lambda=0.01",0.312486196767535,0.177777777777778,"neutral",0.5625,0.0416666666666667,0.312486196767535,FALSE,FALSE
"carlstrom_phyllosphere_2019",5,"Leaf141||Leaf416","Leaf141","Leaf416",0,0.8,792,"lambda=0.01",0.173520577027577,0.605555555555556,"neutral",0.5625,0.708333333333333,0.173520577027577,FALSE,TRUE
"carlstrom_phyllosphere_2019",5,"Leaf145||Leaf183","Leaf145","Leaf183",0,0.8,792,"lambda=0.01",0.410628227083668,0.622222222222222,"neutral",1,0.708333333333333,0.410628227083668,FALSE,TRUE
"carlstrom_phyllosphere_2019",5,"Leaf145||Leaf187","Leaf145","Leaf187",0,0.8,792,"lambda=0.01",0.69389797286663,0.0444444444444444,"neutral",1,0.145833333333333,0.69389797286663,FALSE,FALSE
"carlstrom_phyllosphere_2019",5,"Leaf145||Leaf203","Leaf145","Leaf203",1,0.8,792,"lambda=0.01",0.820022324899774,0.05,"negative",1,1,0.820022324899774,TRUE,FALSE
"carlstrom_phyllosphere_2019",5,"Leaf145||Leaf222","Leaf145","Leaf222",0,0.8,792,"lambda=0.01",0.704373989154146,0.1,"neutral",1,0.0625,0.704373989154146,TRUE,FALSE
"carlstrom_phyllosphere_2019",5,"Leaf145||Leaf225","Leaf145","Leaf225",0,0.8,792,"lambda=0.01",0.751361817223343,0.105555555555556,"neutral",1,0.208333333333333,0.751361817223343,TRUE,FALSE
"carlstrom_phyllosphere_2019",5,"Leaf145||Leaf263","Leaf145","Leaf263",0,0.8,792,"lambda=0.01",0.607776999338812,0.238888888888889,"neutral",1,0.145833333333333,0.607776999338812,FALSE,FALSE
"carlstrom_phyllosphere_2019",5,"Leaf145||Leaf285","Leaf145","Leaf285",0,0.8,792,"lambda=0.01",0.639200147550858,0,"neutral",1,0.625,0.639200147550858,FALSE,FALSE
"carlstrom_phyllosphere_2019",5,"Leaf145||Leaf33","Leaf145","Leaf33",1,0.8,792,"lambda=0.01",0.519756344860349,0.111111111111111,"negative",1,0.354166666666667,0.519756344860349,FALSE,FALSE
"carlstrom_phyllosphere_2019",5,"Leaf145||Leaf337","Leaf145","Leaf337",0,0.8,792,"lambda=0.01",0.752474934061521,0.0055555555555555,"neutral",1,0.208333333333333,0.752474934061521,TRUE,FALSE
"carlstrom_phyllosphere_2019",5,"Leaf145||Leaf344","Leaf145","Leaf344",0,0.8,792,"lambda=0.01",0.695111014542194,0.0111111111111111,"neutral",1,0.479166666666667,0.695111014542194,FALSE,FALSE
"carlstrom_phyllosphere_2019",5,"Leaf145||Leaf351","Leaf145","Leaf351",0,0.8,792,"lambda=0.01",0.62573422070191,0.0333333333333333,"neutral",1,0.145833333333333,0.62573422070191,FALSE,FALSE
"carlstrom_phyllosphere_2019",5,"Leaf145||Leaf396","Leaf145","Leaf396",0,0.8,792,"lambda=0.01",0.591729783849719,0.0833333333333333,"neutral",1,0.375,0.591729783849719,FALSE,FALSE
"carlstrom_phyllosphere_2019",5,"Leaf145||Leaf70","Leaf145","Leaf70",0,0.8,792,"lambda=0.01",0.621016829257182,0.0888888888888889,"neutral",1,0.208333333333333,0.621016829257182,FALSE,FALSE
"carlstrom_phyllosphere_2019",5,"Leaf145||Leaf83","Leaf145","Leaf83",0,0.8,792,"lambda=0.01",0.569891825380434,0.611111111111111,"neutral",1,0.6875,0.569891825380434,FALSE,TRUE
"carlstrom_phyllosphere_2019",5,"Leaf145||Leaf86","Leaf145","Leaf86",0,0.8,792,"lambda=0.01",0.624808810019648,0.0111111111111111,"neutral",1,0.895833333333333,0.624808810019648,FALSE,FALSE
"carlstrom_phyllosphere_2019",5,"Leaf145||Leaf88","Leaf145","Leaf88",1,0.8,792,"lambda=0.01",0.543192019453595,0.155555555555556,"negative",1,0.3125,0.543192019453595,FALSE,FALSE
"carlstrom_phyllosphere_2019",5,"Leaf160||Leaf183","Leaf160","Leaf183",0,0.8,792,"lambda=0.01",0.343666597793209,0.0111111111111111,"neutral",0.1875,0.708333333333333,0.343666597793209,FALSE,FALSE
"carlstrom_phyllosphere_2019",5,"Leaf160||Leaf222","Leaf160","Leaf222",0,0.8,792,"lambda=0.01",0.0726830465989296,0.0333333333333333,"neutral",0.1875,0.0625,0.0726830465989296,FALSE,FALSE
"carlstrom_phyllosphere_2019",5,"Leaf160||Leaf344","Leaf160","Leaf344",1,0.8,792,"lambda=0.01",0.167924383563764,0.0666666666666667,"negative",0.1875,0.479166666666667,0.167924383563764,FALSE,FALSE
"carlstrom_phyllosphere_2019",5,"Leaf160||Leaf371","Leaf160","Leaf371",0,0.8,792,"lambda=0.01",0.048035648790952,0.638888888888889,"neutral",0.1875,0.25,0.048035648790952,FALSE,TRUE
"carlstrom_phyllosphere_2019",5,"Leaf160||Leaf391","Leaf160","Leaf391",0,0.8,792,"lambda=0.01",0.530132605985612,0.0166666666666667,"neutral",0.1875,0.8125,0.530132605985612,FALSE,FALSE
"carlstrom_phyllosphere_2019",5,"Leaf160||Leaf420","Leaf160","Leaf420",0,0.8,792,"lambda=0.01",0.738602568535877,0.0222222222222222,"neutral",0.1875,1,0.738602568535877,TRUE,FALSE
"carlstrom_phyllosphere_2019",5,"Leaf160||Leaf427","Leaf160","Leaf427",0,0.8,792,"lambda=0.01",0.077895294755882,0.116666666666667,"neutral",0.1875,0.333333333333333,0.077895294755882,FALSE,FALSE
"carlstrom_phyllosphere_2019",5,"Leaf160||Leaf443","Leaf160","Leaf443",0,0.8,792,"lambda=0.01",0.120609489231846,0.0777777777777778,"neutral",0.1875,0.395833333333333,0.120609489231846,FALSE,FALSE
"carlstrom_phyllosphere_2019",5,"Leaf160||Leaf70","Leaf160","Leaf70",0,0.8,792,"lambda=0.01",0.0630056612255053,0.0777777777777778,"neutral",0.1875,0.208333333333333,0.0630056612255053,FALSE,FALSE
"carlstrom_phyllosphere_2019",5,"Leaf160||Leaf90","Leaf160","Leaf90",0,0.8,792,"lambda=0.01",0.464458272392904,0.0444444444444444,"neutral",0.1875,0.791666666666667,0.464458272392904,FALSE,FALSE
"carlstrom_phyllosphere_2019",5,"Leaf176||Leaf344","Leaf176","Leaf344",0,0.8,792,"lambda=0.01",0.139818019902106,0.611111111111111,"neutral",0.479166666666667,0.479166666666667,0.139818019902106,FALSE,TRUE
"carlstrom_phyllosphere_2019",5,"Leaf176||Leaf420","Leaf176","Leaf420",0,0.8,792,"lambda=0.01",0.733626028930028,0.0055555555555555,"neutral",0.479166666666667,1,0.733626028930028,TRUE,FALSE
"carlstrom_phyllosphere_2019",5,"Leaf177||Leaf203","Leaf177","Leaf203",0,0.8,792,"lambda=0.01",0.635170168315889,0.15,"neutral",1,1,0.635170168315889,FALSE,FALSE
"carlstrom_phyllosphere_2019",5,"Leaf177||Leaf265","Leaf177","Leaf265",0,0.8,792,"lambda=0.01",0.6652586416794,0,"neutral",1,0.708333333333333,0.6652586416794,FALSE,FALSE
"carlstrom_phyllosphere_2019",5,"Leaf177||Leaf88","Leaf177","Leaf88",0,0.8,792,"lambda=0.01",0.661393074524915,0.0277777777777778,"neutral",1,0.3125,0.661393074524915,FALSE,FALSE
"carlstrom_phyllosphere_2019",5,"Leaf183||Leaf233","Leaf183","Leaf233",0,0.8,792,"lambda=0.01",0.590678508483742,0.144444444444444,"neutral",0.708333333333333,1,0.590678508483742,FALSE,FALSE
"carlstrom_phyllosphere_2019",5,"Leaf183||Leaf262","Leaf183","Leaf262",0,0.8,792,"lambda=0.01",0.60769509214288,0.0333333333333333,"neutral",0.708333333333333,0.958333333333333,0.60769509214288,FALSE,FALSE
"carlstrom_phyllosphere_2019",5,"Leaf183||Leaf285","Leaf183","Leaf285",0,0.8,792,"lambda=0.01",0.243797424863915,0.0111111111111111,"neutral",0.708333333333333,0.625,0.243797424863915,FALSE,FALSE
"carlstrom_phyllosphere_2019",5,"Leaf183||Leaf359","Leaf183","Leaf359",0,0.8,792,"lambda=0.01",0.454054860385133,0.0277777777777778,"neutral",0.708333333333333,0.0416666666666667,0.454054860385133,FALSE,FALSE
"carlstrom_phyllosphere_2019",5,"Leaf183||Leaf371","Leaf183","Leaf371",0,0.8,792,"lambda=0.01",0.36687995973301,0,"neutral",0.708333333333333,0.25,0.36687995973301,FALSE,FALSE
"carlstrom_phyllosphere_2019",5,"Leaf183||Leaf416","Leaf183","Leaf416",0,0.8,792,"lambda=0.01",0.277601797346332,0.0166666666666667,"neutral",0.708333333333333,0.708333333333333,0.277601797346332,FALSE,FALSE
"carlstrom_phyllosphere_2019",5,"Leaf187||Leaf203","Leaf187","Leaf203",1,0.8,792,"lambda=0.01",0.762507721923982,0.111111111111111,"positive",0.145833333333333,1,0.762507721923982,TRUE,FALSE
"carlstrom_phyllosphere_2019",5,"Leaf187||Leaf231","Leaf187","Leaf231",1,0.8,792,"lambda=0.01",0.600269006264656,0,"positive",0.145833333333333,0.9375,0.600269006264656,FALSE,FALSE
"carlstrom_phyllosphere_2019",5,"Leaf187||Leaf265","Leaf187","Leaf265",1,0.8,792,"lambda=0.01",0.361569580697742,0.111111111111111,"positive",0.145833333333333,0.708333333333333,0.361569580697742,FALSE,FALSE
"carlstrom_phyllosphere_2019",5,"Leaf187||Leaf285","Leaf187","Leaf285",0,0.8,792,"lambda=0.01",0.180762459573593,0.0166666666666667,"neutral",0.145833333333333,0.625,0.180762459573593,FALSE,FALSE
"carlstrom_phyllosphere_2019",5,"Leaf187||Leaf33","Leaf187","Leaf33",0,0.8,792,"lambda=0.01",0.114549539679917,0.122222222222222,"neutral",0.145833333333333,0.354166666666667,0.114549539679917,FALSE,FALSE
"carlstrom_phyllosphere_2019",5,"Leaf187||Leaf405","Leaf187","Leaf405",0,0.8,792,"lambda=0.01",0.445766156285806,0.0777777777777778,"neutral",0.145833333333333,0.854166666666667,0.445766156285806,FALSE,FALSE
"carlstrom_phyllosphere_2019",5,"Leaf187||Leaf420","Leaf187","Leaf420",1,0.8,792,"lambda=0.01",0.775012970903121,0.0166666666666667,"positive",0.145833333333333,1,0.775012970903121,TRUE,FALSE
"carlstrom_phyllosphere_2019",5,"Leaf187||Leaf88","Leaf187","Leaf88",0,0.8,792,"lambda=0.01",0.0926222764540824,0.0666666666666667,"neutral",0.145833333333333,0.3125,0.0926222764540824,FALSE,FALSE
"carlstrom_phyllosphere_2019",5,"Leaf189||Leaf233","Leaf189","Leaf233",0,0.8,792,"lambda=0.01",0.750021319036883,0.0111111111111111,"neutral",0.4375,1,0.750021319036883,TRUE,FALSE
"carlstrom_phyllosphere_2019",5,"Leaf189||Leaf420","Leaf189","Leaf420",0,0.8,792,"lambda=0.01",0.601736892456605,0.0555555555555556,"neutral",0.4375,1,0.601736892456605,FALSE,FALSE
"carlstrom_phyllosphere_2019",5,"Leaf189||Leaf88","Leaf189","Leaf88",0,0.8,792,"lambda=0.01",0.119817023814696,0.544444444444444,"neutral",0.4375,0.3125,0.119817023814696,FALSE,TRUE
"carlstrom_phyllosphere_2019",5,"Leaf2||Leaf233","Leaf2","Leaf233",1,0.8,792,"lambda=0.01",0.635400773294921,0.0222222222222222,"positive",0.520833333333333,1,0.635400773294921,FALSE,FALSE
"carlstrom_phyllosphere_2019",5,"Leaf2||Leaf262","Leaf2","Leaf262",0,0.8,792,"lambda=0.01",0.668155786055063,0.0722222222222222,"neutral",0.520833333333333,0.958333333333333,0.668155786055063,FALSE,FALSE
"carlstrom_phyllosphere_2019",5,"Leaf2||Leaf285","Leaf2","Leaf285",0,0.8,792,"lambda=0.01",0.162271431607237,0.177777777777778,"neutral",0.520833333333333,0.625,0.162271431607237,FALSE,FALSE
"carlstrom_phyllosphere_2019",5,"Leaf2||Leaf344","Leaf2","Leaf344",0,0.8,792,"lambda=0.01",0.163639842361124,0.0222222222222222,"neutral",0.520833333333333,0.479166666666667,0.163639842361124,FALSE,FALSE
"carlstrom_phyllosphere_2019",5,"Leaf2||Leaf420","Leaf2","Leaf420",0,0.8,792,"lambda=0.01",0.657011450316491,0.0166666666666667,"neutral",0.520833333333333,1,0.657011450316491,FALSE,FALSE
"carlstrom_phyllosphere_2019",5,"Leaf202||Leaf262","Leaf202","Leaf262",0,0.8,792,"lambda=0.01",0.739519152361749,0.266666666666667,"neutral",0.958333333333333,1,0.739519152361749,TRUE,FALSE
"carlstrom_phyllosphere_2019",5,"Leaf202||Leaf33","Leaf202","Leaf33",0,0.8,792,"lambda=0.01",0.463451605462478,0.377777777777778,"neutral",0.354166666666667,1,0.463451605462478,FALSE,TRUE
"carlstrom_phyllosphere_2019",5,"Leaf202||Leaf359","Leaf202","Leaf359",0,0.8,792,"lambda=0.01",0.807909699693008,0.0166666666666667,"neutral",0.0416666666666667,1,0.807909699693008,TRUE,FALSE
"carlstrom_phyllosphere_2019",5,"Leaf202||Leaf416","Leaf202","Leaf416",0,0.8,792,"lambda=0.01",0.662521961288045,0.05,"neutral",0.708333333333333,1,0.662521961288045,FALSE,FALSE
"carlstrom_phyllosphere_2019",5,"Leaf203||Leaf233","Leaf203","Leaf233",1,0.8,792,"lambda=0.01",0.760624573829718,0.0388888888888889,"positive",1,1,0.760624573829718,TRUE,FALSE
"carlstrom_phyllosphere_2019",5,"Leaf203||Leaf324","Leaf203","Leaf324",0,0.8,792,"lambda=0.01",0.685303056347902,0.0111111111111111,"neutral",1,0.458333333333333,0.685303056347902,FALSE,FALSE
"carlstrom_phyllosphere_2019",5,"Leaf203||Leaf380","Leaf203","Leaf380",0,0.8,792,"lambda=0.01",0.575602819558418,0.166666666666667,"neutral",1,0.395833333333333,0.575602819558418,FALSE,FALSE
"carlstrom_phyllosphere_2019",5,"Leaf203||Leaf396","Leaf203","Leaf396",0,0.8,792,"lambda=0.01",0.731496983442805,0,"neutral",1,0.375,0.731496983442805,TRUE,FALSE
"carlstrom_phyllosphere_2019",5,"Leaf203||Leaf427","Leaf203","Leaf427",0,0.8,792,"lambda=0.01",0.593196864635191,0.0888888888888889,"neutral",1,0.333333333333333,0.593196864635191,FALSE,FALSE
"carlstrom_phyllosphere_2019",5,"Leaf203||Leaf443","Leaf203","Leaf443",0,0.8,792,"lambda=0.01",0.659999694550987,0.0166666666666667,"neutral",1,0.395833333333333,0.659999694550987,FALSE,FALSE
"carlstrom_phyllosphere_2019",5,"Leaf203||Leaf5","Leaf203","Leaf5",0,0.8,792,"lambda=0.01",0.644130735499345,0.233333333333333,"neutral",1,0.0625,0.644130735499345,FALSE,FALSE
"carlstrom_phyllosphere_2019",5,"Leaf220||Leaf288","Leaf220","Leaf288",0,0.8,792,"lambda=0.01",0.0861061084671709,0.0222222222222222,"neutral",0.0833333333333333,0.25,0.0861061084671709,FALSE,FALSE
"carlstrom_phyllosphere_2019",5,"Leaf220||Leaf344","Leaf220","Leaf344",1,0.8,792,"lambda=0.01",0.155335076149936,0.0666666666666667,"positive",0.0833333333333333,0.479166666666667,0.155335076149936,FALSE,FALSE
"carlstrom_phyllosphere_2019",5,"Leaf220||Leaf86","Leaf220","Leaf86",0,0.8,792,"lambda=0.01",0.61901353737517,0.6,"neutral",0.0833333333333333,0.895833333333333,0.61901353737517,FALSE,TRUE
"carlstrom_phyllosphere_2019",5,"Leaf222||Leaf262","Leaf222","Leaf262",1,0.8,792,"lambda=0.01",0.775515137988145,0.4,"positive",0.0625,0.958333333333333,0.775515137988145,TRUE,TRUE
"carlstrom_phyllosphere_2019",5,"Leaf222||Leaf265","Leaf222","Leaf265",0,0.8,792,"lambda=0.01",0.347074281058988,0,"neutral",0.0625,0.708333333333333,0.347074281058988,FALSE,FALSE
"carlstrom_phyllosphere_2019",5,"Leaf222||Leaf288","Leaf222","Leaf288",0,0.8,792,"lambda=0.01",0.113827780141571,0.172222222222222,"neutral",0.0625,0.25,0.113827780141571,FALSE,FALSE
"carlstrom_phyllosphere_2019",5,"Leaf222||Leaf416","Leaf222","Leaf416",0,0.8,792,"lambda=0.01",0.404216317516352,0.261111111111111,"neutral",0.0625,0.708333333333333,0.404216317516352,FALSE,FALSE
"carlstrom_phyllosphere_2019",5,"Leaf222||Leaf90","Leaf222","Leaf90",0,0.8,792,"lambda=0.01",0.475908273654843,0,"neutral",0.0625,0.791666666666667,0.475908273654843,FALSE,FALSE
"carlstrom_phyllosphere_2019",5,"Leaf225||Leaf344","Leaf225","Leaf344",0,0.8,792,"lambda=0.01",0.174887951681287,0.266666666666667,"neutral",0.479166666666667,0.208333333333333,0.174887951681287,FALSE,FALSE
"carlstrom_phyllosphere_2019",5,"Leaf225||Leaf359","Leaf225","Leaf359",0,0.8,792,"lambda=0.01",0.118035571997983,0.0611111111111111,"neutral",0.0416666666666667,0.208333333333333,0.118035571997983,FALSE,FALSE
"carlstrom_phyllosphere_2019",5,"Leaf231||Leaf288","Leaf231","Leaf288",0,0.8,792,"lambda=0.01",0.654009759307826,0.0166666666666667,"neutral",0.9375,0.25,0.654009759307826,FALSE,FALSE
"carlstrom_phyllosphere_2019",5,"Leaf231||Leaf3","Leaf231","Leaf3",0,0.8,792,"lambda=0.01",0.656247790568128,0,"neutral",0.9375,0.541666666666667,0.656247790568128,FALSE,FALSE
"carlstrom_phyllosphere_2019",5,"Leaf231||Leaf344","Leaf231","Leaf344",0,0.8,792,"lambda=0.01",0.665864251532324,0.0055555555555555,"neutral",0.9375,0.479166666666667,0.665864251532324,FALSE,FALSE
"carlstrom_phyllosphere_2019",5,"Leaf231||Leaf351","Leaf231","Leaf351",1,0.8,792,"lambda=0.01",0.404684012429771,0.622222222222222,"positive",0.9375,0.145833333333333,0.404684012429771,FALSE,TRUE
"carlstrom_phyllosphere_2019",5,"Leaf231||Leaf405","Leaf231","Leaf405",0,0.8,792,"lambda=0.01",0.414586665013511,0.0555555555555556,"neutral",0.9375,0.854166666666667,0.414586665013511,FALSE,FALSE
"carlstrom_phyllosphere_2019",5,"Leaf231||Leaf427","Leaf231","Leaf427",0,0.8,792,"lambda=0.01",0.616361338714243,0.0055555555555555,"neutral",0.9375,0.333333333333333,0.616361338714243,FALSE,FALSE
"carlstrom_phyllosphere_2019",5,"Leaf231||Leaf5","Leaf231","Leaf5",0,0.8,792,"lambda=0.01",0.637376468033008,0.0555555555555556,"neutral",0.9375,0.0625,0.637376468033008,FALSE,FALSE
"carlstrom_phyllosphere_2019",5,"Leaf231||Leaf70","Leaf231","Leaf70",1,0.8,792,"lambda=0.01",0.581686716474702,0.155555555555556,"positive",0.9375,0.208333333333333,0.581686716474702,FALSE,FALSE
"carlstrom_phyllosphere_2019",5,"Leaf231||Leaf83","Leaf231","Leaf83",1,0.8,792,"lambda=0.01",0.579534709273071,0.105555555555556,"negative",0.9375,0.6875,0.579534709273071,FALSE,FALSE
"carlstrom_phyllosphere_2019",5,"Leaf233||Leaf344","Leaf233","Leaf344",0,0.8,792,"lambda=0.01",0.567345103661064,0.0888888888888889,"neutral",1,0.479166666666667,0.567345103661064,FALSE,FALSE
"carlstrom_phyllosphere_2019",5,"Leaf233||Leaf354","Leaf233","Leaf354",0,0.8,792,"lambda=0.01",0.665508321174881,0.05,"neutral",1,0.875,0.665508321174881,FALSE,FALSE
"carlstrom_phyllosphere_2019",5,"Leaf233||Leaf359","Leaf233","Leaf359",1,0.8,792,"lambda=0.01",0.838160395355568,0.0444444444444444,"positive",1,0.0416666666666667,0.838160395355568,TRUE,FALSE
"carlstrom_phyllosphere_2019",5,"Leaf233||Leaf68","Leaf233","Leaf68",0,0.8,792,"lambda=0.01",0.667164783320587,0.0777777777777778,"neutral",1,1,0.667164783320587,FALSE,FALSE
"carlstrom_phyllosphere_2019",5,"Leaf233||Leaf70","Leaf233","Leaf70",1,0.8,792,"lambda=0.01",0.676068954274459,0.0944444444444444,"positive",1,0.208333333333333,0.676068954274459,FALSE,FALSE
"carlstrom_phyllosphere_2019",5,"Leaf233||Leaf82","Leaf233","Leaf82",0,0.8,792,"lambda=0.01",0.617661880778876,0.0222222222222222,"neutral",1,0.8125,0.617661880778876,FALSE,FALSE
"carlstrom_phyllosphere_2019",5,"Leaf233||Leaf88","Leaf233","Leaf88",1,0.8,792,"lambda=0.01",0.736625125558494,0.0666666666666667,"positive",1,0.3125,0.736625125558494,TRUE,FALSE
"carlstrom_phyllosphere_2019",5,"Leaf234||Leaf288","Leaf234","Leaf288",0,0.8,792,"lambda=0.01",0.0706079440715842,0.0111111111111111,"neutral",0.145833333333333,0.25,0.0706079440715842,FALSE,FALSE
"carlstrom_phyllosphere_2019",5,"Leaf234||Leaf405","Leaf234","Leaf405",0,0.8,792,"lambda=0.01",0.387247860973163,0.0555555555555556,"neutral",0.145833333333333,0.854166666666667,0.387247860973163,FALSE,FALSE
"carlstrom_phyllosphere_2019",5,"Leaf234||Leaf416","Leaf234","Leaf416",0,0.8,792,"lambda=0.01",0.380331147645009,0.0166666666666667,"neutral",0.145833333333333,0.708333333333333,0.380331147645009,FALSE,FALSE
"carlstrom_phyllosphere_2019",5,"Leaf234||Leaf68","Leaf234","Leaf68",0,0.8,792,"lambda=0.01",0.705228917674124,0.0111111111111111,"neutral",0.145833333333333,1,0.705228917674124,TRUE,FALSE
"carlstrom_phyllosphere_2019",5,"Leaf242||Leaf416","Leaf242","Leaf416",0,0.8,792,"lambda=0.01",0.310031003697235,0.127777777777778,"neutral",0.708333333333333,0.708333333333333,0.310031003697235,FALSE,FALSE
"carlstrom_phyllosphere_2019",5,"Leaf26||Leaf334","Leaf26","Leaf334",0,0.8,792,"lambda=0.01",0.457156937917701,0.0333333333333333,"neutral",0.833333333333333,0.1875,0.457156937917701,FALSE,FALSE
"carlstrom_phyllosphere_2019",5,"Leaf26||Leaf371","Leaf26","Leaf371",0,0.8,792,"lambda=0.01",0.384653361772134,0.0333333333333333,"neutral",0.833333333333333,0.25,0.384653361772134,FALSE,FALSE
"carlstrom_phyllosphere_2019",5,"Leaf26||Leaf86","Leaf26","Leaf86",0,0.8,792,"lambda=0.01",0.489521559157472,0.0166666666666667,"neutral",0.833333333333333,0.895833333333333,0.489521559157472,FALSE,FALSE
"carlstrom_phyllosphere_2019",5,"Leaf262||Leaf33","Leaf262","Leaf33",0,0.8,792,"lambda=0.01",0.633983057524208,0.0277777777777778,"neutral",0.958333333333333,0.354166666666667,0.633983057524208,FALSE,FALSE
"carlstrom_phyllosphere_2019",5,"Leaf262||Leaf354","Leaf262","Leaf354",0,0.8,792,"lambda=0.01",0.424880217783251,0.127777777777778,"neutral",0.958333333333333,0.875,0.424880217783251,FALSE,FALSE
"carlstrom_phyllosphere_2019",5,"Leaf262||Leaf41","Leaf262","Leaf41",0,0.8,792,"lambda=0.01",0.732406291891461,0.0055555555555555,"neutral",0.958333333333333,0.520833333333333,0.732406291891461,TRUE,FALSE
"carlstrom_phyllosphere_2019",5,"Leaf262||Leaf416","Leaf262","Leaf416",0,0.8,792,"lambda=0.01",0.655014388597722,0.0277777777777778,"neutral",0.958333333333333,0.708333333333333,0.655014388597722,FALSE,FALSE
"carlstrom_phyllosphere_2019",5,"Leaf262||Leaf5","Leaf262","Leaf5",0,0.8,792,"lambda=0.01",0.546628390541662,0.138888888888889,"neutral",0.958333333333333,0.0625,0.546628390541662,FALSE,FALSE
"carlstrom_phyllosphere_2019",5,"Leaf262||Leaf82","Leaf262","Leaf82",0,0.8,792,"lambda=0.01",0.535903564493189,0.0388888888888889,"neutral",0.958333333333333,0.8125,0.535903564493189,FALSE,FALSE
"carlstrom_phyllosphere_2019",5,"Leaf263||Leaf265","Leaf263","Leaf265",0,0.8,792,"lambda=0.01",0.342058551254602,0,"neutral",0.145833333333333,0.708333333333333,0.342058551254602,FALSE,FALSE
"carlstrom_phyllosphere_2019",5,"Leaf263||Leaf359","Leaf263","Leaf359",0,0.8,792,"lambda=0.01",0.116361386258264,0.772222222222222,"neutral",0.145833333333333,0.0416666666666667,0.116361386258264,FALSE,TRUE
"carlstrom_phyllosphere_2019",5,"Leaf263||Leaf405","Leaf263","Leaf405",0,0.8,792,"lambda=0.01",0.393390691963656,0.1,"neutral",0.145833333333333,0.854166666666667,0.393390691963656,FALSE,FALSE
"carlstrom_phyllosphere_2019",5,"Leaf263||Leaf420","Leaf263","Leaf420",0,0.8,792,"lambda=0.01",0.734184863671158,0.0611111111111111,"neutral",0.145833333333333,1,0.734184863671158,TRUE,FALSE
"carlstrom_phyllosphere_2019",5,"Leaf263||Leaf68","Leaf263","Leaf68",0,0.8,792,"lambda=0.01",0.592956293449137,0.194444444444444,"neutral",0.145833333333333,1,0.592956293449137,FALSE,FALSE
"carlstrom_phyllosphere_2019",5,"Leaf265||Leaf285","Leaf265","Leaf285",0,0.8,792,"lambda=0.01",0.218370313604531,0.0611111111111111,"neutral",0.708333333333333,0.625,0.218370313604531,FALSE,FALSE
"carlstrom_phyllosphere_2019",5,"Leaf265||Leaf3","Leaf265","Leaf3",0,0.8,792,"lambda=0.01",0.249658099135235,0.0222222222222222,"neutral",0.708333333333333,0.541666666666667,0.249658099135235,FALSE,FALSE
"carlstrom_phyllosphere_2019",5,"Leaf265||Leaf351","Leaf265","Leaf351",0,0.8,792,"lambda=0.01",0.464098873517974,0.0055555555555555,"neutral",0.708333333333333,0.145833333333333,0.464098873517974,FALSE,FALSE
"carlstrom_phyllosphere_2019",5,"Leaf265||Leaf416","Leaf265","Leaf416",1,0.8,792,"lambda=0.01",0.225252798804255,0.0888888888888889,"positive",0.708333333333333,0.708333333333333,0.225252798804255,FALSE,FALSE
"carlstrom_phyllosphere_2019",5,"Leaf265||Leaf70","Leaf265","Leaf70",1,0.8,792,"lambda=0.01",0.345074796813565,0.216666666666667,"positive",0.708333333333333,0.208333333333333,0.345074796813565,FALSE,FALSE
"carlstrom_phyllosphere_2019",5,"Leaf281||Leaf359","Leaf281","Leaf359",0,0.8,792,"lambda=0.01",0.30572378709288,0.0388888888888889,"neutral",0.0416666666666667,0.541666666666667,0.30572378709288,FALSE,FALSE
"carlstrom_phyllosphere_2019",5,"Leaf281||Leaf420","Leaf281","Leaf420",0,0.8,792,"lambda=0.01",0.55801245982784,0.0166666666666667,"neutral",1,0.541666666666667,0.55801245982784,FALSE,FALSE
"carlstrom_phyllosphere_2019",5,"Leaf281||Leaf90","Leaf281","Leaf90",0,0.8,792,"lambda=0.01",0.381119915640229,0.0111111111111111,"neutral",0.791666666666667,0.541666666666667,0.381119915640229,FALSE,FALSE
"carlstrom_phyllosphere_2019",5,"Leaf285||Leaf324","Leaf285","Leaf324",0,0.8,792,"lambda=0.01",0.16895671471784,0.866666666666667,"neutral",0.625,0.458333333333333,0.16895671471784,FALSE,TRUE
"carlstrom_phyllosphere_2019",5,"Leaf285||Leaf334","Leaf285","Leaf334",0,0.8,792,"lambda=0.01",0.284464581455022,0.866666666666667,"neutral",0.625,0.1875,0.284464581455022,FALSE,TRUE
"carlstrom_phyllosphere_2019",5,"Leaf285||Leaf354","Leaf285","Leaf354",0,0.8,792,"lambda=0.01",0.448123974556492,0.0333333333333333,"neutral",0.625,0.875,0.448123974556492,FALSE,FALSE
"carlstrom_phyllosphere_2019",5,"Leaf285||Leaf371","Leaf285","Leaf371",0,0.8,792,"lambda=0.01",0.257726378696564,0.0722222222222222,"neutral",0.625,0.25,0.257726378696564,FALSE,FALSE
"carlstrom_phyllosphere_2019",5,"Leaf285||Leaf41","Leaf285","Leaf41",0,0.8,792,"lambda=0.01",0.169530693208502,0.0388888888888889,"neutral",0.625,0.520833333333333,0.169530693208502,FALSE,FALSE
"carlstrom_phyllosphere_2019",5,"Leaf285||Leaf83","Leaf285","Leaf83",0,0.8,792,"lambda=0.01",0.11578378421011,0.416666666666667,"neutral",0.625,0.6875,0.11578378421011,FALSE,TRUE
"carlstrom_phyllosphere_2019",5,"Leaf285||Leaf90","Leaf285","Leaf90",0,0.8,792,"lambda=0.01",0.46858450081555,0.644444444444444,"neutral",0.625,0.791666666666667,0.46858450081555,FALSE,TRUE
"carlstrom_phyllosphere_2019",5,"Leaf288||Leaf336","Leaf288","Leaf336",0,0.8,792,"lambda=0.01",0.681932826070895,0.0055555555555555,"neutral",0.25,0.958333333333333,0.681932826070895,FALSE,FALSE
"carlstrom_phyllosphere_2019",5,"Leaf288||Leaf359","Leaf288","Leaf359",0,0.8,792,"lambda=0.01",0.109675871496565,0.0111111111111111,"neutral",0.25,0.0416666666666667,0.109675871496565,FALSE,FALSE
"carlstrom_phyllosphere_2019",5,"Leaf288||Leaf420","Leaf288","Leaf420",0,0.8,792,"lambda=0.01",0.620739686772164,0.05,"neutral",0.25,1,0.620739686772164,FALSE,FALSE
"carlstrom_phyllosphere_2019",5,"Leaf3||Leaf344","Leaf3","Leaf344",0,0.8,792,"lambda=0.01",0.176365253803596,0.0111111111111111,"neutral",0.479166666666667,0.541666666666667,0.176365253803596,FALSE,FALSE
"carlstrom_phyllosphere_2019",5,"Leaf3||Leaf359","Leaf3","Leaf359",0,0.8,792,"lambda=0.01",0.314568887671761,0.0722222222222222,"neutral",0.0416666666666667,0.541666666666667,0.314568887671761,FALSE,FALSE
"carlstrom_phyllosphere_2019",5,"Leaf3||Leaf86","Leaf3","Leaf86",0,0.8,792,"lambda=0.01",0.569491936305704,0.0222222222222222,"neutral",0.541666666666667,0.895833333333333,0.569491936305704,FALSE,FALSE
"carlstrom_phyllosphere_2019",5,"Leaf3||Leaf90","Leaf3","Leaf90",0,0.8,792,"lambda=0.01",0.410494483552357,0.0111111111111111,"neutral",0.541666666666667,0.791666666666667,0.410494483552357,FALSE,FALSE
"carlstrom_phyllosphere_2019",5,"Leaf324||Leaf359","Leaf324","Leaf359",0,0.8,792,"lambda=0.01",0.246470797296852,0.294444444444444,"neutral",0.458333333333333,0.0416666666666667,0.246470797296852,FALSE,TRUE
"carlstrom_phyllosphere_2019",5,"Leaf324||Leaf371","Leaf324","Leaf371",0,0.8,792,"lambda=0.01",0.186593153597652,0.116666666666667,"neutral",0.458333333333333,0.25,0.186593153597652,FALSE,FALSE
"carlstrom_phyllosphere_2019",5,"Leaf324||Leaf391","Leaf324","Leaf391",0,0.8,792,"lambda=0.01",0.433678564628788,0.0388888888888889,"neutral",0.458333333333333,0.8125,0.433678564628788,FALSE,FALSE
"carlstrom_phyllosphere_2019",5,"Leaf324||Leaf68","Leaf324","Leaf68",1,0.8,792,"lambda=0.01",0.758533715545665,0.0444444444444444,"positive",0.458333333333333,1,0.758533715545665,TRUE,FALSE
"carlstrom_phyllosphere_2019",5,"Leaf33||Leaf337","Leaf33","Leaf337",0,0.8,792,"lambda=0.01",0.0980498083261856,0.0277777777777778,"neutral",0.208333333333333,0.354166666666667,0.0980498083261856,FALSE,FALSE
"carlstrom_phyllosphere_2019",5,"Leaf33||Leaf371","Leaf33","Leaf371",0,0.8,792,"lambda=0.01",0.0966067219813723,0.155555555555556,"neutral",0.25,0.354166666666667,0.0966067219813723,FALSE,FALSE
"carlstrom_phyllosphere_2019",5,"Leaf33||Leaf405","Leaf33","Leaf405",0,0.8,792,"lambda=0.01",0.353639152069686,0.344444444444444,"neutral",0.854166666666667,0.354166666666667,0.353639152069686,FALSE,TRUE
"carlstrom_phyllosphere_2019",5,"Leaf33||Leaf41","Leaf33","Leaf41",0,0.8,792,"lambda=0.01",0.129885453988343,0.0166666666666667,"neutral",0.520833333333333,0.354166666666667,0.129885453988343,FALSE,FALSE
"carlstrom_phyllosphere_2019",5,"Leaf33||Leaf70","Leaf33","Leaf70",0,0.8,792,"lambda=0.01",0.0878626281366213,0.0277777777777778,"neutral",0.208333333333333,0.354166666666667,0.0878626281366213,FALSE,FALSE
"carlstrom_phyllosphere_2019",5,"Leaf33||Leaf82","Leaf33","Leaf82",0,0.8,792,"lambda=0.01",0.544042269727452,0.0388888888888889,"neutral",0.354166666666667,0.8125,0.544042269727452,FALSE,FALSE
"carlstrom_phyllosphere_2019",5,"Leaf334||Leaf405","Leaf334","Leaf405",0,0.8,792,"lambda=0.01",0.52342980292273,0.1,"neutral",0.1875,0.854166666666667,0.52342980292273,FALSE,FALSE
"carlstrom_phyllosphere_2019",5,"Leaf334||Leaf416","Leaf334","Leaf416",1,0.8,792,"lambda=0.01",0.586037808823488,0.205555555555556,"positive",0.1875,0.708333333333333,0.586037808823488,FALSE,FALSE
"carlstrom_phyllosphere_2019",5,"Leaf334||Leaf68","Leaf334","Leaf68",0,0.8,792,"lambda=0.01",0.694146749723857,0.0111111111111111,"neutral",0.1875,1,0.694146749723857,FALSE,FALSE
"carlstrom_phyllosphere_2019",5,"Leaf336||Leaf371","Leaf336","Leaf371",0,0.8,792,"lambda=0.01",0.555757569231147,0.0055555555555555,"neutral",0.958333333333333,0.25,0.555757569231147,FALSE,FALSE
"carlstrom_phyllosphere_2019",5,"Leaf336||Leaf416","Leaf336","Leaf416",0,0.8,792,"lambda=0.01",0.624524375322425,0.0111111111111111,"neutral",0.958333333333333,0.708333333333333,0.624524375322425,FALSE,FALSE
"carlstrom_phyllosphere_2019",5,"Leaf336||Leaf68","Leaf336","Leaf68",0,0.8,792,"lambda=0.01",0.671619258036505,0,"neutral",0.958333333333333,1,0.671619258036505,FALSE,FALSE
"carlstrom_phyllosphere_2019",5,"Leaf337||Leaf344","Leaf337","Leaf344",0,0.8,792,"lambda=0.01",0.179000804723517,0.0111111111111111,"neutral",0.208333333333333,0.479166666666667,0.179000804723517,FALSE,FALSE
"carlstrom_phyllosphere_2019",5,"Leaf337||Leaf359","Leaf337","Leaf359",0,0.8,792,"lambda=0.01",0.118288076878569,0.211111111111111,"neutral",0.208333333333333,0.0416666666666667,0.118288076878569,FALSE,FALSE
"carlstrom_phyllosphere_2019",5,"Leaf337||Leaf371","Leaf337","Leaf371",0,0.8,792,"lambda=0.01",0.0914885973201008,0.0166666666666667,"neutral",0.208333333333333,0.25,0.0914885973201008,FALSE,FALSE
"carlstrom_phyllosphere_2019",5,"Leaf337||Leaf405","Leaf337","Leaf405",0,0.8,792,"lambda=0.01",0.387387427000215,0.161111111111111,"neutral",0.208333333333333,0.854166666666667,0.387387427000215,FALSE,FALSE
"carlstrom_phyllosphere_2019",5,"Leaf344||Leaf380","Leaf344","Leaf380",0,0.8,792,"lambda=0.01",0.102322593867382,0.0833333333333333,"neutral",0.479166666666667,0.395833333333333,0.102322593867382,FALSE,FALSE
"carlstrom_phyllosphere_2019",5,"Leaf344||Leaf68","Leaf344","Leaf68",0,0.8,792,"lambda=0.01",0.570753779623059,0.0111111111111111,"neutral",0.479166666666667,1,0.570753779623059,FALSE,FALSE
"carlstrom_phyllosphere_2019",5,"Leaf344||Leaf70","Leaf344","Leaf70",0,0.8,792,"lambda=0.01",0.208560579214898,0.0722222222222222,"neutral",0.479166666666667,0.208333333333333,0.208560579214898,FALSE,FALSE
"carlstrom_phyllosphere_2019",5,"Leaf344||Leaf82","Leaf344","Leaf82",0,0.8,792,"lambda=0.01",0.591395217291275,0.583333333333333,"neutral",0.479166666666667,0.8125,0.591395217291275,FALSE,TRUE
"carlstrom_phyllosphere_2019",5,"Leaf344||Leaf83","Leaf344","Leaf83",0,0.8,792,"lambda=0.01",0.413453058374695,0.155555555555556,"neutral",0.479166666666667,0.6875,0.413453058374695,FALSE,FALSE
"carlstrom_phyllosphere_2019",5,"Leaf344||Leaf88","Leaf344","Leaf88",0,0.8,792,"lambda=0.01",0.1457595322907,0.2,"neutral",0.479166666666667,0.3125,0.1457595322907,FALSE,FALSE
"carlstrom_phyllosphere_2019",5,"Leaf351||Leaf391","Leaf351","Leaf391",0,0.8,792,"lambda=0.01",0.485173103817082,0.144444444444444,"neutral",0.145833333333333,0.8125,0.485173103817082,FALSE,FALSE
"carlstrom_phyllosphere_2019",5,"Leaf351||Leaf420","Leaf351","Leaf420",0,0.8,792,"lambda=0.01",0.599150060457533,0.355555555555556,"neutral",0.145833333333333,1,0.599150060457533,FALSE,TRUE
"carlstrom_phyllosphere_2019",5,"Leaf351||Leaf90","Leaf351","Leaf90",0,0.8,792,"lambda=0.01",0.349061620981702,0.327777777777778,"neutral",0.145833333333333,0.791666666666667,0.349061620981702,FALSE,TRUE
"carlstrom_phyllosphere_2019",5,"Leaf354||Leaf371","Leaf354","Leaf371",0,0.8,792,"lambda=0.01",0.468764584443217,0.172222222222222,"neutral",0.875,0.25,0.468764584443217,FALSE,FALSE
"carlstrom_phyllosphere_2019",5,"Leaf354||Leaf391","Leaf354","Leaf391",0,0.8,792,"lambda=0.01",0.417267050915104,0.1,"neutral",0.875,0.8125,0.417267050915104,FALSE,FALSE
"carlstrom_phyllosphere_2019",5,"Leaf354||Leaf416","Leaf354","Leaf416",0,0.8,792,"lambda=0.01",0.59550163681476,0.0111111111111111,"neutral",0.875,0.708333333333333,0.59550163681476,FALSE,FALSE
"carlstrom_phyllosphere_2019",5,"Leaf354||Leaf83","Leaf354","Leaf83",1,0.8,792,"lambda=0.01",0.301857314236642,0.0777777777777778,"negative",0.875,0.6875,0.301857314236642,FALSE,FALSE
"carlstrom_phyllosphere_2019",5,"Leaf357||Leaf416","Leaf357","Leaf416",0,0.8,792,"lambda=0.01",0.424162979663455,0.0388888888888889,"neutral",0.4375,0.708333333333333,0.424162979663455,FALSE,FALSE
"carlstrom_phyllosphere_2019",5,"Leaf357||Leaf86","Leaf357","Leaf86",0,0.8,792,"lambda=0.01",0.476620899185859,0.0166666666666667,"neutral",0.4375,0.895833333333333,0.476620899185859,FALSE,FALSE
"carlstrom_phyllosphere_2019",5,"Leaf359||Leaf443","Leaf359","Leaf443",0,0.8,792,"lambda=0.01",0.207425580099585,0.361111111111111,"neutral",0.0416666666666667,0.395833333333333,0.207425580099585,FALSE,TRUE
"carlstrom_phyllosphere_2019",5,"Leaf359||Leaf82","Leaf359","Leaf82",0,0.8,792,"lambda=0.01",0.501253673824822,0,"neutral",0.0416666666666667,0.8125,0.501253673824822,FALSE,FALSE
"carlstrom_phyllosphere_2019",5,"Leaf363||Leaf68","Leaf363","Leaf68",0,0.8,792,"lambda=0.01",0.735682733538799,0,"neutral",0.291666666666667,1,0.735682733538799,TRUE,FALSE
"carlstrom_phyllosphere_2019",5,"Leaf363||Leaf88","Leaf363","Leaf88",0,0.8,792,"lambda=0.01",0.0658804314838653,0.15,"neutral",0.291666666666667,0.3125,0.0658804314838653,FALSE,FALSE
"carlstrom_phyllosphere_2019",5,"Leaf380||Leaf90","Leaf380","Leaf90",0,0.8,792,"lambda=0.01",0.304552279373277,0.0722222222222222,"neutral",0.395833333333333,0.791666666666667,0.304552279373277,FALSE,FALSE
"carlstrom_phyllosphere_2019",5,"Leaf391||Leaf420","Leaf391","Leaf420",0,0.8,792,"lambda=0.01",0.623396536621778,0.0277777777777778,"neutral",0.8125,1,0.623396536621778,FALSE,FALSE
"carlstrom_phyllosphere_2019",5,"Leaf391||Leaf427","Leaf391","Leaf427",0,0.8,792,"lambda=0.01",0.51474129949226,0.266666666666667,"neutral",0.8125,0.333333333333333,0.51474129949226,FALSE,FALSE
"carlstrom_phyllosphere_2019",5,"Leaf391||Leaf5","Leaf391","Leaf5",0,0.8,792,"lambda=0.01",0.502637229290579,0.0111111111111111,"neutral",0.8125,0.0625,0.502637229290579,FALSE,FALSE
"carlstrom_phyllosphere_2019",5,"Leaf391||Leaf82","Leaf391","Leaf82",0,0.8,792,"lambda=0.01",0.398652998654083,0.0444444444444444,"neutral",0.8125,0.8125,0.398652998654083,FALSE,FALSE
"carlstrom_phyllosphere_2019",5,"Leaf391||Leaf83","Leaf391","Leaf83",0,0.8,792,"lambda=0.01",0.457029580505484,0.894444444444444,"neutral",0.8125,0.6875,0.457029580505484,FALSE,TRUE
"carlstrom_phyllosphere_2019",5,"Leaf396||Leaf86","Leaf396","Leaf86",0,0.8,792,"lambda=0.01",0.491344688445706,0.0333333333333333,"neutral",0.375,0.895833333333333,0.491344688445706,FALSE,FALSE
"carlstrom_phyllosphere_2019",5,"Leaf396||Leaf90","Leaf396","Leaf90",0,0.8,792,"lambda=0.01",0.397349248021905,0.0055555555555555,"neutral",0.375,0.791666666666667,0.397349248021905,FALSE,FALSE
"carlstrom_phyllosphere_2019",5,"Leaf405||Leaf86","Leaf405","Leaf86",0,0.8,792,"lambda=0.01",0.402377408862117,0.216666666666667,"neutral",0.854166666666667,0.895833333333333,0.402377408862117,FALSE,FALSE
"carlstrom_phyllosphere_2019",5,"Leaf405||Leaf88","Leaf405","Leaf88",0,0.8,792,"lambda=0.01",0.511154886552973,0,"neutral",0.854166666666667,0.3125,0.511154886552973,FALSE,FALSE
"carlstrom_phyllosphere_2019",5,"Leaf405||Leaf90","Leaf405","Leaf90",0,0.8,792,"lambda=0.01",0.286268117648684,0.144444444444444,"neutral",0.854166666666667,0.791666666666667,0.286268117648684,FALSE,FALSE
"carlstrom_phyllosphere_2019",5,"Leaf41||Leaf416","Leaf41","Leaf416",0,0.8,792,"lambda=0.01",0.365781942745504,0.0388888888888889,"neutral",0.520833333333333,0.708333333333333,0.365781942745504,FALSE,FALSE
"carlstrom_phyllosphere_2019",5,"Leaf41||Leaf83","Leaf41","Leaf83",0,0.8,792,"lambda=0.01",0.243164557422954,0.0222222222222222,"neutral",0.520833333333333,0.6875,0.243164557422954,FALSE,FALSE
"carlstrom_phyllosphere_2019",5,"Leaf41||Leaf86","Leaf41","Leaf86",0,0.8,792,"lambda=0.01",0.495343689362594,0.0833333333333333,"neutral",0.520833333333333,0.895833333333333,0.495343689362594,FALSE,FALSE
"carlstrom_phyllosphere_2019",5,"Leaf416||Leaf443","Leaf416","Leaf443",0,0.8,792,"lambda=0.01",0.386930733923336,0.0277777777777778,"neutral",0.708333333333333,0.395833333333333,0.386930733923336,FALSE,FALSE
"carlstrom_phyllosphere_2019",5,"Leaf420||Leaf443","Leaf420","Leaf443",0,0.8,792,"lambda=0.01",0.710304170081307,0.0333333333333333,"neutral",1,0.395833333333333,0.710304170081307,TRUE,FALSE
"carlstrom_phyllosphere_2019",5,"Leaf420||Leaf82","Leaf420","Leaf82",0,0.8,792,"lambda=0.01",0.800515182116781,0.0666666666666667,"neutral",1,0.8125,0.800515182116781,TRUE,FALSE
"carlstrom_phyllosphere_2019",5,"Leaf443||Leaf68","Leaf443","Leaf68",0,0.8,792,"lambda=0.01",0.831271650241464,0.0111111111111111,"neutral",0.395833333333333,1,0.831271650241464,TRUE,FALSE
"carlstrom_phyllosphere_2019",5,"Leaf5||Leaf68","Leaf5","Leaf68",0,0.8,792,"lambda=0.01",0.83804409292828,0.0222222222222222,"neutral",0.0625,1,0.83804409292828,TRUE,FALSE
"carlstrom_phyllosphere_2019",5,"Leaf68||Leaf86","Leaf68","Leaf86",1,0.8,792,"lambda=0.01",0.581210607628579,0.0111111111111111,"positive",1,0.895833333333333,0.581210607628579,FALSE,FALSE
"carlstrom_phyllosphere_2019",5,"Leaf68||Leaf90","Leaf68","Leaf90",0,0.8,792,"lambda=0.01",0.399770241012879,0.316666666666667,"neutral",1,0.791666666666667,0.399770241012879,FALSE,TRUE
"carlstrom_phyllosphere_2019",5,"Leaf82||Leaf86","Leaf82","Leaf86",0,0.8,792,"lambda=0.01",0.474640387265214,0.388888888888889,"neutral",0.8125,0.895833333333333,0.474640387265214,FALSE,TRUE
"carlstrom_phyllosphere_2019",5,"Leaf83||Leaf88","Leaf83","Leaf88",0,0.8,792,"lambda=0.01",0.249355584208301,0.0333333333333333,"neutral",0.6875,0.3125,0.249355584208301,FALSE,FALSE
"carlstrom_phyllosphere_2019",5,"Leaf83||Leaf90","Leaf83","Leaf90",0,0.8,792,"lambda=0.01",0.287467641011368,0.0277777777777778,"neutral",0.6875,0.791666666666667,0.287467641011368,FALSE,FALSE
