dataset,taxon_1,taxon_2,pln_score,pln_abs_score,pln_score_percentile,pln_selected,glmnet_score,glmnet_abs_score,glmnet_score_percentile,glmnet_selected,spieceasi_score,spieceasi_abs_score,spieceasi_score_percentile,spieceasi_selected,spieceasi_stability,spring_score,spring_abs_score,spring_score_percentile,spring_selected,spring_stability,sparcc_score,sparcc_abs_score,sparcc_score_percentile,sparcc_selected,prevalence_1,prevalence_2,prevalence_min,prevalence_max,joint_prevalence,n_joint_positive,n_taxon_1_only,n_taxon_2_only,n_neither,presence_jaccard,mean_positive_abundance_1,mean_positive_abundance_2,dispersion_1,dispersion_2,n_samples,n_taxa,overall_zero_frequency,measurement_scale,count_conversion
carlstrom_phyllosphere_2019,Leaf141,Leaf145,0,0,0.5003367003367,0,0,0,0.481144781144781,0,0,0,0.49023569023569,0,0,0,0,0.49023569023569,0,0,-0.0826809775478304,0.0826809775478304,0.556228956228956,0,0.5625,1,0.5625,1,0.5625,27,0,21,0,0.5625,25.7037037037037,551.395833333333,107.389907413085,2813.24081855446,48,55,0.460984848484849,amplicon_count,native_integer
carlstrom_phyllosphere_2019,Leaf141,Leaf160,0,0,0.5003367003367,0,0,0,0.481144781144781,0,0,0,0.49023569023569,0,0,0,0,0.49023569023569,0,0,0.109204420601924,0.109204420601924,0.691582491582492,0,0.5625,0.1875,0.1875,0.5625,0.125,6,21,3,18,0.2,25.7037037037037,68.5555555555556,107.389907413085,371.092485947791,48,55,0.460984848484849,amplicon_count,native_integer
carlstrom_phyllosphere_2019,Leaf141,Leaf176,0,0,0.5003367003367,0,0,0,0.481144781144781,0,0,0,0.49023569023569,0,0,0,0,0.49023569023569,0,0,0.0259274131145437,0.0259274131145437,0.187878787878788,0,0.5625,0.479166666666667,0.479166666666667,0.5625,0.291666666666667,14,13,9,12,0.388888888888889,25.7037037037037,2.43478260869565,107.389907413085,2.12765957446809,48,55,0.460984848484849,amplicon_count,native_integer
carlstrom_phyllosphere_2019,Leaf141,Leaf177,0,0,0.5003367003367,0,0,0,0.481144781144781,0,0,0,0.49023569023569,0,0,0,0,0.49023569023569,0,0,0.182739925322944,0.182739925322944,0.884175084175084,0,0.5625,1,0.5625,1,0.5625,27,0,21,0,0.5625,25.7037037037037,311.958333333333,107.389907413085,1126.90703602557,48,55,0.460984848484849,amplicon_count,native_integer
carlstrom_phyllosphere_2019,Leaf141,Leaf183,0,0,0.5003367003367,0,0,0,0.481144781144781,0,0,0,0.49023569023569,0,0,0,0,0.49023569023569,0,0,-0.0411659758255645,0.0411659758255645,0.298316498316498,0,0.5625,0.708333333333333,0.5625,0.708333333333333,0.354166666666667,17,10,17,4,0.386363636363636,25.7037037037037,8,107.389907413085,16.4705882352941,48,55,0.460984848484849,amplicon_count,native_integer
carlstrom_phyllosphere_2019,Leaf141,Leaf187,0,0,0.5003367003367,0,0,0,0.481144781144781,0,0,0,0.49023569023569,0,0,0,0,0.49023569023569,0,0.05,0.142013114355461,0.142013114355461,0.791919191919192,0,0.5625,0.145833333333333,0.145833333333333,0.5625,0.104166666666667,5,22,2,19,0.172413793103448,25.7037037037037,31.5714285714286,107.389907413085,180.897564263021,48,55,0.460984848484849,amplicon_count,native_integer
carlstrom_phyllosphere_2019,Leaf141,Leaf189,0,0,0.5003367003367,0,0,0,0.481144781144781,0,0,0,0.49023569023569,0,0,0,0,0.49023569023569,0,0,0.0400861231096998,0.0400861231096998,0.29023569023569,0,0.5625,0.4375,0.4375,0.5625,0.270833333333333,13,14,8,13,0.371428571428571,25.7037037037037,4.28571428571429,107.389907413085,6.95886524822695,48,55,0.460984848484849,amplicon_count,native_integer
carlstrom_phyllosphere_2019,Leaf141,Leaf2,0,0,0.5003367003367,0,0,0,0.481144781144781,0,0,0,0.49023569023569,0,0,0,0,0.49023569023569,0,0,0.195473822900759,0.195473822900759,0.903030303030303,0,0.5625,0.520833333333333,0.520833333333333,0.5625,0.3125,15,12,10,11,0.405405405405405,25.7037037037037,11.84,107.389907413085,26.2242668200115,48,55,0.460984848484849,amplicon_count,native_integer
carlstrom_phyllosphere_2019,Leaf141,Leaf202,0,0,0.5003367003367,0,0,0,0.481144781144781,0,0,0,0.49023569023569,0,0,0,0,0.49023569023569,0,0,0.220023455383714,0.220023455383714,0.934006734006734,0,0.5625,1,0.5625,1,0.5625,27,0,21,0,0.5625,25.7037037037037,948.583333333333,107.389907413085,348.703505227093,48,55,0.460984848484849,amplicon_count,native_integer
carlstrom_phyllosphere_2019,Leaf141,Leaf203,0,0,0.5003367003367,0,0,0,0.481144781144781,0,0,0,0.49023569023569,0,0,0,0,0.49023569023569,0,0,0.0831475382641765,0.0831475382641765,0.55959595959596,0,0.5625,1,0.5625,1,0.5625,27,0,21,0,0.5625,25.7037037037037,1084.5,107.389907413085,860.618894872625,48,55,0.460984848484849,amplicon_count,native_integer
carlstrom_phyllosphere_2019,Leaf141,Leaf220,0,0,0.5003367003367,0,0,0,0.481144781144781,0,0,0,0.49023569023569,0,0,0,0,0.49023569023569,0,0,0.0882866233786468,0.0882866233786468,0.591919191919192,0,0.5625,0.0833333333333333,0.0833333333333333,0.5625,0.0416666666666667,2,25,2,19,0.0689655172413793,25.7037037037037,1.5,107.389907413085,1.91489361702128,48,55,0.460984848484849,amplicon_count,native_integer
carlstrom_phyllosphere_2019,Leaf141,Leaf222,0,0,0.5003367003367,0,0,0,0.481144781144781,0,0,0,0.49023569023569,0,0,0,0,0.49023569023569,0,0,-0.0172923354234979,0.0172923354234979,0.117171717171717,0,0.5625,0.0625,0.0625,0.5625,0.0208333333333333,1,26,2,19,0.0344827586206897,25.7037037037037,5,107.389907413085,5.74042553191489,48,55,0.460984848484849,amplicon_count,native_integer
carlstrom_phyllosphere_2019,Leaf141,Leaf225,0,0,0.5003367003367,0,0,0,0.481144781144781,0,0,0,0.49023569023569,0,0,0,0,0.49023569023569,0,0,-0.0298326493440802,0.0298326493440802,0.216161616161616,0,0.5625,0.208333333333333,0.208333333333333,0.5625,0.125,6,21,4,17,0.193548387096774,25.7037037037037,4,107.389907413085,10.9957446808511,48,55,0.460984848484849,amplicon_count,native_integer
carlstrom_phyllosphere_2019,Leaf141,Leaf231,0,0,0.5003367003367,0,0,0,0.481144781144781,0,0,0,0.49023569023569,0,0,0,0,0.49023569023569,0,0,-0.0848665709654346,0.0848665709654346,0.57037037037037,0,0.5625,0.9375,0.5625,0.9375,0.5,24,3,21,0,0.5,25.7037037037037,297.933333333333,107.389907413085,297.978171136386,48,55,0.460984848484849,amplicon_count,native_integer
carlstrom_phyllosphere_2019,Leaf141,Leaf233,0,0,0.5003367003367,0,0,0,0.481144781144781,0,0,0,0.49023569023569,0,0,0,0,0.49023569023569,0,0,0.0873744475053467,0.0873744475053467,0.585858585858586,0,0.5625,1,0.5625,1,0.5625,27,0,21,0,0.5625,25.7037037037037,501.791666666667,107.389907413085,1557.43476302116,48,55,0.460984848484849,amplicon_count,native_integer
carlstrom_phyllosphere_2019,Leaf141,Leaf234,0,0,0.5003367003367,0,0,0,0.481144781144781,0,0,0,0.49023569023569,0,0,0,0,0.49023569023569,0,0.2,0.122662996809719,0.122662996809719,0.741414141414141,0,0.5625,0.145833333333333,0.145833333333333,0.5625,0.104166666666667,5,22,2,19,0.172413793103448,25.7037037037037,4.42857142857143,107.389907413085,8.86135895676048,48,55,0.460984848484849,amplicon_count,native_integer
carlstrom_phyllosphere_2019,Leaf141,Leaf242,0,0,0.5003367003367,0,0,0,0.481144781144781,0,0,0,0.49023569023569,0,0,0,0,0.49023569023569,0,0,0.129800077245612,0.129800077245612,0.766329966329966,0,0.5625,0.708333333333333,0.5625,0.708333333333333,0.4375,21,6,13,8,0.525,25.7037037037037,66.7941176470588,107.389907413085,216.737429382501,48,55,0.460984848484849,amplicon_count,native_integer
carlstrom_phyllosphere_2019,Leaf141,Leaf26,0,0,0.5003367003367,0,0,0,0.481144781144781,0,0,0,0.49023569023569,0,0.3,0,0,0.49023569023569,0,0,-0.299005403094477,0.299005403094477,0.977104377104377,0,0.5625,0.833333333333333,0.5625,0.833333333333333,0.479166666666667,23,4,17,4,0.522727272727273,25.7037037037037,137.2,107.389907413085,459.115315427083,48,55,0.460984848484849,amplicon_count,native_integer
carlstrom_phyllosphere_2019,Leaf141,Leaf262,0,0,0.5003367003367,0,0,0,0.481144781144781,0,0,0,0.49023569023569,0,0,0,0,0.49023569023569,0,0,-0.0363473988108357,0.0363473988108357,0.260606060606061,0,0.5625,0.958333333333333,0.5625,0.958333333333333,0.520833333333333,25,2,21,0,0.520833333333333,25.7037037037037,363.369565217391,107.389907413085,1068.25302664825,48,55,0.460984848484849,amplicon_count,native_integer
carlstrom_phyllosphere_2019,Leaf141,Leaf263,0,0,0.5003367003367,0,0,0,0.481144781144781,0,0,0,0.49023569023569,0,0,0,0,0.49023569023569,0,0,0.0523903380688483,0.0523903380688483,0.375757575757576,0,0.5625,0.145833333333333,0.145833333333333,0.5625,0.104166666666667,5,22,2,19,0.172413793103448,25.7037037037037,3,107.389907413085,8.35562310030395,48,55,0.460984848484849,amplicon_count,native_integer
carlstrom_phyllosphere_2019,Leaf141,Leaf265,0,0,0.5003367003367,0,0,0,0.481144781144781,0,0,0,0.49023569023569,0,0,0,0,0.49023569023569,0,0,-0.0129175286300906,0.0129175286300906,0.0888888888888889,0,0.5625,0.708333333333333,0.5625,0.708333333333333,0.395833333333333,19,8,15,6,0.452380952380952,25.7037037037037,136.529411764706,107.389907413085,386.282783466408,48,55,0.460984848484849,amplicon_count,native_integer
carlstrom_phyllosphere_2019,Leaf141,Leaf281,0,0,0.5003367003367,0,0,0,0.481144781144781,0,0,0,0.49023569023569,0,0,0,0,0.49023569023569,0,0,-0.0815206677044264,0.0815206677044264,0.550841750841751,0,0.5625,0.541666666666667,0.541666666666667,0.5625,0.291666666666667,14,13,12,9,0.358974358974359,25.7037037037037,17.0384615384615,107.389907413085,95.0328514480573,48,55,0.460984848484849,amplicon_count,native_integer
carlstrom_phyllosphere_2019,Leaf141,Leaf285,0,0,0.5003367003367,0,0,0,0.481144781144781,0,0,0,0.49023569023569,0,0,0,0,0.49023569023569,0,0,-0.0778118648511211,0.0778118648511211,0.530639730639731,0,0.5625,0.625,0.5625,0.625,0.375,18,9,12,9,0.461538461538462,25.7037037037037,101.233333333333,107.389907413085,506.741332081632,48,55,0.460984848484849,amplicon_count,native_integer
carlstrom_phyllosphere_2019,Leaf141,Leaf288,0,0,0.5003367003367,0,0,0,0.481144781144781,0,0,0,0.49023569023569,0,0,0,0,0.49023569023569,0,0,-0.0378040125480963,0.0378040125480963,0.273400673400673,0,0.5625,0.25,0.25,0.5625,0.145833333333333,7,20,5,16,0.21875,25.7037037037037,26.75,107.389907413085,144.697753032412,48,55,0.460984848484849,amplicon_count,native_integer
carlstrom_phyllosphere_2019,Leaf141,Leaf3,0,0,0.5003367003367,0,0,0,0.481144781144781,0,0,0,0.49023569023569,0,0,0,0,0.49023569023569,0,0,-0.0906707049579398,0.0906707049579398,0.605387205387205,0,0.5625,0.541666666666667,0.541666666666667,0.5625,0.291666666666667,14,13,12,9,0.358974358974359,25.7037037037037,17.6923076923077,107.389907413085,106.65605920444,48,55,0.460984848484849,amplicon_count,native_integer
carlstrom_phyllosphere_2019,Leaf141,Leaf324,0,0,0.5003367003367,0,0,0,0.481144781144781,0,0,0,0.49023569023569,0,0,0,0,0.49023569023569,0,0,-0.225305610333646,0.225305610333646,0.939393939393939,0,0.5625,0.458333333333333,0.458333333333333,0.5625,0.229166666666667,11,16,11,10,0.289473684210526,25.7037037037037,35.8181818181818,107.389907413085,99.4392482989524,48,55,0.460984848484849,amplicon_count,native_integer
carlstrom_phyllosphere_2019,Leaf141,Leaf33,0,0,0.5003367003367,0,0,0,0.481144781144781,0,0,0,0.49023569023569,0,0,0,0,0.49023569023569,0,0,0.119379257081013,0.119379257081013,0.728619528619529,0,0.5625,0.354166666666667,0.354166666666667,0.5625,0.1875,9,18,8,13,0.257142857142857,25.7037037037037,100.588235294118,107.389907413085,225.172527062337,48,55,0.460984848484849,amplicon_count,native_integer
carlstrom_phyllosphere_2019,Leaf141,Leaf334,0,0,0.5003367003367,0,0,0,0.481144781144781,0,0,0,0.49023569023569,0,0,0,0,0.49023569023569,0,0,0.0968546564380988,0.0968546564380988,0.639057239057239,0,0.5625,0.1875,0.1875,0.5625,0.104166666666667,5,22,4,17,0.161290322580645,25.7037037037037,5.55555555555556,107.389907413085,22.2212765957447,48,55,0.460984848484849,amplicon_count,native_integer
carlstrom_phyllosphere_2019,Leaf141,Leaf336,0,0,0.5003367003367,0,0,0,0.481144781144781,0,0,0,0.49023569023569,0,0,0,0,0.49023569023569,0,0,0.124527615552528,0.124527615552528,0.748148148148148,0,0.5625,0.958333333333333,0.5625,0.958333333333333,0.520833333333333,25,2,21,0,0.520833333333333,25.7037037037037,14.195652173913,107.389907413085,30.2871525854485,48,55,0.460984848484849,amplicon_count,native_integer
carlstrom_phyllosphere_2019,Leaf141,Leaf337,0,0,0.5003367003367,0,0,0,0.481144781144781,0,0,0,0.49023569023569,0,0,0,0,0.49023569023569,0,0,-0.0212436511085927,0.0212436511085927,0.152861952861953,0,0.5625,0.208333333333333,0.208333333333333,0.5625,0.104166666666667,5,22,5,16,0.15625,25.7037037037037,1.5,107.389907413085,1.79148936170213,48,55,0.460984848484849,amplicon_count,native_integer
carlstrom_phyllosphere_2019,Leaf141,Leaf344,0,0,0.5003367003367,0,0,0,0.481144781144781,0,0,0,0.49023569023569,0,0,0,0,0.49023569023569,0,0,-0.085001115084753,0.085001115084753,0.573737373737374,0,0.5625,0.479166666666667,0.479166666666667,0.5625,0.25,12,15,11,10,0.315789473684211,25.7037037037037,33.1739130434783,107.389907413085,70.1006385767268,48,55,0.460984848484849,amplicon_count,native_integer
carlstrom_phyllosphere_2019,Leaf141,Leaf351,0,0,0.5003367003367,0,0,0,0.481144781144781,0,0,0,0.49023569023569,0,0,0,0,0.49023569023569,0,0,0.0267671965947957,0.0267671965947957,0.192592592592593,0,0.5625,0.145833333333333,0.145833333333333,0.5625,0.104166666666667,5,22,2,19,0.172413793103448,25.7037037037037,4.14285714285714,107.389907413085,12.9413059427733,48,55,0.460984848484849,amplicon_count,native_integer
carlstrom_phyllosphere_2019,Leaf141,Leaf354,0,0,0.5003367003367,0,0,0,0.481144781144781,0,0,0,0.49023569023569,0,0,0,0,0.49023569023569,0,0,-0.0350660543687286,0.0350660543687286,0.250505050505051,0,0.5625,0.875,0.5625,0.875,0.458333333333333,22,5,20,1,0.468085106382979,25.7037037037037,17.952380952381,107.389907413085,84.8687849201423,48,55,0.460984848484849,amplicon_count,native_integer
carlstrom_phyllosphere_2019,Leaf141,Leaf357,0,0,0.5003367003367,0,0,0,0.481144781144781,0,0,0,0.49023569023569,0,0,0,0,0.49023569023569,0,0,-0.0282178330619725,0.0282178330619725,0.204040404040404,0,0.5625,0.4375,0.4375,0.5625,0.25,12,15,9,12,0.333333333333333,25.7037037037037,7.19047619047619,107.389907413085,9.76623925602367,48,55,0.460984848484849,amplicon_count,native_integer
carlstrom_phyllosphere_2019,Leaf141,Leaf359,0,0,0.5003367003367,0,0,0,0.481144781144781,0,0,0,0.49023569023569,0,0,0,0,0.49023569023569,0,0,0.0405541269445493,0.0405541269445493,0.292255892255892,0,0.5625,0.0416666666666667,0.0416666666666667,0.5625,0.0416666666666667,2,25,0,21,0.0740740740740741,25.7037037037037,1.5,107.389907413085,1.63829787234043,48,55,0.460984848484849,amplicon_count,native_integer
carlstrom_phyllosphere_2019,Leaf141,Leaf363,0,0,0.5003367003367,0,0,0,0.481144781144781,0,0,0,0.49023569023569,0,0,0,0,0.49023569023569,0,0,-0.146177267021344,0.146177267021344,0.800673400673401,0,0.5625,0.291666666666667,0.291666666666667,0.5625,0.145833333333333,7,20,7,14,0.205882352941176,25.7037037037037,23.9285714285714,107.389907413085,39.4577961257542,48,55,0.460984848484849,amplicon_count,native_integer
carlstrom_phyllosphere_2019,Leaf141,Leaf371,0,0,0.5003367003367,0,0,0,0.481144781144781,0,0,0,0.49023569023569,0,0,0,0,0.49023569023569,0,0,0.148331496541331,0.148331496541331,0.812121212121212,0,0.5625,0.25,0.25,0.5625,0.166666666666667,8,19,4,17,0.258064516129032,25.7037037037037,46.9166666666667,107.389907413085,104.532066059484,48,55,0.460984848484849,amplicon_count,native_integer
carlstrom_phyllosphere_2019,Leaf141,Leaf380,0,0,0.5003367003367,0,0,0,0.481144781144781,0,0,0,0.49023569023569,0,0,0,0,0.49023569023569,0,0,0.114178293352599,0.114178293352599,0.713131313131313,0,0.5625,0.395833333333333,0.395833333333333,0.5625,0.25,12,15,7,14,0.352941176470588,25.7037037037037,70.421052631579,107.389907413085,644.908882740197,48,55,0.460984848484849,amplicon_count,native_integer
carlstrom_phyllosphere_2019,Leaf141,Leaf391,0,0,0.5003367003367,0,0,0,0.481144781144781,0,0,0,0.49023569023569,0,0,0,0,0.49023569023569,0,0,-0.0814904129702586,0.0814904129702586,0.54949494949495,0,0.5625,0.8125,0.5625,0.8125,0.458333333333333,22,5,17,4,0.5,25.7037037037037,121.897435897436,107.389907413085,266.843616573725,48,55,0.460984848484849,amplicon_count,native_integer
carlstrom_phyllosphere_2019,Leaf141,Leaf396,0,0,0.5003367003367,0,0,0,0.481144781144781,0,0,0,0.49023569023569,0,0,0,0,0.49023569023569,0,0,0.0953399628629368,0.0953399628629368,0.627609427609428,0,0.5625,0.375,0.375,0.5625,0.208333333333333,10,17,8,13,0.285714285714286,25.7037037037037,3.11111111111111,107.389907413085,5.95744680851064,48,55,0.460984848484849,amplicon_count,native_integer
carlstrom_phyllosphere_2019,Leaf141,Leaf405,0,0,0.5003367003367,0,0,0,0.481144781144781,0,0,0,0.49023569023569,0,0,0,0,0.49023569023569,0,0,-0.0223881907634597,0.0223881907634597,0.163636363636364,0,0.5625,0.854166666666667,0.5625,0.854166666666667,0.458333333333333,22,5,19,2,0.478260869565217,25.7037037037037,479.731707317073,107.389907413085,1289.73232854811,48,55,0.460984848484849,amplicon_count,native_integer
carlstrom_phyllosphere_2019,Leaf141,Leaf41,0,0,0.5003367003367,0,0,0,0.481144781144781,0,0,0,0.49023569023569,0,0,0,0,0.49023569023569,0,0,-0.0373927544614506,0.0373927544614506,0.270707070707071,0,0.5625,0.520833333333333,0.520833333333333,0.5625,0.291666666666667,14,13,11,10,0.368421052631579,25.7037037037037,6.04,107.389907413085,5.95166971959984,48,55,0.460984848484849,amplicon_count,native_integer
carlstrom_phyllosphere_2019,Leaf141,Leaf416,0,0,0.5003367003367,0,0,0,0.481144781144781,0,0,0,0.49023569023569,0,0,0,0,0.49023569023569,0,0,-0.316004346576506,0.316004346576506,0.981818181818182,1,0.5625,0.708333333333333,0.5625,0.708333333333333,0.375,18,9,16,5,0.418604651162791,25.7037037037037,103.088235294118,107.389907413085,1707.97219170182,48,55,0.460984848484849,amplicon_count,native_integer
carlstrom_phyllosphere_2019,Leaf141,Leaf420,0,0,0.5003367003367,0,0,0,0.481144781144781,0,0,0,0.49023569023569,0,0,0,0,0.49023569023569,0,0,-0.180582309782126,0.180582309782126,0.878114478114478,0,0.5625,1,0.5625,1,0.5625,27,0,21,0,0.5625,25.7037037037037,336.333333333333,107.389907413085,355.254496763174,48,55,0.460984848484849,amplicon_count,native_integer
carlstrom_phyllosphere_2019,Leaf141,Leaf427,0,0,0.5003367003367,0,0,0,0.481144781144781,0,0,0,0.49023569023569,0,0,0,0,0.49023569023569,0,0,-0.0821749591479597,0.0821749591479597,0.553535353535354,0,0.5625,0.333333333333333,0.333333333333333,0.5625,0.145833333333333,7,20,9,12,0.194444444444444,25.7037037037037,10.0625,107.389907413085,23.5526628782873,48,55,0.460984848484849,amplicon_count,native_integer
carlstrom_phyllosphere_2019,Leaf141,Leaf443,0,0,0.5003367003367,0,0,0,0.481144781144781,0,0,0,0.49023569023569,0,0,0,0,0.49023569023569,0,0,0.0874061605498813,0.0874061605498813,0.586531986531987,0,0.5625,0.395833333333333,0.395833333333333,0.5625,0.291666666666667,14,13,5,16,0.4375,25.7037037037037,19.8421052631579,107.389907413085,80.271742197641,48,55,0.460984848484849,amplicon_count,native_integer
carlstrom_phyllosphere_2019,Leaf141,Leaf5,0,0,0.5003367003367,0,0,0,0.481144781144781,0,0,0,0.49023569023569,0,0,0,0,0.49023569023569,0,0,0.0771768059682487,0.0771768059682487,0.527272727272727,0,0.5625,0.0625,0.0625,0.5625,0.0208333333333333,1,26,2,19,0.0344827586206897,25.7037037037037,45.6666666666667,107.389907413085,86.4430812237925,48,55,0.460984848484849,amplicon_count,native_integer
carlstrom_phyllosphere_2019,Leaf141,Leaf68,0,0,0.5003367003367,0,0,0,0.481144781144781,0,0,0,0.49023569023569,0,0,0,0,0.49023569023569,0,0,0.216637593120142,0.216637593120142,0.931313131313131,0,0.5625,1,0.5625,1,0.5625,27,0,21,0,0.5625,25.7037037037037,941.958333333333,107.389907413085,348.901820091499,48,55,0.460984848484849,amplicon_count,native_integer
carlstrom_phyllosphere_2019,Leaf141,Leaf70,0,0,0.5003367003367,0,0,0,0.481144781144781,0,0,0,0.49023569023569,0,0,0,0,0.49023569023569,0,0,0.0115432454974052,0.0115432454974052,0.0774410774410774,0,0.5625,0.208333333333333,0.208333333333333,0.5625,0.145833333333333,7,20,3,18,0.233333333333333,25.7037037037037,17,107.389907413085,30.6498122653316,48,55,0.460984848484849,amplicon_count,native_integer
carlstrom_phyllosphere_2019,Leaf141,Leaf82,0,0,0.5003367003367,0,0,0,0.481144781144781,0,0,0,0.49023569023569,0,0,0,0,0.49023569023569,0,0,0.0226201761686572,0.0226201761686572,0.164983164983165,0,0.5625,0.8125,0.5625,0.8125,0.479166666666667,23,4,16,5,0.534883720930233,25.7037037037037,91.1282051282051,107.389907413085,240.533890491984,48,55,0.460984848484849,amplicon_count,native_integer
carlstrom_phyllosphere_2019,Leaf141,Leaf83,0,0,0.5003367003367,0,0.0269761779023459,0.0269761779023459,0.976430976430976,0,0,0,0.49023569023569,0,0,0,0,0.49023569023569,0,0,0.0867707458135387,0.0867707458135387,0.583164983164983,0,0.5625,0.6875,0.5625,0.6875,0.416666666666667,20,7,13,8,0.5,25.7037037037037,305.818181818182,107.389907413085,1571.80367849824,48,55,0.460984848484849,amplicon_count,native_integer
carlstrom_phyllosphere_2019,Leaf141,Leaf86,0,0,0.5003367003367,0,0,0,0.481144781144781,0,0,0,0.49023569023569,0,0,0,0,0.49023569023569,0,0,0.0304014704739896,0.0304014704739896,0.21952861952862,0,0.5625,0.895833333333333,0.5625,0.895833333333333,0.5,24,3,19,2,0.521739130434783,25.7037037037037,400.581395348837,107.389907413085,1334.10514776271,48,55,0.460984848484849,amplicon_count,native_integer
carlstrom_phyllosphere_2019,Leaf141,Leaf88,0,0,0.5003367003367,0,0,0,0.481144781144781,0,0,0,0.49023569023569,0,0,0,0,0.49023569023569,0,0,0.0490130312468652,0.0490130312468652,0.348821548821549,0,0.5625,0.3125,0.3125,0.5625,0.1875,9,18,6,15,0.272727272727273,25.7037037037037,84.2,107.389907413085,965.149492090767,48,55,0.460984848484849,amplicon_count,native_integer
carlstrom_phyllosphere_2019,Leaf141,Leaf90,0,0,0.5003367003367,0,0,0,0.481144781144781,0,0,0,0.49023569023569,0,0,0,0,0.49023569023569,0,0,-0.182991201157051,0.182991201157051,0.884848484848485,0,0.5625,0.791666666666667,0.5625,0.791666666666667,0.4375,21,6,17,4,0.477272727272727,25.7037037037037,292.342105263158,107.389907413085,1496.93020035509,48,55,0.460984848484849,amplicon_count,native_integer
carlstrom_phyllosphere_2019,Leaf145,Leaf160,0,0,0.5003367003367,0,0,0,0.481144781144781,0,0,0,0.49023569023569,0,0,0,0,0.49023569023569,0,0,0.191560364592337,0.191560364592337,0.898316498316498,0,1,0.1875,0.1875,1,0.1875,9,39,0,0,0.1875,551.395833333333,68.5555555555556,2813.24081855446,371.092485947791,48,55,0.460984848484849,amplicon_count,native_integer
carlstrom_phyllosphere_2019,Leaf145,Leaf176,0,0,0.5003367003367,0,0,0,0.481144781144781,0,0,0,0.49023569023569,0,0,0,0,0.49023569023569,0,0,0.143526536413425,0.143526536413425,0.794612794612795,0,1,0.479166666666667,0.479166666666667,1,0.479166666666667,23,25,0,0,0.479166666666667,551.395833333333,2.43478260869565,2813.24081855446,2.12765957446809,48,55,0.460984848484849,amplicon_count,native_integer
carlstrom_phyllosphere_2019,Leaf145,Leaf177,0,0,0.5003367003367,0,0,0,0.481144781144781,0,0,0,0.49023569023569,0,0.1,0,0,0.49023569023569,0,0.15,0.242696651182641,0.242696651182641,0.946127946127946,0,1,1,1,1,1,48,0,0,0,1,551.395833333333,311.958333333333,2813.24081855446,1126.90703602557,48,55,0.460984848484849,amplicon_count,native_integer
carlstrom_phyllosphere_2019,Leaf145,Leaf183,0,0,0.5003367003367,0,0,0,0.481144781144781,0,0,0,0.49023569023569,0,0.3,0.0390288925952817,0.0390288925952817,0.989225589225589,1,0.75,0.358087676424927,0.358087676424927,0.989225589225589,1,1,0.708333333333333,0.708333333333333,1,0.708333333333333,34,14,0,0,0.708333333333333,551.395833333333,8,2813.24081855446,16.4705882352941,48,55,0.460984848484849,amplicon_count,native_integer
carlstrom_phyllosphere_2019,Leaf145,Leaf187,0,0,0.5003367003367,0,0,0,0.481144781144781,0,0,0,0.49023569023569,0,0,0,0,0.49023569023569,0,0,-0.0705132468555047,0.0705132468555047,0.491582491582492,0,1,0.145833333333333,0.145833333333333,1,0.145833333333333,7,41,0,0,0.145833333333333,551.395833333333,31.5714285714286,2813.24081855446,180.897564263021,48,55,0.460984848484849,amplicon_count,native_integer
carlstrom_phyllosphere_2019,Leaf145,Leaf189,0,0,0.5003367003367,0,0,0,0.481144781144781,0,0,0,0.49023569023569,0,0,0,0,0.49023569023569,0,0.1,0.0967113635058227,0.0967113635058227,0.638383838383838,0,1,0.4375,0.4375,1,0.4375,21,27,0,0,0.4375,551.395833333333,4.28571428571429,2813.24081855446,6.95886524822695,48,55,0.460984848484849,amplicon_count,native_integer
carlstrom_phyllosphere_2019,Leaf145,Leaf2,0,0,0.5003367003367,0,0,0,0.481144781144781,0,0,0,0.49023569023569,0,0,0,0,0.49023569023569,0,0,0.0741189911432168,0.0741189911432168,0.509090909090909,0,1,0.520833333333333,0.520833333333333,1,0.520833333333333,25,23,0,0,0.520833333333333,551.395833333333,11.84,2813.24081855446,26.2242668200115,48,55,0.460984848484849,amplicon_count,native_integer
carlstrom_phyllosphere_2019,Leaf145,Leaf202,0,0,0.5003367003367,0,0,0,0.481144781144781,0,0,0,0.49023569023569,0,0,0,0,0.49023569023569,0,0,-0.17160586392027,0.17160586392027,0.856565656565657,0,1,1,1,1,1,48,0,0,0,1,551.395833333333,948.583333333333,2813.24081855446,348.703505227093,48,55,0.460984848484849,amplicon_count,native_integer
carlstrom_phyllosphere_2019,Leaf145,Leaf203,0,0,0.5003367003367,0,0,0,0.481144781144781,0,0,0,0.49023569023569,0,0,0,0,0.49023569023569,0,0,0.0274339754743045,0.0274339754743045,0.197979797979798,0,1,1,1,1,1,48,0,0,0,1,551.395833333333,1084.5,2813.24081855446,860.618894872625,48,55,0.460984848484849,amplicon_count,native_integer
carlstrom_phyllosphere_2019,Leaf145,Leaf220,0,0,0.5003367003367,0,0,0,0.481144781144781,0,0,0,0.49023569023569,0,0,0,0,0.49023569023569,0,0,-0.094330339579406,0.094330339579406,0.624242424242424,0,1,0.0833333333333333,0.0833333333333333,1,0.0833333333333333,4,44,0,0,0.0833333333333333,551.395833333333,1.5,2813.24081855446,1.91489361702128,48,55,0.460984848484849,amplicon_count,native_integer
carlstrom_phyllosphere_2019,Leaf145,Leaf222,0,0,0.5003367003367,0,0,0,0.481144781144781,0,0,0,0.49023569023569,0,0,0,0,0.49023569023569,0,0,0.0965917453380352,0.0965917453380352,0.637037037037037,0,1,0.0625,0.0625,1,0.0625,3,45,0,0,0.0625,551.395833333333,5,2813.24081855446,5.74042553191489,48,55,0.460984848484849,amplicon_count,native_integer
carlstrom_phyllosphere_2019,Leaf145,Leaf225,0,0,0.5003367003367,0,0,0,0.481144781144781,0,0,0,0.49023569023569,0,0,0,0,0.49023569023569,0,0,0.0470610138645122,0.0470610138645122,0.334006734006734,0,1,0.208333333333333,0.208333333333333,1,0.208333333333333,10,38,0,0,0.208333333333333,551.395833333333,4,2813.24081855446,10.9957446808511,48,55,0.460984848484849,amplicon_count,native_integer
carlstrom_phyllosphere_2019,Leaf145,Leaf231,0,0,0.5003367003367,0,0,0,0.481144781144781,0,0,0,0.49023569023569,0,0,0,0,0.49023569023569,0,0,-0.0201626734548629,0.0201626734548629,0.144781144781145,0,1,0.9375,0.9375,1,0.9375,45,3,0,0,0.9375,551.395833333333,297.933333333333,2813.24081855446,297.978171136386,48,55,0.460984848484849,amplicon_count,native_integer
carlstrom_phyllosphere_2019,Leaf145,Leaf233,0,0,0.5003367003367,0,0,0,0.481144781144781,0,0,0,0.49023569023569,0,0,0,0,0.49023569023569,0,0,-0.117971874709913,0.117971874709913,0.727272727272727,0,1,1,1,1,1,48,0,0,0,1,551.395833333333,501.791666666667,2813.24081855446,1557.43476302116,48,55,0.460984848484849,amplicon_count,native_integer
carlstrom_phyllosphere_2019,Leaf145,Leaf234,0,0,0.5003367003367,0,0,0,0.481144781144781,0,0,0,0.49023569023569,0,0,0,0,0.49023569023569,0,0,-0.0780666036042415,0.0780666036042415,0.531986531986532,0,1,0.145833333333333,0.145833333333333,1,0.145833333333333,7,41,0,0,0.145833333333333,551.395833333333,4.42857142857143,2813.24081855446,8.86135895676048,48,55,0.460984848484849,amplicon_count,native_integer
carlstrom_phyllosphere_2019,Leaf145,Leaf242,0,0,0.5003367003367,0,0,0,0.481144781144781,0,0,0,0.49023569023569,0,0,0,0,0.49023569023569,0,0,0.3029445135069,0.3029445135069,0.979124579124579,1,1,0.708333333333333,0.708333333333333,1,0.708333333333333,34,14,0,0,0.708333333333333,551.395833333333,66.7941176470588,2813.24081855446,216.737429382501,48,55,0.460984848484849,amplicon_count,native_integer
carlstrom_phyllosphere_2019,Leaf145,Leaf26,0,0,0.5003367003367,0,0,0,0.481144781144781,0,0,0,0.49023569023569,0,0,0,0,0.49023569023569,0,0,-0.0972962413592163,0.0972962413592163,0.64040404040404,0,1,0.833333333333333,0.833333333333333,1,0.833333333333333,40,8,0,0,0.833333333333333,551.395833333333,137.2,2813.24081855446,459.115315427083,48,55,0.460984848484849,amplicon_count,native_integer
carlstrom_phyllosphere_2019,Leaf145,Leaf262,0,0,0.5003367003367,0,0,0,0.481144781144781,0,0,0,0.49023569023569,0,0,0,0,0.49023569023569,0,0,-0.0459843924052332,0.0459843924052332,0.327946127946128,0,1,0.958333333333333,0.958333333333333,1,0.958333333333333,46,2,0,0,0.958333333333333,551.395833333333,363.369565217391,2813.24081855446,1068.25302664825,48,55,0.460984848484849,amplicon_count,native_integer
carlstrom_phyllosphere_2019,Leaf145,Leaf263,0,0,0.5003367003367,0,0,0,0.481144781144781,0,0,0,0.49023569023569,0,0,0,0,0.49023569023569,0,0.15,0.110618555704761,0.110618555704761,0.696969696969697,0,1,0.145833333333333,0.145833333333333,1,0.145833333333333,7,41,0,0,0.145833333333333,551.395833333333,3,2813.24081855446,8.35562310030395,48,55,0.460984848484849,amplicon_count,native_integer
carlstrom_phyllosphere_2019,Leaf145,Leaf265,0,0,0.5003367003367,0,0,0,0.481144781144781,0,0,0,0.49023569023569,0,0,0,0,0.49023569023569,0,0,-0.109630546402588,0.109630546402588,0.694276094276094,0,1,0.708333333333333,0.708333333333333,1,0.708333333333333,34,14,0,0,0.708333333333333,551.395833333333,136.529411764706,2813.24081855446,386.282783466408,48,55,0.460984848484849,amplicon_count,native_integer
carlstrom_phyllosphere_2019,Leaf145,Leaf281,0,0,0.5003367003367,0,0,0,0.481144781144781,0,0,0,0.49023569023569,0,0,0,0,0.49023569023569,0,0,-0.0943047324829721,0.0943047324829721,0.623569023569024,0,1,0.541666666666667,0.541666666666667,1,0.541666666666667,26,22,0,0,0.541666666666667,551.395833333333,17.0384615384615,2813.24081855446,95.0328514480573,48,55,0.460984848484849,amplicon_count,native_integer
carlstrom_phyllosphere_2019,Leaf145,Leaf285,0,0,0.5003367003367,0,0,0,0.481144781144781,0,0,0,0.49023569023569,0,0,0,0,0.49023569023569,0,0,-0.0573987976413073,0.0573987976413073,0.410774410774411,0,1,0.625,0.625,1,0.625,30,18,0,0,0.625,551.395833333333,101.233333333333,2813.24081855446,506.741332081632,48,55,0.460984848484849,amplicon_count,native_integer
carlstrom_phyllosphere_2019,Leaf145,Leaf288,0,0,0.5003367003367,0,0,0,0.481144781144781,0,0,0,0.49023569023569,0,0,0,0,0.49023569023569,0,0,0.210823126632613,0.210823126632613,0.925925925925926,0,1,0.25,0.25,1,0.25,12,36,0,0,0.25,551.395833333333,26.75,2813.24081855446,144.697753032412,48,55,0.460984848484849,amplicon_count,native_integer
carlstrom_phyllosphere_2019,Leaf145,Leaf3,0,0,0.5003367003367,0,0,0,0.481144781144781,0,0,0,0.49023569023569,0,0,0,0,0.49023569023569,0,0,-0.0788810683911269,0.0788810683911269,0.538047138047138,0,1,0.541666666666667,0.541666666666667,1,0.541666666666667,26,22,0,0,0.541666666666667,551.395833333333,17.6923076923077,2813.24081855446,106.65605920444,48,55,0.460984848484849,amplicon_count,native_integer
carlstrom_phyllosphere_2019,Leaf145,Leaf324,0,0,0.5003367003367,0,0,0,0.481144781144781,0,0,0,0.49023569023569,0,0,0,0,0.49023569023569,0,0,-0.123351653021581,0.123351653021581,0.743434343434343,0,1,0.458333333333333,0.458333333333333,1,0.458333333333333,22,26,0,0,0.458333333333333,551.395833333333,35.8181818181818,2813.24081855446,99.4392482989524,48,55,0.460984848484849,amplicon_count,native_integer
carlstrom_phyllosphere_2019,Leaf145,Leaf33,0,0,0.5003367003367,0,0,0,0.481144781144781,0,0,0,0.49023569023569,0,0,0,0,0.49023569023569,0,0.1,0.146301984142892,0.146301984142892,0.802693602693603,0,1,0.354166666666667,0.354166666666667,1,0.354166666666667,17,31,0,0,0.354166666666667,551.395833333333,100.588235294118,2813.24081855446,225.172527062337,48,55,0.460984848484849,amplicon_count,native_integer
carlstrom_phyllosphere_2019,Leaf145,Leaf334,0,0,0.5003367003367,0,0,0,0.481144781144781,0,0,0,0.49023569023569,0,0,0,0,0.49023569023569,0,0,0.0657660964545088,0.0657660964545088,0.463299663299663,0,1,0.1875,0.1875,1,0.1875,9,39,0,0,0.1875,551.395833333333,5.55555555555556,2813.24081855446,22.2212765957447,48,55,0.460984848484849,amplicon_count,native_integer
carlstrom_phyllosphere_2019,Leaf145,Leaf336,0,0,0.5003367003367,0,0,0,0.481144781144781,0,0,0,0.49023569023569,0,0.05,0,0,0.49023569023569,0,0.15,0.302568434498634,0.302568434498634,0.978451178451179,1,1,0.958333333333333,0.958333333333333,1,0.958333333333333,46,2,0,0,0.958333333333333,551.395833333333,14.195652173913,2813.24081855446,30.2871525854485,48,55,0.460984848484849,amplicon_count,native_integer
carlstrom_phyllosphere_2019,Leaf145,Leaf337,0,0,0.5003367003367,0,0,0,0.481144781144781,0,0,0,0.49023569023569,0,0,0,0,0.49023569023569,0,0,0.057878122393173,0.057878122393173,0.413468013468014,0,1,0.208333333333333,0.208333333333333,1,0.208333333333333,10,38,0,0,0.208333333333333,551.395833333333,1.5,2813.24081855446,1.79148936170213,48,55,0.460984848484849,amplicon_count,native_integer
carlstrom_phyllosphere_2019,Leaf145,Leaf344,0,0,0.5003367003367,0,0,0,0.481144781144781,0,0,0,0.49023569023569,0,0,0,0,0.49023569023569,0,0,0.0194633340543703,0.0194633340543703,0.138720538720539,0,1,0.479166666666667,0.479166666666667,1,0.479166666666667,23,25,0,0,0.479166666666667,551.395833333333,33.1739130434783,2813.24081855446,70.1006385767268,48,55,0.460984848484849,amplicon_count,native_integer
carlstrom_phyllosphere_2019,Leaf145,Leaf351,0,0,0.5003367003367,0,0,0,0.481144781144781,0,0,0,0.49023569023569,0,0,0,0,0.49023569023569,0,0,0.113033681659118,0.113033681659118,0.708417508417508,0,1,0.145833333333333,0.145833333333333,1,0.145833333333333,7,41,0,0,0.145833333333333,551.395833333333,4.14285714285714,2813.24081855446,12.9413059427733,48,55,0.460984848484849,amplicon_count,native_integer
carlstrom_phyllosphere_2019,Leaf145,Leaf354,0,0,0.5003367003367,0,0,0,0.481144781144781,0,0,0,0.49023569023569,0,0,0,0,0.49023569023569,0,0.05,0.173392560016096,0.173392560016096,0.863299663299663,0,1,0.875,0.875,1,0.875,42,6,0,0,0.875,551.395833333333,17.952380952381,2813.24081855446,84.8687849201423,48,55,0.460984848484849,amplicon_count,native_integer
carlstrom_phyllosphere_2019,Leaf145,Leaf357,0,0,0.5003367003367,0,0,0,0.481144781144781,0,0,0,0.49023569023569,0,0,0,0,0.49023569023569,0,0,-0.0331260172881639,0.0331260172881639,0.235690235690236,0,1,0.4375,0.4375,1,0.4375,21,27,0,0,0.4375,551.395833333333,7.19047619047619,2813.24081855446,9.76623925602367,48,55,0.460984848484849,amplicon_count,native_integer
carlstrom_phyllosphere_2019,Leaf145,Leaf359,0,0,0.5003367003367,0,0,0,0.481144781144781,0,0,0,0.49023569023569,0,0,0,0,0.49023569023569,0,0,0.0378373534476526,0.0378373534476526,0.274747474747475,0,1,0.0416666666666667,0.0416666666666667,1,0.0416666666666667,2,46,0,0,0.0416666666666667,551.395833333333,1.5,2813.24081855446,1.63829787234043,48,55,0.460984848484849,amplicon_count,native_integer
carlstrom_phyllosphere_2019,Leaf145,Leaf363,0,0,0.5003367003367,0,0,0,0.481144781144781,0,0,0,0.49023569023569,0,0,0,0,0.49023569023569,0,0,-0.0327966764419175,0.0327966764419175,0.234343434343434,0,1,0.291666666666667,0.291666666666667,1,0.291666666666667,14,34,0,0,0.291666666666667,551.395833333333,23.9285714285714,2813.24081855446,39.4577961257542,48,55,0.460984848484849,amplicon_count,native_integer
carlstrom_phyllosphere_2019,Leaf145,Leaf371,0,0,0.5003367003367,0,0,0,0.481144781144781,0,0,0,0.49023569023569,0,0,0,0,0.49023569023569,0,0,0.0361743033671911,0.0361743033671911,0.257912457912458,0,1,0.25,0.25,1,0.25,12,36,0,0,0.25,551.395833333333,46.9166666666667,2813.24081855446,104.532066059484,48,55,0.460984848484849,amplicon_count,native_integer
carlstrom_phyllosphere_2019,Leaf145,Leaf380,0,0,0.5003367003367,0,0,0,0.481144781144781,0,0,0,0.49023569023569,0,0,0,0,0.49023569023569,0,0,0.198464907368894,0.198464907368894,0.911111111111111,0,1,0.395833333333333,0.395833333333333,1,0.395833333333333,19,29,0,0,0.395833333333333,551.395833333333,70.421052631579,2813.24081855446,644.908882740197,48,55,0.460984848484849,amplicon_count,native_integer
carlstrom_phyllosphere_2019,Leaf145,Leaf391,0,0,0.5003367003367,0,0,0,0.481144781144781,0,0,0,0.49023569023569,0,0,0,0,0.49023569023569,0,0,-0.243044950947771,0.243044950947771,0.947474747474747,0,1,0.8125,0.8125,1,0.8125,39,9,0,0,0.8125,551.395833333333,121.897435897436,2813.24081855446,266.843616573725,48,55,0.460984848484849,amplicon_count,native_integer
carlstrom_phyllosphere_2019,Leaf145,Leaf396,0,0,0.5003367003367,0,0,0,0.481144781144781,0,0,0,0.49023569023569,0,0,0,0,0.49023569023569,0,0,0.132026928340971,0.132026928340971,0.771043771043771,0,1,0.375,0.375,1,0.375,18,30,0,0,0.375,551.395833333333,3.11111111111111,2813.24081855446,5.95744680851064,48,55,0.460984848484849,amplicon_count,native_integer
carlstrom_phyllosphere_2019,Leaf145,Leaf405,0,0,0.5003367003367,0,0,0,0.481144781144781,0,0,0,0.49023569023569,0,0,0,0,0.49023569023569,0,0,-0.178886441327068,0.178886441327068,0.873400673400673,0,1,0.854166666666667,0.854166666666667,1,0.854166666666667,41,7,0,0,0.854166666666667,551.395833333333,479.731707317073,2813.24081855446,1289.73232854811,48,55,0.460984848484849,amplicon_count,native_integer
carlstrom_phyllosphere_2019,Leaf145,Leaf41,0,0,0.5003367003367,0,0,0,0.481144781144781,0,0,0,0.49023569023569,0,0,0,0,0.49023569023569,0,0,-0.187897661865751,0.187897661865751,0.894276094276094,0,1,0.520833333333333,0.520833333333333,1,0.520833333333333,25,23,0,0,0.520833333333333,551.395833333333,6.04,2813.24081855446,5.95166971959984,48,55,0.460984848484849,amplicon_count,native_integer
carlstrom_phyllosphere_2019,Leaf145,Leaf416,0,0,0.5003367003367,0,0,0,0.481144781144781,0,0,0,0.49023569023569,0,0,0,0,0.49023569023569,0,0,-0.0165497365861409,0.0165497365861409,0.113131313131313,0,1,0.708333333333333,0.708333333333333,1,0.708333333333333,34,14,0,0,0.708333333333333,551.395833333333,103.088235294118,2813.24081855446,1707.97219170182,48,55,0.460984848484849,amplicon_count,native_integer
carlstrom_phyllosphere_2019,Leaf145,Leaf420,0,0,0.5003367003367,0,0,0,0.481144781144781,0,0,0,0.49023569023569,0,0,0,0,0.49023569023569,0,0,-0.280698987031018,0.280698987031018,0.972390572390572,0,1,1,1,1,1,48,0,0,0,1,551.395833333333,336.333333333333,2813.24081855446,355.254496763174,48,55,0.460984848484849,amplicon_count,native_integer
carlstrom_phyllosphere_2019,Leaf145,Leaf427,0,0,0.5003367003367,0,0,0,0.481144781144781,0,0,0,0.49023569023569,0,0,0,0,0.49023569023569,0,0,-0.0809288973335768,0.0809288973335768,0.545454545454545,0,1,0.333333333333333,0.333333333333333,1,0.333333333333333,16,32,0,0,0.333333333333333,551.395833333333,10.0625,2813.24081855446,23.5526628782873,48,55,0.460984848484849,amplicon_count,native_integer
carlstrom_phyllosphere_2019,Leaf145,Leaf443,0,0,0.5003367003367,0,0,0,0.481144781144781,0,0,0,0.49023569023569,0,0,0,0,0.49023569023569,0,0,-0.0695816898550656,0.0695816898550656,0.487542087542088,0,1,0.395833333333333,0.395833333333333,1,0.395833333333333,19,29,0,0,0.395833333333333,551.395833333333,19.8421052631579,2813.24081855446,80.271742197641,48,55,0.460984848484849,amplicon_count,native_integer
carlstrom_phyllosphere_2019,Leaf145,Leaf5,0,0,0.5003367003367,0,0,0,0.481144781144781,0,0,0,0.49023569023569,0,0,0,0,0.49023569023569,0,0,0.129741156837857,0.129741156837857,0.765656565656566,0,1,0.0625,0.0625,1,0.0625,3,45,0,0,0.0625,551.395833333333,45.6666666666667,2813.24081855446,86.4430812237925,48,55,0.460984848484849,amplicon_count,native_integer
carlstrom_phyllosphere_2019,Leaf145,Leaf68,0,0,0.5003367003367,0,0,0,0.481144781144781,0,0,0,0.49023569023569,0,0,0,0,0.49023569023569,0,0,-0.164595980172698,0.164595980172698,0.838383838383838,0,1,1,1,1,1,48,0,0,0,1,551.395833333333,941.958333333333,2813.24081855446,348.901820091499,48,55,0.460984848484849,amplicon_count,native_integer
carlstrom_phyllosphere_2019,Leaf145,Leaf70,0,0,0.5003367003367,0,0,0,0.481144781144781,0,0,0,0.49023569023569,0,0,0,0,0.49023569023569,0,0,-0.102398052351037,0.102398052351037,0.665319865319865,0,1,0.208333333333333,0.208333333333333,1,0.208333333333333,10,38,0,0,0.208333333333333,551.395833333333,17,2813.24081855446,30.6498122653316,48,55,0.460984848484849,amplicon_count,native_integer
carlstrom_phyllosphere_2019,Leaf145,Leaf82,0,0,0.5003367003367,0,0,0,0.481144781144781,0,0,0,0.49023569023569,0,0,0,0,0.49023569023569,0,0,0.125959137714826,0.125959137714826,0.752861952861953,0,1,0.8125,0.8125,1,0.8125,39,9,0,0,0.8125,551.395833333333,91.1282051282051,2813.24081855446,240.533890491984,48,55,0.460984848484849,amplicon_count,native_integer
carlstrom_phyllosphere_2019,Leaf145,Leaf83,0,0,0.5003367003367,0,-0.0492876482775242,0.0492876482775242,0.98047138047138,0,0,0,0.49023569023569,0,0.2,0,0,0.49023569023569,0,0.15,-0.372080521614685,0.372080521614685,0.991919191919192,1,1,0.6875,0.6875,1,0.6875,33,15,0,0,0.6875,551.395833333333,305.818181818182,2813.24081855446,1571.80367849824,48,55,0.460984848484849,amplicon_count,native_integer
carlstrom_phyllosphere_2019,Leaf145,Leaf86,0,0,0.5003367003367,0,0,0,0.481144781144781,0,0,0,0.49023569023569,0,0,0,0,0.49023569023569,0,0,-0.0737566500308005,0.0737566500308005,0.507070707070707,0,1,0.895833333333333,0.895833333333333,1,0.895833333333333,43,5,0,0,0.895833333333333,551.395833333333,400.581395348837,2813.24081855446,1334.10514776271,48,55,0.460984848484849,amplicon_count,native_integer
carlstrom_phyllosphere_2019,Leaf145,Leaf88,0,0,0.5003367003367,0,0,0,0.481144781144781,0,0,0,0.49023569023569,0,0,0,0,0.49023569023569,0,0,0.170491265844325,0.170491265844325,0.852525252525253,0,1,0.3125,0.3125,1,0.3125,15,33,0,0,0.3125,551.395833333333,84.2,2813.24081855446,965.149492090767,48,55,0.460984848484849,amplicon_count,native_integer
carlstrom_phyllosphere_2019,Leaf145,Leaf90,0,0,0.5003367003367,0,0,0,0.481144781144781,0,0,0,0.49023569023569,0,0,0,0,0.49023569023569,0,0.05,0.124467840310771,0.124467840310771,0.747474747474748,0,1,0.791666666666667,0.791666666666667,1,0.791666666666667,38,10,0,0,0.791666666666667,551.395833333333,292.342105263158,2813.24081855446,1496.93020035509,48,55,0.460984848484849,amplicon_count,native_integer
carlstrom_phyllosphere_2019,Leaf160,Leaf176,0,0,0.5003367003367,0,0,0,0.481144781144781,0,0,0,0.49023569023569,0,0,0,0,0.49023569023569,0,0,-0.018470031535269,0.018470031535269,0.129292929292929,0,0.1875,0.479166666666667,0.1875,0.479166666666667,0.0833333333333333,4,5,19,20,0.142857142857143,68.5555555555556,2.43478260869565,371.092485947791,2.12765957446809,48,55,0.460984848484849,amplicon_count,native_integer
carlstrom_phyllosphere_2019,Leaf160,Leaf177,0,0,0.5003367003367,0,0,0,0.481144781144781,0,0,0,0.49023569023569,0,0,0,0,0.49023569023569,0,0,-0.0463363366887446,0.0463363366887446,0.332659932659933,0,0.1875,1,0.1875,1,0.1875,9,0,39,0,0.1875,68.5555555555556,311.958333333333,371.092485947791,1126.90703602557,48,55,0.460984848484849,amplicon_count,native_integer
carlstrom_phyllosphere_2019,Leaf160,Leaf183,0,0,0.5003367003367,0,0,0,0.481144781144781,0,0,0,0.49023569023569,0,0,0,0,0.49023569023569,0,0,0.0858317744850906,0.0858317744850906,0.579124579124579,0,0.1875,0.708333333333333,0.1875,0.708333333333333,0.145833333333333,7,2,27,12,0.194444444444444,68.5555555555556,8,371.092485947791,16.4705882352941,48,55,0.460984848484849,amplicon_count,native_integer
carlstrom_phyllosphere_2019,Leaf160,Leaf187,0,0,0.5003367003367,0,0,0,0.481144781144781,0,0.101469631996141,0.101469631996141,0.995959595959596,1,0.9,0,0,0.49023569023569,0,0.05,0.297255482125318,0.297255482125318,0.976430976430976,0,0.1875,0.145833333333333,0.145833333333333,0.1875,0.0625,3,6,4,35,0.230769230769231,68.5555555555556,31.5714285714286,371.092485947791,180.897564263021,48,55,0.460984848484849,amplicon_count,native_integer
carlstrom_phyllosphere_2019,Leaf160,Leaf189,0,0,0.5003367003367,0,0,0,0.481144781144781,0,0,0,0.49023569023569,0,0,0,0,0.49023569023569,0,0,0.0834784150623688,0.0834784150623688,0.561616161616162,0,0.1875,0.4375,0.1875,0.4375,0.125,6,3,15,24,0.25,68.5555555555556,4.28571428571429,371.092485947791,6.95886524822695,48,55,0.460984848484849,amplicon_count,native_integer
carlstrom_phyllosphere_2019,Leaf160,Leaf2,0,0,0.5003367003367,0,0,0,0.481144781144781,0,0,0,0.49023569023569,0,0,0,0,0.49023569023569,0,0,-0.00753994116217692,0.00753994116217692,0.0451178451178451,0,0.1875,0.520833333333333,0.1875,0.520833333333333,0.104166666666667,5,4,20,19,0.172413793103448,68.5555555555556,11.84,371.092485947791,26.2242668200115,48,55,0.460984848484849,amplicon_count,native_integer
carlstrom_phyllosphere_2019,Leaf160,Leaf202,0,0,0.5003367003367,0,0,0,0.481144781144781,0,0,0,0.49023569023569,0,0,0,0,0.49023569023569,0,0,0.0186740539693136,0.0186740539693136,0.132659932659933,0,0.1875,1,0.1875,1,0.1875,9,0,39,0,0.1875,68.5555555555556,948.583333333333,371.092485947791,348.703505227093,48,55,0.460984848484849,amplicon_count,native_integer
carlstrom_phyllosphere_2019,Leaf160,Leaf203,0,0,0.5003367003367,0,0,0,0.481144781144781,0,0,0,0.49023569023569,0,0,0,0,0.49023569023569,0,0,0.0729681364293589,0.0729681364293589,0.501683501683502,0,0.1875,1,0.1875,1,0.1875,9,0,39,0,0.1875,68.5555555555556,1084.5,371.092485947791,860.618894872625,48,55,0.460984848484849,amplicon_count,native_integer
carlstrom_phyllosphere_2019,Leaf160,Leaf220,0,0,0.5003367003367,0,0,0,0.481144781144781,0,0,0,0.49023569023569,0,0,0,0,0.49023569023569,0,0,-0.0773642460758429,0.0773642460758429,0.527946127946128,0,0.1875,0.0833333333333333,0.0833333333333333,0.1875,0,0,9,4,35,0,68.5555555555556,1.5,371.092485947791,1.91489361702128,48,55,0.460984848484849,amplicon_count,native_integer
carlstrom_phyllosphere_2019,Leaf160,Leaf222,0,0,0.5003367003367,0,0,0,0.481144781144781,0,0,0,0.49023569023569,0,0,0,0,0.49023569023569,0,0,-0.0657509610308477,0.0657509610308477,0.461952861952862,0,0.1875,0.0625,0.0625,0.1875,0.0208333333333333,1,8,2,37,0.0909090909090909,68.5555555555556,5,371.092485947791,5.74042553191489,48,55,0.460984848484849,amplicon_count,native_integer
carlstrom_phyllosphere_2019,Leaf160,Leaf225,0,0,0.5003367003367,0,0,0,0.481144781144781,0,0,0,0.49023569023569,0,0,0,0,0.49023569023569,0,0,-0.074410547775776,0.074410547775776,0.510437710437711,0,0.1875,0.208333333333333,0.1875,0.208333333333333,0,0,9,10,29,0,68.5555555555556,4,371.092485947791,10.9957446808511,48,55,0.460984848484849,amplicon_count,native_integer
carlstrom_phyllosphere_2019,Leaf160,Leaf231,0,0,0.5003367003367,0,0,0,0.481144781144781,0,0,0,0.49023569023569,0,0,0,0,0.49023569023569,0,0,0.0580811059126758,0.0580811059126758,0.415488215488216,0,0.1875,0.9375,0.1875,0.9375,0.1875,9,0,36,3,0.2,68.5555555555556,297.933333333333,371.092485947791,297.978171136386,48,55,0.460984848484849,amplicon_count,native_integer
carlstrom_phyllosphere_2019,Leaf160,Leaf233,0,0,0.5003367003367,0,0,0,0.481144781144781,0,0,0,0.49023569023569,0,0,0,0,0.49023569023569,0,0,-0.0331618733582538,0.0331618733582538,0.236363636363636,0,0.1875,1,0.1875,1,0.1875,9,0,39,0,0.1875,68.5555555555556,501.791666666667,371.092485947791,1557.43476302116,48,55,0.460984848484849,amplicon_count,native_integer
carlstrom_phyllosphere_2019,Leaf160,Leaf234,0,0,0.5003367003367,0,0,0,0.481144781144781,0,0,0,0.49023569023569,0,0,0,0,0.49023569023569,0,0.05,-0.0568534617280001,0.0568534617280001,0.407407407407407,0,0.1875,0.145833333333333,0.145833333333333,0.1875,0.0208333333333333,1,8,6,33,0.0666666666666667,68.5555555555556,4.42857142857143,371.092485947791,8.86135895676048,48,55,0.460984848484849,amplicon_count,native_integer
carlstrom_phyllosphere_2019,Leaf160,Leaf242,0,0,0.5003367003367,0,0,0,0.481144781144781,0,0,0,0.49023569023569,0,0,0,0,0.49023569023569,0,0,-0.0490905929374192,0.0490905929374192,0.350841750841751,0,0.1875,0.708333333333333,0.1875,0.708333333333333,0.166666666666667,8,1,26,13,0.228571428571429,68.5555555555556,66.7941176470588,371.092485947791,216.737429382501,48,55,0.460984848484849,amplicon_count,native_integer
carlstrom_phyllosphere_2019,Leaf160,Leaf26,0,0,0.5003367003367,0,0,0,0.481144781144781,0,0,0,0.49023569023569,0,0,0,0,0.49023569023569,0,0,-0.137711377803372,0.137711377803372,0.781818181818182,0,0.1875,0.833333333333333,0.1875,0.833333333333333,0.145833333333333,7,2,33,6,0.166666666666667,68.5555555555556,137.2,371.092485947791,459.115315427083,48,55,0.460984848484849,amplicon_count,native_integer
carlstrom_phyllosphere_2019,Leaf160,Leaf262,0,0,0.5003367003367,0,0,0,0.481144781144781,0,0,0,0.49023569023569,0,0,0,0,0.49023569023569,0,0,-0.0378356248731456,0.0378356248731456,0.274074074074074,0,0.1875,0.958333333333333,0.1875,0.958333333333333,0.1875,9,0,37,2,0.195652173913043,68.5555555555556,363.369565217391,371.092485947791,1068.25302664825,48,55,0.460984848484849,amplicon_count,native_integer
carlstrom_phyllosphere_2019,Leaf160,Leaf263,0,0,0.5003367003367,0,0,0,0.481144781144781,0,0,0,0.49023569023569,0,0,0,0,0.49023569023569,0,0.1,-0.0732017963005503,0.0732017963005503,0.502356902356902,0,0.1875,0.145833333333333,0.145833333333333,0.1875,0.0208333333333333,1,8,6,33,0.0666666666666667,68.5555555555556,3,371.092485947791,8.35562310030395,48,55,0.460984848484849,amplicon_count,native_integer
carlstrom_phyllosphere_2019,Leaf160,Leaf265,0,0,0.5003367003367,0,0,0,0.481144781144781,0,0,0,0.49023569023569,0,0,0,0,0.49023569023569,0,0,0.049053218605097,0.049053218605097,0.34949494949495,0,0.1875,0.708333333333333,0.1875,0.708333333333333,0.166666666666667,8,1,26,13,0.228571428571429,68.5555555555556,136.529411764706,371.092485947791,386.282783466408,48,55,0.460984848484849,amplicon_count,native_integer
carlstrom_phyllosphere_2019,Leaf160,Leaf281,0,0,0.5003367003367,0,0,0,0.481144781144781,0,0,0,0.49023569023569,0,0,0,0,0.49023569023569,0,0,-0.102719499477071,0.102719499477071,0.665993265993266,0,0.1875,0.541666666666667,0.1875,0.541666666666667,0.0833333333333333,4,5,22,17,0.129032258064516,68.5555555555556,17.0384615384615,371.092485947791,95.0328514480573,48,55,0.460984848484849,amplicon_count,native_integer
carlstrom_phyllosphere_2019,Leaf160,Leaf285,0,0,0.5003367003367,0,0,0,0.481144781144781,0,0,0,0.49023569023569,0,0,0,0,0.49023569023569,0,0.05,-0.195503826988905,0.195503826988905,0.903703703703704,0,0.1875,0.625,0.1875,0.625,0.0833333333333333,4,5,26,13,0.114285714285714,68.5555555555556,101.233333333333,371.092485947791,506.741332081632,48,55,0.460984848484849,amplicon_count,native_integer
carlstrom_phyllosphere_2019,Leaf160,Leaf288,0,0,0.5003367003367,0,0,0,0.481144781144781,0,0,0,0.49023569023569,0,0,0,0,0.49023569023569,0,0,-0.0196427000864453,0.0196427000864453,0.141414141414141,0,0.1875,0.25,0.1875,0.25,0.0208333333333333,1,8,11,28,0.05,68.5555555555556,26.75,371.092485947791,144.697753032412,48,55,0.460984848484849,amplicon_count,native_integer
carlstrom_phyllosphere_2019,Leaf160,Leaf3,0,0,0.5003367003367,0,0,0,0.481144781144781,0,0,0,0.49023569023569,0,0,0,0,0.49023569023569,0,0.1,-0.0611158642046127,0.0611158642046127,0.437037037037037,0,0.1875,0.541666666666667,0.1875,0.541666666666667,0.0625,3,6,23,16,0.09375,68.5555555555556,17.6923076923077,371.092485947791,106.65605920444,48,55,0.460984848484849,amplicon_count,native_integer
carlstrom_phyllosphere_2019,Leaf160,Leaf324,0,0,0.5003367003367,0,0,0,0.481144781144781,0,0,0,0.49023569023569,0,0,0,0,0.49023569023569,0,0,-0.0373417413453692,0.0373417413453692,0.269360269360269,0,0.1875,0.458333333333333,0.1875,0.458333333333333,0.0833333333333333,4,5,18,21,0.148148148148148,68.5555555555556,35.8181818181818,371.092485947791,99.4392482989524,48,55,0.460984848484849,amplicon_count,native_integer
carlstrom_phyllosphere_2019,Leaf160,Leaf33,0,0,0.5003367003367,0,0,0,0.481144781144781,0,0,0,0.49023569023569,0,0,0,0,0.49023569023569,0,0.05,0.114410953988005,0.114410953988005,0.715151515151515,0,0.1875,0.354166666666667,0.1875,0.354166666666667,0.104166666666667,5,4,12,27,0.238095238095238,68.5555555555556,100.588235294118,371.092485947791,225.172527062337,48,55,0.460984848484849,amplicon_count,native_integer
carlstrom_phyllosphere_2019,Leaf160,Leaf334,0,0,0.5003367003367,0,0,0,0.481144781144781,0,0,0,0.49023569023569,0,0,0,0,0.49023569023569,0,0,-0.0493512718674648,0.0493512718674648,0.351515151515152,0,0.1875,0.1875,0.1875,0.1875,0.0416666666666667,2,7,7,32,0.125,68.5555555555556,5.55555555555556,371.092485947791,22.2212765957447,48,55,0.460984848484849,amplicon_count,native_integer
carlstrom_phyllosphere_2019,Leaf160,Leaf336,0,0,0.5003367003367,0,0,0,0.481144781144781,0,0,0,0.49023569023569,0,0,0,0,0.49023569023569,0,0,0.0204948146628682,0.0204948146628682,0.148148148148148,0,0.1875,0.958333333333333,0.1875,0.958333333333333,0.1875,9,0,37,2,0.195652173913043,68.5555555555556,14.195652173913,371.092485947791,30.2871525854485,48,55,0.460984848484849,amplicon_count,native_integer
carlstrom_phyllosphere_2019,Leaf160,Leaf337,0,0,0.5003367003367,0,0,0,0.481144781144781,0,0,0,0.49023569023569,0,0,0,0,0.49023569023569,0,0,-0.0171237177681108,0.0171237177681108,0.116498316498317,0,0.1875,0.208333333333333,0.1875,0.208333333333333,0.0416666666666667,2,7,8,31,0.117647058823529,68.5555555555556,1.5,371.092485947791,1.79148936170213,48,55,0.460984848484849,amplicon_count,native_integer
carlstrom_phyllosphere_2019,Leaf160,Leaf344,0,0,0.5003367003367,0,0,0,0.481144781144781,0,0,0,0.49023569023569,0,0,0,0,0.49023569023569,0,0,-0.0418339159974272,0.0418339159974272,0.3003367003367,0,0.1875,0.479166666666667,0.1875,0.479166666666667,0.104166666666667,5,4,18,21,0.185185185185185,68.5555555555556,33.1739130434783,371.092485947791,70.1006385767268,48,55,0.460984848484849,amplicon_count,native_integer
carlstrom_phyllosphere_2019,Leaf160,Leaf351,0,0,0.5003367003367,0,0,0,0.481144781144781,0,0,0,0.49023569023569,0,0,0,0,0.49023569023569,0,0,-0.0987479583150441,0.0987479583150441,0.651178451178451,0,0.1875,0.145833333333333,0.145833333333333,0.1875,0,0,9,7,32,0,68.5555555555556,4.14285714285714,371.092485947791,12.9413059427733,48,55,0.460984848484849,amplicon_count,native_integer
carlstrom_phyllosphere_2019,Leaf160,Leaf354,0,0,0.5003367003367,0,0,0,0.481144781144781,0,0,0,0.49023569023569,0,0,0,0,0.49023569023569,0,0,-0.0682017486257672,0.0682017486257672,0.481481481481482,0,0.1875,0.875,0.1875,0.875,0.125,6,3,36,3,0.133333333333333,68.5555555555556,17.952380952381,371.092485947791,84.8687849201423,48,55,0.460984848484849,amplicon_count,native_integer
carlstrom_phyllosphere_2019,Leaf160,Leaf357,0,0,0.5003367003367,0,0,0,0.481144781144781,0,0,0,0.49023569023569,0,0,0,0,0.49023569023569,0,0,-0.112053670469757,0.112053670469757,0.701010101010101,0,0.1875,0.4375,0.1875,0.4375,0.0625,3,6,18,21,0.111111111111111,68.5555555555556,7.19047619047619,371.092485947791,9.76623925602367,48,55,0.460984848484849,amplicon_count,native_integer
carlstrom_phyllosphere_2019,Leaf160,Leaf359,0,0,0.5003367003367,0,0,0,0.481144781144781,0,0,0,0.49023569023569,0,0,0,0,0.49023569023569,0,0,-0.0166630126564887,0.0166630126564887,0.113804713804714,0,0.1875,0.0416666666666667,0.0416666666666667,0.1875,0,0,9,2,37,0,68.5555555555556,1.5,371.092485947791,1.63829787234043,48,55,0.460984848484849,amplicon_count,native_integer
carlstrom_phyllosphere_2019,Leaf160,Leaf363,0,0,0.5003367003367,0,0,0,0.481144781144781,0,0,0,0.49023569023569,0,0,0,0,0.49023569023569,0,0.15,-0.0623118071181388,0.0623118071181388,0.444444444444444,0,0.1875,0.291666666666667,0.1875,0.291666666666667,0.0208333333333333,1,8,13,26,0.0454545454545455,68.5555555555556,23.9285714285714,371.092485947791,39.4577961257542,48,55,0.460984848484849,amplicon_count,native_integer
carlstrom_phyllosphere_2019,Leaf160,Leaf371,0,0,0.5003367003367,0,0,0,0.481144781144781,0,0,0,0.49023569023569,0,0.15,0,0,0.49023569023569,0,0.15,0.220379600629898,0.220379600629898,0.934680134680135,0,0.1875,0.25,0.1875,0.25,0.0833333333333333,4,5,8,31,0.235294117647059,68.5555555555556,46.9166666666667,371.092485947791,104.532066059484,48,55,0.460984848484849,amplicon_count,native_integer
carlstrom_phyllosphere_2019,Leaf160,Leaf380,0,0,0.5003367003367,0,0,0,0.481144781144781,0,0,0,0.49023569023569,0,0,0,0,0.49023569023569,0,0.2,-0.00547739723518,0.00547739723518,0.0303030303030303,0,0.1875,0.395833333333333,0.1875,0.395833333333333,0.125,6,3,13,26,0.272727272727273,68.5555555555556,70.421052631579,371.092485947791,644.908882740197,48,55,0.460984848484849,amplicon_count,native_integer
carlstrom_phyllosphere_2019,Leaf160,Leaf391,0,0,0.5003367003367,0,0,0,0.481144781144781,0,0,0,0.49023569023569,0,0,0,0,0.49023569023569,0,0,-0.0517463811636298,0.0517463811636298,0.371717171717172,0,0.1875,0.8125,0.1875,0.8125,0.125,6,3,33,6,0.142857142857143,68.5555555555556,121.897435897436,371.092485947791,266.843616573725,48,55,0.460984848484849,amplicon_count,native_integer
carlstrom_phyllosphere_2019,Leaf160,Leaf396,0,0,0.5003367003367,0,0,0,0.481144781144781,0,0,0,0.49023569023569,0,0,0,0,0.49023569023569,0,0,0.0423634037168019,0.0423634037168019,0.305050505050505,0,0.1875,0.375,0.1875,0.375,0.0833333333333333,4,5,14,25,0.173913043478261,68.5555555555556,3.11111111111111,371.092485947791,5.95744680851064,48,55,0.460984848484849,amplicon_count,native_integer
carlstrom_phyllosphere_2019,Leaf160,Leaf405,0,0,0.5003367003367,0,0,0,0.481144781144781,0,0,0,0.49023569023569,0,0,0,0,0.49023569023569,0,0,0.0993502613312558,0.0993502613312558,0.652525252525253,0,0.1875,0.854166666666667,0.1875,0.854166666666667,0.1875,9,0,32,7,0.219512195121951,68.5555555555556,479.731707317073,371.092485947791,1289.73232854811,48,55,0.460984848484849,amplicon_count,native_integer
carlstrom_phyllosphere_2019,Leaf160,Leaf41,0,0,0.5003367003367,0,0,0,0.481144781144781,0,0,0,0.49023569023569,0,0,0,0,0.49023569023569,0,0,-0.071877705220376,0.071877705220376,0.496969696969697,0,0.1875,0.520833333333333,0.1875,0.520833333333333,0.0833333333333333,4,5,21,18,0.133333333333333,68.5555555555556,6.04,371.092485947791,5.95166971959984,48,55,0.460984848484849,amplicon_count,native_integer
carlstrom_phyllosphere_2019,Leaf160,Leaf416,0,0,0.5003367003367,0,0,0,0.481144781144781,0,0,0,0.49023569023569,0,0,0,0,0.49023569023569,0,0,-0.0237695134970156,0.0237695134970156,0.174410774410774,0,0.1875,0.708333333333333,0.1875,0.708333333333333,0.125,6,3,28,11,0.162162162162162,68.5555555555556,103.088235294118,371.092485947791,1707.97219170182,48,55,0.460984848484849,amplicon_count,native_integer
carlstrom_phyllosphere_2019,Leaf160,Leaf420,0,0,0.5003367003367,0,0,0,0.481144781144781,0,0,0,0.49023569023569,0,0,0,0,0.49023569023569,0,0,-0.0553033420628738,0.0553033420628738,0.391919191919192,0,0.1875,1,0.1875,1,0.1875,9,0,39,0,0.1875,68.5555555555556,336.333333333333,371.092485947791,355.254496763174,48,55,0.460984848484849,amplicon_count,native_integer
carlstrom_phyllosphere_2019,Leaf160,Leaf427,0,0,0.5003367003367,0,0,0,0.481144781144781,0,0,0,0.49023569023569,0,0,0,0,0.49023569023569,0,0.05,-0.116914026754582,0.116914026754582,0.722558922558923,0,0.1875,0.333333333333333,0.1875,0.333333333333333,0.0416666666666667,2,7,14,25,0.0869565217391304,68.5555555555556,10.0625,371.092485947791,23.5526628782873,48,55,0.460984848484849,amplicon_count,native_integer
carlstrom_phyllosphere_2019,Leaf160,Leaf443,0,0,0.5003367003367,0,0,0,0.481144781144781,0,0,0,0.49023569023569,0,0,0,0,0.49023569023569,0,0.1,-0.098135341489138,0.098135341489138,0.645791245791246,0,0.1875,0.395833333333333,0.1875,0.395833333333333,0.0416666666666667,2,7,17,22,0.0769230769230769,68.5555555555556,19.8421052631579,371.092485947791,80.271742197641,48,55,0.460984848484849,amplicon_count,native_integer
carlstrom_phyllosphere_2019,Leaf160,Leaf5,0,0,0.5003367003367,0,0,0,0.481144781144781,0,0,0,0.49023569023569,0,0,0,0,0.49023569023569,0,0,-0.0266828693391902,0.0266828693391902,0.191919191919192,0,0.1875,0.0625,0.0625,0.1875,0,0,9,3,36,0,68.5555555555556,45.6666666666667,371.092485947791,86.4430812237925,48,55,0.460984848484849,amplicon_count,native_integer
carlstrom_phyllosphere_2019,Leaf160,Leaf68,0,0,0.5003367003367,0,0,0,0.481144781144781,0,0,0,0.49023569023569,0,0,0,0,0.49023569023569,0,0,0.0256453553072628,0.0256453553072628,0.186531986531987,0,0.1875,1,0.1875,1,0.1875,9,0,39,0,0.1875,68.5555555555556,941.958333333333,371.092485947791,348.901820091499,48,55,0.460984848484849,amplicon_count,native_integer
carlstrom_phyllosphere_2019,Leaf160,Leaf70,0,0,0.5003367003367,0,0,0,0.481144781144781,0,0,0,0.49023569023569,0,0,0,0,0.49023569023569,0,0.05,0.0545819853369885,0.0545819853369885,0.387878787878788,0,0.1875,0.208333333333333,0.1875,0.208333333333333,0.0416666666666667,2,7,8,31,0.117647058823529,68.5555555555556,17,371.092485947791,30.6498122653316,48,55,0.460984848484849,amplicon_count,native_integer
carlstrom_phyllosphere_2019,Leaf160,Leaf82,0,0,0.5003367003367,0,0,0,0.481144781144781,0,0,0,0.49023569023569,0,0,0,0,0.49023569023569,0,0,-0.0243613751496293,0.0243613751496293,0.179124579124579,0,0.1875,0.8125,0.1875,0.8125,0.145833333333333,7,2,32,7,0.170731707317073,68.5555555555556,91.1282051282051,371.092485947791,240.533890491984,48,55,0.460984848484849,amplicon_count,native_integer
carlstrom_phyllosphere_2019,Leaf160,Leaf83,0,0,0.5003367003367,0,0,0,0.481144781144781,0,0,0,0.49023569023569,0,0,0,0,0.49023569023569,0,0,0.20566653005595,0.20566653005595,0.921212121212121,0,0.1875,0.6875,0.1875,0.6875,0.145833333333333,7,2,26,13,0.2,68.5555555555556,305.818181818182,371.092485947791,1571.80367849824,48,55,0.460984848484849,amplicon_count,native_integer
carlstrom_phyllosphere_2019,Leaf160,Leaf86,0,0,0.5003367003367,0,0,0,0.481144781144781,0,0,0,0.49023569023569,0,0,0,0,0.49023569023569,0,0,0.0135813752725635,0.0135813752725635,0.0956228956228956,0,0.1875,0.895833333333333,0.1875,0.895833333333333,0.1875,9,0,34,5,0.209302325581395,68.5555555555556,400.581395348837,371.092485947791,1334.10514776271,48,55,0.460984848484849,amplicon_count,native_integer
carlstrom_phyllosphere_2019,Leaf160,Leaf88,0,0,0.5003367003367,0,0,0,0.481144781144781,0,0,0,0.49023569023569,0,0,0,0,0.49023569023569,0,0,0.104139351420223,0.104139351420223,0.672053872053872,0,0.1875,0.3125,0.1875,0.3125,0.0833333333333333,4,5,11,28,0.2,68.5555555555556,84.2,371.092485947791,965.149492090767,48,55,0.460984848484849,amplicon_count,native_integer
carlstrom_phyllosphere_2019,Leaf160,Leaf90,0,0,0.5003367003367,0,0,0,0.481144781144781,0,0,0,0.49023569023569,0,0,0,0,0.49023569023569,0,0,0.0439491597076867,0.0439491597076867,0.315151515151515,0,0.1875,0.791666666666667,0.1875,0.791666666666667,0.166666666666667,8,1,30,9,0.205128205128205,68.5555555555556,292.342105263158,371.092485947791,1496.93020035509,48,55,0.460984848484849,amplicon_count,native_integer
carlstrom_phyllosphere_2019,Leaf176,Leaf177,0,0,0.5003367003367,0,0,0,0.481144781144781,0,0,0,0.49023569023569,0,0,0,0,0.49023569023569,0,0,0.0253529848348399,0.0253529848348399,0.185858585858586,0,0.479166666666667,1,0.479166666666667,1,0.479166666666667,23,0,25,0,0.479166666666667,2.43478260869565,311.958333333333,2.12765957446809,1126.90703602557,48,55,0.460984848484849,amplicon_count,native_integer
carlstrom_phyllosphere_2019,Leaf176,Leaf183,0,0,0.5003367003367,0,0,0,0.481144781144781,0,0,0,0.49023569023569,0,0,0,0,0.49023569023569,0,0,-0.034660489670922,0.034660489670922,0.246464646464646,0,0.479166666666667,0.708333333333333,0.479166666666667,0.708333333333333,0.3125,15,8,19,6,0.357142857142857,2.43478260869565,8,2.12765957446809,16.4705882352941,48,55,0.460984848484849,amplicon_count,native_integer
carlstrom_phyllosphere_2019,Leaf176,Leaf187,0,0,0.5003367003367,0,0,0,0.481144781144781,0,0,0,0.49023569023569,0,0,0,0,0.49023569023569,0,0.05,0.0245058948916627,0.0245058948916627,0.18047138047138,0,0.479166666666667,0.145833333333333,0.145833333333333,0.479166666666667,0.0416666666666667,2,21,5,20,0.0714285714285714,2.43478260869565,31.5714285714286,2.12765957446809,180.897564263021,48,55,0.460984848484849,amplicon_count,native_integer
carlstrom_phyllosphere_2019,Leaf176,Leaf189,0,0,0.5003367003367,0,0,0,0.481144781144781,0,0,0,0.49023569023569,0,0,0,0,0.49023569023569,0,0,0.0737000153816531,0.0737000153816531,0.505723905723906,0,0.479166666666667,0.4375,0.4375,0.479166666666667,0.208333333333333,10,13,11,14,0.294117647058824,2.43478260869565,4.28571428571429,2.12765957446809,6.95886524822695,48,55,0.460984848484849,amplicon_count,native_integer
carlstrom_phyllosphere_2019,Leaf176,Leaf2,0,0,0.5003367003367,0,0,0,0.481144781144781,0,0,0,0.49023569023569,0,0,0,0,0.49023569023569,0,0.15,-0.196068140364636,0.196068140364636,0.904377104377104,0,0.479166666666667,0.520833333333333,0.479166666666667,0.520833333333333,0.166666666666667,8,15,17,8,0.2,2.43478260869565,11.84,2.12765957446809,26.2242668200115,48,55,0.460984848484849,amplicon_count,native_integer
carlstrom_phyllosphere_2019,Leaf176,Leaf202,0,0,0.5003367003367,0,0,0,0.481144781144781,0,0,0,0.49023569023569,0,0,0,0,0.49023569023569,0,0,0.150207804204377,0.150207804204377,0.814141414141414,0,0.479166666666667,1,0.479166666666667,1,0.479166666666667,23,0,25,0,0.479166666666667,2.43478260869565,948.583333333333,2.12765957446809,348.703505227093,48,55,0.460984848484849,amplicon_count,native_integer
carlstrom_phyllosphere_2019,Leaf176,Leaf203,0,0,0.5003367003367,0,0,0,0.481144781144781,0,0,0,0.49023569023569,0,0,0,0,0.49023569023569,0,0,0.0401518653044123,0.0401518653044123,0.290909090909091,0,0.479166666666667,1,0.479166666666667,1,0.479166666666667,23,0,25,0,0.479166666666667,2.43478260869565,1084.5,2.12765957446809,860.618894872625,48,55,0.460984848484849,amplicon_count,native_integer
carlstrom_phyllosphere_2019,Leaf176,Leaf220,0,0,0.5003367003367,0,0,0,0.481144781144781,0,0,0,0.49023569023569,0,0.15,0,0,0.49023569023569,0,0,0.0106740866662743,0.0106740866662743,0.0686868686868687,0,0.479166666666667,0.0833333333333333,0.0833333333333333,0.479166666666667,0.0208333333333333,1,22,3,22,0.0384615384615385,2.43478260869565,1.5,2.12765957446809,1.91489361702128,48,55,0.460984848484849,amplicon_count,native_integer
carlstrom_phyllosphere_2019,Leaf176,Leaf222,0,0,0.5003367003367,0,0,0,0.481144781144781,0,0,0,0.49023569023569,0,0.05,0,0,0.49023569023569,0,0,0.0335356523322534,0.0335356523322534,0.239057239057239,0,0.479166666666667,0.0625,0.0625,0.479166666666667,0.0208333333333333,1,22,2,23,0.04,2.43478260869565,5,2.12765957446809,5.74042553191489,48,55,0.460984848484849,amplicon_count,native_integer
carlstrom_phyllosphere_2019,Leaf176,Leaf225,0,0,0.5003367003367,0,0,0,0.481144781144781,0,0,0,0.49023569023569,0,0,0,0,0.49023569023569,0,0,-0.0471697604441443,0.0471697604441443,0.336026936026936,0,0.479166666666667,0.208333333333333,0.208333333333333,0.479166666666667,0.0625,3,20,7,18,0.1,2.43478260869565,4,2.12765957446809,10.9957446808511,48,55,0.460984848484849,amplicon_count,native_integer
carlstrom_phyllosphere_2019,Leaf176,Leaf231,0,0,0.5003367003367,0,0,0,0.481144781144781,0,0,0,0.49023569023569,0,0,0,0,0.49023569023569,0,0,0.0179721035846355,0.0179721035846355,0.123905723905724,0,0.479166666666667,0.9375,0.479166666666667,0.9375,0.4375,21,2,24,1,0.446808510638298,2.43478260869565,297.933333333333,2.12765957446809,297.978171136386,48,55,0.460984848484849,amplicon_count,native_integer
carlstrom_phyllosphere_2019,Leaf176,Leaf233,0,0,0.5003367003367,0,0,0,0.481144781144781,0,0,0,0.49023569023569,0,0,0,0,0.49023569023569,0,0,0.197215871115821,0.197215871115821,0.907744107744108,0,0.479166666666667,1,0.479166666666667,1,0.479166666666667,23,0,25,0,0.479166666666667,2.43478260869565,501.791666666667,2.12765957446809,1557.43476302116,48,55,0.460984848484849,amplicon_count,native_integer
carlstrom_phyllosphere_2019,Leaf176,Leaf234,0,0,0.5003367003367,0,0,0,0.481144781144781,0,0,0,0.49023569023569,0,0,0,0,0.49023569023569,0,0.05,-0.0587359084317535,0.0587359084317535,0.421548821548822,0,0.479166666666667,0.145833333333333,0.145833333333333,0.479166666666667,0.0416666666666667,2,21,5,20,0.0714285714285714,2.43478260869565,4.42857142857143,2.12765957446809,8.86135895676048,48,55,0.460984848484849,amplicon_count,native_integer
carlstrom_phyllosphere_2019,Leaf176,Leaf242,0,0,0.5003367003367,0,0,0,0.481144781144781,0,0,0,0.49023569023569,0,0,0,0,0.49023569023569,0,0,-0.0905857912880328,0.0905857912880328,0.604040404040404,0,0.479166666666667,0.708333333333333,0.479166666666667,0.708333333333333,0.3125,15,8,19,6,0.357142857142857,2.43478260869565,66.7941176470588,2.12765957446809,216.737429382501,48,55,0.460984848484849,amplicon_count,native_integer
carlstrom_phyllosphere_2019,Leaf176,Leaf26,0,0,0.5003367003367,0,0,0,0.481144781144781,0,0,0,0.49023569023569,0,0,0,0,0.49023569023569,0,0,-0.135314257111274,0.135314257111274,0.775757575757576,0,0.479166666666667,0.833333333333333,0.479166666666667,0.833333333333333,0.416666666666667,20,3,20,5,0.465116279069768,2.43478260869565,137.2,2.12765957446809,459.115315427083,48,55,0.460984848484849,amplicon_count,native_integer
carlstrom_phyllosphere_2019,Leaf176,Leaf262,0,0,0.5003367003367,0,0,0,0.481144781144781,0,0,0,0.49023569023569,0,0,0,0,0.49023569023569,0,0,-0.0525242435023163,0.0525242435023163,0.376430976430976,0,0.479166666666667,0.958333333333333,0.479166666666667,0.958333333333333,0.458333333333333,22,1,24,1,0.468085106382979,2.43478260869565,363.369565217391,2.12765957446809,1068.25302664825,48,55,0.460984848484849,amplicon_count,native_integer
carlstrom_phyllosphere_2019,Leaf176,Leaf263,0,0,0.5003367003367,0,0,0,0.481144781144781,0,0,0,0.49023569023569,0,0,0,0,0.49023569023569,0,0,-0.100334027090705,0.100334027090705,0.657912457912458,0,0.479166666666667,0.145833333333333,0.145833333333333,0.479166666666667,0.0625,3,20,4,21,0.111111111111111,2.43478260869565,3,2.12765957446809,8.35562310030395,48,55,0.460984848484849,amplicon_count,native_integer
carlstrom_phyllosphere_2019,Leaf176,Leaf265,0,0,0.5003367003367,0,0,0,0.481144781144781,0,0,0,0.49023569023569,0,0,0,0,0.49023569023569,0,0,0.00596265746781704,0.00596265746781704,0.0343434343434343,0,0.479166666666667,0.708333333333333,0.479166666666667,0.708333333333333,0.333333333333333,16,7,18,7,0.390243902439024,2.43478260869565,136.529411764706,2.12765957446809,386.282783466408,48,55,0.460984848484849,amplicon_count,native_integer
carlstrom_phyllosphere_2019,Leaf176,Leaf281,0,0,0.5003367003367,0,0,0,0.481144781144781,0,0,0,0.49023569023569,0,0,0,0,0.49023569023569,0,0,-0.108248270574148,0.108248270574148,0.687542087542088,0,0.479166666666667,0.541666666666667,0.479166666666667,0.541666666666667,0.291666666666667,14,9,12,13,0.4,2.43478260869565,17.0384615384615,2.12765957446809,95.0328514480573,48,55,0.460984848484849,amplicon_count,native_integer
carlstrom_phyllosphere_2019,Leaf176,Leaf285,0,0,0.5003367003367,0,0,0,0.481144781144781,0,0,0,0.49023569023569,0,0,0,0,0.49023569023569,0,0,-0.100863640310623,0.100863640310623,0.661952861952862,0,0.479166666666667,0.625,0.479166666666667,0.625,0.291666666666667,14,9,16,9,0.358974358974359,2.43478260869565,101.233333333333,2.12765957446809,506.741332081632,48,55,0.460984848484849,amplicon_count,native_integer
carlstrom_phyllosphere_2019,Leaf176,Leaf288,0,0,0.5003367003367,0,0,0,0.481144781144781,0,0,0,0.49023569023569,0,0,0,0,0.49023569023569,0,0.2,0.156522716818851,0.156522716818851,0.826936026936027,0,0.479166666666667,0.25,0.25,0.479166666666667,0.1875,9,14,3,22,0.346153846153846,2.43478260869565,26.75,2.12765957446809,144.697753032412,48,55,0.460984848484849,amplicon_count,native_integer
carlstrom_phyllosphere_2019,Leaf176,Leaf3,0,0,0.5003367003367,0,0,0,0.481144781144781,0,0,0,0.49023569023569,0,0,0,0,0.49023569023569,0,0,-0.0881804085045414,0.0881804085045414,0.591245791245791,0,0.479166666666667,0.541666666666667,0.479166666666667,0.541666666666667,0.229166666666667,11,12,15,10,0.289473684210526,2.43478260869565,17.6923076923077,2.12765957446809,106.65605920444,48,55,0.460984848484849,amplicon_count,native_integer
carlstrom_phyllosphere_2019,Leaf176,Leaf324,0,0,0.5003367003367,0,0,0,0.481144781144781,0,0,0,0.49023569023569,0,0,0,0,0.49023569023569,0,0,-0.107321388539353,0.107321388539353,0.686868686868687,0,0.479166666666667,0.458333333333333,0.458333333333333,0.479166666666667,0.1875,9,14,13,12,0.25,2.43478260869565,35.8181818181818,2.12765957446809,99.4392482989524,48,55,0.460984848484849,amplicon_count,native_integer
carlstrom_phyllosphere_2019,Leaf176,Leaf33,0,0,0.5003367003367,0,0,0,0.481144781144781,0,0,0,0.49023569023569,0,0,0,0,0.49023569023569,0,0,-0.0625028917502055,0.0625028917502055,0.447138047138047,0,0.479166666666667,0.354166666666667,0.354166666666667,0.479166666666667,0.104166666666667,5,18,12,13,0.142857142857143,2.43478260869565,100.588235294118,2.12765957446809,225.172527062337,48,55,0.460984848484849,amplicon_count,native_integer
carlstrom_phyllosphere_2019,Leaf176,Leaf334,0,0,0.5003367003367,0,0,0,0.481144781144781,0,0,0,0.49023569023569,0,0,0,0,0.49023569023569,0,0,-0.0385098348268521,0.0385098348268521,0.28013468013468,0,0.479166666666667,0.1875,0.1875,0.479166666666667,0.0625,3,20,6,19,0.103448275862069,2.43478260869565,5.55555555555556,2.12765957446809,22.2212765957447,48,55,0.460984848484849,amplicon_count,native_integer
carlstrom_phyllosphere_2019,Leaf176,Leaf336,0,0,0.5003367003367,0,0,0,0.481144781144781,0,0,0,0.49023569023569,0,0,0,0,0.49023569023569,0,0,0.00239531835064267,0.00239531835064267,0.0127946127946128,0,0.479166666666667,0.958333333333333,0.479166666666667,0.958333333333333,0.458333333333333,22,1,24,1,0.468085106382979,2.43478260869565,14.195652173913,2.12765957446809,30.2871525854485,48,55,0.460984848484849,amplicon_count,native_integer
carlstrom_phyllosphere_2019,Leaf176,Leaf337,0,0,0.5003367003367,0,0,0,0.481144781144781,0,0,0,0.49023569023569,0,0,0,0,0.49023569023569,0,0,0.109603470027605,0.109603470027605,0.693602693602694,0,0.479166666666667,0.208333333333333,0.208333333333333,0.479166666666667,0.104166666666667,5,18,5,20,0.178571428571429,2.43478260869565,1.5,2.12765957446809,1.79148936170213,48,55,0.460984848484849,amplicon_count,native_integer
carlstrom_phyllosphere_2019,Leaf176,Leaf344,0,0,0.5003367003367,0,0,0,0.481144781144781,0,0,0,0.49023569023569,0,0,0,0,0.49023569023569,0,0.3,0.24291349210829,0.24291349210829,0.946801346801347,0,0.479166666666667,0.479166666666667,0.479166666666667,0.479166666666667,0.333333333333333,16,7,7,18,0.533333333333333,2.43478260869565,33.1739130434783,2.12765957446809,70.1006385767268,48,55,0.460984848484849,amplicon_count,native_integer
carlstrom_phyllosphere_2019,Leaf176,Leaf351,0,0,0.5003367003367,0,0,0,0.481144781144781,0,0,0,0.49023569023569,0,0.05,0,0,0.49023569023569,0,0,0.103036626346017,0.103036626346017,0.667340067340067,0,0.479166666666667,0.145833333333333,0.145833333333333,0.479166666666667,0.0833333333333333,4,19,3,22,0.153846153846154,2.43478260869565,4.14285714285714,2.12765957446809,12.9413059427733,48,55,0.460984848484849,amplicon_count,native_integer
carlstrom_phyllosphere_2019,Leaf176,Leaf354,0,0,0.5003367003367,0,0,0,0.481144781144781,0,0,0,0.49023569023569,0,0,0,0,0.49023569023569,0,0,0.202681081273599,0.202681081273599,0.917845117845118,0,0.479166666666667,0.875,0.479166666666667,0.875,0.4375,21,2,21,4,0.477272727272727,2.43478260869565,17.952380952381,2.12765957446809,84.8687849201423,48,55,0.460984848484849,amplicon_count,native_integer
carlstrom_phyllosphere_2019,Leaf176,Leaf357,0,0,0.5003367003367,0,0,0,0.481144781144781,0,0,0,0.49023569023569,0,0,0,0,0.49023569023569,0,0,-0.0578940810402035,0.0578940810402035,0.414141414141414,0,0.479166666666667,0.4375,0.4375,0.479166666666667,0.208333333333333,10,13,11,14,0.294117647058824,2.43478260869565,7.19047619047619,2.12765957446809,9.76623925602367,48,55,0.460984848484849,amplicon_count,native_integer
carlstrom_phyllosphere_2019,Leaf176,Leaf359,0,0,0.5003367003367,0,0,0,0.481144781144781,0,0,0,0.49023569023569,0,0.05,0,0,0.49023569023569,0,0.1,0.0657263272577924,0.0657263272577924,0.460606060606061,0,0.479166666666667,0.0416666666666667,0.0416666666666667,0.479166666666667,0,0,23,2,23,0,2.43478260869565,1.5,2.12765957446809,1.63829787234043,48,55,0.460984848484849,amplicon_count,native_integer
carlstrom_phyllosphere_2019,Leaf176,Leaf363,0,0,0.5003367003367,0,0,0,0.481144781144781,0,0,0,0.49023569023569,0,0,0,0,0.49023569023569,0,0,0.0555910594352329,0.0555910594352329,0.393265993265993,0,0.479166666666667,0.291666666666667,0.291666666666667,0.479166666666667,0.145833333333333,7,16,7,18,0.233333333333333,2.43478260869565,23.9285714285714,2.12765957446809,39.4577961257542,48,55,0.460984848484849,amplicon_count,native_integer
carlstrom_phyllosphere_2019,Leaf176,Leaf371,0,0,0.5003367003367,0,0,0,0.481144781144781,0,0,0,0.49023569023569,0,0,0,0,0.49023569023569,0,0.05,-0.0196071940454877,0.0196071940454877,0.14006734006734,0,0.479166666666667,0.25,0.25,0.479166666666667,0.0625,3,20,9,16,0.09375,2.43478260869565,46.9166666666667,2.12765957446809,104.532066059484,48,55,0.460984848484849,amplicon_count,native_integer
carlstrom_phyllosphere_2019,Leaf176,Leaf380,0,0,0.5003367003367,0,0,0,0.481144781144781,0,0,0,0.49023569023569,0,0,0,0,0.49023569023569,0,0,0.0204881687272697,0.0204881687272697,0.147474747474748,0,0.479166666666667,0.395833333333333,0.395833333333333,0.479166666666667,0.166666666666667,8,15,11,14,0.235294117647059,2.43478260869565,70.421052631579,2.12765957446809,644.908882740197,48,55,0.460984848484849,amplicon_count,native_integer
carlstrom_phyllosphere_2019,Leaf176,Leaf391,0,0,0.5003367003367,0,0,0,0.481144781144781,0,0,0,0.49023569023569,0,0,0,0,0.49023569023569,0,0,-0.000696208254284747,0.000696208254284747,0.00538720538720539,0,0.479166666666667,0.8125,0.479166666666667,0.8125,0.375,18,5,21,4,0.409090909090909,2.43478260869565,121.897435897436,2.12765957446809,266.843616573725,48,55,0.460984848484849,amplicon_count,native_integer
carlstrom_phyllosphere_2019,Leaf176,Leaf396,0,0,0.5003367003367,0,0,0,0.481144781144781,0,0,0,0.49023569023569,0,0,0,0,0.49023569023569,0,0,0.0109766170076536,0.0109766170076536,0.0707070707070707,0,0.479166666666667,0.375,0.375,0.479166666666667,0.166666666666667,8,15,10,15,0.242424242424242,2.43478260869565,3.11111111111111,2.12765957446809,5.95744680851064,48,55,0.460984848484849,amplicon_count,native_integer
carlstrom_phyllosphere_2019,Leaf176,Leaf405,0,0,0.5003367003367,0,0,0,0.481144781144781,0,0,0,0.49023569023569,0,0,0,0,0.49023569023569,0,0,-0.156436555016958,0.156436555016958,0.826262626262626,0,0.479166666666667,0.854166666666667,0.479166666666667,0.854166666666667,0.395833333333333,19,4,22,3,0.422222222222222,2.43478260869565,479.731707317073,2.12765957446809,1289.73232854811,48,55,0.460984848484849,amplicon_count,native_integer
carlstrom_phyllosphere_2019,Leaf176,Leaf41,0,0,0.5003367003367,0,0,0,0.481144781144781,0,0,0,0.49023569023569,0,0,0,0,0.49023569023569,0,0,0.126953394537489,0.126953394537489,0.756902356902357,0,0.479166666666667,0.520833333333333,0.479166666666667,0.520833333333333,0.270833333333333,13,10,12,13,0.371428571428571,2.43478260869565,6.04,2.12765957446809,5.95166971959984,48,55,0.460984848484849,amplicon_count,native_integer
carlstrom_phyllosphere_2019,Leaf176,Leaf416,0,0,0.5003367003367,0,0,0,0.481144781144781,0,0,0,0.49023569023569,0,0,0,0,0.49023569023569,0,0,0.0103313156511465,0.0103313156511465,0.0673400673400673,0,0.479166666666667,0.708333333333333,0.479166666666667,0.708333333333333,0.3125,15,8,19,6,0.357142857142857,2.43478260869565,103.088235294118,2.12765957446809,1707.97219170182,48,55,0.460984848484849,amplicon_count,native_integer
carlstrom_phyllosphere_2019,Leaf176,Leaf420,0,0,0.5003367003367,0,0,0,0.481144781144781,0,0,0,0.49023569023569,0,0,0,0,0.49023569023569,0,0,-0.0180336613338703,0.0180336613338703,0.125252525252525,0,0.479166666666667,1,0.479166666666667,1,0.479166666666667,23,0,25,0,0.479166666666667,2.43478260869565,336.333333333333,2.12765957446809,355.254496763174,48,55,0.460984848484849,amplicon_count,native_integer
carlstrom_phyllosphere_2019,Leaf176,Leaf427,0,0,0.5003367003367,0,0,0,0.481144781144781,0,0,0,0.49023569023569,0,0,0,0,0.49023569023569,0,0,-0.0234832951834737,0.0234832951834737,0.173063973063973,0,0.479166666666667,0.333333333333333,0.333333333333333,0.479166666666667,0.145833333333333,7,16,9,16,0.21875,2.43478260869565,10.0625,2.12765957446809,23.5526628782873,48,55,0.460984848484849,amplicon_count,native_integer
carlstrom_phyllosphere_2019,Leaf176,Leaf443,0,0,0.5003367003367,0,0,0,0.481144781144781,0,0,0,0.49023569023569,0,0,0,0,0.49023569023569,0,0,-0.0107703511187434,0.0107703511187434,0.07003367003367,0,0.479166666666667,0.395833333333333,0.395833333333333,0.479166666666667,0.166666666666667,8,15,11,14,0.235294117647059,2.43478260869565,19.8421052631579,2.12765957446809,80.271742197641,48,55,0.460984848484849,amplicon_count,native_integer
carlstrom_phyllosphere_2019,Leaf176,Leaf5,0,0,0.5003367003367,0,0,0,0.481144781144781,0,0,0,0.49023569023569,0,0,0,0,0.49023569023569,0,0,0.0385594162428798,0.0385594162428798,0.280808080808081,0,0.479166666666667,0.0625,0.0625,0.479166666666667,0.0208333333333333,1,22,2,23,0.04,2.43478260869565,45.6666666666667,2.12765957446809,86.4430812237925,48,55,0.460984848484849,amplicon_count,native_integer
carlstrom_phyllosphere_2019,Leaf176,Leaf68,0,0,0.5003367003367,0,0,0,0.481144781144781,0,0,0,0.49023569023569,0,0,0,0,0.49023569023569,0,0,0.136930195216714,0.136930195216714,0.77979797979798,0,0.479166666666667,1,0.479166666666667,1,0.479166666666667,23,0,25,0,0.479166666666667,2.43478260869565,941.958333333333,2.12765957446809,348.901820091499,48,55,0.460984848484849,amplicon_count,native_integer
carlstrom_phyllosphere_2019,Leaf176,Leaf70,0,0,0.5003367003367,0,0,0,0.481144781144781,0,0,0,0.49023569023569,0,0,0,0,0.49023569023569,0,0,-0.0516908530157191,0.0516908530157191,0.37037037037037,0,0.479166666666667,0.208333333333333,0.208333333333333,0.479166666666667,0.104166666666667,5,18,5,20,0.178571428571429,2.43478260869565,17,2.12765957446809,30.6498122653316,48,55,0.460984848484849,amplicon_count,native_integer
carlstrom_phyllosphere_2019,Leaf176,Leaf82,0,0,0.5003367003367,0,0,0,0.481144781144781,0,0,0,0.49023569023569,0,0,0,0,0.49023569023569,0,0,0.129258499906101,0.129258499906101,0.762289562289562,0,0.479166666666667,0.8125,0.479166666666667,0.8125,0.4375,21,2,18,7,0.51219512195122,2.43478260869565,91.1282051282051,2.12765957446809,240.533890491984,48,55,0.460984848484849,amplicon_count,native_integer
carlstrom_phyllosphere_2019,Leaf176,Leaf83,0,0,0.5003367003367,0,0.175785259775897,0.175785259775897,0.995286195286195,0,0,0,0.49023569023569,0,0,0,0,0.49023569023569,0,0,-0.00228435932175681,0.00228435932175681,0.0121212121212121,0,0.479166666666667,0.6875,0.479166666666667,0.6875,0.270833333333333,13,10,20,5,0.302325581395349,2.43478260869565,305.818181818182,2.12765957446809,1571.80367849824,48,55,0.460984848484849,amplicon_count,native_integer
carlstrom_phyllosphere_2019,Leaf176,Leaf86,0,0,0.5003367003367,0,0,0,0.481144781144781,0,0,0,0.49023569023569,0,0,0,0,0.49023569023569,0,0,0.0662467298636861,0.0662467298636861,0.466666666666667,0,0.479166666666667,0.895833333333333,0.479166666666667,0.895833333333333,0.4375,21,2,22,3,0.466666666666667,2.43478260869565,400.581395348837,2.12765957446809,1334.10514776271,48,55,0.460984848484849,amplicon_count,native_integer
carlstrom_phyllosphere_2019,Leaf176,Leaf88,0,0,0.5003367003367,0,0,0,0.481144781144781,0,0,0,0.49023569023569,0,0,0,0,0.49023569023569,0,0,-0.0096138087677849,0.0096138087677849,0.0606060606060606,0,0.479166666666667,0.3125,0.3125,0.479166666666667,0.125,6,17,9,16,0.1875,2.43478260869565,84.2,2.12765957446809,965.149492090767,48,55,0.460984848484849,amplicon_count,native_integer
carlstrom_phyllosphere_2019,Leaf176,Leaf90,0,0,0.5003367003367,0,0,0,0.481144781144781,0,0,0,0.49023569023569,0,0,0,0,0.49023569023569,0,0.05,-0.125593264959086,0.125593264959086,0.750841750841751,0,0.479166666666667,0.791666666666667,0.479166666666667,0.791666666666667,0.333333333333333,16,7,22,3,0.355555555555556,2.43478260869565,292.342105263158,2.12765957446809,1496.93020035509,48,55,0.460984848484849,amplicon_count,native_integer
carlstrom_phyllosphere_2019,Leaf177,Leaf183,0,0,0.5003367003367,0,0,0,0.481144781144781,0,0,0,0.49023569023569,0,0.5,0,0,0.49023569023569,0,0.05,0.368739037633033,0.368739037633033,0.991245791245791,1,1,0.708333333333333,0.708333333333333,1,0.708333333333333,34,14,0,0,0.708333333333333,311.958333333333,8,1126.90703602557,16.4705882352941,48,55,0.460984848484849,amplicon_count,native_integer
carlstrom_phyllosphere_2019,Leaf177,Leaf187,0,0,0.5003367003367,0,0,0,0.481144781144781,0,0,0,0.49023569023569,0,0,0,0,0.49023569023569,0,0,-0.0436557881535198,0.0436557881535198,0.313804713804714,0,1,0.145833333333333,0.145833333333333,1,0.145833333333333,7,41,0,0,0.145833333333333,311.958333333333,31.5714285714286,1126.90703602557,180.897564263021,48,55,0.460984848484849,amplicon_count,native_integer
carlstrom_phyllosphere_2019,Leaf177,Leaf189,0,0,0.5003367003367,0,0,0,0.481144781144781,0,0,0,0.49023569023569,0,0,0,0,0.49023569023569,0,0,0.179845191774826,0.179845191774826,0.876094276094276,0,1,0.4375,0.4375,1,0.4375,21,27,0,0,0.4375,311.958333333333,4.28571428571429,1126.90703602557,6.95886524822695,48,55,0.460984848484849,amplicon_count,native_integer
carlstrom_phyllosphere_2019,Leaf177,Leaf2,0,0,0.5003367003367,0,0,0,0.481144781144781,0,0,0,0.49023569023569,0,0,0,0,0.49023569023569,0,0,0.139251585683491,0.139251585683491,0.787878787878788,0,1,0.520833333333333,0.520833333333333,1,0.520833333333333,25,23,0,0,0.520833333333333,311.958333333333,11.84,1126.90703602557,26.2242668200115,48,55,0.460984848484849,amplicon_count,native_integer
carlstrom_phyllosphere_2019,Leaf177,Leaf202,0,0,0.5003367003367,0,0,0,0.481144781144781,0,0,0,0.49023569023569,0,0,0,0,0.49023569023569,0,0,-0.137834644133186,0.137834644133186,0.783164983164983,0,1,1,1,1,1,48,0,0,0,1,311.958333333333,948.583333333333,1126.90703602557,348.703505227093,48,55,0.460984848484849,amplicon_count,native_integer
carlstrom_phyllosphere_2019,Leaf177,Leaf203,0,0,0.5003367003367,0,0,0,0.481144781144781,0,0,0,0.49023569023569,0,0.05,0,0,0.49023569023569,0,0.05,0.387897328892321,0.387897328892321,0.993939393939394,1,1,1,1,1,1,48,0,0,0,1,311.958333333333,1084.5,1126.90703602557,860.618894872625,48,55,0.460984848484849,amplicon_count,native_integer
carlstrom_phyllosphere_2019,Leaf177,Leaf220,0,0,0.5003367003367,0,0,0,0.481144781144781,0,0,0,0.49023569023569,0,0,0,0,0.49023569023569,0,0,-0.027891072174537,0.027891072174537,0.201346801346801,0,1,0.0833333333333333,0.0833333333333333,1,0.0833333333333333,4,44,0,0,0.0833333333333333,311.958333333333,1.5,1126.90703602557,1.91489361702128,48,55,0.460984848484849,amplicon_count,native_integer
carlstrom_phyllosphere_2019,Leaf177,Leaf222,0,0,0.5003367003367,0,0,0,0.481144781144781,0,0,0,0.49023569023569,0,0,0,0,0.49023569023569,0,0,0.0451807042491044,0.0451807042491044,0.322558922558923,0,1,0.0625,0.0625,1,0.0625,3,45,0,0,0.0625,311.958333333333,5,1126.90703602557,5.74042553191489,48,55,0.460984848484849,amplicon_count,native_integer
carlstrom_phyllosphere_2019,Leaf177,Leaf225,0,0,0.5003367003367,0,0,0,0.481144781144781,0,0,0,0.49023569023569,0,0,0,0,0.49023569023569,0,0,-0.0702749691957283,0.0702749691957283,0.48956228956229,0,1,0.208333333333333,0.208333333333333,1,0.208333333333333,10,38,0,0,0.208333333333333,311.958333333333,4,1126.90703602557,10.9957446808511,48,55,0.460984848484849,amplicon_count,native_integer
carlstrom_phyllosphere_2019,Leaf177,Leaf231,0,0,0.5003367003367,0,0,0,0.481144781144781,0,0,0,0.49023569023569,0,0.35,0,0,0.49023569023569,0,0,-0.347633874269698,0.347633874269698,0.985858585858586,1,1,0.9375,0.9375,1,0.9375,45,3,0,0,0.9375,311.958333333333,297.933333333333,1126.90703602557,297.978171136386,48,55,0.460984848484849,amplicon_count,native_integer
carlstrom_phyllosphere_2019,Leaf177,Leaf233,0,0,0.5003367003367,0,0,0,0.481144781144781,0,0,0,0.49023569023569,0,0,0,0,0.49023569023569,0,0,-0.100090941544771,0.100090941544771,0.655892255892256,0,1,1,1,1,1,48,0,0,0,1,311.958333333333,501.791666666667,1126.90703602557,1557.43476302116,48,55,0.460984848484849,amplicon_count,native_integer
carlstrom_phyllosphere_2019,Leaf177,Leaf234,0,0,0.5003367003367,0,0,0,0.481144781144781,0,0,0,0.49023569023569,0,0,0,0,0.49023569023569,0,0,0.0890380025521694,0.0890380025521694,0.594612794612795,0,1,0.145833333333333,0.145833333333333,1,0.145833333333333,7,41,0,0,0.145833333333333,311.958333333333,4.42857142857143,1126.90703602557,8.86135895676048,48,55,0.460984848484849,amplicon_count,native_integer
carlstrom_phyllosphere_2019,Leaf177,Leaf242,0,0,0.5003367003367,0,0.00148984963177214,0.00148984963177214,0.965656565656566,0,0,0,0.49023569023569,0,0.1,0,0,0.49023569023569,0,0.05,0.377213319855761,0.377213319855761,0.993265993265993,1,1,0.708333333333333,0.708333333333333,1,0.708333333333333,34,14,0,0,0.708333333333333,311.958333333333,66.7941176470588,1126.90703602557,216.737429382501,48,55,0.460984848484849,amplicon_count,native_integer
carlstrom_phyllosphere_2019,Leaf177,Leaf26,0,0,0.5003367003367,0,-0.0195239510732789,0.0195239510732789,0.973063973063973,0,0,0,0.49023569023569,0,0,0,0,0.49023569023569,0,0,-0.183037977113637,0.183037977113637,0.885521885521886,0,1,0.833333333333333,0.833333333333333,1,0.833333333333333,40,8,0,0,0.833333333333333,311.958333333333,137.2,1126.90703602557,459.115315427083,48,55,0.460984848484849,amplicon_count,native_integer
carlstrom_phyllosphere_2019,Leaf177,Leaf262,0,0,0.5003367003367,0,0,0,0.481144781144781,0,0,0,0.49023569023569,0,0,0,0,0.49023569023569,0,0,0.126180043169656,0.126180043169656,0.754208754208754,0,1,0.958333333333333,0.958333333333333,1,0.958333333333333,46,2,0,0,0.958333333333333,311.958333333333,363.369565217391,1126.90703602557,1068.25302664825,48,55,0.460984848484849,amplicon_count,native_integer
carlstrom_phyllosphere_2019,Leaf177,Leaf263,0,0,0.5003367003367,0,0,0,0.481144781144781,0,0,0,0.49023569023569,0,0,0,0,0.49023569023569,0,0,0.120989271541639,0.120989271541639,0.738047138047138,0,1,0.145833333333333,0.145833333333333,1,0.145833333333333,7,41,0,0,0.145833333333333,311.958333333333,3,1126.90703602557,8.35562310030395,48,55,0.460984848484849,amplicon_count,native_integer
carlstrom_phyllosphere_2019,Leaf177,Leaf265,0,0,0.5003367003367,0,0,0,0.481144781144781,0,0,0,0.49023569023569,0,0,0,0,0.49023569023569,0,0,-0.0382893456422008,0.0382893456422008,0.277441077441077,0,1,0.708333333333333,0.708333333333333,1,0.708333333333333,34,14,0,0,0.708333333333333,311.958333333333,136.529411764706,1126.90703602557,386.282783466408,48,55,0.460984848484849,amplicon_count,native_integer
carlstrom_phyllosphere_2019,Leaf177,Leaf281,0,0,0.5003367003367,0,0,0,0.481144781144781,0,0,0,0.49023569023569,0,0,0,0,0.49023569023569,0,0,-0.0504841750709173,0.0504841750709173,0.36026936026936,0,1,0.541666666666667,0.541666666666667,1,0.541666666666667,26,22,0,0,0.541666666666667,311.958333333333,17.0384615384615,1126.90703602557,95.0328514480573,48,55,0.460984848484849,amplicon_count,native_integer
carlstrom_phyllosphere_2019,Leaf177,Leaf285,0,0,0.5003367003367,0,0,0,0.481144781144781,0,0,0,0.49023569023569,0,0,0,0,0.49023569023569,0,0,0.0257191948674993,0.0257191948674993,0.187205387205387,0,1,0.625,0.625,1,0.625,30,18,0,0,0.625,311.958333333333,101.233333333333,1126.90703602557,506.741332081632,48,55,0.460984848484849,amplicon_count,native_integer
carlstrom_phyllosphere_2019,Leaf177,Leaf288,0,0,0.5003367003367,0,0,0,0.481144781144781,0,0,0,0.49023569023569,0,0,0,0,0.49023569023569,0,0,-0.0193228156617402,0.0193228156617402,0.137373737373737,0,1,0.25,0.25,1,0.25,12,36,0,0,0.25,311.958333333333,26.75,1126.90703602557,144.697753032412,48,55,0.460984848484849,amplicon_count,native_integer
carlstrom_phyllosphere_2019,Leaf177,Leaf3,0,0,0.5003367003367,0,0,0,0.481144781144781,0,0,0,0.49023569023569,0,0,0,0,0.49023569023569,0,0,-0.115169766764765,0.115169766764765,0.719191919191919,0,1,0.541666666666667,0.541666666666667,1,0.541666666666667,26,22,0,0,0.541666666666667,311.958333333333,17.6923076923077,1126.90703602557,106.65605920444,48,55,0.460984848484849,amplicon_count,native_integer
carlstrom_phyllosphere_2019,Leaf177,Leaf324,0,0,0.5003367003367,0,-0.00392210781168565,0.00392210781168565,0.969023569023569,0,0,0,0.49023569023569,0,0,0,0,0.49023569023569,0,0,-0.146295985125281,0.146295985125281,0.802020202020202,0,1,0.458333333333333,0.458333333333333,1,0.458333333333333,22,26,0,0,0.458333333333333,311.958333333333,35.8181818181818,1126.90703602557,99.4392482989524,48,55,0.460984848484849,amplicon_count,native_integer
carlstrom_phyllosphere_2019,Leaf177,Leaf33,0,0,0.5003367003367,0,0,0,0.481144781144781,0,0,0,0.49023569023569,0,0,0,0,0.49023569023569,0,0,0.179105117989034,0.179105117989034,0.874747474747475,0,1,0.354166666666667,0.354166666666667,1,0.354166666666667,17,31,0,0,0.354166666666667,311.958333333333,100.588235294118,1126.90703602557,225.172527062337,48,55,0.460984848484849,amplicon_count,native_integer
carlstrom_phyllosphere_2019,Leaf177,Leaf334,0,0,0.5003367003367,0,0,0,0.481144781144781,0,0,0,0.49023569023569,0,0,0,0,0.49023569023569,0,0,0.0937295997080111,0.0937295997080111,0.617508417508418,0,1,0.1875,0.1875,1,0.1875,9,39,0,0,0.1875,311.958333333333,5.55555555555556,1126.90703602557,22.2212765957447,48,55,0.460984848484849,amplicon_count,native_integer
carlstrom_phyllosphere_2019,Leaf177,Leaf336,0,0,0.5003367003367,0,0.556223310955396,0.556223310955396,0.998653198653199,1,0.231754683736822,0.231754683736822,0.998653198653199,1,1,0.298814462491522,0.298814462491522,0.998653198653199,1,1,0.711934267667518,0.711934267667518,0.999326599326599,1,1,0.958333333333333,0.958333333333333,1,0.958333333333333,46,2,0,0,0.958333333333333,311.958333333333,14.195652173913,1126.90703602557,30.2871525854485,48,55,0.460984848484849,amplicon_count,native_integer
carlstrom_phyllosphere_2019,Leaf177,Leaf337,0,0,0.5003367003367,0,0,0,0.481144781144781,0,0,0,0.49023569023569,0,0.05,0.01527385877538,0.01527385877538,0.984511784511785,1,0.5,0.192888326181081,0.192888326181081,0.8996632996633,0,1,0.208333333333333,0.208333333333333,1,0.208333333333333,10,38,0,0,0.208333333333333,311.958333333333,1.5,1126.90703602557,1.79148936170213,48,55,0.460984848484849,amplicon_count,native_integer
carlstrom_phyllosphere_2019,Leaf177,Leaf344,0,0,0.5003367003367,0,0,0,0.481144781144781,0,0,0,0.49023569023569,0,0,0,0,0.49023569023569,0,0,-0.154076746158581,0.154076746158581,0.820875420875421,0,1,0.479166666666667,0.479166666666667,1,0.479166666666667,23,25,0,0,0.479166666666667,311.958333333333,33.1739130434783,1126.90703602557,70.1006385767268,48,55,0.460984848484849,amplicon_count,native_integer
carlstrom_phyllosphere_2019,Leaf177,Leaf351,0,0,0.5003367003367,0,0,0,0.481144781144781,0,0,0,0.49023569023569,0,0.1,0,0,0.49023569023569,0,0.2,0.184936880185018,0.184936880185018,0.888888888888889,0,1,0.145833333333333,0.145833333333333,1,0.145833333333333,7,41,0,0,0.145833333333333,311.958333333333,4.14285714285714,1126.90703602557,12.9413059427733,48,55,0.460984848484849,amplicon_count,native_integer
carlstrom_phyllosphere_2019,Leaf177,Leaf354,0,0,0.5003367003367,0,0.0165878381080433,0.0165878381080433,0.972390572390572,0,0,0,0.49023569023569,0,0.1,0,0,0.49023569023569,0,0.05,0.350269357091278,0.350269357091278,0.987878787878788,1,1,0.875,0.875,1,0.875,42,6,0,0,0.875,311.958333333333,17.952380952381,1126.90703602557,84.8687849201423,48,55,0.460984848484849,amplicon_count,native_integer
carlstrom_phyllosphere_2019,Leaf177,Leaf357,0,0,0.5003367003367,0,0,0,0.481144781144781,0,0,0,0.49023569023569,0,0,0,0,0.49023569023569,0,0,0.103741722717678,0.103741722717678,0.670707070707071,0,1,0.4375,0.4375,1,0.4375,21,27,0,0,0.4375,311.958333333333,7.19047619047619,1126.90703602557,9.76623925602367,48,55,0.460984848484849,amplicon_count,native_integer
carlstrom_phyllosphere_2019,Leaf177,Leaf359,0,0,0.5003367003367,0,0,0,0.481144781144781,0,0,0,0.49023569023569,0,0,0,0,0.49023569023569,0,0,0.0435414203767735,0.0435414203767735,0.313131313131313,0,1,0.0416666666666667,0.0416666666666667,1,0.0416666666666667,2,46,0,0,0.0416666666666667,311.958333333333,1.5,1126.90703602557,1.63829787234043,48,55,0.460984848484849,amplicon_count,native_integer
carlstrom_phyllosphere_2019,Leaf177,Leaf363,0,0,0.5003367003367,0,0,0,0.481144781144781,0,0,0,0.49023569023569,0,0,0,0,0.49023569023569,0,0,-0.147135023391057,0.147135023391057,0.807407407407407,0,1,0.291666666666667,0.291666666666667,1,0.291666666666667,14,34,0,0,0.291666666666667,311.958333333333,23.9285714285714,1126.90703602557,39.4577961257542,48,55,0.460984848484849,amplicon_count,native_integer
carlstrom_phyllosphere_2019,Leaf177,Leaf371,0,0,0.5003367003367,0,0,0,0.481144781144781,0,0,0,0.49023569023569,0,0,0,0,0.49023569023569,0,0.05,-0.265356676791227,0.265356676791227,0.962962962962963,0,1,0.25,0.25,1,0.25,12,36,0,0,0.25,311.958333333333,46.9166666666667,1126.90703602557,104.532066059484,48,55,0.460984848484849,amplicon_count,native_integer
carlstrom_phyllosphere_2019,Leaf177,Leaf380,0,0,0.5003367003367,0,0,0,0.481144781144781,0,0,0,0.49023569023569,0,0,0,0,0.49023569023569,0,0,0.201026304294336,0.201026304294336,0.916498316498316,0,1,0.395833333333333,0.395833333333333,1,0.395833333333333,19,29,0,0,0.395833333333333,311.958333333333,70.421052631579,1126.90703602557,644.908882740197,48,55,0.460984848484849,amplicon_count,native_integer
carlstrom_phyllosphere_2019,Leaf177,Leaf391,0,0,0.5003367003367,0,0,0,0.481144781144781,0,0,0,0.49023569023569,0,0,0,0,0.49023569023569,0,0,-0.0379764030681492,0.0379764030681492,0.275420875420875,0,1,0.8125,0.8125,1,0.8125,39,9,0,0,0.8125,311.958333333333,121.897435897436,1126.90703602557,266.843616573725,48,55,0.460984848484849,amplicon_count,native_integer
carlstrom_phyllosphere_2019,Leaf177,Leaf396,0,0,0.5003367003367,0,0,0,0.481144781144781,0,0,0,0.49023569023569,0,0,0,0,0.49023569023569,0,0.05,0.217777746480635,0.217777746480635,0.932659932659933,0,1,0.375,0.375,1,0.375,18,30,0,0,0.375,311.958333333333,3.11111111111111,1126.90703602557,5.95744680851064,48,55,0.460984848484849,amplicon_count,native_integer
carlstrom_phyllosphere_2019,Leaf177,Leaf405,0,0,0.5003367003367,0,0,0,0.481144781144781,0,0,0,0.49023569023569,0,0.15,0,0,0.49023569023569,0,0.2,-0.332670837288582,0.332670837288582,0.985185185185185,1,1,0.854166666666667,0.854166666666667,1,0.854166666666667,41,7,0,0,0.854166666666667,311.958333333333,479.731707317073,1126.90703602557,1289.73232854811,48,55,0.460984848484849,amplicon_count,native_integer
carlstrom_phyllosphere_2019,Leaf177,Leaf41,0,0,0.5003367003367,0,0,0,0.481144781144781,0,0,0,0.49023569023569,0,0,0,0,0.49023569023569,0,0.05,-0.0950202601824294,0.0950202601824294,0.624915824915825,0,1,0.520833333333333,0.520833333333333,1,0.520833333333333,25,23,0,0,0.520833333333333,311.958333333333,6.04,1126.90703602557,5.95166971959984,48,55,0.460984848484849,amplicon_count,native_integer
carlstrom_phyllosphere_2019,Leaf177,Leaf416,0,0,0.5003367003367,0,0,0,0.481144781144781,0,0,0,0.49023569023569,0,0,0,0,0.49023569023569,0,0,-0.151328183849863,0.151328183849863,0.816161616161616,0,1,0.708333333333333,0.708333333333333,1,0.708333333333333,34,14,0,0,0.708333333333333,311.958333333333,103.088235294118,1126.90703602557,1707.97219170182,48,55,0.460984848484849,amplicon_count,native_integer
carlstrom_phyllosphere_2019,Leaf177,Leaf420,0,0,0.5003367003367,0,0,0,0.481144781144781,0,0,0,0.49023569023569,0,0,0,0,0.49023569023569,0,0,-0.0564726955201611,0.0564726955201611,0.402693602693603,0,1,1,1,1,1,48,0,0,0,1,311.958333333333,336.333333333333,1126.90703602557,355.254496763174,48,55,0.460984848484849,amplicon_count,native_integer
carlstrom_phyllosphere_2019,Leaf177,Leaf427,0,0,0.5003367003367,0,0,0,0.481144781144781,0,0,0,0.49023569023569,0,0,0,0,0.49023569023569,0,0,-0.0741898578882549,0.0741898578882549,0.50976430976431,0,1,0.333333333333333,0.333333333333333,1,0.333333333333333,16,32,0,0,0.333333333333333,311.958333333333,10.0625,1126.90703602557,23.5526628782873,48,55,0.460984848484849,amplicon_count,native_integer
carlstrom_phyllosphere_2019,Leaf177,Leaf443,0,0,0.5003367003367,0,0,0,0.481144781144781,0,0,0,0.49023569023569,0,0,0,0,0.49023569023569,0,0,-0.0561288024286882,0.0561288024286882,0.398653198653199,0,1,0.395833333333333,0.395833333333333,1,0.395833333333333,19,29,0,0,0.395833333333333,311.958333333333,19.8421052631579,1126.90703602557,80.271742197641,48,55,0.460984848484849,amplicon_count,native_integer
carlstrom_phyllosphere_2019,Leaf177,Leaf5,0,0,0.5003367003367,0,0.0200307114186585,0.0200307114186585,0.973737373737374,0,0,0,0.49023569023569,0,0.25,0,0,0.49023569023569,0,0,0.269461363811002,0.269461363811002,0.964983164983165,0,1,0.0625,0.0625,1,0.0625,3,45,0,0,0.0625,311.958333333333,45.6666666666667,1126.90703602557,86.4430812237925,48,55,0.460984848484849,amplicon_count,native_integer
carlstrom_phyllosphere_2019,Leaf177,Leaf68,0,0,0.5003367003367,0,0,0,0.481144781144781,0,0,0,0.49023569023569,0,0,0,0,0.49023569023569,0,0,-0.138911446287616,0.138911446287616,0.786531986531987,0,1,1,1,1,1,48,0,0,0,1,311.958333333333,941.958333333333,1126.90703602557,348.901820091499,48,55,0.460984848484849,amplicon_count,native_integer
carlstrom_phyllosphere_2019,Leaf177,Leaf70,0,0,0.5003367003367,0,0,0,0.481144781144781,0,0,0,0.49023569023569,0,0.05,0,0,0.49023569023569,0,0.05,-0.176834689816047,0.176834689816047,0.868686868686869,0,1,0.208333333333333,0.208333333333333,1,0.208333333333333,10,38,0,0,0.208333333333333,311.958333333333,17,1126.90703602557,30.6498122653316,48,55,0.460984848484849,amplicon_count,native_integer
carlstrom_phyllosphere_2019,Leaf177,Leaf82,0,0,0.5003367003367,0,0,0,0.481144781144781,0,0,0,0.49023569023569,0,0,0,0,0.49023569023569,0,0,-0.0790064803409136,0.0790064803409136,0.538720538720539,0,1,0.8125,0.8125,1,0.8125,39,9,0,0,0.8125,311.958333333333,91.1282051282051,1126.90703602557,240.533890491984,48,55,0.460984848484849,amplicon_count,native_integer
carlstrom_phyllosphere_2019,Leaf177,Leaf83,0,0,0.5003367003367,0,0,0,0.481144781144781,0,0,0,0.49023569023569,0,0,0,0,0.49023569023569,0,0,-0.15132442077389,0.15132442077389,0.815488215488216,0,1,0.6875,0.6875,1,0.6875,33,15,0,0,0.6875,311.958333333333,305.818181818182,1126.90703602557,1571.80367849824,48,55,0.460984848484849,amplicon_count,native_integer
carlstrom_phyllosphere_2019,Leaf177,Leaf86,0,0,0.5003367003367,0,0,0,0.481144781144781,0,0,0,0.49023569023569,0,0,0,0,0.49023569023569,0,0,-0.0476138413534182,0.0476138413534182,0.341414141414141,0,1,0.895833333333333,0.895833333333333,1,0.895833333333333,43,5,0,0,0.895833333333333,311.958333333333,400.581395348837,1126.90703602557,1334.10514776271,48,55,0.460984848484849,amplicon_count,native_integer
carlstrom_phyllosphere_2019,Leaf177,Leaf88,0,0,0.5003367003367,0,0,0,0.481144781144781,0,0,0,0.49023569023569,0,0,0,0,0.49023569023569,0,0,0.0810209556787383,0.0810209556787383,0.546127946127946,0,1,0.3125,0.3125,1,0.3125,15,33,0,0,0.3125,311.958333333333,84.2,1126.90703602557,965.149492090767,48,55,0.460984848484849,amplicon_count,native_integer
carlstrom_phyllosphere_2019,Leaf177,Leaf90,0,0,0.5003367003367,0,0,0,0.481144781144781,0,0,0,0.49023569023569,0,0,0,0,0.49023569023569,0,0,0.103521239228641,0.103521239228641,0.668686868686869,0,1,0.791666666666667,0.791666666666667,1,0.791666666666667,38,10,0,0,0.791666666666667,311.958333333333,292.342105263158,1126.90703602557,1496.93020035509,48,55,0.460984848484849,amplicon_count,native_integer
carlstrom_phyllosphere_2019,Leaf183,Leaf187,0,0,0.5003367003367,0,0,0,0.481144781144781,0,0,0,0.49023569023569,0,0,0,0,0.49023569023569,0,0,-0.0500056129062606,0.0500056129062606,0.357575757575758,0,0.708333333333333,0.145833333333333,0.145833333333333,0.708333333333333,0.0625,3,31,4,10,0.0789473684210526,8,31.5714285714286,16.4705882352941,180.897564263021,48,55,0.460984848484849,amplicon_count,native_integer
carlstrom_phyllosphere_2019,Leaf183,Leaf189,0,0,0.5003367003367,0,0,0,0.481144781144781,0,0,0,0.49023569023569,0,0,0,0,0.49023569023569,0,0,0.0193595856342461,0.0193595856342461,0.138047138047138,0,0.708333333333333,0.4375,0.4375,0.708333333333333,0.3125,15,19,6,8,0.375,8,4.28571428571429,16.4705882352941,6.95886524822695,48,55,0.460984848484849,amplicon_count,native_integer
carlstrom_phyllosphere_2019,Leaf183,Leaf2,0,0,0.5003367003367,0,0,0,0.481144781144781,0,0,0,0.49023569023569,0,0,0,0,0.49023569023569,0,0,0.0271556760748423,0.0271556760748423,0.195286195286195,0,0.708333333333333,0.520833333333333,0.520833333333333,0.708333333333333,0.395833333333333,19,15,6,8,0.475,8,11.84,16.4705882352941,26.2242668200115,48,55,0.460984848484849,amplicon_count,native_integer
carlstrom_phyllosphere_2019,Leaf183,Leaf202,0,0,0.5003367003367,0,0,0,0.481144781144781,0,0,0,0.49023569023569,0,0,0,0,0.49023569023569,0,0,-0.112501548854944,0.112501548854944,0.704377104377104,0,0.708333333333333,1,0.708333333333333,1,0.708333333333333,34,0,14,0,0.708333333333333,8,948.583333333333,16.4705882352941,348.703505227093,48,55,0.460984848484849,amplicon_count,native_integer
carlstrom_phyllosphere_2019,Leaf183,Leaf203,0,0,0.5003367003367,0,0,0,0.481144781144781,0,0,0,0.49023569023569,0,0,0,0,0.49023569023569,0,0,0.130852210611727,0.130852210611727,0.769023569023569,0,0.708333333333333,1,0.708333333333333,1,0.708333333333333,34,0,14,0,0.708333333333333,8,1084.5,16.4705882352941,860.618894872625,48,55,0.460984848484849,amplicon_count,native_integer
carlstrom_phyllosphere_2019,Leaf183,Leaf220,0,0,0.5003367003367,0,0,0,0.481144781144781,0,0,0,0.49023569023569,0,0,0,0,0.49023569023569,0,0.05,-0.0924975392145964,0.0924975392145964,0.611447811447811,0,0.708333333333333,0.0833333333333333,0.0833333333333333,0.708333333333333,0.0208333333333333,1,33,3,11,0.027027027027027,8,1.5,16.4705882352941,1.91489361702128,48,55,0.460984848484849,amplicon_count,native_integer
carlstrom_phyllosphere_2019,Leaf183,Leaf222,0,0,0.5003367003367,0,0,0,0.481144781144781,0,0,0,0.49023569023569,0,0,0,0,0.49023569023569,0,0,-0.0583775297623182,0.0583775297623182,0.418855218855219,0,0.708333333333333,0.0625,0.0625,0.708333333333333,0.0625,3,31,0,14,0.0882352941176471,8,5,16.4705882352941,5.74042553191489,48,55,0.460984848484849,amplicon_count,native_integer
carlstrom_phyllosphere_2019,Leaf183,Leaf225,0,0,0.5003367003367,0,0,0,0.481144781144781,0,0,0,0.49023569023569,0,0,0,0,0.49023569023569,0,0,-0.00416873282122131,0.00416873282122131,0.0202020202020202,0,0.708333333333333,0.208333333333333,0.208333333333333,0.708333333333333,0.145833333333333,7,27,3,11,0.189189189189189,8,4,16.4705882352941,10.9957446808511,48,55,0.460984848484849,amplicon_count,native_integer
carlstrom_phyllosphere_2019,Leaf183,Leaf231,0,0,0.5003367003367,0,0,0,0.481144781144781,0,0,0,0.49023569023569,0,0,0,0,0.49023569023569,0,0,-0.164715397495767,0.164715397495767,0.839057239057239,0,0.708333333333333,0.9375,0.708333333333333,0.9375,0.6875,33,1,12,2,0.717391304347826,8,297.933333333333,16.4705882352941,297.978171136386,48,55,0.460984848484849,amplicon_count,native_integer
carlstrom_phyllosphere_2019,Leaf183,Leaf233,0,0,0.5003367003367,0,0,0,0.481144781144781,0,0,0,0.49023569023569,0,0,0,0,0.49023569023569,0,0,0.097665342852516,0.097665342852516,0.642424242424243,0,0.708333333333333,1,0.708333333333333,1,0.708333333333333,34,0,14,0,0.708333333333333,8,501.791666666667,16.4705882352941,1557.43476302116,48,55,0.460984848484849,amplicon_count,native_integer
carlstrom_phyllosphere_2019,Leaf183,Leaf234,0,0,0.5003367003367,0,0,0,0.481144781144781,0,0,0,0.49023569023569,0,0,0,0,0.49023569023569,0,0,0.00959833834602739,0.00959833834602739,0.0599326599326599,0,0.708333333333333,0.145833333333333,0.145833333333333,0.708333333333333,0.125,6,28,1,13,0.171428571428571,8,4.42857142857143,16.4705882352941,8.86135895676048,48,55,0.460984848484849,amplicon_count,native_integer
carlstrom_phyllosphere_2019,Leaf183,Leaf242,0,0,0.5003367003367,0,0,0,0.481144781144781,0,0,0,0.49023569023569,0,0,0,0,0.49023569023569,0,0,0.169965121350997,0.169965121350997,0.851178451178451,0,0.708333333333333,0.708333333333333,0.708333333333333,0.708333333333333,0.5625,27,7,7,7,0.658536585365854,8,66.7941176470588,16.4705882352941,216.737429382501,48,55,0.460984848484849,amplicon_count,native_integer
carlstrom_phyllosphere_2019,Leaf183,Leaf26,0,0,0.5003367003367,0,0,0,0.481144781144781,0,0,0,0.49023569023569,0,0,0,0,0.49023569023569,0,0,-0.00666593466308418,0.00666593466308418,0.0390572390572391,0,0.708333333333333,0.833333333333333,0.708333333333333,0.833333333333333,0.583333333333333,28,6,12,2,0.608695652173913,8,137.2,16.4705882352941,459.115315427083,48,55,0.460984848484849,amplicon_count,native_integer
carlstrom_phyllosphere_2019,Leaf183,Leaf262,0,0,0.5003367003367,0,0,0,0.481144781144781,0,0,0,0.49023569023569,0,0,0,0,0.49023569023569,0,0,-0.0658679080133815,0.0658679080133815,0.465319865319865,0,0.708333333333333,0.958333333333333,0.708333333333333,0.958333333333333,0.6875,33,1,13,1,0.702127659574468,8,363.369565217391,16.4705882352941,1068.25302664825,48,55,0.460984848484849,amplicon_count,native_integer
carlstrom_phyllosphere_2019,Leaf183,Leaf263,0,0,0.5003367003367,0,0,0,0.481144781144781,0,0,0,0.49023569023569,0,0,0,0,0.49023569023569,0,0,0.0906252292584693,0.0906252292584693,0.604713804713805,0,0.708333333333333,0.145833333333333,0.145833333333333,0.708333333333333,0.125,6,28,1,13,0.171428571428571,8,3,16.4705882352941,8.35562310030395,48,55,0.460984848484849,amplicon_count,native_integer
carlstrom_phyllosphere_2019,Leaf183,Leaf265,0,0,0.5003367003367,0,0,0,0.481144781144781,0,0,0,0.49023569023569,0,0,0,0,0.49023569023569,0,0,0.0348551691125025,0.0348551691125025,0.249158249158249,0,0.708333333333333,0.708333333333333,0.708333333333333,0.708333333333333,0.479166666666667,23,11,11,3,0.511111111111111,8,136.529411764706,16.4705882352941,386.282783466408,48,55,0.460984848484849,amplicon_count,native_integer
carlstrom_phyllosphere_2019,Leaf183,Leaf281,0,0,0.5003367003367,0,0,0,0.481144781144781,0,0,0,0.49023569023569,0,0,0,0,0.49023569023569,0,0,-0.112881685342474,0.112881685342474,0.707744107744108,0,0.708333333333333,0.541666666666667,0.541666666666667,0.708333333333333,0.375,18,16,8,6,0.428571428571429,8,17.0384615384615,16.4705882352941,95.0328514480573,48,55,0.460984848484849,amplicon_count,native_integer
carlstrom_phyllosphere_2019,Leaf183,Leaf285,0,0,0.5003367003367,0,0,0,0.481144781144781,0,0,0,0.49023569023569,0,0,0,0,0.49023569023569,0,0,0.133653985876902,0.133653985876902,0.772390572390572,0,0.708333333333333,0.625,0.625,0.708333333333333,0.458333333333333,22,12,8,6,0.523809523809524,8,101.233333333333,16.4705882352941,506.741332081632,48,55,0.460984848484849,amplicon_count,native_integer
carlstrom_phyllosphere_2019,Leaf183,Leaf288,0,0,0.5003367003367,0,0,0,0.481144781144781,0,0,0,0.49023569023569,0,0,0,0,0.49023569023569,0,0.05,0.100984443303595,0.100984443303595,0.662626262626263,0,0.708333333333333,0.25,0.25,0.708333333333333,0.208333333333333,10,24,2,12,0.277777777777778,8,26.75,16.4705882352941,144.697753032412,48,55,0.460984848484849,amplicon_count,native_integer
carlstrom_phyllosphere_2019,Leaf183,Leaf3,0,0,0.5003367003367,0,0,0,0.481144781144781,0,0,0,0.49023569023569,0,0,0,0,0.49023569023569,0,0,-0.0088631451340047,0.0088631451340047,0.0538720538720539,0,0.708333333333333,0.541666666666667,0.541666666666667,0.708333333333333,0.395833333333333,19,15,7,7,0.463414634146342,8,17.6923076923077,16.4705882352941,106.65605920444,48,55,0.460984848484849,amplicon_count,native_integer
carlstrom_phyllosphere_2019,Leaf183,Leaf324,0,0,0.5003367003367,0,0,0,0.481144781144781,0,0,0,0.49023569023569,0,0,0,0,0.49023569023569,0,0.1,0.147871083712811,0.147871083712811,0.81010101010101,0,0.708333333333333,0.458333333333333,0.458333333333333,0.708333333333333,0.375,18,16,4,10,0.473684210526316,8,35.8181818181818,16.4705882352941,99.4392482989524,48,55,0.460984848484849,amplicon_count,native_integer
carlstrom_phyllosphere_2019,Leaf183,Leaf33,0,0,0.5003367003367,0,0,0,0.481144781144781,0,0,0,0.49023569023569,0,0,0,0,0.49023569023569,0,0,0.0352377241954993,0.0352377241954993,0.251851851851852,0,0.708333333333333,0.354166666666667,0.354166666666667,0.708333333333333,0.3125,15,19,2,12,0.416666666666667,8,100.588235294118,16.4705882352941,225.172527062337,48,55,0.460984848484849,amplicon_count,native_integer
carlstrom_phyllosphere_2019,Leaf183,Leaf334,0,0,0.5003367003367,0,0,0,0.481144781144781,0,0,0,0.49023569023569,0,0,0,0,0.49023569023569,0,0,0.00814884973456873,0.00814884973456873,0.0471380471380471,0,0.708333333333333,0.1875,0.1875,0.708333333333333,0.166666666666667,8,26,1,13,0.228571428571429,8,5.55555555555556,16.4705882352941,22.2212765957447,48,55,0.460984848484849,amplicon_count,native_integer
carlstrom_phyllosphere_2019,Leaf183,Leaf336,0,0,0.5003367003367,0,0.123374568851848,0.123374568851848,0.991919191919192,0,0.0635243201810599,0.0635243201810599,0.993939393939394,1,0.95,0.0280245066973858,0.0280245066973858,0.987878787878788,1,0.75,0.372607066760913,0.372607066760913,0.992592592592593,1,0.708333333333333,0.958333333333333,0.708333333333333,0.958333333333333,0.708333333333333,34,0,12,2,0.739130434782609,8,14.195652173913,16.4705882352941,30.2871525854485,48,55,0.460984848484849,amplicon_count,native_integer
carlstrom_phyllosphere_2019,Leaf183,Leaf337,0,0,0.5003367003367,0,0,0,0.481144781144781,0,0,0,0.49023569023569,0,0,0,0,0.49023569023569,0,0,-0.0372881255304965,0.0372881255304965,0.268686868686869,0,0.708333333333333,0.208333333333333,0.208333333333333,0.708333333333333,0.166666666666667,8,26,2,12,0.222222222222222,8,1.5,16.4705882352941,1.79148936170213,48,55,0.460984848484849,amplicon_count,native_integer
carlstrom_phyllosphere_2019,Leaf183,Leaf344,0,0,0.5003367003367,0,0,0,0.481144781144781,0,0,0,0.49023569023569,0,0,0,0,0.49023569023569,0,0,-0.180313769989998,0.180313769989998,0.877441077441078,0,0.708333333333333,0.479166666666667,0.479166666666667,0.708333333333333,0.333333333333333,16,18,7,7,0.390243902439024,8,33.1739130434783,16.4705882352941,70.1006385767268,48,55,0.460984848484849,amplicon_count,native_integer
carlstrom_phyllosphere_2019,Leaf183,Leaf351,0,0,0.5003367003367,0,0.187339573408648,0.187339573408648,0.995959595959596,0,0.0060508520115192,0.0060508520115192,0.983164983164983,1,0.5,0.00359119107972725,0.00359119107972725,0.982491582491583,1,0.45,0.201424547629887,0.201424547629887,0.917171717171717,0,0.708333333333333,0.145833333333333,0.145833333333333,0.708333333333333,0.145833333333333,7,27,0,14,0.205882352941176,8,4.14285714285714,16.4705882352941,12.9413059427733,48,55,0.460984848484849,amplicon_count,native_integer
carlstrom_phyllosphere_2019,Leaf183,Leaf354,0,0,0.5003367003367,0,0,0,0.481144781144781,0,0,0,0.49023569023569,0,0,0,0,0.49023569023569,0,0,0.1570000227203,0.1570000227203,0.827609427609428,0,0.708333333333333,0.875,0.708333333333333,0.875,0.645833333333333,31,3,11,3,0.688888888888889,8,17.952380952381,16.4705882352941,84.8687849201423,48,55,0.460984848484849,amplicon_count,native_integer
carlstrom_phyllosphere_2019,Leaf183,Leaf357,0,0,0.5003367003367,0,0,0,0.481144781144781,0,0,0,0.49023569023569,0,0,0,0,0.49023569023569,0,0,-0.068194482082971,0.068194482082971,0.480808080808081,0,0.708333333333333,0.4375,0.4375,0.708333333333333,0.3125,15,19,6,8,0.375,8,7.19047619047619,16.4705882352941,9.76623925602367,48,55,0.460984848484849,amplicon_count,native_integer
carlstrom_phyllosphere_2019,Leaf183,Leaf359,0,0,0.5003367003367,0,0,0,0.481144781144781,0,0,0,0.49023569023569,0,0,0,0,0.49023569023569,0,0,-0.051473134134054,0.051473134134054,0.367676767676768,0,0.708333333333333,0.0416666666666667,0.0416666666666667,0.708333333333333,0.0416666666666667,2,32,0,14,0.0588235294117647,8,1.5,16.4705882352941,1.63829787234043,48,55,0.460984848484849,amplicon_count,native_integer
carlstrom_phyllosphere_2019,Leaf183,Leaf363,0,0,0.5003367003367,0,0,0,0.481144781144781,0,0,0,0.49023569023569,0,0,0,0,0.49023569023569,0,0,0.0171011520415432,0.0171011520415432,0.115824915824916,0,0.708333333333333,0.291666666666667,0.291666666666667,0.708333333333333,0.208333333333333,10,24,4,10,0.263157894736842,8,23.9285714285714,16.4705882352941,39.4577961257542,48,55,0.460984848484849,amplicon_count,native_integer
carlstrom_phyllosphere_2019,Leaf183,Leaf371,0,0,0.5003367003367,0,0,0,0.481144781144781,0,0,0,0.49023569023569,0,0,0,0,0.49023569023569,0,0,-0.0447502995403328,0.0447502995403328,0.317845117845118,0,0.708333333333333,0.25,0.25,0.708333333333333,0.166666666666667,8,26,4,10,0.210526315789474,8,46.9166666666667,16.4705882352941,104.532066059484,48,55,0.460984848484849,amplicon_count,native_integer
carlstrom_phyllosphere_2019,Leaf183,Leaf380,0,0,0.5003367003367,0,0,0,0.481144781144781,0,0,0,0.49023569023569,0,0,0,0,0.49023569023569,0,0,-0.0693747700954645,0.0693747700954645,0.486868686868687,0,0.708333333333333,0.395833333333333,0.395833333333333,0.708333333333333,0.3125,15,19,4,10,0.394736842105263,8,70.421052631579,16.4705882352941,644.908882740197,48,55,0.460984848484849,amplicon_count,native_integer
carlstrom_phyllosphere_2019,Leaf183,Leaf391,0,0,0.5003367003367,0,0,0,0.481144781144781,0,0,0,0.49023569023569,0,0,0,0,0.49023569023569,0,0,-0.138327777301271,0.138327777301271,0.783838383838384,0,0.708333333333333,0.8125,0.708333333333333,0.8125,0.583333333333333,28,6,11,3,0.622222222222222,8,121.897435897436,16.4705882352941,266.843616573725,48,55,0.460984848484849,amplicon_count,native_integer
carlstrom_phyllosphere_2019,Leaf183,Leaf396,0,0,0.5003367003367,0,0,0,0.481144781144781,0,0,0,0.49023569023569,0,0,0,0,0.49023569023569,0,0.05,0.153007255606371,0.153007255606371,0.818181818181818,0,0.708333333333333,0.375,0.375,0.708333333333333,0.3125,15,19,3,11,0.405405405405405,8,3.11111111111111,16.4705882352941,5.95744680851064,48,55,0.460984848484849,amplicon_count,native_integer
carlstrom_phyllosphere_2019,Leaf183,Leaf405,0,0,0.5003367003367,0,0,0,0.481144781144781,0,0,0,0.49023569023569,0,0,0,0,0.49023569023569,0,0,-0.19017997579792,0.19017997579792,0.895622895622896,0,0.708333333333333,0.854166666666667,0.708333333333333,0.854166666666667,0.583333333333333,28,6,13,1,0.595744680851064,8,479.731707317073,16.4705882352941,1289.73232854811,48,55,0.460984848484849,amplicon_count,native_integer
carlstrom_phyllosphere_2019,Leaf183,Leaf41,0,0,0.5003367003367,0,0,0,0.481144781144781,0,0,0,0.49023569023569,0,0,0,0,0.49023569023569,0,0,-0.13931285543027,0.13931285543027,0.788552188552189,0,0.708333333333333,0.520833333333333,0.520833333333333,0.708333333333333,0.333333333333333,16,18,9,5,0.372093023255814,8,6.04,16.4705882352941,5.95166971959984,48,55,0.460984848484849,amplicon_count,native_integer
carlstrom_phyllosphere_2019,Leaf183,Leaf416,0,0,0.5003367003367,0,0,0,0.481144781144781,0,0,0,0.49023569023569,0,0,0,0,0.49023569023569,0,0,0.121785866957397,0.121785866957397,0.74006734006734,0,0.708333333333333,0.708333333333333,0.708333333333333,0.708333333333333,0.520833333333333,25,9,9,5,0.581395348837209,8,103.088235294118,16.4705882352941,1707.97219170182,48,55,0.460984848484849,amplicon_count,native_integer
carlstrom_phyllosphere_2019,Leaf183,Leaf420,0,0,0.5003367003367,0,0,0,0.481144781144781,0,0,0,0.49023569023569,0,0,0,0,0.49023569023569,0,0,-0.0953771663534358,0.0953771663534358,0.628282828282828,0,0.708333333333333,1,0.708333333333333,1,0.708333333333333,34,0,14,0,0.708333333333333,8,336.333333333333,16.4705882352941,355.254496763174,48,55,0.460984848484849,amplicon_count,native_integer
carlstrom_phyllosphere_2019,Leaf183,Leaf427,0,0,0.5003367003367,0,0,0,0.481144781144781,0,0,0,0.49023569023569,0,0,0,0,0.49023569023569,0,0,-0.0621816057291974,0.0621816057291974,0.443097643097643,0,0.708333333333333,0.333333333333333,0.333333333333333,0.708333333333333,0.25,12,22,4,10,0.315789473684211,8,10.0625,16.4705882352941,23.5526628782873,48,55,0.460984848484849,amplicon_count,native_integer
carlstrom_phyllosphere_2019,Leaf183,Leaf443,0,0,0.5003367003367,0,0,0,0.481144781144781,0,0,0,0.49023569023569,0,0,0,0,0.49023569023569,0,0,-0.0766239818686894,0.0766239818686894,0.521885521885522,0,0.708333333333333,0.395833333333333,0.395833333333333,0.708333333333333,0.3125,15,19,4,10,0.394736842105263,8,19.8421052631579,16.4705882352941,80.271742197641,48,55,0.460984848484849,amplicon_count,native_integer
carlstrom_phyllosphere_2019,Leaf183,Leaf5,0,0,0.5003367003367,0,0,0,0.481144781144781,0,0,0,0.49023569023569,0,0,0,0,0.49023569023569,0,0,0.153269904216563,0.153269904216563,0.81952861952862,0,0.708333333333333,0.0625,0.0625,0.708333333333333,0.0625,3,31,0,14,0.0882352941176471,8,45.6666666666667,16.4705882352941,86.4430812237925,48,55,0.460984848484849,amplicon_count,native_integer
carlstrom_phyllosphere_2019,Leaf183,Leaf68,0,0,0.5003367003367,0,0,0,0.481144781144781,0,0,0,0.49023569023569,0,0,0,0,0.49023569023569,0,0,-0.106352212649907,0.106352212649907,0.681481481481482,0,0.708333333333333,1,0.708333333333333,1,0.708333333333333,34,0,14,0,0.708333333333333,8,941.958333333333,16.4705882352941,348.901820091499,48,55,0.460984848484849,amplicon_count,native_integer
carlstrom_phyllosphere_2019,Leaf183,Leaf70,0,0,0.5003367003367,0,0,0,0.481144781144781,0,0,0,0.49023569023569,0,0,0,0,0.49023569023569,0,0,-0.138682174345876,0.138682174345876,0.785858585858586,0,0.708333333333333,0.208333333333333,0.208333333333333,0.708333333333333,0.0833333333333333,4,30,6,8,0.1,8,17,16.4705882352941,30.6498122653316,48,55,0.460984848484849,amplicon_count,native_integer
carlstrom_phyllosphere_2019,Leaf183,Leaf82,0,0,0.5003367003367,0,0,0,0.481144781144781,0,0,0,0.49023569023569,0,0,0,0,0.49023569023569,0,0,-0.0618076307795358,0.0618076307795358,0.441750841750842,0,0.708333333333333,0.8125,0.708333333333333,0.8125,0.604166666666667,29,5,10,4,0.659090909090909,8,91.1282051282051,16.4705882352941,240.533890491984,48,55,0.460984848484849,amplicon_count,native_integer
carlstrom_phyllosphere_2019,Leaf183,Leaf83,0,0,0.5003367003367,0,-0.0747360147222657,0.0747360147222657,0.987878787878788,0,0,0,0.49023569023569,0,0.05,0,0,0.49023569023569,0,0,-0.258838505134849,0.258838505134849,0.96026936026936,0,0.708333333333333,0.6875,0.6875,0.708333333333333,0.458333333333333,22,12,11,3,0.488888888888889,8,305.818181818182,16.4705882352941,1571.80367849824,48,55,0.460984848484849,amplicon_count,native_integer
carlstrom_phyllosphere_2019,Leaf183,Leaf86,0,0,0.5003367003367,0,0,0,0.481144781144781,0,0,0,0.49023569023569,0,0,0,0,0.49023569023569,0,0,0.0268201063776965,0.0268201063776965,0.193939393939394,0,0.708333333333333,0.895833333333333,0.708333333333333,0.895833333333333,0.645833333333333,31,3,12,2,0.673913043478261,8,400.581395348837,16.4705882352941,1334.10514776271,48,55,0.460984848484849,amplicon_count,native_integer
carlstrom_phyllosphere_2019,Leaf183,Leaf88,0,0,0.5003367003367,0,0,0,0.481144781144781,0,0,0,0.49023569023569,0,0,0,0,0.49023569023569,0,0,0.0865075439480501,0.0865075439480501,0.581818181818182,0,0.708333333333333,0.3125,0.3125,0.708333333333333,0.3125,15,19,0,14,0.441176470588235,8,84.2,16.4705882352941,965.149492090767,48,55,0.460984848484849,amplicon_count,native_integer
carlstrom_phyllosphere_2019,Leaf183,Leaf90,0,0,0.5003367003367,0,0,0,0.481144781144781,0,0,0,0.49023569023569,0,0,0,0,0.49023569023569,0,0.05,0.210599580125638,0.210599580125638,0.924579124579125,0,0.708333333333333,0.791666666666667,0.708333333333333,0.791666666666667,0.604166666666667,29,5,9,5,0.674418604651163,8,292.342105263158,16.4705882352941,1496.93020035509,48,55,0.460984848484849,amplicon_count,native_integer
carlstrom_phyllosphere_2019,Leaf187,Leaf189,0,0,0.5003367003367,0,0,0,0.481144781144781,0,0,0,0.49023569023569,0,0,0,0,0.49023569023569,0,0,0.00837231741739156,0.00837231741739156,0.0491582491582492,0,0.145833333333333,0.4375,0.145833333333333,0.4375,0.0416666666666667,2,5,19,22,0.0769230769230769,31.5714285714286,4.28571428571429,180.897564263021,6.95886524822695,48,55,0.460984848484849,amplicon_count,native_integer
carlstrom_phyllosphere_2019,Leaf187,Leaf2,0,0,0.5003367003367,0,0,0,0.481144781144781,0,0,0,0.49023569023569,0,0,0,0,0.49023569023569,0,0,-0.0964712505852012,0.0964712505852012,0.635690235690236,0,0.145833333333333,0.520833333333333,0.145833333333333,0.520833333333333,0.0625,3,4,22,19,0.103448275862069,31.5714285714286,11.84,180.897564263021,26.2242668200115,48,55,0.460984848484849,amplicon_count,native_integer
carlstrom_phyllosphere_2019,Leaf187,Leaf202,0,0,0.5003367003367,0,0,0,0.481144781144781,0,0,0,0.49023569023569,0,0,0,0,0.49023569023569,0,0,0.121686864912655,0.121686864912655,0.739393939393939,0,0.145833333333333,1,0.145833333333333,1,0.145833333333333,7,0,41,0,0.145833333333333,31.5714285714286,948.583333333333,180.897564263021,348.703505227093,48,55,0.460984848484849,amplicon_count,native_integer
carlstrom_phyllosphere_2019,Leaf187,Leaf203,0,0,0.5003367003367,0,0,0,0.481144781144781,0,0,0,0.49023569023569,0,0,0,0,0.49023569023569,0,0,0.0331025082507425,0.0331025082507425,0.235016835016835,0,0.145833333333333,1,0.145833333333333,1,0.145833333333333,7,0,41,0,0.145833333333333,31.5714285714286,1084.5,180.897564263021,860.618894872625,48,55,0.460984848484849,amplicon_count,native_integer
carlstrom_phyllosphere_2019,Leaf187,Leaf220,0,0,0.5003367003367,0,0,0,0.481144781144781,0,0,0,0.49023569023569,0,0.05,0,0,0.49023569023569,0,0.05,0.1069857018183,0.1069857018183,0.686195286195286,0,0.145833333333333,0.0833333333333333,0.0833333333333333,0.145833333333333,0.0416666666666667,2,5,2,39,0.222222222222222,31.5714285714286,1.5,180.897564263021,1.91489361702128,48,55,0.460984848484849,amplicon_count,native_integer
carlstrom_phyllosphere_2019,Leaf187,Leaf222,0,0,0.5003367003367,0,0,0,0.481144781144781,0,0,0,0.49023569023569,0,0,0,0,0.49023569023569,0,0,-0.0680616375983698,0.0680616375983698,0.47946127946128,0,0.145833333333333,0.0625,0.0625,0.145833333333333,0,0,7,3,38,0,31.5714285714286,5,180.897564263021,5.74042553191489,48,55,0.460984848484849,amplicon_count,native_integer
carlstrom_phyllosphere_2019,Leaf187,Leaf225,0,0,0.5003367003367,0,0,0,0.481144781144781,0,0,0,0.49023569023569,0,0,0,0,0.49023569023569,0,0,-0.0900884220916242,0.0900884220916242,0.6,0,0.145833333333333,0.208333333333333,0.145833333333333,0.208333333333333,0.0208333333333333,1,6,9,32,0.0625,31.5714285714286,4,180.897564263021,10.9957446808511,48,55,0.460984848484849,amplicon_count,native_integer
carlstrom_phyllosphere_2019,Leaf187,Leaf231,0,0,0.5003367003367,0,0,0,0.481144781144781,0,0,0,0.49023569023569,0,0,0,0,0.49023569023569,0,0,-0.0800808637083987,0.0800808637083987,0.541414141414141,0,0.145833333333333,0.9375,0.145833333333333,0.9375,0.145833333333333,7,0,38,3,0.155555555555556,31.5714285714286,297.933333333333,180.897564263021,297.978171136386,48,55,0.460984848484849,amplicon_count,native_integer
carlstrom_phyllosphere_2019,Leaf187,Leaf233,0,0,0.5003367003367,0,0,0,0.481144781144781,0,0,0,0.49023569023569,0,0,0,0,0.49023569023569,0,0,-0.0982968043623315,0.0982968043623315,0.647138047138047,0,0.145833333333333,1,0.145833333333333,1,0.145833333333333,7,0,41,0,0.145833333333333,31.5714285714286,501.791666666667,180.897564263021,1557.43476302116,48,55,0.460984848484849,amplicon_count,native_integer
carlstrom_phyllosphere_2019,Leaf187,Leaf234,0,0,0.5003367003367,0,0,0,0.481144781144781,0,0,0,0.49023569023569,0,0,0,0,0.49023569023569,0,0.25,0.0438653198358397,0.0438653198358397,0.314478114478114,0,0.145833333333333,0.145833333333333,0.145833333333333,0.145833333333333,0.0625,3,4,4,37,0.272727272727273,31.5714285714286,4.42857142857143,180.897564263021,8.86135895676048,48,55,0.460984848484849,amplicon_count,native_integer
carlstrom_phyllosphere_2019,Leaf187,Leaf242,0,0,0.5003367003367,0,0,0,0.481144781144781,0,0,0,0.49023569023569,0,0,0,0,0.49023569023569,0,0,-0.106913770396859,0.106913770396859,0.685521885521886,0,0.145833333333333,0.708333333333333,0.145833333333333,0.708333333333333,0.104166666666667,5,2,29,12,0.138888888888889,31.5714285714286,66.7941176470588,180.897564263021,216.737429382501,48,55,0.460984848484849,amplicon_count,native_integer
carlstrom_phyllosphere_2019,Leaf187,Leaf26,0,0,0.5003367003367,0,0,0,0.481144781144781,0,0,0,0.49023569023569,0,0,0,0,0.49023569023569,0,0,-0.0778112411754033,0.0778112411754033,0.52996632996633,0,0.145833333333333,0.833333333333333,0.145833333333333,0.833333333333333,0.145833333333333,7,0,33,8,0.175,31.5714285714286,137.2,180.897564263021,459.115315427083,48,55,0.460984848484849,amplicon_count,native_integer
carlstrom_phyllosphere_2019,Leaf187,Leaf262,0,0,0.5003367003367,0,0,0,0.481144781144781,0,0,0,0.49023569023569,0,0,0,0,0.49023569023569,0,0,0.0228125900544644,0.0228125900544644,0.167003367003367,0,0.145833333333333,0.958333333333333,0.145833333333333,0.958333333333333,0.145833333333333,7,0,39,2,0.152173913043478,31.5714285714286,363.369565217391,180.897564263021,1068.25302664825,48,55,0.460984848484849,amplicon_count,native_integer
carlstrom_phyllosphere_2019,Leaf187,Leaf263,0,0,0.5003367003367,0,0,0,0.481144781144781,0,0,0,0.49023569023569,0,0,0,0,0.49023569023569,0,0.15,-0.053577636132658,0.053577636132658,0.381144781144781,0,0.145833333333333,0.145833333333333,0.145833333333333,0.145833333333333,0.0208333333333333,1,6,6,35,0.0769230769230769,31.5714285714286,3,180.897564263021,8.35562310030395,48,55,0.460984848484849,amplicon_count,native_integer
carlstrom_phyllosphere_2019,Leaf187,Leaf265,0,0,0.5003367003367,0,0,0,0.481144781144781,0,0,0,0.49023569023569,0,0,0,0,0.49023569023569,0,0.05,0.0606795576303091,0.0606795576303091,0.430976430976431,0,0.145833333333333,0.708333333333333,0.145833333333333,0.708333333333333,0.125,6,1,28,13,0.171428571428571,31.5714285714286,136.529411764706,180.897564263021,386.282783466408,48,55,0.460984848484849,amplicon_count,native_integer
carlstrom_phyllosphere_2019,Leaf187,Leaf281,0,0,0.5003367003367,0,0,0,0.481144781144781,0,0,0,0.49023569023569,0,0,0,0,0.49023569023569,0,0,0.056019426193712,0.056019426193712,0.397979797979798,0,0.145833333333333,0.541666666666667,0.145833333333333,0.541666666666667,0.0625,3,4,23,18,0.1,31.5714285714286,17.0384615384615,180.897564263021,95.0328514480573,48,55,0.460984848484849,amplicon_count,native_integer
carlstrom_phyllosphere_2019,Leaf187,Leaf285,0,0,0.5003367003367,0,0,0,0.481144781144781,0,0,0,0.49023569023569,0,0,0,0,0.49023569023569,0,0,-0.162775510559016,0.162775510559016,0.834343434343434,0,0.145833333333333,0.625,0.145833333333333,0.625,0.104166666666667,5,2,25,16,0.15625,31.5714285714286,101.233333333333,180.897564263021,506.741332081632,48,55,0.460984848484849,amplicon_count,native_integer
carlstrom_phyllosphere_2019,Leaf187,Leaf288,0,0,0.5003367003367,0,0,0,0.481144781144781,0,0,0,0.49023569023569,0,0,0,0,0.49023569023569,0,0,0.0132994934402728,0.0132994934402728,0.0929292929292929,0,0.145833333333333,0.25,0.145833333333333,0.25,0.0416666666666667,2,5,10,31,0.117647058823529,31.5714285714286,26.75,180.897564263021,144.697753032412,48,55,0.460984848484849,amplicon_count,native_integer
carlstrom_phyllosphere_2019,Leaf187,Leaf3,0,0,0.5003367003367,0,0,0,0.481144781144781,0,0,0,0.49023569023569,0,0,0,0,0.49023569023569,0,0,0.0473088810930892,0.0473088810930892,0.339393939393939,0,0.145833333333333,0.541666666666667,0.145833333333333,0.541666666666667,0.0625,3,4,23,18,0.1,31.5714285714286,17.6923076923077,180.897564263021,106.65605920444,48,55,0.460984848484849,amplicon_count,native_integer
carlstrom_phyllosphere_2019,Leaf187,Leaf324,0,0,0.5003367003367,0,0,0,0.481144781144781,0,0,0,0.49023569023569,0,0,0,0,0.49023569023569,0,0,-0.0608766776969851,0.0608766776969851,0.432996632996633,0,0.145833333333333,0.458333333333333,0.145833333333333,0.458333333333333,0.0833333333333333,4,3,18,23,0.16,31.5714285714286,35.8181818181818,180.897564263021,99.4392482989524,48,55,0.460984848484849,amplicon_count,native_integer
carlstrom_phyllosphere_2019,Leaf187,Leaf33,0,0,0.5003367003367,0,0,0,0.481144781144781,0,0,0,0.49023569023569,0,0,0,0,0.49023569023569,0,0.15,-0.0552652377387819,0.0552652377387819,0.390572390572391,0,0.145833333333333,0.354166666666667,0.145833333333333,0.354166666666667,0.0208333333333333,1,6,16,25,0.0434782608695652,31.5714285714286,100.588235294118,180.897564263021,225.172527062337,48,55,0.460984848484849,amplicon_count,native_integer
carlstrom_phyllosphere_2019,Leaf187,Leaf334,0,0,0.5003367003367,0,0,0,0.481144781144781,0,0,0,0.49023569023569,0,0,0,0,0.49023569023569,0,0,0.021535267180753,0.021535267180753,0.155555555555556,0,0.145833333333333,0.1875,0.145833333333333,0.1875,0.0208333333333333,1,6,8,33,0.0666666666666667,31.5714285714286,5.55555555555556,180.897564263021,22.2212765957447,48,55,0.460984848484849,amplicon_count,native_integer
carlstrom_phyllosphere_2019,Leaf187,Leaf336,0,0,0.5003367003367,0,0,0,0.481144781144781,0,0,0,0.49023569023569,0,0,0,0,0.49023569023569,0,0,0.029515370940696,0.029515370940696,0.213468013468014,0,0.145833333333333,0.958333333333333,0.145833333333333,0.958333333333333,0.145833333333333,7,0,39,2,0.152173913043478,31.5714285714286,14.195652173913,180.897564263021,30.2871525854485,48,55,0.460984848484849,amplicon_count,native_integer
carlstrom_phyllosphere_2019,Leaf187,Leaf337,0,0,0.5003367003367,0,0,0,0.481144781144781,0,0,0,0.49023569023569,0,0,0,0,0.49023569023569,0,0,-0.0276924598504218,0.0276924598504218,0.200673400673401,0,0.145833333333333,0.208333333333333,0.145833333333333,0.208333333333333,0.0208333333333333,1,6,9,32,0.0625,31.5714285714286,1.5,180.897564263021,1.79148936170213,48,55,0.460984848484849,amplicon_count,native_integer
carlstrom_phyllosphere_2019,Leaf187,Leaf344,0,0,0.5003367003367,0,0,0,0.481144781144781,0,0,0,0.49023569023569,0,0,0,0,0.49023569023569,0,0,-0.126568346054642,0.126568346054642,0.755555555555556,0,0.145833333333333,0.479166666666667,0.145833333333333,0.479166666666667,0.0625,3,4,20,21,0.111111111111111,31.5714285714286,33.1739130434783,180.897564263021,70.1006385767268,48,55,0.460984848484849,amplicon_count,native_integer
carlstrom_phyllosphere_2019,Leaf187,Leaf351,0,0,0.5003367003367,0,0,0,0.481144781144781,0,0,0,0.49023569023569,0,0,0,0,0.49023569023569,0,0,-0.0867758569134588,0.0867758569134588,0.583838383838384,0,0.145833333333333,0.145833333333333,0.145833333333333,0.145833333333333,0.0208333333333333,1,6,6,35,0.0769230769230769,31.5714285714286,4.14285714285714,180.897564263021,12.9413059427733,48,55,0.460984848484849,amplicon_count,native_integer
carlstrom_phyllosphere_2019,Leaf187,Leaf354,0,0,0.5003367003367,0,0,0,0.481144781144781,0,0,0,0.49023569023569,0,0,-0.0176388889995358,0.0176388889995358,0.987205387205387,1,0.45,-0.193893307999303,0.193893307999303,0.9003367003367,0,0.145833333333333,0.875,0.145833333333333,0.875,0.104166666666667,5,2,37,4,0.113636363636364,31.5714285714286,17.952380952381,180.897564263021,84.8687849201423,48,55,0.460984848484849,amplicon_count,native_integer
carlstrom_phyllosphere_2019,Leaf187,Leaf357,0,0,0.5003367003367,0,0,0,0.481144781144781,0,0,0,0.49023569023569,0,0,0,0,0.49023569023569,0,0,-0.00913087143542604,0.00913087143542604,0.0558922558922559,0,0.145833333333333,0.4375,0.145833333333333,0.4375,0.0625,3,4,18,23,0.12,31.5714285714286,7.19047619047619,180.897564263021,9.76623925602367,48,55,0.460984848484849,amplicon_count,native_integer
carlstrom_phyllosphere_2019,Leaf187,Leaf359,0,0,0.5003367003367,0,0,0,0.481144781144781,0,0,0,0.49023569023569,0,0,0,0,0.49023569023569,0,0,-0.0430270046314134,0.0430270046314134,0.31043771043771,0,0.145833333333333,0.0416666666666667,0.0416666666666667,0.145833333333333,0.0208333333333333,1,6,1,40,0.125,31.5714285714286,1.5,180.897564263021,1.63829787234043,48,55,0.460984848484849,amplicon_count,native_integer
carlstrom_phyllosphere_2019,Leaf187,Leaf363,0,0,0.5003367003367,0,0,0,0.481144781144781,0,0,0,0.49023569023569,0,0,0,0,0.49023569023569,0,0,0.0360795499843856,0.0360795499843856,0.257239057239057,0,0.145833333333333,0.291666666666667,0.145833333333333,0.291666666666667,0.0416666666666667,2,5,12,29,0.105263157894737,31.5714285714286,23.9285714285714,180.897564263021,39.4577961257542,48,55,0.460984848484849,amplicon_count,native_integer
carlstrom_phyllosphere_2019,Leaf187,Leaf371,0,0,0.5003367003367,0,0,0,0.481144781144781,0,0.00598822888048873,0.00598822888048873,0.982491582491583,1,0.55,0.0506575947604036,0.0506575947604036,0.991919191919192,1,0.7,0.331657237504614,0.331657237504614,0.984511784511785,1,0.145833333333333,0.25,0.145833333333333,0.25,0.104166666666667,5,2,7,34,0.357142857142857,31.5714285714286,46.9166666666667,180.897564263021,104.532066059484,48,55,0.460984848484849,amplicon_count,native_integer
carlstrom_phyllosphere_2019,Leaf187,Leaf380,0,0,0.5003367003367,0,0,0,0.481144781144781,0,0,0,0.49023569023569,0,0,0,0,0.49023569023569,0,0,0.163397309761139,0.163397309761139,0.835016835016835,0,0.145833333333333,0.395833333333333,0.145833333333333,0.395833333333333,0.0833333333333333,4,3,15,26,0.181818181818182,31.5714285714286,70.421052631579,180.897564263021,644.908882740197,48,55,0.460984848484849,amplicon_count,native_integer
carlstrom_phyllosphere_2019,Leaf187,Leaf391,0,0,0.5003367003367,0,0,0,0.481144781144781,0,0,0,0.49023569023569,0,0,0,0,0.49023569023569,0,0,-0.037346080694641,0.037346080694641,0.27003367003367,0,0.145833333333333,0.8125,0.145833333333333,0.8125,0.145833333333333,7,0,32,9,0.17948717948718,31.5714285714286,121.897435897436,180.897564263021,266.843616573725,48,55,0.460984848484849,amplicon_count,native_integer
carlstrom_phyllosphere_2019,Leaf187,Leaf396,0,0,0.5003367003367,0,0,0,0.481144781144781,0,0,0,0.49023569023569,0,0,0,0,0.49023569023569,0,0,-0.0381833876849001,0.0381833876849001,0.276094276094276,0,0.145833333333333,0.375,0.145833333333333,0.375,0.0416666666666667,2,5,16,25,0.0869565217391304,31.5714285714286,3.11111111111111,180.897564263021,5.95744680851064,48,55,0.460984848484849,amplicon_count,native_integer
carlstrom_phyllosphere_2019,Leaf187,Leaf405,0,0,0.5003367003367,0,0,0,0.481144781144781,0,0,0,0.49023569023569,0,0,0,0,0.49023569023569,0,0,0.0835443806527876,0.0835443806527876,0.562289562289562,0,0.145833333333333,0.854166666666667,0.145833333333333,0.854166666666667,0.125,6,1,35,6,0.142857142857143,31.5714285714286,479.731707317073,180.897564263021,1289.73232854811,48,55,0.460984848484849,amplicon_count,native_integer
carlstrom_phyllosphere_2019,Leaf187,Leaf41,0,0,0.5003367003367,0,0,0,0.481144781144781,0,0,0,0.49023569023569,0,0,0,0,0.49023569023569,0,0,-0.10490870464815,0.10490870464815,0.676094276094276,0,0.145833333333333,0.520833333333333,0.145833333333333,0.520833333333333,0.0833333333333333,4,3,21,20,0.142857142857143,31.5714285714286,6.04,180.897564263021,5.95166971959984,48,55,0.460984848484849,amplicon_count,native_integer
carlstrom_phyllosphere_2019,Leaf187,Leaf416,0,0,0.5003367003367,0,0,0,0.481144781144781,0,0,0,0.49023569023569,0,0,0,0,0.49023569023569,0,0,-0.0691588417188774,0.0691588417188774,0.485521885521886,0,0.145833333333333,0.708333333333333,0.145833333333333,0.708333333333333,0.104166666666667,5,2,29,12,0.138888888888889,31.5714285714286,103.088235294118,180.897564263021,1707.97219170182,48,55,0.460984848484849,amplicon_count,native_integer
carlstrom_phyllosphere_2019,Leaf187,Leaf420,0,0,0.5003367003367,0,0,0,0.481144781144781,0,0,0,0.49023569023569,0,0,0,0,0.49023569023569,0,0,-0.0448258396333315,0.0448258396333315,0.318518518518519,0,0.145833333333333,1,0.145833333333333,1,0.145833333333333,7,0,41,0,0.145833333333333,31.5714285714286,336.333333333333,180.897564263021,355.254496763174,48,55,0.460984848484849,amplicon_count,native_integer
carlstrom_phyllosphere_2019,Leaf187,Leaf427,0,0,0.5003367003367,0,0,0,0.481144781144781,0,0,0,0.49023569023569,0,0,0,0,0.49023569023569,0,0,-0.0154683505256541,0.0154683505256541,0.108417508417508,0,0.145833333333333,0.333333333333333,0.145833333333333,0.333333333333333,0.0625,3,4,13,28,0.15,31.5714285714286,10.0625,180.897564263021,23.5526628782873,48,55,0.460984848484849,amplicon_count,native_integer
carlstrom_phyllosphere_2019,Leaf187,Leaf443,0,0,0.5003367003367,0,0,0,0.481144781144781,0,0,0,0.49023569023569,0,0,0,0,0.49023569023569,0,0,-0.0768290024601421,0.0768290024601421,0.524579124579125,0,0.145833333333333,0.395833333333333,0.145833333333333,0.395833333333333,0.0625,3,4,16,25,0.130434782608696,31.5714285714286,19.8421052631579,180.897564263021,80.271742197641,48,55,0.460984848484849,amplicon_count,native_integer
carlstrom_phyllosphere_2019,Leaf187,Leaf5,0,0,0.5003367003367,0,0,0,0.481144781144781,0,0,0,0.49023569023569,0,0,0,0,0.49023569023569,0,0,-0.0343900935895272,0.0343900935895272,0.244444444444444,0,0.145833333333333,0.0625,0.0625,0.145833333333333,0,0,7,3,38,0,31.5714285714286,45.6666666666667,180.897564263021,86.4430812237925,48,55,0.460984848484849,amplicon_count,native_integer
carlstrom_phyllosphere_2019,Leaf187,Leaf68,0,0,0.5003367003367,0,0.00301578366753214,0.00301578366753214,0.968350168350168,0,0,0,0.49023569023569,0,0,0,0,0.49023569023569,0,0,0.124402420871175,0.124402420871175,0.746127946127946,0,0.145833333333333,1,0.145833333333333,1,0.145833333333333,7,0,41,0,0.145833333333333,31.5714285714286,941.958333333333,180.897564263021,348.901820091499,48,55,0.460984848484849,amplicon_count,native_integer
carlstrom_phyllosphere_2019,Leaf187,Leaf70,0,0,0.5003367003367,0,0,0,0.481144781144781,0,0.0368484010660402,0.0368484010660402,0.991919191919192,1,0.8,0.0837524769694064,0.0837524769694064,0.993939393939394,1,0.75,0.191229073272289,0.191229073272289,0.897643097643098,0,0.145833333333333,0.208333333333333,0.145833333333333,0.208333333333333,0.0833333333333333,4,3,6,35,0.307692307692308,31.5714285714286,17,180.897564263021,30.6498122653316,48,55,0.460984848484849,amplicon_count,native_integer
carlstrom_phyllosphere_2019,Leaf187,Leaf82,0,0,0.5003367003367,0,0,0,0.481144781144781,0,0,0,0.49023569023569,0,0,0,0,0.49023569023569,0,0.05,0.0137024077949186,0.0137024077949186,0.0976430976430976,0,0.145833333333333,0.8125,0.145833333333333,0.8125,0.125,6,1,33,8,0.15,31.5714285714286,91.1282051282051,180.897564263021,240.533890491984,48,55,0.460984848484849,amplicon_count,native_integer
carlstrom_phyllosphere_2019,Leaf187,Leaf83,0,0,0.5003367003367,0,0.201326613478368,0.201326613478368,0.996632996632997,0,0,0,0.49023569023569,0,0.55,0.112309162846129,0.112309162846129,0.997306397306397,1,0.6,0.254181928203729,0.254181928203729,0.958249158249158,0,0.145833333333333,0.6875,0.145833333333333,0.6875,0.125,6,1,27,14,0.176470588235294,31.5714285714286,305.818181818182,180.897564263021,1571.80367849824,48,55,0.460984848484849,amplicon_count,native_integer
carlstrom_phyllosphere_2019,Leaf187,Leaf86,0,0,0.5003367003367,0,0,0,0.481144781144781,0,0,0,0.49023569023569,0,0,0,0,0.49023569023569,0,0,-0.105200745138105,0.105200745138105,0.677441077441077,0,0.145833333333333,0.895833333333333,0.145833333333333,0.895833333333333,0.125,6,1,37,4,0.136363636363636,31.5714285714286,400.581395348837,180.897564263021,1334.10514776271,48,55,0.460984848484849,amplicon_count,native_integer
carlstrom_phyllosphere_2019,Leaf187,Leaf88,0,0,0.5003367003367,0,0,0,0.481144781144781,0,0,0,0.49023569023569,0,0,0,0,0.49023569023569,0,0.1,-0.0868017284219482,0.0868017284219482,0.584511784511785,0,0.145833333333333,0.3125,0.145833333333333,0.3125,0.0208333333333333,1,6,14,27,0.0476190476190476,31.5714285714286,84.2,180.897564263021,965.149492090767,48,55,0.460984848484849,amplicon_count,native_integer
carlstrom_phyllosphere_2019,Leaf187,Leaf90,0,0,0.5003367003367,0,0,0,0.481144781144781,0,0,0,0.49023569023569,0,0,0,0,0.49023569023569,0,0,-0.0324295327033196,0.0324295327033196,0.23030303030303,0,0.145833333333333,0.791666666666667,0.145833333333333,0.791666666666667,0.145833333333333,7,0,31,10,0.184210526315789,31.5714285714286,292.342105263158,180.897564263021,1496.93020035509,48,55,0.460984848484849,amplicon_count,native_integer
carlstrom_phyllosphere_2019,Leaf189,Leaf2,0,0,0.5003367003367,0,0,0,0.481144781144781,0,0,0,0.49023569023569,0,0,0,0,0.49023569023569,0,0,0.0421752925096512,0.0421752925096512,0.302356902356902,0,0.4375,0.520833333333333,0.4375,0.520833333333333,0.25,12,9,13,14,0.352941176470588,4.28571428571429,11.84,6.95886524822695,26.2242668200115,48,55,0.460984848484849,amplicon_count,native_integer
carlstrom_phyllosphere_2019,Leaf189,Leaf202,0,0,0.5003367003367,0,0,0,0.481144781144781,0,0,0,0.49023569023569,0,0,0,0,0.49023569023569,0,0,0.00408891943764245,0.00408891943764245,0.0195286195286195,0,0.4375,1,0.4375,1,0.4375,21,0,27,0,0.4375,4.28571428571429,948.583333333333,6.95886524822695,348.703505227093,48,55,0.460984848484849,amplicon_count,native_integer
carlstrom_phyllosphere_2019,Leaf189,Leaf203,0,0,0.5003367003367,0,0,0,0.481144781144781,0,0,0,0.49023569023569,0,0,0,0,0.49023569023569,0,0,0.190248885986308,0.190248885986308,0.896296296296296,0,0.4375,1,0.4375,1,0.4375,21,0,27,0,0.4375,4.28571428571429,1084.5,6.95886524822695,860.618894872625,48,55,0.460984848484849,amplicon_count,native_integer
carlstrom_phyllosphere_2019,Leaf189,Leaf220,0,0,0.5003367003367,0,0,0,0.481144781144781,0,0,0,0.49023569023569,0,0,0,0,0.49023569023569,0,0.45,-0.097140545754784,0.097140545754784,0.63973063973064,0,0.4375,0.0833333333333333,0.0833333333333333,0.4375,0,0,21,4,23,0,4.28571428571429,1.5,6.95886524822695,1.91489361702128,48,55,0.460984848484849,amplicon_count,native_integer
carlstrom_phyllosphere_2019,Leaf189,Leaf222,0,0,0.5003367003367,0,0,0,0.481144781144781,0,0,0,0.49023569023569,0,0,0,0,0.49023569023569,0,0,0.0184270734649502,0.0184270734649502,0.128619528619529,0,0.4375,0.0625,0.0625,0.4375,0.0208333333333333,1,20,2,25,0.0434782608695652,4.28571428571429,5,6.95886524822695,5.74042553191489,48,55,0.460984848484849,amplicon_count,native_integer
carlstrom_phyllosphere_2019,Leaf189,Leaf225,0,0,0.5003367003367,0,0,0,0.481144781144781,0,0,0,0.49023569023569,0,0,0,0,0.49023569023569,0,0,0.0181116190328846,0.0181116190328846,0.126599326599327,0,0.4375,0.208333333333333,0.208333333333333,0.4375,0.125,6,15,4,23,0.24,4.28571428571429,4,6.95886524822695,10.9957446808511,48,55,0.460984848484849,amplicon_count,native_integer
carlstrom_phyllosphere_2019,Leaf189,Leaf231,0,0,0.5003367003367,0,0,0,0.481144781144781,0,0,0,0.49023569023569,0,0,0,0,0.49023569023569,0,0,-0.155195357151036,0.155195357151036,0.823569023569024,0,0.4375,0.9375,0.4375,0.9375,0.395833333333333,19,2,26,1,0.404255319148936,4.28571428571429,297.933333333333,6.95886524822695,297.978171136386,48,55,0.460984848484849,amplicon_count,native_integer
carlstrom_phyllosphere_2019,Leaf189,Leaf233,0,0,0.5003367003367,0,0,0,0.481144781144781,0,0,0,0.49023569023569,0,0,0,0,0.49023569023569,0,0,-0.00487258892942302,0.00487258892942302,0.0249158249158249,0,0.4375,1,0.4375,1,0.4375,21,0,27,0,0.4375,4.28571428571429,501.791666666667,6.95886524822695,1557.43476302116,48,55,0.460984848484849,amplicon_count,native_integer
carlstrom_phyllosphere_2019,Leaf189,Leaf234,0,0,0.5003367003367,0,0,0,0.481144781144781,0,0,0,0.49023569023569,0,0,0,0,0.49023569023569,0,0.05,-0.00623924633233119,0.00623924633233119,0.0363636363636364,0,0.4375,0.145833333333333,0.145833333333333,0.4375,0.0416666666666667,2,19,5,22,0.0769230769230769,4.28571428571429,4.42857142857143,6.95886524822695,8.86135895676048,48,55,0.460984848484849,amplicon_count,native_integer
carlstrom_phyllosphere_2019,Leaf189,Leaf242,0,0,0.5003367003367,0,0,0,0.481144781144781,0,0,0,0.49023569023569,0,0,0,0,0.49023569023569,0,0,-0.0262068752740426,0.0262068752740426,0.18989898989899,0,0.4375,0.708333333333333,0.4375,0.708333333333333,0.270833333333333,13,8,21,6,0.30952380952381,4.28571428571429,66.7941176470588,6.95886524822695,216.737429382501,48,55,0.460984848484849,amplicon_count,native_integer
carlstrom_phyllosphere_2019,Leaf189,Leaf26,0,0,0.5003367003367,0,0,0,0.481144781144781,0,0,0,0.49023569023569,0,0,0,0,0.49023569023569,0,0,-0.0398802588791523,0.0398802588791523,0.287542087542088,0,0.4375,0.833333333333333,0.4375,0.833333333333333,0.395833333333333,19,2,21,6,0.452380952380952,4.28571428571429,137.2,6.95886524822695,459.115315427083,48,55,0.460984848484849,amplicon_count,native_integer
carlstrom_phyllosphere_2019,Leaf189,Leaf262,0,0,0.5003367003367,0,0,0,0.481144781144781,0,0,0,0.49023569023569,0,0,0,0,0.49023569023569,0,0,-0.0319219380553241,0.0319219380553241,0.228282828282828,0,0.4375,0.958333333333333,0.4375,0.958333333333333,0.4375,21,0,25,2,0.456521739130435,4.28571428571429,363.369565217391,6.95886524822695,1068.25302664825,48,55,0.460984848484849,amplicon_count,native_integer
carlstrom_phyllosphere_2019,Leaf189,Leaf263,0,0,0.5003367003367,0,0,0,0.481144781144781,0,0,0,0.49023569023569,0,0,0,0,0.49023569023569,0,0,0.0311226765036287,0.0311226765036287,0.224915824915825,0,0.4375,0.145833333333333,0.145833333333333,0.4375,0.0833333333333333,4,17,3,24,0.166666666666667,4.28571428571429,3,6.95886524822695,8.35562310030395,48,55,0.460984848484849,amplicon_count,native_integer
carlstrom_phyllosphere_2019,Leaf189,Leaf265,0,0,0.5003367003367,0,0,0,0.481144781144781,0,0,0,0.49023569023569,0,0,0,0,0.49023569023569,0,0.05,0.0541838682708348,0.0541838682708348,0.385858585858586,0,0.4375,0.708333333333333,0.4375,0.708333333333333,0.354166666666667,17,4,17,10,0.447368421052632,4.28571428571429,136.529411764706,6.95886524822695,386.282783466408,48,55,0.460984848484849,amplicon_count,native_integer
carlstrom_phyllosphere_2019,Leaf189,Leaf281,0,0,0.5003367003367,0,0,0,0.481144781144781,0,0,0,0.49023569023569,0,0,0,0,0.49023569023569,0,0,0.0713624283469909,0.0713624283469909,0.496296296296296,0,0.4375,0.541666666666667,0.4375,0.541666666666667,0.3125,15,6,11,16,0.46875,4.28571428571429,17.0384615384615,6.95886524822695,95.0328514480573,48,55,0.460984848484849,amplicon_count,native_integer
carlstrom_phyllosphere_2019,Leaf189,Leaf285,0,0,0.5003367003367,0,0,0,0.481144781144781,0,0,0,0.49023569023569,0,0,0,0,0.49023569023569,0,0,-0.0780761033519178,0.0780761033519178,0.532659932659933,0,0.4375,0.625,0.4375,0.625,0.291666666666667,14,7,16,11,0.378378378378378,4.28571428571429,101.233333333333,6.95886524822695,506.741332081632,48,55,0.460984848484849,amplicon_count,native_integer
carlstrom_phyllosphere_2019,Leaf189,Leaf288,0,0,0.5003367003367,0,0,0,0.481144781144781,0,0,0,0.49023569023569,0,0,0,0,0.49023569023569,0,0,0.0392832133547999,0.0392832133547999,0.285521885521886,0,0.4375,0.25,0.25,0.4375,0.125,6,15,6,21,0.222222222222222,4.28571428571429,26.75,6.95886524822695,144.697753032412,48,55,0.460984848484849,amplicon_count,native_integer
carlstrom_phyllosphere_2019,Leaf189,Leaf3,0,0,0.5003367003367,0,0,0,0.481144781144781,0,0,0,0.49023569023569,0,0,0,0,0.49023569023569,0,0,-0.0326266632684526,0.0326266632684526,0.231649831649832,0,0.4375,0.541666666666667,0.4375,0.541666666666667,0.291666666666667,14,7,12,15,0.424242424242424,4.28571428571429,17.6923076923077,6.95886524822695,106.65605920444,48,55,0.460984848484849,amplicon_count,native_integer
carlstrom_phyllosphere_2019,Leaf189,Leaf324,0,0,0.5003367003367,0,0,0,0.481144781144781,0,0,0,0.49023569023569,0,0,0,0,0.49023569023569,0,0.1,0.0422365726351389,0.0422365726351389,0.303703703703704,0,0.4375,0.458333333333333,0.4375,0.458333333333333,0.291666666666667,14,7,8,19,0.482758620689655,4.28571428571429,35.8181818181818,6.95886524822695,99.4392482989524,48,55,0.460984848484849,amplicon_count,native_integer
carlstrom_phyllosphere_2019,Leaf189,Leaf33,0,0,0.5003367003367,0,0,0,0.481144781144781,0,0,0,0.49023569023569,0,0,0,0,0.49023569023569,0,0,0.030707977989442,0.030707977989442,0.222895622895623,0,0.4375,0.354166666666667,0.354166666666667,0.4375,0.208333333333333,10,11,7,20,0.357142857142857,4.28571428571429,100.588235294118,6.95886524822695,225.172527062337,48,55,0.460984848484849,amplicon_count,native_integer
carlstrom_phyllosphere_2019,Leaf189,Leaf334,0,0,0.5003367003367,0,0,0,0.481144781144781,0,0,0,0.49023569023569,0,0,0,0,0.49023569023569,0,0,0.0506631134108553,0.0506631134108553,0.361616161616162,0,0.4375,0.1875,0.1875,0.4375,0.104166666666667,5,16,4,23,0.2,4.28571428571429,5.55555555555556,6.95886524822695,22.2212765957447,48,55,0.460984848484849,amplicon_count,native_integer
carlstrom_phyllosphere_2019,Leaf189,Leaf336,0,0,0.5003367003367,0,0,0,0.481144781144781,0,0,0,0.49023569023569,0,0,0,0,0.49023569023569,0,0.05,0.208014178537282,0.208014178537282,0.922558922558922,0,0.4375,0.958333333333333,0.4375,0.958333333333333,0.4375,21,0,25,2,0.456521739130435,4.28571428571429,14.195652173913,6.95886524822695,30.2871525854485,48,55,0.460984848484849,amplicon_count,native_integer
carlstrom_phyllosphere_2019,Leaf189,Leaf337,0,0,0.5003367003367,0,0,0,0.481144781144781,0,0,0,0.49023569023569,0,0,0,0,0.49023569023569,0,0,0.042985990733737,0.042985990733737,0.30976430976431,0,0.4375,0.208333333333333,0.208333333333333,0.4375,0.104166666666667,5,16,5,22,0.192307692307692,4.28571428571429,1.5,6.95886524822695,1.79148936170213,48,55,0.460984848484849,amplicon_count,native_integer
carlstrom_phyllosphere_2019,Leaf189,Leaf344,0,0,0.5003367003367,0,0,0,0.481144781144781,0,0,0,0.49023569023569,0,0,0,0,0.49023569023569,0,0,-0.0926635281376848,0.0926635281376848,0.613468013468014,0,0.4375,0.479166666666667,0.4375,0.479166666666667,0.166666666666667,8,13,15,12,0.222222222222222,4.28571428571429,33.1739130434783,6.95886524822695,70.1006385767268,48,55,0.460984848484849,amplicon_count,native_integer
carlstrom_phyllosphere_2019,Leaf189,Leaf351,0,0,0.5003367003367,0,0,0,0.481144781144781,0,0,0,0.49023569023569,0,0,0,0,0.49023569023569,0,0,-0.119892694788442,0.119892694788442,0.733333333333333,0,0.4375,0.145833333333333,0.145833333333333,0.4375,0.0625,3,18,4,23,0.12,4.28571428571429,4.14285714285714,6.95886524822695,12.9413059427733,48,55,0.460984848484849,amplicon_count,native_integer
carlstrom_phyllosphere_2019,Leaf189,Leaf354,0,0,0.5003367003367,0,0,0,0.481144781144781,0,0,0,0.49023569023569,0,0,0,0,0.49023569023569,0,0,0.0231217805211691,0.0231217805211691,0.16969696969697,0,0.4375,0.875,0.4375,0.875,0.354166666666667,17,4,25,2,0.369565217391304,4.28571428571429,17.952380952381,6.95886524822695,84.8687849201423,48,55,0.460984848484849,amplicon_count,native_integer
carlstrom_phyllosphere_2019,Leaf189,Leaf357,0,0,0.5003367003367,0,0,0,0.481144781144781,0,0,0,0.49023569023569,0,0,0,0,0.49023569023569,0,0,0.032676610702765,0.032676610702765,0.232323232323232,0,0.4375,0.4375,0.4375,0.4375,0.25,12,9,9,18,0.4,4.28571428571429,7.19047619047619,6.95886524822695,9.76623925602367,48,55,0.460984848484849,amplicon_count,native_integer
carlstrom_phyllosphere_2019,Leaf189,Leaf359,0,0,0.5003367003367,0,0,0,0.481144781144781,0,0,0,0.49023569023569,0,0,0,0,0.49023569023569,0,0,-0.0614573003327453,0.0614573003327453,0.439057239057239,0,0.4375,0.0416666666666667,0.0416666666666667,0.4375,0.0208333333333333,1,20,1,26,0.0454545454545455,4.28571428571429,1.5,6.95886524822695,1.63829787234043,48,55,0.460984848484849,amplicon_count,native_integer
carlstrom_phyllosphere_2019,Leaf189,Leaf363,0,0,0.5003367003367,0,0,0,0.481144781144781,0,0,0,0.49023569023569,0,0,0,0,0.49023569023569,0,0,-0.0348261877013779,0.0348261877013779,0.248484848484849,0,0.4375,0.291666666666667,0.291666666666667,0.4375,0.145833333333333,7,14,7,20,0.25,4.28571428571429,23.9285714285714,6.95886524822695,39.4577961257542,48,55,0.460984848484849,amplicon_count,native_integer
carlstrom_phyllosphere_2019,Leaf189,Leaf371,0,0,0.5003367003367,0,0,0,0.481144781144781,0,0,0,0.49023569023569,0,0,0,0,0.49023569023569,0,0,-0.0679798701156082,0.0679798701156082,0.478787878787879,0,0.4375,0.25,0.25,0.4375,0.125,6,15,6,21,0.222222222222222,4.28571428571429,46.9166666666667,6.95886524822695,104.532066059484,48,55,0.460984848484849,amplicon_count,native_integer
carlstrom_phyllosphere_2019,Leaf189,Leaf380,0,0,0.5003367003367,0,0,0,0.481144781144781,0,0,0,0.49023569023569,0,0.15,0,0,0.49023569023569,0,0,0.184894417205094,0.184894417205094,0.888215488215488,0,0.4375,0.395833333333333,0.395833333333333,0.4375,0.145833333333333,7,14,12,15,0.212121212121212,4.28571428571429,70.421052631579,6.95886524822695,644.908882740197,48,55,0.460984848484849,amplicon_count,native_integer
carlstrom_phyllosphere_2019,Leaf189,Leaf391,0,0,0.5003367003367,0,0,0,0.481144781144781,0,0,0,0.49023569023569,0,0,0,0,0.49023569023569,0,0,-0.0116583956096338,0.0116583956096338,0.0801346801346801,0,0.4375,0.8125,0.4375,0.8125,0.333333333333333,16,5,23,4,0.363636363636364,4.28571428571429,121.897435897436,6.95886524822695,266.843616573725,48,55,0.460984848484849,amplicon_count,native_integer
carlstrom_phyllosphere_2019,Leaf189,Leaf396,0,0,0.5003367003367,0,0,0,0.481144781144781,0,0,0,0.49023569023569,0,0,0,0,0.49023569023569,0,0,0.0516929090571047,0.0516929090571047,0.371043771043771,0,0.4375,0.375,0.375,0.4375,0.1875,9,12,9,18,0.3,4.28571428571429,3.11111111111111,6.95886524822695,5.95744680851064,48,55,0.460984848484849,amplicon_count,native_integer
carlstrom_phyllosphere_2019,Leaf189,Leaf405,0,0,0.5003367003367,0,0,0,0.481144781144781,0,0,0,0.49023569023569,0,0,0,0,0.49023569023569,0,0,-0.0199978079405106,0.0199978079405106,0.144107744107744,0,0.4375,0.854166666666667,0.4375,0.854166666666667,0.416666666666667,20,1,21,6,0.476190476190476,4.28571428571429,479.731707317073,6.95886524822695,1289.73232854811,48,55,0.460984848484849,amplicon_count,native_integer
carlstrom_phyllosphere_2019,Leaf189,Leaf41,0,0,0.5003367003367,0,0,0,0.481144781144781,0,0,0,0.49023569023569,0,0,0,0,0.49023569023569,0,0,-0.029732667791442,0.029732667791442,0.214141414141414,0,0.4375,0.520833333333333,0.4375,0.520833333333333,0.270833333333333,13,8,12,15,0.393939393939394,4.28571428571429,6.04,6.95886524822695,5.95166971959984,48,55,0.460984848484849,amplicon_count,native_integer
carlstrom_phyllosphere_2019,Leaf189,Leaf416,0,0,0.5003367003367,0,0,0,0.481144781144781,0,0,0,0.49023569023569,0,0,0,0,0.49023569023569,0,0.05,0.0578722823446554,0.0578722823446554,0.412794612794613,0,0.4375,0.708333333333333,0.4375,0.708333333333333,0.354166666666667,17,4,17,10,0.447368421052632,4.28571428571429,103.088235294118,6.95886524822695,1707.97219170182,48,55,0.460984848484849,amplicon_count,native_integer
carlstrom_phyllosphere_2019,Leaf189,Leaf420,0,0,0.5003367003367,0,0,0,0.481144781144781,0,0,0,0.49023569023569,0,0.05,0,0,0.49023569023569,0,0,-0.15140353731278,0.15140353731278,0.816835016835017,0,0.4375,1,0.4375,1,0.4375,21,0,27,0,0.4375,4.28571428571429,336.333333333333,6.95886524822695,355.254496763174,48,55,0.460984848484849,amplicon_count,native_integer
carlstrom_phyllosphere_2019,Leaf189,Leaf427,0,0,0.5003367003367,0,0,0,0.481144781144781,0,0,0,0.49023569023569,0,0,0,0,0.49023569023569,0,0,-0.0668621959096297,0.0668621959096297,0.468013468013468,0,0.4375,0.333333333333333,0.333333333333333,0.4375,0.166666666666667,8,13,8,19,0.275862068965517,4.28571428571429,10.0625,6.95886524822695,23.5526628782873,48,55,0.460984848484849,amplicon_count,native_integer
carlstrom_phyllosphere_2019,Leaf189,Leaf443,0,0,0.5003367003367,0,0,0,0.481144781144781,0,0,0,0.49023569023569,0,0,0,0,0.49023569023569,0,0,-0.0847825171335269,0.0847825171335269,0.56969696969697,0,0.4375,0.395833333333333,0.395833333333333,0.4375,0.166666666666667,8,13,11,16,0.25,4.28571428571429,19.8421052631579,6.95886524822695,80.271742197641,48,55,0.460984848484849,amplicon_count,native_integer
carlstrom_phyllosphere_2019,Leaf189,Leaf5,0,0,0.5003367003367,0,0,0,0.481144781144781,0,0,0,0.49023569023569,0,0,0,0,0.49023569023569,0,0.05,-0.123784875003327,0.123784875003327,0.745454545454546,0,0.4375,0.0625,0.0625,0.4375,0,0,21,3,24,0,4.28571428571429,45.6666666666667,6.95886524822695,86.4430812237925,48,55,0.460984848484849,amplicon_count,native_integer
carlstrom_phyllosphere_2019,Leaf189,Leaf68,0,0,0.5003367003367,0,0,0,0.481144781144781,0,0,0,0.49023569023569,0,0,0,0,0.49023569023569,0,0,0.0107048212347845,0.0107048212347845,0.0693602693602694,0,0.4375,1,0.4375,1,0.4375,21,0,27,0,0.4375,4.28571428571429,941.958333333333,6.95886524822695,348.901820091499,48,55,0.460984848484849,amplicon_count,native_integer
carlstrom_phyllosphere_2019,Leaf189,Leaf70,0,0,0.5003367003367,0,0,0,0.481144781144781,0,0,0,0.49023569023569,0,0,0,0,0.49023569023569,0,0,-0.0891904627568163,0.0891904627568163,0.595286195286195,0,0.4375,0.208333333333333,0.208333333333333,0.4375,0.0833333333333333,4,17,6,21,0.148148148148148,4.28571428571429,17,6.95886524822695,30.6498122653316,48,55,0.460984848484849,amplicon_count,native_integer
carlstrom_phyllosphere_2019,Leaf189,Leaf82,0,0,0.5003367003367,0,0.0310198501847575,0.0310198501847575,0.977777777777778,0,0,0,0.49023569023569,0,0,0,0,0.49023569023569,0,0,0.0751858514538856,0.0751858514538856,0.517845117845118,0,0.4375,0.8125,0.4375,0.8125,0.354166666666667,17,4,22,5,0.395348837209302,4.28571428571429,91.1282051282051,6.95886524822695,240.533890491984,48,55,0.460984848484849,amplicon_count,native_integer
carlstrom_phyllosphere_2019,Leaf189,Leaf83,0,0,0.5003367003367,0,0,0,0.481144781144781,0,0,0,0.49023569023569,0,0,0,0,0.49023569023569,0,0,-0.0849854361274314,0.0849854361274314,0.573063973063973,0,0.4375,0.6875,0.4375,0.6875,0.291666666666667,14,7,19,8,0.35,4.28571428571429,305.818181818182,6.95886524822695,1571.80367849824,48,55,0.460984848484849,amplicon_count,native_integer
carlstrom_phyllosphere_2019,Leaf189,Leaf86,0,0,0.5003367003367,0,0,0,0.481144781144781,0,0,0,0.49023569023569,0,0,0,0,0.49023569023569,0,0,-0.0193146721615493,0.0193146721615493,0.136700336700337,0,0.4375,0.895833333333333,0.4375,0.895833333333333,0.395833333333333,19,2,24,3,0.422222222222222,4.28571428571429,400.581395348837,6.95886524822695,1334.10514776271,48,55,0.460984848484849,amplicon_count,native_integer
carlstrom_phyllosphere_2019,Leaf189,Leaf88,0,0,0.5003367003367,0,0,0,0.481144781144781,0,0,0,0.49023569023569,0,0,0,0,0.49023569023569,0,0.45,0.10163329687599,0.10163329687599,0.664646464646465,0,0.4375,0.3125,0.3125,0.4375,0.1875,9,12,6,21,0.333333333333333,4.28571428571429,84.2,6.95886524822695,965.149492090767,48,55,0.460984848484849,amplicon_count,native_integer
carlstrom_phyllosphere_2019,Leaf189,Leaf90,0,0,0.5003367003367,0,0,0,0.481144781144781,0,0,0,0.49023569023569,0,0,0,0,0.49023569023569,0,0,-0.117045309589964,0.117045309589964,0.723232323232323,0,0.4375,0.791666666666667,0.4375,0.791666666666667,0.333333333333333,16,5,22,5,0.372093023255814,4.28571428571429,292.342105263158,6.95886524822695,1496.93020035509,48,55,0.460984848484849,amplicon_count,native_integer
carlstrom_phyllosphere_2019,Leaf2,Leaf202,0,0,0.5003367003367,0,0,0,0.481144781144781,0,0,0,0.49023569023569,0,0,0,0,0.49023569023569,0,0,-0.0376301553743912,0.0376301553743912,0.272053872053872,0,0.520833333333333,1,0.520833333333333,1,0.520833333333333,25,0,23,0,0.520833333333333,11.84,948.583333333333,26.2242668200115,348.703505227093,48,55,0.460984848484849,amplicon_count,native_integer
carlstrom_phyllosphere_2019,Leaf2,Leaf203,0,0,0.5003367003367,0,0,0,0.481144781144781,0,0,0,0.49023569023569,0,0,0,0,0.49023569023569,0,0,0.204909923627798,0.204909923627798,0.920538720538721,0,0.520833333333333,1,0.520833333333333,1,0.520833333333333,25,0,23,0,0.520833333333333,11.84,1084.5,26.2242668200115,860.618894872625,48,55,0.460984848484849,amplicon_count,native_integer
carlstrom_phyllosphere_2019,Leaf2,Leaf220,0,0,0.5003367003367,0,0,0,0.481144781144781,0,0,0,0.49023569023569,0,0,0,0,0.49023569023569,0,0,0.0472210373057196,0.0472210373057196,0.336700336700337,0,0.520833333333333,0.0833333333333333,0.0833333333333333,0.520833333333333,0.0208333333333333,1,24,3,20,0.0357142857142857,11.84,1.5,26.2242668200115,1.91489361702128,48,55,0.460984848484849,amplicon_count,native_integer
carlstrom_phyllosphere_2019,Leaf2,Leaf222,0,0,0.5003367003367,0,0,0,0.481144781144781,0,0,0,0.49023569023569,0,0,0,0,0.49023569023569,0,0,0.0823898790889419,0.0823898790889419,0.555555555555556,0,0.520833333333333,0.0625,0.0625,0.520833333333333,0.0208333333333333,1,24,2,21,0.037037037037037,11.84,5,26.2242668200115,5.74042553191489,48,55,0.460984848484849,amplicon_count,native_integer
carlstrom_phyllosphere_2019,Leaf2,Leaf225,0,0,0.5003367003367,0,0,0,0.481144781144781,0,0,0,0.49023569023569,0,0,0,0,0.49023569023569,0,0,-0.0115623810194353,0.0115623810194353,0.0787878787878788,0,0.520833333333333,0.208333333333333,0.208333333333333,0.520833333333333,0.104166666666667,5,20,5,18,0.166666666666667,11.84,4,26.2242668200115,10.9957446808511,48,55,0.460984848484849,amplicon_count,native_integer
carlstrom_phyllosphere_2019,Leaf2,Leaf231,0,0,0.5003367003367,0,0,0,0.481144781144781,0,0,0,0.49023569023569,0,0,0,0,0.49023569023569,0,0,-0.105331919272116,0.105331919272116,0.678114478114478,0,0.520833333333333,0.9375,0.520833333333333,0.9375,0.5,24,1,21,2,0.521739130434783,11.84,297.933333333333,26.2242668200115,297.978171136386,48,55,0.460984848484849,amplicon_count,native_integer
carlstrom_phyllosphere_2019,Leaf2,Leaf233,0,0,0.5003367003367,0,0,0,0.481144781144781,0,0,0,0.49023569023569,0,0,0,0,0.49023569023569,0,0,0.0757978427314097,0.0757978427314097,0.520538720538721,0,0.520833333333333,1,0.520833333333333,1,0.520833333333333,25,0,23,0,0.520833333333333,11.84,501.791666666667,26.2242668200115,1557.43476302116,48,55,0.460984848484849,amplicon_count,native_integer
carlstrom_phyllosphere_2019,Leaf2,Leaf234,0,0,0.5003367003367,0,0,0,0.481144781144781,0,0,0,0.49023569023569,0,0,0,0,0.49023569023569,0,0,0.0260566225097302,0.0260566225097302,0.188552188552189,0,0.520833333333333,0.145833333333333,0.145833333333333,0.520833333333333,0.0833333333333333,4,21,3,20,0.142857142857143,11.84,4.42857142857143,26.2242668200115,8.86135895676048,48,55,0.460984848484849,amplicon_count,native_integer
carlstrom_phyllosphere_2019,Leaf2,Leaf242,0,0,0.5003367003367,0,0,0,0.481144781144781,0,0,0,0.49023569023569,0,0,0,0,0.49023569023569,0,0,0.258621377556294,0.258621377556294,0.95959595959596,0,0.520833333333333,0.708333333333333,0.520833333333333,0.708333333333333,0.395833333333333,19,6,15,8,0.475,11.84,66.7941176470588,26.2242668200115,216.737429382501,48,55,0.460984848484849,amplicon_count,native_integer
carlstrom_phyllosphere_2019,Leaf2,Leaf26,0,0,0.5003367003367,0,0,0,0.481144781144781,0,0,0,0.49023569023569,0,0,0,0,0.49023569023569,0,0,-0.0408097979302085,0.0408097979302085,0.296296296296296,0,0.520833333333333,0.833333333333333,0.520833333333333,0.833333333333333,0.458333333333333,22,3,18,5,0.511627906976744,11.84,137.2,26.2242668200115,459.115315427083,48,55,0.460984848484849,amplicon_count,native_integer
carlstrom_phyllosphere_2019,Leaf2,Leaf262,0,0,0.5003367003367,0,0,0,0.481144781144781,0,0,0,0.49023569023569,0,0,0,0,0.49023569023569,0,0,-0.0337135654230471,0.0337135654230471,0.24040404040404,0,0.520833333333333,0.958333333333333,0.520833333333333,0.958333333333333,0.479166666666667,23,2,23,0,0.479166666666667,11.84,363.369565217391,26.2242668200115,1068.25302664825,48,55,0.460984848484849,amplicon_count,native_integer
carlstrom_phyllosphere_2019,Leaf2,Leaf263,0,0,0.5003367003367,0,0,0,0.481144781144781,0,0,0,0.49023569023569,0,0,0,0,0.49023569023569,0,0,0.0286996452225955,0.0286996452225955,0.208754208754209,0,0.520833333333333,0.145833333333333,0.145833333333333,0.520833333333333,0.0833333333333333,4,21,3,20,0.142857142857143,11.84,3,26.2242668200115,8.35562310030395,48,55,0.460984848484849,amplicon_count,native_integer
carlstrom_phyllosphere_2019,Leaf2,Leaf265,0,0,0.5003367003367,0,0,0,0.481144781144781,0,0,0,0.49023569023569,0,0,0,0,0.49023569023569,0,0,-0.241174579641512,0.241174579641512,0.945454545454546,0,0.520833333333333,0.708333333333333,0.520833333333333,0.708333333333333,0.3125,15,10,19,4,0.340909090909091,11.84,136.529411764706,26.2242668200115,386.282783466408,48,55,0.460984848484849,amplicon_count,native_integer
carlstrom_phyllosphere_2019,Leaf2,Leaf281,0,0,0.5003367003367,0,0,0,0.481144781144781,0,0,0,0.49023569023569,0,0,0,0,0.49023569023569,0,0,-0.109771800856946,0.109771800856946,0.694949494949495,0,0.520833333333333,0.541666666666667,0.520833333333333,0.541666666666667,0.25,12,13,14,9,0.307692307692308,11.84,17.0384615384615,26.2242668200115,95.0328514480573,48,55,0.460984848484849,amplicon_count,native_integer
carlstrom_phyllosphere_2019,Leaf2,Leaf285,0,0,0.5003367003367,0,0,0,0.481144781144781,0,0,0,0.49023569023569,0,0,0,0,0.49023569023569,0,0,0.158014501450639,0.158014501450639,0.828956228956229,0,0.520833333333333,0.625,0.520833333333333,0.625,0.354166666666667,17,8,13,10,0.447368421052632,11.84,101.233333333333,26.2242668200115,506.741332081632,48,55,0.460984848484849,amplicon_count,native_integer
carlstrom_phyllosphere_2019,Leaf2,Leaf288,0,0,0.5003367003367,0,0,0,0.481144781144781,0,0,0,0.49023569023569,0,0,0,0,0.49023569023569,0,0,-0.0377234147219192,0.0377234147219192,0.272727272727273,0,0.520833333333333,0.25,0.25,0.520833333333333,0.104166666666667,5,20,7,16,0.15625,11.84,26.75,26.2242668200115,144.697753032412,48,55,0.460984848484849,amplicon_count,native_integer
carlstrom_phyllosphere_2019,Leaf2,Leaf3,0,0,0.5003367003367,0,0,0,0.481144781144781,0,0,0,0.49023569023569,0,0,0,0,0.49023569023569,0,0,-0.116448072379861,0.116448072379861,0.721212121212121,0,0.520833333333333,0.541666666666667,0.520833333333333,0.541666666666667,0.291666666666667,14,11,12,11,0.378378378378378,11.84,17.6923076923077,26.2242668200115,106.65605920444,48,55,0.460984848484849,amplicon_count,native_integer
carlstrom_phyllosphere_2019,Leaf2,Leaf324,0,0,0.5003367003367,0,0,0,0.481144781144781,0,0,0,0.49023569023569,0,0,0,0,0.49023569023569,0,0,-0.00443652420281981,0.00443652420281981,0.0208754208754209,0,0.520833333333333,0.458333333333333,0.458333333333333,0.520833333333333,0.291666666666667,14,11,8,15,0.424242424242424,11.84,35.8181818181818,26.2242668200115,99.4392482989524,48,55,0.460984848484849,amplicon_count,native_integer
carlstrom_phyllosphere_2019,Leaf2,Leaf33,0,0,0.5003367003367,0,0,0,0.481144781144781,0,0,0,0.49023569023569,0,0,0,0,0.49023569023569,0,0.05,0.140284691954278,0.140284691954278,0.790572390572391,0,0.520833333333333,0.354166666666667,0.354166666666667,0.520833333333333,0.25,12,13,5,18,0.4,11.84,100.588235294118,26.2242668200115,225.172527062337,48,55,0.460984848484849,amplicon_count,native_integer
carlstrom_phyllosphere_2019,Leaf2,Leaf334,0,0,0.5003367003367,0,0,0,0.481144781144781,0,0,0,0.49023569023569,0,0,0,0,0.49023569023569,0,0.25,0.0977962441175502,0.0977962441175502,0.643097643097643,0,0.520833333333333,0.1875,0.1875,0.520833333333333,0.166666666666667,8,17,1,22,0.307692307692308,11.84,5.55555555555556,26.2242668200115,22.2212765957447,48,55,0.460984848484849,amplicon_count,native_integer
carlstrom_phyllosphere_2019,Leaf2,Leaf336,0,0,0.5003367003367,0,0,0,0.481144781144781,0,0,0,0.49023569023569,0,0,0,0,0.49023569023569,0,0,-0.019946041242981,0.019946041242981,0.143434343434343,0,0.520833333333333,0.958333333333333,0.520833333333333,0.958333333333333,0.479166666666667,23,2,23,0,0.479166666666667,11.84,14.195652173913,26.2242668200115,30.2871525854485,48,55,0.460984848484849,amplicon_count,native_integer
carlstrom_phyllosphere_2019,Leaf2,Leaf337,0,0,0.5003367003367,0,0,0,0.481144781144781,0,0,0,0.49023569023569,0,0,0,0,0.49023569023569,0,0,-0.0557749886672254,0.0557749886672254,0.395286195286195,0,0.520833333333333,0.208333333333333,0.208333333333333,0.520833333333333,0.0833333333333333,4,21,6,17,0.129032258064516,11.84,1.5,26.2242668200115,1.79148936170213,48,55,0.460984848484849,amplicon_count,native_integer
carlstrom_phyllosphere_2019,Leaf2,Leaf344,0,0,0.5003367003367,0,0,0,0.481144781144781,0,0,0,0.49023569023569,0,0,0,0,0.49023569023569,0,0,-0.0787610192228186,0.0787610192228186,0.537373737373737,0,0.520833333333333,0.479166666666667,0.479166666666667,0.520833333333333,0.208333333333333,10,15,13,10,0.263157894736842,11.84,33.1739130434783,26.2242668200115,70.1006385767268,48,55,0.460984848484849,amplicon_count,native_integer
carlstrom_phyllosphere_2019,Leaf2,Leaf351,0,0,0.5003367003367,0,0,0,0.481144781144781,0,0,0,0.49023569023569,0,0,0,0,0.49023569023569,0,0,0.0962333521900367,0.0962333521900367,0.634343434343434,0,0.520833333333333,0.145833333333333,0.145833333333333,0.520833333333333,0.104166666666667,5,20,2,21,0.185185185185185,11.84,4.14285714285714,26.2242668200115,12.9413059427733,48,55,0.460984848484849,amplicon_count,native_integer
carlstrom_phyllosphere_2019,Leaf2,Leaf354,0,0,0.5003367003367,0,0,0,0.481144781144781,0,0,0,0.49023569023569,0,0,0,0,0.49023569023569,0,0,0.0474859693680629,0.0474859693680629,0.34006734006734,0,0.520833333333333,0.875,0.520833333333333,0.875,0.4375,21,4,21,2,0.456521739130435,11.84,17.952380952381,26.2242668200115,84.8687849201423,48,55,0.460984848484849,amplicon_count,native_integer
carlstrom_phyllosphere_2019,Leaf2,Leaf357,0,0,0.5003367003367,0,0,0,0.481144781144781,0,0,0,0.49023569023569,0,0,0,0,0.49023569023569,0,0,-0.0411484966988735,0.0411484966988735,0.297643097643098,0,0.520833333333333,0.4375,0.4375,0.520833333333333,0.208333333333333,10,15,11,12,0.277777777777778,11.84,7.19047619047619,26.2242668200115,9.76623925602367,48,55,0.460984848484849,amplicon_count,native_integer
carlstrom_phyllosphere_2019,Leaf2,Leaf359,0,0,0.5003367003367,0,0,0,0.481144781144781,0,0,0,0.49023569023569,0,0,0,0,0.49023569023569,0,0,-0.0221940250252506,0.0221940250252506,0.162289562289562,0,0.520833333333333,0.0416666666666667,0.0416666666666667,0.520833333333333,0.0416666666666667,2,23,0,23,0.08,11.84,1.5,26.2242668200115,1.63829787234043,48,55,0.460984848484849,amplicon_count,native_integer
carlstrom_phyllosphere_2019,Leaf2,Leaf363,0,0,0.5003367003367,0,0,0,0.481144781144781,0,0,0,0.49023569023569,0,0,0,0,0.49023569023569,0,0,-0.00898697698166263,0.00898697698166263,0.0545454545454545,0,0.520833333333333,0.291666666666667,0.291666666666667,0.520833333333333,0.166666666666667,8,17,6,17,0.258064516129032,11.84,23.9285714285714,26.2242668200115,39.4577961257542,48,55,0.460984848484849,amplicon_count,native_integer
carlstrom_phyllosphere_2019,Leaf2,Leaf371,0,0,0.5003367003367,0,0,0,0.481144781144781,0,0,0,0.49023569023569,0,0,0,0,0.49023569023569,0,0,0.084278344180062,0.084278344180062,0.565656565656566,0,0.520833333333333,0.25,0.25,0.520833333333333,0.125,6,19,6,17,0.193548387096774,11.84,46.9166666666667,26.2242668200115,104.532066059484,48,55,0.460984848484849,amplicon_count,native_integer
carlstrom_phyllosphere_2019,Leaf2,Leaf380,0,0,0.5003367003367,0,0,0,0.481144781144781,0,0,0,0.49023569023569,0,0,0,0,0.49023569023569,0,0,0.115929432110019,0.115929432110019,0.71986531986532,0,0.520833333333333,0.395833333333333,0.395833333333333,0.520833333333333,0.229166666666667,11,14,8,15,0.333333333333333,11.84,70.421052631579,26.2242668200115,644.908882740197,48,55,0.460984848484849,amplicon_count,native_integer
carlstrom_phyllosphere_2019,Leaf2,Leaf391,0,0,0.5003367003367,0,0,0,0.481144781144781,0,0,0,0.49023569023569,0,0,0,0,0.49023569023569,0,0,0.0250343604665383,0.0250343604665383,0.183838383838384,0,0.520833333333333,0.8125,0.520833333333333,0.8125,0.458333333333333,22,3,17,6,0.523809523809524,11.84,121.897435897436,26.2242668200115,266.843616573725,48,55,0.460984848484849,amplicon_count,native_integer
carlstrom_phyllosphere_2019,Leaf2,Leaf396,0,0,0.5003367003367,0,0,0,0.481144781144781,0,0,0,0.49023569023569,0,0,0,0,0.49023569023569,0,0,0.108942188891352,0.108942188891352,0.68956228956229,0,0.520833333333333,0.375,0.375,0.520833333333333,0.229166666666667,11,14,7,16,0.34375,11.84,3.11111111111111,26.2242668200115,5.95744680851064,48,55,0.460984848484849,amplicon_count,native_integer
carlstrom_phyllosphere_2019,Leaf2,Leaf405,0,0,0.5003367003367,0,0,0,0.481144781144781,0,0,0,0.49023569023569,0,0,0,0,0.49023569023569,0,0,0.0285237466531113,0.0285237466531113,0.206734006734007,0,0.520833333333333,0.854166666666667,0.520833333333333,0.854166666666667,0.4375,21,4,20,3,0.466666666666667,11.84,479.731707317073,26.2242668200115,1289.73232854811,48,55,0.460984848484849,amplicon_count,native_integer
carlstrom_phyllosphere_2019,Leaf2,Leaf41,0,0,0.5003367003367,0,0,0,0.481144781144781,0,0,0,0.49023569023569,0,0,0,0,0.49023569023569,0,0,-0.0260620294966659,0.0260620294966659,0.189225589225589,0,0.520833333333333,0.520833333333333,0.520833333333333,0.520833333333333,0.270833333333333,13,12,12,11,0.351351351351351,11.84,6.04,26.2242668200115,5.95166971959984,48,55,0.460984848484849,amplicon_count,native_integer
carlstrom_phyllosphere_2019,Leaf2,Leaf416,0,0,0.5003367003367,0,0,0,0.481144781144781,0,0,0,0.49023569023569,0,0,0,0,0.49023569023569,0,0,-0.207438228929224,0.207438228929224,0.921885521885522,0,0.520833333333333,0.708333333333333,0.520833333333333,0.708333333333333,0.395833333333333,19,6,15,8,0.475,11.84,103.088235294118,26.2242668200115,1707.97219170182,48,55,0.460984848484849,amplicon_count,native_integer
carlstrom_phyllosphere_2019,Leaf2,Leaf420,0,0,0.5003367003367,0,0,0,0.481144781144781,0,0,0,0.49023569023569,0,0,0,0,0.49023569023569,0,0,-0.0520268080380452,0.0520268080380452,0.372390572390572,0,0.520833333333333,1,0.520833333333333,1,0.520833333333333,25,0,23,0,0.520833333333333,11.84,336.333333333333,26.2242668200115,355.254496763174,48,55,0.460984848484849,amplicon_count,native_integer
carlstrom_phyllosphere_2019,Leaf2,Leaf427,0,0,0.5003367003367,0,0,0,0.481144781144781,0,0,0,0.49023569023569,0,0,0,0,0.49023569023569,0,0,0.0673550232737008,0.0673550232737008,0.474747474747475,0,0.520833333333333,0.333333333333333,0.333333333333333,0.520833333333333,0.1875,9,16,7,16,0.28125,11.84,10.0625,26.2242668200115,23.5526628782873,48,55,0.460984848484849,amplicon_count,native_integer
carlstrom_phyllosphere_2019,Leaf2,Leaf443,0,0,0.5003367003367,0,0,0,0.481144781144781,0,0,0,0.49023569023569,0,0,0,0,0.49023569023569,0,0.05,0.0338869858194168,0.0338869858194168,0.241750841750842,0,0.520833333333333,0.395833333333333,0.395833333333333,0.520833333333333,0.270833333333333,13,12,6,17,0.419354838709677,11.84,19.8421052631579,26.2242668200115,80.271742197641,48,55,0.460984848484849,amplicon_count,native_integer
carlstrom_phyllosphere_2019,Leaf2,Leaf5,0,0,0.5003367003367,0,0,0,0.481144781144781,0,0,0,0.49023569023569,0,0,0,0,0.49023569023569,0,0,0.0678402240278465,0.0678402240278465,0.476094276094276,0,0.520833333333333,0.0625,0.0625,0.520833333333333,0.0625,3,22,0,23,0.12,11.84,45.6666666666667,26.2242668200115,86.4430812237925,48,55,0.460984848484849,amplicon_count,native_integer
carlstrom_phyllosphere_2019,Leaf2,Leaf68,0,0,0.5003367003367,0,0,0,0.481144781144781,0,0,0,0.49023569023569,0,0,0,0,0.49023569023569,0,0,-0.042240525813428,0.042240525813428,0.304377104377104,0,0.520833333333333,1,0.520833333333333,1,0.520833333333333,25,0,23,0,0.520833333333333,11.84,941.958333333333,26.2242668200115,348.901820091499,48,55,0.460984848484849,amplicon_count,native_integer
carlstrom_phyllosphere_2019,Leaf2,Leaf70,0,0,0.5003367003367,0,0,0,0.481144781144781,0,0,0,0.49023569023569,0,0,0,0,0.49023569023569,0,0,-0.0976036376226799,0.0976036376226799,0.641750841750842,0,0.520833333333333,0.208333333333333,0.208333333333333,0.520833333333333,0.0833333333333333,4,21,6,17,0.129032258064516,11.84,17,26.2242668200115,30.6498122653316,48,55,0.460984848484849,amplicon_count,native_integer
carlstrom_phyllosphere_2019,Leaf2,Leaf82,0,0,0.5003367003367,0,-0.111616808055053,0.111616808055053,0.991245791245791,0,0,0,0.49023569023569,0,0.2,0,0,0.49023569023569,0,0.05,-0.329649055839848,0.329649055839848,0.983838383838384,1,0.520833333333333,0.8125,0.520833333333333,0.8125,0.395833333333333,19,6,20,3,0.422222222222222,11.84,91.1282051282051,26.2242668200115,240.533890491984,48,55,0.460984848484849,amplicon_count,native_integer
carlstrom_phyllosphere_2019,Leaf2,Leaf83,0,0,0.5003367003367,0,-0.0124804327870586,0.0124804327870586,0.971717171717172,0,0,0,0.49023569023569,0,0,0,0,0.49023569023569,0,0,-0.0973392671370142,0.0973392671370142,0.641077441077441,0,0.520833333333333,0.6875,0.520833333333333,0.6875,0.333333333333333,16,9,17,6,0.380952380952381,11.84,305.818181818182,26.2242668200115,1571.80367849824,48,55,0.460984848484849,amplicon_count,native_integer
carlstrom_phyllosphere_2019,Leaf2,Leaf86,0,0,0.5003367003367,0,0,0,0.481144781144781,0,0,0,0.49023569023569,0,0,0,0,0.49023569023569,0,0,-0.0920818071664278,0.0920818071664278,0.609427609427609,0,0.520833333333333,0.895833333333333,0.520833333333333,0.895833333333333,0.458333333333333,22,3,21,2,0.478260869565217,11.84,400.581395348837,26.2242668200115,1334.10514776271,48,55,0.460984848484849,amplicon_count,native_integer
carlstrom_phyllosphere_2019,Leaf2,Leaf88,0,0,0.5003367003367,0,0,0,0.481144781144781,0,0,0,0.49023569023569,0,0,0,0,0.49023569023569,0,0,-0.0893935191119023,0.0893935191119023,0.596632996632997,0,0.520833333333333,0.3125,0.3125,0.520833333333333,0.208333333333333,10,15,5,18,0.333333333333333,11.84,84.2,26.2242668200115,965.149492090767,48,55,0.460984848484849,amplicon_count,native_integer
carlstrom_phyllosphere_2019,Leaf2,Leaf90,0,0,0.5003367003367,0,0,0,0.481144781144781,0,0,0,0.49023569023569,0,0,0,0,0.49023569023569,0,0,0.166553854930206,0.166553854930206,0.843771043771044,0,0.520833333333333,0.791666666666667,0.520833333333333,0.791666666666667,0.416666666666667,20,5,18,5,0.465116279069768,11.84,292.342105263158,26.2242668200115,1496.93020035509,48,55,0.460984848484849,amplicon_count,native_integer
carlstrom_phyllosphere_2019,Leaf202,Leaf281,0,0,0.5003367003367,0,0,0,0.481144781144781,0,0,0,0.49023569023569,0,0,0,0,0.49023569023569,0,0,0.0988948654283994,0.0988948654283994,0.651851851851852,0,1,0.541666666666667,0.541666666666667,1,0.541666666666667,26,22,0,0,0.541666666666667,948.583333333333,17.0384615384615,348.703505227093,95.0328514480573,48,55,0.460984848484849,amplicon_count,native_integer
carlstrom_phyllosphere_2019,Leaf203,Leaf202,0,0,0.5003367003367,0,0,0,0.481144781144781,0,0,0,0.49023569023569,0,0,0,0,0.49023569023569,0,0,-0.0320169837524856,0.0320169837524856,0.228956228956229,0,1,1,1,1,1,48,0,0,0,1,1084.5,948.583333333333,860.618894872625,348.703505227093,48,55,0.460984848484849,amplicon_count,native_integer
carlstrom_phyllosphere_2019,Leaf203,Leaf220,0,0,0.5003367003367,0,0,0,0.481144781144781,0,0,0,0.49023569023569,0,0,0,0,0.49023569023569,0,0,0.0834529852738439,0.0834529852738439,0.560942760942761,0,1,0.0833333333333333,0.0833333333333333,1,0.0833333333333333,4,44,0,0,0.0833333333333333,1084.5,1.5,860.618894872625,1.91489361702128,48,55,0.460984848484849,amplicon_count,native_integer
carlstrom_phyllosphere_2019,Leaf203,Leaf222,0,0,0.5003367003367,0,0,0,0.481144781144781,0,0.0322936135856463,0.0322936135856463,0.98989898989899,1,0.85,0,0,0.49023569023569,0,0.1,0.172717022095503,0.172717022095503,0.860606060606061,0,1,0.0625,0.0625,1,0.0625,3,45,0,0,0.0625,1084.5,5,860.618894872625,5.74042553191489,48,55,0.460984848484849,amplicon_count,native_integer
carlstrom_phyllosphere_2019,Leaf203,Leaf225,0,0,0.5003367003367,0,0,0,0.481144781144781,0,0,0,0.49023569023569,0,0,0,0,0.49023569023569,0,0,0.0183034782664562,0.0183034782664562,0.127272727272727,0,1,0.208333333333333,0.208333333333333,1,0.208333333333333,10,38,0,0,0.208333333333333,1084.5,4,860.618894872625,10.9957446808511,48,55,0.460984848484849,amplicon_count,native_integer
carlstrom_phyllosphere_2019,Leaf203,Leaf231,0,0,0.5003367003367,0,0,0,0.481144781144781,0,0,0,0.49023569023569,0,0,0,0,0.49023569023569,0,0.1,0.160167814987248,0.160167814987248,0.831649831649832,0,1,0.9375,0.9375,1,0.9375,45,3,0,0,0.9375,1084.5,297.933333333333,860.618894872625,297.978171136386,48,55,0.460984848484849,amplicon_count,native_integer
carlstrom_phyllosphere_2019,Leaf203,Leaf233,0,0,0.5003367003367,0,0,0,0.481144781144781,0,0,0,0.49023569023569,0,0,0,0,0.49023569023569,0,0,0.0851666375580401,0.0851666375580401,0.574410774410774,0,1,1,1,1,1,48,0,0,0,1,1084.5,501.791666666667,860.618894872625,1557.43476302116,48,55,0.460984848484849,amplicon_count,native_integer
carlstrom_phyllosphere_2019,Leaf203,Leaf234,0,0,0.5003367003367,0,0,0,0.481144781144781,0,0,0,0.49023569023569,0,0.05,0,0,0.49023569023569,0,0,0.0679255926744411,0.0679255926744411,0.478114478114478,0,1,0.145833333333333,0.145833333333333,1,0.145833333333333,7,41,0,0,0.145833333333333,1084.5,4.42857142857143,860.618894872625,8.86135895676048,48,55,0.460984848484849,amplicon_count,native_integer
carlstrom_phyllosphere_2019,Leaf203,Leaf242,0,0,0.5003367003367,0,0,0,0.481144781144781,0,0,0,0.49023569023569,0,0,0,0,0.49023569023569,0,0,0.0175173650219569,0.0175173650219569,0.11986531986532,0,1,0.708333333333333,0.708333333333333,1,0.708333333333333,34,14,0,0,0.708333333333333,1084.5,66.7941176470588,860.618894872625,216.737429382501,48,55,0.460984848484849,amplicon_count,native_integer
carlstrom_phyllosphere_2019,Leaf203,Leaf26,0,0,0.5003367003367,0,0,0,0.481144781144781,0,0,0,0.49023569023569,0,0,0,0,0.49023569023569,0,0,-0.126053412163565,0.126053412163565,0.753535353535354,0,1,0.833333333333333,0.833333333333333,1,0.833333333333333,40,8,0,0,0.833333333333333,1084.5,137.2,860.618894872625,459.115315427083,48,55,0.460984848484849,amplicon_count,native_integer
carlstrom_phyllosphere_2019,Leaf203,Leaf262,0,0,0.5003367003367,0,0,0,0.481144781144781,0,0,0,0.49023569023569,0,0,0,0,0.49023569023569,0,0,-0.0202472782236423,0.0202472782236423,0.146127946127946,0,1,0.958333333333333,0.958333333333333,1,0.958333333333333,46,2,0,0,0.958333333333333,1084.5,363.369565217391,860.618894872625,1068.25302664825,48,55,0.460984848484849,amplicon_count,native_integer
carlstrom_phyllosphere_2019,Leaf203,Leaf263,0,0,0.5003367003367,0,0,0,0.481144781144781,0,0,0,0.49023569023569,0,0,0,0,0.49023569023569,0,0,-0.0644931902956244,0.0644931902956244,0.455218855218855,0,1,0.145833333333333,0.145833333333333,1,0.145833333333333,7,41,0,0,0.145833333333333,1084.5,3,860.618894872625,8.35562310030395,48,55,0.460984848484849,amplicon_count,native_integer
carlstrom_phyllosphere_2019,Leaf203,Leaf265,0,0,0.5003367003367,0,0,0,0.481144781144781,0,-0.000155070862457669,0.000155070862457669,0.98047138047138,1,0.45,0,0,0.49023569023569,0,0,-0.394081767254593,0.394081767254593,0.995286195286195,1,1,0.708333333333333,0.708333333333333,1,0.708333333333333,34,14,0,0,0.708333333333333,1084.5,136.529411764706,860.618894872625,386.282783466408,48,55,0.460984848484849,amplicon_count,native_integer
carlstrom_phyllosphere_2019,Leaf203,Leaf281,0,0,0.5003367003367,0,0,0,0.481144781144781,0,0,0,0.49023569023569,0,0,0,0,0.49023569023569,0,0,-0.0298147134553979,0.0298147134553979,0.215488215488215,0,1,0.541666666666667,0.541666666666667,1,0.541666666666667,26,22,0,0,0.541666666666667,1084.5,17.0384615384615,860.618894872625,95.0328514480573,48,55,0.460984848484849,amplicon_count,native_integer
carlstrom_phyllosphere_2019,Leaf203,Leaf285,0,0,0.5003367003367,0,0,0,0.481144781144781,0,0,0,0.49023569023569,0,0,0,0,0.49023569023569,0,0,0.0305037192921425,0.0305037192921425,0.220875420875421,0,1,0.625,0.625,1,0.625,30,18,0,0,0.625,1084.5,101.233333333333,860.618894872625,506.741332081632,48,55,0.460984848484849,amplicon_count,native_integer
carlstrom_phyllosphere_2019,Leaf203,Leaf288,0,0,0.5003367003367,0,0,0,0.481144781144781,0,0,0,0.49023569023569,0,0,0,0,0.49023569023569,0,0,-0.0575169393205124,0.0575169393205124,0.411447811447811,0,1,0.25,0.25,1,0.25,12,36,0,0,0.25,1084.5,26.75,860.618894872625,144.697753032412,48,55,0.460984848484849,amplicon_count,native_integer
carlstrom_phyllosphere_2019,Leaf203,Leaf3,0,0,0.5003367003367,0,0,0,0.481144781144781,0,0,0,0.49023569023569,0,0,0,0,0.49023569023569,0,0,-0.103343621562482,0.103343621562482,0.668013468013468,0,1,0.541666666666667,0.541666666666667,1,0.541666666666667,26,22,0,0,0.541666666666667,1084.5,17.6923076923077,860.618894872625,106.65605920444,48,55,0.460984848484849,amplicon_count,native_integer
carlstrom_phyllosphere_2019,Leaf203,Leaf324,0,0,0.5003367003367,0,0,0,0.481144781144781,0,0,0,0.49023569023569,0,0,0,0,0.49023569023569,0,0,-0.0457845861576446,0.0457845861576446,0.325252525252525,0,1,0.458333333333333,0.458333333333333,1,0.458333333333333,22,26,0,0,0.458333333333333,1084.5,35.8181818181818,860.618894872625,99.4392482989524,48,55,0.460984848484849,amplicon_count,native_integer
carlstrom_phyllosphere_2019,Leaf203,Leaf33,0,0,0.5003367003367,0,0,0,0.481144781144781,0,0,0,0.49023569023569,0,0,0,0,0.49023569023569,0,0,0.0719142964307525,0.0719142964307525,0.497643097643098,0,1,0.354166666666667,0.354166666666667,1,0.354166666666667,17,31,0,0,0.354166666666667,1084.5,100.588235294118,860.618894872625,225.172527062337,48,55,0.460984848484849,amplicon_count,native_integer
carlstrom_phyllosphere_2019,Leaf203,Leaf334,0,0,0.5003367003367,0,0,0,0.481144781144781,0,0,0,0.49023569023569,0,0,0,0,0.49023569023569,0,0,0.147450844369368,0.147450844369368,0.808754208754209,0,1,0.1875,0.1875,1,0.1875,9,39,0,0,0.1875,1084.5,5.55555555555556,860.618894872625,22.2212765957447,48,55,0.460984848484849,amplicon_count,native_integer
carlstrom_phyllosphere_2019,Leaf203,Leaf336,0,0,0.5003367003367,0,0,0,0.481144781144781,0,0,0,0.49023569023569,0,0.05,0,0,0.49023569023569,0,0.05,0.215291790260864,0.215291790260864,0.930639730639731,0,1,0.958333333333333,0.958333333333333,1,0.958333333333333,46,2,0,0,0.958333333333333,1084.5,14.195652173913,860.618894872625,30.2871525854485,48,55,0.460984848484849,amplicon_count,native_integer
carlstrom_phyllosphere_2019,Leaf203,Leaf337,0,0,0.5003367003367,0,0,0,0.481144781144781,0,0,0,0.49023569023569,0,0,0,0,0.49023569023569,0,0,0.0735196529849962,0.0735196529849962,0.503703703703704,0,1,0.208333333333333,0.208333333333333,1,0.208333333333333,10,38,0,0,0.208333333333333,1084.5,1.5,860.618894872625,1.79148936170213,48,55,0.460984848484849,amplicon_count,native_integer
carlstrom_phyllosphere_2019,Leaf203,Leaf344,0,0,0.5003367003367,0,0,0,0.481144781144781,0,0,0,0.49023569023569,0,0,0,0,0.49023569023569,0,0,-0.134618208850074,0.134618208850074,0.774410774410774,0,1,0.479166666666667,0.479166666666667,1,0.479166666666667,23,25,0,0,0.479166666666667,1084.5,33.1739130434783,860.618894872625,70.1006385767268,48,55,0.460984848484849,amplicon_count,native_integer
carlstrom_phyllosphere_2019,Leaf203,Leaf351,0,0,0.5003367003367,0,0,0,0.481144781144781,0,0,0,0.49023569023569,0,0.05,0,0,0.49023569023569,0,0,0.0589609098926595,0.0589609098926595,0.424242424242424,0,1,0.145833333333333,0.145833333333333,1,0.145833333333333,7,41,0,0,0.145833333333333,1084.5,4.14285714285714,860.618894872625,12.9413059427733,48,55,0.460984848484849,amplicon_count,native_integer
carlstrom_phyllosphere_2019,Leaf203,Leaf354,0,0,0.5003367003367,0,0,0,0.481144781144781,0,0.0189205431546914,0.0189205431546914,0.987205387205387,1,0.75,0,0,0.49023569023569,0,0.35,0.458845840947676,0.458845840947676,0.997306397306397,1,1,0.875,0.875,1,0.875,42,6,0,0,0.875,1084.5,17.952380952381,860.618894872625,84.8687849201423,48,55,0.460984848484849,amplicon_count,native_integer
carlstrom_phyllosphere_2019,Leaf203,Leaf357,0,0,0.5003367003367,0,0,0,0.481144781144781,0,0,0,0.49023569023569,0,0,0,0,0.49023569023569,0,0,0.0735209799967374,0.0735209799967374,0.504377104377104,0,1,0.4375,0.4375,1,0.4375,21,27,0,0,0.4375,1084.5,7.19047619047619,860.618894872625,9.76623925602367,48,55,0.460984848484849,amplicon_count,native_integer
carlstrom_phyllosphere_2019,Leaf203,Leaf359,0,0,0.5003367003367,0,0,0,0.481144781144781,0,0,0,0.49023569023569,0,0.05,0,0,0.49023569023569,0,0,0.000949073834475819,0.000949073834475819,0.00606060606060606,0,1,0.0416666666666667,0.0416666666666667,1,0.0416666666666667,2,46,0,0,0.0416666666666667,1084.5,1.5,860.618894872625,1.63829787234043,48,55,0.460984848484849,amplicon_count,native_integer
carlstrom_phyllosphere_2019,Leaf203,Leaf363,0,0,0.5003367003367,0,0,0,0.481144781144781,0,0,0,0.49023569023569,0,0,0,0,0.49023569023569,0,0,-0.0751019658424798,0.0751019658424798,0.517171717171717,0,1,0.291666666666667,0.291666666666667,1,0.291666666666667,14,34,0,0,0.291666666666667,1084.5,23.9285714285714,860.618894872625,39.4577961257542,48,55,0.460984848484849,amplicon_count,native_integer
carlstrom_phyllosphere_2019,Leaf203,Leaf371,0,0,0.5003367003367,0,0,0,0.481144781144781,0,0,0,0.49023569023569,0,0,0,0,0.49023569023569,0,0,0.056645755604589,0.056645755604589,0.405387205387205,0,1,0.25,0.25,1,0.25,12,36,0,0,0.25,1084.5,46.9166666666667,860.618894872625,104.532066059484,48,55,0.460984848484849,amplicon_count,native_integer
carlstrom_phyllosphere_2019,Leaf203,Leaf380,0,0,0.5003367003367,0,0,0,0.481144781144781,0,0,0,0.49023569023569,0,0.1,0,0,0.49023569023569,0,0,0.270595887756568,0.270595887756568,0.965656565656566,0,1,0.395833333333333,0.395833333333333,1,0.395833333333333,19,29,0,0,0.395833333333333,1084.5,70.421052631579,860.618894872625,644.908882740197,48,55,0.460984848484849,amplicon_count,native_integer
carlstrom_phyllosphere_2019,Leaf203,Leaf391,0,0,0.5003367003367,0,0,0,0.481144781144781,0,0,0,0.49023569023569,0,0,0,0,0.49023569023569,0,0,-0.0672358016110307,0.0672358016110307,0.471380471380471,0,1,0.8125,0.8125,1,0.8125,39,9,0,0,0.8125,1084.5,121.897435897436,860.618894872625,266.843616573725,48,55,0.460984848484849,amplicon_count,native_integer
carlstrom_phyllosphere_2019,Leaf203,Leaf396,0,0,0.5003367003367,0,0,0,0.481144781144781,0,0,0,0.49023569023569,0,0,0,0,0.49023569023569,0,0,0.0582371358996327,0.0582371358996327,0.417508417508417,0,1,0.375,0.375,1,0.375,18,30,0,0,0.375,1084.5,3.11111111111111,860.618894872625,5.95744680851064,48,55,0.460984848484849,amplicon_count,native_integer
carlstrom_phyllosphere_2019,Leaf203,Leaf405,0,0,0.5003367003367,0,0,0,0.481144781144781,0,0,0,0.49023569023569,0,0.05,0,0,0.49023569023569,0,0,-0.223428956328991,0.223428956328991,0.936700336700337,0,1,0.854166666666667,0.854166666666667,1,0.854166666666667,41,7,0,0,0.854166666666667,1084.5,479.731707317073,860.618894872625,1289.73232854811,48,55,0.460984848484849,amplicon_count,native_integer
carlstrom_phyllosphere_2019,Leaf203,Leaf41,0,0,0.5003367003367,0,0,0,0.481144781144781,0,0,0,0.49023569023569,0,0,-0.0153651202163097,0.0153651202163097,0.985185185185185,1,0.55,-0.251264885221992,0.251264885221992,0.955555555555556,0,1,0.520833333333333,0.520833333333333,1,0.520833333333333,25,23,0,0,0.520833333333333,1084.5,6.04,860.618894872625,5.95166971959984,48,55,0.460984848484849,amplicon_count,native_integer
carlstrom_phyllosphere_2019,Leaf203,Leaf416,0,0,0.5003367003367,0,0,0,0.481144781144781,0,0,0,0.49023569023569,0,0,0,0,0.49023569023569,0,0,-0.0289942742968625,0.0289942742968625,0.212121212121212,0,1,0.708333333333333,0.708333333333333,1,0.708333333333333,34,14,0,0,0.708333333333333,1084.5,103.088235294118,860.618894872625,1707.97219170182,48,55,0.460984848484849,amplicon_count,native_integer
carlstrom_phyllosphere_2019,Leaf203,Leaf420,0,0,0.5003367003367,0,0,0,0.481144781144781,0,0,0,0.49023569023569,0,0,0,0,0.49023569023569,0,0,-0.245959092145983,0.245959092145983,0.950841750841751,0,1,1,1,1,1,48,0,0,0,1,1084.5,336.333333333333,860.618894872625,355.254496763174,48,55,0.460984848484849,amplicon_count,native_integer
carlstrom_phyllosphere_2019,Leaf203,Leaf427,0,0,0.5003367003367,0,0,0,0.481144781144781,0,0,0,0.49023569023569,0,0,0,0,0.49023569023569,0,0,-0.12679875512032,0.12679875512032,0.756228956228956,0,1,0.333333333333333,0.333333333333333,1,0.333333333333333,16,32,0,0,0.333333333333333,1084.5,10.0625,860.618894872625,23.5526628782873,48,55,0.460984848484849,amplicon_count,native_integer
carlstrom_phyllosphere_2019,Leaf203,Leaf443,0,0,0.5003367003367,0,0,0,0.481144781144781,0,0,0,0.49023569023569,0,0,0,0,0.49023569023569,0,0,-0.106751642488743,0.106751642488743,0.684848484848485,0,1,0.395833333333333,0.395833333333333,1,0.395833333333333,19,29,0,0,0.395833333333333,1084.5,19.8421052631579,860.618894872625,80.271742197641,48,55,0.460984848484849,amplicon_count,native_integer
carlstrom_phyllosphere_2019,Leaf203,Leaf5,0,0,0.5003367003367,0,0,0,0.481144781144781,0,0,0,0.49023569023569,0,0.2,0,0,0.49023569023569,0,0,0.204615531343176,0.204615531343176,0.91986531986532,0,1,0.0625,0.0625,1,0.0625,3,45,0,0,0.0625,1084.5,45.6666666666667,860.618894872625,86.4430812237925,48,55,0.460984848484849,amplicon_count,native_integer
carlstrom_phyllosphere_2019,Leaf203,Leaf68,0,0,0.5003367003367,0,0,0,0.481144781144781,0,0,0,0.49023569023569,0,0,0,0,0.49023569023569,0,0,-0.0114485657797875,0.0114485657797875,0.0767676767676768,0,1,1,1,1,1,48,0,0,0,1,1084.5,941.958333333333,860.618894872625,348.901820091499,48,55,0.460984848484849,amplicon_count,native_integer
carlstrom_phyllosphere_2019,Leaf203,Leaf70,0,0,0.5003367003367,0,0,0,0.481144781144781,0,0,0,0.49023569023569,0,0,0,0,0.49023569023569,0,0,-0.0638136277678649,0.0638136277678649,0.451178451178451,0,1,0.208333333333333,0.208333333333333,1,0.208333333333333,10,38,0,0,0.208333333333333,1084.5,17,860.618894872625,30.6498122653316,48,55,0.460984848484849,amplicon_count,native_integer
carlstrom_phyllosphere_2019,Leaf203,Leaf82,0,0,0.5003367003367,0,0,0,0.481144781144781,0,0,0,0.49023569023569,0,0,0,0,0.49023569023569,0,0,-0.0371152561709505,0.0371152561709505,0.265993265993266,0,1,0.8125,0.8125,1,0.8125,39,9,0,0,0.8125,1084.5,91.1282051282051,860.618894872625,240.533890491984,48,55,0.460984848484849,amplicon_count,native_integer
carlstrom_phyllosphere_2019,Leaf203,Leaf83,0,0,0.5003367003367,0,0,0,0.481144781144781,0,0,0,0.49023569023569,0,0,0,0,0.49023569023569,0,0,-0.103789952596355,0.103789952596355,0.671380471380472,0,1,0.6875,0.6875,1,0.6875,33,15,0,0,0.6875,1084.5,305.818181818182,860.618894872625,1571.80367849824,48,55,0.460984848484849,amplicon_count,native_integer
carlstrom_phyllosphere_2019,Leaf203,Leaf86,0,0,0.5003367003367,0,0,0,0.481144781144781,0,0,0,0.49023569023569,0,0,0,0,0.49023569023569,0,0,-0.0282775431317287,0.0282775431317287,0.204713804713805,0,1,0.895833333333333,0.895833333333333,1,0.895833333333333,43,5,0,0,0.895833333333333,1084.5,400.581395348837,860.618894872625,1334.10514776271,48,55,0.460984848484849,amplicon_count,native_integer
carlstrom_phyllosphere_2019,Leaf203,Leaf88,0,0,0.5003367003367,0,0,0,0.481144781144781,0,0,0,0.49023569023569,0,0,0,0,0.49023569023569,0,0,-0.0985159582987133,0.0985159582987133,0.64983164983165,0,1,0.3125,0.3125,1,0.3125,15,33,0,0,0.3125,1084.5,84.2,860.618894872625,965.149492090767,48,55,0.460984848484849,amplicon_count,native_integer
carlstrom_phyllosphere_2019,Leaf203,Leaf90,0,0,0.5003367003367,0,0,0,0.481144781144781,0,0,0,0.49023569023569,0,0,0,0,0.49023569023569,0,0,0.027432944401153,0.027432944401153,0.197306397306397,0,1,0.791666666666667,0.791666666666667,1,0.791666666666667,38,10,0,0,0.791666666666667,1084.5,292.342105263158,860.618894872625,1496.93020035509,48,55,0.460984848484849,amplicon_count,native_integer
carlstrom_phyllosphere_2019,Leaf220,Leaf202,0,0,0.5003367003367,0,0,0,0.481144781144781,0,0,0,0.49023569023569,0,0,0,0,0.49023569023569,0,0,0.110718748104972,0.110718748104972,0.697643097643098,0,0.0833333333333333,1,0.0833333333333333,1,0.0833333333333333,4,0,44,0,0.0833333333333333,1.5,948.583333333333,1.91489361702128,348.703505227093,48,55,0.460984848484849,amplicon_count,native_integer
carlstrom_phyllosphere_2019,Leaf220,Leaf222,0,0,0.5003367003367,0,0,0,0.481144781144781,0,0,0,0.49023569023569,0,0.4,0,0,0.49023569023569,0,0,0.0242551256435589,0.0242551256435589,0.177777777777778,0,0.0833333333333333,0.0625,0.0625,0.0833333333333333,0,0,4,3,41,0,1.5,5,1.91489361702128,5.74042553191489,48,55,0.460984848484849,amplicon_count,native_integer
carlstrom_phyllosphere_2019,Leaf220,Leaf225,0,0,0.5003367003367,0,0,0,0.481144781144781,0,0,0,0.49023569023569,0,0,0,0,0.49023569023569,0,0,0.00783690834897118,0.00783690834897118,0.0464646464646465,0,0.0833333333333333,0.208333333333333,0.0833333333333333,0.208333333333333,0,0,4,10,34,0,1.5,4,1.91489361702128,10.9957446808511,48,55,0.460984848484849,amplicon_count,native_integer
carlstrom_phyllosphere_2019,Leaf220,Leaf231,0,0,0.5003367003367,0,0,0,0.481144781144781,0,0,0,0.49023569023569,0,0,0,0,0.49023569023569,0,0,0.0506383316684544,0.0506383316684544,0.360942760942761,0,0.0833333333333333,0.9375,0.0833333333333333,0.9375,0.0833333333333333,4,0,41,3,0.0888888888888889,1.5,297.933333333333,1.91489361702128,297.978171136386,48,55,0.460984848484849,amplicon_count,native_integer
carlstrom_phyllosphere_2019,Leaf220,Leaf233,0,0,0.5003367003367,0,0,0,0.481144781144781,0,0,0,0.49023569023569,0,0,0,0,0.49023569023569,0,0,-0.009429808546799,0.009429808546799,0.0585858585858586,0,0.0833333333333333,1,0.0833333333333333,1,0.0833333333333333,4,0,44,0,0.0833333333333333,1.5,501.791666666667,1.91489361702128,1557.43476302116,48,55,0.460984848484849,amplicon_count,native_integer
carlstrom_phyllosphere_2019,Leaf220,Leaf234,0,0,0.5003367003367,0,0,0,0.481144781144781,0,0,0,0.49023569023569,0,0.05,0,0,0.49023569023569,0,0,0.0508890365113592,0.0508890365113592,0.363636363636364,0,0.0833333333333333,0.145833333333333,0.0833333333333333,0.145833333333333,0,0,4,7,37,0,1.5,4.42857142857143,1.91489361702128,8.86135895676048,48,55,0.460984848484849,amplicon_count,native_integer
carlstrom_phyllosphere_2019,Leaf220,Leaf242,0,0,0.5003367003367,0,0,0,0.481144781144781,0,0,0,0.49023569023569,0,0,0,0,0.49023569023569,0,0.05,0.00324423600655381,0.00324423600655381,0.0168350168350168,0,0.0833333333333333,0.708333333333333,0.0833333333333333,0.708333333333333,0.0416666666666667,2,2,32,12,0.0555555555555556,1.5,66.7941176470588,1.91489361702128,216.737429382501,48,55,0.460984848484849,amplicon_count,native_integer
carlstrom_phyllosphere_2019,Leaf220,Leaf26,0,0,0.5003367003367,0,0,0,0.481144781144781,0,0,0,0.49023569023569,0,0,0,0,0.49023569023569,0,0,-0.0712782523903571,0.0712782523903571,0.495622895622896,0,0.0833333333333333,0.833333333333333,0.0833333333333333,0.833333333333333,0.0833333333333333,4,0,36,8,0.1,1.5,137.2,1.91489361702128,459.115315427083,48,55,0.460984848484849,amplicon_count,native_integer
carlstrom_phyllosphere_2019,Leaf220,Leaf262,0,0,0.5003367003367,0,0,0,0.481144781144781,0,0,0,0.49023569023569,0,0,0,0,0.49023569023569,0,0,-0.0116663202292423,0.0116663202292423,0.0808080808080808,0,0.0833333333333333,0.958333333333333,0.0833333333333333,0.958333333333333,0.0833333333333333,4,0,42,2,0.0869565217391304,1.5,363.369565217391,1.91489361702128,1068.25302664825,48,55,0.460984848484849,amplicon_count,native_integer
carlstrom_phyllosphere_2019,Leaf220,Leaf263,0,0,0.5003367003367,0,0,0,0.481144781144781,0,0,0,0.49023569023569,0,0,0,0,0.49023569023569,0,0,0.000158750474225689,0.000158750474225689,0.00202020202020202,0,0.0833333333333333,0.145833333333333,0.0833333333333333,0.145833333333333,0,0,4,7,37,0,1.5,3,1.91489361702128,8.35562310030395,48,55,0.460984848484849,amplicon_count,native_integer
carlstrom_phyllosphere_2019,Leaf220,Leaf265,0,0,0.5003367003367,0,0,0,0.481144781144781,0,0,0,0.49023569023569,0,0,0,0,0.49023569023569,0,0,-0.0307097641418639,0.0307097641418639,0.223569023569024,0,0.0833333333333333,0.708333333333333,0.0833333333333333,0.708333333333333,0.0416666666666667,2,2,32,12,0.0555555555555556,1.5,136.529411764706,1.91489361702128,386.282783466408,48,55,0.460984848484849,amplicon_count,native_integer
carlstrom_phyllosphere_2019,Leaf220,Leaf281,0,0,0.5003367003367,0,0,0,0.481144781144781,0,0,0,0.49023569023569,0,0,0,0,0.49023569023569,0,0,0.0450649590849201,0.0450649590849201,0.321212121212121,0,0.0833333333333333,0.541666666666667,0.0833333333333333,0.541666666666667,0.0625,3,1,23,21,0.111111111111111,1.5,17.0384615384615,1.91489361702128,95.0328514480573,48,55,0.460984848484849,amplicon_count,native_integer
carlstrom_phyllosphere_2019,Leaf220,Leaf285,0,0,0.5003367003367,0,0,0,0.481144781144781,0,0,0,0.49023569023569,0,0,0,0,0.49023569023569,0,0,-0.128645600515624,0.128645600515624,0.76026936026936,0,0.0833333333333333,0.625,0.0833333333333333,0.625,0.0833333333333333,4,0,26,18,0.133333333333333,1.5,101.233333333333,1.91489361702128,506.741332081632,48,55,0.460984848484849,amplicon_count,native_integer
carlstrom_phyllosphere_2019,Leaf220,Leaf288,0,0,0.5003367003367,0,0,0,0.481144781144781,0,0,0,0.49023569023569,0,0,0,0,0.49023569023569,0,0,0.0564863413190016,0.0564863413190016,0.404040404040404,0,0.0833333333333333,0.25,0.0833333333333333,0.25,0.0208333333333333,1,3,11,33,0.0666666666666667,1.5,26.75,1.91489361702128,144.697753032412,48,55,0.460984848484849,amplicon_count,native_integer
carlstrom_phyllosphere_2019,Leaf220,Leaf3,0,0,0.5003367003367,0,0,0,0.481144781144781,0,0,0,0.49023569023569,0,0,0,0,0.49023569023569,0,0,0.0115519501791936,0.0115519501791936,0.0781144781144781,0,0.0833333333333333,0.541666666666667,0.0833333333333333,0.541666666666667,0.0625,3,1,23,21,0.111111111111111,1.5,17.6923076923077,1.91489361702128,106.65605920444,48,55,0.460984848484849,amplicon_count,native_integer
carlstrom_phyllosphere_2019,Leaf220,Leaf324,0,0,0.5003367003367,0,0,0,0.481144781144781,0,0,0,0.49023569023569,0,0,0,0,0.49023569023569,0,0.05,-0.0635074754154887,0.0635074754154887,0.450505050505051,0,0.0833333333333333,0.458333333333333,0.0833333333333333,0.458333333333333,0,0,4,22,22,0,1.5,35.8181818181818,1.91489361702128,99.4392482989524,48,55,0.460984848484849,amplicon_count,native_integer
carlstrom_phyllosphere_2019,Leaf220,Leaf33,0,0,0.5003367003367,0,0,0,0.481144781144781,0,0,0,0.49023569023569,0,0,0,0,0.49023569023569,0,0,-0.0195287996791216,0.0195287996791216,0.139393939393939,0,0.0833333333333333,0.354166666666667,0.0833333333333333,0.354166666666667,0.0208333333333333,1,3,16,28,0.05,1.5,100.588235294118,1.91489361702128,225.172527062337,48,55,0.460984848484849,amplicon_count,native_integer
carlstrom_phyllosphere_2019,Leaf220,Leaf334,0,0,0.5003367003367,0,0,0,0.481144781144781,0,0,0,0.49023569023569,0,0,0,0,0.49023569023569,0,0,0.0276114371162208,0.0276114371162208,0.199326599326599,0,0.0833333333333333,0.1875,0.0833333333333333,0.1875,0,0,4,9,35,0,1.5,5.55555555555556,1.91489361702128,22.2212765957447,48,55,0.460984848484849,amplicon_count,native_integer
carlstrom_phyllosphere_2019,Leaf220,Leaf336,0,0,0.5003367003367,0,0,0,0.481144781144781,0,0,0,0.49023569023569,0,0,0,0,0.49023569023569,0,0,0.00510064930844626,0.00510064930844626,0.0269360269360269,0,0.0833333333333333,0.958333333333333,0.0833333333333333,0.958333333333333,0.0833333333333333,4,0,42,2,0.0869565217391304,1.5,14.195652173913,1.91489361702128,30.2871525854485,48,55,0.460984848484849,amplicon_count,native_integer
carlstrom_phyllosphere_2019,Leaf220,Leaf337,0,0,0.5003367003367,0,0,0,0.481144781144781,0,0.017252718610394,0.017252718610394,0.986531986531987,1,0.65,0,0,0.49023569023569,0,0,0.0541116536048037,0.0541116536048037,0.385185185185185,0,0.0833333333333333,0.208333333333333,0.0833333333333333,0.208333333333333,0.0208333333333333,1,3,9,35,0.0769230769230769,1.5,1.5,1.91489361702128,1.79148936170213,48,55,0.460984848484849,amplicon_count,native_integer
carlstrom_phyllosphere_2019,Leaf220,Leaf344,0,0,0.5003367003367,0,0,0,0.481144781144781,0,0,0,0.49023569023569,0,0,0,0,0.49023569023569,0,0,0.0919240472287378,0.0919240472287378,0.608754208754209,0,0.0833333333333333,0.479166666666667,0.0833333333333333,0.479166666666667,0.0416666666666667,2,2,21,23,0.08,1.5,33.1739130434783,1.91489361702128,70.1006385767268,48,55,0.460984848484849,amplicon_count,native_integer
carlstrom_phyllosphere_2019,Leaf220,Leaf351,0,0,0.5003367003367,0,0,0,0.481144781144781,0,0,0,0.49023569023569,0,0.05,0,0,0.49023569023569,0,0.05,-0.000355795751734228,0.000355795751734228,0.00336700336700337,0,0.0833333333333333,0.145833333333333,0.0833333333333333,0.145833333333333,0,0,4,7,37,0,1.5,4.14285714285714,1.91489361702128,12.9413059427733,48,55,0.460984848484849,amplicon_count,native_integer
carlstrom_phyllosphere_2019,Leaf220,Leaf354,0,0,0.5003367003367,0,0,0,0.481144781144781,0,0,0,0.49023569023569,0,0,0,0,0.49023569023569,0,0.05,-0.0221044967287148,0.0221044967287148,0.161616161616162,0,0.0833333333333333,0.875,0.0833333333333333,0.875,0.0625,3,1,39,5,0.0697674418604651,1.5,17.952380952381,1.91489361702128,84.8687849201423,48,55,0.460984848484849,amplicon_count,native_integer
carlstrom_phyllosphere_2019,Leaf220,Leaf357,0,0,0.5003367003367,0,0,0,0.481144781144781,0,0,0,0.49023569023569,0,0,0,0,0.49023569023569,0,0,-0.022088943279299,0.022088943279299,0.160942760942761,0,0.0833333333333333,0.4375,0.0833333333333333,0.4375,0.0208333333333333,1,3,20,24,0.0416666666666667,1.5,7.19047619047619,1.91489361702128,9.76623925602367,48,55,0.460984848484849,amplicon_count,native_integer
carlstrom_phyllosphere_2019,Leaf220,Leaf359,0,0,0.5003367003367,0,0,0,0.481144781144781,0,0.0950016625620482,0.0950016625620482,0.995286195286195,1,0.9,0,0,0.49023569023569,0,0,0.106425399618959,0.106425399618959,0.682828282828283,0,0.0833333333333333,0.0416666666666667,0.0416666666666667,0.0833333333333333,0,0,4,2,42,0,1.5,1.5,1.91489361702128,1.63829787234043,48,55,0.460984848484849,amplicon_count,native_integer
carlstrom_phyllosphere_2019,Leaf220,Leaf363,0,0,0.5003367003367,0,0,0,0.481144781144781,0,0,0,0.49023569023569,0,0,0,0,0.49023569023569,0,0,-0.0515780967546588,0.0515780967546588,0.369023569023569,0,0.0833333333333333,0.291666666666667,0.0833333333333333,0.291666666666667,0.0208333333333333,1,3,13,31,0.0588235294117647,1.5,23.9285714285714,1.91489361702128,39.4577961257542,48,55,0.460984848484849,amplicon_count,native_integer
carlstrom_phyllosphere_2019,Leaf220,Leaf371,0,0,0.5003367003367,0,0,0,0.481144781144781,0,0,0,0.49023569023569,0,0.05,0,0,0.49023569023569,0,0.1,0.163794324238851,0.163794324238851,0.836363636363636,0,0.0833333333333333,0.25,0.0833333333333333,0.25,0.0416666666666667,2,2,10,34,0.142857142857143,1.5,46.9166666666667,1.91489361702128,104.532066059484,48,55,0.460984848484849,amplicon_count,native_integer
carlstrom_phyllosphere_2019,Leaf220,Leaf380,0,0,0.5003367003367,0,0,0,0.481144781144781,0,0,0,0.49023569023569,0,0,0,0,0.49023569023569,0,0,0.0588029498583788,0.0588029498583788,0.422222222222222,0,0.0833333333333333,0.395833333333333,0.0833333333333333,0.395833333333333,0.0208333333333333,1,3,18,26,0.0454545454545455,1.5,70.421052631579,1.91489361702128,644.908882740197,48,55,0.460984848484849,amplicon_count,native_integer
carlstrom_phyllosphere_2019,Leaf220,Leaf391,0,0,0.5003367003367,0,0,0,0.481144781144781,0,0,0,0.49023569023569,0,0,0,0,0.49023569023569,0,0,0.0187803296251166,0.0187803296251166,0.135353535353535,0,0.0833333333333333,0.8125,0.0833333333333333,0.8125,0.0833333333333333,4,0,35,9,0.102564102564103,1.5,121.897435897436,1.91489361702128,266.843616573725,48,55,0.460984848484849,amplicon_count,native_integer
carlstrom_phyllosphere_2019,Leaf220,Leaf396,0,0,0.5003367003367,0,0,0,0.481144781144781,0,0,0,0.49023569023569,0,0,0,0,0.49023569023569,0,0.05,-0.050390245349556,0.050390245349556,0.358249158249158,0,0.0833333333333333,0.375,0.0833333333333333,0.375,0.0208333333333333,1,3,17,27,0.0476190476190476,1.5,3.11111111111111,1.91489361702128,5.95744680851064,48,55,0.460984848484849,amplicon_count,native_integer
carlstrom_phyllosphere_2019,Leaf220,Leaf405,0,0,0.5003367003367,0,0,0,0.481144781144781,0,0,0,0.49023569023569,0,0,0,0,0.49023569023569,0,0,0.0534688707353785,0.0534688707353785,0.37979797979798,0,0.0833333333333333,0.854166666666667,0.0833333333333333,0.854166666666667,0.0833333333333333,4,0,37,7,0.0975609756097561,1.5,479.731707317073,1.91489361702128,1289.73232854811,48,55,0.460984848484849,amplicon_count,native_integer
carlstrom_phyllosphere_2019,Leaf220,Leaf41,0,0,0.5003367003367,0,0,0,0.481144781144781,0,0,0,0.49023569023569,0,0,0,0,0.49023569023569,0,0,0.0588799477377211,0.0588799477377211,0.422895622895623,0,0.0833333333333333,0.520833333333333,0.0833333333333333,0.520833333333333,0.0625,3,1,22,22,0.115384615384615,1.5,6.04,1.91489361702128,5.95166971959984,48,55,0.460984848484849,amplicon_count,native_integer
carlstrom_phyllosphere_2019,Leaf220,Leaf416,0,0,0.5003367003367,0,0,0,0.481144781144781,0,0,0,0.49023569023569,0,0,0,0,0.49023569023569,0,0.15,-0.0571270889510743,0.0571270889510743,0.408754208754209,0,0.0833333333333333,0.708333333333333,0.0833333333333333,0.708333333333333,0.0416666666666667,2,2,32,12,0.0555555555555556,1.5,103.088235294118,1.91489361702128,1707.97219170182,48,55,0.460984848484849,amplicon_count,native_integer
carlstrom_phyllosphere_2019,Leaf220,Leaf420,0,0,0.5003367003367,0,0,0,0.481144781144781,0,0,0,0.49023569023569,0,0,0,0,0.49023569023569,0,0,-0.0826964784413998,0.0826964784413998,0.556902356902357,0,0.0833333333333333,1,0.0833333333333333,1,0.0833333333333333,4,0,44,0,0.0833333333333333,1.5,336.333333333333,1.91489361702128,355.254496763174,48,55,0.460984848484849,amplicon_count,native_integer
carlstrom_phyllosphere_2019,Leaf220,Leaf427,0,0,0.5003367003367,0,0,0,0.481144781144781,0,0,0,0.49023569023569,0,0,0,0,0.49023569023569,0,0,-0.0179343662091814,0.0179343662091814,0.123232323232323,0,0.0833333333333333,0.333333333333333,0.0833333333333333,0.333333333333333,0.0416666666666667,2,2,14,30,0.111111111111111,1.5,10.0625,1.91489361702128,23.5526628782873,48,55,0.460984848484849,amplicon_count,native_integer
carlstrom_phyllosphere_2019,Leaf220,Leaf443,0,0,0.5003367003367,0,0,0,0.481144781144781,0,0,0,0.49023569023569,0,0,0,0,0.49023569023569,0,0,0.114897190068295,0.114897190068295,0.716498316498317,0,0.0833333333333333,0.395833333333333,0.0833333333333333,0.395833333333333,0.0625,3,1,16,28,0.15,1.5,19.8421052631579,1.91489361702128,80.271742197641,48,55,0.460984848484849,amplicon_count,native_integer
carlstrom_phyllosphere_2019,Leaf220,Leaf5,0,0,0.5003367003367,0,0,0,0.481144781144781,0,0,0,0.49023569023569,0,0.1,0,0,0.49023569023569,0,0,0.0309339716521836,0.0309339716521836,0.224242424242424,0,0.0833333333333333,0.0625,0.0625,0.0833333333333333,0,0,4,3,41,0,1.5,45.6666666666667,1.91489361702128,86.4430812237925,48,55,0.460984848484849,amplicon_count,native_integer
carlstrom_phyllosphere_2019,Leaf220,Leaf68,0,0,0.5003367003367,0,0,0,0.481144781144781,0,0,0,0.49023569023569,0,0,0,0,0.49023569023569,0,0,0.112619170812693,0.112619170812693,0.705050505050505,0,0.0833333333333333,1,0.0833333333333333,1,0.0833333333333333,4,0,44,0,0.0833333333333333,1.5,941.958333333333,1.91489361702128,348.901820091499,48,55,0.460984848484849,amplicon_count,native_integer
carlstrom_phyllosphere_2019,Leaf220,Leaf70,0,0,0.5003367003367,0,0,0,0.481144781144781,0,0,0,0.49023569023569,0,0.05,0,0,0.49023569023569,0,0,0.120483792155552,0.120483792155552,0.736700336700337,0,0.0833333333333333,0.208333333333333,0.0833333333333333,0.208333333333333,0.0416666666666667,2,2,8,36,0.166666666666667,1.5,17,1.91489361702128,30.6498122653316,48,55,0.460984848484849,amplicon_count,native_integer
carlstrom_phyllosphere_2019,Leaf220,Leaf82,0,0,0.5003367003367,0,0.0274526216666721,0.0274526216666721,0.977104377104377,0,0,0,0.49023569023569,0,0,0,0,0.49023569023569,0,0,0.0109838749862709,0.0109838749862709,0.0713804713804714,0,0.0833333333333333,0.8125,0.0833333333333333,0.8125,0.0833333333333333,4,0,35,9,0.102564102564103,1.5,91.1282051282051,1.91489361702128,240.533890491984,48,55,0.460984848484849,amplicon_count,native_integer
carlstrom_phyllosphere_2019,Leaf220,Leaf83,0,0,0.5003367003367,0,0,0,0.481144781144781,0,0,0,0.49023569023569,0,0,0,0,0.49023569023569,0,0,0.145210787222491,0.145210787222491,0.797306397306397,0,0.0833333333333333,0.6875,0.0833333333333333,0.6875,0.0833333333333333,4,0,29,15,0.121212121212121,1.5,305.818181818182,1.91489361702128,1571.80367849824,48,55,0.460984848484849,amplicon_count,native_integer
carlstrom_phyllosphere_2019,Leaf220,Leaf86,0,0,0.5003367003367,0,0,0,0.481144781144781,0,0,0,0.49023569023569,0,0.05,0,0,0.49023569023569,0,0.2,-0.0704751341550611,0.0704751341550611,0.490909090909091,0,0.0833333333333333,0.895833333333333,0.0833333333333333,0.895833333333333,0.0416666666666667,2,2,41,3,0.0444444444444444,1.5,400.581395348837,1.91489361702128,1334.10514776271,48,55,0.460984848484849,amplicon_count,native_integer
carlstrom_phyllosphere_2019,Leaf220,Leaf88,0,0,0.5003367003367,0,0,0,0.481144781144781,0,0,0,0.49023569023569,0,0,-0.0421511269849421,0.0421511269849421,0.98989898989899,1,0.65,-0.0897470435938953,0.0897470435938953,0.599326599326599,0,0.0833333333333333,0.3125,0.0833333333333333,0.3125,0,0,4,15,29,0,1.5,84.2,1.91489361702128,965.149492090767,48,55,0.460984848484849,amplicon_count,native_integer
carlstrom_phyllosphere_2019,Leaf220,Leaf90,0,0,0.5003367003367,0,0,0,0.481144781144781,0,0,0,0.49023569023569,0,0,0,0,0.49023569023569,0,0,-0.0712201141415262,0.0712201141415262,0.494949494949495,0,0.0833333333333333,0.791666666666667,0.0833333333333333,0.791666666666667,0.0625,3,1,35,9,0.0769230769230769,1.5,292.342105263158,1.91489361702128,1496.93020035509,48,55,0.460984848484849,amplicon_count,native_integer
carlstrom_phyllosphere_2019,Leaf222,Leaf202,0,0,0.5003367003367,0,0,0,0.481144781144781,0,0,0,0.49023569023569,0,0,0,0,0.49023569023569,0,0.1,-0.105909256830108,0.105909256830108,0.680808080808081,0,0.0625,1,0.0625,1,0.0625,3,0,45,0,0.0625,5,948.583333333333,5.74042553191489,348.703505227093,48,55,0.460984848484849,amplicon_count,native_integer
carlstrom_phyllosphere_2019,Leaf222,Leaf225,0,0,0.5003367003367,0,0,0,0.481144781144781,0,0,0,0.49023569023569,0,0.2,0,0,0.49023569023569,0,0.25,0.0856163459991604,0.0856163459991604,0.576430976430976,0,0.0625,0.208333333333333,0.0625,0.208333333333333,0.0416666666666667,2,1,8,37,0.181818181818182,5,4,5.74042553191489,10.9957446808511,48,55,0.460984848484849,amplicon_count,native_integer
carlstrom_phyllosphere_2019,Leaf222,Leaf231,0,0,0.5003367003367,0,0.0641400608536373,0.0641400608536373,0.984511784511785,0,0,0,0.49023569023569,0,0,0.0172501637510211,0.0172501637510211,0.986531986531987,1,0.45,0.0584790996677759,0.0584790996677759,0.42020202020202,0,0.0625,0.9375,0.0625,0.9375,0.0625,3,0,42,3,0.0666666666666667,5,297.933333333333,5.74042553191489,297.978171136386,48,55,0.460984848484849,amplicon_count,native_integer
carlstrom_phyllosphere_2019,Leaf222,Leaf233,0,0,0.5003367003367,0,0,0,0.481144781144781,0,0,0,0.49023569023569,0,0,0,0,0.49023569023569,0,0,0.0647815749883213,0.0647815749883213,0.456565656565657,0,0.0625,1,0.0625,1,0.0625,3,0,45,0,0.0625,5,501.791666666667,5.74042553191489,1557.43476302116,48,55,0.460984848484849,amplicon_count,native_integer
carlstrom_phyllosphere_2019,Leaf222,Leaf234,0,0,0.5003367003367,0,0,0,0.481144781144781,0,0,0,0.49023569023569,0,0.05,0,0,0.49023569023569,0,0,-0.0102387193523338,0.0102387193523338,0.065993265993266,0,0.0625,0.145833333333333,0.0625,0.145833333333333,0,0,3,7,38,0,5,4.42857142857143,5.74042553191489,8.86135895676048,48,55,0.460984848484849,amplicon_count,native_integer
carlstrom_phyllosphere_2019,Leaf222,Leaf242,0,0,0.5003367003367,0,0,0,0.481144781144781,0,0,0,0.49023569023569,0,0,0,0,0.49023569023569,0,0,0.112194773480015,0.112194773480015,0.701683501683502,0,0.0625,0.708333333333333,0.0625,0.708333333333333,0.0625,3,0,31,14,0.0882352941176471,5,66.7941176470588,5.74042553191489,216.737429382501,48,55,0.460984848484849,amplicon_count,native_integer
carlstrom_phyllosphere_2019,Leaf222,Leaf26,0,0,0.5003367003367,0,0,0,0.481144781144781,0,0,0,0.49023569023569,0,0,0,0,0.49023569023569,0,0,0.00554021797422291,0.00554021797422291,0.0316498316498317,0,0.0625,0.833333333333333,0.0625,0.833333333333333,0.0625,3,0,37,8,0.075,5,137.2,5.74042553191489,459.115315427083,48,55,0.460984848484849,amplicon_count,native_integer
carlstrom_phyllosphere_2019,Leaf222,Leaf262,0,0,0.5003367003367,0,0.286154892649745,0.286154892649745,0.997306397306397,0,0,0,0.49023569023569,0,0,0,0,0.49023569023569,0,0,0.067241855292191,0.067241855292191,0.472053872053872,0,0.0625,0.958333333333333,0.0625,0.958333333333333,0.0625,3,0,43,2,0.0652173913043478,5,363.369565217391,5.74042553191489,1068.25302664825,48,55,0.460984848484849,amplicon_count,native_integer
carlstrom_phyllosphere_2019,Leaf222,Leaf263,0,0,0.5003367003367,0,0,0,0.481144781144781,0,0.0268942248075724,0.0268942248075724,0.988552188552189,1,0.45,0,0,0.49023569023569,0,0.35,0.074637759345498,0.074637759345498,0.512457912457913,0,0.0625,0.145833333333333,0.0625,0.145833333333333,0.0416666666666667,2,1,5,40,0.25,5,3,5.74042553191489,8.35562310030395,48,55,0.460984848484849,amplicon_count,native_integer
carlstrom_phyllosphere_2019,Leaf222,Leaf265,0,0,0.5003367003367,0,0,0,0.481144781144781,0,0,0,0.49023569023569,0,0,0,0,0.49023569023569,0,0,-0.0749104783607285,0.0749104783607285,0.515151515151515,0,0.0625,0.708333333333333,0.0625,0.708333333333333,0.0625,3,0,31,14,0.0882352941176471,5,136.529411764706,5.74042553191489,386.282783466408,48,55,0.460984848484849,amplicon_count,native_integer
carlstrom_phyllosphere_2019,Leaf222,Leaf281,0,0,0.5003367003367,0,0,0,0.481144781144781,0,0,0,0.49023569023569,0,0,0,0,0.49023569023569,0,0,-0.0933470196453117,0.0933470196453117,0.614814814814815,0,0.0625,0.541666666666667,0.0625,0.541666666666667,0.0208333333333333,1,2,25,20,0.0357142857142857,5,17.0384615384615,5.74042553191489,95.0328514480573,48,55,0.460984848484849,amplicon_count,native_integer
carlstrom_phyllosphere_2019,Leaf222,Leaf285,0,0,0.5003367003367,0,0,0,0.481144781144781,0,0,0,0.49023569023569,0,0,0,0,0.49023569023569,0,0,-0.0424616926600143,0.0424616926600143,0.306397306397306,0,0.0625,0.625,0.0625,0.625,0.0625,3,0,27,18,0.1,5,101.233333333333,5.74042553191489,506.741332081632,48,55,0.460984848484849,amplicon_count,native_integer
carlstrom_phyllosphere_2019,Leaf222,Leaf288,0,0,0.5003367003367,0,0,0,0.481144781144781,0,0,0,0.49023569023569,0,0,0,0,0.49023569023569,0,0,-0.0102254712661546,0.0102254712661546,0.0653198653198653,0,0.0625,0.25,0.0625,0.25,0,0,3,12,33,0,5,26.75,5.74042553191489,144.697753032412,48,55,0.460984848484849,amplicon_count,native_integer
carlstrom_phyllosphere_2019,Leaf222,Leaf3,0,0,0.5003367003367,0,0,0,0.481144781144781,0,0,0,0.49023569023569,0,0,0,0,0.49023569023569,0,0,-0.114269516541695,0.114269516541695,0.713804713804714,0,0.0625,0.541666666666667,0.0625,0.541666666666667,0,0,3,26,19,0,5,17.6923076923077,5.74042553191489,106.65605920444,48,55,0.460984848484849,amplicon_count,native_integer
carlstrom_phyllosphere_2019,Leaf222,Leaf324,0,0,0.5003367003367,0,0,0,0.481144781144781,0,0,0,0.49023569023569,0,0,0,0,0.49023569023569,0,0,-0.0529007346943441,0.0529007346943441,0.377777777777778,0,0.0625,0.458333333333333,0.0625,0.458333333333333,0.0208333333333333,1,2,21,24,0.0416666666666667,5,35.8181818181818,5.74042553191489,99.4392482989524,48,55,0.460984848484849,amplicon_count,native_integer
carlstrom_phyllosphere_2019,Leaf222,Leaf33,0,0,0.5003367003367,0,0,0,0.481144781144781,0,0,0,0.49023569023569,0,0,0,0,0.49023569023569,0,0.05,0.095716193710622,0.095716193710622,0.63030303030303,0,0.0625,0.354166666666667,0.0625,0.354166666666667,0.0416666666666667,2,1,15,30,0.111111111111111,5,100.588235294118,5.74042553191489,225.172527062337,48,55,0.460984848484849,amplicon_count,native_integer
carlstrom_phyllosphere_2019,Leaf222,Leaf334,0,0,0.5003367003367,0,0,0,0.481144781144781,0,0,0,0.49023569023569,0,0,0,0,0.49023569023569,0,0,0.045590042764614,0.045590042764614,0.323905723905724,0,0.0625,0.1875,0.0625,0.1875,0.0208333333333333,1,2,8,37,0.0909090909090909,5,5.55555555555556,5.74042553191489,22.2212765957447,48,55,0.460984848484849,amplicon_count,native_integer
carlstrom_phyllosphere_2019,Leaf222,Leaf336,0,0,0.5003367003367,0,0,0,0.481144781144781,0,0,0,0.49023569023569,0,0,0,0,0.49023569023569,0,0,-0.00727546157105255,0.00727546157105255,0.0437710437710438,0,0.0625,0.958333333333333,0.0625,0.958333333333333,0.0625,3,0,43,2,0.0652173913043478,5,14.195652173913,5.74042553191489,30.2871525854485,48,55,0.460984848484849,amplicon_count,native_integer
carlstrom_phyllosphere_2019,Leaf222,Leaf337,0,0,0.5003367003367,0,0,0,0.481144781144781,0,0,0,0.49023569023569,0,0,0,0,0.49023569023569,0,0,-0.0076576881690377,0.0076576881690377,0.0457912457912458,0,0.0625,0.208333333333333,0.0625,0.208333333333333,0,0,3,10,35,0,5,1.5,5.74042553191489,1.79148936170213,48,55,0.460984848484849,amplicon_count,native_integer
carlstrom_phyllosphere_2019,Leaf222,Leaf344,0,0,0.5003367003367,0,0,0,0.481144781144781,0,0,0,0.49023569023569,0,0,0,0,0.49023569023569,0,0,-0.0837169903052334,0.0837169903052334,0.562962962962963,0,0.0625,0.479166666666667,0.0625,0.479166666666667,0.0208333333333333,1,2,22,23,0.04,5,33.1739130434783,5.74042553191489,70.1006385767268,48,55,0.460984848484849,amplicon_count,native_integer
carlstrom_phyllosphere_2019,Leaf222,Leaf351,0,0,0.5003367003367,0,0,0,0.481144781144781,0,0,0,0.49023569023569,0,0,0,0,0.49023569023569,0,0,-0.00494175415894382,0.00494175415894382,0.0255892255892256,0,0.0625,0.145833333333333,0.0625,0.145833333333333,0,0,3,7,38,0,5,4.14285714285714,5.74042553191489,12.9413059427733,48,55,0.460984848484849,amplicon_count,native_integer
carlstrom_phyllosphere_2019,Leaf222,Leaf354,0,0,0.5003367003367,0,0,0,0.481144781144781,0,0,0,0.49023569023569,0,0,0,0,0.49023569023569,0,0,0.117822510737409,0.117822510737409,0.725925925925926,0,0.0625,0.875,0.0625,0.875,0.0625,3,0,39,6,0.0714285714285714,5,17.952380952381,5.74042553191489,84.8687849201423,48,55,0.460984848484849,amplicon_count,native_integer
carlstrom_phyllosphere_2019,Leaf222,Leaf357,0,0,0.5003367003367,0,0,0,0.481144781144781,0,0,0,0.49023569023569,0,0,0,0,0.49023569023569,0,0,0.0155207472036708,0.0155207472036708,0.109090909090909,0,0.0625,0.4375,0.0625,0.4375,0.0208333333333333,1,2,20,25,0.0434782608695652,5,7.19047619047619,5.74042553191489,9.76623925602367,48,55,0.460984848484849,amplicon_count,native_integer
carlstrom_phyllosphere_2019,Leaf222,Leaf359,0,0,0.5003367003367,0,0,0,0.481144781144781,0,0.00620956607789786,0.00620956607789786,0.983838383838384,1,0.5,0,0,0.49023569023569,0,0,0.0144303853762317,0.0144303853762317,0.104377104377104,0,0.0625,0.0416666666666667,0.0416666666666667,0.0625,0,0,3,2,43,0,5,1.5,5.74042553191489,1.63829787234043,48,55,0.460984848484849,amplicon_count,native_integer
carlstrom_phyllosphere_2019,Leaf222,Leaf363,0,0,0.5003367003367,0,0,0,0.481144781144781,0,0,0,0.49023569023569,0,0,0,0,0.49023569023569,0,0,-0.0274570770628648,0.0274570770628648,0.198653198653199,0,0.0625,0.291666666666667,0.0625,0.291666666666667,0.0208333333333333,1,2,13,32,0.0625,5,23.9285714285714,5.74042553191489,39.4577961257542,48,55,0.460984848484849,amplicon_count,native_integer
carlstrom_phyllosphere_2019,Leaf222,Leaf371,0,0,0.5003367003367,0,0,0,0.481144781144781,0,0,0,0.49023569023569,0,0,0,0,0.49023569023569,0,0,0.0186713190952534,0.0186713190952534,0.131986531986532,0,0.0625,0.25,0.0625,0.25,0,0,3,12,33,0,5,46.9166666666667,5.74042553191489,104.532066059484,48,55,0.460984848484849,amplicon_count,native_integer
carlstrom_phyllosphere_2019,Leaf222,Leaf380,0,0,0.5003367003367,0,0,0,0.481144781144781,0,0,0,0.49023569023569,0,0.2,0,0,0.49023569023569,0,0.05,0.140418037758838,0.140418037758838,0.791245791245791,0,0.0625,0.395833333333333,0.0625,0.395833333333333,0.0625,3,0,16,29,0.157894736842105,5,70.421052631579,5.74042553191489,644.908882740197,48,55,0.460984848484849,amplicon_count,native_integer
carlstrom_phyllosphere_2019,Leaf222,Leaf391,0,0,0.5003367003367,0,0,0,0.481144781144781,0,0,0,0.49023569023569,0,0,0,0,0.49023569023569,0,0.05,-0.0812980154914919,0.0812980154914919,0.548148148148148,0,0.0625,0.8125,0.0625,0.8125,0.0416666666666667,2,1,37,8,0.05,5,121.897435897436,5.74042553191489,266.843616573725,48,55,0.460984848484849,amplicon_count,native_integer
carlstrom_phyllosphere_2019,Leaf222,Leaf396,0,0,0.5003367003367,0,0,0,0.481144781144781,0,0,0,0.49023569023569,0,0,0,0,0.49023569023569,0,0,0.0213514308148321,0.0213514308148321,0.154208754208754,0,0.0625,0.375,0.0625,0.375,0.0208333333333333,1,2,17,28,0.05,5,3.11111111111111,5.74042553191489,5.95744680851064,48,55,0.460984848484849,amplicon_count,native_integer
carlstrom_phyllosphere_2019,Leaf222,Leaf405,0,0,0.5003367003367,0,0,0,0.481144781144781,0,0,0,0.49023569023569,0,0.1,0,0,0.49023569023569,0,0,-0.125771929638567,0.125771929638567,0.752188552188552,0,0.0625,0.854166666666667,0.0625,0.854166666666667,0.0416666666666667,2,1,39,6,0.0476190476190476,5,479.731707317073,5.74042553191489,1289.73232854811,48,55,0.460984848484849,amplicon_count,native_integer
carlstrom_phyllosphere_2019,Leaf222,Leaf41,0,0,0.5003367003367,0,0,0,0.481144781144781,0,0,0,0.49023569023569,0,0,0,0,0.49023569023569,0,0,-0.0460872652492178,0.0460872652492178,0.329292929292929,0,0.0625,0.520833333333333,0.0625,0.520833333333333,0,0,3,25,20,0,5,6.04,5.74042553191489,5.95166971959984,48,55,0.460984848484849,amplicon_count,native_integer
carlstrom_phyllosphere_2019,Leaf222,Leaf416,0,0,0.5003367003367,0,0,0,0.481144781144781,0,0,0,0.49023569023569,0,0,0,0,0.49023569023569,0,0.05,0.0281900875012307,0.0281900875012307,0.203367003367003,0,0.0625,0.708333333333333,0.0625,0.708333333333333,0.0625,3,0,31,14,0.0882352941176471,5,103.088235294118,5.74042553191489,1707.97219170182,48,55,0.460984848484849,amplicon_count,native_integer
carlstrom_phyllosphere_2019,Leaf222,Leaf420,0,0,0.5003367003367,0,0,0,0.481144781144781,0,0,0,0.49023569023569,0,0,0,0,0.49023569023569,0,0,-0.085258708054091,0.085258708054091,0.575084175084175,0,0.0625,1,0.0625,1,0.0625,3,0,45,0,0.0625,5,336.333333333333,5.74042553191489,355.254496763174,48,55,0.460984848484849,amplicon_count,native_integer
carlstrom_phyllosphere_2019,Leaf222,Leaf427,0,0,0.5003367003367,0,0,0,0.481144781144781,0,0,0,0.49023569023569,0,0,0,0,0.49023569023569,0,0,0.0253066222024662,0.0253066222024662,0.185185185185185,0,0.0625,0.333333333333333,0.0625,0.333333333333333,0.0208333333333333,1,2,15,30,0.0555555555555556,5,10.0625,5.74042553191489,23.5526628782873,48,55,0.460984848484849,amplicon_count,native_integer
carlstrom_phyllosphere_2019,Leaf222,Leaf443,0,0,0.5003367003367,0,0,0,0.481144781144781,0,0,0,0.49023569023569,0,0,0,0,0.49023569023569,0,0,-0.0535463660326066,0.0535463660326066,0.38047138047138,0,0.0625,0.395833333333333,0.0625,0.395833333333333,0.0208333333333333,1,2,18,27,0.0476190476190476,5,19.8421052631579,5.74042553191489,80.271742197641,48,55,0.460984848484849,amplicon_count,native_integer
carlstrom_phyllosphere_2019,Leaf222,Leaf5,0,0,0.5003367003367,0,0,0,0.481144781144781,0,0,0,0.49023569023569,0,0,0,0,0.49023569023569,0,0,0.0299946726530561,0.0299946726530561,0.216835016835017,0,0.0625,0.0625,0.0625,0.0625,0,0,3,3,42,0,5,45.6666666666667,5.74042553191489,86.4430812237925,48,55,0.460984848484849,amplicon_count,native_integer
carlstrom_phyllosphere_2019,Leaf222,Leaf68,0,0,0.5003367003367,0,0,0,0.481144781144781,0,0,0,0.49023569023569,0,0,0,0,0.49023569023569,0,0.05,-0.100131577592892,0.100131577592892,0.656565656565657,0,0.0625,1,0.0625,1,0.0625,3,0,45,0,0.0625,5,941.958333333333,5.74042553191489,348.901820091499,48,55,0.460984848484849,amplicon_count,native_integer
carlstrom_phyllosphere_2019,Leaf222,Leaf70,0,0,0.5003367003367,0,0,0,0.481144781144781,0,0,0,0.49023569023569,0,0,0,0,0.49023569023569,0,0.15,-0.0657476656668114,0.0657476656668114,0.461279461279461,0,0.0625,0.208333333333333,0.0625,0.208333333333333,0,0,3,10,35,0,5,17,5.74042553191489,30.6498122653316,48,55,0.460984848484849,amplicon_count,native_integer
carlstrom_phyllosphere_2019,Leaf222,Leaf82,0,0,0.5003367003367,0,0,0,0.481144781144781,0,0,0,0.49023569023569,0,0,0,0,0.49023569023569,0,0,-0.0752956474458867,0.0752956474458867,0.518518518518519,0,0.0625,0.8125,0.0625,0.8125,0.0625,3,0,36,9,0.0769230769230769,5,91.1282051282051,5.74042553191489,240.533890491984,48,55,0.460984848484849,amplicon_count,native_integer
carlstrom_phyllosphere_2019,Leaf222,Leaf83,0,0,0.5003367003367,0,0,0,0.481144781144781,0,0,0,0.49023569023569,0,0,0,0,0.49023569023569,0,0.15,-0.0642943127275747,0.0642943127275747,0.453872053872054,0,0.0625,0.6875,0.0625,0.6875,0.0208333333333333,1,2,32,13,0.0285714285714286,5,305.818181818182,5.74042553191489,1571.80367849824,48,55,0.460984848484849,amplicon_count,native_integer
carlstrom_phyllosphere_2019,Leaf222,Leaf86,0,0,0.5003367003367,0,0,0,0.481144781144781,0,0,0,0.49023569023569,0,0,0,0,0.49023569023569,0,0,0.08956522232489,0.08956522232489,0.597306397306397,0,0.0625,0.895833333333333,0.0625,0.895833333333333,0.0625,3,0,40,5,0.0697674418604651,5,400.581395348837,5.74042553191489,1334.10514776271,48,55,0.460984848484849,amplicon_count,native_integer
carlstrom_phyllosphere_2019,Leaf222,Leaf88,0,0,0.5003367003367,0,0,0,0.481144781144781,0,0,0,0.49023569023569,0,0,0,0,0.49023569023569,0,0,0.0250338744671004,0.0250338744671004,0.183164983164983,0,0.0625,0.3125,0.0625,0.3125,0.0416666666666667,2,1,13,32,0.125,5,84.2,5.74042553191489,965.149492090767,48,55,0.460984848484849,amplicon_count,native_integer
carlstrom_phyllosphere_2019,Leaf222,Leaf90,0,0,0.5003367003367,0,0,0,0.481144781144781,0,0,0,0.49023569023569,0,0,0,0,0.49023569023569,0,0,0.0305872367452938,0.0305872367452938,0.221548821548822,0,0.0625,0.791666666666667,0.0625,0.791666666666667,0.0625,3,0,35,10,0.0789473684210526,5,292.342105263158,5.74042553191489,1496.93020035509,48,55,0.460984848484849,amplicon_count,native_integer
carlstrom_phyllosphere_2019,Leaf225,Leaf202,0,0,0.5003367003367,0,0,0,0.481144781144781,0,0,0,0.49023569023569,0,0,0,0,0.49023569023569,0,0,0.0693558176435747,0.0693558176435747,0.486195286195286,0,0.208333333333333,1,0.208333333333333,1,0.208333333333333,10,0,38,0,0.208333333333333,4,948.583333333333,10.9957446808511,348.703505227093,48,55,0.460984848484849,amplicon_count,native_integer
carlstrom_phyllosphere_2019,Leaf225,Leaf281,0,0,0.5003367003367,0,0,0,0.481144781144781,0,0,0,0.49023569023569,0,0,0,0,0.49023569023569,0,0,0.0748192956532162,0.0748192956532162,0.514478114478114,0,0.208333333333333,0.541666666666667,0.208333333333333,0.541666666666667,0.104166666666667,5,5,21,17,0.161290322580645,4,17.0384615384615,10.9957446808511,95.0328514480573,48,55,0.460984848484849,amplicon_count,native_integer
carlstrom_phyllosphere_2019,Leaf225,Leaf82,0,0,0.5003367003367,0,0,0,0.481144781144781,0,0,0,0.49023569023569,0,0,0,0,0.49023569023569,0,0.05,-0.131475574898779,0.131475574898779,0.77037037037037,0,0.208333333333333,0.8125,0.208333333333333,0.8125,0.1875,9,1,30,8,0.225,4,91.1282051282051,10.9957446808511,240.533890491984,48,55,0.460984848484849,amplicon_count,native_integer
carlstrom_phyllosphere_2019,Leaf225,Leaf83,0,0,0.5003367003367,0,0,0,0.481144781144781,0,0,0,0.49023569023569,0,0,0,0,0.49023569023569,0,0.05,-0.128255306325634,0.128255306325634,0.758249158249158,0,0.208333333333333,0.6875,0.208333333333333,0.6875,0.0833333333333333,4,6,29,9,0.102564102564103,4,305.818181818182,10.9957446808511,1571.80367849824,48,55,0.460984848484849,amplicon_count,native_integer
carlstrom_phyllosphere_2019,Leaf225,Leaf86,0,0,0.5003367003367,0,0,0,0.481144781144781,0,0,0,0.49023569023569,0,0,0,0,0.49023569023569,0,0,0.070972913244372,0.070972913244372,0.493602693602694,0,0.208333333333333,0.895833333333333,0.208333333333333,0.895833333333333,0.1875,9,1,34,4,0.204545454545455,4,400.581395348837,10.9957446808511,1334.10514776271,48,55,0.460984848484849,amplicon_count,native_integer
carlstrom_phyllosphere_2019,Leaf225,Leaf88,0,0,0.5003367003367,0,0,0,0.481144781144781,0,0,0,0.49023569023569,0,0,0,0,0.49023569023569,0,0,-0.0653811047724182,0.0653811047724182,0.459259259259259,0,0.208333333333333,0.3125,0.208333333333333,0.3125,0.0625,3,7,12,26,0.136363636363636,4,84.2,10.9957446808511,965.149492090767,48,55,0.460984848484849,amplicon_count,native_integer
carlstrom_phyllosphere_2019,Leaf225,Leaf90,0,0,0.5003367003367,0,0,0,0.481144781144781,0,0,0,0.49023569023569,0,0,0,0,0.49023569023569,0,0,-0.0433398791552968,0.0433398791552968,0.311784511784512,0,0.208333333333333,0.791666666666667,0.208333333333333,0.791666666666667,0.166666666666667,8,2,30,8,0.2,4,292.342105263158,10.9957446808511,1496.93020035509,48,55,0.460984848484849,amplicon_count,native_integer
carlstrom_phyllosphere_2019,Leaf231,Leaf202,0,0,0.5003367003367,0,0,0,0.481144781144781,0,0,0,0.49023569023569,0,0,0,0,0.49023569023569,0,0,-0.117772876658987,0.117772876658987,0.725252525252525,0,0.9375,1,0.9375,1,0.9375,45,0,3,0,0.9375,297.933333333333,948.583333333333,297.978171136386,348.703505227093,48,55,0.460984848484849,amplicon_count,native_integer
carlstrom_phyllosphere_2019,Leaf231,Leaf225,0,0,0.5003367003367,0,0,0,0.481144781144781,0,0,0,0.49023569023569,0,0,0,0,0.49023569023569,0,0,0.120306148998808,0.120306148998808,0.736026936026936,0,0.9375,0.208333333333333,0.208333333333333,0.9375,0.1875,9,36,1,2,0.195652173913043,297.933333333333,4,297.978171136386,10.9957446808511,48,55,0.460984848484849,amplicon_count,native_integer
carlstrom_phyllosphere_2019,Leaf231,Leaf233,0,0,0.5003367003367,0,0,0,0.481144781144781,0,0,0,0.49023569023569,0,0,0,0,0.49023569023569,0,0,0.182136480199379,0.182136480199379,0.881481481481482,0,0.9375,1,0.9375,1,0.9375,45,0,3,0,0.9375,297.933333333333,501.791666666667,297.978171136386,1557.43476302116,48,55,0.460984848484849,amplicon_count,native_integer
carlstrom_phyllosphere_2019,Leaf231,Leaf234,0,0,0.5003367003367,0,0,0,0.481144781144781,0,0,0,0.49023569023569,0,0,0,0,0.49023569023569,0,0,0.00552099394851635,0.00552099394851635,0.030976430976431,0,0.9375,0.145833333333333,0.145833333333333,0.9375,0.145833333333333,7,38,0,3,0.155555555555556,297.933333333333,4.42857142857143,297.978171136386,8.86135895676048,48,55,0.460984848484849,amplicon_count,native_integer
carlstrom_phyllosphere_2019,Leaf231,Leaf242,0,0,0.5003367003367,0,-0.0645095212378201,0.0645095212378201,0.985185185185185,0,-0.0323580616100343,0.0323580616100343,0.99057239057239,1,0.65,0,0,0.49023569023569,0,0,-0.445102183001609,0.445102183001609,0.996632996632997,1,0.9375,0.708333333333333,0.708333333333333,0.9375,0.645833333333333,31,14,3,0,0.645833333333333,297.933333333333,66.7941176470588,297.978171136386,216.737429382501,48,55,0.460984848484849,amplicon_count,native_integer
carlstrom_phyllosphere_2019,Leaf231,Leaf26,0,0,0.5003367003367,0,0,0,0.481144781144781,0,0,0,0.49023569023569,0,0,0,0,0.49023569023569,0,0,0.0450164305656044,0.0450164305656044,0.320538720538721,0,0.9375,0.833333333333333,0.833333333333333,0.9375,0.770833333333333,37,8,3,0,0.770833333333333,297.933333333333,137.2,297.978171136386,459.115315427083,48,55,0.460984848484849,amplicon_count,native_integer
carlstrom_phyllosphere_2019,Leaf231,Leaf262,0,0,0.5003367003367,0,0,0,0.481144781144781,0,0,0,0.49023569023569,0,0,0,0,0.49023569023569,0,0,0.120643814746823,0.120643814746823,0.737373737373737,0,0.9375,0.958333333333333,0.9375,0.958333333333333,0.895833333333333,43,2,3,0,0.895833333333333,297.933333333333,363.369565217391,297.978171136386,1068.25302664825,48,55,0.460984848484849,amplicon_count,native_integer
carlstrom_phyllosphere_2019,Leaf231,Leaf263,0,0,0.5003367003367,0,0,0,0.481144781144781,0,0,0,0.49023569023569,0,0,0,0,0.49023569023569,0,0.05,-0.0740297184474081,0.0740297184474081,0.508417508417509,0,0.9375,0.145833333333333,0.145833333333333,0.9375,0.145833333333333,7,38,0,3,0.155555555555556,297.933333333333,3,297.978171136386,8.35562310030395,48,55,0.460984848484849,amplicon_count,native_integer
carlstrom_phyllosphere_2019,Leaf231,Leaf265,0,0,0.5003367003367,0,0,0,0.481144781144781,0,0,0,0.49023569023569,0,0,0,0,0.49023569023569,0,0,0.0719873078329602,0.0719873078329602,0.498316498316498,0,0.9375,0.708333333333333,0.708333333333333,0.9375,0.645833333333333,31,14,3,0,0.645833333333333,297.933333333333,136.529411764706,297.978171136386,386.282783466408,48,55,0.460984848484849,amplicon_count,native_integer
carlstrom_phyllosphere_2019,Leaf231,Leaf281,0,0,0.5003367003367,0,0,0,0.481144781144781,0,0,0,0.49023569023569,0,0,0,0,0.49023569023569,0,0,-0.0346870796910939,0.0346870796910939,0.247138047138047,0,0.9375,0.541666666666667,0.541666666666667,0.9375,0.479166666666667,23,22,3,0,0.479166666666667,297.933333333333,17.0384615384615,297.978171136386,95.0328514480573,48,55,0.460984848484849,amplicon_count,native_integer
carlstrom_phyllosphere_2019,Leaf231,Leaf285,0,0,0.5003367003367,0,0,0,0.481144781144781,0,0,0,0.49023569023569,0,0,0,0,0.49023569023569,0,0,0.246216303000535,0.246216303000535,0.951515151515152,0,0.9375,0.625,0.625,0.9375,0.604166666666667,29,16,1,2,0.630434782608696,297.933333333333,101.233333333333,297.978171136386,506.741332081632,48,55,0.460984848484849,amplicon_count,native_integer
carlstrom_phyllosphere_2019,Leaf231,Leaf288,0,0,0.5003367003367,0,0,0,0.481144781144781,0,0,0,0.49023569023569,0,0,0,0,0.49023569023569,0,0,-0.0507851909083239,0.0507851909083239,0.362962962962963,0,0.9375,0.25,0.25,0.9375,0.25,12,33,0,3,0.266666666666667,297.933333333333,26.75,297.978171136386,144.697753032412,48,55,0.460984848484849,amplicon_count,native_integer
carlstrom_phyllosphere_2019,Leaf231,Leaf3,0,0,0.5003367003367,0,0,0,0.481144781144781,0,0,0,0.49023569023569,0,0,0,0,0.49023569023569,0,0,0.011311783863426,0.011311783863426,0.0747474747474747,0,0.9375,0.541666666666667,0.541666666666667,0.9375,0.5,24,21,2,1,0.51063829787234,297.933333333333,17.6923076923077,297.978171136386,106.65605920444,48,55,0.460984848484849,amplicon_count,native_integer
carlstrom_phyllosphere_2019,Leaf231,Leaf324,0,0,0.5003367003367,0,0,0,0.481144781144781,0,0,0,0.49023569023569,0,0,0,0,0.49023569023569,0,0,0.0306663502952201,0.0306663502952201,0.222222222222222,0,0.9375,0.458333333333333,0.458333333333333,0.9375,0.458333333333333,22,23,0,3,0.488888888888889,297.933333333333,35.8181818181818,297.978171136386,99.4392482989524,48,55,0.460984848484849,amplicon_count,native_integer
carlstrom_phyllosphere_2019,Leaf231,Leaf33,0,0,0.5003367003367,0,0,0,0.481144781144781,0,0,0,0.49023569023569,0,0,0,0,0.49023569023569,0,0,0.0510263971632837,0.0510263971632837,0.364309764309764,0,0.9375,0.354166666666667,0.354166666666667,0.9375,0.333333333333333,16,29,1,2,0.347826086956522,297.933333333333,100.588235294118,297.978171136386,225.172527062337,48,55,0.460984848484849,amplicon_count,native_integer
carlstrom_phyllosphere_2019,Leaf231,Leaf334,0,0,0.5003367003367,0,0,0,0.481144781144781,0,0,0,0.49023569023569,0,0,0,0,0.49023569023569,0,0,0.0613732944803959,0.0613732944803959,0.438383838383838,0,0.9375,0.1875,0.1875,0.9375,0.1875,9,36,0,3,0.2,297.933333333333,5.55555555555556,297.978171136386,22.2212765957447,48,55,0.460984848484849,amplicon_count,native_integer
carlstrom_phyllosphere_2019,Leaf231,Leaf336,0,0,0.5003367003367,0,0,0,0.481144781144781,0,0,0,0.49023569023569,0,0.35,0,0,0.49023569023569,0,0,-0.349524774902439,0.349524774902439,0.987205387205387,1,0.9375,0.958333333333333,0.9375,0.958333333333333,0.916666666666667,44,1,2,1,0.936170212765957,297.933333333333,14.195652173913,297.978171136386,30.2871525854485,48,55,0.460984848484849,amplicon_count,native_integer
carlstrom_phyllosphere_2019,Leaf231,Leaf337,0,0,0.5003367003367,0,0,0,0.481144781144781,0,0,0,0.49023569023569,0,0,0,0,0.49023569023569,0,0,-0.0477986294630065,0.0477986294630065,0.342087542087542,0,0.9375,0.208333333333333,0.208333333333333,0.9375,0.208333333333333,10,35,0,3,0.222222222222222,297.933333333333,1.5,297.978171136386,1.79148936170213,48,55,0.460984848484849,amplicon_count,native_integer
carlstrom_phyllosphere_2019,Leaf231,Leaf344,0,0,0.5003367003367,0,0,0,0.481144781144781,0,0,0,0.49023569023569,0,0,0,0,0.49023569023569,0,0,0.0102024904617944,0.0102024904617944,0.0632996632996633,0,0.9375,0.479166666666667,0.479166666666667,0.9375,0.4375,21,24,2,1,0.446808510638298,297.933333333333,33.1739130434783,297.978171136386,70.1006385767268,48,55,0.460984848484849,amplicon_count,native_integer
carlstrom_phyllosphere_2019,Leaf231,Leaf351,0,0,0.5003367003367,0,0,0,0.481144781144781,0,-0.0295956656567767,0.0295956656567767,0.989225589225589,1,0.75,-0.015085589226834,0.015085589226834,0.983838383838384,1,0.5,-0.243694514745264,0.243694514745264,0.948821548821549,0,0.9375,0.145833333333333,0.145833333333333,0.9375,0.125,6,39,1,2,0.130434782608696,297.933333333333,4.14285714285714,297.978171136386,12.9413059427733,48,55,0.460984848484849,amplicon_count,native_integer
carlstrom_phyllosphere_2019,Leaf231,Leaf354,0,0,0.5003367003367,0,0,0,0.481144781144781,0,0,0,0.49023569023569,0,0,0,0,0.49023569023569,0,0,-0.121168716222442,0.121168716222442,0.738720538720539,0,0.9375,0.875,0.875,0.9375,0.8125,39,6,3,0,0.8125,297.933333333333,17.952380952381,297.978171136386,84.8687849201423,48,55,0.460984848484849,amplicon_count,native_integer
carlstrom_phyllosphere_2019,Leaf231,Leaf357,0,0,0.5003367003367,0,0,0,0.481144781144781,0,0,0,0.49023569023569,0,0,0,0,0.49023569023569,0,0,-0.129371348485855,0.129371348485855,0.762962962962963,0,0.9375,0.4375,0.4375,0.9375,0.395833333333333,19,26,2,1,0.404255319148936,297.933333333333,7.19047619047619,297.978171136386,9.76623925602367,48,55,0.460984848484849,amplicon_count,native_integer
carlstrom_phyllosphere_2019,Leaf231,Leaf359,0,0,0.5003367003367,0,0,0,0.481144781144781,0,0,0,0.49023569023569,0,0,0,0,0.49023569023569,0,0,-0.0785464616221094,0.0785464616221094,0.534680134680135,0,0.9375,0.0416666666666667,0.0416666666666667,0.9375,0.0416666666666667,2,43,0,3,0.0444444444444444,297.933333333333,1.5,297.978171136386,1.63829787234043,48,55,0.460984848484849,amplicon_count,native_integer
carlstrom_phyllosphere_2019,Leaf231,Leaf363,0,0,0.5003367003367,0,0,0,0.481144781144781,0,0,0,0.49023569023569,0,0,0,0,0.49023569023569,0,0,-0.021256905488205,0.021256905488205,0.153535353535354,0,0.9375,0.291666666666667,0.291666666666667,0.9375,0.270833333333333,13,32,1,2,0.282608695652174,297.933333333333,23.9285714285714,297.978171136386,39.4577961257542,48,55,0.460984848484849,amplicon_count,native_integer
carlstrom_phyllosphere_2019,Leaf231,Leaf371,0,0,0.5003367003367,0,0,0,0.481144781144781,0,0,0,0.49023569023569,0,0,0,0,0.49023569023569,0,0,0.172221950859017,0.172221950859017,0.857912457912458,0,0.9375,0.25,0.25,0.9375,0.25,12,33,0,3,0.266666666666667,297.933333333333,46.9166666666667,297.978171136386,104.532066059484,48,55,0.460984848484849,amplicon_count,native_integer
carlstrom_phyllosphere_2019,Leaf231,Leaf380,0,0,0.5003367003367,0,0,0,0.481144781144781,0,0,0,0.49023569023569,0,0,0,0,0.49023569023569,0,0,0.0353982654435508,0.0353982654435508,0.253872053872054,0,0.9375,0.395833333333333,0.395833333333333,0.9375,0.375,18,27,1,2,0.391304347826087,297.933333333333,70.421052631579,297.978171136386,644.908882740197,48,55,0.460984848484849,amplicon_count,native_integer
carlstrom_phyllosphere_2019,Leaf231,Leaf391,0,0,0.5003367003367,0,0,0,0.481144781144781,0,0,0,0.49023569023569,0,0,0,0,0.49023569023569,0,0,0.0559469228754774,0.0559469228754774,0.397306397306397,0,0.9375,0.8125,0.8125,0.9375,0.75,36,9,3,0,0.75,297.933333333333,121.897435897436,297.978171136386,266.843616573725,48,55,0.460984848484849,amplicon_count,native_integer
carlstrom_phyllosphere_2019,Leaf231,Leaf396,0,0,0.5003367003367,0,0,0,0.481144781144781,0,0,0,0.49023569023569,0,0.2,0,0,0.49023569023569,0,0.05,-0.248567323726006,0.248567323726006,0.953535353535354,0,0.9375,0.375,0.375,0.9375,0.354166666666667,17,28,1,2,0.369565217391304,297.933333333333,3.11111111111111,297.978171136386,5.95744680851064,48,55,0.460984848484849,amplicon_count,native_integer
carlstrom_phyllosphere_2019,Leaf231,Leaf405,0,0,0.5003367003367,0,0,0,0.481144781144781,0,0,0,0.49023569023569,0,0,0,0,0.49023569023569,0,0,0.072961993948499,0.072961993948499,0.501010101010101,0,0.9375,0.854166666666667,0.854166666666667,0.9375,0.791666666666667,38,7,3,0,0.791666666666667,297.933333333333,479.731707317073,297.978171136386,1289.73232854811,48,55,0.460984848484849,amplicon_count,native_integer
carlstrom_phyllosphere_2019,Leaf231,Leaf41,0,0,0.5003367003367,0,0,0,0.481144781144781,0,0,0,0.49023569023569,0,0,0,0,0.49023569023569,0,0.3,-0.146712828712185,0.146712828712185,0.806060606060606,0,0.9375,0.520833333333333,0.520833333333333,0.9375,0.479166666666667,23,22,2,1,0.48936170212766,297.933333333333,6.04,297.978171136386,5.95166971959984,48,55,0.460984848484849,amplicon_count,native_integer
carlstrom_phyllosphere_2019,Leaf231,Leaf416,0,0,0.5003367003367,0,0,0,0.481144781144781,0,0,0,0.49023569023569,0,0,0,0,0.49023569023569,0,0,0.0649381580075737,0.0649381580075737,0.457912457912458,0,0.9375,0.708333333333333,0.708333333333333,0.9375,0.645833333333333,31,14,3,0,0.645833333333333,297.933333333333,103.088235294118,297.978171136386,1707.97219170182,48,55,0.460984848484849,amplicon_count,native_integer
carlstrom_phyllosphere_2019,Leaf231,Leaf420,0,0,0.5003367003367,0,0,0,0.481144781144781,0,0,0,0.49023569023569,0,0.05,0,0,0.49023569023569,0,0.15,0.267916961161713,0.267916961161713,0.964309764309764,0,0.9375,1,0.9375,1,0.9375,45,0,3,0,0.9375,297.933333333333,336.333333333333,297.978171136386,355.254496763174,48,55,0.460984848484849,amplicon_count,native_integer
carlstrom_phyllosphere_2019,Leaf231,Leaf427,0,0,0.5003367003367,0,0,0,0.481144781144781,0,0,0,0.49023569023569,0,0,0,0,0.49023569023569,0,0,-0.0238062478459296,0.0238062478459296,0.175084175084175,0,0.9375,0.333333333333333,0.333333333333333,0.9375,0.3125,15,30,1,2,0.326086956521739,297.933333333333,10.0625,297.978171136386,23.5526628782873,48,55,0.460984848484849,amplicon_count,native_integer
carlstrom_phyllosphere_2019,Leaf231,Leaf443,0,0,0.5003367003367,0,0,0,0.481144781144781,0,0,0,0.49023569023569,0,0,0,0,0.49023569023569,0,0,0.00479259735519686,0.00479259735519686,0.0242424242424242,0,0.9375,0.395833333333333,0.395833333333333,0.9375,0.375,18,27,1,2,0.391304347826087,297.933333333333,19.8421052631579,297.978171136386,80.271742197641,48,55,0.460984848484849,amplicon_count,native_integer
carlstrom_phyllosphere_2019,Leaf231,Leaf5,0,0,0.5003367003367,0,0,0,0.481144781144781,0,0,0,0.49023569023569,0,0,0,0,0.49023569023569,0,0,-0.0486436641036184,0.0486436641036184,0.347474747474748,0,0.9375,0.0625,0.0625,0.9375,0.0625,3,42,0,3,0.0666666666666667,297.933333333333,45.6666666666667,297.978171136386,86.4430812237925,48,55,0.460984848484849,amplicon_count,native_integer
carlstrom_phyllosphere_2019,Leaf231,Leaf68,0,0,0.5003367003367,0,0,0,0.481144781144781,0,0,0,0.49023569023569,0,0,0,0,0.49023569023569,0,0,-0.113971474076004,0.113971474076004,0.711784511784512,0,0.9375,1,0.9375,1,0.9375,45,0,3,0,0.9375,297.933333333333,941.958333333333,297.978171136386,348.901820091499,48,55,0.460984848484849,amplicon_count,native_integer
carlstrom_phyllosphere_2019,Leaf231,Leaf70,0,0,0.5003367003367,0,0,0,0.481144781144781,0,0,0,0.49023569023569,0,0,0,0,0.49023569023569,0,0,0.0760418015607832,0.0760418015607832,0.521212121212121,0,0.9375,0.208333333333333,0.208333333333333,0.9375,0.208333333333333,10,35,0,3,0.222222222222222,297.933333333333,17,297.978171136386,30.6498122653316,48,55,0.460984848484849,amplicon_count,native_integer
carlstrom_phyllosphere_2019,Leaf231,Leaf82,0,0,0.5003367003367,0,0,0,0.481144781144781,0,0,0,0.49023569023569,0,0,0,0,0.49023569023569,0,0,0.156346100224569,0.156346100224569,0.825589225589226,0,0.9375,0.8125,0.8125,0.9375,0.791666666666667,38,7,1,2,0.826086956521739,297.933333333333,91.1282051282051,297.978171136386,240.533890491984,48,55,0.460984848484849,amplicon_count,native_integer
carlstrom_phyllosphere_2019,Leaf231,Leaf83,0,0,0.5003367003367,0,0,0,0.481144781144781,0,0,0,0.49023569023569,0,0,0,0,0.49023569023569,0,0,0.0684999105496253,0.0684999105496253,0.483501683501684,0,0.9375,0.6875,0.6875,0.9375,0.666666666666667,32,13,1,2,0.695652173913044,297.933333333333,305.818181818182,297.978171136386,1571.80367849824,48,55,0.460984848484849,amplicon_count,native_integer
carlstrom_phyllosphere_2019,Leaf231,Leaf86,0,0,0.5003367003367,0,0,0,0.481144781144781,0,0,0,0.49023569023569,0,0,0,0,0.49023569023569,0,0,0.0673152063375383,0.0673152063375383,0.473400673400673,0,0.9375,0.895833333333333,0.895833333333333,0.9375,0.833333333333333,40,5,3,0,0.833333333333333,297.933333333333,400.581395348837,297.978171136386,1334.10514776271,48,55,0.460984848484849,amplicon_count,native_integer
carlstrom_phyllosphere_2019,Leaf231,Leaf88,0,0,0.5003367003367,0,0,0,0.481144781144781,0,0,0,0.49023569023569,0,0,0,0,0.49023569023569,0,0,-0.103004940553247,0.103004940553247,0.666666666666667,0,0.9375,0.3125,0.3125,0.9375,0.291666666666667,14,31,1,2,0.304347826086957,297.933333333333,84.2,297.978171136386,965.149492090767,48,55,0.460984848484849,amplicon_count,native_integer
carlstrom_phyllosphere_2019,Leaf231,Leaf90,0,0,0.5003367003367,0,0,0,0.481144781144781,0,0,0,0.49023569023569,0,0,0,0,0.49023569023569,0,0,-0.0829376184461222,0.0829376184461222,0.558922558922559,0,0.9375,0.791666666666667,0.791666666666667,0.9375,0.75,36,9,2,1,0.765957446808511,297.933333333333,292.342105263158,297.978171136386,1496.93020035509,48,55,0.460984848484849,amplicon_count,native_integer
carlstrom_phyllosphere_2019,Leaf233,Leaf202,0,0,0.5003367003367,0,0,0,0.481144781144781,0,0,0,0.49023569023569,0,0,0,0,0.49023569023569,0,0,0.252513587123675,0.252513587123675,0.956228956228956,0,1,1,1,1,1,48,0,0,0,1,501.791666666667,948.583333333333,1557.43476302116,348.703505227093,48,55,0.460984848484849,amplicon_count,native_integer
carlstrom_phyllosphere_2019,Leaf233,Leaf225,0,0,0.5003367003367,0,0,0,0.481144781144781,0,0,0,0.49023569023569,0,0,0,0,0.49023569023569,0,0,-0.0647359357286183,0.0647359357286183,0.455892255892256,0,1,0.208333333333333,0.208333333333333,1,0.208333333333333,10,38,0,0,0.208333333333333,501.791666666667,4,1557.43476302116,10.9957446808511,48,55,0.460984848484849,amplicon_count,native_integer
carlstrom_phyllosphere_2019,Leaf233,Leaf234,0,0,0.5003367003367,0,0,0,0.481144781144781,0,0,0,0.49023569023569,0,0,0,0,0.49023569023569,0,0,-0.0069613097794606,0.0069613097794606,0.0410774410774411,0,1,0.145833333333333,0.145833333333333,1,0.145833333333333,7,41,0,0,0.145833333333333,501.791666666667,4.42857142857143,1557.43476302116,8.86135895676048,48,55,0.460984848484849,amplicon_count,native_integer
carlstrom_phyllosphere_2019,Leaf233,Leaf242,0,0,0.5003367003367,0,0,0,0.481144781144781,0,0,0,0.49023569023569,0,0,0,0,0.49023569023569,0,0,-0.184541272051628,0.184541272051628,0.886868686868687,0,1,0.708333333333333,0.708333333333333,1,0.708333333333333,34,14,0,0,0.708333333333333,501.791666666667,66.7941176470588,1557.43476302116,216.737429382501,48,55,0.460984848484849,amplicon_count,native_integer
carlstrom_phyllosphere_2019,Leaf233,Leaf26,0,0,0.5003367003367,0,0,0,0.481144781144781,0,0,0,0.49023569023569,0,0,0,0,0.49023569023569,0,0,-0.101503629636852,0.101503629636852,0.663973063973064,0,1,0.833333333333333,0.833333333333333,1,0.833333333333333,40,8,0,0,0.833333333333333,501.791666666667,137.2,1557.43476302116,459.115315427083,48,55,0.460984848484849,amplicon_count,native_integer
carlstrom_phyllosphere_2019,Leaf233,Leaf262,0,0,0.5003367003367,0,0,0,0.481144781144781,0,0,0,0.49023569023569,0,0,0,0,0.49023569023569,0,0,-0.0144206656587037,0.0144206656587037,0.103703703703704,0,1,0.958333333333333,0.958333333333333,1,0.958333333333333,46,2,0,0,0.958333333333333,501.791666666667,363.369565217391,1557.43476302116,1068.25302664825,48,55,0.460984848484849,amplicon_count,native_integer
carlstrom_phyllosphere_2019,Leaf233,Leaf263,0,0,0.5003367003367,0,0,0,0.481144781144781,0,0,0,0.49023569023569,0,0,0,0,0.49023569023569,0,0,-0.0177968187035354,0.0177968187035354,0.121885521885522,0,1,0.145833333333333,0.145833333333333,1,0.145833333333333,7,41,0,0,0.145833333333333,501.791666666667,3,1557.43476302116,8.35562310030395,48,55,0.460984848484849,amplicon_count,native_integer
carlstrom_phyllosphere_2019,Leaf233,Leaf265,0,0,0.5003367003367,0,0,0,0.481144781144781,0,0,0,0.49023569023569,0,0,0,0,0.49023569023569,0,0,0.0513058898493479,0.0513058898493479,0.365656565656566,0,1,0.708333333333333,0.708333333333333,1,0.708333333333333,34,14,0,0,0.708333333333333,501.791666666667,136.529411764706,1557.43476302116,386.282783466408,48,55,0.460984848484849,amplicon_count,native_integer
carlstrom_phyllosphere_2019,Leaf233,Leaf281,0,0,0.5003367003367,0,0,0,0.481144781144781,0,0,0,0.49023569023569,0,0,0,0,0.49023569023569,0,0,-0.139421294390989,0.139421294390989,0.789225589225589,0,1,0.541666666666667,0.541666666666667,1,0.541666666666667,26,22,0,0,0.541666666666667,501.791666666667,17.0384615384615,1557.43476302116,95.0328514480573,48,55,0.460984848484849,amplicon_count,native_integer
carlstrom_phyllosphere_2019,Leaf233,Leaf285,0,0,0.5003367003367,0,0,0,0.481144781144781,0,0,0,0.49023569023569,0,0,0,0,0.49023569023569,0,0,0.007363035553363,0.007363035553363,0.0444444444444444,0,1,0.625,0.625,1,0.625,30,18,0,0,0.625,501.791666666667,101.233333333333,1557.43476302116,506.741332081632,48,55,0.460984848484849,amplicon_count,native_integer
carlstrom_phyllosphere_2019,Leaf233,Leaf288,0,0,0.5003367003367,0,0,0,0.481144781144781,0,0,0,0.49023569023569,0,0,0,0,0.49023569023569,0,0,0.0954516673715536,0.0954516673715536,0.628956228956229,0,1,0.25,0.25,1,0.25,12,36,0,0,0.25,501.791666666667,26.75,1557.43476302116,144.697753032412,48,55,0.460984848484849,amplicon_count,native_integer
carlstrom_phyllosphere_2019,Leaf233,Leaf3,0,0,0.5003367003367,0,0,0,0.481144781144781,0,0,0,0.49023569023569,0,0,0,0,0.49023569023569,0,0,-0.104409008453521,0.104409008453521,0.673400673400673,0,1,0.541666666666667,0.541666666666667,1,0.541666666666667,26,22,0,0,0.541666666666667,501.791666666667,17.6923076923077,1557.43476302116,106.65605920444,48,55,0.460984848484849,amplicon_count,native_integer
carlstrom_phyllosphere_2019,Leaf233,Leaf324,0,0,0.5003367003367,0,0,0,0.481144781144781,0,0,0,0.49023569023569,0,0,0,0,0.49023569023569,0,0,0.0248526096342766,0.0248526096342766,0.181818181818182,0,1,0.458333333333333,0.458333333333333,1,0.458333333333333,22,26,0,0,0.458333333333333,501.791666666667,35.8181818181818,1557.43476302116,99.4392482989524,48,55,0.460984848484849,amplicon_count,native_integer
carlstrom_phyllosphere_2019,Leaf233,Leaf33,0,0,0.5003367003367,0,0,0,0.481144781144781,0,0,0,0.49023569023569,0,0,0,0,0.49023569023569,0,0,0.0219059448579097,0.0219059448579097,0.158922558922559,0,1,0.354166666666667,0.354166666666667,1,0.354166666666667,17,31,0,0,0.354166666666667,501.791666666667,100.588235294118,1557.43476302116,225.172527062337,48,55,0.460984848484849,amplicon_count,native_integer
carlstrom_phyllosphere_2019,Leaf233,Leaf334,0,0,0.5003367003367,0,0,0,0.481144781144781,0,0,0,0.49023569023569,0,0,0,0,0.49023569023569,0,0,0.0367690550815842,0.0367690550815842,0.264646464646465,0,1,0.1875,0.1875,1,0.1875,9,39,0,0,0.1875,501.791666666667,5.55555555555556,1557.43476302116,22.2212765957447,48,55,0.460984848484849,amplicon_count,native_integer
carlstrom_phyllosphere_2019,Leaf233,Leaf336,0,0,0.5003367003367,0,0,0,0.481144781144781,0,0,0,0.49023569023569,0,0,0,0,0.49023569023569,0,0,-0.0513852035709799,0.0513852035709799,0.366329966329966,0,1,0.958333333333333,0.958333333333333,1,0.958333333333333,46,2,0,0,0.958333333333333,501.791666666667,14.195652173913,1557.43476302116,30.2871525854485,48,55,0.460984848484849,amplicon_count,native_integer
carlstrom_phyllosphere_2019,Leaf233,Leaf337,0,0,0.5003367003367,0,0,0,0.481144781144781,0,0,0,0.49023569023569,0,0,0,0,0.49023569023569,0,0,-0.0841010700621031,0.0841010700621031,0.564309764309764,0,1,0.208333333333333,0.208333333333333,1,0.208333333333333,10,38,0,0,0.208333333333333,501.791666666667,1.5,1557.43476302116,1.79148936170213,48,55,0.460984848484849,amplicon_count,native_integer
carlstrom_phyllosphere_2019,Leaf233,Leaf344,0,0,0.5003367003367,0,0,0,0.481144781144781,0,0,0,0.49023569023569,0,0,0,0,0.49023569023569,0,0,0.117881468165817,0.117881468165817,0.726599326599327,0,1,0.479166666666667,0.479166666666667,1,0.479166666666667,23,25,0,0,0.479166666666667,501.791666666667,33.1739130434783,1557.43476302116,70.1006385767268,48,55,0.460984848484849,amplicon_count,native_integer
carlstrom_phyllosphere_2019,Leaf233,Leaf351,0,0,0.5003367003367,0,0,0,0.481144781144781,0,0,0,0.49023569023569,0,0,0,0,0.49023569023569,0,0,0.020230369288021,0.020230369288021,0.145454545454545,0,1,0.145833333333333,0.145833333333333,1,0.145833333333333,7,41,0,0,0.145833333333333,501.791666666667,4.14285714285714,1557.43476302116,12.9413059427733,48,55,0.460984848484849,amplicon_count,native_integer
carlstrom_phyllosphere_2019,Leaf233,Leaf354,0,0,0.5003367003367,0,0,0,0.481144781144781,0,0,0,0.49023569023569,0,0,0,0,0.49023569023569,0,0,-0.0522207811869085,0.0522207811869085,0.374410774410774,0,1,0.875,0.875,1,0.875,42,6,0,0,0.875,501.791666666667,17.952380952381,1557.43476302116,84.8687849201423,48,55,0.460984848484849,amplicon_count,native_integer
carlstrom_phyllosphere_2019,Leaf233,Leaf357,0,0,0.5003367003367,0,0,0,0.481144781144781,0,0,0,0.49023569023569,0,0,0,0,0.49023569023569,0,0,-0.286278208137143,0.286278208137143,0.973063973063973,0,1,0.4375,0.4375,1,0.4375,21,27,0,0,0.4375,501.791666666667,7.19047619047619,1557.43476302116,9.76623925602367,48,55,0.460984848484849,amplicon_count,native_integer
carlstrom_phyllosphere_2019,Leaf233,Leaf359,0,0,0.5003367003367,0,0,0,0.481144781144781,0,0,0,0.49023569023569,0,0,0,0,0.49023569023569,0,0,0.0152281339344903,0.0152281339344903,0.107070707070707,0,1,0.0416666666666667,0.0416666666666667,1,0.0416666666666667,2,46,0,0,0.0416666666666667,501.791666666667,1.5,1557.43476302116,1.63829787234043,48,55,0.460984848484849,amplicon_count,native_integer
carlstrom_phyllosphere_2019,Leaf233,Leaf363,0,0,0.5003367003367,0,0,0,0.481144781144781,0,0,0,0.49023569023569,0,0,0,0,0.49023569023569,0,0,0.0354828751987222,0.0354828751987222,0.255218855218855,0,1,0.291666666666667,0.291666666666667,1,0.291666666666667,14,34,0,0,0.291666666666667,501.791666666667,23.9285714285714,1557.43476302116,39.4577961257542,48,55,0.460984848484849,amplicon_count,native_integer
carlstrom_phyllosphere_2019,Leaf233,Leaf371,0,0,0.5003367003367,0,0,0,0.481144781144781,0,0,0,0.49023569023569,0,0,0,0,0.49023569023569,0,0.05,-0.146392507162419,0.146392507162419,0.803367003367004,0,1,0.25,0.25,1,0.25,12,36,0,0,0.25,501.791666666667,46.9166666666667,1557.43476302116,104.532066059484,48,55,0.460984848484849,amplicon_count,native_integer
carlstrom_phyllosphere_2019,Leaf233,Leaf380,0,0,0.5003367003367,0,0,0,0.481144781144781,0,0,0,0.49023569023569,0,0,0,0,0.49023569023569,0,0,-0.0878786149330031,0.0878786149330031,0.58989898989899,0,1,0.395833333333333,0.395833333333333,1,0.395833333333333,19,29,0,0,0.395833333333333,501.791666666667,70.421052631579,1557.43476302116,644.908882740197,48,55,0.460984848484849,amplicon_count,native_integer
carlstrom_phyllosphere_2019,Leaf233,Leaf391,0,0,0.5003367003367,0,0,0,0.481144781144781,0,0,0,0.49023569023569,0,0,0,0,0.49023569023569,0,0,0.0445193559452768,0.0445193559452768,0.317171717171717,0,1,0.8125,0.8125,1,0.8125,39,9,0,0,0.8125,501.791666666667,121.897435897436,1557.43476302116,266.843616573725,48,55,0.460984848484849,amplicon_count,native_integer
carlstrom_phyllosphere_2019,Leaf233,Leaf396,0,0,0.5003367003367,0,0,0,0.481144781144781,0,0,0,0.49023569023569,0,0,0,0,0.49023569023569,0,0,0.028741585846445,0.028741585846445,0.209427609427609,0,1,0.375,0.375,1,0.375,18,30,0,0,0.375,501.791666666667,3.11111111111111,1557.43476302116,5.95744680851064,48,55,0.460984848484849,amplicon_count,native_integer
carlstrom_phyllosphere_2019,Leaf233,Leaf405,0,0,0.5003367003367,0,0,0,0.481144781144781,0,0,0,0.49023569023569,0,0,0,0,0.49023569023569,0,0,-0.0484038634364245,0.0484038634364245,0.346127946127946,0,1,0.854166666666667,0.854166666666667,1,0.854166666666667,41,7,0,0,0.854166666666667,501.791666666667,479.731707317073,1557.43476302116,1289.73232854811,48,55,0.460984848484849,amplicon_count,native_integer
carlstrom_phyllosphere_2019,Leaf233,Leaf41,0,0,0.5003367003367,0,0,0,0.481144781144781,0,0,0,0.49023569023569,0,0,0,0,0.49023569023569,0,0,0.0344339854194833,0.0344339854194833,0.245791245791246,0,1,0.520833333333333,0.520833333333333,1,0.520833333333333,25,23,0,0,0.520833333333333,501.791666666667,6.04,1557.43476302116,5.95166971959984,48,55,0.460984848484849,amplicon_count,native_integer
carlstrom_phyllosphere_2019,Leaf233,Leaf416,0,0,0.5003367003367,0,0,0,0.481144781144781,0,0,0,0.49023569023569,0,0,0,0,0.49023569023569,0,0,0.136956920485497,0.136956920485497,0.78047138047138,0,1,0.708333333333333,0.708333333333333,1,0.708333333333333,34,14,0,0,0.708333333333333,501.791666666667,103.088235294118,1557.43476302116,1707.97219170182,48,55,0.460984848484849,amplicon_count,native_integer
carlstrom_phyllosphere_2019,Leaf233,Leaf420,0,0,0.5003367003367,0,0,0,0.481144781144781,0,0,0,0.49023569023569,0,0,0,0,0.49023569023569,0,0,0.0953305291157378,0.0953305291157378,0.626936026936027,0,1,1,1,1,1,48,0,0,0,1,501.791666666667,336.333333333333,1557.43476302116,355.254496763174,48,55,0.460984848484849,amplicon_count,native_integer
carlstrom_phyllosphere_2019,Leaf233,Leaf427,0,0,0.5003367003367,0,0,0,0.481144781144781,0,0,0,0.49023569023569,0,0,0,0,0.49023569023569,0,0,0.0912496696927716,0.0912496696927716,0.606060606060606,0,1,0.333333333333333,0.333333333333333,1,0.333333333333333,16,32,0,0,0.333333333333333,501.791666666667,10.0625,1557.43476302116,23.5526628782873,48,55,0.460984848484849,amplicon_count,native_integer
carlstrom_phyllosphere_2019,Leaf233,Leaf443,0,0,0.5003367003367,0,0,0,0.481144781144781,0,0,0,0.49023569023569,0,0,0,0,0.49023569023569,0,0,0.078187912764262,0.078187912764262,0.533333333333333,0,1,0.395833333333333,0.395833333333333,1,0.395833333333333,19,29,0,0,0.395833333333333,501.791666666667,19.8421052631579,1557.43476302116,80.271742197641,48,55,0.460984848484849,amplicon_count,native_integer
carlstrom_phyllosphere_2019,Leaf233,Leaf5,0,0,0.5003367003367,0,0,0,0.481144781144781,0,0,0,0.49023569023569,0,0,0,0,0.49023569023569,0,0,-0.0302150154702805,0.0302150154702805,0.218181818181818,0,1,0.0625,0.0625,1,0.0625,3,45,0,0,0.0625,501.791666666667,45.6666666666667,1557.43476302116,86.4430812237925,48,55,0.460984848484849,amplicon_count,native_integer
carlstrom_phyllosphere_2019,Leaf233,Leaf68,0,0,0.5003367003367,0,0,0,0.481144781144781,0,0,0,0.49023569023569,0,0,0,0,0.49023569023569,0,0,0.244458534447966,0.244458534447966,0.949494949494949,0,1,1,1,1,1,48,0,0,0,1,501.791666666667,941.958333333333,1557.43476302116,348.901820091499,48,55,0.460984848484849,amplicon_count,native_integer
carlstrom_phyllosphere_2019,Leaf233,Leaf70,0,0,0.5003367003367,0,0,0,0.481144781144781,0,0,0,0.49023569023569,0,0,0,0,0.49023569023569,0,0,-0.0967002220047632,0.0967002220047632,0.637710437710438,0,1,0.208333333333333,0.208333333333333,1,0.208333333333333,10,38,0,0,0.208333333333333,501.791666666667,17,1557.43476302116,30.6498122653316,48,55,0.460984848484849,amplicon_count,native_integer
carlstrom_phyllosphere_2019,Leaf233,Leaf82,0,0,0.5003367003367,0,0,0,0.481144781144781,0,0,0,0.49023569023569,0,0,0,0,0.49023569023569,0,0,0.0703313350125664,0.0703313350125664,0.49023569023569,0,1,0.8125,0.8125,1,0.8125,39,9,0,0,0.8125,501.791666666667,91.1282051282051,1557.43476302116,240.533890491984,48,55,0.460984848484849,amplicon_count,native_integer
carlstrom_phyllosphere_2019,Leaf233,Leaf83,0,0,0.5003367003367,0,-0.170951846730594,0.170951846730594,0.994612794612795,0,0,0,0.49023569023569,0,0,0,0,0.49023569023569,0,0,-0.224058593644918,0.224058593644918,0.938720538720539,0,1,0.6875,0.6875,1,0.6875,33,15,0,0,0.6875,501.791666666667,305.818181818182,1557.43476302116,1571.80367849824,48,55,0.460984848484849,amplicon_count,native_integer
carlstrom_phyllosphere_2019,Leaf233,Leaf86,0,0,0.5003367003367,0,0,0,0.481144781144781,0,0,0,0.49023569023569,0,0,0,0,0.49023569023569,0,0,0.00252138543978229,0.00252138543978229,0.0134680134680135,0,1,0.895833333333333,0.895833333333333,1,0.895833333333333,43,5,0,0,0.895833333333333,501.791666666667,400.581395348837,1557.43476302116,1334.10514776271,48,55,0.460984848484849,amplicon_count,native_integer
carlstrom_phyllosphere_2019,Leaf233,Leaf88,0,0,0.5003367003367,0,0,0,0.481144781144781,0,0,0,0.49023569023569,0,0,0,0,0.49023569023569,0,0,0.00622529635336193,0.00622529635336193,0.0356902356902357,0,1,0.3125,0.3125,1,0.3125,15,33,0,0,0.3125,501.791666666667,84.2,1557.43476302116,965.149492090767,48,55,0.460984848484849,amplicon_count,native_integer
carlstrom_phyllosphere_2019,Leaf233,Leaf90,0,0,0.5003367003367,0,0,0,0.481144781144781,0,0,0,0.49023569023569,0,0,0,0,0.49023569023569,0,0,0.0114000491572815,0.0114000491572815,0.0754208754208754,0,1,0.791666666666667,0.791666666666667,1,0.791666666666667,38,10,0,0,0.791666666666667,501.791666666667,292.342105263158,1557.43476302116,1496.93020035509,48,55,0.460984848484849,amplicon_count,native_integer
carlstrom_phyllosphere_2019,Leaf234,Leaf202,0,0,0.5003367003367,0,0,0,0.481144781144781,0,0,0,0.49023569023569,0,0,0,0,0.49023569023569,0,0.05,0.0896384132459478,0.0896384132459478,0.597979797979798,0,0.145833333333333,1,0.145833333333333,1,0.145833333333333,7,0,41,0,0.145833333333333,4.42857142857143,948.583333333333,8.86135895676048,348.703505227093,48,55,0.460984848484849,amplicon_count,native_integer
carlstrom_phyllosphere_2019,Leaf234,Leaf225,0,0,0.5003367003367,0,0,0,0.481144781144781,0,0.039151906613092,0.039151906613092,0.992592592592593,1,0.75,0,0,0.49023569023569,0,0.05,0.119696344141542,0.119696344141542,0.731313131313131,0,0.145833333333333,0.208333333333333,0.145833333333333,0.208333333333333,0.0625,3,4,7,34,0.214285714285714,4.42857142857143,4,8.86135895676048,10.9957446808511,48,55,0.460984848484849,amplicon_count,native_integer
carlstrom_phyllosphere_2019,Leaf234,Leaf242,0,0,0.5003367003367,0,0,0,0.481144781144781,0,0,0,0.49023569023569,0,0,0,0,0.49023569023569,0,0.05,0.0375571192120024,0.0375571192120024,0.271380471380471,0,0.145833333333333,0.708333333333333,0.145833333333333,0.708333333333333,0.125,6,1,28,13,0.171428571428571,4.42857142857143,66.7941176470588,8.86135895676048,216.737429382501,48,55,0.460984848484849,amplicon_count,native_integer
carlstrom_phyllosphere_2019,Leaf234,Leaf26,0,0,0.5003367003367,0,0,0,0.481144781144781,0,0,0,0.49023569023569,0,0,0,0,0.49023569023569,0,0,0.098153066101366,0.098153066101366,0.646464646464647,0,0.145833333333333,0.833333333333333,0.145833333333333,0.833333333333333,0.145833333333333,7,0,33,8,0.175,4.42857142857143,137.2,8.86135895676048,459.115315427083,48,55,0.460984848484849,amplicon_count,native_integer
carlstrom_phyllosphere_2019,Leaf234,Leaf262,0,0,0.5003367003367,0,0,0,0.481144781144781,0,-0.000921947138609226,0.000921947138609226,0.981144781144781,1,0.65,0,0,0.49023569023569,0,0,-0.179027541087528,0.179027541087528,0.874074074074074,0,0.145833333333333,0.958333333333333,0.145833333333333,0.958333333333333,0.145833333333333,7,0,39,2,0.152173913043478,4.42857142857143,363.369565217391,8.86135895676048,1068.25302664825,48,55,0.460984848484849,amplicon_count,native_integer
carlstrom_phyllosphere_2019,Leaf234,Leaf263,0,0,0.5003367003367,0,0,0,0.481144781144781,0,0,0,0.49023569023569,0,0.15,0,0,0.49023569023569,0,0.05,0.0403440498097613,0.0403440498097613,0.291582491582492,0,0.145833333333333,0.145833333333333,0.145833333333333,0.145833333333333,0.0625,3,4,4,37,0.272727272727273,4.42857142857143,3,8.86135895676048,8.35562310030395,48,55,0.460984848484849,amplicon_count,native_integer
carlstrom_phyllosphere_2019,Leaf234,Leaf265,0,0,0.5003367003367,0,0,0,0.481144781144781,0,0,0,0.49023569023569,0,0,0,0,0.49023569023569,0,0.1,0.00962876230312726,0.00962876230312726,0.0612794612794613,0,0.145833333333333,0.708333333333333,0.145833333333333,0.708333333333333,0.125,6,1,28,13,0.171428571428571,4.42857142857143,136.529411764706,8.86135895676048,386.282783466408,48,55,0.460984848484849,amplicon_count,native_integer
carlstrom_phyllosphere_2019,Leaf234,Leaf281,0,0,0.5003367003367,0,0,0,0.481144781144781,0,0,0,0.49023569023569,0,0,0,0,0.49023569023569,0,0,0.0382029181262996,0.0382029181262996,0.276767676767677,0,0.145833333333333,0.541666666666667,0.145833333333333,0.541666666666667,0.0833333333333333,4,3,22,19,0.137931034482759,4.42857142857143,17.0384615384615,8.86135895676048,95.0328514480573,48,55,0.460984848484849,amplicon_count,native_integer
carlstrom_phyllosphere_2019,Leaf234,Leaf285,0,0,0.5003367003367,0,0,0,0.481144781144781,0,0,0,0.49023569023569,0,0,0,0,0.49023569023569,0,0,0.0244812835817603,0.0244812835817603,0.17979797979798,0,0.145833333333333,0.625,0.145833333333333,0.625,0.104166666666667,5,2,25,16,0.15625,4.42857142857143,101.233333333333,8.86135895676048,506.741332081632,48,55,0.460984848484849,amplicon_count,native_integer
carlstrom_phyllosphere_2019,Leaf234,Leaf288,0,0,0.5003367003367,0,0,0,0.481144781144781,0,0,0,0.49023569023569,0,0,0,0,0.49023569023569,0,0,-0.0896661006832208,0.0896661006832208,0.598653198653199,0,0.145833333333333,0.25,0.145833333333333,0.25,0.0416666666666667,2,5,10,31,0.117647058823529,4.42857142857143,26.75,8.86135895676048,144.697753032412,48,55,0.460984848484849,amplicon_count,native_integer
carlstrom_phyllosphere_2019,Leaf234,Leaf3,0,0,0.5003367003367,0,0,0,0.481144781144781,0,0,0,0.49023569023569,0,0,0,0,0.49023569023569,0,0,0.13088841886606,0.13088841886606,0.76969696969697,0,0.145833333333333,0.541666666666667,0.145833333333333,0.541666666666667,0.104166666666667,5,2,21,20,0.178571428571429,4.42857142857143,17.6923076923077,8.86135895676048,106.65605920444,48,55,0.460984848484849,amplicon_count,native_integer
carlstrom_phyllosphere_2019,Leaf234,Leaf324,0,0,0.5003367003367,0,0,0,0.481144781144781,0,0,0,0.49023569023569,0,0,0,0,0.49023569023569,0,0.15,0.0148777918275329,0.0148777918275329,0.105723905723906,0,0.145833333333333,0.458333333333333,0.145833333333333,0.458333333333333,0.104166666666667,5,2,17,24,0.208333333333333,4.42857142857143,35.8181818181818,8.86135895676048,99.4392482989524,48,55,0.460984848484849,amplicon_count,native_integer
carlstrom_phyllosphere_2019,Leaf234,Leaf33,0,0,0.5003367003367,0,0,0,0.481144781144781,0,0,0,0.49023569023569,0,0,0,0,0.49023569023569,0,0.2,-0.123470971325808,0.123470971325808,0.744107744107744,0,0.145833333333333,0.354166666666667,0.145833333333333,0.354166666666667,0.0208333333333333,1,6,16,25,0.0434782608695652,4.42857142857143,100.588235294118,8.86135895676048,225.172527062337,48,55,0.460984848484849,amplicon_count,native_integer
carlstrom_phyllosphere_2019,Leaf234,Leaf334,0,0,0.5003367003367,0,0,0,0.481144781144781,0,0,0,0.49023569023569,0,0,0,0,0.49023569023569,0,0,0.0288716058927283,0.0288716058927283,0.210774410774411,0,0.145833333333333,0.1875,0.145833333333333,0.1875,0.0416666666666667,2,5,7,34,0.142857142857143,4.42857142857143,5.55555555555556,8.86135895676048,22.2212765957447,48,55,0.460984848484849,amplicon_count,native_integer
carlstrom_phyllosphere_2019,Leaf234,Leaf336,0,0,0.5003367003367,0,0,0,0.481144781144781,0,0,0,0.49023569023569,0,0,0,0,0.49023569023569,0,0,-0.0347094464190364,0.0347094464190364,0.247811447811448,0,0.145833333333333,0.958333333333333,0.145833333333333,0.958333333333333,0.145833333333333,7,0,39,2,0.152173913043478,4.42857142857143,14.195652173913,8.86135895676048,30.2871525854485,48,55,0.460984848484849,amplicon_count,native_integer
carlstrom_phyllosphere_2019,Leaf234,Leaf337,0,0,0.5003367003367,0,0,0,0.481144781144781,0,0,0,0.49023569023569,0,0.15,0,0,0.49023569023569,0,0.25,0.0239377019437897,0.0239377019437897,0.176430976430976,0,0.145833333333333,0.208333333333333,0.145833333333333,0.208333333333333,0.0625,3,4,7,34,0.214285714285714,4.42857142857143,1.5,8.86135895676048,1.79148936170213,48,55,0.460984848484849,amplicon_count,native_integer
carlstrom_phyllosphere_2019,Leaf234,Leaf344,0,0,0.5003367003367,0,0,0,0.481144781144781,0,0,0,0.49023569023569,0,0,0,0,0.49023569023569,0,0,-0.0767952346794761,0.0767952346794761,0.523905723905724,0,0.145833333333333,0.479166666666667,0.145833333333333,0.479166666666667,0.104166666666667,5,2,18,23,0.2,4.42857142857143,33.1739130434783,8.86135895676048,70.1006385767268,48,55,0.460984848484849,amplicon_count,native_integer
carlstrom_phyllosphere_2019,Leaf234,Leaf351,0,0,0.5003367003367,0,0,0,0.481144781144781,0,0,0,0.49023569023569,0,0.05,0,0,0.49023569023569,0,0,0.0496982292609426,0.0496982292609426,0.354208754208754,0,0.145833333333333,0.145833333333333,0.145833333333333,0.145833333333333,0.0416666666666667,2,5,5,36,0.166666666666667,4.42857142857143,4.14285714285714,8.86135895676048,12.9413059427733,48,55,0.460984848484849,amplicon_count,native_integer
carlstrom_phyllosphere_2019,Leaf234,Leaf354,0,0,0.5003367003367,0,0,0,0.481144781144781,0,0,0,0.49023569023569,0,0,0,0,0.49023569023569,0,0,0.0857319093324468,0.0857319093324468,0.577104377104377,0,0.145833333333333,0.875,0.145833333333333,0.875,0.145833333333333,7,0,35,6,0.166666666666667,4.42857142857143,17.952380952381,8.86135895676048,84.8687849201423,48,55,0.460984848484849,amplicon_count,native_integer
carlstrom_phyllosphere_2019,Leaf234,Leaf357,0,0,0.5003367003367,0,0,0,0.481144781144781,0,0,0,0.49023569023569,0,0,0,0,0.49023569023569,0,0.1,0.104536069492537,0.104536069492537,0.674074074074074,0,0.145833333333333,0.4375,0.145833333333333,0.4375,0.104166666666667,5,2,16,25,0.217391304347826,4.42857142857143,7.19047619047619,8.86135895676048,9.76623925602367,48,55,0.460984848484849,amplicon_count,native_integer
carlstrom_phyllosphere_2019,Leaf234,Leaf359,0,0,0.5003367003367,0,0,0,0.481144781144781,0,0,0,0.49023569023569,0,0.35,0.104556345551759,0.104556345551759,0.995286195286195,1,0.75,0.0158421050067057,0.0158421050067057,0.111111111111111,0,0.145833333333333,0.0416666666666667,0.0416666666666667,0.145833333333333,0.0416666666666667,2,5,0,41,0.285714285714286,4.42857142857143,1.5,8.86135895676048,1.63829787234043,48,55,0.460984848484849,amplicon_count,native_integer
carlstrom_phyllosphere_2019,Leaf234,Leaf363,0,0,0.5003367003367,0,0,0,0.481144781144781,0,0,0,0.49023569023569,0,0,0,0,0.49023569023569,0,0,0.0644378130325527,0.0644378130325527,0.454545454545455,0,0.145833333333333,0.291666666666667,0.145833333333333,0.291666666666667,0.0625,3,4,11,30,0.166666666666667,4.42857142857143,23.9285714285714,8.86135895676048,39.4577961257542,48,55,0.460984848484849,amplicon_count,native_integer
carlstrom_phyllosphere_2019,Leaf234,Leaf371,0,0,0.5003367003367,0,0,0,0.481144781144781,0,0,0,0.49023569023569,0,0,0,0,0.49023569023569,0,0,0.00872537521682122,0.00872537521682122,0.0518518518518519,0,0.145833333333333,0.25,0.145833333333333,0.25,0.0416666666666667,2,5,10,31,0.117647058823529,4.42857142857143,46.9166666666667,8.86135895676048,104.532066059484,48,55,0.460984848484849,amplicon_count,native_integer
carlstrom_phyllosphere_2019,Leaf234,Leaf380,0,0,0.5003367003367,0,0,0,0.481144781144781,0,0,0,0.49023569023569,0,0,0,0,0.49023569023569,0,0,0.0663864610179021,0.0663864610179021,0.467340067340067,0,0.145833333333333,0.395833333333333,0.145833333333333,0.395833333333333,0.0625,3,4,16,25,0.130434782608696,4.42857142857143,70.421052631579,8.86135895676048,644.908882740197,48,55,0.460984848484849,amplicon_count,native_integer
carlstrom_phyllosphere_2019,Leaf234,Leaf391,0,0,0.5003367003367,0,0,0,0.481144781144781,0,0,0,0.49023569023569,0,0,0,0,0.49023569023569,0,0,0.0241872730056346,0.0241872730056346,0.177104377104377,0,0.145833333333333,0.8125,0.145833333333333,0.8125,0.145833333333333,7,0,32,9,0.17948717948718,4.42857142857143,121.897435897436,8.86135895676048,266.843616573725,48,55,0.460984848484849,amplicon_count,native_integer
carlstrom_phyllosphere_2019,Leaf234,Leaf396,0,0,0.5003367003367,0,0,0,0.481144781144781,0,0,0,0.49023569023569,0,0,0,0,0.49023569023569,0,0,-0.0999163228975281,0.0999163228975281,0.654545454545455,0,0.145833333333333,0.375,0.145833333333333,0.375,0.0625,3,4,15,26,0.136363636363636,4.42857142857143,3.11111111111111,8.86135895676048,5.95744680851064,48,55,0.460984848484849,amplicon_count,native_integer
carlstrom_phyllosphere_2019,Leaf234,Leaf405,0,0,0.5003367003367,0,0,0,0.481144781144781,0,0,0,0.49023569023569,0,0,0,0,0.49023569023569,0,0,-0.108750249132551,0.108750249132551,0.688888888888889,0,0.145833333333333,0.854166666666667,0.145833333333333,0.854166666666667,0.125,6,1,35,6,0.142857142857143,4.42857142857143,479.731707317073,8.86135895676048,1289.73232854811,48,55,0.460984848484849,amplicon_count,native_integer
carlstrom_phyllosphere_2019,Leaf234,Leaf41,0,0,0.5003367003367,0,0,0,0.481144781144781,0,0,0,0.49023569023569,0,0,0,0,0.49023569023569,0,0,-0.0232688774143266,0.0232688774143266,0.17037037037037,0,0.145833333333333,0.520833333333333,0.145833333333333,0.520833333333333,0.0416666666666667,2,5,23,18,0.0666666666666667,4.42857142857143,6.04,8.86135895676048,5.95166971959984,48,55,0.460984848484849,amplicon_count,native_integer
carlstrom_phyllosphere_2019,Leaf234,Leaf416,0,0,0.5003367003367,0,0,0,0.481144781144781,0,0,0,0.49023569023569,0,0,0,0,0.49023569023569,0,0,-0.112321444763701,0.112321444763701,0.703030303030303,0,0.145833333333333,0.708333333333333,0.145833333333333,0.708333333333333,0.125,6,1,28,13,0.171428571428571,4.42857142857143,103.088235294118,8.86135895676048,1707.97219170182,48,55,0.460984848484849,amplicon_count,native_integer
carlstrom_phyllosphere_2019,Leaf234,Leaf420,0,0,0.5003367003367,0,0,0,0.481144781144781,0,0,0,0.49023569023569,0,0,0,0,0.49023569023569,0,0,-0.0229224813666954,0.0229224813666954,0.168350168350168,0,0.145833333333333,1,0.145833333333333,1,0.145833333333333,7,0,41,0,0.145833333333333,4.42857142857143,336.333333333333,8.86135895676048,355.254496763174,48,55,0.460984848484849,amplicon_count,native_integer
carlstrom_phyllosphere_2019,Leaf234,Leaf427,0,0,0.5003367003367,0,0,0,0.481144781144781,0,0,0,0.49023569023569,0,0,0,0,0.49023569023569,0,0,-0.0207371472671919,0.0207371472671919,0.149494949494949,0,0.145833333333333,0.333333333333333,0.145833333333333,0.333333333333333,0.0625,3,4,13,28,0.15,4.42857142857143,10.0625,8.86135895676048,23.5526628782873,48,55,0.460984848484849,amplicon_count,native_integer
carlstrom_phyllosphere_2019,Leaf234,Leaf443,0,0,0.5003367003367,0,0,0,0.481144781144781,0,0,0,0.49023569023569,0,0,0,0,0.49023569023569,0,0,-0.0323696955051856,0.0323696955051856,0.22962962962963,0,0.145833333333333,0.395833333333333,0.145833333333333,0.395833333333333,0.0833333333333333,4,3,15,26,0.181818181818182,4.42857142857143,19.8421052631579,8.86135895676048,80.271742197641,48,55,0.460984848484849,amplicon_count,native_integer
carlstrom_phyllosphere_2019,Leaf234,Leaf5,0,0,0.5003367003367,0,0,0,0.481144781144781,0,0,0,0.49023569023569,0,0,0,0,0.49023569023569,0,0,-0.0138142569521221,0.0138142569521221,0.0983164983164983,0,0.145833333333333,0.0625,0.0625,0.145833333333333,0,0,7,3,38,0,4.42857142857143,45.6666666666667,8.86135895676048,86.4430812237925,48,55,0.460984848484849,amplicon_count,native_integer
carlstrom_phyllosphere_2019,Leaf234,Leaf68,0,0,0.5003367003367,0,0,0,0.481144781144781,0,0,0,0.49023569023569,0,0,0,0,0.49023569023569,0,0.05,0.0935051303111747,0.0935051303111747,0.616161616161616,0,0.145833333333333,1,0.145833333333333,1,0.145833333333333,7,0,41,0,0.145833333333333,4.42857142857143,941.958333333333,8.86135895676048,348.901820091499,48,55,0.460984848484849,amplicon_count,native_integer
carlstrom_phyllosphere_2019,Leaf234,Leaf70,0,0,0.5003367003367,0,0,0,0.481144781144781,0,0,0,0.49023569023569,0,0,0,0,0.49023569023569,0,0.1,0.056484303159713,0.056484303159713,0.403367003367003,0,0.145833333333333,0.208333333333333,0.145833333333333,0.208333333333333,0.0625,3,4,7,34,0.214285714285714,4.42857142857143,17,8.86135895676048,30.6498122653316,48,55,0.460984848484849,amplicon_count,native_integer
carlstrom_phyllosphere_2019,Leaf234,Leaf82,0,0,0.5003367003367,0,0.131480843292541,0.131480843292541,0.992592592592593,0,0,0,0.49023569023569,0,0,0,0,0.49023569023569,0,0,0.0147789878985892,0.0147789878985892,0.105050505050505,0,0.145833333333333,0.8125,0.145833333333333,0.8125,0.125,6,1,33,8,0.15,4.42857142857143,91.1282051282051,8.86135895676048,240.533890491984,48,55,0.460984848484849,amplicon_count,native_integer
carlstrom_phyllosphere_2019,Leaf234,Leaf83,0,0,0.5003367003367,0,0,0,0.481144781144781,0,0,0,0.49023569023569,0,0,0,0,0.49023569023569,0,0,0.0134845645852449,0.0134845645852449,0.0949494949494949,0,0.145833333333333,0.6875,0.145833333333333,0.6875,0.104166666666667,5,2,28,13,0.142857142857143,4.42857142857143,305.818181818182,8.86135895676048,1571.80367849824,48,55,0.460984848484849,amplicon_count,native_integer
carlstrom_phyllosphere_2019,Leaf234,Leaf86,0,0,0.5003367003367,0,0,0,0.481144781144781,0,0,0,0.49023569023569,0,0,0,0,0.49023569023569,0,0,-0.054860631697996,0.054860631697996,0.389225589225589,0,0.145833333333333,0.895833333333333,0.145833333333333,0.895833333333333,0.145833333333333,7,0,36,5,0.162790697674419,4.42857142857143,400.581395348837,8.86135895676048,1334.10514776271,48,55,0.460984848484849,amplicon_count,native_integer
carlstrom_phyllosphere_2019,Leaf234,Leaf88,0,0,0.5003367003367,0,0,0,0.481144781144781,0,0,0,0.49023569023569,0,0,0,0,0.49023569023569,0,0,-0.0122008723852728,0.0122008723852728,0.0841750841750842,0,0.145833333333333,0.3125,0.145833333333333,0.3125,0.0625,3,4,12,29,0.157894736842105,4.42857142857143,84.2,8.86135895676048,965.149492090767,48,55,0.460984848484849,amplicon_count,native_integer
carlstrom_phyllosphere_2019,Leaf234,Leaf90,0,0,0.5003367003367,0,0,0,0.481144781144781,0,0,0,0.49023569023569,0,0,0,0,0.49023569023569,0,0,-0.0861698661815852,0.0861698661815852,0.581144781144781,0,0.145833333333333,0.791666666666667,0.145833333333333,0.791666666666667,0.104166666666667,5,2,33,8,0.125,4.42857142857143,292.342105263158,8.86135895676048,1496.93020035509,48,55,0.460984848484849,amplicon_count,native_integer
carlstrom_phyllosphere_2019,Leaf242,Leaf202,0,0,0.5003367003367,0,0,0,0.481144781144781,0,0,0,0.49023569023569,0,0,0,0,0.49023569023569,0,0,0.105101983181949,0.105101983181949,0.676767676767677,0,0.708333333333333,1,0.708333333333333,1,0.708333333333333,34,0,14,0,0.708333333333333,66.7941176470588,948.583333333333,216.737429382501,348.703505227093,48,55,0.460984848484849,amplicon_count,native_integer
carlstrom_phyllosphere_2019,Leaf242,Leaf225,0,0,0.5003367003367,0,0,0,0.481144781144781,0,0,0,0.49023569023569,0,0,0,0,0.49023569023569,0,0,0.247370237735649,0.247370237735649,0.952188552188552,0,0.708333333333333,0.208333333333333,0.208333333333333,0.708333333333333,0.166666666666667,8,26,2,12,0.222222222222222,66.7941176470588,4,216.737429382501,10.9957446808511,48,55,0.460984848484849,amplicon_count,native_integer
carlstrom_phyllosphere_2019,Leaf242,Leaf26,0,0,0.5003367003367,0,0,0,0.481144781144781,0,0,0,0.49023569023569,0,0,0,0,0.49023569023569,0,0,-0.261645494508797,0.261645494508797,0.961616161616162,0,0.708333333333333,0.833333333333333,0.708333333333333,0.833333333333333,0.5625,27,7,13,1,0.574468085106383,66.7941176470588,137.2,216.737429382501,459.115315427083,48,55,0.460984848484849,amplicon_count,native_integer
carlstrom_phyllosphere_2019,Leaf242,Leaf262,0,0,0.5003367003367,0,0,0,0.481144781144781,0,0,0,0.49023569023569,0,0,0,0,0.49023569023569,0,0,0.0490890861256521,0.0490890861256521,0.35016835016835,0,0.708333333333333,0.958333333333333,0.708333333333333,0.958333333333333,0.6875,33,1,13,1,0.702127659574468,66.7941176470588,363.369565217391,216.737429382501,1068.25302664825,48,55,0.460984848484849,amplicon_count,native_integer
carlstrom_phyllosphere_2019,Leaf242,Leaf263,0,0,0.5003367003367,0,0,0,0.481144781144781,0,0,0,0.49023569023569,0,0.35,0,0,0.49023569023569,0,0,0.160605531044212,0.160605531044212,0.832323232323232,0,0.708333333333333,0.145833333333333,0.145833333333333,0.708333333333333,0.145833333333333,7,27,0,14,0.205882352941176,66.7941176470588,3,216.737429382501,8.35562310030395,48,55,0.460984848484849,amplicon_count,native_integer
carlstrom_phyllosphere_2019,Leaf242,Leaf265,0,0,0.5003367003367,0,0,0,0.481144781144781,0,0,0,0.49023569023569,0,0,0,0,0.49023569023569,0,0,-0.156231209949329,0.156231209949329,0.824915824915825,0,0.708333333333333,0.708333333333333,0.708333333333333,0.708333333333333,0.5,24,10,10,4,0.545454545454545,66.7941176470588,136.529411764706,216.737429382501,386.282783466408,48,55,0.460984848484849,amplicon_count,native_integer
carlstrom_phyllosphere_2019,Leaf242,Leaf281,0,0,0.5003367003367,0,0,0,0.481144781144781,0,0,0,0.49023569023569,0,0,0,0,0.49023569023569,0,0,-0.0820593030929462,0.0820593030929462,0.552861952861953,0,0.708333333333333,0.541666666666667,0.541666666666667,0.708333333333333,0.354166666666667,17,17,9,5,0.395348837209302,66.7941176470588,17.0384615384615,216.737429382501,95.0328514480573,48,55,0.460984848484849,amplicon_count,native_integer
carlstrom_phyllosphere_2019,Leaf242,Leaf285,0,0,0.5003367003367,0,0,0,0.481144781144781,0,0,0,0.49023569023569,0,0,0,0,0.49023569023569,0,0,-0.0913233317577785,0.0913233317577785,0.607407407407407,0,0.708333333333333,0.625,0.625,0.708333333333333,0.416666666666667,20,14,10,4,0.454545454545455,66.7941176470588,101.233333333333,216.737429382501,506.741332081632,48,55,0.460984848484849,amplicon_count,native_integer
carlstrom_phyllosphere_2019,Leaf242,Leaf288,0,0,0.5003367003367,0,0.0211610164537761,0.0211610164537761,0.975084175084175,0,0,0,0.49023569023569,0,0,0,0,0.49023569023569,0,0,0.0425207416224766,0.0425207416224766,0.307070707070707,0,0.708333333333333,0.25,0.25,0.708333333333333,0.1875,9,25,3,11,0.243243243243243,66.7941176470588,26.75,216.737429382501,144.697753032412,48,55,0.460984848484849,amplicon_count,native_integer
carlstrom_phyllosphere_2019,Leaf242,Leaf3,0,0,0.5003367003367,0,0,0,0.481144781144781,0,0,0,0.49023569023569,0,0,0,0,0.49023569023569,0,0,-0.00257660045831355,0.00257660045831355,0.0141414141414141,0,0.708333333333333,0.541666666666667,0.541666666666667,0.708333333333333,0.375,18,16,8,6,0.428571428571429,66.7941176470588,17.6923076923077,216.737429382501,106.65605920444,48,55,0.460984848484849,amplicon_count,native_integer
carlstrom_phyllosphere_2019,Leaf242,Leaf324,0,0,0.5003367003367,0,0,0,0.481144781144781,0,0,0,0.49023569023569,0,0,0,0,0.49023569023569,0,0,-0.0318749843836511,0.0318749843836511,0.227609427609428,0,0.708333333333333,0.458333333333333,0.458333333333333,0.708333333333333,0.291666666666667,14,20,8,6,0.333333333333333,66.7941176470588,35.8181818181818,216.737429382501,99.4392482989524,48,55,0.460984848484849,amplicon_count,native_integer
carlstrom_phyllosphere_2019,Leaf242,Leaf33,0,0,0.5003367003367,0,0,0,0.481144781144781,0,0,0,0.49023569023569,0,0,0,0,0.49023569023569,0,0,-0.0234472117883805,0.0234472117883805,0.172390572390572,0,0.708333333333333,0.354166666666667,0.354166666666667,0.708333333333333,0.291666666666667,14,20,3,11,0.378378378378378,66.7941176470588,100.588235294118,216.737429382501,225.172527062337,48,55,0.460984848484849,amplicon_count,native_integer
carlstrom_phyllosphere_2019,Leaf242,Leaf334,0,0,0.5003367003367,0,0,0,0.481144781144781,0,0,0,0.49023569023569,0,0,0,0,0.49023569023569,0,0,-0.00010679405030306,0.00010679405030306,0.000673400673400673,0,0.708333333333333,0.1875,0.1875,0.708333333333333,0.125,6,28,3,11,0.162162162162162,66.7941176470588,5.55555555555556,216.737429382501,22.2212765957447,48,55,0.460984848484849,amplicon_count,native_integer
carlstrom_phyllosphere_2019,Leaf242,Leaf336,0,0,0.5003367003367,0,0,0,0.481144781144781,0,0,0,0.49023569023569,0,0,0,0,0.49023569023569,0,0,0.27905935717626,0.27905935717626,0.971043771043771,0,0.708333333333333,0.958333333333333,0.708333333333333,0.958333333333333,0.6875,33,1,13,1,0.702127659574468,66.7941176470588,14.195652173913,216.737429382501,30.2871525854485,48,55,0.460984848484849,amplicon_count,native_integer
carlstrom_phyllosphere_2019,Leaf242,Leaf337,0,0,0.5003367003367,0,0,0,0.481144781144781,0,0,0,0.49023569023569,0,0,0,0,0.49023569023569,0,0,0.0128131954360331,0.0128131954360331,0.0875420875420875,0,0.708333333333333,0.208333333333333,0.208333333333333,0.708333333333333,0.125,6,28,4,10,0.157894736842105,66.7941176470588,1.5,216.737429382501,1.79148936170213,48,55,0.460984848484849,amplicon_count,native_integer
carlstrom_phyllosphere_2019,Leaf242,Leaf344,0,0,0.5003367003367,0,0,0,0.481144781144781,0,0,0,0.49023569023569,0,0,0,0,0.49023569023569,0,0,-0.162044688322526,0.162044688322526,0.832996632996633,0,0.708333333333333,0.479166666666667,0.479166666666667,0.708333333333333,0.375,18,16,5,9,0.461538461538462,66.7941176470588,33.1739130434783,216.737429382501,70.1006385767268,48,55,0.460984848484849,amplicon_count,native_integer
carlstrom_phyllosphere_2019,Leaf242,Leaf351,0,0,0.5003367003367,0,0.349871829064485,0.349871829064485,0.997979797979798,0,0.0367759384328305,0.0367759384328305,0.991245791245791,1,0.8,0,0,0.49023569023569,0,0.2,0.200205643664484,0.200205643664484,0.913804713804714,0,0.708333333333333,0.145833333333333,0.145833333333333,0.708333333333333,0.125,6,28,1,13,0.171428571428571,66.7941176470588,4.14285714285714,216.737429382501,12.9413059427733,48,55,0.460984848484849,amplicon_count,native_integer
carlstrom_phyllosphere_2019,Leaf242,Leaf354,0,0,0.5003367003367,0,0,0,0.481144781144781,0,0,0,0.49023569023569,0,0.05,0,0,0.49023569023569,0,0,0.199966120112152,0.199966120112152,0.912457912457912,0,0.708333333333333,0.875,0.708333333333333,0.875,0.625,30,4,12,2,0.652173913043478,66.7941176470588,17.952380952381,216.737429382501,84.8687849201423,48,55,0.460984848484849,amplicon_count,native_integer
carlstrom_phyllosphere_2019,Leaf242,Leaf357,0,0,0.5003367003367,0,0,0,0.481144781144781,0,0,0,0.49023569023569,0,0,0,0,0.49023569023569,0,0,0.142914832457832,0.142914832457832,0.792592592592593,0,0.708333333333333,0.4375,0.4375,0.708333333333333,0.375,18,16,3,11,0.486486486486487,66.7941176470588,7.19047619047619,216.737429382501,9.76623925602367,48,55,0.460984848484849,amplicon_count,native_integer
carlstrom_phyllosphere_2019,Leaf242,Leaf359,0,0,0.5003367003367,0,0,0,0.481144781144781,0,0,0,0.49023569023569,0,0.05,0,0,0.49023569023569,0,0,0.0951735747625458,0.0951735747625458,0.625589225589226,0,0.708333333333333,0.0416666666666667,0.0416666666666667,0.708333333333333,0.0416666666666667,2,32,0,14,0.0588235294117647,66.7941176470588,1.5,216.737429382501,1.63829787234043,48,55,0.460984848484849,amplicon_count,native_integer
carlstrom_phyllosphere_2019,Leaf242,Leaf363,0,0,0.5003367003367,0,0,0,0.481144781144781,0,0,0,0.49023569023569,0,0,0,0,0.49023569023569,0,0,-0.040589810641211,0.040589810641211,0.292929292929293,0,0.708333333333333,0.291666666666667,0.291666666666667,0.708333333333333,0.166666666666667,8,26,6,8,0.2,66.7941176470588,23.9285714285714,216.737429382501,39.4577961257542,48,55,0.460984848484849,amplicon_count,native_integer
carlstrom_phyllosphere_2019,Leaf242,Leaf371,0,0,0.5003367003367,0,0,0,0.481144781144781,0,0,0,0.49023569023569,0,0,0,0,0.49023569023569,0,0,-0.0561475903345743,0.0561475903345743,0.399326599326599,0,0.708333333333333,0.25,0.25,0.708333333333333,0.166666666666667,8,26,4,10,0.210526315789474,66.7941176470588,46.9166666666667,216.737429382501,104.532066059484,48,55,0.460984848484849,amplicon_count,native_integer
carlstrom_phyllosphere_2019,Leaf242,Leaf380,0,0,0.5003367003367,0,0,0,0.481144781144781,0,0,0,0.49023569023569,0,0,0,0,0.49023569023569,0,0,0.104572658875773,0.104572658875773,0.674747474747475,0,0.708333333333333,0.395833333333333,0.395833333333333,0.708333333333333,0.3125,15,19,4,10,0.394736842105263,66.7941176470588,70.421052631579,216.737429382501,644.908882740197,48,55,0.460984848484849,amplicon_count,native_integer
carlstrom_phyllosphere_2019,Leaf242,Leaf391,0,0,0.5003367003367,0,0,0,0.481144781144781,0,0,0,0.49023569023569,0,0,0,0,0.49023569023569,0,0,-0.0925212230868609,0.0925212230868609,0.612121212121212,0,0.708333333333333,0.8125,0.708333333333333,0.8125,0.604166666666667,29,5,10,4,0.659090909090909,66.7941176470588,121.897435897436,216.737429382501,266.843616573725,48,55,0.460984848484849,amplicon_count,native_integer
carlstrom_phyllosphere_2019,Leaf242,Leaf396,0,0,0.5003367003367,0,0,0,0.481144781144781,0,0,0,0.49023569023569,0,0,0,0,0.49023569023569,0,0,0.162387111627437,0.162387111627437,0.833670033670034,0,0.708333333333333,0.375,0.375,0.708333333333333,0.3125,15,19,3,11,0.405405405405405,66.7941176470588,3.11111111111111,216.737429382501,5.95744680851064,48,55,0.460984848484849,amplicon_count,native_integer
carlstrom_phyllosphere_2019,Leaf242,Leaf405,0,0,0.5003367003367,0,0,0,0.481144781144781,0,0,0,0.49023569023569,0,0,0,0,0.49023569023569,0,0,-0.187793789891382,0.187793789891382,0.893602693602694,0,0.708333333333333,0.854166666666667,0.708333333333333,0.854166666666667,0.583333333333333,28,6,13,1,0.595744680851064,66.7941176470588,479.731707317073,216.737429382501,1289.73232854811,48,55,0.460984848484849,amplicon_count,native_integer
carlstrom_phyllosphere_2019,Leaf242,Leaf41,0,0,0.5003367003367,0,0,0,0.481144781144781,0,0,0,0.49023569023569,0,0,0,0,0.49023569023569,0,0.05,-0.120088355367334,0.120088355367334,0.734680134680135,0,0.708333333333333,0.520833333333333,0.520833333333333,0.708333333333333,0.3125,15,19,10,4,0.340909090909091,66.7941176470588,6.04,216.737429382501,5.95166971959984,48,55,0.460984848484849,amplicon_count,native_integer
carlstrom_phyllosphere_2019,Leaf242,Leaf416,0,0,0.5003367003367,0,0,0,0.481144781144781,0,0,0,0.49023569023569,0,0,0,0,0.49023569023569,0,0,-0.0384816240846329,0.0384816240846329,0.279461279461279,0,0.708333333333333,0.708333333333333,0.708333333333333,0.708333333333333,0.520833333333333,25,9,9,5,0.581395348837209,66.7941176470588,103.088235294118,216.737429382501,1707.97219170182,48,55,0.460984848484849,amplicon_count,native_integer
carlstrom_phyllosphere_2019,Leaf242,Leaf420,0,0,0.5003367003367,0,0,0,0.481144781144781,0,0,0,0.49023569023569,0,0,0,0,0.49023569023569,0,0,-0.197597416333468,0.197597416333468,0.908417508417508,0,0.708333333333333,1,0.708333333333333,1,0.708333333333333,34,0,14,0,0.708333333333333,66.7941176470588,336.333333333333,216.737429382501,355.254496763174,48,55,0.460984848484849,amplicon_count,native_integer
carlstrom_phyllosphere_2019,Leaf242,Leaf427,0,0,0.5003367003367,0,0,0,0.481144781144781,0,0,0,0.49023569023569,0,0,0,0,0.49023569023569,0,0,0.0583083594421927,0.0583083594421927,0.418181818181818,0,0.708333333333333,0.333333333333333,0.333333333333333,0.708333333333333,0.229166666666667,11,23,5,9,0.282051282051282,66.7941176470588,10.0625,216.737429382501,23.5526628782873,48,55,0.460984848484849,amplicon_count,native_integer
carlstrom_phyllosphere_2019,Leaf242,Leaf443,0,0,0.5003367003367,0,0,0,0.481144781144781,0,0,0,0.49023569023569,0,0,0,0,0.49023569023569,0,0,-0.145758997210168,0.145758997210168,0.799326599326599,0,0.708333333333333,0.395833333333333,0.395833333333333,0.708333333333333,0.291666666666667,14,20,5,9,0.358974358974359,66.7941176470588,19.8421052631579,216.737429382501,80.271742197641,48,55,0.460984848484849,amplicon_count,native_integer
carlstrom_phyllosphere_2019,Leaf242,Leaf5,0,0,0.5003367003367,0,0,0,0.481144781144781,0,0,0,0.49023569023569,0,0,0,0,0.49023569023569,0,0,0.0672759283792769,0.0672759283792769,0.472727272727273,0,0.708333333333333,0.0625,0.0625,0.708333333333333,0.0625,3,31,0,14,0.0882352941176471,66.7941176470588,45.6666666666667,216.737429382501,86.4430812237925,48,55,0.460984848484849,amplicon_count,native_integer
carlstrom_phyllosphere_2019,Leaf242,Leaf68,0,0,0.5003367003367,0,0,0,0.481144781144781,0,0,0,0.49023569023569,0,0,0,0,0.49023569023569,0,0,0.113921410796994,0.113921410796994,0.711111111111111,0,0.708333333333333,1,0.708333333333333,1,0.708333333333333,34,0,14,0,0.708333333333333,66.7941176470588,941.958333333333,216.737429382501,348.901820091499,48,55,0.460984848484849,amplicon_count,native_integer
carlstrom_phyllosphere_2019,Leaf242,Leaf70,0,0,0.5003367003367,0,0,0,0.481144781144781,0,0,0,0.49023569023569,0,0,0,0,0.49023569023569,0,0,-0.130761319517227,0.130761319517227,0.768350168350168,0,0.708333333333333,0.208333333333333,0.208333333333333,0.708333333333333,0.104166666666667,5,29,5,9,0.128205128205128,66.7941176470588,17,216.737429382501,30.6498122653316,48,55,0.460984848484849,amplicon_count,native_integer
carlstrom_phyllosphere_2019,Leaf242,Leaf82,0,0,0.5003367003367,0,-0.162469442077503,0.162469442077503,0.993939393939394,1,-0.104166151838729,0.104166151838729,0.997306397306397,1,1,0,0,0.49023569023569,0,0.15,-0.529259690763211,0.529259690763211,0.997979797979798,1,0.708333333333333,0.8125,0.708333333333333,0.8125,0.541666666666667,26,8,13,1,0.553191489361702,66.7941176470588,91.1282051282051,216.737429382501,240.533890491984,48,55,0.460984848484849,amplicon_count,native_integer
carlstrom_phyllosphere_2019,Leaf242,Leaf83,0,0,0.5003367003367,0,0,0,0.481144781144781,0,0,0,0.49023569023569,0,0,0,0,0.49023569023569,0,0,-0.0844662547743838,0.0844662547743838,0.568350168350168,0,0.708333333333333,0.6875,0.6875,0.708333333333333,0.5,24,10,9,5,0.558139534883721,66.7941176470588,305.818181818182,216.737429382501,1571.80367849824,48,55,0.460984848484849,amplicon_count,native_integer
carlstrom_phyllosphere_2019,Leaf242,Leaf86,0,0,0.5003367003367,0,0,0,0.481144781144781,0,0,0,0.49023569023569,0,0,0,0,0.49023569023569,0,0,0.0828033065859951,0.0828033065859951,0.557575757575758,0,0.708333333333333,0.895833333333333,0.708333333333333,0.895833333333333,0.645833333333333,31,3,12,2,0.673913043478261,66.7941176470588,400.581395348837,216.737429382501,1334.10514776271,48,55,0.460984848484849,amplicon_count,native_integer
carlstrom_phyllosphere_2019,Leaf242,Leaf88,0,0,0.5003367003367,0,0,0,0.481144781144781,0,0,0,0.49023569023569,0,0,0,0,0.49023569023569,0,0,-0.0456493453734017,0.0456493453734017,0.324579124579125,0,0.708333333333333,0.3125,0.3125,0.708333333333333,0.25,12,22,3,11,0.324324324324324,66.7941176470588,84.2,216.737429382501,965.149492090767,48,55,0.460984848484849,amplicon_count,native_integer
carlstrom_phyllosphere_2019,Leaf242,Leaf90,0,0,0.5003367003367,0,0,0,0.481144781144781,0,0,0,0.49023569023569,0,0,0,0,0.49023569023569,0,0,0.136087322054249,0.136087322054249,0.778451178451179,0,0.708333333333333,0.791666666666667,0.708333333333333,0.791666666666667,0.604166666666667,29,5,9,5,0.674418604651163,66.7941176470588,292.342105263158,216.737429382501,1496.93020035509,48,55,0.460984848484849,amplicon_count,native_integer
carlstrom_phyllosphere_2019,Leaf26,Leaf202,0,0,0.5003367003367,0,0,0,0.481144781144781,0,0,0,0.49023569023569,0,0,0,0,0.49023569023569,0,0,-0.176928954033471,0.176928954033471,0.869360269360269,0,0.833333333333333,1,0.833333333333333,1,0.833333333333333,40,0,8,0,0.833333333333333,137.2,948.583333333333,459.115315427083,348.703505227093,48,55,0.460984848484849,amplicon_count,native_integer
carlstrom_phyllosphere_2019,Leaf26,Leaf225,0,0,0.5003367003367,0,0,0,0.481144781144781,0,0,0,0.49023569023569,0,0,0,0,0.49023569023569,0,0.2,-0.0338355134910261,0.0338355134910261,0.241077441077441,0,0.833333333333333,0.208333333333333,0.208333333333333,0.833333333333333,0.1875,9,31,1,7,0.219512195121951,137.2,4,459.115315427083,10.9957446808511,48,55,0.460984848484849,amplicon_count,native_integer
carlstrom_phyllosphere_2019,Leaf26,Leaf281,0,0,0.5003367003367,0,0,0,0.481144781144781,0,0,0,0.49023569023569,0,0,0,0,0.49023569023569,0,0.2,0.294453496527381,0.294453496527381,0.975757575757576,0,0.833333333333333,0.541666666666667,0.541666666666667,0.833333333333333,0.520833333333333,25,15,1,7,0.609756097560976,137.2,17.0384615384615,459.115315427083,95.0328514480573,48,55,0.460984848484849,amplicon_count,native_integer
carlstrom_phyllosphere_2019,Leaf26,Leaf285,0,0,0.5003367003367,0,0,0,0.481144781144781,0,0,0,0.49023569023569,0,0,0,0,0.49023569023569,0,0,0.167946241729302,0.167946241729302,0.846464646464647,0,0.833333333333333,0.625,0.625,0.833333333333333,0.5625,27,13,3,5,0.627906976744186,137.2,101.233333333333,459.115315427083,506.741332081632,48,55,0.460984848484849,amplicon_count,native_integer
carlstrom_phyllosphere_2019,Leaf26,Leaf288,0,0,0.5003367003367,0,0,0,0.481144781144781,0,0,0,0.49023569023569,0,0,0,0,0.49023569023569,0,0,-0.170661023594648,0.170661023594648,0.853198653198653,0,0.833333333333333,0.25,0.25,0.833333333333333,0.229166666666667,11,29,1,7,0.268292682926829,137.2,26.75,459.115315427083,144.697753032412,48,55,0.460984848484849,amplicon_count,native_integer
carlstrom_phyllosphere_2019,Leaf26,Leaf3,0,0,0.5003367003367,0,0,0,0.481144781144781,0,0,0,0.49023569023569,0,0,0,0,0.49023569023569,0,0,0.23016148106566,0.23016148106566,0.94006734006734,0,0.833333333333333,0.541666666666667,0.541666666666667,0.833333333333333,0.479166666666667,23,17,3,5,0.534883720930233,137.2,17.6923076923077,459.115315427083,106.65605920444,48,55,0.460984848484849,amplicon_count,native_integer
carlstrom_phyllosphere_2019,Leaf26,Leaf324,0,0,0.5003367003367,0,0,0,0.481144781144781,0,0,0,0.49023569023569,0,0,0,0,0.49023569023569,0,0,0.16376514174134,0.16376514174134,0.835690235690236,0,0.833333333333333,0.458333333333333,0.458333333333333,0.833333333333333,0.416666666666667,20,20,2,6,0.476190476190476,137.2,35.8181818181818,459.115315427083,99.4392482989524,48,55,0.460984848484849,amplicon_count,native_integer
carlstrom_phyllosphere_2019,Leaf26,Leaf33,0,0,0.5003367003367,0,0,0,0.481144781144781,0,0,0,0.49023569023569,0,0,0,0,0.49023569023569,0,0,-0.00714836293870625,0.00714836293870625,0.0424242424242424,0,0.833333333333333,0.354166666666667,0.354166666666667,0.833333333333333,0.291666666666667,14,26,3,5,0.325581395348837,137.2,100.588235294118,459.115315427083,225.172527062337,48,55,0.460984848484849,amplicon_count,native_integer
carlstrom_phyllosphere_2019,Leaf26,Leaf334,0,0,0.5003367003367,0,0,0,0.481144781144781,0,0,0,0.49023569023569,0,0,0,0,0.49023569023569,0,0,-0.0956249514953224,0.0956249514953224,0.62962962962963,0,0.833333333333333,0.1875,0.1875,0.833333333333333,0.166666666666667,8,32,1,7,0.195121951219512,137.2,5.55555555555556,459.115315427083,22.2212765957447,48,55,0.460984848484849,amplicon_count,native_integer
carlstrom_phyllosphere_2019,Leaf26,Leaf336,0,0,0.5003367003367,0,0,0,0.481144781144781,0,0,0,0.49023569023569,0,0,0,0,0.49023569023569,0,0,-0.119606828080967,0.119606828080967,0.730639730639731,0,0.833333333333333,0.958333333333333,0.833333333333333,0.958333333333333,0.791666666666667,38,2,8,0,0.791666666666667,137.2,14.195652173913,459.115315427083,30.2871525854485,48,55,0.460984848484849,amplicon_count,native_integer
carlstrom_phyllosphere_2019,Leaf26,Leaf337,0,0,0.5003367003367,0,0,0,0.481144781144781,0,0,0,0.49023569023569,0,0,0,0,0.49023569023569,0,0,-0.0786858370707027,0.0786858370707027,0.536700336700337,0,0.833333333333333,0.208333333333333,0.208333333333333,0.833333333333333,0.1875,9,31,1,7,0.219512195121951,137.2,1.5,459.115315427083,1.79148936170213,48,55,0.460984848484849,amplicon_count,native_integer
carlstrom_phyllosphere_2019,Leaf26,Leaf344,0,0,0.5003367003367,0,0,0,0.481144781144781,0,0,0,0.49023569023569,0,0,0,0,0.49023569023569,0,0,0.0495068139213794,0.0495068139213794,0.352861952861953,0,0.833333333333333,0.479166666666667,0.479166666666667,0.833333333333333,0.416666666666667,20,20,3,5,0.465116279069768,137.2,33.1739130434783,459.115315427083,70.1006385767268,48,55,0.460984848484849,amplicon_count,native_integer
carlstrom_phyllosphere_2019,Leaf26,Leaf351,0,0,0.5003367003367,0,0,0,0.481144781144781,0,0,0,0.49023569023569,0,0,0,0,0.49023569023569,0,0,-0.0451772886391798,0.0451772886391798,0.321885521885522,0,0.833333333333333,0.145833333333333,0.145833333333333,0.833333333333333,0.125,6,34,1,7,0.146341463414634,137.2,4.14285714285714,459.115315427083,12.9413059427733,48,55,0.460984848484849,amplicon_count,native_integer
carlstrom_phyllosphere_2019,Leaf26,Leaf354,0,0,0.5003367003367,0,0,0,0.481144781144781,0,0,0,0.49023569023569,0,0,0,0,0.49023569023569,0,0,-0.0581602312468102,0.0581602312468102,0.416835016835017,0,0.833333333333333,0.875,0.833333333333333,0.875,0.75,36,4,6,2,0.782608695652174,137.2,17.952380952381,459.115315427083,84.8687849201423,48,55,0.460984848484849,amplicon_count,native_integer
carlstrom_phyllosphere_2019,Leaf26,Leaf357,0,0,0.5003367003367,0,0,0,0.481144781144781,0,0,0,0.49023569023569,0,0,0.0447328213853698,0.0447328213853698,0.99057239057239,1,0.35,0.222184746973441,0.222184746973441,0.935353535353535,0,0.833333333333333,0.4375,0.4375,0.833333333333333,0.375,18,22,3,5,0.418604651162791,137.2,7.19047619047619,459.115315427083,9.76623925602367,48,55,0.460984848484849,amplicon_count,native_integer
carlstrom_phyllosphere_2019,Leaf26,Leaf359,0,0,0.5003367003367,0,0,0,0.481144781144781,0,0,0,0.49023569023569,0,0,0,0,0.49023569023569,0,0,-0.0371419522558435,0.0371419522558435,0.266666666666667,0,0.833333333333333,0.0416666666666667,0.0416666666666667,0.833333333333333,0.0416666666666667,2,38,0,8,0.05,137.2,1.5,459.115315427083,1.63829787234043,48,55,0.460984848484849,amplicon_count,native_integer
carlstrom_phyllosphere_2019,Leaf26,Leaf363,0,0,0.5003367003367,0,0,0,0.481144781144781,0,0,0,0.49023569023569,0,0,0,0,0.49023569023569,0,0,-0.0348922823698747,0.0348922823698747,0.24983164983165,0,0.833333333333333,0.291666666666667,0.291666666666667,0.833333333333333,0.25,12,28,2,6,0.285714285714286,137.2,23.9285714285714,459.115315427083,39.4577961257542,48,55,0.460984848484849,amplicon_count,native_integer
carlstrom_phyllosphere_2019,Leaf26,Leaf371,0,0,0.5003367003367,0,0,0,0.481144781144781,0,0,0,0.49023569023569,0,0,0,0,0.49023569023569,0,0,-0.100829387157012,0.100829387157012,0.661279461279461,0,0.833333333333333,0.25,0.25,0.833333333333333,0.208333333333333,10,30,2,6,0.238095238095238,137.2,46.9166666666667,459.115315427083,104.532066059484,48,55,0.460984848484849,amplicon_count,native_integer
carlstrom_phyllosphere_2019,Leaf26,Leaf380,0,0,0.5003367003367,0,0,0,0.481144781144781,0,0,0,0.49023569023569,0,0,0,0,0.49023569023569,0,0,-0.114325650757925,0.114325650757925,0.714478114478115,0,0.833333333333333,0.395833333333333,0.395833333333333,0.833333333333333,0.333333333333333,16,24,3,5,0.372093023255814,137.2,70.421052631579,459.115315427083,644.908882740197,48,55,0.460984848484849,amplicon_count,native_integer
carlstrom_phyllosphere_2019,Leaf26,Leaf391,0,0,0.5003367003367,0,0,0,0.481144781144781,0,0,0,0.49023569023569,0,0,0,0,0.49023569023569,0,0,0.0472990525918194,0.0472990525918194,0.338720538720539,0,0.833333333333333,0.8125,0.8125,0.833333333333333,0.708333333333333,34,6,5,3,0.755555555555556,137.2,121.897435897436,459.115315427083,266.843616573725,48,55,0.460984848484849,amplicon_count,native_integer
carlstrom_phyllosphere_2019,Leaf26,Leaf396,0,0,0.5003367003367,0,0,0,0.481144781144781,0,0,0,0.49023569023569,0,0,0,0,0.49023569023569,0,0,-0.0463220072956213,0.0463220072956213,0.331986531986532,0,0.833333333333333,0.375,0.375,0.833333333333333,0.291666666666667,14,26,4,4,0.318181818181818,137.2,3.11111111111111,459.115315427083,5.95744680851064,48,55,0.460984848484849,amplicon_count,native_integer
carlstrom_phyllosphere_2019,Leaf26,Leaf405,0,0,0.5003367003367,0,0,0,0.481144781144781,0,0,0,0.49023569023569,0,0,0,0,0.49023569023569,0,0,0.0875989813367825,0.0875989813367825,0.588552188552189,0,0.833333333333333,0.854166666666667,0.833333333333333,0.854166666666667,0.708333333333333,34,6,7,1,0.723404255319149,137.2,479.731707317073,459.115315427083,1289.73232854811,48,55,0.460984848484849,amplicon_count,native_integer
carlstrom_phyllosphere_2019,Leaf26,Leaf41,0,0,0.5003367003367,0,0,0,0.481144781144781,0,0,0,0.49023569023569,0,0,0,0,0.49023569023569,0,0,0.196324986022906,0.196324986022906,0.905723905723906,0,0.833333333333333,0.520833333333333,0.520833333333333,0.833333333333333,0.458333333333333,22,18,3,5,0.511627906976744,137.2,6.04,459.115315427083,5.95166971959984,48,55,0.460984848484849,amplicon_count,native_integer
carlstrom_phyllosphere_2019,Leaf26,Leaf416,0,0,0.5003367003367,0,0,0,0.481144781144781,0,0,0,0.49023569023569,0,0,0,0,0.49023569023569,0,0.25,0.0671105660396291,0.0671105660396291,0.47003367003367,0,0.833333333333333,0.708333333333333,0.708333333333333,0.833333333333333,0.645833333333333,31,9,3,5,0.72093023255814,137.2,103.088235294118,459.115315427083,1707.97219170182,48,55,0.460984848484849,amplicon_count,native_integer
carlstrom_phyllosphere_2019,Leaf26,Leaf420,0,0,0.5003367003367,0,0,0,0.481144781144781,0,0,0,0.49023569023569,0,0,0,0,0.49023569023569,0,0.05,0.16509460445179,0.16509460445179,0.84040404040404,0,0.833333333333333,1,0.833333333333333,1,0.833333333333333,40,0,8,0,0.833333333333333,137.2,336.333333333333,459.115315427083,355.254496763174,48,55,0.460984848484849,amplicon_count,native_integer
carlstrom_phyllosphere_2019,Leaf26,Leaf427,0,0,0.5003367003367,0,0,0,0.481144781144781,0,0,0,0.49023569023569,0,0,0,0,0.49023569023569,0,0,0.0867328761056042,0.0867328761056042,0.582491582491583,0,0.833333333333333,0.333333333333333,0.333333333333333,0.833333333333333,0.3125,15,25,1,7,0.365853658536585,137.2,10.0625,459.115315427083,23.5526628782873,48,55,0.460984848484849,amplicon_count,native_integer
carlstrom_phyllosphere_2019,Leaf26,Leaf443,0,0,0.5003367003367,0,0,0,0.481144781144781,0,0,0,0.49023569023569,0,0,0,0,0.49023569023569,0,0,0.113478773232263,0.113478773232263,0.70976430976431,0,0.833333333333333,0.395833333333333,0.395833333333333,0.833333333333333,0.395833333333333,19,21,0,8,0.475,137.2,19.8421052631579,459.115315427083,80.271742197641,48,55,0.460984848484849,amplicon_count,native_integer
carlstrom_phyllosphere_2019,Leaf26,Leaf5,0,0,0.5003367003367,0,0,0,0.481144781144781,0,0,0,0.49023569023569,0,0,0,0,0.49023569023569,0,0,-0.115144049101818,0.115144049101818,0.718518518518519,0,0.833333333333333,0.0625,0.0625,0.833333333333333,0.0416666666666667,2,38,1,7,0.0487804878048781,137.2,45.6666666666667,459.115315427083,86.4430812237925,48,55,0.460984848484849,amplicon_count,native_integer
carlstrom_phyllosphere_2019,Leaf26,Leaf68,0,0,0.5003367003367,0,0,0,0.481144781144781,0,0,0,0.49023569023569,0,0,0,0,0.49023569023569,0,0,-0.177727737590744,0.177727737590744,0.872053872053872,0,0.833333333333333,1,0.833333333333333,1,0.833333333333333,40,0,8,0,0.833333333333333,137.2,941.958333333333,459.115315427083,348.901820091499,48,55,0.460984848484849,amplicon_count,native_integer
carlstrom_phyllosphere_2019,Leaf26,Leaf70,0,0,0.5003367003367,0,0,0,0.481144781144781,0,0,0,0.49023569023569,0,0.05,0,0,0.49023569023569,0,0,-0.174454713942861,0.174454713942861,0.865319865319865,0,0.833333333333333,0.208333333333333,0.208333333333333,0.833333333333333,0.166666666666667,8,32,2,6,0.19047619047619,137.2,17,459.115315427083,30.6498122653316,48,55,0.460984848484849,amplicon_count,native_integer
carlstrom_phyllosphere_2019,Leaf26,Leaf82,0,0,0.5003367003367,0,0,0,0.481144781144781,0,0,0,0.49023569023569,0,0,0,0,0.49023569023569,0,0,0.12484681102407,0.12484681102407,0.75016835016835,0,0.833333333333333,0.8125,0.8125,0.833333333333333,0.729166666666667,35,5,4,4,0.795454545454545,137.2,91.1282051282051,459.115315427083,240.533890491984,48,55,0.460984848484849,amplicon_count,native_integer
carlstrom_phyllosphere_2019,Leaf26,Leaf83,0,0,0.5003367003367,0,-0.0648408282593851,0.0648408282593851,0.985858585858586,0,0,0,0.49023569023569,0,0,0,0,0.49023569023569,0,0,-0.00191455965648721,0.00191455965648721,0.0101010101010101,0,0.833333333333333,0.6875,0.6875,0.833333333333333,0.541666666666667,26,14,7,1,0.553191489361702,137.2,305.818181818182,459.115315427083,1571.80367849824,48,55,0.460984848484849,amplicon_count,native_integer
carlstrom_phyllosphere_2019,Leaf26,Leaf86,0,0,0.5003367003367,0,0,0,0.481144781144781,0,0,0,0.49023569023569,0,0,0,0,0.49023569023569,0,0,-0.0271693245990017,0.0271693245990017,0.195959595959596,0,0.833333333333333,0.895833333333333,0.833333333333333,0.895833333333333,0.75,36,4,7,1,0.765957446808511,137.2,400.581395348837,459.115315427083,1334.10514776271,48,55,0.460984848484849,amplicon_count,native_integer
carlstrom_phyllosphere_2019,Leaf26,Leaf88,0,0,0.5003367003367,0,0,0,0.481144781144781,0,0,0,0.49023569023569,0,0,0,0,0.49023569023569,0,0,0.0682668390423915,0.0682668390423915,0.482828282828283,0,0.833333333333333,0.3125,0.3125,0.833333333333333,0.291666666666667,14,26,1,7,0.341463414634146,137.2,84.2,459.115315427083,965.149492090767,48,55,0.460984848484849,amplicon_count,native_integer
carlstrom_phyllosphere_2019,Leaf26,Leaf90,0,0,0.5003367003367,0,0,0,0.481144781144781,0,0,0,0.49023569023569,0,0,0,0,0.49023569023569,0,0,0.144862426689067,0.144862426689067,0.795959595959596,0,0.833333333333333,0.791666666666667,0.791666666666667,0.833333333333333,0.645833333333333,31,9,7,1,0.659574468085106,137.2,292.342105263158,459.115315427083,1496.93020035509,48,55,0.460984848484849,amplicon_count,native_integer
carlstrom_phyllosphere_2019,Leaf262,Leaf202,0,0,0.5003367003367,0,-0.000814092174803885,0.000814092174803885,0.963636363636364,0,0,0,0.49023569023569,0,0,0,0,0.49023569023569,0,0,-0.204140018196345,0.204140018196345,0.918518518518519,0,0.958333333333333,1,0.958333333333333,1,0.958333333333333,46,0,2,0,0.958333333333333,363.369565217391,948.583333333333,1068.25302664825,348.703505227093,48,55,0.460984848484849,amplicon_count,native_integer
carlstrom_phyllosphere_2019,Leaf262,Leaf225,0,0,0.5003367003367,0,0,0,0.481144781144781,0,0,0,0.49023569023569,0,0,0,0,0.49023569023569,0,0,-0.128312170230629,0.128312170230629,0.758922558922559,0,0.958333333333333,0.208333333333333,0.208333333333333,0.958333333333333,0.208333333333333,10,36,0,2,0.217391304347826,363.369565217391,4,1068.25302664825,10.9957446808511,48,55,0.460984848484849,amplicon_count,native_integer
carlstrom_phyllosphere_2019,Leaf262,Leaf26,0,0,0.5003367003367,0,0,0,0.481144781144781,0,0,0,0.49023569023569,0,0,0,0,0.49023569023569,0,0.05,0.110609132191902,0.110609132191902,0.696296296296296,0,0.958333333333333,0.833333333333333,0.833333333333333,0.958333333333333,0.8125,39,7,1,1,0.829787234042553,363.369565217391,137.2,1068.25302664825,459.115315427083,48,55,0.460984848484849,amplicon_count,native_integer
carlstrom_phyllosphere_2019,Leaf262,Leaf263,0,0,0.5003367003367,0,0.0530429413743695,0.0530429413743695,0.981818181818182,0,0,0,0.49023569023569,0,0,0,0,0.49023569023569,0,0,0.0940800566329381,0.0940800566329381,0.620875420875421,0,0.958333333333333,0.145833333333333,0.145833333333333,0.958333333333333,0.145833333333333,7,39,0,2,0.152173913043478,363.369565217391,3,1068.25302664825,8.35562310030395,48,55,0.460984848484849,amplicon_count,native_integer
carlstrom_phyllosphere_2019,Leaf262,Leaf265,0,0,0.5003367003367,0,0,0,0.481144781144781,0,0,0,0.49023569023569,0,0,0,0,0.49023569023569,0,0,-0.00220162046675988,0.00220162046675988,0.0114478114478115,0,0.958333333333333,0.708333333333333,0.708333333333333,0.958333333333333,0.708333333333333,34,12,0,2,0.739130434782609,363.369565217391,136.529411764706,1068.25302664825,386.282783466408,48,55,0.460984848484849,amplicon_count,native_integer
carlstrom_phyllosphere_2019,Leaf262,Leaf281,0,0,0.5003367003367,0,0,0,0.481144781144781,0,0,0,0.49023569023569,0,0,0,0,0.49023569023569,0,0.05,0.100442150808238,0.100442150808238,0.658585858585859,0,0.958333333333333,0.541666666666667,0.541666666666667,0.958333333333333,0.541666666666667,26,20,0,2,0.565217391304348,363.369565217391,17.0384615384615,1068.25302664825,95.0328514480573,48,55,0.460984848484849,amplicon_count,native_integer
carlstrom_phyllosphere_2019,Leaf262,Leaf285,0,0,0.5003367003367,0,0,0,0.481144781144781,0,0,0,0.49023569023569,0,0,0,0,0.49023569023569,0,0,-0.074468903345173,0.074468903345173,0.511111111111111,0,0.958333333333333,0.625,0.625,0.958333333333333,0.583333333333333,28,18,2,0,0.583333333333333,363.369565217391,101.233333333333,1068.25302664825,506.741332081632,48,55,0.460984848484849,amplicon_count,native_integer
carlstrom_phyllosphere_2019,Leaf262,Leaf288,0,0,0.5003367003367,0,0,0,0.481144781144781,0,0,0,0.49023569023569,0,0,0,0,0.49023569023569,0,0,-0.0180023937415426,0.0180023937415426,0.124579124579125,0,0.958333333333333,0.25,0.25,0.958333333333333,0.25,12,34,0,2,0.260869565217391,363.369565217391,26.75,1068.25302664825,144.697753032412,48,55,0.460984848484849,amplicon_count,native_integer
carlstrom_phyllosphere_2019,Leaf262,Leaf3,0,0,0.5003367003367,0,0,0,0.481144781144781,0,0,0,0.49023569023569,0,0,0,0,0.49023569023569,0,0,0.15356905825014,0.15356905825014,0.82020202020202,0,0.958333333333333,0.541666666666667,0.541666666666667,0.958333333333333,0.541666666666667,26,20,0,2,0.565217391304348,363.369565217391,17.6923076923077,1068.25302664825,106.65605920444,48,55,0.460984848484849,amplicon_count,native_integer
carlstrom_phyllosphere_2019,Leaf262,Leaf324,0,0,0.5003367003367,0,0,0,0.481144781144781,0,0,0,0.49023569023569,0,0,0,0,0.49023569023569,0,0,-0.00538281625868381,0.00538281625868381,0.0296296296296296,0,0.958333333333333,0.458333333333333,0.458333333333333,0.958333333333333,0.458333333333333,22,24,0,2,0.478260869565217,363.369565217391,35.8181818181818,1068.25302664825,99.4392482989524,48,55,0.460984848484849,amplicon_count,native_integer
carlstrom_phyllosphere_2019,Leaf262,Leaf33,0,0,0.5003367003367,0,0,0,0.481144781144781,0,0,0,0.49023569023569,0,0,0,0,0.49023569023569,0,0,0.0391221220253575,0.0391221220253575,0.284848484848485,0,0.958333333333333,0.354166666666667,0.354166666666667,0.958333333333333,0.354166666666667,17,29,0,2,0.369565217391304,363.369565217391,100.588235294118,1068.25302664825,225.172527062337,48,55,0.460984848484849,amplicon_count,native_integer
carlstrom_phyllosphere_2019,Leaf262,Leaf334,0,0,0.5003367003367,0,0,0,0.481144781144781,0,0,0,0.49023569023569,0,0,0,0,0.49023569023569,0,0,-0.167777551179623,0.167777551179623,0.845791245791246,0,0.958333333333333,0.1875,0.1875,0.958333333333333,0.145833333333333,7,39,2,0,0.145833333333333,363.369565217391,5.55555555555556,1068.25302664825,22.2212765957447,48,55,0.460984848484849,amplicon_count,native_integer
carlstrom_phyllosphere_2019,Leaf262,Leaf336,0,0,0.5003367003367,0,0,0,0.481144781144781,0,0,0,0.49023569023569,0,0,0,0,0.49023569023569,0,0,0.146187418414446,0.146187418414446,0.801346801346801,0,0.958333333333333,0.958333333333333,0.958333333333333,0.958333333333333,0.9375,45,1,1,1,0.957446808510638,363.369565217391,14.195652173913,1068.25302664825,30.2871525854485,48,55,0.460984848484849,amplicon_count,native_integer
carlstrom_phyllosphere_2019,Leaf262,Leaf337,0,0,0.5003367003367,0,0,0,0.481144781144781,0,0,0,0.49023569023569,0,0,0,0,0.49023569023569,0,0,-0.00564638649081588,0.00564638649081588,0.0323232323232323,0,0.958333333333333,0.208333333333333,0.208333333333333,0.958333333333333,0.208333333333333,10,36,0,2,0.217391304347826,363.369565217391,1.5,1068.25302664825,1.79148936170213,48,55,0.460984848484849,amplicon_count,native_integer
carlstrom_phyllosphere_2019,Leaf262,Leaf344,0,0,0.5003367003367,0,0,0,0.481144781144781,0,0,0,0.49023569023569,0,0,0,0,0.49023569023569,0,0,0.0746396498748967,0.0746396498748967,0.513131313131313,0,0.958333333333333,0.479166666666667,0.479166666666667,0.958333333333333,0.479166666666667,23,23,0,2,0.5,363.369565217391,33.1739130434783,1068.25302664825,70.1006385767268,48,55,0.460984848484849,amplicon_count,native_integer
carlstrom_phyllosphere_2019,Leaf262,Leaf351,0,0,0.5003367003367,0,0,0,0.481144781144781,0,0,0,0.49023569023569,0,0,0,0,0.49023569023569,0,0,-0.0857538281564555,0.0857538281564555,0.578451178451179,0,0.958333333333333,0.145833333333333,0.145833333333333,0.958333333333333,0.145833333333333,7,39,0,2,0.152173913043478,363.369565217391,4.14285714285714,1068.25302664825,12.9413059427733,48,55,0.460984848484849,amplicon_count,native_integer
carlstrom_phyllosphere_2019,Leaf262,Leaf354,0,0,0.5003367003367,0,0,0,0.481144781144781,0,0,0,0.49023569023569,0,0,0,0,0.49023569023569,0,0,-0.145738518306521,0.145738518306521,0.798653198653199,0,0.958333333333333,0.875,0.875,0.958333333333333,0.833333333333333,40,6,2,0,0.833333333333333,363.369565217391,17.952380952381,1068.25302664825,84.8687849201423,48,55,0.460984848484849,amplicon_count,native_integer
carlstrom_phyllosphere_2019,Leaf262,Leaf357,0,0,0.5003367003367,0,0,0,0.481144781144781,0,0,0,0.49023569023569,0,0,0,0,0.49023569023569,0,0,-0.0276888218949406,0.0276888218949406,0.2,0,0.958333333333333,0.4375,0.4375,0.958333333333333,0.4375,21,25,0,2,0.456521739130435,363.369565217391,7.19047619047619,1068.25302664825,9.76623925602367,48,55,0.460984848484849,amplicon_count,native_integer
carlstrom_phyllosphere_2019,Leaf262,Leaf359,0,0,0.5003367003367,0,0,0,0.481144781144781,0,0,0,0.49023569023569,0,0,0,0,0.49023569023569,0,0,-0.0964110686076421,0.0964110686076421,0.635016835016835,0,0.958333333333333,0.0416666666666667,0.0416666666666667,0.958333333333333,0.0416666666666667,2,44,0,2,0.0434782608695652,363.369565217391,1.5,1068.25302664825,1.63829787234043,48,55,0.460984848484849,amplicon_count,native_integer
carlstrom_phyllosphere_2019,Leaf262,Leaf363,0,0,0.5003367003367,0,0,0,0.481144781144781,0,0,0,0.49023569023569,0,0,0,0,0.49023569023569,0,0,0.0383846023795879,0.0383846023795879,0.278114478114478,0,0.958333333333333,0.291666666666667,0.291666666666667,0.958333333333333,0.270833333333333,13,33,1,1,0.276595744680851,363.369565217391,23.9285714285714,1068.25302664825,39.4577961257542,48,55,0.460984848484849,amplicon_count,native_integer
carlstrom_phyllosphere_2019,Leaf262,Leaf371,0,0,0.5003367003367,0,0,0,0.481144781144781,0,0,0,0.49023569023569,0,0,0,0,0.49023569023569,0,0,-0.186469902495397,0.186469902495397,0.890909090909091,0,0.958333333333333,0.25,0.25,0.958333333333333,0.229166666666667,11,35,1,1,0.234042553191489,363.369565217391,46.9166666666667,1068.25302664825,104.532066059484,48,55,0.460984848484849,amplicon_count,native_integer
carlstrom_phyllosphere_2019,Leaf262,Leaf380,0,0,0.5003367003367,0,0,0,0.481144781144781,0,0,0,0.49023569023569,0,0,0,0,0.49023569023569,0,0,0.0516726220638463,0.0516726220638463,0.36969696969697,0,0.958333333333333,0.395833333333333,0.395833333333333,0.958333333333333,0.375,18,28,1,1,0.382978723404255,363.369565217391,70.421052631579,1068.25302664825,644.908882740197,48,55,0.460984848484849,amplicon_count,native_integer
carlstrom_phyllosphere_2019,Leaf262,Leaf391,0,0,0.5003367003367,0,0,0,0.481144781144781,0,0,0,0.49023569023569,0,0,0,0,0.49023569023569,0,0,-0.0289097778679571,0.0289097778679571,0.211447811447811,0,0.958333333333333,0.8125,0.8125,0.958333333333333,0.770833333333333,37,9,2,0,0.770833333333333,363.369565217391,121.897435897436,1068.25302664825,266.843616573725,48,55,0.460984848484849,amplicon_count,native_integer
carlstrom_phyllosphere_2019,Leaf262,Leaf396,0,0,0.5003367003367,0,0,0,0.481144781144781,0,0,0,0.49023569023569,0,0,0,0,0.49023569023569,0,0.05,0.0472920780545484,0.0472920780545484,0.338047138047138,0,0.958333333333333,0.375,0.375,0.958333333333333,0.354166666666667,17,29,1,1,0.361702127659575,363.369565217391,3.11111111111111,1068.25302664825,5.95744680851064,48,55,0.460984848484849,amplicon_count,native_integer
carlstrom_phyllosphere_2019,Leaf262,Leaf405,0,0,0.5003367003367,0,0,0,0.481144781144781,0,0,0,0.49023569023569,0,0,0,0,0.49023569023569,0,0,-0.13030383505032,0.13030383505032,0.767676767676768,0,0.958333333333333,0.854166666666667,0.854166666666667,0.958333333333333,0.8125,39,7,2,0,0.8125,363.369565217391,479.731707317073,1068.25302664825,1289.73232854811,48,55,0.460984848484849,amplicon_count,native_integer
carlstrom_phyllosphere_2019,Leaf262,Leaf41,0,0,0.5003367003367,0,0,0,0.481144781144781,0,0,0,0.49023569023569,0,0,0,0,0.49023569023569,0,0,0.0131128272812753,0.0131128272812753,0.0902356902356902,0,0.958333333333333,0.520833333333333,0.520833333333333,0.958333333333333,0.479166666666667,23,23,2,0,0.479166666666667,363.369565217391,6.04,1068.25302664825,5.95166971959984,48,55,0.460984848484849,amplicon_count,native_integer
carlstrom_phyllosphere_2019,Leaf262,Leaf416,0,0,0.5003367003367,0,0,0,0.481144781144781,0,0,0,0.49023569023569,0,0,0,0,0.49023569023569,0,0,-0.00986341939420545,0.00986341939420545,0.0626262626262626,0,0.958333333333333,0.708333333333333,0.708333333333333,0.958333333333333,0.666666666666667,32,14,2,0,0.666666666666667,363.369565217391,103.088235294118,1068.25302664825,1707.97219170182,48,55,0.460984848484849,amplicon_count,native_integer
carlstrom_phyllosphere_2019,Leaf262,Leaf420,0,0,0.5003367003367,0,0,0,0.481144781144781,0,0,0,0.49023569023569,0,0,0,0,0.49023569023569,0,0.05,0.235778494320588,0.235778494320588,0.944107744107744,0,0.958333333333333,1,0.958333333333333,1,0.958333333333333,46,0,2,0,0.958333333333333,363.369565217391,336.333333333333,1068.25302664825,355.254496763174,48,55,0.460984848484849,amplicon_count,native_integer
carlstrom_phyllosphere_2019,Leaf262,Leaf427,0,0,0.5003367003367,0,0,0,0.481144781144781,0,0,0,0.49023569023569,0,0,0,0,0.49023569023569,0,0,0.0420747536359294,0.0420747536359294,0.301683501683502,0,0.958333333333333,0.333333333333333,0.333333333333333,0.958333333333333,0.3125,15,31,1,1,0.319148936170213,363.369565217391,10.0625,1068.25302664825,23.5526628782873,48,55,0.460984848484849,amplicon_count,native_integer
carlstrom_phyllosphere_2019,Leaf262,Leaf443,0,0,0.5003367003367,0,0,0,0.481144781144781,0,0,0,0.49023569023569,0,0,0.0672659131823216,0.0672659131823216,0.992592592592593,1,0.7,0.231089386801018,0.231089386801018,0.940740740740741,0,0.958333333333333,0.395833333333333,0.395833333333333,0.958333333333333,0.395833333333333,19,27,0,2,0.41304347826087,363.369565217391,19.8421052631579,1068.25302664825,80.271742197641,48,55,0.460984848484849,amplicon_count,native_integer
carlstrom_phyllosphere_2019,Leaf262,Leaf5,0,0,0.5003367003367,0,0,0,0.481144781144781,0,0,0,0.49023569023569,0,0,0,0,0.49023569023569,0,0,-0.106497946708625,0.106497946708625,0.683501683501684,0,0.958333333333333,0.0625,0.0625,0.958333333333333,0.0625,3,43,0,2,0.0652173913043478,363.369565217391,45.6666666666667,1068.25302664825,86.4430812237925,48,55,0.460984848484849,amplicon_count,native_integer
carlstrom_phyllosphere_2019,Leaf262,Leaf68,0,0,0.5003367003367,0,0,0,0.481144781144781,0,0,0,0.49023569023569,0,0,0,0,0.49023569023569,0,0,-0.194933063762291,0.194933063762291,0.901683501683502,0,0.958333333333333,1,0.958333333333333,1,0.958333333333333,46,0,2,0,0.958333333333333,363.369565217391,941.958333333333,1068.25302664825,348.901820091499,48,55,0.460984848484849,amplicon_count,native_integer
carlstrom_phyllosphere_2019,Leaf262,Leaf70,0,0,0.5003367003367,0,0,0,0.481144781144781,0,0,0,0.49023569023569,0,0,0,0,0.49023569023569,0,0,-0.088885338971877,0.088885338971877,0.593939393939394,0,0.958333333333333,0.208333333333333,0.208333333333333,0.958333333333333,0.1875,9,37,1,1,0.191489361702128,363.369565217391,17,1068.25302664825,30.6498122653316,48,55,0.460984848484849,amplicon_count,native_integer
carlstrom_phyllosphere_2019,Leaf262,Leaf82,0,0,0.5003367003367,0,0,0,0.481144781144781,0,0,0,0.49023569023569,0,0,0,0,0.49023569023569,0,0,0.0384078032139359,0.0384078032139359,0.278787878787879,0,0.958333333333333,0.8125,0.8125,0.958333333333333,0.770833333333333,37,9,2,0,0.770833333333333,363.369565217391,91.1282051282051,1068.25302664825,240.533890491984,48,55,0.460984848484849,amplicon_count,native_integer
carlstrom_phyllosphere_2019,Leaf262,Leaf83,0,0,0.5003367003367,0,0,0,0.481144781144781,0,0,0,0.49023569023569,0,0,0,0,0.49023569023569,0,0,0.0905241366696112,0.0905241366696112,0.603367003367003,0,0.958333333333333,0.6875,0.6875,0.958333333333333,0.666666666666667,32,14,1,1,0.680851063829787,363.369565217391,305.818181818182,1068.25302664825,1571.80367849824,48,55,0.460984848484849,amplicon_count,native_integer
carlstrom_phyllosphere_2019,Leaf262,Leaf86,0,0,0.5003367003367,0,0,0,0.481144781144781,0,0,0,0.49023569023569,0,0,0,0,0.49023569023569,0,0,0.0267960256153946,0.0267960256153946,0.193265993265993,0,0.958333333333333,0.895833333333333,0.895833333333333,0.958333333333333,0.854166666666667,41,5,2,0,0.854166666666667,363.369565217391,400.581395348837,1068.25302664825,1334.10514776271,48,55,0.460984848484849,amplicon_count,native_integer
carlstrom_phyllosphere_2019,Leaf262,Leaf88,0,0,0.5003367003367,0,0,0,0.481144781144781,0,0,0,0.49023569023569,0,0,0,0,0.49023569023569,0,0,-0.0983903138898388,0.0983903138898388,0.648484848484848,0,0.958333333333333,0.3125,0.3125,0.958333333333333,0.3125,15,31,0,2,0.326086956521739,363.369565217391,84.2,1068.25302664825,965.149492090767,48,55,0.460984848484849,amplicon_count,native_integer
carlstrom_phyllosphere_2019,Leaf262,Leaf90,0,0,0.5003367003367,0,0,0,0.481144781144781,0,0,0,0.49023569023569,0,0,0,0,0.49023569023569,0,0,0.0952165731581519,0.0952165731581519,0.626262626262626,0,0.958333333333333,0.791666666666667,0.791666666666667,0.958333333333333,0.75,36,10,2,0,0.75,363.369565217391,292.342105263158,1068.25302664825,1496.93020035509,48,55,0.460984848484849,amplicon_count,native_integer
carlstrom_phyllosphere_2019,Leaf263,Leaf202,0,0,0.5003367003367,0,0,0,0.481144781144781,0,0,0,0.49023569023569,0,0,0,0,0.49023569023569,0,0,-0.164901656248701,0.164901656248701,0.83973063973064,0,0.145833333333333,1,0.145833333333333,1,0.145833333333333,7,0,41,0,0.145833333333333,3,948.583333333333,8.35562310030395,348.703505227093,48,55,0.460984848484849,amplicon_count,native_integer
carlstrom_phyllosphere_2019,Leaf263,Leaf225,0,0,0.5003367003367,0,0,0,0.481144781144781,0,0,0,0.49023569023569,0,0.35,0.0738131957560453,0.0738131957560453,0.993265993265993,1,0.8,0.0639375676718222,0.0639375676718222,0.451851851851852,0,0.145833333333333,0.208333333333333,0.145833333333333,0.208333333333333,0.0833333333333333,4,3,6,35,0.307692307692308,3,4,8.35562310030395,10.9957446808511,48,55,0.460984848484849,amplicon_count,native_integer
carlstrom_phyllosphere_2019,Leaf263,Leaf26,0,0,0.5003367003367,0,0,0,0.481144781144781,0,0,0,0.49023569023569,0,0,0,0,0.49023569023569,0,0.3,0.0169056629951202,0.0169056629951202,0.114478114478115,0,0.145833333333333,0.833333333333333,0.145833333333333,0.833333333333333,0.145833333333333,7,0,33,8,0.175,3,137.2,8.35562310030395,459.115315427083,48,55,0.460984848484849,amplicon_count,native_integer
carlstrom_phyllosphere_2019,Leaf263,Leaf265,0,0,0.5003367003367,0,0,0,0.481144781144781,0,0,0,0.49023569023569,0,0,0,0,0.49023569023569,0,0,0.0815037053357107,0.0815037053357107,0.55016835016835,0,0.145833333333333,0.708333333333333,0.145833333333333,0.708333333333333,0.125,6,1,28,13,0.171428571428571,3,136.529411764706,8.35562310030395,386.282783466408,48,55,0.460984848484849,amplicon_count,native_integer
carlstrom_phyllosphere_2019,Leaf263,Leaf281,0,0,0.5003367003367,0,0,0,0.481144781144781,0,0,0,0.49023569023569,0,0,0,0,0.49023569023569,0,0,-0.0857428029844031,0.0857428029844031,0.577777777777778,0,0.145833333333333,0.541666666666667,0.145833333333333,0.541666666666667,0.0833333333333333,4,3,22,19,0.137931034482759,3,17.0384615384615,8.35562310030395,95.0328514480573,48,55,0.460984848484849,amplicon_count,native_integer
carlstrom_phyllosphere_2019,Leaf263,Leaf285,0,0,0.5003367003367,0,0,0,0.481144781144781,0,0,0,0.49023569023569,0,0,0,0,0.49023569023569,0,0.25,0.0902483360741656,0.0902483360741656,0.601346801346801,0,0.145833333333333,0.625,0.145833333333333,0.625,0.145833333333333,7,0,23,18,0.233333333333333,3,101.233333333333,8.35562310030395,506.741332081632,48,55,0.460984848484849,amplicon_count,native_integer
carlstrom_phyllosphere_2019,Leaf263,Leaf288,0,0,0.5003367003367,0,0,0,0.481144781144781,0,0,0,0.49023569023569,0,0,0,0,0.49023569023569,0,0,-0.0285761775455863,0.0285761775455863,0.207407407407407,0,0.145833333333333,0.25,0.145833333333333,0.25,0.0416666666666667,2,5,10,31,0.117647058823529,3,26.75,8.35562310030395,144.697753032412,48,55,0.460984848484849,amplicon_count,native_integer
carlstrom_phyllosphere_2019,Leaf263,Leaf3,0,0,0.5003367003367,0,0,0,0.481144781144781,0,0,0,0.49023569023569,0,0,0,0,0.49023569023569,0,0,-0.00534008473503834,0.00534008473503834,0.0282828282828283,0,0.145833333333333,0.541666666666667,0.145833333333333,0.541666666666667,0.0833333333333333,4,3,22,19,0.137931034482759,3,17.6923076923077,8.35562310030395,106.65605920444,48,55,0.460984848484849,amplicon_count,native_integer
carlstrom_phyllosphere_2019,Leaf263,Leaf324,0,0,0.5003367003367,0,0,0,0.481144781144781,0,0,0,0.49023569023569,0,0,0,0,0.49023569023569,0,0,0.0385802086715838,0.0385802086715838,0.281481481481482,0,0.145833333333333,0.458333333333333,0.145833333333333,0.458333333333333,0.0625,3,4,19,22,0.115384615384615,3,35.8181818181818,8.35562310030395,99.4392482989524,48,55,0.460984848484849,amplicon_count,native_integer
carlstrom_phyllosphere_2019,Leaf263,Leaf33,0,0,0.5003367003367,0,0,0,0.481144781144781,0,0,0,0.49023569023569,0,0,0,0,0.49023569023569,0,0.35,0.100025568310219,0.100025568310219,0.655218855218855,0,0.145833333333333,0.354166666666667,0.145833333333333,0.354166666666667,0.104166666666667,5,2,12,29,0.263157894736842,3,100.588235294118,8.35562310030395,225.172527062337,48,55,0.460984848484849,amplicon_count,native_integer
carlstrom_phyllosphere_2019,Leaf263,Leaf334,0,0,0.5003367003367,0,0,0,0.481144781144781,0,0,0,0.49023569023569,0,0,0,0,0.49023569023569,0,0,0.0220067373929861,0.0220067373929861,0.15959595959596,0,0.145833333333333,0.1875,0.145833333333333,0.1875,0.0416666666666667,2,5,7,34,0.142857142857143,3,5.55555555555556,8.35562310030395,22.2212765957447,48,55,0.460984848484849,amplicon_count,native_integer
carlstrom_phyllosphere_2019,Leaf263,Leaf336,0,0,0.5003367003367,0,0,0,0.481144781144781,0,0,0,0.49023569023569,0,0,0,0,0.49023569023569,0,0,0.0844996976040878,0.0844996976040878,0.569023569023569,0,0.145833333333333,0.958333333333333,0.145833333333333,0.958333333333333,0.145833333333333,7,0,39,2,0.152173913043478,3,14.195652173913,8.35562310030395,30.2871525854485,48,55,0.460984848484849,amplicon_count,native_integer
carlstrom_phyllosphere_2019,Leaf263,Leaf337,0,0,0.5003367003367,0,0,0,0.481144781144781,0,0,0,0.49023569023569,0,0,0,0,0.49023569023569,0,0,0.0203614244139943,0.0203614244139943,0.146801346801347,0,0.145833333333333,0.208333333333333,0.145833333333333,0.208333333333333,0.0416666666666667,2,5,8,33,0.133333333333333,3,1.5,8.35562310030395,1.79148936170213,48,55,0.460984848484849,amplicon_count,native_integer
carlstrom_phyllosphere_2019,Leaf263,Leaf344,0,0,0.5003367003367,0,0,0,0.481144781144781,0,0,0,0.49023569023569,0,0,0,0,0.49023569023569,0,0,-0.0926049290100933,0.0926049290100933,0.612794612794613,0,0.145833333333333,0.479166666666667,0.145833333333333,0.479166666666667,0.0833333333333333,4,3,19,22,0.153846153846154,3,33.1739130434783,8.35562310030395,70.1006385767268,48,55,0.460984848484849,amplicon_count,native_integer
carlstrom_phyllosphere_2019,Leaf263,Leaf351,0,0,0.5003367003367,0,0,0,0.481144781144781,0,0.141412903021379,0.141412903021379,0.997979797979798,1,0.75,0,0,0.49023569023569,0,0,0.0698144309012169,0.0698144309012169,0.488215488215488,0,0.145833333333333,0.145833333333333,0.145833333333333,0.145833333333333,0.0416666666666667,2,5,5,36,0.166666666666667,3,4.14285714285714,8.35562310030395,12.9413059427733,48,55,0.460984848484849,amplicon_count,native_integer
carlstrom_phyllosphere_2019,Leaf263,Leaf354,0,0,0.5003367003367,0,0,0,0.481144781144781,0,0,0,0.49023569023569,0,0,0,0,0.49023569023569,0,0,-0.02135288117378,0.02135288117378,0.154882154882155,0,0.145833333333333,0.875,0.145833333333333,0.875,0.145833333333333,7,0,35,6,0.166666666666667,3,17.952380952381,8.35562310030395,84.8687849201423,48,55,0.460984848484849,amplicon_count,native_integer
carlstrom_phyllosphere_2019,Leaf263,Leaf357,0,0,0.5003367003367,0,0,0,0.481144781144781,0,0,0,0.49023569023569,0,0,0,0,0.49023569023569,0,0,0.0334822184195444,0.0334822184195444,0.238383838383838,0,0.145833333333333,0.4375,0.145833333333333,0.4375,0.0833333333333333,4,3,17,24,0.166666666666667,3,7.19047619047619,8.35562310030395,9.76623925602367,48,55,0.460984848484849,amplicon_count,native_integer
carlstrom_phyllosphere_2019,Leaf263,Leaf359,0,0,0.5003367003367,0,0,0,0.481144781144781,0,0.0839797571209887,0.0839797571209887,0.994612794612795,1,1,0.111305222654353,0.111305222654353,0.996632996632997,1,0.8,0.011418079594122,0.011418079594122,0.0760942760942761,0,0.145833333333333,0.0416666666666667,0.0416666666666667,0.145833333333333,0.0416666666666667,2,5,0,41,0.285714285714286,3,1.5,8.35562310030395,1.63829787234043,48,55,0.460984848484849,amplicon_count,native_integer
carlstrom_phyllosphere_2019,Leaf263,Leaf363,0,0,0.5003367003367,0,0,0,0.481144781144781,0,0,0,0.49023569023569,0,0,0,0,0.49023569023569,0,0,0.0102417508410506,0.0102417508410506,0.0666666666666667,0,0.145833333333333,0.291666666666667,0.145833333333333,0.291666666666667,0.0625,3,4,11,30,0.166666666666667,3,23.9285714285714,8.35562310030395,39.4577961257542,48,55,0.460984848484849,amplicon_count,native_integer
carlstrom_phyllosphere_2019,Leaf263,Leaf371,0,0,0.5003367003367,0,0,0,0.481144781144781,0,0,0,0.49023569023569,0,0,0,0,0.49023569023569,0,0.15,-0.0767630360898382,0.0767630360898382,0.523232323232323,0,0.145833333333333,0.25,0.145833333333333,0.25,0.0208333333333333,1,6,11,30,0.0555555555555556,3,46.9166666666667,8.35562310030395,104.532066059484,48,55,0.460984848484849,amplicon_count,native_integer
carlstrom_phyllosphere_2019,Leaf263,Leaf380,0,0,0.5003367003367,0,0,0,0.481144781144781,0,0,0,0.49023569023569,0,0,0,0,0.49023569023569,0,0,-0.00183402758232298,0.00183402758232298,0.00942760942760943,0,0.145833333333333,0.395833333333333,0.145833333333333,0.395833333333333,0.0625,3,4,16,25,0.130434782608696,3,70.421052631579,8.35562310030395,644.908882740197,48,55,0.460984848484849,amplicon_count,native_integer
carlstrom_phyllosphere_2019,Leaf263,Leaf391,0,0,0.5003367003367,0,0,0,0.481144781144781,0,-0.00289136708981121,0.00289136708981121,0.981818181818182,1,0.75,0,0,0.49023569023569,0,0,-0.165888571455115,0.165888571455115,0.843097643097643,0,0.145833333333333,0.8125,0.145833333333333,0.8125,0.125,6,1,33,8,0.15,3,121.897435897436,8.35562310030395,266.843616573725,48,55,0.460984848484849,amplicon_count,native_integer
carlstrom_phyllosphere_2019,Leaf263,Leaf396,0,0,0.5003367003367,0,0,0,0.481144781144781,0,0,0,0.49023569023569,0,0,0,0,0.49023569023569,0,0,-0.0481512642150299,0.0481512642150299,0.344781144781145,0,0.145833333333333,0.375,0.145833333333333,0.375,0.0625,3,4,15,26,0.136363636363636,3,3.11111111111111,8.35562310030395,5.95744680851064,48,55,0.460984848484849,amplicon_count,native_integer
carlstrom_phyllosphere_2019,Leaf263,Leaf405,0,0,0.5003367003367,0,0,0,0.481144781144781,0,0,0,0.49023569023569,0,0.05,0,0,0.49023569023569,0,0,-0.139510239413138,0.139510239413138,0.78989898989899,0,0.145833333333333,0.854166666666667,0.145833333333333,0.854166666666667,0.104166666666667,5,2,36,5,0.116279069767442,3,479.731707317073,8.35562310030395,1289.73232854811,48,55,0.460984848484849,amplicon_count,native_integer
carlstrom_phyllosphere_2019,Leaf263,Leaf41,0,0,0.5003367003367,0,0,0,0.481144781144781,0,0,0,0.49023569023569,0,0,0,0,0.49023569023569,0,0,-0.0498207757274245,0.0498207757274245,0.355555555555556,0,0.145833333333333,0.520833333333333,0.145833333333333,0.520833333333333,0.0625,3,4,22,19,0.103448275862069,3,6.04,8.35562310030395,5.95166971959984,48,55,0.460984848484849,amplicon_count,native_integer
carlstrom_phyllosphere_2019,Leaf263,Leaf416,0,0,0.5003367003367,0,0,0,0.481144781144781,0,0,0,0.49023569023569,0,0,0,0,0.49023569023569,0,0.1,0.0264574285581523,0.0264574285581523,0.190572390572391,0,0.145833333333333,0.708333333333333,0.145833333333333,0.708333333333333,0.125,6,1,28,13,0.171428571428571,3,103.088235294118,8.35562310030395,1707.97219170182,48,55,0.460984848484849,amplicon_count,native_integer
carlstrom_phyllosphere_2019,Leaf263,Leaf420,0,0,0.5003367003367,0,0,0,0.481144781144781,0,0,0,0.49023569023569,0,0,0,0,0.49023569023569,0,0,0.0512781433517437,0.0512781433517437,0.364983164983165,0,0.145833333333333,1,0.145833333333333,1,0.145833333333333,7,0,41,0,0.145833333333333,3,336.333333333333,8.35562310030395,355.254496763174,48,55,0.460984848484849,amplicon_count,native_integer
carlstrom_phyllosphere_2019,Leaf263,Leaf427,0,0,0.5003367003367,0,0,0,0.481144781144781,0,0,0,0.49023569023569,0,0,0,0,0.49023569023569,0,0,0.0924190156789465,0.0924190156789465,0.61010101010101,0,0.145833333333333,0.333333333333333,0.145833333333333,0.333333333333333,0.0625,3,4,13,28,0.15,3,10.0625,8.35562310030395,23.5526628782873,48,55,0.460984848484849,amplicon_count,native_integer
carlstrom_phyllosphere_2019,Leaf263,Leaf443,0,0,0.5003367003367,0,0,0,0.481144781144781,0,0,0,0.49023569023569,0,0,0,0,0.49023569023569,0,0.05,-0.0708867972525024,0.0708867972525024,0.492929292929293,0,0.145833333333333,0.395833333333333,0.145833333333333,0.395833333333333,0.0833333333333333,4,3,15,26,0.181818181818182,3,19.8421052631579,8.35562310030395,80.271742197641,48,55,0.460984848484849,amplicon_count,native_integer
carlstrom_phyllosphere_2019,Leaf263,Leaf5,0,0,0.5003367003367,0,0,0,0.481144781144781,0,0,0,0.49023569023569,0,0.05,0,0,0.49023569023569,0,0,0.0607153088711259,0.0607153088711259,0.431649831649832,0,0.145833333333333,0.0625,0.0625,0.145833333333333,0.0208333333333333,1,6,2,39,0.111111111111111,3,45.6666666666667,8.35562310030395,86.4430812237925,48,55,0.460984848484849,amplicon_count,native_integer
carlstrom_phyllosphere_2019,Leaf263,Leaf68,0,0,0.5003367003367,0,0,0,0.481144781144781,0,0,0,0.49023569023569,0,0,0,0,0.49023569023569,0,0,-0.169361874664237,0.169361874664237,0.84983164983165,0,0.145833333333333,1,0.145833333333333,1,0.145833333333333,7,0,41,0,0.145833333333333,3,941.958333333333,8.35562310030395,348.901820091499,48,55,0.460984848484849,amplicon_count,native_integer
carlstrom_phyllosphere_2019,Leaf263,Leaf70,0,0,0.5003367003367,0,0,0,0.481144781144781,0,0,0,0.49023569023569,0,0,0,0,0.49023569023569,0,0.05,-0.0934349800974403,0.0934349800974403,0.615488215488216,0,0.145833333333333,0.208333333333333,0.145833333333333,0.208333333333333,0.0208333333333333,1,6,9,32,0.0625,3,17,8.35562310030395,30.6498122653316,48,55,0.460984848484849,amplicon_count,native_integer
carlstrom_phyllosphere_2019,Leaf263,Leaf82,0,0,0.5003367003367,0,0,0,0.481144781144781,0,0,0,0.49023569023569,0,0,0,0,0.49023569023569,0,0,-0.129644272160309,0.129644272160309,0.764309764309764,0,0.145833333333333,0.8125,0.145833333333333,0.8125,0.145833333333333,7,0,32,9,0.17948717948718,3,91.1282051282051,8.35562310030395,240.533890491984,48,55,0.460984848484849,amplicon_count,native_integer
carlstrom_phyllosphere_2019,Leaf263,Leaf83,0,0,0.5003367003367,0,0,0,0.481144781144781,0,0,0,0.49023569023569,0,0,0,0,0.49023569023569,0,0.05,-0.146824946405466,0.146824946405466,0.806734006734007,0,0.145833333333333,0.6875,0.145833333333333,0.6875,0.0625,3,4,30,11,0.0810810810810811,3,305.818181818182,8.35562310030395,1571.80367849824,48,55,0.460984848484849,amplicon_count,native_integer
carlstrom_phyllosphere_2019,Leaf263,Leaf86,0,0,0.5003367003367,0,0,0,0.481144781144781,0,0,0,0.49023569023569,0,0,0,0,0.49023569023569,0,0,0.0229695065882682,0.0229695065882682,0.169023569023569,0,0.145833333333333,0.895833333333333,0.145833333333333,0.895833333333333,0.145833333333333,7,0,36,5,0.162790697674419,3,400.581395348837,8.35562310030395,1334.10514776271,48,55,0.460984848484849,amplicon_count,native_integer
carlstrom_phyllosphere_2019,Leaf263,Leaf88,0,0,0.5003367003367,0,0,0,0.481144781144781,0,0,0,0.49023569023569,0,0,0,0,0.49023569023569,0,0,-0.0399551409341031,0.0399551409341031,0.288215488215488,0,0.145833333333333,0.3125,0.145833333333333,0.3125,0.0625,3,4,12,29,0.157894736842105,3,84.2,8.35562310030395,965.149492090767,48,55,0.460984848484849,amplicon_count,native_integer
carlstrom_phyllosphere_2019,Leaf263,Leaf90,0,0,0.5003367003367,0,0.0495184352764308,0.0495184352764308,0.981144781144781,0,0,0,0.49023569023569,0,0,0,0,0.49023569023569,0,0.2,0.112806597367251,0.112806597367251,0.706397306397306,0,0.145833333333333,0.791666666666667,0.145833333333333,0.791666666666667,0.125,6,1,32,9,0.153846153846154,3,292.342105263158,8.35562310030395,1496.93020035509,48,55,0.460984848484849,amplicon_count,native_integer
carlstrom_phyllosphere_2019,Leaf265,Leaf202,0,0,0.5003367003367,0,0,0,0.481144781144781,0,0,0,0.49023569023569,0,0,0,0,0.49023569023569,0,0,-0.008207670315273,0.008207670315273,0.0484848484848485,0,0.708333333333333,1,0.708333333333333,1,0.708333333333333,34,0,14,0,0.708333333333333,136.529411764706,948.583333333333,386.282783466408,348.703505227093,48,55,0.460984848484849,amplicon_count,native_integer
carlstrom_phyllosphere_2019,Leaf265,Leaf225,0,0,0.5003367003367,0,0,0,0.481144781144781,0,0,0,0.49023569023569,0,0,0,0,0.49023569023569,0,0,0.04631282266042,0.04631282266042,0.331313131313131,0,0.708333333333333,0.208333333333333,0.208333333333333,0.708333333333333,0.1875,9,25,1,13,0.257142857142857,136.529411764706,4,386.282783466408,10.9957446808511,48,55,0.460984848484849,amplicon_count,native_integer
carlstrom_phyllosphere_2019,Leaf265,Leaf26,0,0,0.5003367003367,0,0,0,0.481144781144781,0,0,0,0.49023569023569,0,0,0,0,0.49023569023569,0,0,0.113735218973408,0.113735218973408,0.71043771043771,0,0.708333333333333,0.833333333333333,0.708333333333333,0.833333333333333,0.604166666666667,29,5,11,3,0.644444444444445,136.529411764706,137.2,386.282783466408,459.115315427083,48,55,0.460984848484849,amplicon_count,native_integer
carlstrom_phyllosphere_2019,Leaf265,Leaf281,0,0,0.5003367003367,0,0,0,0.481144781144781,0,0,0,0.49023569023569,0,0,0,0,0.49023569023569,0,0,-0.181712751957605,0.181712751957605,0.88013468013468,0,0.708333333333333,0.541666666666667,0.541666666666667,0.708333333333333,0.354166666666667,17,17,9,5,0.395348837209302,136.529411764706,17.0384615384615,386.282783466408,95.0328514480573,48,55,0.460984848484849,amplicon_count,native_integer
carlstrom_phyllosphere_2019,Leaf265,Leaf285,0,0,0.5003367003367,0,0,0,0.481144781144781,0,0,0,0.49023569023569,0,0,0,0,0.49023569023569,0,0,-0.0660139477358417,0.0660139477358417,0.465993265993266,0,0.708333333333333,0.625,0.625,0.708333333333333,0.4375,21,13,9,5,0.488372093023256,136.529411764706,101.233333333333,386.282783466408,506.741332081632,48,55,0.460984848484849,amplicon_count,native_integer
carlstrom_phyllosphere_2019,Leaf265,Leaf288,0,0,0.5003367003367,0,0,0,0.481144781144781,0,0,0,0.49023569023569,0,0,0,0,0.49023569023569,0,0,-0.148797469941369,0.148797469941369,0.812794612794613,0,0.708333333333333,0.25,0.25,0.708333333333333,0.166666666666667,8,26,4,10,0.210526315789474,136.529411764706,26.75,386.282783466408,144.697753032412,48,55,0.460984848484849,amplicon_count,native_integer
carlstrom_phyllosphere_2019,Leaf265,Leaf3,0,0,0.5003367003367,0,0,0,0.481144781144781,0,0,0,0.49023569023569,0,0,0,0,0.49023569023569,0,0,-0.119818439394045,0.119818439394045,0.732659932659933,0,0.708333333333333,0.541666666666667,0.541666666666667,0.708333333333333,0.354166666666667,17,17,9,5,0.395348837209302,136.529411764706,17.6923076923077,386.282783466408,106.65605920444,48,55,0.460984848484849,amplicon_count,native_integer
carlstrom_phyllosphere_2019,Leaf265,Leaf324,0,0,0.5003367003367,0,0,0,0.481144781144781,0,0,0,0.49023569023569,0,0,0,0,0.49023569023569,0,0.05,0.171731831103003,0.171731831103003,0.857239057239057,0,0.708333333333333,0.458333333333333,0.458333333333333,0.708333333333333,0.333333333333333,16,18,6,8,0.4,136.529411764706,35.8181818181818,386.282783466408,99.4392482989524,48,55,0.460984848484849,amplicon_count,native_integer
carlstrom_phyllosphere_2019,Leaf265,Leaf33,0,0,0.5003367003367,0,0,0,0.481144781144781,0,0,0,0.49023569023569,0,0,0,0,0.49023569023569,0,0,0.0705678489821792,0.0705678489821792,0.492255892255892,0,0.708333333333333,0.354166666666667,0.354166666666667,0.708333333333333,0.270833333333333,13,21,4,10,0.342105263157895,136.529411764706,100.588235294118,386.282783466408,225.172527062337,48,55,0.460984848484849,amplicon_count,native_integer
carlstrom_phyllosphere_2019,Leaf265,Leaf334,0,0,0.5003367003367,0,0,0,0.481144781144781,0,0,0,0.49023569023569,0,0,0,0,0.49023569023569,0,0,-0.0658303913336735,0.0658303913336735,0.464646464646465,0,0.708333333333333,0.1875,0.1875,0.708333333333333,0.104166666666667,5,29,4,10,0.131578947368421,136.529411764706,5.55555555555556,386.282783466408,22.2212765957447,48,55,0.460984848484849,amplicon_count,native_integer
carlstrom_phyllosphere_2019,Leaf265,Leaf336,0,0,0.5003367003367,0,0,0,0.481144781144781,0,0,0,0.49023569023569,0,0,0,0,0.49023569023569,0,0,0.0610535953062563,0.0610535953062563,0.434343434343434,0,0.708333333333333,0.958333333333333,0.708333333333333,0.958333333333333,0.6875,33,1,13,1,0.702127659574468,136.529411764706,14.195652173913,386.282783466408,30.2871525854485,48,55,0.460984848484849,amplicon_count,native_integer
carlstrom_phyllosphere_2019,Leaf265,Leaf337,0,0,0.5003367003367,0,0,0,0.481144781144781,0,0,0,0.49023569023569,0,0,0,0,0.49023569023569,0,0,0.052211920315331,0.052211920315331,0.373737373737374,0,0.708333333333333,0.208333333333333,0.208333333333333,0.708333333333333,0.1875,9,25,1,13,0.257142857142857,136.529411764706,1.5,386.282783466408,1.79148936170213,48,55,0.460984848484849,amplicon_count,native_integer
carlstrom_phyllosphere_2019,Leaf265,Leaf344,0,0,0.5003367003367,0,0,0,0.481144781144781,0,0,0,0.49023569023569,0,0,0,0,0.49023569023569,0,0,-0.0939384505646665,0.0939384505646665,0.618181818181818,0,0.708333333333333,0.479166666666667,0.479166666666667,0.708333333333333,0.354166666666667,17,17,6,8,0.425,136.529411764706,33.1739130434783,386.282783466408,70.1006385767268,48,55,0.460984848484849,amplicon_count,native_integer
carlstrom_phyllosphere_2019,Leaf265,Leaf351,0,0,0.5003367003367,0,0,0,0.481144781144781,0,0,0,0.49023569023569,0,0,0,0,0.49023569023569,0,0,-0.0069035973366772,0.0069035973366772,0.0404040404040404,0,0.708333333333333,0.145833333333333,0.145833333333333,0.708333333333333,0.0833333333333333,4,30,3,11,0.108108108108108,136.529411764706,4.14285714285714,386.282783466408,12.9413059427733,48,55,0.460984848484849,amplicon_count,native_integer
carlstrom_phyllosphere_2019,Leaf265,Leaf354,0,0,0.5003367003367,0,0,0,0.481144781144781,0,0,0,0.49023569023569,0,0,0,0,0.49023569023569,0,0,-0.172289654144363,0.172289654144363,0.858585858585859,0,0.708333333333333,0.875,0.708333333333333,0.875,0.604166666666667,29,5,13,1,0.617021276595745,136.529411764706,17.952380952381,386.282783466408,84.8687849201423,48,55,0.460984848484849,amplicon_count,native_integer
carlstrom_phyllosphere_2019,Leaf265,Leaf357,0,0,0.5003367003367,0,0,0,0.481144781144781,0,0,0,0.49023569023569,0,0,0,0,0.49023569023569,0,0.05,0.085583120025098,0.085583120025098,0.575757575757576,0,0.708333333333333,0.4375,0.4375,0.708333333333333,0.375,18,16,3,11,0.486486486486487,136.529411764706,7.19047619047619,386.282783466408,9.76623925602367,48,55,0.460984848484849,amplicon_count,native_integer
carlstrom_phyllosphere_2019,Leaf265,Leaf359,0,0,0.5003367003367,0,0,0,0.481144781144781,0,0,0,0.49023569023569,0,0,0.0158073084328088,0.0158073084328088,0.985858585858586,1,0.55,0.0396454435352999,0.0396454435352999,0.286868686868687,0,0.708333333333333,0.0416666666666667,0.0416666666666667,0.708333333333333,0.0416666666666667,2,32,0,14,0.0588235294117647,136.529411764706,1.5,386.282783466408,1.63829787234043,48,55,0.460984848484849,amplicon_count,native_integer
carlstrom_phyllosphere_2019,Leaf265,Leaf363,0,0,0.5003367003367,0,0,0,0.481144781144781,0,0,0,0.49023569023569,0,0,0,0,0.49023569023569,0,0,-0.0556544408703961,0.0556544408703961,0.393939393939394,0,0.708333333333333,0.291666666666667,0.291666666666667,0.708333333333333,0.1875,9,25,5,9,0.230769230769231,136.529411764706,23.9285714285714,386.282783466408,39.4577961257542,48,55,0.460984848484849,amplicon_count,native_integer
carlstrom_phyllosphere_2019,Leaf265,Leaf371,0,0,0.5003367003367,0,0,0,0.481144781144781,0,0,0,0.49023569023569,0,0,0,0,0.49023569023569,0,0,0.0110469837019128,0.0110469837019128,0.0727272727272727,0,0.708333333333333,0.25,0.25,0.708333333333333,0.1875,9,25,3,11,0.243243243243243,136.529411764706,46.9166666666667,386.282783466408,104.532066059484,48,55,0.460984848484849,amplicon_count,native_integer
carlstrom_phyllosphere_2019,Leaf265,Leaf380,0,0,0.5003367003367,0,0,0,0.481144781144781,0,0,0,0.49023569023569,0,0,0,0,0.49023569023569,0,0,-0.0300396449467963,0.0300396449467963,0.217508417508418,0,0.708333333333333,0.395833333333333,0.395833333333333,0.708333333333333,0.291666666666667,14,20,5,9,0.358974358974359,136.529411764706,70.421052631579,386.282783466408,644.908882740197,48,55,0.460984848484849,amplicon_count,native_integer
carlstrom_phyllosphere_2019,Leaf265,Leaf391,0,0,0.5003367003367,0,0,0,0.481144781144781,0,0,0,0.49023569023569,0,0,0,0,0.49023569023569,0,0,0.0434940365914127,0.0434940365914127,0.312457912457912,0,0.708333333333333,0.8125,0.708333333333333,0.8125,0.583333333333333,28,6,11,3,0.622222222222222,136.529411764706,121.897435897436,386.282783466408,266.843616573725,48,55,0.460984848484849,amplicon_count,native_integer
carlstrom_phyllosphere_2019,Leaf265,Leaf396,0,0,0.5003367003367,0,0,0,0.481144781144781,0,0,0,0.49023569023569,0,0,0,0,0.49023569023569,0,0,-0.0217805715498959,0.0217805715498959,0.158249158249158,0,0.708333333333333,0.375,0.375,0.708333333333333,0.291666666666667,14,20,4,10,0.368421052631579,136.529411764706,3.11111111111111,386.282783466408,5.95744680851064,48,55,0.460984848484849,amplicon_count,native_integer
carlstrom_phyllosphere_2019,Leaf265,Leaf405,0,0,0.5003367003367,0,0,0,0.481144781144781,0,0,0,0.49023569023569,0,0,0,0,0.49023569023569,0,0,0.0498645767982437,0.0498645767982437,0.356228956228956,0,0.708333333333333,0.854166666666667,0.708333333333333,0.854166666666667,0.645833333333333,31,3,10,4,0.704545454545455,136.529411764706,479.731707317073,386.282783466408,1289.73232854811,48,55,0.460984848484849,amplicon_count,native_integer
carlstrom_phyllosphere_2019,Leaf265,Leaf41,0,0,0.5003367003367,0,0,0,0.481144781144781,0,0,0,0.49023569023569,0,0,0,0,0.49023569023569,0,0,0.0998542510961256,0.0998542510961256,0.653198653198653,0,0.708333333333333,0.520833333333333,0.520833333333333,0.708333333333333,0.375,18,16,7,7,0.439024390243902,136.529411764706,6.04,386.282783466408,5.95166971959984,48,55,0.460984848484849,amplicon_count,native_integer
carlstrom_phyllosphere_2019,Leaf265,Leaf416,0,0,0.5003367003367,0,0,0,0.481144781144781,0,0,0,0.49023569023569,0,0,0,0,0.49023569023569,0,0,0.112728718341287,0.112728718341287,0.705723905723906,0,0.708333333333333,0.708333333333333,0.708333333333333,0.708333333333333,0.520833333333333,25,9,9,5,0.581395348837209,136.529411764706,103.088235294118,386.282783466408,1707.97219170182,48,55,0.460984848484849,amplicon_count,native_integer
carlstrom_phyllosphere_2019,Leaf265,Leaf420,0,0,0.5003367003367,0,0,0,0.481144781144781,0,0,0,0.49023569023569,0,0,0,0,0.49023569023569,0,0,-0.00306181507643379,0.00306181507643379,0.0161616161616162,0,0.708333333333333,1,0.708333333333333,1,0.708333333333333,34,0,14,0,0.708333333333333,136.529411764706,336.333333333333,386.282783466408,355.254496763174,48,55,0.460984848484849,amplicon_count,native_integer
carlstrom_phyllosphere_2019,Leaf265,Leaf427,0,0,0.5003367003367,0,0,0,0.481144781144781,0,0,0,0.49023569023569,0,0,0,0,0.49023569023569,0,0,0.0180527639370256,0.0180527639370256,0.125925925925926,0,0.708333333333333,0.333333333333333,0.333333333333333,0.708333333333333,0.229166666666667,11,23,5,9,0.282051282051282,136.529411764706,10.0625,386.282783466408,23.5526628782873,48,55,0.460984848484849,amplicon_count,native_integer
carlstrom_phyllosphere_2019,Leaf265,Leaf443,0,0,0.5003367003367,0,0,0,0.481144781144781,0,0,0,0.49023569023569,0,0,0,0,0.49023569023569,0,0,0.0205690673871542,0.0205690673871542,0.148821548821549,0,0.708333333333333,0.395833333333333,0.395833333333333,0.708333333333333,0.291666666666667,14,20,5,9,0.358974358974359,136.529411764706,19.8421052631579,386.282783466408,80.271742197641,48,55,0.460984848484849,amplicon_count,native_integer
carlstrom_phyllosphere_2019,Leaf265,Leaf5,0,0,0.5003367003367,0,0,0,0.481144781144781,0,0,0,0.49023569023569,0,0,-0.048957199620072,0.048957199620072,0.991245791245791,1,0.75,-0.172650516077987,0.172650516077987,0.85993265993266,0,0.708333333333333,0.0625,0.0625,0.708333333333333,0,0,34,3,11,0,136.529411764706,45.6666666666667,386.282783466408,86.4430812237925,48,55,0.460984848484849,amplicon_count,native_integer
carlstrom_phyllosphere_2019,Leaf265,Leaf68,0,0,0.5003367003367,0,0,0,0.481144781144781,0,0,0,0.49023569023569,0,0,0,0,0.49023569023569,0,0,-0.0143995389366117,0.0143995389366117,0.103030303030303,0,0.708333333333333,1,0.708333333333333,1,0.708333333333333,34,0,14,0,0.708333333333333,136.529411764706,941.958333333333,386.282783466408,348.901820091499,48,55,0.460984848484849,amplicon_count,native_integer
carlstrom_phyllosphere_2019,Leaf265,Leaf70,0,0,0.5003367003367,0,0,0,0.481144781144781,0,0,0,0.49023569023569,0,0,0,0,0.49023569023569,0,0,0.0745716575683793,0.0745716575683793,0.511784511784512,0,0.708333333333333,0.208333333333333,0.208333333333333,0.708333333333333,0.1875,9,25,1,13,0.257142857142857,136.529411764706,17,386.282783466408,30.6498122653316,48,55,0.460984848484849,amplicon_count,native_integer
carlstrom_phyllosphere_2019,Leaf265,Leaf82,0,0,0.5003367003367,0,0,0,0.481144781144781,0,0,0,0.49023569023569,0,0,0,0,0.49023569023569,0,0,-0.0177093273022862,0.0177093273022862,0.120538720538721,0,0.708333333333333,0.8125,0.708333333333333,0.8125,0.583333333333333,28,6,11,3,0.622222222222222,136.529411764706,91.1282051282051,386.282783466408,240.533890491984,48,55,0.460984848484849,amplicon_count,native_integer
carlstrom_phyllosphere_2019,Leaf265,Leaf83,0,0,0.5003367003367,0,0,0,0.481144781144781,0,0,0,0.49023569023569,0,0,0,0,0.49023569023569,0,0,0.0610606820173546,0.0610606820173546,0.435016835016835,0,0.708333333333333,0.6875,0.6875,0.708333333333333,0.520833333333333,25,9,8,6,0.595238095238095,136.529411764706,305.818181818182,386.282783466408,1571.80367849824,48,55,0.460984848484849,amplicon_count,native_integer
carlstrom_phyllosphere_2019,Leaf265,Leaf86,0,0,0.5003367003367,0,0,0,0.481144781144781,0,0,0,0.49023569023569,0,0,0,0,0.49023569023569,0,0,0.21310727423695,0.21310727423695,0.928619528619529,0,0.708333333333333,0.895833333333333,0.708333333333333,0.895833333333333,0.666666666666667,32,2,11,3,0.711111111111111,136.529411764706,400.581395348837,386.282783466408,1334.10514776271,48,55,0.460984848484849,amplicon_count,native_integer
carlstrom_phyllosphere_2019,Leaf265,Leaf88,0,0,0.5003367003367,0,0,0,0.481144781144781,0,0,0,0.49023569023569,0,0.1,0,0,0.49023569023569,0,0.1,0.348802141463189,0.348802141463189,0.986531986531987,1,0.708333333333333,0.3125,0.3125,0.708333333333333,0.25,12,22,3,11,0.324324324324324,136.529411764706,84.2,386.282783466408,965.149492090767,48,55,0.460984848484849,amplicon_count,native_integer
carlstrom_phyllosphere_2019,Leaf265,Leaf90,0,0,0.5003367003367,0,0,0,0.481144781144781,0,0,0,0.49023569023569,0,0,0,0,0.49023569023569,0,0,-0.142919896143627,0.142919896143627,0.793265993265993,0,0.708333333333333,0.791666666666667,0.708333333333333,0.791666666666667,0.541666666666667,26,8,12,2,0.565217391304348,136.529411764706,292.342105263158,386.282783466408,1496.93020035509,48,55,0.460984848484849,amplicon_count,native_integer
carlstrom_phyllosphere_2019,Leaf285,Leaf202,0,0,0.5003367003367,0,0,0,0.481144781144781,0,0,0,0.49023569023569,0,0.2,0,0,0.49023569023569,0,0,-0.306670012024253,0.306670012024253,0.981144781144781,1,0.625,1,0.625,1,0.625,30,0,18,0,0.625,101.233333333333,948.583333333333,506.741332081632,348.703505227093,48,55,0.460984848484849,amplicon_count,native_integer
carlstrom_phyllosphere_2019,Leaf285,Leaf225,0,0,0.5003367003367,0,0,0,0.481144781144781,0,0,0,0.49023569023569,0,0,0,0,0.49023569023569,0,0.1,0.124432780554023,0.124432780554023,0.746801346801347,0,0.625,0.208333333333333,0.208333333333333,0.625,0.1875,9,21,1,17,0.290322580645161,101.233333333333,4,506.741332081632,10.9957446808511,48,55,0.460984848484849,amplicon_count,native_integer
carlstrom_phyllosphere_2019,Leaf285,Leaf281,0,0,0.5003367003367,0,0,0,0.481144781144781,0,0,0,0.49023569023569,0,0,0,0,0.49023569023569,0,0,0.196178488173903,0.196178488173903,0.905050505050505,0,0.625,0.541666666666667,0.541666666666667,0.625,0.395833333333333,19,11,7,11,0.513513513513514,101.233333333333,17.0384615384615,506.741332081632,95.0328514480573,48,55,0.460984848484849,amplicon_count,native_integer
carlstrom_phyllosphere_2019,Leaf285,Leaf288,0,0,0.5003367003367,0,0,0,0.481144781144781,0,0,0,0.49023569023569,0,0,0,0,0.49023569023569,0,0,0.0336979220113053,0.0336979220113053,0.23973063973064,0,0.625,0.25,0.25,0.625,0.166666666666667,8,22,4,14,0.235294117647059,101.233333333333,26.75,506.741332081632,144.697753032412,48,55,0.460984848484849,amplicon_count,native_integer
carlstrom_phyllosphere_2019,Leaf285,Leaf3,0,0,0.5003367003367,0,0,0,0.481144781144781,0,0,0,0.49023569023569,0,0,0,0,0.49023569023569,0,0.1,0.175596447959836,0.175596447959836,0.867340067340067,0,0.625,0.541666666666667,0.541666666666667,0.625,0.395833333333333,19,11,7,11,0.513513513513514,101.233333333333,17.6923076923077,506.741332081632,106.65605920444,48,55,0.460984848484849,amplicon_count,native_integer
carlstrom_phyllosphere_2019,Leaf285,Leaf324,0,0,0.5003367003367,0,0,0,0.481144781144781,0,0,0,0.49023569023569,0,0.6,0,0,0.49023569023569,0,0.3,0.364045777350166,0.364045777350166,0.98989898989899,1,0.625,0.458333333333333,0.458333333333333,0.625,0.354166666666667,17,13,5,13,0.485714285714286,101.233333333333,35.8181818181818,506.741332081632,99.4392482989524,48,55,0.460984848484849,amplicon_count,native_integer
carlstrom_phyllosphere_2019,Leaf285,Leaf33,0,0,0.5003367003367,0,0,0,0.481144781144781,0,0,0,0.49023569023569,0,0.05,0,0,0.49023569023569,0,0,0.233208676724069,0.233208676724069,0.943434343434343,0,0.625,0.354166666666667,0.354166666666667,0.625,0.229166666666667,11,19,6,12,0.305555555555556,101.233333333333,100.588235294118,506.741332081632,225.172527062337,48,55,0.460984848484849,amplicon_count,native_integer
carlstrom_phyllosphere_2019,Leaf285,Leaf334,0,0,0.5003367003367,0,0,0,0.481144781144781,0,0,0,0.49023569023569,0,0.1,0.100569565682345,0.100569565682345,0.994612794612795,1,0.9,0.152412343591744,0.152412343591744,0.817508417508418,0,0.625,0.1875,0.1875,0.625,0.1875,9,21,0,18,0.3,101.233333333333,5.55555555555556,506.741332081632,22.2212765957447,48,55,0.460984848484849,amplicon_count,native_integer
carlstrom_phyllosphere_2019,Leaf285,Leaf336,0,0,0.5003367003367,0,0,0,0.481144781144781,0,0,0,0.49023569023569,0,0,0,0,0.49023569023569,0,0,-0.056392117590487,0.056392117590487,0.402020202020202,0,0.625,0.958333333333333,0.625,0.958333333333333,0.604166666666667,29,1,17,1,0.617021276595745,101.233333333333,14.195652173913,506.741332081632,30.2871525854485,48,55,0.460984848484849,amplicon_count,native_integer
carlstrom_phyllosphere_2019,Leaf285,Leaf337,0,0,0.5003367003367,0,0,0,0.481144781144781,0,0,0,0.49023569023569,0,0,0,0,0.49023569023569,0,0.05,0.057128982406175,0.057128982406175,0.409427609427609,0,0.625,0.208333333333333,0.208333333333333,0.625,0.1875,9,21,1,17,0.290322580645161,101.233333333333,1.5,506.741332081632,1.79148936170213,48,55,0.460984848484849,amplicon_count,native_integer
carlstrom_phyllosphere_2019,Leaf285,Leaf344,0,0,0.5003367003367,0,0,0,0.481144781144781,0,0,0,0.49023569023569,0,0,0,0,0.49023569023569,0,0,-0.0942517845350712,0.0942517845350712,0.622895622895623,0,0.625,0.479166666666667,0.479166666666667,0.625,0.25,12,18,11,7,0.292682926829268,101.233333333333,33.1739130434783,506.741332081632,70.1006385767268,48,55,0.460984848484849,amplicon_count,native_integer
carlstrom_phyllosphere_2019,Leaf285,Leaf351,0,0,0.5003367003367,0,0,0,0.481144781144781,0,0,0,0.49023569023569,0,0,0,0,0.49023569023569,0,0,-0.0460246533670943,0.0460246533670943,0.328619528619529,0,0.625,0.145833333333333,0.145833333333333,0.625,0.104166666666667,5,25,2,16,0.15625,101.233333333333,4.14285714285714,506.741332081632,12.9413059427733,48,55,0.460984848484849,amplicon_count,native_integer
carlstrom_phyllosphere_2019,Leaf285,Leaf354,0,0,0.5003367003367,0,0,0,0.481144781144781,0,0,0,0.49023569023569,0,0,0,0,0.49023569023569,0,0,-0.0806282498402384,0.0806282498402384,0.544107744107744,0,0.625,0.875,0.625,0.875,0.541666666666667,26,4,16,2,0.565217391304348,101.233333333333,17.952380952381,506.741332081632,84.8687849201423,48,55,0.460984848484849,amplicon_count,native_integer
carlstrom_phyllosphere_2019,Leaf285,Leaf357,0,0,0.5003367003367,0,0,0,0.481144781144781,0,0,0,0.49023569023569,0,0,0,0,0.49023569023569,0,0,-0.1700522114535,0.1700522114535,0.851851851851852,0,0.625,0.4375,0.4375,0.625,0.25,12,18,9,9,0.307692307692308,101.233333333333,7.19047619047619,506.741332081632,9.76623925602367,48,55,0.460984848484849,amplicon_count,native_integer
carlstrom_phyllosphere_2019,Leaf285,Leaf359,0,0,0.5003367003367,0,0,0,0.481144781144781,0,0,0,0.49023569023569,0,0,0,0,0.49023569023569,0,0,-0.0282858381549077,0.0282858381549077,0.205387205387205,0,0.625,0.0416666666666667,0.0416666666666667,0.625,0.0416666666666667,2,28,0,18,0.0666666666666667,101.233333333333,1.5,506.741332081632,1.63829787234043,48,55,0.460984848484849,amplicon_count,native_integer
carlstrom_phyllosphere_2019,Leaf285,Leaf363,0,0,0.5003367003367,0,0,0,0.481144781144781,0,0,0,0.49023569023569,0,0,0,0,0.49023569023569,0,0,0.0102215661470803,0.0102215661470803,0.063973063973064,0,0.625,0.291666666666667,0.291666666666667,0.625,0.208333333333333,10,20,4,14,0.294117647058824,101.233333333333,23.9285714285714,506.741332081632,39.4577961257542,48,55,0.460984848484849,amplicon_count,native_integer
carlstrom_phyllosphere_2019,Leaf285,Leaf371,0,0,0.5003367003367,0,0,0,0.481144781144781,0,0,0,0.49023569023569,0,0,0,0,0.49023569023569,0,0,-0.0332910060190187,0.0332910060190187,0.237710437710438,0,0.625,0.25,0.25,0.625,0.166666666666667,8,22,4,14,0.235294117647059,101.233333333333,46.9166666666667,506.741332081632,104.532066059484,48,55,0.460984848484849,amplicon_count,native_integer
carlstrom_phyllosphere_2019,Leaf285,Leaf380,0,0,0.5003367003367,0,0,0,0.481144781144781,0,0,0,0.49023569023569,0,0,0,0,0.49023569023569,0,0,-0.0928068699573414,0.0928068699573414,0.614141414141414,0,0.625,0.395833333333333,0.395833333333333,0.625,0.291666666666667,14,16,5,13,0.4,101.233333333333,70.421052631579,506.741332081632,644.908882740197,48,55,0.460984848484849,amplicon_count,native_integer
carlstrom_phyllosphere_2019,Leaf285,Leaf391,0,0,0.5003367003367,0,0,0,0.481144781144781,0,0,0,0.49023569023569,0,0,0,0,0.49023569023569,0,0,-0.0567883211906856,0.0567883211906856,0.406734006734007,0,0.625,0.8125,0.625,0.8125,0.583333333333333,28,2,11,7,0.682926829268293,101.233333333333,121.897435897436,506.741332081632,266.843616573725,48,55,0.460984848484849,amplicon_count,native_integer
carlstrom_phyllosphere_2019,Leaf285,Leaf396,0,0,0.5003367003367,0,0,0,0.481144781144781,0,0,0,0.49023569023569,0,0.05,0,0,0.49023569023569,0,0,-0.200120209138978,0.200120209138978,0.913131313131313,0,0.625,0.375,0.375,0.625,0.208333333333333,10,20,8,10,0.263157894736842,101.233333333333,3.11111111111111,506.741332081632,5.95744680851064,48,55,0.460984848484849,amplicon_count,native_integer
carlstrom_phyllosphere_2019,Leaf285,Leaf405,0,0,0.5003367003367,0,0,0,0.481144781144781,0,0,0,0.49023569023569,0,0,0,0,0.49023569023569,0,0,0.0776863597733004,0.0776863597733004,0.528619528619529,0,0.625,0.854166666666667,0.625,0.854166666666667,0.520833333333333,25,5,16,2,0.543478260869565,101.233333333333,479.731707317073,506.741332081632,1289.73232854811,48,55,0.460984848484849,amplicon_count,native_integer
carlstrom_phyllosphere_2019,Leaf285,Leaf41,0,0,0.5003367003367,0,0,0,0.481144781144781,0,0,0,0.49023569023569,0,0,0,0,0.49023569023569,0,0,-0.135516072563312,0.135516072563312,0.776430976430977,0,0.625,0.520833333333333,0.520833333333333,0.625,0.333333333333333,16,14,9,9,0.41025641025641,101.233333333333,6.04,506.741332081632,5.95166971959984,48,55,0.460984848484849,amplicon_count,native_integer
carlstrom_phyllosphere_2019,Leaf285,Leaf416,0,0,0.5003367003367,0,0,0,0.481144781144781,0,0,0,0.49023569023569,0,0,0,0,0.49023569023569,0,0,-0.00662129766085433,0.00662129766085433,0.0377104377104377,0,0.625,0.708333333333333,0.625,0.708333333333333,0.520833333333333,25,5,9,9,0.641025641025641,101.233333333333,103.088235294118,506.741332081632,1707.97219170182,48,55,0.460984848484849,amplicon_count,native_integer
carlstrom_phyllosphere_2019,Leaf285,Leaf420,0,0,0.5003367003367,0,0,0,0.481144781144781,0,0,0,0.49023569023569,0,0,0,0,0.49023569023569,0,0.45,0.287365688859985,0.287365688859985,0.973737373737374,0,0.625,1,0.625,1,0.625,30,0,18,0,0.625,101.233333333333,336.333333333333,506.741332081632,355.254496763174,48,55,0.460984848484849,amplicon_count,native_integer
carlstrom_phyllosphere_2019,Leaf285,Leaf427,0,0,0.5003367003367,0,0,0,0.481144781144781,0,0,0,0.49023569023569,0,0,0,0,0.49023569023569,0,0,0.0808367167195785,0.0808367167195785,0.544781144781145,0,0.625,0.333333333333333,0.333333333333333,0.625,0.270833333333333,13,17,3,15,0.393939393939394,101.233333333333,10.0625,506.741332081632,23.5526628782873,48,55,0.460984848484849,amplicon_count,native_integer
carlstrom_phyllosphere_2019,Leaf285,Leaf443,0,0,0.5003367003367,0,0,0,0.481144781144781,0,0,0,0.49023569023569,0,0,0,0,0.49023569023569,0,0,-0.0531843943643201,0.0531843943643201,0.379124579124579,0,0.625,0.395833333333333,0.395833333333333,0.625,0.291666666666667,14,16,5,13,0.4,101.233333333333,19.8421052631579,506.741332081632,80.271742197641,48,55,0.460984848484849,amplicon_count,native_integer
carlstrom_phyllosphere_2019,Leaf285,Leaf5,0,0,0.5003367003367,0,0,0,0.481144781144781,0,0,0,0.49023569023569,0,0,0,0,0.49023569023569,0,0,0.0879752974496206,0.0879752974496206,0.590572390572391,0,0.625,0.0625,0.0625,0.625,0.0416666666666667,2,28,1,17,0.0645161290322581,101.233333333333,45.6666666666667,506.741332081632,86.4430812237925,48,55,0.460984848484849,amplicon_count,native_integer
carlstrom_phyllosphere_2019,Leaf285,Leaf68,0,0,0.5003367003367,0,0,0,0.481144781144781,0,0,0,0.49023569023569,0,0.25,0,0,0.49023569023569,0,0,-0.305606717967448,0.305606717967448,0.98047138047138,1,0.625,1,0.625,1,0.625,30,0,18,0,0.625,101.233333333333,941.958333333333,506.741332081632,348.901820091499,48,55,0.460984848484849,amplicon_count,native_integer
carlstrom_phyllosphere_2019,Leaf285,Leaf70,0,0,0.5003367003367,0,0,0,0.481144781144781,0,0,0,0.49023569023569,0,0,0,0,0.49023569023569,0,0,-0.0458136226997418,0.0458136226997418,0.326599326599327,0,0.625,0.208333333333333,0.208333333333333,0.625,0.166666666666667,8,22,2,16,0.25,101.233333333333,17,506.741332081632,30.6498122653316,48,55,0.460984848484849,amplicon_count,native_integer
carlstrom_phyllosphere_2019,Leaf285,Leaf82,0,0,0.5003367003367,0,0,0,0.481144781144781,0,0,0,0.49023569023569,0,0,0,0,0.49023569023569,0,0,-0.0958660027944274,0.0958660027944274,0.632323232323232,0,0.625,0.8125,0.625,0.8125,0.583333333333333,28,2,11,7,0.682926829268293,101.233333333333,91.1282051282051,506.741332081632,240.533890491984,48,55,0.460984848484849,amplicon_count,native_integer
carlstrom_phyllosphere_2019,Leaf285,Leaf83,0,0,0.5003367003367,0,0,0,0.481144781144781,0,0,0,0.49023569023569,0,0,0,0,0.49023569023569,0,0,-0.303970936109762,0.303970936109762,0.97979797979798,1,0.625,0.6875,0.625,0.6875,0.395833333333333,19,11,14,4,0.431818181818182,101.233333333333,305.818181818182,506.741332081632,1571.80367849824,48,55,0.460984848484849,amplicon_count,native_integer
carlstrom_phyllosphere_2019,Leaf285,Leaf86,0,0,0.5003367003367,0,0,0,0.481144781144781,0,0,0,0.49023569023569,0,0,0,0,0.49023569023569,0,0,0.0912866817097429,0.0912866817097429,0.606734006734007,0,0.625,0.895833333333333,0.625,0.895833333333333,0.5625,27,3,16,2,0.586956521739131,101.233333333333,400.581395348837,506.741332081632,1334.10514776271,48,55,0.460984848484849,amplicon_count,native_integer
carlstrom_phyllosphere_2019,Leaf285,Leaf88,0,0,0.5003367003367,0,0,0,0.481144781144781,0,0,0,0.49023569023569,0,0,0,0,0.49023569023569,0,0,-0.166670241827045,0.166670241827045,0.845117845117845,0,0.625,0.3125,0.3125,0.625,0.208333333333333,10,20,5,13,0.285714285714286,101.233333333333,84.2,506.741332081632,965.149492090767,48,55,0.460984848484849,amplicon_count,native_integer
carlstrom_phyllosphere_2019,Leaf285,Leaf90,0,0,0.5003367003367,0,0.0984067528447203,0.0984067528447203,0.98989898989899,0,0,0,0.49023569023569,0,0.4,0,0,0.49023569023569,0,0.05,0.354797496493926,0.354797496493926,0.988552188552189,1,0.625,0.791666666666667,0.625,0.791666666666667,0.520833333333333,25,5,13,5,0.581395348837209,101.233333333333,292.342105263158,506.741332081632,1496.93020035509,48,55,0.460984848484849,amplicon_count,native_integer
carlstrom_phyllosphere_2019,Leaf288,Leaf202,0,0,0.5003367003367,0,0.00106207948043813,0.00106207948043813,0.964309764309764,0,0,0,0.49023569023569,0,0,0,0,0.49023569023569,0,0.05,0.253677827421592,0.253677827421592,0.957575757575757,0,0.25,1,0.25,1,0.25,12,0,36,0,0.25,26.75,948.583333333333,144.697753032412,348.703505227093,48,55,0.460984848484849,amplicon_count,native_integer
carlstrom_phyllosphere_2019,Leaf288,Leaf225,0,0,0.5003367003367,0,0,0,0.481144781144781,0,0,0,0.49023569023569,0,0,0,0,0.49023569023569,0,0,-0.0243372063964328,0.0243372063964328,0.178451178451178,0,0.25,0.208333333333333,0.208333333333333,0.25,0.0416666666666667,2,10,8,28,0.1,26.75,4,144.697753032412,10.9957446808511,48,55,0.460984848484849,amplicon_count,native_integer
carlstrom_phyllosphere_2019,Leaf288,Leaf281,0,0,0.5003367003367,0,0,0,0.481144781144781,0,0,0,0.49023569023569,0,0,0,0,0.49023569023569,0,0,-0.0624977693508788,0.0624977693508788,0.446464646464646,0,0.25,0.541666666666667,0.25,0.541666666666667,0.1875,9,3,17,19,0.310344827586207,26.75,17.0384615384615,144.697753032412,95.0328514480573,48,55,0.460984848484849,amplicon_count,native_integer
carlstrom_phyllosphere_2019,Leaf288,Leaf3,0,0,0.5003367003367,0,0,0,0.481144781144781,0,0,0,0.49023569023569,0,0,0,0,0.49023569023569,0,0,-0.0604065193238358,0.0604065193238358,0.428956228956229,0,0.25,0.541666666666667,0.25,0.541666666666667,0.208333333333333,10,2,16,20,0.357142857142857,26.75,17.6923076923077,144.697753032412,106.65605920444,48,55,0.460984848484849,amplicon_count,native_integer
carlstrom_phyllosphere_2019,Leaf288,Leaf324,0,0,0.5003367003367,0,0,0,0.481144781144781,0,0,0,0.49023569023569,0,0,0,0,0.49023569023569,0,0,-0.0567037344530887,0.0567037344530887,0.406060606060606,0,0.25,0.458333333333333,0.25,0.458333333333333,0.145833333333333,7,5,15,21,0.259259259259259,26.75,35.8181818181818,144.697753032412,99.4392482989524,48,55,0.460984848484849,amplicon_count,native_integer
carlstrom_phyllosphere_2019,Leaf288,Leaf33,0,0,0.5003367003367,0,0,0,0.481144781144781,0,0,0,0.49023569023569,0,0,0,0,0.49023569023569,0,0,-0.09022646789304,0.09022646789304,0.600673400673401,0,0.25,0.354166666666667,0.25,0.354166666666667,0.0625,3,9,14,22,0.115384615384615,26.75,100.588235294118,144.697753032412,225.172527062337,48,55,0.460984848484849,amplicon_count,native_integer
carlstrom_phyllosphere_2019,Leaf288,Leaf334,0,0,0.5003367003367,0,0,0,0.481144781144781,0,0,0,0.49023569023569,0,0,0,0,0.49023569023569,0,0,0.0483009751387312,0.0483009751387312,0.345454545454545,0,0.25,0.1875,0.1875,0.25,0.0625,3,9,6,30,0.166666666666667,26.75,5.55555555555556,144.697753032412,22.2212765957447,48,55,0.460984848484849,amplicon_count,native_integer
carlstrom_phyllosphere_2019,Leaf288,Leaf336,0,0,0.5003367003367,0,0,0,0.481144781144781,0,0,0,0.49023569023569,0,0,0,0,0.49023569023569,0,0,0.0822130787098702,0.0822130787098702,0.554208754208754,0,0.25,0.958333333333333,0.25,0.958333333333333,0.25,12,0,34,2,0.260869565217391,26.75,14.195652173913,144.697753032412,30.2871525854485,48,55,0.460984848484849,amplicon_count,native_integer
carlstrom_phyllosphere_2019,Leaf288,Leaf337,0,0,0.5003367003367,0,0,0,0.481144781144781,0,0,0,0.49023569023569,0,0,0,0,0.49023569023569,0,0.05,0.099903311200826,0.099903311200826,0.653872053872054,0,0.25,0.208333333333333,0.208333333333333,0.25,0.0833333333333333,4,8,6,30,0.222222222222222,26.75,1.5,144.697753032412,1.79148936170213,48,55,0.460984848484849,amplicon_count,native_integer
carlstrom_phyllosphere_2019,Leaf288,Leaf344,0,0,0.5003367003367,0,0,0,0.481144781144781,0,0,0,0.49023569023569,0,0.05,0,0,0.49023569023569,0,0.4,0.173354683357097,0.173354683357097,0.862626262626263,0,0.25,0.479166666666667,0.25,0.479166666666667,0.1875,9,3,14,22,0.346153846153846,26.75,33.1739130434783,144.697753032412,70.1006385767268,48,55,0.460984848484849,amplicon_count,native_integer
carlstrom_phyllosphere_2019,Leaf288,Leaf351,0,0,0.5003367003367,0,0,0,0.481144781144781,0,0,0,0.49023569023569,0,0,0,0,0.49023569023569,0,0,0.0196322115145204,0.0196322115145204,0.140740740740741,0,0.25,0.145833333333333,0.145833333333333,0.25,0.0416666666666667,2,10,5,31,0.117647058823529,26.75,4.14285714285714,144.697753032412,12.9413059427733,48,55,0.460984848484849,amplicon_count,native_integer
carlstrom_phyllosphere_2019,Leaf288,Leaf354,0,0,0.5003367003367,0,0,0,0.481144781144781,0,0,0,0.49023569023569,0,0,0,0,0.49023569023569,0,0,0.0303363789091673,0.0303363789091673,0.218855218855219,0,0.25,0.875,0.25,0.875,0.208333333333333,10,2,32,4,0.227272727272727,26.75,17.952380952381,144.697753032412,84.8687849201423,48,55,0.460984848484849,amplicon_count,native_integer
carlstrom_phyllosphere_2019,Leaf288,Leaf357,0,0,0.5003367003367,0,0,0,0.481144781144781,0,0,0,0.49023569023569,0,0,0,0,0.49023569023569,0,0.05,-0.0173138129103701,0.0173138129103701,0.118518518518519,0,0.25,0.4375,0.25,0.4375,0.1875,9,3,12,24,0.375,26.75,7.19047619047619,144.697753032412,9.76623925602367,48,55,0.460984848484849,amplicon_count,native_integer
carlstrom_phyllosphere_2019,Leaf288,Leaf359,0,0,0.5003367003367,0,0,0,0.481144781144781,0,0,0,0.49023569023569,0,0,0,0,0.49023569023569,0,0,-0.0135918081979874,0.0135918081979874,0.096969696969697,0,0.25,0.0416666666666667,0.0416666666666667,0.25,0,0,12,2,34,0,26.75,1.5,144.697753032412,1.63829787234043,48,55,0.460984848484849,amplicon_count,native_integer
carlstrom_phyllosphere_2019,Leaf288,Leaf363,0,0,0.5003367003367,0,0,0,0.481144781144781,0,0,0,0.49023569023569,0,0,0,0,0.49023569023569,0,0,-0.0352830270603754,0.0352830270603754,0.253198653198653,0,0.25,0.291666666666667,0.25,0.291666666666667,0.0625,3,9,11,25,0.130434782608696,26.75,23.9285714285714,144.697753032412,39.4577961257542,48,55,0.460984848484849,amplicon_count,native_integer
carlstrom_phyllosphere_2019,Leaf288,Leaf371,0,0,0.5003367003367,0,0,0,0.481144781144781,0,0,0,0.49023569023569,0,0,0,0,0.49023569023569,0,0,0.0479306033494479,0.0479306033494479,0.343434343434343,0,0.25,0.25,0.25,0.25,0.0416666666666667,2,10,10,26,0.0909090909090909,26.75,46.9166666666667,144.697753032412,104.532066059484,48,55,0.460984848484849,amplicon_count,native_integer
carlstrom_phyllosphere_2019,Leaf288,Leaf380,0,0,0.5003367003367,0,0,0,0.481144781144781,0,0,0,0.49023569023569,0,0,0,0,0.49023569023569,0,0.05,-0.0942504589432942,0.0942504589432942,0.622222222222222,0,0.25,0.395833333333333,0.25,0.395833333333333,0.0625,3,9,16,20,0.107142857142857,26.75,70.421052631579,144.697753032412,644.908882740197,48,55,0.460984848484849,amplicon_count,native_integer
carlstrom_phyllosphere_2019,Leaf288,Leaf391,0,0,0.5003367003367,0,0,0,0.481144781144781,0,0,0,0.49023569023569,0,0,0,0,0.49023569023569,0,0,0.0216272860010666,0.0216272860010666,0.156902356902357,0,0.25,0.8125,0.25,0.8125,0.208333333333333,10,2,29,7,0.24390243902439,26.75,121.897435897436,144.697753032412,266.843616573725,48,55,0.460984848484849,amplicon_count,native_integer
carlstrom_phyllosphere_2019,Leaf288,Leaf396,0,0,0.5003367003367,0,0,0,0.481144781144781,0,0,0,0.49023569023569,0,0,0,0,0.49023569023569,0,0.25,0.0387655829040757,0.0387655829040757,0.282828282828283,0,0.25,0.375,0.25,0.375,0.145833333333333,7,5,11,25,0.304347826086957,26.75,3.11111111111111,144.697753032412,5.95744680851064,48,55,0.460984848484849,amplicon_count,native_integer
carlstrom_phyllosphere_2019,Leaf288,Leaf405,0,0,0.5003367003367,0,0,0,0.481144781144781,0,0,0,0.49023569023569,0,0,0,0,0.49023569023569,0,0,-0.114435437777445,0.114435437777445,0.715824915824916,0,0.25,0.854166666666667,0.25,0.854166666666667,0.208333333333333,10,2,31,5,0.232558139534884,26.75,479.731707317073,144.697753032412,1289.73232854811,48,55,0.460984848484849,amplicon_count,native_integer
carlstrom_phyllosphere_2019,Leaf288,Leaf41,0,0,0.5003367003367,0,0,0,0.481144781144781,0,0,0,0.49023569023569,0,0,0,0,0.49023569023569,0,0,-0.0458683802856446,0.0458683802856446,0.327272727272727,0,0.25,0.520833333333333,0.25,0.520833333333333,0.125,6,6,19,17,0.193548387096774,26.75,6.04,144.697753032412,5.95166971959984,48,55,0.460984848484849,amplicon_count,native_integer
carlstrom_phyllosphere_2019,Leaf288,Leaf416,0,0,0.5003367003367,0,0,0,0.481144781144781,0,0,0,0.49023569023569,0,0,0,0,0.49023569023569,0,0,0.0552725086254988,0.0552725086254988,0.391245791245791,0,0.25,0.708333333333333,0.25,0.708333333333333,0.1875,9,3,25,11,0.243243243243243,26.75,103.088235294118,144.697753032412,1707.97219170182,48,55,0.460984848484849,amplicon_count,native_integer
carlstrom_phyllosphere_2019,Leaf288,Leaf420,0,0,0.5003367003367,0,0,0,0.481144781144781,0,0,0,0.49023569023569,0,0,0,0,0.49023569023569,0,0,-0.098073320329631,0.098073320329631,0.645117845117845,0,0.25,1,0.25,1,0.25,12,0,36,0,0.25,26.75,336.333333333333,144.697753032412,355.254496763174,48,55,0.460984848484849,amplicon_count,native_integer
carlstrom_phyllosphere_2019,Leaf288,Leaf427,0,0,0.5003367003367,0,0,0,0.481144781144781,0,0,0,0.49023569023569,0,0,0,0,0.49023569023569,0,0,-0.00942926126319891,0.00942926126319891,0.0579124579124579,0,0.25,0.333333333333333,0.25,0.333333333333333,0.104166666666667,5,7,11,25,0.217391304347826,26.75,10.0625,144.697753032412,23.5526628782873,48,55,0.460984848484849,amplicon_count,native_integer
carlstrom_phyllosphere_2019,Leaf288,Leaf443,0,0,0.5003367003367,0,0,0,0.481144781144781,0,0,0,0.49023569023569,0,0,0,0,0.49023569023569,0,0.05,-0.0304675247806711,0.0304675247806711,0.22020202020202,0,0.25,0.395833333333333,0.25,0.395833333333333,0.166666666666667,8,4,11,25,0.347826086956522,26.75,19.8421052631579,144.697753032412,80.271742197641,48,55,0.460984848484849,amplicon_count,native_integer
carlstrom_phyllosphere_2019,Leaf288,Leaf5,0,0,0.5003367003367,0,0,0,0.481144781144781,0,0,0,0.49023569023569,0,0,0,0,0.49023569023569,0,0,0.095728024061285,0.095728024061285,0.630976430976431,0,0.25,0.0625,0.0625,0.25,0.0208333333333333,1,11,2,34,0.0714285714285714,26.75,45.6666666666667,144.697753032412,86.4430812237925,48,55,0.460984848484849,amplicon_count,native_integer
carlstrom_phyllosphere_2019,Leaf288,Leaf68,0,0,0.5003367003367,0,0,0,0.481144781144781,0,0,0,0.49023569023569,0,0,0.00245641717826819,0.00245641717826819,0.98047138047138,1,0.3,0.257958120191464,0.257958120191464,0.958922558922559,0,0.25,1,0.25,1,0.25,12,0,36,0,0.25,26.75,941.958333333333,144.697753032412,348.901820091499,48,55,0.460984848484849,amplicon_count,native_integer
carlstrom_phyllosphere_2019,Leaf288,Leaf70,0,0,0.5003367003367,0,0,0,0.481144781144781,0,0,0,0.49023569023569,0,0.05,0,0,0.49023569023569,0,0,0.0313764991422438,0.0313764991422438,0.226262626262626,0,0.25,0.208333333333333,0.208333333333333,0.25,0.0833333333333333,4,8,6,30,0.222222222222222,26.75,17,144.697753032412,30.6498122653316,48,55,0.460984848484849,amplicon_count,native_integer
carlstrom_phyllosphere_2019,Leaf288,Leaf82,0,0,0.5003367003367,0,0,0,0.481144781144781,0,0,0,0.49023569023569,0,0,0,0,0.49023569023569,0,0,0.0670614944021421,0.0670614944021421,0.469360269360269,0,0.25,0.8125,0.25,0.8125,0.25,12,0,27,9,0.307692307692308,26.75,91.1282051282051,144.697753032412,240.533890491984,48,55,0.460984848484849,amplicon_count,native_integer
carlstrom_phyllosphere_2019,Leaf288,Leaf83,0,0,0.5003367003367,0,0,0,0.481144781144781,0,0,0,0.49023569023569,0,0,0,0,0.49023569023569,0,0,-0.0610897937571266,0.0610897937571266,0.435690235690236,0,0.25,0.6875,0.25,0.6875,0.166666666666667,8,4,25,11,0.216216216216216,26.75,305.818181818182,144.697753032412,1571.80367849824,48,55,0.460984848484849,amplicon_count,native_integer
carlstrom_phyllosphere_2019,Leaf288,Leaf86,0,0,0.5003367003367,0,0,0,0.481144781144781,0,0,0,0.49023569023569,0,0,0,0,0.49023569023569,0,0,-0.0400700785221325,0.0400700785221325,0.28956228956229,0,0.25,0.895833333333333,0.25,0.895833333333333,0.229166666666667,11,1,32,4,0.25,26.75,400.581395348837,144.697753032412,1334.10514776271,48,55,0.460984848484849,amplicon_count,native_integer
carlstrom_phyllosphere_2019,Leaf288,Leaf88,0,0,0.5003367003367,0,0,0,0.481144781144781,0,0,0,0.49023569023569,0,0,0,0,0.49023569023569,0,0,-0.0141204625403984,0.0141204625403984,0.0996632996632997,0,0.25,0.3125,0.25,0.3125,0.125,6,6,9,27,0.285714285714286,26.75,84.2,144.697753032412,965.149492090767,48,55,0.460984848484849,amplicon_count,native_integer
carlstrom_phyllosphere_2019,Leaf288,Leaf90,0,0,0.5003367003367,0,0,0,0.481144781144781,0,0,0,0.49023569023569,0,0,0,0,0.49023569023569,0,0,0.0364391191205203,0.0364391191205203,0.261952861952862,0,0.25,0.791666666666667,0.25,0.791666666666667,0.208333333333333,10,2,28,8,0.25,26.75,292.342105263158,144.697753032412,1496.93020035509,48,55,0.460984848484849,amplicon_count,native_integer
carlstrom_phyllosphere_2019,Leaf3,Leaf202,0,0,0.5003367003367,0,0,0,0.481144781144781,0,0,0,0.49023569023569,0,0,0,0,0.49023569023569,0,0,0.0476093627450088,0.0476093627450088,0.340740740740741,0,0.541666666666667,1,0.541666666666667,1,0.541666666666667,26,0,22,0,0.541666666666667,17.6923076923077,948.583333333333,106.65605920444,348.703505227093,48,55,0.460984848484849,amplicon_count,native_integer
carlstrom_phyllosphere_2019,Leaf3,Leaf225,0,0,0.5003367003367,0,0,0,0.481144781144781,0,0,0,0.49023569023569,0,0.3,0,0,0.49023569023569,0,0,0.172649783837889,0.172649783837889,0.859259259259259,0,0.541666666666667,0.208333333333333,0.208333333333333,0.541666666666667,0.145833333333333,7,19,3,19,0.241379310344828,17.6923076923077,4,106.65605920444,10.9957446808511,48,55,0.460984848484849,amplicon_count,native_integer
carlstrom_phyllosphere_2019,Leaf3,Leaf281,0,0,0.5003367003367,0,1.05381595836061,1.05381595836061,1,1,0.334040677594026,0.334040677594026,0.999326599326599,1,1,0.36705875883926,0.36705875883926,0.999326599326599,1,1,0.62914426611895,0.62914426611895,0.998653198653199,1,0.541666666666667,0.541666666666667,0.541666666666667,0.541666666666667,0.458333333333333,22,4,4,18,0.733333333333333,17.6923076923077,17.0384615384615,106.65605920444,95.0328514480573,48,55,0.460984848484849,amplicon_count,native_integer
carlstrom_phyllosphere_2019,Leaf3,Leaf33,0,0,0.5003367003367,0,0,0,0.481144781144781,0,0,0,0.49023569023569,0,0,0,0,0.49023569023569,0,0,-0.154848839283907,0.154848839283907,0.822222222222222,0,0.541666666666667,0.354166666666667,0.354166666666667,0.541666666666667,0.145833333333333,7,19,10,12,0.194444444444444,17.6923076923077,100.588235294118,106.65605920444,225.172527062337,48,55,0.460984848484849,amplicon_count,native_integer
carlstrom_phyllosphere_2019,Leaf3,Leaf82,0,0,0.5003367003367,0,0,0,0.481144781144781,0,0,0,0.49023569023569,0,0,0,0,0.49023569023569,0,0,0.0878349630392694,0.0878349630392694,0.589225589225589,0,0.541666666666667,0.8125,0.541666666666667,0.8125,0.4375,21,5,18,4,0.477272727272727,17.6923076923077,91.1282051282051,106.65605920444,240.533890491984,48,55,0.460984848484849,amplicon_count,native_integer
carlstrom_phyllosphere_2019,Leaf3,Leaf83,0,0,0.5003367003367,0,-0.0362472025816085,0.0362472025816085,0.97979797979798,0,0,0,0.49023569023569,0,0,0,0,0.49023569023569,0,0,-0.0557674868829407,0.0557674868829407,0.394612794612795,0,0.541666666666667,0.6875,0.541666666666667,0.6875,0.375,18,8,15,7,0.439024390243902,17.6923076923077,305.818181818182,106.65605920444,1571.80367849824,48,55,0.460984848484849,amplicon_count,native_integer
carlstrom_phyllosphere_2019,Leaf3,Leaf86,0,0,0.5003367003367,0,0,0,0.481144781144781,0,0,0,0.49023569023569,0,0,0,0,0.49023569023569,0,0,-0.0217375132694958,0.0217375132694958,0.157575757575758,0,0.541666666666667,0.895833333333333,0.541666666666667,0.895833333333333,0.5,24,2,19,3,0.533333333333333,17.6923076923077,400.581395348837,106.65605920444,1334.10514776271,48,55,0.460984848484849,amplicon_count,native_integer
carlstrom_phyllosphere_2019,Leaf3,Leaf88,0,0,0.5003367003367,0,0,0,0.481144781144781,0,0,0,0.49023569023569,0,0,0,0,0.49023569023569,0,0,-0.199494373659655,0.199494373659655,0.911784511784512,0,0.541666666666667,0.3125,0.3125,0.541666666666667,0.166666666666667,8,18,7,15,0.242424242424242,17.6923076923077,84.2,106.65605920444,965.149492090767,48,55,0.460984848484849,amplicon_count,native_integer
carlstrom_phyllosphere_2019,Leaf3,Leaf90,0,0,0.5003367003367,0,0,0,0.481144781144781,0,0,0,0.49023569023569,0,0,0,0,0.49023569023569,0,0,-0.0363070031234335,0.0363070031234335,0.259259259259259,0,0.541666666666667,0.791666666666667,0.541666666666667,0.791666666666667,0.4375,21,5,17,5,0.488372093023256,17.6923076923077,292.342105263158,106.65605920444,1496.93020035509,48,55,0.460984848484849,amplicon_count,native_integer
carlstrom_phyllosphere_2019,Leaf324,Leaf202,0,0,0.5003367003367,0,0,0,0.481144781144781,0,0,0,0.49023569023569,0,0.1,0,0,0.49023569023569,0,0,-0.222510059683045,0.222510059683045,0.936026936026936,0,0.458333333333333,1,0.458333333333333,1,0.458333333333333,22,0,26,0,0.458333333333333,35.8181818181818,948.583333333333,99.4392482989524,348.703505227093,48,55,0.460984848484849,amplicon_count,native_integer
carlstrom_phyllosphere_2019,Leaf324,Leaf225,0,0,0.5003367003367,0,0,0,0.481144781144781,0,0,0,0.49023569023569,0,0,0,0,0.49023569023569,0,0.05,0.103644800532844,0.103644800532844,0.669360269360269,0,0.458333333333333,0.208333333333333,0.208333333333333,0.458333333333333,0.125,6,16,4,22,0.230769230769231,35.8181818181818,4,99.4392482989524,10.9957446808511,48,55,0.460984848484849,amplicon_count,native_integer
carlstrom_phyllosphere_2019,Leaf324,Leaf281,0,0,0.5003367003367,0,0,0,0.481144781144781,0,0,0,0.49023569023569,0,0,0,0,0.49023569023569,0,0,-0.0419950494736953,0.0419950494736953,0.301010101010101,0,0.458333333333333,0.541666666666667,0.458333333333333,0.541666666666667,0.333333333333333,16,6,10,16,0.5,35.8181818181818,17.0384615384615,99.4392482989524,95.0328514480573,48,55,0.460984848484849,amplicon_count,native_integer
carlstrom_phyllosphere_2019,Leaf324,Leaf3,0,0,0.5003367003367,0,0,0,0.481144781144781,0,0,0,0.49023569023569,0,0,0,0,0.49023569023569,0,0,0.0597881246906373,0.0597881246906373,0.427609427609428,0,0.458333333333333,0.541666666666667,0.458333333333333,0.541666666666667,0.354166666666667,17,5,9,17,0.548387096774194,35.8181818181818,17.6923076923077,99.4392482989524,106.65605920444,48,55,0.460984848484849,amplicon_count,native_integer
carlstrom_phyllosphere_2019,Leaf324,Leaf33,0,0,0.5003367003367,0,0,0,0.481144781144781,0,0,0,0.49023569023569,0,0,0,0,0.49023569023569,0,0,-0.00978793833027359,0.00978793833027359,0.061952861952862,0,0.458333333333333,0.354166666666667,0.354166666666667,0.458333333333333,0.166666666666667,8,14,9,17,0.258064516129032,35.8181818181818,100.588235294118,99.4392482989524,225.172527062337,48,55,0.460984848484849,amplicon_count,native_integer
carlstrom_phyllosphere_2019,Leaf324,Leaf334,0,0,0.5003367003367,0,0,0,0.481144781144781,0,0,0,0.49023569023569,0,0,0,0,0.49023569023569,0,0.1,0.053811034906587,0.053811034906587,0.384511784511785,0,0.458333333333333,0.1875,0.1875,0.458333333333333,0.125,6,16,3,23,0.24,35.8181818181818,5.55555555555556,99.4392482989524,22.2212765957447,48,55,0.460984848484849,amplicon_count,native_integer
carlstrom_phyllosphere_2019,Leaf324,Leaf336,0,0,0.5003367003367,0,0,0,0.481144781144781,0,0,0,0.49023569023569,0,0,0,0,0.49023569023569,0,0,-0.0462959440334964,0.0462959440334964,0.330639730639731,0,0.458333333333333,0.958333333333333,0.458333333333333,0.958333333333333,0.458333333333333,22,0,24,2,0.478260869565217,35.8181818181818,14.195652173913,99.4392482989524,30.2871525854485,48,55,0.460984848484849,amplicon_count,native_integer
carlstrom_phyllosphere_2019,Leaf324,Leaf337,0,0,0.5003367003367,0,0,0,0.481144781144781,0,0,0,0.49023569023569,0,0,0,0,0.49023569023569,0,0,-0.0142602346440725,0.0142602346440725,0.101683501683502,0,0.458333333333333,0.208333333333333,0.208333333333333,0.458333333333333,0.125,6,16,4,22,0.230769230769231,35.8181818181818,1.5,99.4392482989524,1.79148936170213,48,55,0.460984848484849,amplicon_count,native_integer
carlstrom_phyllosphere_2019,Leaf324,Leaf344,0,0,0.5003367003367,0,0,0,0.481144781144781,0,0,0,0.49023569023569,0,0,0,0,0.49023569023569,0,0,-0.117288011497457,0.117288011497457,0.724579124579125,0,0.458333333333333,0.479166666666667,0.458333333333333,0.479166666666667,0.1875,9,13,14,12,0.25,35.8181818181818,33.1739130434783,99.4392482989524,70.1006385767268,48,55,0.460984848484849,amplicon_count,native_integer
carlstrom_phyllosphere_2019,Leaf324,Leaf351,0,0,0.5003367003367,0,0,0,0.481144781144781,0,0,0,0.49023569023569,0,0,0,0,0.49023569023569,0,0,0.00500304103866818,0.00500304103866818,0.0262626262626263,0,0.458333333333333,0.145833333333333,0.145833333333333,0.458333333333333,0.0833333333333333,4,18,3,23,0.16,35.8181818181818,4.14285714285714,99.4392482989524,12.9413059427733,48,55,0.460984848484849,amplicon_count,native_integer
carlstrom_phyllosphere_2019,Leaf324,Leaf354,0,0,0.5003367003367,0,0,0,0.481144781144781,0,0,0,0.49023569023569,0,0,0,0,0.49023569023569,0,0,-0.182319147415444,0.182319147415444,0.883501683501683,0,0.458333333333333,0.875,0.458333333333333,0.875,0.395833333333333,19,3,23,3,0.422222222222222,35.8181818181818,17.952380952381,99.4392482989524,84.8687849201423,48,55,0.460984848484849,amplicon_count,native_integer
carlstrom_phyllosphere_2019,Leaf324,Leaf357,0,0,0.5003367003367,0,0,0,0.481144781144781,0,0,0,0.49023569023569,0,0,0,0,0.49023569023569,0,0,-0.0279039642426867,0.0279039642426867,0.202020202020202,0,0.458333333333333,0.4375,0.4375,0.458333333333333,0.229166666666667,11,11,10,16,0.34375,35.8181818181818,7.19047619047619,99.4392482989524,9.76623925602367,48,55,0.460984848484849,amplicon_count,native_integer
carlstrom_phyllosphere_2019,Leaf324,Leaf359,0,0,0.5003367003367,0,0,0,0.481144781144781,0,0,0,0.49023569023569,0,0,0,0,0.49023569023569,0,0.15,-0.0141627494595744,0.0141627494595744,0.1003367003367,0,0.458333333333333,0.0416666666666667,0.0416666666666667,0.458333333333333,0.0416666666666667,2,20,0,26,0.0909090909090909,35.8181818181818,1.5,99.4392482989524,1.63829787234043,48,55,0.460984848484849,amplicon_count,native_integer
carlstrom_phyllosphere_2019,Leaf324,Leaf363,0,0,0.5003367003367,0,0,0,0.481144781144781,0,0,0,0.49023569023569,0,0,0,0,0.49023569023569,0,0.15,0.118934751146248,0.118934751146248,0.727946127946128,0,0.458333333333333,0.291666666666667,0.291666666666667,0.458333333333333,0.166666666666667,8,14,6,20,0.285714285714286,35.8181818181818,23.9285714285714,99.4392482989524,39.4577961257542,48,55,0.460984848484849,amplicon_count,native_integer
carlstrom_phyllosphere_2019,Leaf324,Leaf371,0,0,0.5003367003367,0,0,0,0.481144781144781,0,0,0,0.49023569023569,0,0,0,0,0.49023569023569,0,0,0.0187483472502649,0.0187483472502649,0.134006734006734,0,0.458333333333333,0.25,0.25,0.458333333333333,0.125,6,16,6,20,0.214285714285714,35.8181818181818,46.9166666666667,99.4392482989524,104.532066059484,48,55,0.460984848484849,amplicon_count,native_integer
carlstrom_phyllosphere_2019,Leaf324,Leaf380,0,0,0.5003367003367,0,0,0,0.481144781144781,0,0,0,0.49023569023569,0,0,0,0,0.49023569023569,0,0,-0.134520948834831,0.134520948834831,0.773737373737374,0,0.458333333333333,0.395833333333333,0.395833333333333,0.458333333333333,0.166666666666667,8,14,11,15,0.242424242424242,35.8181818181818,70.421052631579,99.4392482989524,644.908882740197,48,55,0.460984848484849,amplicon_count,native_integer
carlstrom_phyllosphere_2019,Leaf324,Leaf391,0,0,0.5003367003367,0,0,0,0.481144781144781,0,0,0,0.49023569023569,0,0,0,0,0.49023569023569,0,0,-0.0782664209825133,0.0782664209825133,0.534006734006734,0,0.458333333333333,0.8125,0.458333333333333,0.8125,0.395833333333333,19,3,20,6,0.452380952380952,35.8181818181818,121.897435897436,99.4392482989524,266.843616573725,48,55,0.460984848484849,amplicon_count,native_integer
carlstrom_phyllosphere_2019,Leaf324,Leaf396,0,0,0.5003367003367,0,0,0,0.481144781144781,0,0,0,0.49023569023569,0,0,0,0,0.49023569023569,0,0,-0.129042420627254,0.129042420627254,0.760942760942761,0,0.458333333333333,0.375,0.375,0.458333333333333,0.166666666666667,8,14,10,16,0.25,35.8181818181818,3.11111111111111,99.4392482989524,5.95744680851064,48,55,0.460984848484849,amplicon_count,native_integer
carlstrom_phyllosphere_2019,Leaf324,Leaf405,0,0,0.5003367003367,0,0,0,0.481144781144781,0,0,0,0.49023569023569,0,0,0,0,0.49023569023569,0,0,0.175254775909117,0.175254775909117,0.866666666666667,0,0.458333333333333,0.854166666666667,0.458333333333333,0.854166666666667,0.395833333333333,19,3,22,4,0.431818181818182,35.8181818181818,479.731707317073,99.4392482989524,1289.73232854811,48,55,0.460984848484849,amplicon_count,native_integer
carlstrom_phyllosphere_2019,Leaf324,Leaf41,0,0,0.5003367003367,0,0,0,0.481144781144781,0,0,0,0.49023569023569,0,0,0,0,0.49023569023569,0,0,-0.112460367173076,0.112460367173076,0.703703703703704,0,0.458333333333333,0.520833333333333,0.458333333333333,0.520833333333333,0.229166666666667,11,11,14,12,0.305555555555556,35.8181818181818,6.04,99.4392482989524,5.95166971959984,48,55,0.460984848484849,amplicon_count,native_integer
carlstrom_phyllosphere_2019,Leaf324,Leaf416,0,0,0.5003367003367,0,0,0,0.481144781144781,0,0,0,0.49023569023569,0,0,0,0,0.49023569023569,0,0,0.164482806098171,0.164482806098171,0.837037037037037,0,0.458333333333333,0.708333333333333,0.458333333333333,0.708333333333333,0.395833333333333,19,3,15,11,0.513513513513514,35.8181818181818,103.088235294118,99.4392482989524,1707.97219170182,48,55,0.460984848484849,amplicon_count,native_integer
carlstrom_phyllosphere_2019,Leaf324,Leaf420,0,0,0.5003367003367,0,0,0,0.481144781144781,0,0,0,0.49023569023569,0,0,0,0,0.49023569023569,0,0.05,0.21117945069577,0.21117945069577,0.926599326599327,0,0.458333333333333,1,0.458333333333333,1,0.458333333333333,22,0,26,0,0.458333333333333,35.8181818181818,336.333333333333,99.4392482989524,355.254496763174,48,55,0.460984848484849,amplicon_count,native_integer
carlstrom_phyllosphere_2019,Leaf324,Leaf427,0,0,0.5003367003367,0,0,0,0.481144781144781,0,0,0,0.49023569023569,0,0,0,0,0.49023569023569,0,0,-0.0209772079235616,0.0209772079235616,0.150841750841751,0,0.458333333333333,0.333333333333333,0.333333333333333,0.458333333333333,0.1875,9,13,7,19,0.310344827586207,35.8181818181818,10.0625,99.4392482989524,23.5526628782873,48,55,0.460984848484849,amplicon_count,native_integer
carlstrom_phyllosphere_2019,Leaf324,Leaf443,0,0,0.5003367003367,0,0,0,0.481144781144781,0,0,0,0.49023569023569,0,0,0,0,0.49023569023569,0,0,-0.00636027996127641,0.00636027996127641,0.037037037037037,0,0.458333333333333,0.395833333333333,0.395833333333333,0.458333333333333,0.229166666666667,11,11,8,18,0.366666666666667,35.8181818181818,19.8421052631579,99.4392482989524,80.271742197641,48,55,0.460984848484849,amplicon_count,native_integer
carlstrom_phyllosphere_2019,Leaf324,Leaf5,0,0,0.5003367003367,0,0,0,0.481144781144781,0,0,0,0.49023569023569,0,0,0,0,0.49023569023569,0,0.1,-0.126227685048214,0.126227685048214,0.754882154882155,0,0.458333333333333,0.0625,0.0625,0.458333333333333,0.0208333333333333,1,21,2,24,0.0416666666666667,35.8181818181818,45.6666666666667,99.4392482989524,86.4430812237925,48,55,0.460984848484849,amplicon_count,native_integer
carlstrom_phyllosphere_2019,Leaf324,Leaf68,0,0,0.5003367003367,0,7.51212612848516e-05,7.51212612848516e-05,0.962289562289562,0,0,0,0.49023569023569,0,0.1,0,0,0.49023569023569,0,0,-0.232670037163506,0.232670037163506,0.942760942760943,0,0.458333333333333,1,0.458333333333333,1,0.458333333333333,22,0,26,0,0.458333333333333,35.8181818181818,941.958333333333,99.4392482989524,348.901820091499,48,55,0.460984848484849,amplicon_count,native_integer
carlstrom_phyllosphere_2019,Leaf324,Leaf70,0,0,0.5003367003367,0,0,0,0.481144781144781,0,0,0,0.49023569023569,0,0,0,0,0.49023569023569,0,0,0.049352983686275,0.049352983686275,0.352188552188552,0,0.458333333333333,0.208333333333333,0.208333333333333,0.458333333333333,0.125,6,16,4,22,0.230769230769231,35.8181818181818,17,99.4392482989524,30.6498122653316,48,55,0.460984848484849,amplicon_count,native_integer
carlstrom_phyllosphere_2019,Leaf324,Leaf82,0,0,0.5003367003367,0,-0.0580108318497417,0.0580108318497417,0.983838383838384,0,0,0,0.49023569023569,0,0.05,0,0,0.49023569023569,0,0,-0.277241242522388,0.277241242522388,0.96969696969697,0,0.458333333333333,0.8125,0.458333333333333,0.8125,0.395833333333333,19,3,20,6,0.452380952380952,35.8181818181818,91.1282051282051,99.4392482989524,240.533890491984,48,55,0.460984848484849,amplicon_count,native_integer
carlstrom_phyllosphere_2019,Leaf324,Leaf83,0,0,0.5003367003367,0,0,0,0.481144781144781,0,0,0,0.49023569023569,0,0,0,0,0.49023569023569,0,0,-0.0811026055766967,0.0811026055766967,0.546801346801347,0,0.458333333333333,0.6875,0.458333333333333,0.6875,0.3125,15,7,18,8,0.375,35.8181818181818,305.818181818182,99.4392482989524,1571.80367849824,48,55,0.460984848484849,amplicon_count,native_integer
carlstrom_phyllosphere_2019,Leaf324,Leaf86,0,0,0.5003367003367,0,0,0,0.481144781144781,0,0,0,0.49023569023569,0,0,0,0,0.49023569023569,0,0.05,0.119483726357773,0.119483726357773,0.72996632996633,0,0.458333333333333,0.895833333333333,0.458333333333333,0.895833333333333,0.4375,21,1,22,4,0.477272727272727,35.8181818181818,400.581395348837,99.4392482989524,1334.10514776271,48,55,0.460984848484849,amplicon_count,native_integer
carlstrom_phyllosphere_2019,Leaf324,Leaf88,0,0,0.5003367003367,0,0,0,0.481144781144781,0,0,0,0.49023569023569,0,0,0,0,0.49023569023569,0,0,-0.0388947470270113,0.0388947470270113,0.284175084175084,0,0.458333333333333,0.3125,0.3125,0.458333333333333,0.208333333333333,10,12,5,21,0.37037037037037,35.8181818181818,84.2,99.4392482989524,965.149492090767,48,55,0.460984848484849,amplicon_count,native_integer
carlstrom_phyllosphere_2019,Leaf324,Leaf90,0,0,0.5003367003367,0,0,0,0.481144781144781,0,0,0,0.49023569023569,0,0.05,0,0,0.49023569023569,0,0.1,0.31694181474289,0.31694181474289,0.982491582491583,1,0.458333333333333,0.791666666666667,0.458333333333333,0.791666666666667,0.416666666666667,20,2,18,8,0.5,35.8181818181818,292.342105263158,99.4392482989524,1496.93020035509,48,55,0.460984848484849,amplicon_count,native_integer
carlstrom_phyllosphere_2019,Leaf33,Leaf202,0,0,0.5003367003367,0,0,0,0.481144781144781,0,0,0,0.49023569023569,0,0.15,-0.00353210465318246,0.00353210465318246,0.981818181818182,1,0.2,-0.288350295803336,0.288350295803336,0.974410774410774,0,0.354166666666667,1,0.354166666666667,1,0.354166666666667,17,0,31,0,0.354166666666667,100.588235294118,948.583333333333,225.172527062337,348.703505227093,48,55,0.460984848484849,amplicon_count,native_integer
carlstrom_phyllosphere_2019,Leaf33,Leaf225,0,0,0.5003367003367,0,0,0,0.481144781144781,0,0,0,0.49023569023569,0,0,0,0,0.49023569023569,0,0,-0.00876321099477967,0.00876321099477967,0.0525252525252525,0,0.354166666666667,0.208333333333333,0.208333333333333,0.354166666666667,0.0833333333333333,4,13,6,25,0.173913043478261,100.588235294118,4,225.172527062337,10.9957446808511,48,55,0.460984848484849,amplicon_count,native_integer
carlstrom_phyllosphere_2019,Leaf33,Leaf281,0,0,0.5003367003367,0,0,0,0.481144781144781,0,0,0,0.49023569023569,0,0,0,0,0.49023569023569,0,0,-0.0685164424769808,0.0685164424769808,0.484175084175084,0,0.354166666666667,0.541666666666667,0.354166666666667,0.541666666666667,0.1875,9,8,17,14,0.264705882352941,100.588235294118,17.0384615384615,225.172527062337,95.0328514480573,48,55,0.460984848484849,amplicon_count,native_integer
carlstrom_phyllosphere_2019,Leaf33,Leaf82,0,0,0.5003367003367,0,0,0,0.481144781144781,0,0,0,0.49023569023569,0,0,0,0,0.49023569023569,0,0,0.0127310199548061,0.0127310199548061,0.0868686868686869,0,0.354166666666667,0.8125,0.354166666666667,0.8125,0.3125,15,2,24,7,0.365853658536585,100.588235294118,91.1282051282051,225.172527062337,240.533890491984,48,55,0.460984848484849,amplicon_count,native_integer
carlstrom_phyllosphere_2019,Leaf33,Leaf83,0,0,0.5003367003367,0,0,0,0.481144781144781,0,0,0,0.49023569023569,0,0,0,0,0.49023569023569,0,0,-0.178577225559191,0.178577225559191,0.872727272727273,0,0.354166666666667,0.6875,0.354166666666667,0.6875,0.25,12,5,21,10,0.315789473684211,100.588235294118,305.818181818182,225.172527062337,1571.80367849824,48,55,0.460984848484849,amplicon_count,native_integer
carlstrom_phyllosphere_2019,Leaf33,Leaf86,0,0,0.5003367003367,0,0,0,0.481144781144781,0,0,0,0.49023569023569,0,0,0,0,0.49023569023569,0,0,0.081739913967593,0.081739913967593,0.551515151515152,0,0.354166666666667,0.895833333333333,0.354166666666667,0.895833333333333,0.291666666666667,14,3,29,2,0.304347826086957,100.588235294118,400.581395348837,225.172527062337,1334.10514776271,48,55,0.460984848484849,amplicon_count,native_integer
carlstrom_phyllosphere_2019,Leaf33,Leaf88,0,0,0.5003367003367,0,0,0,0.481144781144781,0,0,0,0.49023569023569,0,0,0,0,0.49023569023569,0,0,0.10371924926087,0.10371924926087,0.67003367003367,0,0.354166666666667,0.3125,0.3125,0.354166666666667,0.166666666666667,8,9,7,24,0.333333333333333,100.588235294118,84.2,225.172527062337,965.149492090767,48,55,0.460984848484849,amplicon_count,native_integer
carlstrom_phyllosphere_2019,Leaf33,Leaf90,0,0,0.5003367003367,0,0,0,0.481144781144781,0,0,0,0.49023569023569,0,0,0,0,0.49023569023569,0,0.1,0.200446614097211,0.200446614097211,0.914478114478115,0,0.354166666666667,0.791666666666667,0.354166666666667,0.791666666666667,0.291666666666667,14,3,24,7,0.341463414634146,100.588235294118,292.342105263158,225.172527062337,1496.93020035509,48,55,0.460984848484849,amplicon_count,native_integer
carlstrom_phyllosphere_2019,Leaf334,Leaf202,0,0,0.5003367003367,0,0,0,0.481144781144781,0,0,0,0.49023569023569,0,0.1,0,0,0.49023569023569,0,0,-0.145877689194221,0.145877689194221,0.8,0,0.1875,1,0.1875,1,0.1875,9,0,39,0,0.1875,5.55555555555556,948.583333333333,22.2212765957447,348.703505227093,48,55,0.460984848484849,amplicon_count,native_integer
carlstrom_phyllosphere_2019,Leaf334,Leaf225,0,0,0.5003367003367,0,0,0,0.481144781144781,0,0,0,0.49023569023569,0,0,0,0,0.49023569023569,0,0,0.0520907579580627,0.0520907579580627,0.373063973063973,0,0.1875,0.208333333333333,0.1875,0.208333333333333,0.0416666666666667,2,7,8,31,0.117647058823529,5.55555555555556,4,22.2212765957447,10.9957446808511,48,55,0.460984848484849,amplicon_count,native_integer
carlstrom_phyllosphere_2019,Leaf334,Leaf281,0,0,0.5003367003367,0,0,0,0.481144781144781,0,0,0,0.49023569023569,0,0,0,0,0.49023569023569,0,0,-0.029097202435731,0.029097202435731,0.212794612794613,0,0.1875,0.541666666666667,0.1875,0.541666666666667,0.145833333333333,7,2,19,20,0.25,5.55555555555556,17.0384615384615,22.2212765957447,95.0328514480573,48,55,0.460984848484849,amplicon_count,native_integer
carlstrom_phyllosphere_2019,Leaf334,Leaf3,0,0,0.5003367003367,0,0,0,0.481144781144781,0,0,0,0.49023569023569,0,0,0,0,0.49023569023569,0,0,-0.00538259893044432,0.00538259893044432,0.028956228956229,0,0.1875,0.541666666666667,0.1875,0.541666666666667,0.125,6,3,20,19,0.206896551724138,5.55555555555556,17.6923076923077,22.2212765957447,106.65605920444,48,55,0.460984848484849,amplicon_count,native_integer
carlstrom_phyllosphere_2019,Leaf334,Leaf33,0,0,0.5003367003367,0,0,0,0.481144781144781,0,0,0,0.49023569023569,0,0,0,0,0.49023569023569,0,0,0.0700264367714031,0.0700264367714031,0.488888888888889,0,0.1875,0.354166666666667,0.1875,0.354166666666667,0.104166666666667,5,4,12,27,0.238095238095238,5.55555555555556,100.588235294118,22.2212765957447,225.172527062337,48,55,0.460984848484849,amplicon_count,native_integer
carlstrom_phyllosphere_2019,Leaf334,Leaf336,0,0,0.5003367003367,0,0,0,0.481144781144781,0,0,0,0.49023569023569,0,0,0,0,0.49023569023569,0,0,0.023302368009365,0.023302368009365,0.171043771043771,0,0.1875,0.958333333333333,0.1875,0.958333333333333,0.166666666666667,8,1,38,1,0.170212765957447,5.55555555555556,14.195652173913,22.2212765957447,30.2871525854485,48,55,0.460984848484849,amplicon_count,native_integer
carlstrom_phyllosphere_2019,Leaf334,Leaf337,0,0,0.5003367003367,0,0,0,0.481144781144781,0,0,0,0.49023569023569,0,0.25,0,0,0.49023569023569,0,0,0.0844661063409854,0.0844661063409854,0.567676767676768,0,0.1875,0.208333333333333,0.1875,0.208333333333333,0.0625,3,6,7,32,0.1875,5.55555555555556,1.5,22.2212765957447,1.79148936170213,48,55,0.460984848484849,amplicon_count,native_integer
carlstrom_phyllosphere_2019,Leaf334,Leaf344,0,0,0.5003367003367,0,0,0,0.481144781144781,0,0,0,0.49023569023569,0,0,0,0,0.49023569023569,0,0,-0.0562540392109316,0.0562540392109316,0.4,0,0.1875,0.479166666666667,0.1875,0.479166666666667,0.0625,3,6,20,19,0.103448275862069,5.55555555555556,33.1739130434783,22.2212765957447,70.1006385767268,48,55,0.460984848484849,amplicon_count,native_integer
carlstrom_phyllosphere_2019,Leaf334,Leaf351,0,0,0.5003367003367,0,0,0,0.481144781144781,0,0,0,0.49023569023569,0,0,0,0,0.49023569023569,0,0,-0.0388557420086195,0.0388557420086195,0.283501683501684,0,0.1875,0.145833333333333,0.145833333333333,0.1875,0.0416666666666667,2,7,5,34,0.142857142857143,5.55555555555556,4.14285714285714,22.2212765957447,12.9413059427733,48,55,0.460984848484849,amplicon_count,native_integer
carlstrom_phyllosphere_2019,Leaf334,Leaf354,0,0,0.5003367003367,0,0,0,0.481144781144781,0,0,0,0.49023569023569,0,0,0,0,0.49023569023569,0,0,-0.004786032169995,0.004786032169995,0.0235690235690236,0,0.1875,0.875,0.1875,0.875,0.166666666666667,8,1,34,5,0.186046511627907,5.55555555555556,17.952380952381,22.2212765957447,84.8687849201423,48,55,0.460984848484849,amplicon_count,native_integer
carlstrom_phyllosphere_2019,Leaf334,Leaf357,0,0,0.5003367003367,0,0,0,0.481144781144781,0,0,0,0.49023569023569,0,0,0,0,0.49023569023569,0,0,-0.0364358764985741,0.0364358764985741,0.261279461279461,0,0.1875,0.4375,0.1875,0.4375,0.0833333333333333,4,5,17,22,0.153846153846154,5.55555555555556,7.19047619047619,22.2212765957447,9.76623925602367,48,55,0.460984848484849,amplicon_count,native_integer
carlstrom_phyllosphere_2019,Leaf334,Leaf359,0,0,0.5003367003367,0,0,0,0.481144781144781,0,0,0,0.49023569023569,0,0.45,0,0,0.49023569023569,0,0.05,0.0736848735914831,0.0736848735914831,0.505050505050505,0,0.1875,0.0416666666666667,0.0416666666666667,0.1875,0.0208333333333333,1,8,1,38,0.1,5.55555555555556,1.5,22.2212765957447,1.63829787234043,48,55,0.460984848484849,amplicon_count,native_integer
carlstrom_phyllosphere_2019,Leaf334,Leaf363,0,0,0.5003367003367,0,0,0,0.481144781144781,0,0,0,0.49023569023569,0,0,0,0,0.49023569023569,0,0.15,0.0440321509415115,0.0440321509415115,0.315824915824916,0,0.1875,0.291666666666667,0.1875,0.291666666666667,0.104166666666667,5,4,9,30,0.277777777777778,5.55555555555556,23.9285714285714,22.2212765957447,39.4577961257542,48,55,0.460984848484849,amplicon_count,native_integer
carlstrom_phyllosphere_2019,Leaf334,Leaf371,0,0,0.5003367003367,0,0,0,0.481144781144781,0,0,0,0.49023569023569,0,0,0,0,0.49023569023569,0,0,0.10081252112808,0.10081252112808,0.660606060606061,0,0.1875,0.25,0.1875,0.25,0.0625,3,6,9,30,0.166666666666667,5.55555555555556,46.9166666666667,22.2212765957447,104.532066059484,48,55,0.460984848484849,amplicon_count,native_integer
carlstrom_phyllosphere_2019,Leaf334,Leaf380,0,0,0.5003367003367,0,0,0,0.481144781144781,0,0,0,0.49023569023569,0,0,0,0,0.49023569023569,0,0,0.0726909404938942,0.0726909404938942,0.5003367003367,0,0.1875,0.395833333333333,0.1875,0.395833333333333,0.125,6,3,13,26,0.272727272727273,5.55555555555556,70.421052631579,22.2212765957447,644.908882740197,48,55,0.460984848484849,amplicon_count,native_integer
carlstrom_phyllosphere_2019,Leaf334,Leaf391,0,0,0.5003367003367,0,0,0,0.481144781144781,0,0,0,0.49023569023569,0,0,0,0,0.49023569023569,0,0,-0.059658960398103,0.059658960398103,0.426262626262626,0,0.1875,0.8125,0.1875,0.8125,0.145833333333333,7,2,32,7,0.170731707317073,5.55555555555556,121.897435897436,22.2212765957447,266.843616573725,48,55,0.460984848484849,amplicon_count,native_integer
carlstrom_phyllosphere_2019,Leaf334,Leaf396,0,0,0.5003367003367,0,0,0,0.481144781144781,0,0,0,0.49023569023569,0,0,0,0,0.49023569023569,0,0,-0.104647601973979,0.104647601973979,0.675420875420875,0,0.1875,0.375,0.1875,0.375,0.0625,3,6,15,24,0.125,5.55555555555556,3.11111111111111,22.2212765957447,5.95744680851064,48,55,0.460984848484849,amplicon_count,native_integer
carlstrom_phyllosphere_2019,Leaf334,Leaf405,0,0,0.5003367003367,0,0,0,0.481144781144781,0,0,0,0.49023569023569,0,0,0,0,0.49023569023569,0,0,0.0828931464017837,0.0828931464017837,0.558249158249158,0,0.1875,0.854166666666667,0.1875,0.854166666666667,0.1875,9,0,32,7,0.219512195121951,5.55555555555556,479.731707317073,22.2212765957447,1289.73232854811,48,55,0.460984848484849,amplicon_count,native_integer
carlstrom_phyllosphere_2019,Leaf334,Leaf41,0,0,0.5003367003367,0,0,0,0.481144781144781,0,0,0,0.49023569023569,0,0,0,0,0.49023569023569,0,0,-0.0597259540138932,0.0597259540138932,0.426936026936027,0,0.1875,0.520833333333333,0.1875,0.520833333333333,0.0833333333333333,4,5,21,18,0.133333333333333,5.55555555555556,6.04,22.2212765957447,5.95166971959984,48,55,0.460984848484849,amplicon_count,native_integer
carlstrom_phyllosphere_2019,Leaf334,Leaf416,0,0,0.5003367003367,0,0,0,0.481144781144781,0,0,0,0.49023569023569,0,0,0,0,0.49023569023569,0,0.15,-0.00297822145203989,0.00297822145203989,0.0154882154882155,0,0.1875,0.708333333333333,0.1875,0.708333333333333,0.1875,9,0,25,14,0.264705882352941,5.55555555555556,103.088235294118,22.2212765957447,1707.97219170182,48,55,0.460984848484849,amplicon_count,native_integer
carlstrom_phyllosphere_2019,Leaf334,Leaf420,0,0,0.5003367003367,0,0,0,0.481144781144781,0,0,0,0.49023569023569,0,0,0,0,0.49023569023569,0,0.05,-0.0160825950165633,0.0160825950165633,0.111784511784512,0,0.1875,1,0.1875,1,0.1875,9,0,39,0,0.1875,5.55555555555556,336.333333333333,22.2212765957447,355.254496763174,48,55,0.460984848484849,amplicon_count,native_integer
carlstrom_phyllosphere_2019,Leaf334,Leaf427,0,0,0.5003367003367,0,0,0,0.481144781144781,0,0,0,0.49023569023569,0,0,0,0,0.49023569023569,0,0,0.0102243929970537,0.0102243929970537,0.0646464646464647,0,0.1875,0.333333333333333,0.1875,0.333333333333333,0.0625,3,6,13,26,0.136363636363636,5.55555555555556,10.0625,22.2212765957447,23.5526628782873,48,55,0.460984848484849,amplicon_count,native_integer
carlstrom_phyllosphere_2019,Leaf334,Leaf443,0,0,0.5003367003367,0,0,0,0.481144781144781,0,0,0,0.49023569023569,0,0,0,0,0.49023569023569,0,0,-0.184881615567326,0.184881615567326,0.887542087542088,0,0.1875,0.395833333333333,0.1875,0.395833333333333,0.0833333333333333,4,5,15,24,0.166666666666667,5.55555555555556,19.8421052631579,22.2212765957447,80.271742197641,48,55,0.460984848484849,amplicon_count,native_integer
carlstrom_phyllosphere_2019,Leaf334,Leaf5,0,0,0.5003367003367,0,0,0,0.481144781144781,0,0,0,0.49023569023569,0,0,0,0,0.49023569023569,0,0,0.0352424794505571,0.0352424794505571,0.252525252525253,0,0.1875,0.0625,0.0625,0.1875,0,0,9,3,36,0,5.55555555555556,45.6666666666667,22.2212765957447,86.4430812237925,48,55,0.460984848484849,amplicon_count,native_integer
carlstrom_phyllosphere_2019,Leaf334,Leaf68,0,0,0.5003367003367,0,0,0,0.481144781144781,0,0,0,0.49023569023569,0,0.05,0,0,0.49023569023569,0,0,-0.153158844816007,0.153158844816007,0.818855218855219,0,0.1875,1,0.1875,1,0.1875,9,0,39,0,0.1875,5.55555555555556,941.958333333333,22.2212765957447,348.901820091499,48,55,0.460984848484849,amplicon_count,native_integer
carlstrom_phyllosphere_2019,Leaf334,Leaf70,0,0,0.5003367003367,0,0,0,0.481144781144781,0,0,0,0.49023569023569,0,0,0,0,0.49023569023569,0,0,0.0134450825754672,0.0134450825754672,0.0942760942760943,0,0.1875,0.208333333333333,0.1875,0.208333333333333,0.0625,3,6,7,32,0.1875,5.55555555555556,17,22.2212765957447,30.6498122653316,48,55,0.460984848484849,amplicon_count,native_integer
carlstrom_phyllosphere_2019,Leaf334,Leaf82,0,0,0.5003367003367,0,0,0,0.481144781144781,0,0,0,0.49023569023569,0,0,0,0,0.49023569023569,0,0,-0.0942015840575453,0.0942015840575453,0.621548821548822,0,0.1875,0.8125,0.1875,0.8125,0.1875,9,0,30,9,0.230769230769231,5.55555555555556,91.1282051282051,22.2212765957447,240.533890491984,48,55,0.460984848484849,amplicon_count,native_integer
carlstrom_phyllosphere_2019,Leaf334,Leaf83,0,0,0.5003367003367,0,0,0,0.481144781144781,0,0,0,0.49023569023569,0,0,0,0,0.49023569023569,0,0,-0.1120221630167,0.1120221630167,0.7003367003367,0,0.1875,0.6875,0.1875,0.6875,0.104166666666667,5,4,28,11,0.135135135135135,5.55555555555556,305.818181818182,22.2212765957447,1571.80367849824,48,55,0.460984848484849,amplicon_count,native_integer
carlstrom_phyllosphere_2019,Leaf334,Leaf86,0,0,0.5003367003367,0,0,0,0.481144781144781,0,0,0,0.49023569023569,0,0,0,0,0.49023569023569,0,0,-0.0754698127317331,0.0754698127317331,0.519191919191919,0,0.1875,0.895833333333333,0.1875,0.895833333333333,0.166666666666667,8,1,35,4,0.181818181818182,5.55555555555556,400.581395348837,22.2212765957447,1334.10514776271,48,55,0.460984848484849,amplicon_count,native_integer
carlstrom_phyllosphere_2019,Leaf334,Leaf88,0,0,0.5003367003367,0,0,0,0.481144781144781,0,0,0,0.49023569023569,0,0,0,0,0.49023569023569,0,0.15,-0.0288122774427692,0.0288122774427692,0.21010101010101,0,0.1875,0.3125,0.1875,0.3125,0.104166666666667,5,4,10,29,0.263157894736842,5.55555555555556,84.2,22.2212765957447,965.149492090767,48,55,0.460984848484849,amplicon_count,native_integer
carlstrom_phyllosphere_2019,Leaf334,Leaf90,0,0,0.5003367003367,0,0.0714379631811984,0.0714379631811984,0.987205387205387,0,0,0,0.49023569023569,0,0,0,0,0.49023569023569,0,0,0.165422485875814,0.165422485875814,0.841750841750842,0,0.1875,0.791666666666667,0.1875,0.791666666666667,0.1875,9,0,29,10,0.236842105263158,5.55555555555556,292.342105263158,22.2212765957447,1496.93020035509,48,55,0.460984848484849,amplicon_count,native_integer
carlstrom_phyllosphere_2019,Leaf336,Leaf202,0,0,0.5003367003367,0,0,0,0.481144781144781,0,0,0,0.49023569023569,0,0,0,0,0.49023569023569,0,0,-0.0936932996723848,0.0936932996723848,0.616835016835017,0,0.958333333333333,1,0.958333333333333,1,0.958333333333333,46,0,2,0,0.958333333333333,14.195652173913,948.583333333333,30.2871525854485,348.703505227093,48,55,0.460984848484849,amplicon_count,native_integer
carlstrom_phyllosphere_2019,Leaf336,Leaf225,0,0,0.5003367003367,0,0,0,0.481144781144781,0,0,0,0.49023569023569,0,0,0,0,0.49023569023569,0,0,-0.0599925883580199,0.0599925883580199,0.428282828282828,0,0.958333333333333,0.208333333333333,0.208333333333333,0.958333333333333,0.208333333333333,10,36,0,2,0.217391304347826,14.195652173913,4,30.2871525854485,10.9957446808511,48,55,0.460984848484849,amplicon_count,native_integer
carlstrom_phyllosphere_2019,Leaf336,Leaf281,0,0,0.5003367003367,0,0,0,0.481144781144781,0,0,0,0.49023569023569,0,0,0,0,0.49023569023569,0,0,-0.0849756397007818,0.0849756397007818,0.572390572390572,0,0.958333333333333,0.541666666666667,0.541666666666667,0.958333333333333,0.520833333333333,25,21,1,1,0.531914893617021,14.195652173913,17.0384615384615,30.2871525854485,95.0328514480573,48,55,0.460984848484849,amplicon_count,native_integer
carlstrom_phyllosphere_2019,Leaf336,Leaf3,0,0,0.5003367003367,0,0,0,0.481144781144781,0,0,0,0.49023569023569,0,0,0,0,0.49023569023569,0,0,-0.077010821373609,0.077010821373609,0.525925925925926,0,0.958333333333333,0.541666666666667,0.541666666666667,0.958333333333333,0.520833333333333,25,21,1,1,0.531914893617021,14.195652173913,17.6923076923077,30.2871525854485,106.65605920444,48,55,0.460984848484849,amplicon_count,native_integer
carlstrom_phyllosphere_2019,Leaf336,Leaf33,0,0,0.5003367003367,0,0,0,0.481144781144781,0,0,0,0.49023569023569,0,0,0,0,0.49023569023569,0,0,0.176075941372319,0.176075941372319,0.868013468013468,0,0.958333333333333,0.354166666666667,0.354166666666667,0.958333333333333,0.354166666666667,17,29,0,2,0.369565217391304,14.195652173913,100.588235294118,30.2871525854485,225.172527062337,48,55,0.460984848484849,amplicon_count,native_integer
carlstrom_phyllosphere_2019,Leaf336,Leaf337,0,0,0.5003367003367,0,0,0,0.481144781144781,0,0,0,0.49023569023569,0,0,0,0,0.49023569023569,0,0,0.0651821953093865,0.0651821953093865,0.458585858585859,0,0.958333333333333,0.208333333333333,0.208333333333333,0.958333333333333,0.208333333333333,10,36,0,2,0.217391304347826,14.195652173913,1.5,30.2871525854485,1.79148936170213,48,55,0.460984848484849,amplicon_count,native_integer
carlstrom_phyllosphere_2019,Leaf336,Leaf344,0,0,0.5003367003367,0,0,0,0.481144781144781,0,0,0,0.49023569023569,0,0,0,0,0.49023569023569,0,0,-0.170890930118377,0.170890930118377,0.854545454545455,0,0.958333333333333,0.479166666666667,0.479166666666667,0.958333333333333,0.458333333333333,22,24,1,1,0.468085106382979,14.195652173913,33.1739130434783,30.2871525854485,70.1006385767268,48,55,0.460984848484849,amplicon_count,native_integer
carlstrom_phyllosphere_2019,Leaf336,Leaf351,0,0,0.5003367003367,0,0.152252180757302,0.152252180757302,0.993265993265993,0,0.0254207366174483,0.0254207366174483,0.987878787878788,1,0.7,0,0,0.49023569023569,0,0.05,0.186752061460178,0.186752061460178,0.891582491582492,0,0.958333333333333,0.145833333333333,0.145833333333333,0.958333333333333,0.145833333333333,7,39,0,2,0.152173913043478,14.195652173913,4.14285714285714,30.2871525854485,12.9413059427733,48,55,0.460984848484849,amplicon_count,native_integer
carlstrom_phyllosphere_2019,Leaf336,Leaf354,0,0,0.5003367003367,0,0,0,0.481144781144781,0,0,0,0.49023569023569,0,0,0,0,0.49023569023569,0,0,0.123717838117383,0.123717838117383,0.744781144781145,0,0.958333333333333,0.875,0.875,0.958333333333333,0.833333333333333,40,6,2,0,0.833333333333333,14.195652173913,17.952380952381,30.2871525854485,84.8687849201423,48,55,0.460984848484849,amplicon_count,native_integer
carlstrom_phyllosphere_2019,Leaf336,Leaf357,0,0,0.5003367003367,0,0,0,0.481144781144781,0,0,0,0.49023569023569,0,0,0,0,0.49023569023569,0,0,0.0817711938025246,0.0817711938025246,0.552188552188552,0,0.958333333333333,0.4375,0.4375,0.958333333333333,0.4375,21,25,0,2,0.456521739130435,14.195652173913,7.19047619047619,30.2871525854485,9.76623925602367,48,55,0.460984848484849,amplicon_count,native_integer
carlstrom_phyllosphere_2019,Leaf336,Leaf359,0,0,0.5003367003367,0,0,0,0.481144781144781,0,0,0,0.49023569023569,0,0,0,0,0.49023569023569,0,0,0.000112673607837134,0.000112673607837134,0.00134680134680135,0,0.958333333333333,0.0416666666666667,0.0416666666666667,0.958333333333333,0.0416666666666667,2,44,0,2,0.0434782608695652,14.195652173913,1.5,30.2871525854485,1.63829787234043,48,55,0.460984848484849,amplicon_count,native_integer
carlstrom_phyllosphere_2019,Leaf336,Leaf363,0,0,0.5003367003367,0,0,0,0.481144781144781,0,0,0,0.49023569023569,0,0,0,0,0.49023569023569,0,0.1,-0.132950184282419,0.132950184282419,0.771717171717172,0,0.958333333333333,0.291666666666667,0.291666666666667,0.958333333333333,0.270833333333333,13,33,1,1,0.276595744680851,14.195652173913,23.9285714285714,30.2871525854485,39.4577961257542,48,55,0.460984848484849,amplicon_count,native_integer
carlstrom_phyllosphere_2019,Leaf336,Leaf371,0,0,0.5003367003367,0,0,0,0.481144781144781,0,0,0,0.49023569023569,0,0,0,0,0.49023569023569,0,0,-0.138375424240587,0.138375424240587,0.784511784511785,0,0.958333333333333,0.25,0.25,0.958333333333333,0.25,12,34,0,2,0.260869565217391,14.195652173913,46.9166666666667,30.2871525854485,104.532066059484,48,55,0.460984848484849,amplicon_count,native_integer
carlstrom_phyllosphere_2019,Leaf336,Leaf380,0,0,0.5003367003367,0,0,0,0.481144781144781,0,0,0,0.49023569023569,0,0,0,0,0.49023569023569,0,0,0.172768344154362,0.172768344154362,0.861279461279461,0,0.958333333333333,0.395833333333333,0.395833333333333,0.958333333333333,0.375,18,28,1,1,0.382978723404255,14.195652173913,70.421052631579,30.2871525854485,644.908882740197,48,55,0.460984848484849,amplicon_count,native_integer
carlstrom_phyllosphere_2019,Leaf336,Leaf391,0,0,0.5003367003367,0,0,0,0.481144781144781,0,0,0,0.49023569023569,0,0,0,0,0.49023569023569,0,0,-0.0186921497656331,0.0186921497656331,0.133333333333333,0,0.958333333333333,0.8125,0.8125,0.958333333333333,0.770833333333333,37,9,2,0,0.770833333333333,14.195652173913,121.897435897436,30.2871525854485,266.843616573725,48,55,0.460984848484849,amplicon_count,native_integer
carlstrom_phyllosphere_2019,Leaf336,Leaf396,0,0,0.5003367003367,0,0,0,0.481144781144781,0,0,0,0.49023569023569,0,0,0,0,0.49023569023569,0,0.05,0.158516217536855,0.158516217536855,0.82962962962963,0,0.958333333333333,0.375,0.375,0.958333333333333,0.375,18,28,0,2,0.391304347826087,14.195652173913,3.11111111111111,30.2871525854485,5.95744680851064,48,55,0.460984848484849,amplicon_count,native_integer
carlstrom_phyllosphere_2019,Leaf336,Leaf405,0,0,0.5003367003367,0,0,0,0.481144781144781,0,0,0,0.49023569023569,0,0.2,0,0,0.49023569023569,0,0,-0.328977188867913,0.328977188867913,0.983164983164983,1,0.958333333333333,0.854166666666667,0.854166666666667,0.958333333333333,0.8125,39,7,2,0,0.8125,14.195652173913,479.731707317073,30.2871525854485,1289.73232854811,48,55,0.460984848484849,amplicon_count,native_integer
carlstrom_phyllosphere_2019,Leaf336,Leaf41,0,0,0.5003367003367,0,0,0,0.481144781144781,0,0,0,0.49023569023569,0,0,0,0,0.49023569023569,0,0,-0.0642636812790707,0.0642636812790707,0.453198653198653,0,0.958333333333333,0.520833333333333,0.520833333333333,0.958333333333333,0.5,24,22,1,1,0.51063829787234,14.195652173913,6.04,30.2871525854485,5.95166971959984,48,55,0.460984848484849,amplicon_count,native_integer
carlstrom_phyllosphere_2019,Leaf336,Leaf416,0,0,0.5003367003367,0,0,0,0.481144781144781,0,0,0,0.49023569023569,0,0,0,0,0.49023569023569,0,0,-0.0710020291109806,0.0710020291109806,0.494276094276094,0,0.958333333333333,0.708333333333333,0.708333333333333,0.958333333333333,0.666666666666667,32,14,2,0,0.666666666666667,14.195652173913,103.088235294118,30.2871525854485,1707.97219170182,48,55,0.460984848484849,amplicon_count,native_integer
carlstrom_phyllosphere_2019,Leaf336,Leaf420,0,0,0.5003367003367,0,0,0,0.481144781144781,0,0,0,0.49023569023569,0,0.1,0,0,0.49023569023569,0,0,-0.243499887998103,0.243499887998103,0.948148148148148,0,0.958333333333333,1,0.958333333333333,1,0.958333333333333,46,0,2,0,0.958333333333333,14.195652173913,336.333333333333,30.2871525854485,355.254496763174,48,55,0.460984848484849,amplicon_count,native_integer
carlstrom_phyllosphere_2019,Leaf336,Leaf427,0,0,0.5003367003367,0,0,0,0.481144781144781,0,0,0,0.49023569023569,0,0,0,0,0.49023569023569,0,0,0.000470865426683716,0.000470865426683716,0.00471380471380471,0,0.958333333333333,0.333333333333333,0.333333333333333,0.958333333333333,0.333333333333333,16,30,0,2,0.347826086956522,14.195652173913,10.0625,30.2871525854485,23.5526628782873,48,55,0.460984848484849,amplicon_count,native_integer
carlstrom_phyllosphere_2019,Leaf336,Leaf443,0,0,0.5003367003367,0,0,0,0.481144781144781,0,0,0,0.49023569023569,0,0,0,0,0.49023569023569,0,0,-0.120114345455811,0.120114345455811,0.735353535353535,0,0.958333333333333,0.395833333333333,0.395833333333333,0.958333333333333,0.375,18,28,1,1,0.382978723404255,14.195652173913,19.8421052631579,30.2871525854485,80.271742197641,48,55,0.460984848484849,amplicon_count,native_integer
carlstrom_phyllosphere_2019,Leaf336,Leaf5,0,0,0.5003367003367,0,0,0,0.481144781144781,0,0,0,0.49023569023569,0,0.15,0,0,0.49023569023569,0,0,0.232168452501332,0.232168452501332,0.941414141414141,0,0.958333333333333,0.0625,0.0625,0.958333333333333,0.0625,3,43,0,2,0.0652173913043478,14.195652173913,45.6666666666667,30.2871525854485,86.4430812237925,48,55,0.460984848484849,amplicon_count,native_integer
carlstrom_phyllosphere_2019,Leaf336,Leaf68,0,0,0.5003367003367,0,0,0,0.481144781144781,0,0,0,0.49023569023569,0,0,0,0,0.49023569023569,0,0,-0.0940070620010775,0.0940070620010775,0.61952861952862,0,0.958333333333333,1,0.958333333333333,1,0.958333333333333,46,0,2,0,0.958333333333333,14.195652173913,941.958333333333,30.2871525854485,348.901820091499,48,55,0.460984848484849,amplicon_count,native_integer
carlstrom_phyllosphere_2019,Leaf336,Leaf70,0,0,0.5003367003367,0,0,0,0.481144781144781,0,0,0,0.49023569023569,0,0,0,0,0.49023569023569,0,0,-0.116892702092413,0.116892702092413,0.721885521885522,0,0.958333333333333,0.208333333333333,0.208333333333333,0.958333333333333,0.1875,9,37,1,1,0.191489361702128,14.195652173913,17,30.2871525854485,30.6498122653316,48,55,0.460984848484849,amplicon_count,native_integer
carlstrom_phyllosphere_2019,Leaf336,Leaf82,0,0,0.5003367003367,0,0,0,0.481144781144781,0,0,0,0.49023569023569,0,0,0,0,0.49023569023569,0,0,0.112216287247559,0.112216287247559,0.702356902356902,0,0.958333333333333,0.8125,0.8125,0.958333333333333,0.791666666666667,38,8,1,1,0.808510638297872,14.195652173913,91.1282051282051,30.2871525854485,240.533890491984,48,55,0.460984848484849,amplicon_count,native_integer
carlstrom_phyllosphere_2019,Leaf336,Leaf83,0,0,0.5003367003367,0,-0.0337621324092102,0.0337621324092102,0.979124579124579,0,0,0,0.49023569023569,0,0,0,0,0.49023569023569,0,0,-0.129504954776176,0.129504954776176,0.763636363636364,0,0.958333333333333,0.6875,0.6875,0.958333333333333,0.666666666666667,32,14,1,1,0.680851063829787,14.195652173913,305.818181818182,30.2871525854485,1571.80367849824,48,55,0.460984848484849,amplicon_count,native_integer
carlstrom_phyllosphere_2019,Leaf336,Leaf86,0,0,0.5003367003367,0,0,0,0.481144781144781,0,0,0,0.49023569023569,0,0,0,0,0.49023569023569,0,0,-0.217453426575631,0.217453426575631,0.931986531986532,0,0.958333333333333,0.895833333333333,0.895833333333333,0.958333333333333,0.854166666666667,41,5,2,0,0.854166666666667,14.195652173913,400.581395348837,30.2871525854485,1334.10514776271,48,55,0.460984848484849,amplicon_count,native_integer
carlstrom_phyllosphere_2019,Leaf336,Leaf88,0,0,0.5003367003367,0,0,0,0.481144781144781,0,0,0,0.49023569023569,0,0,0,0,0.49023569023569,0,0,0.0980571656891194,0.0980571656891194,0.644444444444445,0,0.958333333333333,0.3125,0.3125,0.958333333333333,0.3125,15,31,0,2,0.326086956521739,14.195652173913,84.2,30.2871525854485,965.149492090767,48,55,0.460984848484849,amplicon_count,native_integer
carlstrom_phyllosphere_2019,Leaf336,Leaf90,0,0,0.5003367003367,0,0,0,0.481144781144781,0,0,0,0.49023569023569,0,0,0,0,0.49023569023569,0,0.05,0.0979508300306543,0.0979508300306543,0.643771043771044,0,0.958333333333333,0.791666666666667,0.791666666666667,0.958333333333333,0.75,36,10,2,0,0.75,14.195652173913,292.342105263158,30.2871525854485,1496.93020035509,48,55,0.460984848484849,amplicon_count,native_integer
carlstrom_phyllosphere_2019,Leaf337,Leaf202,0,0,0.5003367003367,0,0,0,0.481144781144781,0,0,0,0.49023569023569,0,0,0,0,0.49023569023569,0,0,0.047834427499259,0.047834427499259,0.342760942760943,0,0.208333333333333,1,0.208333333333333,1,0.208333333333333,10,0,38,0,0.208333333333333,1.5,948.583333333333,1.79148936170213,348.703505227093,48,55,0.460984848484849,amplicon_count,native_integer
carlstrom_phyllosphere_2019,Leaf337,Leaf225,0,0,0.5003367003367,0,0,0,0.481144781144781,0,0,0,0.49023569023569,0,0,0,0,0.49023569023569,0,0,0.0562910219138029,0.0562910219138029,0.400673400673401,0,0.208333333333333,0.208333333333333,0.208333333333333,0.208333333333333,0.0416666666666667,2,8,8,30,0.111111111111111,1.5,4,1.79148936170213,10.9957446808511,48,55,0.460984848484849,amplicon_count,native_integer
carlstrom_phyllosphere_2019,Leaf337,Leaf281,0,0,0.5003367003367,0,0,0,0.481144781144781,0,0,0,0.49023569023569,0,0,0,0,0.49023569023569,0,0.1,0.017308685597704,0.017308685597704,0.117845117845118,0,0.208333333333333,0.541666666666667,0.208333333333333,0.541666666666667,0.166666666666667,8,2,18,20,0.285714285714286,1.5,17.0384615384615,1.79148936170213,95.0328514480573,48,55,0.460984848484849,amplicon_count,native_integer
carlstrom_phyllosphere_2019,Leaf337,Leaf3,0,0,0.5003367003367,0,0,0,0.481144781144781,0,0,0,0.49023569023569,0,0,0,0,0.49023569023569,0,0.05,0.00816176463840236,0.00816176463840236,0.0478114478114478,0,0.208333333333333,0.541666666666667,0.208333333333333,0.541666666666667,0.145833333333333,7,3,19,19,0.241379310344828,1.5,17.6923076923077,1.79148936170213,106.65605920444,48,55,0.460984848484849,amplicon_count,native_integer
carlstrom_phyllosphere_2019,Leaf337,Leaf33,0,0,0.5003367003367,0,0,0,0.481144781144781,0,0,0,0.49023569023569,0,0,0,0,0.49023569023569,0,0,-0.0804751814643187,0.0804751814643187,0.543434343434343,0,0.208333333333333,0.354166666666667,0.208333333333333,0.354166666666667,0.0833333333333333,4,6,13,25,0.173913043478261,1.5,100.588235294118,1.79148936170213,225.172527062337,48,55,0.460984848484849,amplicon_count,native_integer
carlstrom_phyllosphere_2019,Leaf337,Leaf344,0,0,0.5003367003367,0,0,0,0.481144781144781,0,0,0,0.49023569023569,0,0,0,0,0.49023569023569,0,0,0.0611084967819952,0.0611084967819952,0.436363636363636,0,0.208333333333333,0.479166666666667,0.208333333333333,0.479166666666667,0.125,6,4,17,21,0.222222222222222,1.5,33.1739130434783,1.79148936170213,70.1006385767268,48,55,0.460984848484849,amplicon_count,native_integer
carlstrom_phyllosphere_2019,Leaf337,Leaf351,0,0,0.5003367003367,0,0,0,0.481144781144781,0,0,0,0.49023569023569,0,0.25,0,0,0.49023569023569,0,0.1,0.0386511961696457,0.0386511961696457,0.282154882154882,0,0.208333333333333,0.145833333333333,0.145833333333333,0.208333333333333,0.0625,3,7,4,34,0.214285714285714,1.5,4.14285714285714,1.79148936170213,12.9413059427733,48,55,0.460984848484849,amplicon_count,native_integer
carlstrom_phyllosphere_2019,Leaf337,Leaf354,0,0,0.5003367003367,0,0,0,0.481144781144781,0,0,0,0.49023569023569,0,0.15,0,0,0.49023569023569,0,0.05,0.223587514764225,0.223587514764225,0.937373737373737,0,0.208333333333333,0.875,0.208333333333333,0.875,0.1875,9,1,33,5,0.209302325581395,1.5,17.952380952381,1.79148936170213,84.8687849201423,48,55,0.460984848484849,amplicon_count,native_integer
carlstrom_phyllosphere_2019,Leaf337,Leaf357,0,0,0.5003367003367,0,0,0,0.481144781144781,0,0,0,0.49023569023569,0,0,0,0,0.49023569023569,0,0,0.0212256736948241,0.0212256736948241,0.152188552188552,0,0.208333333333333,0.4375,0.208333333333333,0.4375,0.104166666666667,5,5,16,22,0.192307692307692,1.5,7.19047619047619,1.79148936170213,9.76623925602367,48,55,0.460984848484849,amplicon_count,native_integer
carlstrom_phyllosphere_2019,Leaf337,Leaf359,0,0,0.5003367003367,0,0,0,0.481144781144781,0,0.0523982409252121,0.0523982409252121,0.993265993265993,1,0.8,0,0,0.49023569023569,0,0,-0.0152548275420357,0.0152548275420357,0.107744107744108,0,0.208333333333333,0.0416666666666667,0.0416666666666667,0.208333333333333,0.0208333333333333,1,9,1,37,0.0909090909090909,1.5,1.5,1.79148936170213,1.63829787234043,48,55,0.460984848484849,amplicon_count,native_integer
carlstrom_phyllosphere_2019,Leaf337,Leaf363,0,0,0.5003367003367,0,0,0,0.481144781144781,0,0,0,0.49023569023569,0,0,0,0,0.49023569023569,0,0,-0.0641807076001265,0.0641807076001265,0.452525252525253,0,0.208333333333333,0.291666666666667,0.208333333333333,0.291666666666667,0.0416666666666667,2,8,12,26,0.0909090909090909,1.5,23.9285714285714,1.79148936170213,39.4577961257542,48,55,0.460984848484849,amplicon_count,native_integer
carlstrom_phyllosphere_2019,Leaf337,Leaf371,0,0,0.5003367003367,0,0,0,0.481144781144781,0,0,0,0.49023569023569,0,0,0,0,0.49023569023569,0,0,0.0125495557098186,0.0125495557098186,0.0855218855218855,0,0.208333333333333,0.25,0.208333333333333,0.25,0.0416666666666667,2,8,10,28,0.1,1.5,46.9166666666667,1.79148936170213,104.532066059484,48,55,0.460984848484849,amplicon_count,native_integer
carlstrom_phyllosphere_2019,Leaf337,Leaf380,0,0,0.5003367003367,0,0,0,0.481144781144781,0,0,0,0.49023569023569,0,0,0,0,0.49023569023569,0,0,0.0681427310616012,0.0681427310616012,0.48013468013468,0,0.208333333333333,0.395833333333333,0.208333333333333,0.395833333333333,0.0833333333333333,4,6,15,23,0.16,1.5,70.421052631579,1.79148936170213,644.908882740197,48,55,0.460984848484849,amplicon_count,native_integer
carlstrom_phyllosphere_2019,Leaf337,Leaf391,0,0,0.5003367003367,0,0,0,0.481144781144781,0,0,0,0.49023569023569,0,0,0,0,0.49023569023569,0,0,0.0352122294213399,0.0352122294213399,0.251178451178451,0,0.208333333333333,0.8125,0.208333333333333,0.8125,0.1875,9,1,30,8,0.225,1.5,121.897435897436,1.79148936170213,266.843616573725,48,55,0.460984848484849,amplicon_count,native_integer
carlstrom_phyllosphere_2019,Leaf337,Leaf396,0,0,0.5003367003367,0,0,0,0.481144781144781,0,0,0,0.49023569023569,0,0.05,0,0,0.49023569023569,0,0,-0.0133831264412661,0.0133831264412661,0.0936026936026936,0,0.208333333333333,0.375,0.208333333333333,0.375,0.125,6,4,12,26,0.272727272727273,1.5,3.11111111111111,1.79148936170213,5.95744680851064,48,55,0.460984848484849,amplicon_count,native_integer
carlstrom_phyllosphere_2019,Leaf337,Leaf405,0,0,0.5003367003367,0,0,0,0.481144781144781,0,0,0,0.49023569023569,0,0.05,0,0,0.49023569023569,0,0,-0.124617577268412,0.124617577268412,0.74949494949495,0,0.208333333333333,0.854166666666667,0.208333333333333,0.854166666666667,0.166666666666667,8,2,33,5,0.186046511627907,1.5,479.731707317073,1.79148936170213,1289.73232854811,48,55,0.460984848484849,amplicon_count,native_integer
carlstrom_phyllosphere_2019,Leaf337,Leaf41,0,0,0.5003367003367,0,0,0,0.481144781144781,0,0,0,0.49023569023569,0,0,0,0,0.49023569023569,0,0,-0.0504451986187757,0.0504451986187757,0.35959595959596,0,0.208333333333333,0.520833333333333,0.208333333333333,0.520833333333333,0.0625,3,7,22,16,0.09375,1.5,6.04,1.79148936170213,5.95166971959984,48,55,0.460984848484849,amplicon_count,native_integer
carlstrom_phyllosphere_2019,Leaf337,Leaf416,0,0,0.5003367003367,0,0,0,0.481144781144781,0,0,0,0.49023569023569,0,0,0,0,0.49023569023569,0,0,-0.0682313554393399,0.0682313554393399,0.482154882154882,0,0.208333333333333,0.708333333333333,0.208333333333333,0.708333333333333,0.1875,9,1,25,13,0.257142857142857,1.5,103.088235294118,1.79148936170213,1707.97219170182,48,55,0.460984848484849,amplicon_count,native_integer
carlstrom_phyllosphere_2019,Leaf337,Leaf420,0,0,0.5003367003367,0,0,0,0.481144781144781,0,0,0,0.49023569023569,0,0,0,0,0.49023569023569,0,0,-0.0234992183729418,0.0234992183729418,0.173737373737374,0,0.208333333333333,1,0.208333333333333,1,0.208333333333333,10,0,38,0,0.208333333333333,1.5,336.333333333333,1.79148936170213,355.254496763174,48,55,0.460984848484849,amplicon_count,native_integer
carlstrom_phyllosphere_2019,Leaf337,Leaf427,0,0,0.5003367003367,0,0,0,0.481144781144781,0,0,0,0.49023569023569,0,0,0,0,0.49023569023569,0,0.05,-0.0874629104075219,0.0874629104075219,0.587205387205387,0,0.208333333333333,0.333333333333333,0.208333333333333,0.333333333333333,0.0416666666666667,2,8,14,24,0.0833333333333333,1.5,10.0625,1.79148936170213,23.5526628782873,48,55,0.460984848484849,amplicon_count,native_integer
carlstrom_phyllosphere_2019,Leaf337,Leaf443,0,0,0.5003367003367,0,0,0,0.481144781144781,0,0,0,0.49023569023569,0,0,0,0,0.49023569023569,0,0.05,0.00663612153267609,0.00663612153267609,0.0383838383838384,0,0.208333333333333,0.395833333333333,0.208333333333333,0.395833333333333,0.125,6,4,13,25,0.260869565217391,1.5,19.8421052631579,1.79148936170213,80.271742197641,48,55,0.460984848484849,amplicon_count,native_integer
carlstrom_phyllosphere_2019,Leaf337,Leaf5,0,0,0.5003367003367,0,0,0,0.481144781144781,0,0,0,0.49023569023569,0,0,0,0,0.49023569023569,0,0,0.0563339132070877,0.0563339132070877,0.401346801346801,0,0.208333333333333,0.0625,0.0625,0.208333333333333,0,0,10,3,35,0,1.5,45.6666666666667,1.79148936170213,86.4430812237925,48,55,0.460984848484849,amplicon_count,native_integer
carlstrom_phyllosphere_2019,Leaf337,Leaf68,0,0,0.5003367003367,0,0,0,0.481144781144781,0,0,0,0.49023569023569,0,0,0,0,0.49023569023569,0,0,0.040031471208975,0.040031471208975,0.288888888888889,0,0.208333333333333,1,0.208333333333333,1,0.208333333333333,10,0,38,0,0.208333333333333,1.5,941.958333333333,1.79148936170213,348.901820091499,48,55,0.460984848484849,amplicon_count,native_integer
carlstrom_phyllosphere_2019,Leaf337,Leaf70,0,0,0.5003367003367,0,0,0,0.481144781144781,0,0,0,0.49023569023569,0,0,0,0,0.49023569023569,0,0,-0.00152095031122001,0.00152095031122001,0.00808080808080808,0,0.208333333333333,0.208333333333333,0.208333333333333,0.208333333333333,0.0833333333333333,4,6,6,32,0.25,1.5,17,1.79148936170213,30.6498122653316,48,55,0.460984848484849,amplicon_count,native_integer
carlstrom_phyllosphere_2019,Leaf337,Leaf82,0,0,0.5003367003367,0,0,0,0.481144781144781,0,0,0,0.49023569023569,0,0,0,0,0.49023569023569,0,0,0.028327581565117,0.028327581565117,0.206060606060606,0,0.208333333333333,0.8125,0.208333333333333,0.8125,0.208333333333333,10,0,29,9,0.256410256410256,1.5,91.1282051282051,1.79148936170213,240.533890491984,48,55,0.460984848484849,amplicon_count,native_integer
carlstrom_phyllosphere_2019,Leaf337,Leaf83,0,0,0.5003367003367,0,0,0,0.481144781144781,0,0,0,0.49023569023569,0,0,0,0,0.49023569023569,0,0,-0.0407190280315579,0.0407190280315579,0.294949494949495,0,0.208333333333333,0.6875,0.208333333333333,0.6875,0.145833333333333,7,3,26,12,0.194444444444444,1.5,305.818181818182,1.79148936170213,1571.80367849824,48,55,0.460984848484849,amplicon_count,native_integer
carlstrom_phyllosphere_2019,Leaf337,Leaf86,0,0,0.5003367003367,0,0,0,0.481144781144781,0,0,0,0.49023569023569,0,0,0,0,0.49023569023569,0,0,-0.00397684002329635,0.00397684002329635,0.0188552188552189,0,0.208333333333333,0.895833333333333,0.208333333333333,0.895833333333333,0.1875,9,1,34,4,0.204545454545455,1.5,400.581395348837,1.79148936170213,1334.10514776271,48,55,0.460984848484849,amplicon_count,native_integer
carlstrom_phyllosphere_2019,Leaf337,Leaf88,0,0,0.5003367003367,0,0,0,0.481144781144781,0,0,0,0.49023569023569,0,0,0,0,0.49023569023569,0,0,0.0120631499734419,0.0120631499734419,0.0821548821548822,0,0.208333333333333,0.3125,0.208333333333333,0.3125,0.0833333333333333,4,6,11,27,0.19047619047619,1.5,84.2,1.79148936170213,965.149492090767,48,55,0.460984848484849,amplicon_count,native_integer
carlstrom_phyllosphere_2019,Leaf337,Leaf90,0,0,0.5003367003367,0,0,0,0.481144781144781,0,0,0,0.49023569023569,0,0,0,0,0.49023569023569,0,0,-0.0142635133908839,0.0142635133908839,0.102356902356902,0,0.208333333333333,0.791666666666667,0.208333333333333,0.791666666666667,0.166666666666667,8,2,30,8,0.2,1.5,292.342105263158,1.79148936170213,1496.93020035509,48,55,0.460984848484849,amplicon_count,native_integer
carlstrom_phyllosphere_2019,Leaf344,Leaf202,0,0,0.5003367003367,0,0,0,0.481144781144781,0,0,0,0.49023569023569,0,0,0,0,0.49023569023569,0,0,0.192716898214344,0.192716898214344,0.898989898989899,0,0.479166666666667,1,0.479166666666667,1,0.479166666666667,23,0,25,0,0.479166666666667,33.1739130434783,948.583333333333,70.1006385767268,348.703505227093,48,55,0.460984848484849,amplicon_count,native_integer
carlstrom_phyllosphere_2019,Leaf344,Leaf225,0,0,0.5003367003367,0,0,0,0.481144781144781,0,0,0,0.49023569023569,0,0,0,0,0.49023569023569,0,0.15,-0.0822878318577755,0.0822878318577755,0.554882154882155,0,0.479166666666667,0.208333333333333,0.208333333333333,0.479166666666667,0.0416666666666667,2,21,8,17,0.0645161290322581,33.1739130434783,4,70.1006385767268,10.9957446808511,48,55,0.460984848484849,amplicon_count,native_integer
carlstrom_phyllosphere_2019,Leaf344,Leaf281,0,0,0.5003367003367,0,0,0,0.481144781144781,0,0,0,0.49023569023569,0,0,0,0,0.49023569023569,0,0,-0.0620561024430574,0.0620561024430574,0.442424242424243,0,0.479166666666667,0.541666666666667,0.479166666666667,0.541666666666667,0.291666666666667,14,9,12,13,0.4,33.1739130434783,17.0384615384615,70.1006385767268,95.0328514480573,48,55,0.460984848484849,amplicon_count,native_integer
carlstrom_phyllosphere_2019,Leaf344,Leaf3,0,0,0.5003367003367,0,0,0,0.481144781144781,0,0,0,0.49023569023569,0,0,0,0,0.49023569023569,0,0,-0.0589830145205016,0.0589830145205016,0.424915824915825,0,0.479166666666667,0.541666666666667,0.479166666666667,0.541666666666667,0.25,12,11,14,11,0.324324324324324,33.1739130434783,17.6923076923077,70.1006385767268,106.65605920444,48,55,0.460984848484849,amplicon_count,native_integer
carlstrom_phyllosphere_2019,Leaf344,Leaf33,0,0,0.5003367003367,0,0,0,0.481144781144781,0,0,0,0.49023569023569,0,0,0,0,0.49023569023569,0,0,-0.0273015841509637,0.0273015841509637,0.196632996632997,0,0.479166666666667,0.354166666666667,0.354166666666667,0.479166666666667,0.145833333333333,7,16,10,15,0.212121212121212,33.1739130434783,100.588235294118,70.1006385767268,225.172527062337,48,55,0.460984848484849,amplicon_count,native_integer
carlstrom_phyllosphere_2019,Leaf344,Leaf351,0,0,0.5003367003367,0,0,0,0.481144781144781,0,0,0,0.49023569023569,0,0,0,0,0.49023569023569,0,0,-0.0220250492898388,0.0220250492898388,0.16026936026936,0,0.479166666666667,0.145833333333333,0.145833333333333,0.479166666666667,0.0833333333333333,4,19,3,22,0.153846153846154,33.1739130434783,4.14285714285714,70.1006385767268,12.9413059427733,48,55,0.460984848484849,amplicon_count,native_integer
carlstrom_phyllosphere_2019,Leaf344,Leaf354,0,0,0.5003367003367,0,0,0,0.481144781144781,0,0,0,0.49023569023569,0,0,0,0,0.49023569023569,0,0,0.0606574147955111,0.0606574147955111,0.43030303030303,0,0.479166666666667,0.875,0.479166666666667,0.875,0.458333333333333,22,1,20,5,0.511627906976744,33.1739130434783,17.952380952381,70.1006385767268,84.8687849201423,48,55,0.460984848484849,amplicon_count,native_integer
carlstrom_phyllosphere_2019,Leaf344,Leaf357,0,0,0.5003367003367,0,0,0,0.481144781144781,0,0,0,0.49023569023569,0,0,0,0,0.49023569023569,0,0,-0.0629007626988792,0.0629007626988792,0.448484848484848,0,0.479166666666667,0.4375,0.4375,0.479166666666667,0.229166666666667,11,12,10,15,0.333333333333333,33.1739130434783,7.19047619047619,70.1006385767268,9.76623925602367,48,55,0.460984848484849,amplicon_count,native_integer
carlstrom_phyllosphere_2019,Leaf344,Leaf359,0,0,0.5003367003367,0,0,0,0.481144781144781,0,0,0,0.49023569023569,0,0,0,0,0.49023569023569,0,0,-0.00458179843608189,0.00458179843608189,0.0222222222222222,0,0.479166666666667,0.0416666666666667,0.0416666666666667,0.479166666666667,0.0208333333333333,1,22,1,24,0.0416666666666667,33.1739130434783,1.5,70.1006385767268,1.63829787234043,48,55,0.460984848484849,amplicon_count,native_integer
carlstrom_phyllosphere_2019,Leaf344,Leaf363,0,0,0.5003367003367,0,0,0,0.481144781144781,0,0,0,0.49023569023569,0,0,0,0,0.49023569023569,0,0,0.0470690105270649,0.0470690105270649,0.334680134680135,0,0.479166666666667,0.291666666666667,0.291666666666667,0.479166666666667,0.104166666666667,5,18,9,16,0.15625,33.1739130434783,23.9285714285714,70.1006385767268,39.4577961257542,48,55,0.460984848484849,amplicon_count,native_integer
carlstrom_phyllosphere_2019,Leaf344,Leaf371,0,0,0.5003367003367,0,0,0,0.481144781144781,0,0,0,0.49023569023569,0,0,0,0,0.49023569023569,0,0.05,-0.174108518475358,0.174108518475358,0.864646464646465,0,0.479166666666667,0.25,0.25,0.479166666666667,0.0625,3,20,9,16,0.09375,33.1739130434783,46.9166666666667,70.1006385767268,104.532066059484,48,55,0.460984848484849,amplicon_count,native_integer
carlstrom_phyllosphere_2019,Leaf344,Leaf380,0,0,0.5003367003367,0,0,0,0.481144781144781,0,0,0,0.49023569023569,0,0,0,0,0.49023569023569,0,0,-0.110887563688218,0.110887563688218,0.6996632996633,0,0.479166666666667,0.395833333333333,0.395833333333333,0.479166666666667,0.1875,9,14,10,15,0.272727272727273,33.1739130434783,70.421052631579,70.1006385767268,644.908882740197,48,55,0.460984848484849,amplicon_count,native_integer
carlstrom_phyllosphere_2019,Leaf344,Leaf391,0,0,0.5003367003367,0,0,0,0.481144781144781,0,0,0,0.49023569023569,0,0,0,0,0.49023569023569,0,0,0.17709903055811,0.17709903055811,0.87003367003367,0,0.479166666666667,0.8125,0.479166666666667,0.8125,0.416666666666667,20,3,19,6,0.476190476190476,33.1739130434783,121.897435897436,70.1006385767268,266.843616573725,48,55,0.460984848484849,amplicon_count,native_integer
carlstrom_phyllosphere_2019,Leaf344,Leaf396,0,0,0.5003367003367,0,0,0,0.481144781144781,0,0,0,0.49023569023569,0,0,0,0,0.49023569023569,0,0,0.0471074478316379,0.0471074478316379,0.335353535353535,0,0.479166666666667,0.375,0.375,0.479166666666667,0.1875,9,14,9,16,0.28125,33.1739130434783,3.11111111111111,70.1006385767268,5.95744680851064,48,55,0.460984848484849,amplicon_count,native_integer
carlstrom_phyllosphere_2019,Leaf344,Leaf405,0,0,0.5003367003367,0,0,0,0.481144781144781,0,0,0,0.49023569023569,0,0,0,0,0.49023569023569,0,0,-0.0535875719580357,0.0535875719580357,0.381818181818182,0,0.479166666666667,0.854166666666667,0.479166666666667,0.854166666666667,0.416666666666667,20,3,21,4,0.454545454545455,33.1739130434783,479.731707317073,70.1006385767268,1289.73232854811,48,55,0.460984848484849,amplicon_count,native_integer
carlstrom_phyllosphere_2019,Leaf344,Leaf41,0,0,0.5003367003367,0,0,0,0.481144781144781,0,0,0,0.49023569023569,0,0,0,0,0.49023569023569,0,0,0.109179699907871,0.109179699907871,0.69023569023569,0,0.479166666666667,0.520833333333333,0.479166666666667,0.520833333333333,0.208333333333333,10,13,15,10,0.263157894736842,33.1739130434783,6.04,70.1006385767268,5.95166971959984,48,55,0.460984848484849,amplicon_count,native_integer
carlstrom_phyllosphere_2019,Leaf344,Leaf416,0,0,0.5003367003367,0,0,0,0.481144781144781,0,0,0,0.49023569023569,0,0,0,0,0.49023569023569,0,0,0.100199333786728,0.100199333786728,0.657239057239057,0,0.479166666666667,0.708333333333333,0.479166666666667,0.708333333333333,0.333333333333333,16,7,18,7,0.390243902439024,33.1739130434783,103.088235294118,70.1006385767268,1707.97219170182,48,55,0.460984848484849,amplicon_count,native_integer
carlstrom_phyllosphere_2019,Leaf344,Leaf420,0,0,0.5003367003367,0,0,0,0.481144781144781,0,0,0,0.49023569023569,0,0,0,0,0.49023569023569,0,0,0.0669461688705904,0.0669461688705904,0.468686868686869,0,0.479166666666667,1,0.479166666666667,1,0.479166666666667,23,0,25,0,0.479166666666667,33.1739130434783,336.333333333333,70.1006385767268,355.254496763174,48,55,0.460984848484849,amplicon_count,native_integer
carlstrom_phyllosphere_2019,Leaf344,Leaf427,0,0,0.5003367003367,0,0,0,0.481144781144781,0,0,0,0.49023569023569,0,0,0,0,0.49023569023569,0,0,-0.0844006085231468,0.0844006085231468,0.567003367003367,0,0.479166666666667,0.333333333333333,0.333333333333333,0.479166666666667,0.125,6,17,10,15,0.181818181818182,33.1739130434783,10.0625,70.1006385767268,23.5526628782873,48,55,0.460984848484849,amplicon_count,native_integer
carlstrom_phyllosphere_2019,Leaf344,Leaf443,0,0,0.5003367003367,0,0,0,0.481144781144781,0,0,0,0.49023569023569,0,0.15,0,0,0.49023569023569,0,0,0.280094993709478,0.280094993709478,0.971717171717172,0,0.479166666666667,0.395833333333333,0.395833333333333,0.479166666666667,0.208333333333333,10,13,9,16,0.3125,33.1739130434783,19.8421052631579,70.1006385767268,80.271742197641,48,55,0.460984848484849,amplicon_count,native_integer
carlstrom_phyllosphere_2019,Leaf344,Leaf5,0,0,0.5003367003367,0,0,0,0.481144781144781,0,0,0,0.49023569023569,0,0,0,0,0.49023569023569,0,0,0.0843834585678526,0.0843834585678526,0.566329966329966,0,0.479166666666667,0.0625,0.0625,0.479166666666667,0.0416666666666667,2,21,1,24,0.0833333333333333,33.1739130434783,45.6666666666667,70.1006385767268,86.4430812237925,48,55,0.460984848484849,amplicon_count,native_integer
carlstrom_phyllosphere_2019,Leaf344,Leaf68,0,0,0.5003367003367,0,0,0,0.481144781144781,0,0,0,0.49023569023569,0,0,0,0,0.49023569023569,0,0,0.182236930431516,0.182236930431516,0.882154882154882,0,0.479166666666667,1,0.479166666666667,1,0.479166666666667,23,0,25,0,0.479166666666667,33.1739130434783,941.958333333333,70.1006385767268,348.901820091499,48,55,0.460984848484849,amplicon_count,native_integer
carlstrom_phyllosphere_2019,Leaf344,Leaf70,0,0,0.5003367003367,0,0,0,0.481144781144781,0,0,0,0.49023569023569,0,0,0,0,0.49023569023569,0,0,0.0413586670179746,0.0413586670179746,0.298989898989899,0,0.479166666666667,0.208333333333333,0.208333333333333,0.479166666666667,0.125,6,17,4,21,0.222222222222222,33.1739130434783,17,70.1006385767268,30.6498122653316,48,55,0.460984848484849,amplicon_count,native_integer
carlstrom_phyllosphere_2019,Leaf344,Leaf82,0,0,0.5003367003367,0,0.0111530573393685,0.0111530573393685,0.97037037037037,0,0,0,0.49023569023569,0,0,0,0,0.49023569023569,0,0,0.250555428382789,0.250555428382789,0.954882154882155,0,0.479166666666667,0.8125,0.479166666666667,0.8125,0.4375,21,2,18,7,0.51219512195122,33.1739130434783,91.1282051282051,70.1006385767268,240.533890491984,48,55,0.460984848484849,amplicon_count,native_integer
carlstrom_phyllosphere_2019,Leaf344,Leaf83,0,0,0.5003367003367,0,0.0120754678641516,0.0120754678641516,0.971043771043771,0,0,0,0.49023569023569,0,0,0,0,0.49023569023569,0,0,0.105515610247762,0.105515610247762,0.679461279461279,0,0.479166666666667,0.6875,0.479166666666667,0.6875,0.333333333333333,16,7,17,8,0.4,33.1739130434783,305.818181818182,70.1006385767268,1571.80367849824,48,55,0.460984848484849,amplicon_count,native_integer
carlstrom_phyllosphere_2019,Leaf344,Leaf86,0,0,0.5003367003367,0,0,0,0.481144781144781,0,0,0,0.49023569023569,0,0,0,0,0.49023569023569,0,0,-0.185682268072586,0.185682268072586,0.88956228956229,0,0.479166666666667,0.895833333333333,0.479166666666667,0.895833333333333,0.4375,21,2,22,3,0.466666666666667,33.1739130434783,400.581395348837,70.1006385767268,1334.10514776271,48,55,0.460984848484849,amplicon_count,native_integer
carlstrom_phyllosphere_2019,Leaf344,Leaf88,0,0,0.5003367003367,0,0,0,0.481144781144781,0,0,0,0.49023569023569,0,0,0,0,0.49023569023569,0,0,0.0939669027874236,0.0939669027874236,0.618855218855219,0,0.479166666666667,0.3125,0.3125,0.479166666666667,0.166666666666667,8,15,7,18,0.266666666666667,33.1739130434783,84.2,70.1006385767268,965.149492090767,48,55,0.460984848484849,amplicon_count,native_integer
carlstrom_phyllosphere_2019,Leaf344,Leaf90,0,0,0.5003367003367,0,0,0,0.481144781144781,0,0,0,0.49023569023569,0,0,0,0,0.49023569023569,0,0,0.159969965358607,0.159969965358607,0.83030303030303,0,0.479166666666667,0.791666666666667,0.479166666666667,0.791666666666667,0.395833333333333,19,4,19,6,0.452380952380952,33.1739130434783,292.342105263158,70.1006385767268,1496.93020035509,48,55,0.460984848484849,amplicon_count,native_integer
carlstrom_phyllosphere_2019,Leaf351,Leaf202,0,0,0.5003367003367,0,0,0,0.481144781144781,0,0,0,0.49023569023569,0,0,0,0,0.49023569023569,0,0,0.0110699375921891,0.0110699375921891,0.0734006734006734,0,0.145833333333333,1,0.145833333333333,1,0.145833333333333,7,0,41,0,0.145833333333333,4.14285714285714,948.583333333333,12.9413059427733,348.703505227093,48,55,0.460984848484849,amplicon_count,native_integer
carlstrom_phyllosphere_2019,Leaf351,Leaf225,0,0,0.5003367003367,0,0,0,0.481144781144781,0,0,0,0.49023569023569,0,0,0,0,0.49023569023569,0,0,-0.00675996507080617,0.00675996507080617,0.0397306397306397,0,0.145833333333333,0.208333333333333,0.145833333333333,0.208333333333333,0.0208333333333333,1,6,9,32,0.0625,4.14285714285714,4,12.9413059427733,10.9957446808511,48,55,0.460984848484849,amplicon_count,native_integer
carlstrom_phyllosphere_2019,Leaf351,Leaf281,0,0,0.5003367003367,0,0,0,0.481144781144781,0,0,0,0.49023569023569,0,0,0,0,0.49023569023569,0,0,-0.0940230841526295,0.0940230841526295,0.62020202020202,0,0.145833333333333,0.541666666666667,0.145833333333333,0.541666666666667,0.0833333333333333,4,3,22,19,0.137931034482759,4.14285714285714,17.0384615384615,12.9413059427733,95.0328514480573,48,55,0.460984848484849,amplicon_count,native_integer
carlstrom_phyllosphere_2019,Leaf351,Leaf3,0,0,0.5003367003367,0,0,0,0.481144781144781,0,0,0,0.49023569023569,0,0,0,0,0.49023569023569,0,0,-0.0406898923053407,0.0406898923053407,0.294276094276094,0,0.145833333333333,0.541666666666667,0.145833333333333,0.541666666666667,0.0833333333333333,4,3,22,19,0.137931034482759,4.14285714285714,17.6923076923077,12.9413059427733,106.65605920444,48,55,0.460984848484849,amplicon_count,native_integer
carlstrom_phyllosphere_2019,Leaf351,Leaf33,0,0,0.5003367003367,0,0,0,0.481144781144781,0,0,0,0.49023569023569,0,0,0,0,0.49023569023569,0,0,-0.0657906731052206,0.0657906731052206,0.463973063973064,0,0.145833333333333,0.354166666666667,0.145833333333333,0.354166666666667,0.0625,3,4,14,27,0.142857142857143,4.14285714285714,100.588235294118,12.9413059427733,225.172527062337,48,55,0.460984848484849,amplicon_count,native_integer
carlstrom_phyllosphere_2019,Leaf351,Leaf354,0,0,0.5003367003367,0,0,0,0.481144781144781,0,0,0,0.49023569023569,0,0.25,0,0,0.49023569023569,0,0.1,0.170712217569,0.170712217569,0.853872053872054,0,0.145833333333333,0.875,0.145833333333333,0.875,0.145833333333333,7,0,35,6,0.166666666666667,4.14285714285714,17.952380952381,12.9413059427733,84.8687849201423,48,55,0.460984848484849,amplicon_count,native_integer
carlstrom_phyllosphere_2019,Leaf351,Leaf357,0,0,0.5003367003367,0,0,0,0.481144781144781,0,0,0,0.49023569023569,0,0,0,0,0.49023569023569,0,0,-0.0246101664171762,0.0246101664171762,0.181144781144781,0,0.145833333333333,0.4375,0.145833333333333,0.4375,0.0625,3,4,18,23,0.12,4.14285714285714,7.19047619047619,12.9413059427733,9.76623925602367,48,55,0.460984848484849,amplicon_count,native_integer
carlstrom_phyllosphere_2019,Leaf351,Leaf359,0,0,0.5003367003367,0,0,0,0.481144781144781,0,0.10183070778251,0.10183070778251,0.996632996632997,1,1,0.116688536366858,0.116688536366858,0.997979797979798,1,0.85,0.0801227725164578,0.0801227725164578,0.542087542087542,0,0.145833333333333,0.0416666666666667,0.0416666666666667,0.145833333333333,0.0416666666666667,2,5,0,41,0.285714285714286,4.14285714285714,1.5,12.9413059427733,1.63829787234043,48,55,0.460984848484849,amplicon_count,native_integer
carlstrom_phyllosphere_2019,Leaf351,Leaf363,0,0,0.5003367003367,0,0,0,0.481144781144781,0,0,0,0.49023569023569,0,0,0,0,0.49023569023569,0,0,0.122770585331893,0.122770585331893,0.742087542087542,0,0.145833333333333,0.291666666666667,0.145833333333333,0.291666666666667,0.0625,3,4,11,30,0.166666666666667,4.14285714285714,23.9285714285714,12.9413059427733,39.4577961257542,48,55,0.460984848484849,amplicon_count,native_integer
carlstrom_phyllosphere_2019,Leaf351,Leaf371,0,0,0.5003367003367,0,0,0,0.481144781144781,0,0,0,0.49023569023569,0,0,-0.110763600155952,0.110763600155952,0.995959595959596,1,0.7,-0.0648848182327773,0.0648848182327773,0.457239057239057,0,0.145833333333333,0.25,0.145833333333333,0.25,0,0,7,12,29,0,4.14285714285714,46.9166666666667,12.9413059427733,104.532066059484,48,55,0.460984848484849,amplicon_count,native_integer
carlstrom_phyllosphere_2019,Leaf351,Leaf380,0,0,0.5003367003367,0,0,0,0.481144781144781,0,0,0,0.49023569023569,0,0,0,0,0.49023569023569,0,0,0.00933516957926816,0.00933516957926816,0.0572390572390572,0,0.145833333333333,0.395833333333333,0.145833333333333,0.395833333333333,0.0625,3,4,16,25,0.130434782608696,4.14285714285714,70.421052631579,12.9413059427733,644.908882740197,48,55,0.460984848484849,amplicon_count,native_integer
carlstrom_phyllosphere_2019,Leaf351,Leaf391,0,0,0.5003367003367,0,0,0,0.481144781144781,0,0,0,0.49023569023569,0,0,0,0,0.49023569023569,0,0.1,-0.0495856154797257,0.0495856154797257,0.353535353535354,0,0.145833333333333,0.8125,0.145833333333333,0.8125,0.145833333333333,7,0,32,9,0.17948717948718,4.14285714285714,121.897435897436,12.9413059427733,266.843616573725,48,55,0.460984848484849,amplicon_count,native_integer
carlstrom_phyllosphere_2019,Leaf351,Leaf396,0,0,0.5003367003367,0,0,0,0.481144781144781,0,0,0,0.49023569023569,0,0,0,0,0.49023569023569,0,0.15,0.0279795568494942,0.0279795568494942,0.202693602693603,0,0.145833333333333,0.375,0.145833333333333,0.375,0.0833333333333333,4,3,14,27,0.19047619047619,4.14285714285714,3.11111111111111,12.9413059427733,5.95744680851064,48,55,0.460984848484849,amplicon_count,native_integer
carlstrom_phyllosphere_2019,Leaf351,Leaf405,0,0,0.5003367003367,0,0,0,0.481144781144781,0,0,0,0.49023569023569,0,0.1,0,0,0.49023569023569,0,0.05,-0.177249278177548,0.177249278177548,0.870707070707071,0,0.145833333333333,0.854166666666667,0.145833333333333,0.854166666666667,0.0625,3,4,38,3,0.0666666666666667,4.14285714285714,479.731707317073,12.9413059427733,1289.73232854811,48,55,0.460984848484849,amplicon_count,native_integer
carlstrom_phyllosphere_2019,Leaf351,Leaf41,0,0,0.5003367003367,0,0,0,0.481144781144781,0,0,0,0.49023569023569,0,0,0,0,0.49023569023569,0,0,0.0110062481524938,0.0110062481524938,0.0720538720538721,0,0.145833333333333,0.520833333333333,0.145833333333333,0.520833333333333,0.0625,3,4,22,19,0.103448275862069,4.14285714285714,6.04,12.9413059427733,5.95166971959984,48,55,0.460984848484849,amplicon_count,native_integer
carlstrom_phyllosphere_2019,Leaf351,Leaf416,0,0,0.5003367003367,0,0,0,0.481144781144781,0,0,0,0.49023569023569,0,0,0,0,0.49023569023569,0,0,-0.00336864657596875,0.00336864657596875,0.0181818181818182,0,0.145833333333333,0.708333333333333,0.145833333333333,0.708333333333333,0.125,6,1,28,13,0.171428571428571,4.14285714285714,103.088235294118,12.9413059427733,1707.97219170182,48,55,0.460984848484849,amplicon_count,native_integer
carlstrom_phyllosphere_2019,Leaf351,Leaf420,0,0,0.5003367003367,0,0,0,0.481144781144781,0,0,0,0.49023569023569,0,0.2,0,0,0.49023569023569,0,0.15,-0.18409782709798,0.18409782709798,0.886195286195286,0,0.145833333333333,1,0.145833333333333,1,0.145833333333333,7,0,41,0,0.145833333333333,4.14285714285714,336.333333333333,12.9413059427733,355.254496763174,48,55,0.460984848484849,amplicon_count,native_integer
carlstrom_phyllosphere_2019,Leaf351,Leaf427,0,0,0.5003367003367,0,0,0,0.481144781144781,0,0,0,0.49023569023569,0,0,0,0,0.49023569023569,0,0.05,0.134166863001718,0.134166863001718,0.773063973063973,0,0.145833333333333,0.333333333333333,0.145833333333333,0.333333333333333,0.0416666666666667,2,5,14,27,0.0952380952380952,4.14285714285714,10.0625,12.9413059427733,23.5526628782873,48,55,0.460984848484849,amplicon_count,native_integer
carlstrom_phyllosphere_2019,Leaf351,Leaf443,0,0,0.5003367003367,0,0,0,0.481144781144781,0,0,0,0.49023569023569,0,0,0,0,0.49023569023569,0,0,-0.0428680834451947,0.0428680834451947,0.309090909090909,0,0.145833333333333,0.395833333333333,0.145833333333333,0.395833333333333,0.0833333333333333,4,3,15,26,0.181818181818182,4.14285714285714,19.8421052631579,12.9413059427733,80.271742197641,48,55,0.460984848484849,amplicon_count,native_integer
carlstrom_phyllosphere_2019,Leaf351,Leaf5,0,0,0.5003367003367,0,0,0,0.481144781144781,0,0,0,0.49023569023569,0,0.3,0,0,0.49023569023569,0,0,0.110841759105492,0.110841759105492,0.698316498316498,0,0.145833333333333,0.0625,0.0625,0.145833333333333,0.0208333333333333,1,6,2,39,0.111111111111111,4.14285714285714,45.6666666666667,12.9413059427733,86.4430812237925,48,55,0.460984848484849,amplicon_count,native_integer
carlstrom_phyllosphere_2019,Leaf351,Leaf68,0,0,0.5003367003367,0,0,0,0.481144781144781,0,0,0,0.49023569023569,0,0,0,0,0.49023569023569,0,0,0.00950122981264544,0.00950122981264544,0.0592592592592593,0,0.145833333333333,1,0.145833333333333,1,0.145833333333333,7,0,41,0,0.145833333333333,4.14285714285714,941.958333333333,12.9413059427733,348.901820091499,48,55,0.460984848484849,amplicon_count,native_integer
carlstrom_phyllosphere_2019,Leaf351,Leaf70,0,0,0.5003367003367,0,0,0,0.481144781144781,0,0,0,0.49023569023569,0,0,0,0,0.49023569023569,0,0.05,-0.0186094037775859,0.0186094037775859,0.130639730639731,0,0.145833333333333,0.208333333333333,0.145833333333333,0.208333333333333,0.0208333333333333,1,6,9,32,0.0625,4.14285714285714,17,12.9413059427733,30.6498122653316,48,55,0.460984848484849,amplicon_count,native_integer
carlstrom_phyllosphere_2019,Leaf351,Leaf82,0,0,0.5003367003367,0,0,0,0.481144781144781,0,0,0,0.49023569023569,0,0,0,0,0.49023569023569,0,0,-0.0785882980701813,0.0785882980701813,0.536026936026936,0,0.145833333333333,0.8125,0.145833333333333,0.8125,0.125,6,1,33,8,0.15,4.14285714285714,91.1282051282051,12.9413059427733,240.533890491984,48,55,0.460984848484849,amplicon_count,native_integer
carlstrom_phyllosphere_2019,Leaf351,Leaf83,0,0,0.5003367003367,0,0,0,0.481144781144781,0,0,0,0.49023569023569,0,0,0,0,0.49023569023569,0,0,-0.136596350437821,0.136596350437821,0.779124579124579,0,0.145833333333333,0.6875,0.145833333333333,0.6875,0.0625,3,4,30,11,0.0810810810810811,4.14285714285714,305.818181818182,12.9413059427733,1571.80367849824,48,55,0.460984848484849,amplicon_count,native_integer
carlstrom_phyllosphere_2019,Leaf351,Leaf86,0,0,0.5003367003367,0,0,0,0.481144781144781,0,0,0,0.49023569023569,0,0,0,0,0.49023569023569,0,0,0.00879133436548707,0.00879133436548707,0.0531986531986532,0,0.145833333333333,0.895833333333333,0.145833333333333,0.895833333333333,0.125,6,1,37,4,0.136363636363636,4.14285714285714,400.581395348837,12.9413059427733,1334.10514776271,48,55,0.460984848484849,amplicon_count,native_integer
carlstrom_phyllosphere_2019,Leaf351,Leaf88,0,0,0.5003367003367,0,0,0,0.481144781144781,0,0,0,0.49023569023569,0,0,0,0,0.49023569023569,0,0,0.0132199573690529,0.0132199573690529,0.0922558922558922,0,0.145833333333333,0.3125,0.145833333333333,0.3125,0.0625,3,4,12,29,0.157894736842105,4.14285714285714,84.2,12.9413059427733,965.149492090767,48,55,0.460984848484849,amplicon_count,native_integer
carlstrom_phyllosphere_2019,Leaf351,Leaf90,0,0,0.5003367003367,0,0,0,0.481144781144781,0,0,0,0.49023569023569,0,0,0,0,0.49023569023569,0,0.25,0.129112412232864,0.129112412232864,0.761616161616162,0,0.145833333333333,0.791666666666667,0.145833333333333,0.791666666666667,0.145833333333333,7,0,31,10,0.184210526315789,4.14285714285714,292.342105263158,12.9413059427733,1496.93020035509,48,55,0.460984848484849,amplicon_count,native_integer
carlstrom_phyllosphere_2019,Leaf354,Leaf202,0,0,0.5003367003367,0,0,0,0.481144781144781,0,0,0,0.49023569023569,0,0,0,0,0.49023569023569,0,0,0.0536894560965271,0.0536894560965271,0.383838383838384,0,0.875,1,0.875,1,0.875,42,0,6,0,0.875,17.952380952381,948.583333333333,84.8687849201423,348.703505227093,48,55,0.460984848484849,amplicon_count,native_integer
carlstrom_phyllosphere_2019,Leaf354,Leaf225,0,0,0.5003367003367,0,0,0,0.481144781144781,0,0,0,0.49023569023569,0,0,0,0,0.49023569023569,0,0,0.0210121358304549,0.0210121358304549,0.151515151515152,0,0.875,0.208333333333333,0.208333333333333,0.875,0.166666666666667,8,34,2,4,0.181818181818182,17.952380952381,4,84.8687849201423,10.9957446808511,48,55,0.460984848484849,amplicon_count,native_integer
carlstrom_phyllosphere_2019,Leaf354,Leaf281,0,0,0.5003367003367,0,0,0,0.481144781144781,0,0,0,0.49023569023569,0,0,0,0,0.49023569023569,0,0,-0.0128488845800572,0.0128488845800572,0.0882154882154882,0,0.875,0.541666666666667,0.541666666666667,0.875,0.479166666666667,23,19,3,3,0.511111111111111,17.952380952381,17.0384615384615,84.8687849201423,95.0328514480573,48,55,0.460984848484849,amplicon_count,native_integer
carlstrom_phyllosphere_2019,Leaf354,Leaf3,0,0,0.5003367003367,0,0,0,0.481144781144781,0,0,0,0.49023569023569,0,0,0,0,0.49023569023569,0,0,-0.0892141712813602,0.0892141712813602,0.595959595959596,0,0.875,0.541666666666667,0.541666666666667,0.875,0.479166666666667,23,19,3,3,0.511111111111111,17.952380952381,17.6923076923077,84.8687849201423,106.65605920444,48,55,0.460984848484849,amplicon_count,native_integer
carlstrom_phyllosphere_2019,Leaf354,Leaf33,0,0,0.5003367003367,0,0,0,0.481144781144781,0,0,0,0.49023569023569,0,0,0,0,0.49023569023569,0,0,-0.0427924625727213,0.0427924625727213,0.308417508417508,0,0.875,0.354166666666667,0.354166666666667,0.875,0.270833333333333,13,29,4,2,0.282608695652174,17.952380952381,100.588235294118,84.8687849201423,225.172527062337,48,55,0.460984848484849,amplicon_count,native_integer
carlstrom_phyllosphere_2019,Leaf354,Leaf357,0,0,0.5003367003367,0,0,0,0.481144781144781,0,0,0,0.49023569023569,0,0,0,0,0.49023569023569,0,0,0.21275794804282,0.21275794804282,0.927946127946128,0,0.875,0.4375,0.4375,0.875,0.395833333333333,19,23,2,4,0.431818181818182,17.952380952381,7.19047619047619,84.8687849201423,9.76623925602367,48,55,0.460984848484849,amplicon_count,native_integer
carlstrom_phyllosphere_2019,Leaf354,Leaf359,0,0,0.5003367003367,0,0,0,0.481144781144781,0,0,0,0.49023569023569,0,0,0,0,0.49023569023569,0,0,0.110865893950718,0.110865893950718,0.698989898989899,0,0.875,0.0416666666666667,0.0416666666666667,0.875,0.0416666666666667,2,40,0,6,0.0476190476190476,17.952380952381,1.5,84.8687849201423,1.63829787234043,48,55,0.460984848484849,amplicon_count,native_integer
carlstrom_phyllosphere_2019,Leaf354,Leaf363,0,0,0.5003367003367,0,0,0,0.481144781144781,0,0,0,0.49023569023569,0,0,0,0,0.49023569023569,0,0,-0.0357559295235765,0.0357559295235765,0.255892255892256,0,0.875,0.291666666666667,0.291666666666667,0.875,0.270833333333333,13,29,1,5,0.302325581395349,17.952380952381,23.9285714285714,84.8687849201423,39.4577961257542,48,55,0.460984848484849,amplicon_count,native_integer
carlstrom_phyllosphere_2019,Leaf354,Leaf371,0,0,0.5003367003367,0,0,0,0.481144781144781,0,0,0,0.49023569023569,0,0,0,0,0.49023569023569,0,0.1,-0.135116863776783,0.135116863776783,0.775084175084175,0,0.875,0.25,0.25,0.875,0.1875,9,33,3,3,0.2,17.952380952381,46.9166666666667,84.8687849201423,104.532066059484,48,55,0.460984848484849,amplicon_count,native_integer
carlstrom_phyllosphere_2019,Leaf354,Leaf380,0,0,0.5003367003367,0,0,0,0.481144781144781,0,0,0,0.49023569023569,0,0,0,0,0.49023569023569,0,0,-0.0722771072163413,0.0722771072163413,0.4996632996633,0,0.875,0.395833333333333,0.395833333333333,0.875,0.333333333333333,16,26,3,3,0.355555555555556,17.952380952381,70.421052631579,84.8687849201423,644.908882740197,48,55,0.460984848484849,amplicon_count,native_integer
carlstrom_phyllosphere_2019,Leaf354,Leaf391,0,0,0.5003367003367,0,0,0,0.481144781144781,0,0,0,0.49023569023569,0,0,0,0,0.49023569023569,0,0,0.145199368178833,0.145199368178833,0.796632996632997,0,0.875,0.8125,0.8125,0.875,0.729166666666667,35,7,4,2,0.760869565217391,17.952380952381,121.897435897436,84.8687849201423,266.843616573725,48,55,0.460984848484849,amplicon_count,native_integer
carlstrom_phyllosphere_2019,Leaf354,Leaf396,0,0,0.5003367003367,0,0,0,0.481144781144781,0,0,0,0.49023569023569,0,0,0,0,0.49023569023569,0,0.1,0.188101628406347,0.188101628406347,0.894949494949495,0,0.875,0.375,0.375,0.875,0.333333333333333,16,26,2,4,0.363636363636364,17.952380952381,3.11111111111111,84.8687849201423,5.95744680851064,48,55,0.460984848484849,amplicon_count,native_integer
carlstrom_phyllosphere_2019,Leaf354,Leaf405,0,0,0.5003367003367,0,0,0,0.481144781144781,0,0,0,0.49023569023569,0,0,0,0,0.49023569023569,0,0,-0.196388807975165,0.196388807975165,0.906397306397306,0,0.875,0.854166666666667,0.854166666666667,0.875,0.729166666666667,35,7,6,0,0.729166666666667,17.952380952381,479.731707317073,84.8687849201423,1289.73232854811,48,55,0.460984848484849,amplicon_count,native_integer
carlstrom_phyllosphere_2019,Leaf354,Leaf41,0,0,0.5003367003367,0,0,0,0.481144781144781,0,0,0,0.49023569023569,0,0,0,0,0.49023569023569,0,0,0.000371328510882488,0.000371328510882488,0.00404040404040404,0,0.875,0.520833333333333,0.520833333333333,0.875,0.416666666666667,20,22,5,1,0.425531914893617,17.952380952381,6.04,84.8687849201423,5.95166971959984,48,55,0.460984848484849,amplicon_count,native_integer
carlstrom_phyllosphere_2019,Leaf354,Leaf416,0,0,0.5003367003367,0,0,0,0.481144781144781,0,0,0,0.49023569023569,0,0,0,0,0.49023569023569,0,0,0.00856176166570899,0.00856176166570899,0.0511784511784512,0,0.875,0.708333333333333,0.708333333333333,0.875,0.625,30,12,4,2,0.652173913043478,17.952380952381,103.088235294118,84.8687849201423,1707.97219170182,48,55,0.460984848484849,amplicon_count,native_integer
carlstrom_phyllosphere_2019,Leaf354,Leaf420,0,0,0.5003367003367,0,0,0,0.481144781144781,0,0,0,0.49023569023569,0,0.05,0,0,0.49023569023569,0,0,-0.248308233219554,0.248308233219554,0.952861952861953,0,0.875,1,0.875,1,0.875,42,0,6,0,0.875,17.952380952381,336.333333333333,84.8687849201423,355.254496763174,48,55,0.460984848484849,amplicon_count,native_integer
carlstrom_phyllosphere_2019,Leaf354,Leaf427,0,0,0.5003367003367,0,0,0,0.481144781144781,0,0,0,0.49023569023569,0,0,0,0,0.49023569023569,0,0,-0.032607562609909,0.032607562609909,0.230976430976431,0,0.875,0.333333333333333,0.333333333333333,0.875,0.270833333333333,13,29,3,3,0.288888888888889,17.952380952381,10.0625,84.8687849201423,23.5526628782873,48,55,0.460984848484849,amplicon_count,native_integer
carlstrom_phyllosphere_2019,Leaf354,Leaf443,0,0,0.5003367003367,0,0,0,0.481144781144781,0,0,0,0.49023569023569,0,0,0,0,0.49023569023569,0,0,-0.105524779340066,0.105524779340066,0.68013468013468,0,0.875,0.395833333333333,0.395833333333333,0.875,0.333333333333333,16,26,3,3,0.355555555555556,17.952380952381,19.8421052631579,84.8687849201423,80.271742197641,48,55,0.460984848484849,amplicon_count,native_integer
carlstrom_phyllosphere_2019,Leaf354,Leaf5,0,0,0.5003367003367,0,0,0,0.481144781144781,0,0,0,0.49023569023569,0,0.2,0,0,0.49023569023569,0,0,0.210676167294167,0.210676167294167,0.925252525252525,0,0.875,0.0625,0.0625,0.875,0.0625,3,39,0,6,0.0714285714285714,17.952380952381,45.6666666666667,84.8687849201423,86.4430812237925,48,55,0.460984848484849,amplicon_count,native_integer
carlstrom_phyllosphere_2019,Leaf354,Leaf68,0,0,0.5003367003367,0,-0.000139947892961308,0.000139947892961308,0.962962962962963,0,0,0,0.49023569023569,0,0,0,0,0.49023569023569,0,0,0.0585190101555287,0.0585190101555287,0.420875420875421,0,0.875,1,0.875,1,0.875,42,0,6,0,0.875,17.952380952381,941.958333333333,84.8687849201423,348.901820091499,48,55,0.460984848484849,amplicon_count,native_integer
carlstrom_phyllosphere_2019,Leaf354,Leaf70,0,0,0.5003367003367,0,0,0,0.481144781144781,0,0,0,0.49023569023569,0,0,0,0,0.49023569023569,0,0,-0.166637898593863,0.166637898593863,0.844444444444445,0,0.875,0.208333333333333,0.208333333333333,0.875,0.145833333333333,7,35,3,3,0.155555555555556,17.952380952381,17,84.8687849201423,30.6498122653316,48,55,0.460984848484849,amplicon_count,native_integer
carlstrom_phyllosphere_2019,Leaf354,Leaf82,0,0,0.5003367003367,0,0,0,0.481144781144781,0,0,0,0.49023569023569,0,0,0,0,0.49023569023569,0,0,-0.0633408200072369,0.0633408200072369,0.44983164983165,0,0.875,0.8125,0.8125,0.875,0.708333333333333,34,8,5,1,0.723404255319149,17.952380952381,91.1282051282051,84.8687849201423,240.533890491984,48,55,0.460984848484849,amplicon_count,native_integer
carlstrom_phyllosphere_2019,Leaf354,Leaf83,0,0,0.5003367003367,0,0,0,0.481144781144781,0,0,0,0.49023569023569,0,0,0,0,0.49023569023569,0,0,-0.17108944032955,0.17108944032955,0.855892255892256,0,0.875,0.6875,0.6875,0.875,0.583333333333333,28,14,5,1,0.595744680851064,17.952380952381,305.818181818182,84.8687849201423,1571.80367849824,48,55,0.460984848484849,amplicon_count,native_integer
carlstrom_phyllosphere_2019,Leaf354,Leaf86,0,0,0.5003367003367,0,0,0,0.481144781144781,0,0,0,0.49023569023569,0,0,0,0,0.49023569023569,0,0,0.154979360749835,0.154979360749835,0.822895622895623,0,0.875,0.895833333333333,0.875,0.895833333333333,0.791666666666667,38,4,5,1,0.808510638297872,17.952380952381,400.581395348837,84.8687849201423,1334.10514776271,48,55,0.460984848484849,amplicon_count,native_integer
carlstrom_phyllosphere_2019,Leaf354,Leaf88,0,0,0.5003367003367,0,0,0,0.481144781144781,0,0,0,0.49023569023569,0,0,0,0,0.49023569023569,0,0,0.200736704732966,0.200736704732966,0.915824915824916,0,0.875,0.3125,0.3125,0.875,0.291666666666667,14,28,1,5,0.325581395348837,17.952380952381,84.2,84.8687849201423,965.149492090767,48,55,0.460984848484849,amplicon_count,native_integer
carlstrom_phyllosphere_2019,Leaf354,Leaf90,0,0,0.5003367003367,0,0,0,0.481144781144781,0,0,0,0.49023569023569,0,0,0,0,0.49023569023569,0,0,0.0449430326306546,0.0449430326306546,0.31986531986532,0,0.875,0.791666666666667,0.791666666666667,0.875,0.708333333333333,34,8,4,2,0.739130434782609,17.952380952381,292.342105263158,84.8687849201423,1496.93020035509,48,55,0.460984848484849,amplicon_count,native_integer
carlstrom_phyllosphere_2019,Leaf357,Leaf202,0,0,0.5003367003367,0,0,0,0.481144781144781,0,0,0,0.49023569023569,0,0,0,0,0.49023569023569,0,0,0.120056220467756,0.120056220467756,0.734006734006734,0,0.4375,1,0.4375,1,0.4375,21,0,27,0,0.4375,7.19047619047619,948.583333333333,9.76623925602367,348.703505227093,48,55,0.460984848484849,amplicon_count,native_integer
carlstrom_phyllosphere_2019,Leaf357,Leaf225,0,0,0.5003367003367,0,0,0,0.481144781144781,0,0,0,0.49023569023569,0,0,0,0,0.49023569023569,0,0,0.0549633579031267,0.0549633579031267,0.38989898989899,0,0.4375,0.208333333333333,0.208333333333333,0.4375,0.125,6,15,4,23,0.24,7.19047619047619,4,9.76623925602367,10.9957446808511,48,55,0.460984848484849,amplicon_count,native_integer
carlstrom_phyllosphere_2019,Leaf357,Leaf281,0,0,0.5003367003367,0,0,0,0.481144781144781,0,0,0,0.49023569023569,0,0,0,0,0.49023569023569,0,0,-0.0130323279731221,0.0130323279731221,0.0895622895622896,0,0.4375,0.541666666666667,0.4375,0.541666666666667,0.291666666666667,14,7,12,15,0.424242424242424,7.19047619047619,17.0384615384615,9.76623925602367,95.0328514480573,48,55,0.460984848484849,amplicon_count,native_integer
carlstrom_phyllosphere_2019,Leaf357,Leaf3,0,0,0.5003367003367,0,0,0,0.481144781144781,0,0,0,0.49023569023569,0,0,0,0,0.49023569023569,0,0,-0.0313667793463484,0.0313667793463484,0.225589225589226,0,0.4375,0.541666666666667,0.4375,0.541666666666667,0.291666666666667,14,7,12,15,0.424242424242424,7.19047619047619,17.6923076923077,9.76623925602367,106.65605920444,48,55,0.460984848484849,amplicon_count,native_integer
carlstrom_phyllosphere_2019,Leaf357,Leaf33,0,0,0.5003367003367,0,0,0,0.481144781144781,0,0,0,0.49023569023569,0,0,0,0,0.49023569023569,0,0,-0.209061006483698,0.209061006483698,0.923232323232323,0,0.4375,0.354166666666667,0.354166666666667,0.4375,0.166666666666667,8,13,9,18,0.266666666666667,7.19047619047619,100.588235294118,9.76623925602367,225.172527062337,48,55,0.460984848484849,amplicon_count,native_integer
carlstrom_phyllosphere_2019,Leaf357,Leaf359,0,0,0.5003367003367,0,0,0,0.481144781144781,0,0,0,0.49023569023569,0,0,0,0,0.49023569023569,0,0,-0.0125643181218567,0.0125643181218567,0.0861952861952862,0,0.4375,0.0416666666666667,0.0416666666666667,0.4375,0.0208333333333333,1,20,1,26,0.0454545454545455,7.19047619047619,1.5,9.76623925602367,1.63829787234043,48,55,0.460984848484849,amplicon_count,native_integer
carlstrom_phyllosphere_2019,Leaf357,Leaf363,0,0,0.5003367003367,0,0,0,0.481144781144781,0,0,0,0.49023569023569,0,0,0,0,0.49023569023569,0,0,-0.0675721070446744,0.0675721070446744,0.475420875420875,0,0.4375,0.291666666666667,0.291666666666667,0.4375,0.125,6,15,8,19,0.206896551724138,7.19047619047619,23.9285714285714,9.76623925602367,39.4577961257542,48,55,0.460984848484849,amplicon_count,native_integer
carlstrom_phyllosphere_2019,Leaf357,Leaf371,0,0,0.5003367003367,0,0,0,0.481144781144781,0,0,0,0.49023569023569,0,0,0,0,0.49023569023569,0,0,-0.0965143637585672,0.0965143637585672,0.636363636363636,0,0.4375,0.25,0.25,0.4375,0.0833333333333333,4,17,8,19,0.137931034482759,7.19047619047619,46.9166666666667,9.76623925602367,104.532066059484,48,55,0.460984848484849,amplicon_count,native_integer
carlstrom_phyllosphere_2019,Leaf357,Leaf380,0,0,0.5003367003367,0,0,0,0.481144781144781,0,0,0,0.49023569023569,0,0,0,0,0.49023569023569,0,0,-0.0570301114561066,0.0570301114561066,0.408080808080808,0,0.4375,0.395833333333333,0.395833333333333,0.4375,0.125,6,15,13,14,0.176470588235294,7.19047619047619,70.421052631579,9.76623925602367,644.908882740197,48,55,0.460984848484849,amplicon_count,native_integer
carlstrom_phyllosphere_2019,Leaf357,Leaf391,0,0,0.5003367003367,0,0,0,0.481144781144781,0,0,0,0.49023569023569,0,0,0,0,0.49023569023569,0,0.1,0.274938277370727,0.274938277370727,0.968350168350168,0,0.4375,0.8125,0.4375,0.8125,0.395833333333333,19,2,20,7,0.463414634146342,7.19047619047619,121.897435897436,9.76623925602367,266.843616573725,48,55,0.460984848484849,amplicon_count,native_integer
carlstrom_phyllosphere_2019,Leaf357,Leaf396,0,0,0.5003367003367,0,0,0,0.481144781144781,0,0,0,0.49023569023569,0,0,0,0,0.49023569023569,0,0.2,0.128589790792678,0.128589790792678,0.75959595959596,0,0.4375,0.375,0.375,0.4375,0.25,12,9,6,21,0.444444444444444,7.19047619047619,3.11111111111111,9.76623925602367,5.95744680851064,48,55,0.460984848484849,amplicon_count,native_integer
carlstrom_phyllosphere_2019,Leaf357,Leaf405,0,0,0.5003367003367,0,0,0,0.481144781144781,0,0,0,0.49023569023569,0,0,0,0,0.49023569023569,0,0,-0.129966186022804,0.129966186022804,0.767003367003367,0,0.4375,0.854166666666667,0.4375,0.854166666666667,0.416666666666667,20,1,21,6,0.476190476190476,7.19047619047619,479.731707317073,9.76623925602367,1289.73232854811,48,55,0.460984848484849,amplicon_count,native_integer
carlstrom_phyllosphere_2019,Leaf357,Leaf41,0,0,0.5003367003367,0,0,0,0.481144781144781,0,0,0,0.49023569023569,0,0,0,0,0.49023569023569,0,0,0.067336364231632,0.067336364231632,0.474074074074074,0,0.4375,0.520833333333333,0.4375,0.520833333333333,0.208333333333333,10,11,15,12,0.277777777777778,7.19047619047619,6.04,9.76623925602367,5.95166971959984,48,55,0.460984848484849,amplicon_count,native_integer
carlstrom_phyllosphere_2019,Leaf357,Leaf416,0,0,0.5003367003367,0,0,0,0.481144781144781,0,0,0,0.49023569023569,0,0,0,0,0.49023569023569,0,0,0.0208485129034783,0.0208485129034783,0.15016835016835,0,0.4375,0.708333333333333,0.4375,0.708333333333333,0.333333333333333,16,5,18,9,0.41025641025641,7.19047619047619,103.088235294118,9.76623925602367,1707.97219170182,48,55,0.460984848484849,amplicon_count,native_integer
carlstrom_phyllosphere_2019,Leaf357,Leaf420,0,0,0.5003367003367,0,0,0,0.481144781144781,0,0,0,0.49023569023569,0,0,0,0,0.49023569023569,0,0,-0.197688992035335,0.197688992035335,0.909090909090909,0,0.4375,1,0.4375,1,0.4375,21,0,27,0,0.4375,7.19047619047619,336.333333333333,9.76623925602367,355.254496763174,48,55,0.460984848484849,amplicon_count,native_integer
carlstrom_phyllosphere_2019,Leaf357,Leaf427,0,0,0.5003367003367,0,0,0,0.481144781144781,0,0,0,0.49023569023569,0,0,0,0,0.49023569023569,0,0,-0.0156889974856932,0.0156889974856932,0.10976430976431,0,0.4375,0.333333333333333,0.333333333333333,0.4375,0.166666666666667,8,13,8,19,0.275862068965517,7.19047619047619,10.0625,9.76623925602367,23.5526628782873,48,55,0.460984848484849,amplicon_count,native_integer
carlstrom_phyllosphere_2019,Leaf357,Leaf443,0,0,0.5003367003367,0,0,0,0.481144781144781,0,0,0,0.49023569023569,0,0,0,0,0.49023569023569,0,0,-0.0408865227393404,0.0408865227393404,0.296969696969697,0,0.4375,0.395833333333333,0.395833333333333,0.4375,0.1875,9,12,10,17,0.290322580645161,7.19047619047619,19.8421052631579,9.76623925602367,80.271742197641,48,55,0.460984848484849,amplicon_count,native_integer
carlstrom_phyllosphere_2019,Leaf357,Leaf5,0,0,0.5003367003367,0,0,0,0.481144781144781,0,0,0,0.49023569023569,0,0,0,0,0.49023569023569,0,0.1,0.00463471361261179,0.00463471361261179,0.0228956228956229,0,0.4375,0.0625,0.0625,0.4375,0.0208333333333333,1,20,2,25,0.0434782608695652,7.19047619047619,45.6666666666667,9.76623925602367,86.4430812237925,48,55,0.460984848484849,amplicon_count,native_integer
carlstrom_phyllosphere_2019,Leaf357,Leaf68,0,0,0.5003367003367,0,0,0,0.481144781144781,0,0,0,0.49023569023569,0,0,0,0,0.49023569023569,0,0.1,0.125600959204102,0.125600959204102,0.751515151515152,0,0.4375,1,0.4375,1,0.4375,21,0,27,0,0.4375,7.19047619047619,941.958333333333,9.76623925602367,348.901820091499,48,55,0.460984848484849,amplicon_count,native_integer
carlstrom_phyllosphere_2019,Leaf357,Leaf70,0,0,0.5003367003367,0,0,0,0.481144781144781,0,0,0,0.49023569023569,0,0,0,0,0.49023569023569,0,0,0.0632404758082086,0.0632404758082086,0.449158249158249,0,0.4375,0.208333333333333,0.208333333333333,0.4375,0.125,6,15,4,23,0.24,7.19047619047619,17,9.76623925602367,30.6498122653316,48,55,0.460984848484849,amplicon_count,native_integer
carlstrom_phyllosphere_2019,Leaf357,Leaf82,0,0,0.5003367003367,0,0,0,0.481144781144781,0,0,0,0.49023569023569,0,0,0,0,0.49023569023569,0,0,-0.100800774701926,0.100800774701926,0.65993265993266,0,0.4375,0.8125,0.4375,0.8125,0.354166666666667,17,4,22,5,0.395348837209302,7.19047619047619,91.1282051282051,9.76623925602367,240.533890491984,48,55,0.460984848484849,amplicon_count,native_integer
carlstrom_phyllosphere_2019,Leaf357,Leaf83,0,0,0.5003367003367,0,0,0,0.481144781144781,0,0,0,0.49023569023569,0,0.05,0,0,0.49023569023569,0,0.25,0.214339589143618,0.214339589143618,0.92996632996633,0,0.4375,0.6875,0.4375,0.6875,0.375,18,3,15,12,0.5,7.19047619047619,305.818181818182,9.76623925602367,1571.80367849824,48,55,0.460984848484849,amplicon_count,native_integer
carlstrom_phyllosphere_2019,Leaf357,Leaf86,0,0,0.5003367003367,0,0,0,0.481144781144781,0,0,0,0.49023569023569,0,0,0,0,0.49023569023569,0,0,0.075029046182324,0.075029046182324,0.516498316498316,0,0.4375,0.895833333333333,0.4375,0.895833333333333,0.395833333333333,19,2,24,3,0.422222222222222,7.19047619047619,400.581395348837,9.76623925602367,1334.10514776271,48,55,0.460984848484849,amplicon_count,native_integer
carlstrom_phyllosphere_2019,Leaf357,Leaf88,0,0,0.5003367003367,0,0,0,0.481144781144781,0,0,0,0.49023569023569,0,0.05,0,0,0.49023569023569,0,0.3,0.194418253419233,0.194418253419233,0.901010101010101,0,0.4375,0.3125,0.3125,0.4375,0.229166666666667,11,10,4,23,0.44,7.19047619047619,84.2,9.76623925602367,965.149492090767,48,55,0.460984848484849,amplicon_count,native_integer
carlstrom_phyllosphere_2019,Leaf357,Leaf90,0,0,0.5003367003367,0,0,0,0.481144781144781,0,0,0,0.49023569023569,0,0,0,0,0.49023569023569,0,0,-0.200595567781622,0.200595567781622,0.915151515151515,0,0.4375,0.791666666666667,0.4375,0.791666666666667,0.333333333333333,16,5,22,5,0.372093023255814,7.19047619047619,292.342105263158,9.76623925602367,1496.93020035509,48,55,0.460984848484849,amplicon_count,native_integer
carlstrom_phyllosphere_2019,Leaf359,Leaf202,0,0,0.5003367003367,0,0,0,0.481144781144781,0,0,0,0.49023569023569,0,0,0,0,0.49023569023569,0,0,0.0654831495341204,0.0654831495341204,0.45993265993266,0,0.0416666666666667,1,0.0416666666666667,1,0.0416666666666667,2,0,46,0,0.0416666666666667,1.5,948.583333333333,1.63829787234043,348.703505227093,48,55,0.460984848484849,amplicon_count,native_integer
carlstrom_phyllosphere_2019,Leaf359,Leaf225,0,0,0.5003367003367,0,0,0,0.481144781144781,0,0,0,0.49023569023569,0,0.3,0,0,0.49023569023569,0,0,-0.0178873608014929,0.0178873608014929,0.122558922558923,0,0.0416666666666667,0.208333333333333,0.0416666666666667,0.208333333333333,0.0208333333333333,1,1,9,37,0.0909090909090909,1.5,4,1.63829787234043,10.9957446808511,48,55,0.460984848484849,amplicon_count,native_integer
carlstrom_phyllosphere_2019,Leaf359,Leaf281,0,0,0.5003367003367,0,0,0,0.481144781144781,0,0,0,0.49023569023569,0,0,0,0,0.49023569023569,0,0,-0.0248963503212542,0.0248963503212542,0.182491582491582,0,0.0416666666666667,0.541666666666667,0.0416666666666667,0.541666666666667,0.0208333333333333,1,1,25,21,0.037037037037037,1.5,17.0384615384615,1.63829787234043,95.0328514480573,48,55,0.460984848484849,amplicon_count,native_integer
carlstrom_phyllosphere_2019,Leaf359,Leaf3,0,0,0.5003367003367,0,0,0,0.481144781144781,0,0,0,0.49023569023569,0,0,0,0,0.49023569023569,0,0,-0.0465224484968646,0.0465224484968646,0.333333333333333,0,0.0416666666666667,0.541666666666667,0.0416666666666667,0.541666666666667,0.0416666666666667,2,0,24,22,0.0769230769230769,1.5,17.6923076923077,1.63829787234043,106.65605920444,48,55,0.460984848484849,amplicon_count,native_integer
carlstrom_phyllosphere_2019,Leaf359,Leaf33,0,0,0.5003367003367,0,0,0,0.481144781144781,0,0,0,0.49023569023569,0,0,0,0,0.49023569023569,0,0,0.109183115559855,0.109183115559855,0.690909090909091,0,0.0416666666666667,0.354166666666667,0.0416666666666667,0.354166666666667,0.0208333333333333,1,1,16,30,0.0555555555555556,1.5,100.588235294118,1.63829787234043,225.172527062337,48,55,0.460984848484849,amplicon_count,native_integer
carlstrom_phyllosphere_2019,Leaf359,Leaf363,0,0,0.5003367003367,0,0,0,0.481144781144781,0,0,0,0.49023569023569,0,0,0.00302359316225811,0.00302359316225811,0.981144781144781,1,0.35,0.0749192952019472,0.0749192952019472,0.515824915824916,0,0.0416666666666667,0.291666666666667,0.0416666666666667,0.291666666666667,0.0416666666666667,2,0,12,34,0.142857142857143,1.5,23.9285714285714,1.63829787234043,39.4577961257542,48,55,0.460984848484849,amplicon_count,native_integer
carlstrom_phyllosphere_2019,Leaf359,Leaf371,0,0,0.5003367003367,0,0,0,0.481144781144781,0,0,0,0.49023569023569,0,0,0,0,0.49023569023569,0,0,0.0544821985448309,0.0544821985448309,0.387205387205387,0,0.0416666666666667,0.25,0.0416666666666667,0.25,0,0,2,12,34,0,1.5,46.9166666666667,1.63829787234043,104.532066059484,48,55,0.460984848484849,amplicon_count,native_integer
carlstrom_phyllosphere_2019,Leaf359,Leaf380,0,0,0.5003367003367,0,0,0,0.481144781144781,0,0,0,0.49023569023569,0,0,0,0,0.49023569023569,0,0,0.0186056674655117,0.0186056674655117,0.12996632996633,0,0.0416666666666667,0.395833333333333,0.0416666666666667,0.395833333333333,0.0208333333333333,1,1,18,28,0.05,1.5,70.421052631579,1.63829787234043,644.908882740197,48,55,0.460984848484849,amplicon_count,native_integer
carlstrom_phyllosphere_2019,Leaf359,Leaf391,0,0,0.5003367003367,0,0,0,0.481144781144781,0,0,0,0.49023569023569,0,0.05,0,0,0.49023569023569,0,0.1,-0.0623752729630289,0.0623752729630289,0.445117845117845,0,0.0416666666666667,0.8125,0.0416666666666667,0.8125,0.0416666666666667,2,0,37,9,0.0512820512820513,1.5,121.897435897436,1.63829787234043,266.843616573725,48,55,0.460984848484849,amplicon_count,native_integer
carlstrom_phyllosphere_2019,Leaf359,Leaf396,0,0,0.5003367003367,0,0,0,0.481144781144781,0,0,0,0.49023569023569,0,0,0,0,0.49023569023569,0,0,-0.017383115770986,0.017383115770986,0.119191919191919,0,0.0416666666666667,0.375,0.0416666666666667,0.375,0.0208333333333333,1,1,17,29,0.0526315789473684,1.5,3.11111111111111,1.63829787234043,5.95744680851064,48,55,0.460984848484849,amplicon_count,native_integer
carlstrom_phyllosphere_2019,Leaf359,Leaf405,0,0,0.5003367003367,0,0,0,0.481144781144781,0,0,0,0.49023569023569,0,0,0,0,0.49023569023569,0,0,-0.0607157066442155,0.0607157066442155,0.432323232323232,0,0.0416666666666667,0.854166666666667,0.0416666666666667,0.854166666666667,0.0208333333333333,1,1,40,6,0.0238095238095238,1.5,479.731707317073,1.63829787234043,1289.73232854811,48,55,0.460984848484849,amplicon_count,native_integer
carlstrom_phyllosphere_2019,Leaf359,Leaf41,0,0,0.5003367003367,0,0,0,0.481144781144781,0,0,0,0.49023569023569,0,0,0,0,0.49023569023569,0,0,-0.0393747745900688,0.0393747745900688,0.286195286195286,0,0.0416666666666667,0.520833333333333,0.0416666666666667,0.520833333333333,0.0208333333333333,1,1,24,22,0.0384615384615385,1.5,6.04,1.63829787234043,5.95166971959984,48,55,0.460984848484849,amplicon_count,native_integer
carlstrom_phyllosphere_2019,Leaf359,Leaf416,0,0,0.5003367003367,0,0,0,0.481144781144781,0,0,0,0.49023569023569,0,0,0,0,0.49023569023569,0,0,-0.0457974125611124,0.0457974125611124,0.325925925925926,0,0.0416666666666667,0.708333333333333,0.0416666666666667,0.708333333333333,0.0416666666666667,2,0,32,14,0.0588235294117647,1.5,103.088235294118,1.63829787234043,1707.97219170182,48,55,0.460984848484849,amplicon_count,native_integer
carlstrom_phyllosphere_2019,Leaf359,Leaf420,0,0,0.5003367003367,0,0,0,0.481144781144781,0,0,0,0.49023569023569,0,0,0,0,0.49023569023569,0,0,-0.0766417974281789,0.0766417974281789,0.522558922558923,0,0.0416666666666667,1,0.0416666666666667,1,0.0416666666666667,2,0,46,0,0.0416666666666667,1.5,336.333333333333,1.63829787234043,355.254496763174,48,55,0.460984848484849,amplicon_count,native_integer
carlstrom_phyllosphere_2019,Leaf359,Leaf427,0,0,0.5003367003367,0,0,0,0.481144781144781,0,0,0,0.49023569023569,0,0,0,0,0.49023569023569,0,0,-0.00575224611158823,0.00575224611158823,0.032996632996633,0,0.0416666666666667,0.333333333333333,0.0416666666666667,0.333333333333333,0.0208333333333333,1,1,15,31,0.0588235294117647,1.5,10.0625,1.63829787234043,23.5526628782873,48,55,0.460984848484849,amplicon_count,native_integer
carlstrom_phyllosphere_2019,Leaf359,Leaf443,0,0,0.5003367003367,0,0,0,0.481144781144781,0,0,0,0.49023569023569,0,0,0,0,0.49023569023569,0,0.4,-0.0327617711201419,0.0327617711201419,0.233670033670034,0,0.0416666666666667,0.395833333333333,0.0416666666666667,0.395833333333333,0.0416666666666667,2,0,17,29,0.105263157894737,1.5,19.8421052631579,1.63829787234043,80.271742197641,48,55,0.460984848484849,amplicon_count,native_integer
carlstrom_phyllosphere_2019,Leaf359,Leaf5,0,0,0.5003367003367,0,0,0,0.481144781144781,0,0,0,0.49023569023569,0,0.1,0,0,0.49023569023569,0,0,0.0861026467265801,0.0861026467265801,0.58047138047138,0,0.0416666666666667,0.0625,0.0416666666666667,0.0625,0,0,2,3,43,0,1.5,45.6666666666667,1.63829787234043,86.4430812237925,48,55,0.460984848484849,amplicon_count,native_integer
carlstrom_phyllosphere_2019,Leaf359,Leaf68,0,0,0.5003367003367,0,-0.00759684979226761,0.00759684979226761,0.96969696969697,0,0,0,0.49023569023569,0,0,0,0,0.49023569023569,0,0,0.0657539291790701,0.0657539291790701,0.462626262626263,0,0.0416666666666667,1,0.0416666666666667,1,0.0416666666666667,2,0,46,0,0.0416666666666667,1.5,941.958333333333,1.63829787234043,348.901820091499,48,55,0.460984848484849,amplicon_count,native_integer
carlstrom_phyllosphere_2019,Leaf359,Leaf70,0,0,0.5003367003367,0,0,0,0.481144781144781,0,0,0,0.49023569023569,0,0,0,0,0.49023569023569,0,0,0.0340413494927281,0.0340413494927281,0.243097643097643,0,0.0416666666666667,0.208333333333333,0.0416666666666667,0.208333333333333,0.0208333333333333,1,1,9,37,0.0909090909090909,1.5,17,1.63829787234043,30.6498122653316,48,55,0.460984848484849,amplicon_count,native_integer
carlstrom_phyllosphere_2019,Leaf359,Leaf82,0,0,0.5003367003367,0,0,0,0.481144781144781,0,0,0,0.49023569023569,0,0,0,0,0.49023569023569,0,0,-0.0848988084574909,0.0848988084574909,0.571717171717172,0,0.0416666666666667,0.8125,0.0416666666666667,0.8125,0.0416666666666667,2,0,37,9,0.0512820512820513,1.5,91.1282051282051,1.63829787234043,240.533890491984,48,55,0.460984848484849,amplicon_count,native_integer
carlstrom_phyllosphere_2019,Leaf359,Leaf83,0,0,0.5003367003367,0,0,0,0.481144781144781,0,0,0,0.49023569023569,0,0,0,0,0.49023569023569,0,0,-0.0343864123308812,0.0343864123308812,0.243771043771044,0,0.0416666666666667,0.6875,0.0416666666666667,0.6875,0.0208333333333333,1,1,32,14,0.0294117647058824,1.5,305.818181818182,1.63829787234043,1571.80367849824,48,55,0.460984848484849,amplicon_count,native_integer
carlstrom_phyllosphere_2019,Leaf359,Leaf86,0,0,0.5003367003367,0,0,0,0.481144781144781,0,0,0,0.49023569023569,0,0,0,0,0.49023569023569,0,0,-0.0363328105314173,0.0363328105314173,0.25993265993266,0,0.0416666666666667,0.895833333333333,0.0416666666666667,0.895833333333333,0.0416666666666667,2,0,41,5,0.0465116279069768,1.5,400.581395348837,1.63829787234043,1334.10514776271,48,55,0.460984848484849,amplicon_count,native_integer
carlstrom_phyllosphere_2019,Leaf359,Leaf88,0,0,0.5003367003367,0,0,0,0.481144781144781,0,0,0,0.49023569023569,0,0,0,0,0.49023569023569,0,0.05,0.0105467827890937,0.0105467827890937,0.068013468013468,0,0.0416666666666667,0.3125,0.0416666666666667,0.3125,0.0208333333333333,1,1,14,32,0.0625,1.5,84.2,1.63829787234043,965.149492090767,48,55,0.460984848484849,amplicon_count,native_integer
carlstrom_phyllosphere_2019,Leaf359,Leaf90,0,0,0.5003367003367,0,0,0,0.481144781144781,0,0,0,0.49023569023569,0,0,0,0,0.49023569023569,0,0,0.00610601216507523,0.00610601216507523,0.035016835016835,0,0.0416666666666667,0.791666666666667,0.0416666666666667,0.791666666666667,0.0416666666666667,2,0,36,10,0.0526315789473684,1.5,292.342105263158,1.63829787234043,1496.93020035509,48,55,0.460984848484849,amplicon_count,native_integer
carlstrom_phyllosphere_2019,Leaf363,Leaf202,0,0,0.5003367003367,0,0,0,0.481144781144781,0,0,0,0.49023569023569,0,0,0,0,0.49023569023569,0,0,0.0427537905932503,0.0427537905932503,0.307744107744108,0,0.291666666666667,1,0.291666666666667,1,0.291666666666667,14,0,34,0,0.291666666666667,23.9285714285714,948.583333333333,39.4577961257542,348.703505227093,48,55,0.460984848484849,amplicon_count,native_integer
carlstrom_phyllosphere_2019,Leaf363,Leaf225,0,0,0.5003367003367,0,0,0,0.481144781144781,0,0,0,0.49023569023569,0,0,0,0,0.49023569023569,0,0,-0.0233630042825327,0.0233630042825327,0.171717171717172,0,0.291666666666667,0.208333333333333,0.208333333333333,0.291666666666667,0.0833333333333333,4,10,6,28,0.2,23.9285714285714,4,39.4577961257542,10.9957446808511,48,55,0.460984848484849,amplicon_count,native_integer
carlstrom_phyllosphere_2019,Leaf363,Leaf281,0,0,0.5003367003367,0,0,0,0.481144781144781,0,0,0,0.49023569023569,0,0,0,0,0.49023569023569,0,0,0.0131628780022509,0.0131628780022509,0.0909090909090909,0,0.291666666666667,0.541666666666667,0.291666666666667,0.541666666666667,0.166666666666667,8,6,18,16,0.25,23.9285714285714,17.0384615384615,39.4577961257542,95.0328514480573,48,55,0.460984848484849,amplicon_count,native_integer
carlstrom_phyllosphere_2019,Leaf363,Leaf3,0,0,0.5003367003367,0,0,0,0.481144781144781,0,0,0,0.49023569023569,0,0,0,0,0.49023569023569,0,0,0.0622842507028175,0.0622842507028175,0.443771043771044,0,0.291666666666667,0.541666666666667,0.291666666666667,0.541666666666667,0.208333333333333,10,4,16,18,0.333333333333333,23.9285714285714,17.6923076923077,39.4577961257542,106.65605920444,48,55,0.460984848484849,amplicon_count,native_integer
carlstrom_phyllosphere_2019,Leaf363,Leaf33,0,0,0.5003367003367,0,0,0,0.481144781144781,0,0,0,0.49023569023569,0,0,0,0,0.49023569023569,0,0,-0.157285881288972,0.157285881288972,0.828282828282828,0,0.291666666666667,0.354166666666667,0.291666666666667,0.354166666666667,0.0833333333333333,4,10,13,21,0.148148148148148,23.9285714285714,100.588235294118,39.4577961257542,225.172527062337,48,55,0.460984848484849,amplicon_count,native_integer
carlstrom_phyllosphere_2019,Leaf363,Leaf371,0,0,0.5003367003367,0,0,0,0.481144781144781,0,0,0,0.49023569023569,0,0,0,0,0.49023569023569,0,0,-0.0141800767915836,0.0141800767915836,0.101010101010101,0,0.291666666666667,0.25,0.25,0.291666666666667,0.0625,3,11,9,25,0.130434782608696,23.9285714285714,46.9166666666667,39.4577961257542,104.532066059484,48,55,0.460984848484849,amplicon_count,native_integer
carlstrom_phyllosphere_2019,Leaf363,Leaf380,0,0,0.5003367003367,0,0,0,0.481144781144781,0,0,0,0.49023569023569,0,0,0,0,0.49023569023569,0,0,0.0140769368693946,0.0140769368693946,0.098989898989899,0,0.291666666666667,0.395833333333333,0.291666666666667,0.395833333333333,0.125,6,8,13,21,0.222222222222222,23.9285714285714,70.421052631579,39.4577961257542,644.908882740197,48,55,0.460984848484849,amplicon_count,native_integer
carlstrom_phyllosphere_2019,Leaf363,Leaf391,0,0,0.5003367003367,0,0,0,0.481144781144781,0,0,0,0.49023569023569,0,0,0,0,0.49023569023569,0,0,0.109399864870619,0.109399864870619,0.692929292929293,0,0.291666666666667,0.8125,0.291666666666667,0.8125,0.25,12,2,27,7,0.292682926829268,23.9285714285714,121.897435897436,39.4577961257542,266.843616573725,48,55,0.460984848484849,amplicon_count,native_integer
carlstrom_phyllosphere_2019,Leaf363,Leaf396,0,0,0.5003367003367,0,0,0,0.481144781144781,0,0,0,0.49023569023569,0,0,0,0,0.49023569023569,0,0,-0.0487729491399604,0.0487729491399604,0.348148148148148,0,0.291666666666667,0.375,0.291666666666667,0.375,0.104166666666667,5,9,13,21,0.185185185185185,23.9285714285714,3.11111111111111,39.4577961257542,5.95744680851064,48,55,0.460984848484849,amplicon_count,native_integer
carlstrom_phyllosphere_2019,Leaf363,Leaf405,0,0,0.5003367003367,0,0,0,0.481144781144781,0,0,0,0.49023569023569,0,0,0,0,0.49023569023569,0,0,-0.0227654153021936,0.0227654153021936,0.166329966329966,0,0.291666666666667,0.854166666666667,0.291666666666667,0.854166666666667,0.270833333333333,13,1,28,6,0.30952380952381,23.9285714285714,479.731707317073,39.4577961257542,1289.73232854811,48,55,0.460984848484849,amplicon_count,native_integer
carlstrom_phyllosphere_2019,Leaf363,Leaf41,0,0,0.5003367003367,0,0,0,0.481144781144781,0,0,0,0.49023569023569,0,0,0,0,0.49023569023569,0,0.05,0.119440230618701,0.119440230618701,0.729292929292929,0,0.291666666666667,0.520833333333333,0.291666666666667,0.520833333333333,0.1875,9,5,16,18,0.3,23.9285714285714,6.04,39.4577961257542,5.95166971959984,48,55,0.460984848484849,amplicon_count,native_integer
carlstrom_phyllosphere_2019,Leaf363,Leaf416,0,0,0.5003367003367,0,0,0,0.481144781144781,0,0,0,0.49023569023569,0,0,0,0,0.49023569023569,0,0,0.181401502712563,0.181401502712563,0.87946127946128,0,0.291666666666667,0.708333333333333,0.291666666666667,0.708333333333333,0.229166666666667,11,3,23,11,0.297297297297297,23.9285714285714,103.088235294118,39.4577961257542,1707.97219170182,48,55,0.460984848484849,amplicon_count,native_integer
carlstrom_phyllosphere_2019,Leaf363,Leaf420,0,0,0.5003367003367,0,0,0,0.481144781144781,0,0,0,0.49023569023569,0,0,0,0,0.49023569023569,0,0,0.0156972317797913,0.0156972317797913,0.11043771043771,0,0.291666666666667,1,0.291666666666667,1,0.291666666666667,14,0,34,0,0.291666666666667,23.9285714285714,336.333333333333,39.4577961257542,355.254496763174,48,55,0.460984848484849,amplicon_count,native_integer
carlstrom_phyllosphere_2019,Leaf363,Leaf427,0,0,0.5003367003367,0,0,0,0.481144781144781,0,0,0,0.49023569023569,0,0,0,0,0.49023569023569,0,0.1,0.0118335665160253,0.0118335665160253,0.0814814814814815,0,0.291666666666667,0.333333333333333,0.291666666666667,0.333333333333333,0.125,6,8,10,24,0.25,23.9285714285714,10.0625,39.4577961257542,23.5526628782873,48,55,0.460984848484849,amplicon_count,native_integer
carlstrom_phyllosphere_2019,Leaf363,Leaf443,0,0,0.5003367003367,0,0,0,0.481144781144781,0,0,0,0.49023569023569,0,0,0,0,0.49023569023569,0,0.1,0.0842139648017565,0.0842139648017565,0.564983164983165,0,0.291666666666667,0.395833333333333,0.291666666666667,0.395833333333333,0.166666666666667,8,6,11,23,0.32,23.9285714285714,19.8421052631579,39.4577961257542,80.271742197641,48,55,0.460984848484849,amplicon_count,native_integer
carlstrom_phyllosphere_2019,Leaf363,Leaf5,0,0,0.5003367003367,0,0,0,0.481144781144781,0,0,0,0.49023569023569,0,0,0,0,0.49023569023569,0,0.05,-0.0448474469648457,0.0448474469648457,0.319191919191919,0,0.291666666666667,0.0625,0.0625,0.291666666666667,0,0,14,3,31,0,23.9285714285714,45.6666666666667,39.4577961257542,86.4430812237925,48,55,0.460984848484849,amplicon_count,native_integer
carlstrom_phyllosphere_2019,Leaf363,Leaf68,0,0,0.5003367003367,0,0,0,0.481144781144781,0,0,0,0.49023569023569,0,0,0,0,0.49023569023569,0,0,0.0514289363362244,0.0514289363362244,0.367003367003367,0,0.291666666666667,1,0.291666666666667,1,0.291666666666667,14,0,34,0,0.291666666666667,23.9285714285714,941.958333333333,39.4577961257542,348.901820091499,48,55,0.460984848484849,amplicon_count,native_integer
carlstrom_phyllosphere_2019,Leaf363,Leaf70,0,0,0.5003367003367,0,0,0,0.481144781144781,0,0,0,0.49023569023569,0,0,0,0,0.49023569023569,0,0.1,0.150919483963056,0.150919483963056,0.814814814814815,0,0.291666666666667,0.208333333333333,0.208333333333333,0.291666666666667,0.104166666666667,5,9,5,29,0.263157894736842,23.9285714285714,17,39.4577961257542,30.6498122653316,48,55,0.460984848484849,amplicon_count,native_integer
carlstrom_phyllosphere_2019,Leaf363,Leaf82,0,0,0.5003367003367,0,0,0,0.481144781144781,0,0,0,0.49023569023569,0,0,0,0,0.49023569023569,0,0,0.00101486054026377,0.00101486054026377,0.00673400673400673,0,0.291666666666667,0.8125,0.291666666666667,0.8125,0.229166666666667,11,3,28,6,0.261904761904762,23.9285714285714,91.1282051282051,39.4577961257542,240.533890491984,48,55,0.460984848484849,amplicon_count,native_integer
carlstrom_phyllosphere_2019,Leaf363,Leaf83,0,0,0.5003367003367,0,-0.0208793083962959,0.0208793083962959,0.974410774410774,0,0,0,0.49023569023569,0,0,0,0,0.49023569023569,0,0,-0.147980027824108,0.147980027824108,0.810774410774411,0,0.291666666666667,0.6875,0.291666666666667,0.6875,0.166666666666667,8,6,25,9,0.205128205128205,23.9285714285714,305.818181818182,39.4577961257542,1571.80367849824,48,55,0.460984848484849,amplicon_count,native_integer
carlstrom_phyllosphere_2019,Leaf363,Leaf86,0,0,0.5003367003367,0,0,0,0.481144781144781,0,0,0,0.49023569023569,0,0,0,0,0.49023569023569,0,0.15,0.17998082633262,0.17998082633262,0.876767676767677,0,0.291666666666667,0.895833333333333,0.291666666666667,0.895833333333333,0.291666666666667,14,0,29,5,0.325581395348837,23.9285714285714,400.581395348837,39.4577961257542,1334.10514776271,48,55,0.460984848484849,amplicon_count,native_integer
carlstrom_phyllosphere_2019,Leaf363,Leaf88,0,0,0.5003367003367,0,0,0,0.481144781144781,0,0,0,0.49023569023569,0,0,0,0,0.49023569023569,0,0,-0.109251130314424,0.109251130314424,0.692255892255892,0,0.291666666666667,0.3125,0.291666666666667,0.3125,0.104166666666667,5,9,10,24,0.208333333333333,23.9285714285714,84.2,39.4577961257542,965.149492090767,48,55,0.460984848484849,amplicon_count,native_integer
carlstrom_phyllosphere_2019,Leaf363,Leaf90,0,0,0.5003367003367,0,0,0,0.481144781144781,0,0,0,0.49023569023569,0,0,0,0,0.49023569023569,0,0,-0.035896899614366,0.035896899614366,0.256565656565657,0,0.291666666666667,0.791666666666667,0.291666666666667,0.791666666666667,0.229166666666667,11,3,27,7,0.268292682926829,23.9285714285714,292.342105263158,39.4577961257542,1496.93020035509,48,55,0.460984848484849,amplicon_count,native_integer
carlstrom_phyllosphere_2019,Leaf371,Leaf202,0,0,0.5003367003367,0,0,0,0.481144781144781,0,0,0,0.49023569023569,0,0,0,0,0.49023569023569,0,0,0.138528726389625,0.138528726389625,0.785185185185185,0,0.25,1,0.25,1,0.25,12,0,36,0,0.25,46.9166666666667,948.583333333333,104.532066059484,348.703505227093,48,55,0.460984848484849,amplicon_count,native_integer
carlstrom_phyllosphere_2019,Leaf371,Leaf225,0,0,0.5003367003367,0,0,0,0.481144781144781,0,0,0,0.49023569023569,0,0,0,0,0.49023569023569,0,0,-0.00325164244673786,0.00325164244673786,0.0175084175084175,0,0.25,0.208333333333333,0.208333333333333,0.25,0.0416666666666667,2,10,8,28,0.1,46.9166666666667,4,104.532066059484,10.9957446808511,48,55,0.460984848484849,amplicon_count,native_integer
carlstrom_phyllosphere_2019,Leaf371,Leaf281,0,0,0.5003367003367,0,0,0,0.481144781144781,0,0,0,0.49023569023569,0,0,0,0,0.49023569023569,0,0,0.00202447882525151,0.00202447882525151,0.0107744107744108,0,0.25,0.541666666666667,0.25,0.541666666666667,0.104166666666667,5,7,21,15,0.151515151515152,46.9166666666667,17.0384615384615,104.532066059484,95.0328514480573,48,55,0.460984848484849,amplicon_count,native_integer
carlstrom_phyllosphere_2019,Leaf371,Leaf3,0,0,0.5003367003367,0,0,0,0.481144781144781,0,0,0,0.49023569023569,0,0,0,0,0.49023569023569,0,0,0.0197101373200495,0.0197101373200495,0.142087542087542,0,0.25,0.541666666666667,0.25,0.541666666666667,0.125,6,6,20,16,0.1875,46.9166666666667,17.6923076923077,104.532066059484,106.65605920444,48,55,0.460984848484849,amplicon_count,native_integer
carlstrom_phyllosphere_2019,Leaf371,Leaf33,0,0,0.5003367003367,0,0,0,0.481144781144781,0,0,0,0.49023569023569,0,0,0,0,0.49023569023569,0,0,-0.0297617915228354,0.0297617915228354,0.214814814814815,0,0.25,0.354166666666667,0.25,0.354166666666667,0.104166666666667,5,7,12,24,0.208333333333333,46.9166666666667,100.588235294118,104.532066059484,225.172527062337,48,55,0.460984848484849,amplicon_count,native_integer
carlstrom_phyllosphere_2019,Leaf371,Leaf380,0,0,0.5003367003367,0,0,0,0.481144781144781,0,0,0,0.49023569023569,0,0,0,0,0.49023569023569,0,0,0.190640128080222,0.190640128080222,0.896969696969697,0,0.25,0.395833333333333,0.25,0.395833333333333,0.104166666666667,5,7,14,22,0.192307692307692,46.9166666666667,70.421052631579,104.532066059484,644.908882740197,48,55,0.460984848484849,amplicon_count,native_integer
carlstrom_phyllosphere_2019,Leaf371,Leaf391,0,0,0.5003367003367,0,0,0,0.481144781144781,0,0,0,0.49023569023569,0,0,0,0,0.49023569023569,0,0,-0.182064057142902,0.182064057142902,0.880808080808081,0,0.25,0.8125,0.25,0.8125,0.1875,9,3,30,6,0.214285714285714,46.9166666666667,121.897435897436,104.532066059484,266.843616573725,48,55,0.460984848484849,amplicon_count,native_integer
carlstrom_phyllosphere_2019,Leaf371,Leaf396,0,0,0.5003367003367,0,0,0,0.481144781144781,0,0,0,0.49023569023569,0,0,0,0,0.49023569023569,0,0.05,-0.0848915884671834,0.0848915884671834,0.571043771043771,0,0.25,0.375,0.25,0.375,0.0416666666666667,2,10,16,20,0.0714285714285714,46.9166666666667,3.11111111111111,104.532066059484,5.95744680851064,48,55,0.460984848484849,amplicon_count,native_integer
carlstrom_phyllosphere_2019,Leaf371,Leaf405,0,0,0.5003367003367,0,0,0,0.481144781144781,0,0,0,0.49023569023569,0,0,0,0,0.49023569023569,0,0.05,0.197706151250956,0.197706151250956,0.90976430976431,0,0.25,0.854166666666667,0.25,0.854166666666667,0.25,12,0,29,7,0.292682926829268,46.9166666666667,479.731707317073,104.532066059484,1289.73232854811,48,55,0.460984848484849,amplicon_count,native_integer
carlstrom_phyllosphere_2019,Leaf371,Leaf41,0,0,0.5003367003367,0,0,0,0.481144781144781,0,0,0,0.49023569023569,0,0,0,0,0.49023569023569,0,0,-0.0571381926238298,0.0571381926238298,0.41010101010101,0,0.25,0.520833333333333,0.25,0.520833333333333,0.125,6,6,19,17,0.193548387096774,46.9166666666667,6.04,104.532066059484,5.95166971959984,48,55,0.460984848484849,amplicon_count,native_integer
carlstrom_phyllosphere_2019,Leaf371,Leaf416,0,0,0.5003367003367,0,0,0,0.481144781144781,0,0,0,0.49023569023569,0,0,0,0,0.49023569023569,0,0,-0.00702733937125021,0.00702733937125021,0.0417508417508418,0,0.25,0.708333333333333,0.25,0.708333333333333,0.166666666666667,8,4,26,10,0.210526315789474,46.9166666666667,103.088235294118,104.532066059484,1707.97219170182,48,55,0.460984848484849,amplicon_count,native_integer
carlstrom_phyllosphere_2019,Leaf371,Leaf420,0,0,0.5003367003367,0,0,0,0.481144781144781,0,0,0,0.49023569023569,0,0,0,0,0.49023569023569,0,0,-0.115062140659327,0.115062140659327,0.717171717171717,0,0.25,1,0.25,1,0.25,12,0,36,0,0.25,46.9166666666667,336.333333333333,104.532066059484,355.254496763174,48,55,0.460984848484849,amplicon_count,native_integer
carlstrom_phyllosphere_2019,Leaf371,Leaf427,0,0,0.5003367003367,0,0,0,0.481144781144781,0,0,0,0.49023569023569,0,0,0,0,0.49023569023569,0,0,0.0327385526944252,0.0327385526944252,0.232996632996633,0,0.25,0.333333333333333,0.25,0.333333333333333,0.0833333333333333,4,8,12,24,0.166666666666667,46.9166666666667,10.0625,104.532066059484,23.5526628782873,48,55,0.460984848484849,amplicon_count,native_integer
carlstrom_phyllosphere_2019,Leaf371,Leaf443,0,0,0.5003367003367,0,0,0,0.481144781144781,0,0,0,0.49023569023569,0,0,0,0,0.49023569023569,0,0.05,-0.187222249226219,0.187222249226219,0.892929292929293,0,0.25,0.395833333333333,0.25,0.395833333333333,0.0625,3,9,16,20,0.107142857142857,46.9166666666667,19.8421052631579,104.532066059484,80.271742197641,48,55,0.460984848484849,amplicon_count,native_integer
carlstrom_phyllosphere_2019,Leaf371,Leaf5,0,0,0.5003367003367,0,0,0,0.481144781144781,0,0,0,0.49023569023569,0,0,0,0,0.49023569023569,0,0,-0.00718319970638761,0.00718319970638761,0.0430976430976431,0,0.25,0.0625,0.0625,0.25,0,0,12,3,33,0,46.9166666666667,45.6666666666667,104.532066059484,86.4430812237925,48,55,0.460984848484849,amplicon_count,native_integer
carlstrom_phyllosphere_2019,Leaf371,Leaf68,0,0,0.5003367003367,0,0.00170645256958029,0.00170645256958029,0.967676767676768,0,0,0,0.49023569023569,0,0,0,0,0.49023569023569,0,0,0.154749531385274,0.154749531385274,0.821548821548822,0,0.25,1,0.25,1,0.25,12,0,36,0,0.25,46.9166666666667,941.958333333333,104.532066059484,348.901820091499,48,55,0.460984848484849,amplicon_count,native_integer
carlstrom_phyllosphere_2019,Leaf371,Leaf70,0,0,0.5003367003367,0,0,0,0.481144781144781,0,0.0163952246941511,0.0163952246941511,0.985858585858586,1,0.45,0,0,0.49023569023569,0,0.15,0.270747660491135,0.270747660491135,0.966329966329966,0,0.25,0.208333333333333,0.208333333333333,0.25,0.104166666666667,5,7,5,31,0.294117647058824,46.9166666666667,17,104.532066059484,30.6498122653316,48,55,0.460984848484849,amplicon_count,native_integer
carlstrom_phyllosphere_2019,Leaf371,Leaf82,0,0,0.5003367003367,0,0,0,0.481144781144781,0,0,0,0.49023569023569,0,0,0,0,0.49023569023569,0,0,-0.0228597421157343,0.0228597421157343,0.167676767676768,0,0.25,0.8125,0.25,0.8125,0.1875,9,3,30,6,0.214285714285714,46.9166666666667,91.1282051282051,104.532066059484,240.533890491984,48,55,0.460984848484849,amplicon_count,native_integer
carlstrom_phyllosphere_2019,Leaf371,Leaf83,0,0,0.5003367003367,0,0,0,0.481144781144781,0,0,0,0.49023569023569,0,0,0,0,0.49023569023569,0,0,0.181163995873101,0.181163995873101,0.878787878787879,0,0.25,0.6875,0.25,0.6875,0.208333333333333,10,2,23,13,0.285714285714286,46.9166666666667,305.818181818182,104.532066059484,1571.80367849824,48,55,0.460984848484849,amplicon_count,native_integer
carlstrom_phyllosphere_2019,Leaf371,Leaf86,0,0,0.5003367003367,0,0,0,0.481144781144781,0,0,0,0.49023569023569,0,0,0,0,0.49023569023569,0,0,-0.0565050084254793,0.0565050084254793,0.404713804713805,0,0.25,0.895833333333333,0.25,0.895833333333333,0.1875,9,3,34,2,0.195652173913043,46.9166666666667,400.581395348837,104.532066059484,1334.10514776271,48,55,0.460984848484849,amplicon_count,native_integer
carlstrom_phyllosphere_2019,Leaf371,Leaf88,0,0,0.5003367003367,0,0,0,0.481144781144781,0,0,0,0.49023569023569,0,0,0,0,0.49023569023569,0,0.2,-0.179404516135171,0.179404516135171,0.875420875420875,0,0.25,0.3125,0.25,0.3125,0.0208333333333333,1,11,14,22,0.0384615384615385,46.9166666666667,84.2,104.532066059484,965.149492090767,48,55,0.460984848484849,amplicon_count,native_integer
carlstrom_phyllosphere_2019,Leaf371,Leaf90,0,0,0.5003367003367,0,0,0,0.481144781144781,0,0,0,0.49023569023569,0,0,0,0,0.49023569023569,0,0,-0.101488233958475,0.101488233958475,0.663299663299663,0,0.25,0.791666666666667,0.25,0.791666666666667,0.208333333333333,10,2,28,8,0.25,46.9166666666667,292.342105263158,104.532066059484,1496.93020035509,48,55,0.460984848484849,amplicon_count,native_integer
carlstrom_phyllosphere_2019,Leaf380,Leaf202,0,0,0.5003367003367,0,0,0,0.481144781144781,0,0,0,0.49023569023569,0,0,0,0,0.49023569023569,0,0,-0.0504202482207675,0.0504202482207675,0.358922558922559,0,0.395833333333333,1,0.395833333333333,1,0.395833333333333,19,0,29,0,0.395833333333333,70.421052631579,948.583333333333,644.908882740197,348.703505227093,48,55,0.460984848484849,amplicon_count,native_integer
carlstrom_phyllosphere_2019,Leaf380,Leaf225,0,0,0.5003367003367,0,0,0,0.481144781144781,0,0,0,0.49023569023569,0,0,0,0,0.49023569023569,0,0,0.0122053422707226,0.0122053422707226,0.0848484848484849,0,0.395833333333333,0.208333333333333,0.208333333333333,0.395833333333333,0.0833333333333333,4,15,6,23,0.16,70.421052631579,4,644.908882740197,10.9957446808511,48,55,0.460984848484849,amplicon_count,native_integer
carlstrom_phyllosphere_2019,Leaf380,Leaf281,0,0,0.5003367003367,0,0,0,0.481144781144781,0,0,0,0.49023569023569,0,0,0,0,0.49023569023569,0,0,-0.0507056783512266,0.0507056783512266,0.362289562289562,0,0.395833333333333,0.541666666666667,0.395833333333333,0.541666666666667,0.208333333333333,10,9,16,13,0.285714285714286,70.421052631579,17.0384615384615,644.908882740197,95.0328514480573,48,55,0.460984848484849,amplicon_count,native_integer
carlstrom_phyllosphere_2019,Leaf380,Leaf3,0,0,0.5003367003367,0,0,0,0.481144781144781,0,0,0,0.49023569023569,0,0,0,0,0.49023569023569,0,0,-0.0959869689817937,0.0959869689817937,0.632996632996633,0,0.395833333333333,0.541666666666667,0.395833333333333,0.541666666666667,0.166666666666667,8,11,18,11,0.216216216216216,70.421052631579,17.6923076923077,644.908882740197,106.65605920444,48,55,0.460984848484849,amplicon_count,native_integer
carlstrom_phyllosphere_2019,Leaf380,Leaf33,0,0,0.5003367003367,0,0,0,0.481144781144781,0,0,0,0.49023569023569,0,0,0,0,0.49023569023569,0,0,-0.0559258446583294,0.0559258446583294,0.396632996632997,0,0.395833333333333,0.354166666666667,0.354166666666667,0.395833333333333,0.125,6,13,11,18,0.2,70.421052631579,100.588235294118,644.908882740197,225.172527062337,48,55,0.460984848484849,amplicon_count,native_integer
carlstrom_phyllosphere_2019,Leaf380,Leaf391,0,0,0.5003367003367,0,0,0,0.481144781144781,0,0,0,0.49023569023569,0,0,0,0,0.49023569023569,0,0,-0.0371992578638155,0.0371992578638155,0.267340067340067,0,0.395833333333333,0.8125,0.395833333333333,0.8125,0.354166666666667,17,2,22,7,0.414634146341463,70.421052631579,121.897435897436,644.908882740197,266.843616573725,48,55,0.460984848484849,amplicon_count,native_integer
carlstrom_phyllosphere_2019,Leaf380,Leaf396,0,0,0.5003367003367,0,0,0,0.481144781144781,0,0,0,0.49023569023569,0,0,0,0,0.49023569023569,0,0,-0.0985005512517256,0.0985005512517256,0.649158249158249,0,0.395833333333333,0.375,0.375,0.395833333333333,0.125,6,13,12,17,0.193548387096774,70.421052631579,3.11111111111111,644.908882740197,5.95744680851064,48,55,0.460984848484849,amplicon_count,native_integer
carlstrom_phyllosphere_2019,Leaf380,Leaf405,0,0,0.5003367003367,0,0,0,0.481144781144781,0,0,0,0.49023569023569,0,0,0,0,0.49023569023569,0,0,-0.0802931930414903,0.0802931930414903,0.542760942760943,0,0.395833333333333,0.854166666666667,0.395833333333333,0.854166666666667,0.3125,15,4,26,3,0.333333333333333,70.421052631579,479.731707317073,644.908882740197,1289.73232854811,48,55,0.460984848484849,amplicon_count,native_integer
carlstrom_phyllosphere_2019,Leaf380,Leaf41,0,0,0.5003367003367,0,0,0,0.481144781144781,0,0,0,0.49023569023569,0,0,0,0,0.49023569023569,0,0,-0.0522952710954269,0.0522952710954269,0.375084175084175,0,0.395833333333333,0.520833333333333,0.395833333333333,0.520833333333333,0.166666666666667,8,11,17,12,0.222222222222222,70.421052631579,6.04,644.908882740197,5.95166971959984,48,55,0.460984848484849,amplicon_count,native_integer
carlstrom_phyllosphere_2019,Leaf380,Leaf416,0,0,0.5003367003367,0,0,0,0.481144781144781,0,0,0,0.49023569023569,0,0,0,0,0.49023569023569,0,0,-0.0442371669633188,0.0442371669633188,0.316498316498317,0,0.395833333333333,0.708333333333333,0.395833333333333,0.708333333333333,0.270833333333333,13,6,21,8,0.325,70.421052631579,103.088235294118,644.908882740197,1707.97219170182,48,55,0.460984848484849,amplicon_count,native_integer
carlstrom_phyllosphere_2019,Leaf380,Leaf420,0,0,0.5003367003367,0,0,0,0.481144781144781,0,0,0,0.49023569023569,0,0,0,0,0.49023569023569,0,0,-0.177597659430577,0.177597659430577,0.871380471380471,0,0.395833333333333,1,0.395833333333333,1,0.395833333333333,19,0,29,0,0.395833333333333,70.421052631579,336.333333333333,644.908882740197,355.254496763174,48,55,0.460984848484849,amplicon_count,native_integer
carlstrom_phyllosphere_2019,Leaf380,Leaf427,0,0,0.5003367003367,0,0,0,0.481144781144781,0,0,0,0.49023569023569,0,0,0,0,0.49023569023569,0,0,0.0611208232767289,0.0611208232767289,0.437710437710438,0,0.395833333333333,0.333333333333333,0.333333333333333,0.395833333333333,0.166666666666667,8,11,8,21,0.296296296296296,70.421052631579,10.0625,644.908882740197,23.5526628782873,48,55,0.460984848484849,amplicon_count,native_integer
carlstrom_phyllosphere_2019,Leaf380,Leaf443,0,0,0.5003367003367,0,0,0,0.481144781144781,0,0,0,0.49023569023569,0,0,0,0,0.49023569023569,0,0,-0.0187562940292918,0.0187562940292918,0.134680134680135,0,0.395833333333333,0.395833333333333,0.395833333333333,0.395833333333333,0.1875,9,10,10,19,0.310344827586207,70.421052631579,19.8421052631579,644.908882740197,80.271742197641,48,55,0.460984848484849,amplicon_count,native_integer
carlstrom_phyllosphere_2019,Leaf380,Leaf5,0,0,0.5003367003367,0,0,0,0.481144781144781,0,0,0,0.49023569023569,0,0,0,0,0.49023569023569,0,0.1,0.00031937708759787,0.00031937708759787,0.00269360269360269,0,0.395833333333333,0.0625,0.0625,0.395833333333333,0,0,19,3,26,0,70.421052631579,45.6666666666667,644.908882740197,86.4430812237925,48,55,0.460984848484849,amplicon_count,native_integer
carlstrom_phyllosphere_2019,Leaf380,Leaf68,0,0,0.5003367003367,0,0,0,0.481144781144781,0,0,0,0.49023569023569,0,0,0,0,0.49023569023569,0,0,-0.0366585935204431,0.0366585935204431,0.263973063973064,0,0.395833333333333,1,0.395833333333333,1,0.395833333333333,19,0,29,0,0.395833333333333,70.421052631579,941.958333333333,644.908882740197,348.901820091499,48,55,0.460984848484849,amplicon_count,native_integer
carlstrom_phyllosphere_2019,Leaf380,Leaf70,0,0,0.5003367003367,0,0,0,0.481144781144781,0,0,0,0.49023569023569,0,0,0,0,0.49023569023569,0,0,-0.00117684318381907,0.00117684318381907,0.00740740740740741,0,0.395833333333333,0.208333333333333,0.208333333333333,0.395833333333333,0.0416666666666667,2,17,8,21,0.0740740740740741,70.421052631579,17,644.908882740197,30.6498122653316,48,55,0.460984848484849,amplicon_count,native_integer
carlstrom_phyllosphere_2019,Leaf380,Leaf82,0,0,0.5003367003367,0,0.0536816270785571,0.0536816270785571,0.982491582491583,0,0,0,0.49023569023569,0,0,0,0,0.49023569023569,0,0,0.196565390816346,0.196565390816346,0.907070707070707,0,0.395833333333333,0.8125,0.395833333333333,0.8125,0.375,18,1,21,8,0.45,70.421052631579,91.1282051282051,644.908882740197,240.533890491984,48,55,0.460984848484849,amplicon_count,native_integer
carlstrom_phyllosphere_2019,Leaf380,Leaf83,0,0,0.5003367003367,0,0,0,0.481144781144781,0,0,0,0.49023569023569,0,0,0,0,0.49023569023569,0,0,0.098620894912421,0.098620894912421,0.650505050505051,0,0.395833333333333,0.6875,0.395833333333333,0.6875,0.291666666666667,14,5,19,10,0.368421052631579,70.421052631579,305.818181818182,644.908882740197,1571.80367849824,48,55,0.460984848484849,amplicon_count,native_integer
carlstrom_phyllosphere_2019,Leaf380,Leaf86,0,0,0.5003367003367,0,0,0,0.481144781144781,0,0,0,0.49023569023569,0,0,0,0,0.49023569023569,0,0,-0.165855193302227,0.165855193302227,0.842424242424242,0,0.395833333333333,0.895833333333333,0.395833333333333,0.895833333333333,0.354166666666667,17,2,26,3,0.377777777777778,70.421052631579,400.581395348837,644.908882740197,1334.10514776271,48,55,0.460984848484849,amplicon_count,native_integer
carlstrom_phyllosphere_2019,Leaf380,Leaf88,0,0,0.5003367003367,0,0,0,0.481144781144781,0,0,0,0.49023569023569,0,0,0,0,0.49023569023569,0,0,-0.0903102019649148,0.0903102019649148,0.602020202020202,0,0.395833333333333,0.3125,0.3125,0.395833333333333,0.166666666666667,8,11,7,22,0.307692307692308,70.421052631579,84.2,644.908882740197,965.149492090767,48,55,0.460984848484849,amplicon_count,native_integer
carlstrom_phyllosphere_2019,Leaf380,Leaf90,0,0,0.5003367003367,0,0,0,0.481144781144781,0,0,0,0.49023569023569,0,0,0,0,0.49023569023569,0,0,-0.115075255015599,0.115075255015599,0.717845117845118,0,0.395833333333333,0.791666666666667,0.395833333333333,0.791666666666667,0.333333333333333,16,3,22,7,0.390243902439024,70.421052631579,292.342105263158,644.908882740197,1496.93020035509,48,55,0.460984848484849,amplicon_count,native_integer
carlstrom_phyllosphere_2019,Leaf391,Leaf202,0,0,0.5003367003367,0,0,0,0.481144781144781,0,0,0,0.49023569023569,0,0,0,0,0.49023569023569,0,0,0.182311400167376,0.182311400167376,0.882828282828283,0,0.8125,1,0.8125,1,0.8125,39,0,9,0,0.8125,121.897435897436,948.583333333333,266.843616573725,348.703505227093,48,55,0.460984848484849,amplicon_count,native_integer
carlstrom_phyllosphere_2019,Leaf391,Leaf225,0,0,0.5003367003367,0,0,0,0.481144781144781,0,0,0,0.49023569023569,0,0,0,0,0.49023569023569,0,0,-0.138997627535891,0.138997627535891,0.787205387205387,0,0.8125,0.208333333333333,0.208333333333333,0.8125,0.166666666666667,8,31,2,7,0.195121951219512,121.897435897436,4,266.843616573725,10.9957446808511,48,55,0.460984848484849,amplicon_count,native_integer
carlstrom_phyllosphere_2019,Leaf391,Leaf281,0,0,0.5003367003367,0,0,0,0.481144781144781,0,0,0,0.49023569023569,0,0,0,0,0.49023569023569,0,0,-0.0215486570875784,0.0215486570875784,0.156228956228956,0,0.8125,0.541666666666667,0.541666666666667,0.8125,0.4375,21,18,5,4,0.477272727272727,121.897435897436,17.0384615384615,266.843616573725,95.0328514480573,48,55,0.460984848484849,amplicon_count,native_integer
carlstrom_phyllosphere_2019,Leaf391,Leaf3,0,0,0.5003367003367,0,0,0,0.481144781144781,0,0,0,0.49023569023569,0,0,0,0,0.49023569023569,0,0,-0.0838636451567483,0.0838636451567483,0.563636363636364,0,0.8125,0.541666666666667,0.541666666666667,0.8125,0.4375,21,18,5,4,0.477272727272727,121.897435897436,17.6923076923077,266.843616573725,106.65605920444,48,55,0.460984848484849,amplicon_count,native_integer
carlstrom_phyllosphere_2019,Leaf391,Leaf33,0,0,0.5003367003367,0,0,0,0.481144781144781,0,0,0,0.49023569023569,0,0,0,0,0.49023569023569,0,0,-0.289733164334754,0.289733164334754,0.975084175084175,0,0.8125,0.354166666666667,0.354166666666667,0.8125,0.270833333333333,13,26,4,5,0.302325581395349,121.897435897436,100.588235294118,266.843616573725,225.172527062337,48,55,0.460984848484849,amplicon_count,native_integer
carlstrom_phyllosphere_2019,Leaf391,Leaf396,0,0,0.5003367003367,0,0,0,0.481144781144781,0,0,0,0.49023569023569,0,0,0,0,0.49023569023569,0,0,0.00933313695916785,0.00933313695916785,0.0565656565656566,0,0.8125,0.375,0.375,0.8125,0.354166666666667,17,22,1,8,0.425,121.897435897436,3.11111111111111,266.843616573725,5.95744680851064,48,55,0.460984848484849,amplicon_count,native_integer
carlstrom_phyllosphere_2019,Leaf391,Leaf405,0,0,0.5003367003367,0,0,0,0.481144781144781,0,0,0,0.49023569023569,0,0,0,0,0.49023569023569,0,0,0.036605620824261,0.036605620824261,0.263299663299663,0,0.8125,0.854166666666667,0.8125,0.854166666666667,0.6875,33,6,8,1,0.702127659574468,121.897435897436,479.731707317073,266.843616573725,1289.73232854811,48,55,0.460984848484849,amplicon_count,native_integer
carlstrom_phyllosphere_2019,Leaf391,Leaf41,0,0,0.5003367003367,0,0,0,0.481144781144781,0,0,0,0.49023569023569,0,0,0,0,0.49023569023569,0,0,0.0595553475140481,0.0595553475140481,0.425589225589226,0,0.8125,0.520833333333333,0.520833333333333,0.8125,0.458333333333333,22,17,3,6,0.523809523809524,121.897435897436,6.04,266.843616573725,5.95166971959984,48,55,0.460984848484849,amplicon_count,native_integer
carlstrom_phyllosphere_2019,Leaf391,Leaf416,0,0,0.5003367003367,0,0,0,0.481144781144781,0,0,0,0.49023569023569,0,0,0,0,0.49023569023569,0,0,0.0121049430523052,0.0121049430523052,0.0835016835016835,0,0.8125,0.708333333333333,0.708333333333333,0.8125,0.625,30,9,4,5,0.697674418604651,121.897435897436,103.088235294118,266.843616573725,1707.97219170182,48,55,0.460984848484849,amplicon_count,native_integer
carlstrom_phyllosphere_2019,Leaf391,Leaf420,0,0,0.5003367003367,0,0,0,0.481144781144781,0,0,0,0.49023569023569,0,0,0,0,0.49023569023569,0,0,-0.0688850794912807,0.0688850794912807,0.484848484848485,0,0.8125,1,0.8125,1,0.8125,39,0,9,0,0.8125,121.897435897436,336.333333333333,266.843616573725,355.254496763174,48,55,0.460984848484849,amplicon_count,native_integer
carlstrom_phyllosphere_2019,Leaf391,Leaf427,0,0,0.5003367003367,0,0,0,0.481144781144781,0,0,0,0.49023569023569,0,0,0,0,0.49023569023569,0,0,0.0961246118271516,0.0961246118271516,0.633670033670034,0,0.8125,0.333333333333333,0.333333333333333,0.8125,0.333333333333333,16,23,0,9,0.41025641025641,121.897435897436,10.0625,266.843616573725,23.5526628782873,48,55,0.460984848484849,amplicon_count,native_integer
carlstrom_phyllosphere_2019,Leaf391,Leaf443,0,0,0.5003367003367,0,0,0,0.481144781144781,0,0,0,0.49023569023569,0,0,0,0,0.49023569023569,0,0.05,0.121810606628573,0.121810606628573,0.740740740740741,0,0.8125,0.395833333333333,0.395833333333333,0.8125,0.375,18,21,1,8,0.45,121.897435897436,19.8421052631579,266.843616573725,80.271742197641,48,55,0.460984848484849,amplicon_count,native_integer
carlstrom_phyllosphere_2019,Leaf391,Leaf5,0,0,0.5003367003367,0,0,0,0.481144781144781,0,0,0,0.49023569023569,0,0,0,0,0.49023569023569,0,0,-0.0616280577735559,0.0616280577735559,0.43973063973064,0,0.8125,0.0625,0.0625,0.8125,0.0625,3,36,0,9,0.0769230769230769,121.897435897436,45.6666666666667,266.843616573725,86.4430812237925,48,55,0.460984848484849,amplicon_count,native_integer
carlstrom_phyllosphere_2019,Leaf391,Leaf68,0,0,0.5003367003367,0,0,0,0.481144781144781,0,0,0,0.49023569023569,0,0,0,0,0.49023569023569,0,0,0.17103648272553,0.17103648272553,0.855218855218855,0,0.8125,1,0.8125,1,0.8125,39,0,9,0,0.8125,121.897435897436,941.958333333333,266.843616573725,348.901820091499,48,55,0.460984848484849,amplicon_count,native_integer
carlstrom_phyllosphere_2019,Leaf391,Leaf70,0,0,0.5003367003367,0,0,0,0.481144781144781,0,0,0,0.49023569023569,0,0,0,0,0.49023569023569,0,0,0.0177563583445158,0.0177563583445158,0.121212121212121,0,0.8125,0.208333333333333,0.208333333333333,0.8125,0.1875,9,30,1,8,0.225,121.897435897436,17,266.843616573725,30.6498122653316,48,55,0.460984848484849,amplicon_count,native_integer
carlstrom_phyllosphere_2019,Leaf391,Leaf82,0,0,0.5003367003367,0,0,0,0.481144781144781,0,0,0,0.49023569023569,0,0,0,0,0.49023569023569,0,0,0.052533687131668,0.052533687131668,0.377104377104377,0,0.8125,0.8125,0.8125,0.8125,0.6875,33,6,6,3,0.733333333333333,121.897435897436,91.1282051282051,266.843616573725,240.533890491984,48,55,0.460984848484849,amplicon_count,native_integer
carlstrom_phyllosphere_2019,Leaf391,Leaf83,0,0,0.5003367003367,0,0.0687222247407361,0.0687222247407361,0.986531986531987,0,0,0,0.49023569023569,0,0.1,0,0,0.49023569023569,0,0.1,0.367043382680129,0.367043382680129,0.99057239057239,1,0.8125,0.6875,0.6875,0.8125,0.583333333333333,28,11,5,4,0.636363636363636,121.897435897436,305.818181818182,266.843616573725,1571.80367849824,48,55,0.460984848484849,amplicon_count,native_integer
carlstrom_phyllosphere_2019,Leaf391,Leaf86,0,0,0.5003367003367,0,0,0,0.481144781144781,0,0,0,0.49023569023569,0,0,0,0,0.49023569023569,0,0,-0.0186436023651781,0.0186436023651781,0.131313131313131,0,0.8125,0.895833333333333,0.8125,0.895833333333333,0.75,36,3,7,2,0.782608695652174,121.897435897436,400.581395348837,266.843616573725,1334.10514776271,48,55,0.460984848484849,amplicon_count,native_integer
carlstrom_phyllosphere_2019,Leaf391,Leaf88,0,0,0.5003367003367,0,0,0,0.481144781144781,0,0,0,0.49023569023569,0,0,0,0,0.49023569023569,0,0.25,0.16451527368023,0.16451527368023,0.837710437710438,0,0.8125,0.3125,0.3125,0.8125,0.291666666666667,14,25,1,8,0.35,121.897435897436,84.2,266.843616573725,965.149492090767,48,55,0.460984848484849,amplicon_count,native_integer
carlstrom_phyllosphere_2019,Leaf391,Leaf90,0,0,0.5003367003367,0,0,0,0.481144781144781,0,0,0,0.49023569023569,0,0,0,0,0.49023569023569,0,0,-0.0530981505536363,0.0530981505536363,0.378451178451178,0,0.8125,0.791666666666667,0.791666666666667,0.8125,0.666666666666667,32,7,6,3,0.711111111111111,121.897435897436,292.342105263158,266.843616573725,1496.93020035509,48,55,0.460984848484849,amplicon_count,native_integer
carlstrom_phyllosphere_2019,Leaf396,Leaf202,0,0,0.5003367003367,0,0,0,0.481144781144781,0,0,0,0.49023569023569,0,0,0,0,0.49023569023569,0,0,0.0583881763995054,0.0583881763995054,0.41952861952862,0,0.375,1,0.375,1,0.375,18,0,30,0,0.375,3.11111111111111,948.583333333333,5.95744680851064,348.703505227093,48,55,0.460984848484849,amplicon_count,native_integer
carlstrom_phyllosphere_2019,Leaf396,Leaf225,0,0,0.5003367003367,0,0,0,0.481144781144781,0,0,0,0.49023569023569,0,0,0,0,0.49023569023569,0,0,-0.0579172781986516,0.0579172781986516,0.414814814814815,0,0.375,0.208333333333333,0.208333333333333,0.375,0.0625,3,15,7,23,0.12,3.11111111111111,4,5.95744680851064,10.9957446808511,48,55,0.460984848484849,amplicon_count,native_integer
carlstrom_phyllosphere_2019,Leaf396,Leaf281,0,0,0.5003367003367,0,0,0,0.481144781144781,0,0,0,0.49023569023569,0,0,0,0,0.49023569023569,0,0,-0.106380877754893,0.106380877754893,0.682154882154882,0,0.375,0.541666666666667,0.375,0.541666666666667,0.208333333333333,10,8,16,14,0.294117647058824,3.11111111111111,17.0384615384615,5.95744680851064,95.0328514480573,48,55,0.460984848484849,amplicon_count,native_integer
carlstrom_phyllosphere_2019,Leaf396,Leaf3,0,0,0.5003367003367,0,0,0,0.481144781144781,0,0,0,0.49023569023569,0,0,0,0,0.49023569023569,0,0,-0.0903817426481195,0.0903817426481195,0.602693602693603,0,0.375,0.541666666666667,0.375,0.541666666666667,0.208333333333333,10,8,16,14,0.294117647058824,3.11111111111111,17.6923076923077,5.95744680851064,106.65605920444,48,55,0.460984848484849,amplicon_count,native_integer
carlstrom_phyllosphere_2019,Leaf396,Leaf33,0,0,0.5003367003367,0,0,0,0.481144781144781,0,0,0,0.49023569023569,0,0,0,0,0.49023569023569,0,0,-0.031815592071265,0.031815592071265,0.226936026936027,0,0.375,0.354166666666667,0.354166666666667,0.375,0.166666666666667,8,10,9,21,0.296296296296296,3.11111111111111,100.588235294118,5.95744680851064,225.172527062337,48,55,0.460984848484849,amplicon_count,native_integer
carlstrom_phyllosphere_2019,Leaf396,Leaf405,0,0,0.5003367003367,0,0,0,0.481144781144781,0,0,0,0.49023569023569,0,0,0,0,0.49023569023569,0,0,-0.149913026166854,0.149913026166854,0.813468013468014,0,0.375,0.854166666666667,0.375,0.854166666666667,0.3125,15,3,26,4,0.340909090909091,3.11111111111111,479.731707317073,5.95744680851064,1289.73232854811,48,55,0.460984848484849,amplicon_count,native_integer
carlstrom_phyllosphere_2019,Leaf396,Leaf41,0,0,0.5003367003367,0,0,0,0.481144781144781,0,0,0,0.49023569023569,0,0,0,0,0.49023569023569,0,0.05,0.0812365118894351,0.0812365118894351,0.547474747474747,0,0.375,0.520833333333333,0.375,0.520833333333333,0.25,12,6,13,17,0.387096774193548,3.11111111111111,6.04,5.95744680851064,5.95166971959984,48,55,0.460984848484849,amplicon_count,native_integer
carlstrom_phyllosphere_2019,Leaf396,Leaf416,0,0,0.5003367003367,0,0,0,0.481144781144781,0,0,0,0.49023569023569,0,0,0,0,0.49023569023569,0,0,0.0813789637451899,0.0813789637451899,0.548821548821549,0,0.375,0.708333333333333,0.375,0.708333333333333,0.291666666666667,14,4,20,10,0.368421052631579,3.11111111111111,103.088235294118,5.95744680851064,1707.97219170182,48,55,0.460984848484849,amplicon_count,native_integer
carlstrom_phyllosphere_2019,Leaf396,Leaf420,0,0,0.5003367003367,0,0,0,0.481144781144781,0,0,0,0.49023569023569,0,0.05,0,0,0.49023569023569,0,0,-0.0769678226276152,0.0769678226276152,0.525252525252525,0,0.375,1,0.375,1,0.375,18,0,30,0,0.375,3.11111111111111,336.333333333333,5.95744680851064,355.254496763174,48,55,0.460984848484849,amplicon_count,native_integer
carlstrom_phyllosphere_2019,Leaf396,Leaf427,0,0,0.5003367003367,0,0,0,0.481144781144781,0,0,0,0.49023569023569,0,0,0,0,0.49023569023569,0,0,-0.0432612980628226,0.0432612980628226,0.311111111111111,0,0.375,0.333333333333333,0.333333333333333,0.375,0.145833333333333,7,11,9,21,0.259259259259259,3.11111111111111,10.0625,5.95744680851064,23.5526628782873,48,55,0.460984848484849,amplicon_count,native_integer
carlstrom_phyllosphere_2019,Leaf396,Leaf443,0,0,0.5003367003367,0,0,0,0.481144781144781,0,0,0,0.49023569023569,0,0,0,0,0.49023569023569,0,0.05,0.0485415283735032,0.0485415283735032,0.346801346801347,0,0.375,0.395833333333333,0.375,0.395833333333333,0.1875,9,9,10,20,0.321428571428571,3.11111111111111,19.8421052631579,5.95744680851064,80.271742197641,48,55,0.460984848484849,amplicon_count,native_integer
carlstrom_phyllosphere_2019,Leaf396,Leaf5,0,0,0.5003367003367,0,0,0,0.481144781144781,0,0,0,0.49023569023569,0,0,0,0,0.49023569023569,0,0,-0.0542395663982346,0.0542395663982346,0.386531986531987,0,0.375,0.0625,0.0625,0.375,0.0208333333333333,1,17,2,28,0.05,3.11111111111111,45.6666666666667,5.95744680851064,86.4430812237925,48,55,0.460984848484849,amplicon_count,native_integer
carlstrom_phyllosphere_2019,Leaf396,Leaf68,0,0,0.5003367003367,0,0,0,0.481144781144781,0,0,0,0.49023569023569,0,0,0,0,0.49023569023569,0,0,0.0734891116898054,0.0734891116898054,0.503030303030303,0,0.375,1,0.375,1,0.375,18,0,30,0,0.375,3.11111111111111,941.958333333333,5.95744680851064,348.901820091499,48,55,0.460984848484849,amplicon_count,native_integer
carlstrom_phyllosphere_2019,Leaf396,Leaf70,0,0,0.5003367003367,0,0,0,0.481144781144781,0,0,0,0.49023569023569,0,0,0,0,0.49023569023569,0,0,-0.0793472804412904,0.0793472804412904,0.539393939393939,0,0.375,0.208333333333333,0.208333333333333,0.375,0.0625,3,15,7,23,0.12,3.11111111111111,17,5.95744680851064,30.6498122653316,48,55,0.460984848484849,amplicon_count,native_integer
carlstrom_phyllosphere_2019,Leaf396,Leaf82,0,0,0.5003367003367,0,0.0575679070273016,0.0575679070273016,0.983164983164983,0,0,0,0.49023569023569,0,0,0,0,0.49023569023569,0,0,0.026842204224965,0.026842204224965,0.194612794612795,0,0.375,0.8125,0.375,0.8125,0.3125,15,3,24,6,0.357142857142857,3.11111111111111,91.1282051282051,5.95744680851064,240.533890491984,48,55,0.460984848484849,amplicon_count,native_integer
carlstrom_phyllosphere_2019,Leaf396,Leaf83,0,0,0.5003367003367,0,0,0,0.481144781144781,0,0,0,0.49023569023569,0,0,0,0,0.49023569023569,0,0,-0.0111978000856497,0.0111978000856497,0.0740740740740741,0,0.375,0.6875,0.375,0.6875,0.291666666666667,14,4,19,11,0.378378378378378,3.11111111111111,305.818181818182,5.95744680851064,1571.80367849824,48,55,0.460984848484849,amplicon_count,native_integer
carlstrom_phyllosphere_2019,Leaf396,Leaf86,0,0,0.5003367003367,0,0,0,0.481144781144781,0,0,0,0.49023569023569,0,0,0,0,0.49023569023569,0,0,0.105390595980057,0.105390595980057,0.678787878787879,0,0.375,0.895833333333333,0.375,0.895833333333333,0.354166666666667,17,1,26,4,0.386363636363636,3.11111111111111,400.581395348837,5.95744680851064,1334.10514776271,48,55,0.460984848484849,amplicon_count,native_integer
carlstrom_phyllosphere_2019,Leaf396,Leaf88,0,0,0.5003367003367,0,0,0,0.481144781144781,0,0,0,0.49023569023569,0,0,0,0,0.49023569023569,0,0.25,0.213251378402467,0.213251378402467,0.929292929292929,0,0.375,0.3125,0.3125,0.375,0.166666666666667,8,10,7,23,0.32,3.11111111111111,84.2,5.95744680851064,965.149492090767,48,55,0.460984848484849,amplicon_count,native_integer
carlstrom_phyllosphere_2019,Leaf396,Leaf90,0,0,0.5003367003367,0,0,0,0.481144781144781,0,0,0,0.49023569023569,0,0,0,0,0.49023569023569,0,0,-0.104147530859695,0.104147530859695,0.672727272727273,0,0.375,0.791666666666667,0.375,0.791666666666667,0.270833333333333,13,5,25,5,0.302325581395349,3.11111111111111,292.342105263158,5.95744680851064,1496.93020035509,48,55,0.460984848484849,amplicon_count,native_integer
carlstrom_phyllosphere_2019,Leaf405,Leaf202,0,0,0.5003367003367,0,0,0,0.481144781144781,0,0,0,0.49023569023569,0,0,0,0,0.49023569023569,0,0,-0.0184228293166905,0.0184228293166905,0.127946127946128,0,0.854166666666667,1,0.854166666666667,1,0.854166666666667,41,0,7,0,0.854166666666667,479.731707317073,948.583333333333,1289.73232854811,348.703505227093,48,55,0.460984848484849,amplicon_count,native_integer
carlstrom_phyllosphere_2019,Leaf405,Leaf225,0,0,0.5003367003367,0,0,0,0.481144781144781,0,0,0,0.49023569023569,0,0,0,0,0.49023569023569,0,0,-0.0422128917926884,0.0422128917926884,0.303030303030303,0,0.854166666666667,0.208333333333333,0.208333333333333,0.854166666666667,0.166666666666667,8,33,2,5,0.186046511627907,479.731707317073,4,1289.73232854811,10.9957446808511,48,55,0.460984848484849,amplicon_count,native_integer
carlstrom_phyllosphere_2019,Leaf405,Leaf281,0,0,0.5003367003367,0,0,0,0.481144781144781,0,0,0,0.49023569023569,0,0.05,0,0,0.49023569023569,0,0.25,0.249514244255201,0.249514244255201,0.954208754208754,0,0.854166666666667,0.541666666666667,0.541666666666667,0.854166666666667,0.5,24,17,2,5,0.558139534883721,479.731707317073,17.0384615384615,1289.73232854811,95.0328514480573,48,55,0.460984848484849,amplicon_count,native_integer
carlstrom_phyllosphere_2019,Leaf405,Leaf3,0,0,0.5003367003367,0,0,0,0.481144781144781,0,0,0,0.49023569023569,0,0,0,0,0.49023569023569,0,0.15,0.266230367262933,0.266230367262933,0.963636363636364,0,0.854166666666667,0.541666666666667,0.541666666666667,0.854166666666667,0.5,24,17,2,5,0.558139534883721,479.731707317073,17.6923076923077,1289.73232854811,106.65605920444,48,55,0.460984848484849,amplicon_count,native_integer
carlstrom_phyllosphere_2019,Leaf405,Leaf33,0,0,0.5003367003367,0,0,0,0.481144781144781,0,0,0,0.49023569023569,0,0,0,0,0.49023569023569,0,0,0.145569199651659,0.145569199651659,0.797979797979798,0,0.854166666666667,0.354166666666667,0.354166666666667,0.854166666666667,0.3125,15,26,2,5,0.348837209302326,479.731707317073,100.588235294118,1289.73232854811,225.172527062337,48,55,0.460984848484849,amplicon_count,native_integer
carlstrom_phyllosphere_2019,Leaf405,Leaf41,0,0,0.5003367003367,0,0,0,0.481144781144781,0,0,0,0.49023569023569,0,0,0,0,0.49023569023569,0,0,0.185696213035937,0.185696213035937,0.89023569023569,0,0.854166666666667,0.520833333333333,0.520833333333333,0.854166666666667,0.5,24,17,1,6,0.571428571428571,479.731707317073,6.04,1289.73232854811,5.95166971959984,48,55,0.460984848484849,amplicon_count,native_integer
carlstrom_phyllosphere_2019,Leaf405,Leaf416,0,0,0.5003367003367,0,0,0,0.481144781144781,0,0,0,0.49023569023569,0,0,0,0,0.49023569023569,0,0,-0.148128741392086,0.148128741392086,0.811447811447811,0,0.854166666666667,0.708333333333333,0.708333333333333,0.854166666666667,0.625,30,11,4,3,0.666666666666667,479.731707317073,103.088235294118,1289.73232854811,1707.97219170182,48,55,0.460984848484849,amplicon_count,native_integer
carlstrom_phyllosphere_2019,Leaf405,Leaf420,0,0,0.5003367003367,0,0,0,0.481144781144781,0,0,0,0.49023569023569,0,0,0,0,0.49023569023569,0,0,0.212473047633209,0.212473047633209,0.927272727272727,0,0.854166666666667,1,0.854166666666667,1,0.854166666666667,41,0,7,0,0.854166666666667,479.731707317073,336.333333333333,1289.73232854811,355.254496763174,48,55,0.460984848484849,amplicon_count,native_integer
carlstrom_phyllosphere_2019,Leaf405,Leaf427,0,0,0.5003367003367,0,0,0,0.481144781144781,0,0,0,0.49023569023569,0,0,0,0,0.49023569023569,0,0,0.168718469866246,0.168718469866246,0.848484848484848,0,0.854166666666667,0.333333333333333,0.333333333333333,0.854166666666667,0.291666666666667,14,27,2,5,0.325581395348837,479.731707317073,10.0625,1289.73232854811,23.5526628782873,48,55,0.460984848484849,amplicon_count,native_integer
carlstrom_phyllosphere_2019,Leaf405,Leaf443,0,0,0.5003367003367,0,0,0,0.481144781144781,0,0,0,0.49023569023569,0,0,0,0,0.49023569023569,0,0,-0.0924508690787901,0.0924508690787901,0.610774410774411,0,0.854166666666667,0.395833333333333,0.395833333333333,0.854166666666667,0.3125,15,26,4,3,0.333333333333333,479.731707317073,19.8421052631579,1289.73232854811,80.271742197641,48,55,0.460984848484849,amplicon_count,native_integer
carlstrom_phyllosphere_2019,Leaf405,Leaf5,0,0,0.5003367003367,0,0,0,0.481144781144781,0,0,0,0.49023569023569,0,0,0,0,0.49023569023569,0,0.15,-0.16814738991677,0.16814738991677,0.847138047138047,0,0.854166666666667,0.0625,0.0625,0.854166666666667,0.0208333333333333,1,40,2,5,0.0232558139534884,479.731707317073,45.6666666666667,1289.73232854811,86.4430812237925,48,55,0.460984848484849,amplicon_count,native_integer
carlstrom_phyllosphere_2019,Leaf405,Leaf68,0,0,0.5003367003367,0,0,0,0.481144781144781,0,0,0,0.49023569023569,0,0,0,0,0.49023569023569,0,0,-0.0222936575131171,0.0222936575131171,0.162962962962963,0,0.854166666666667,1,0.854166666666667,1,0.854166666666667,41,0,7,0,0.854166666666667,479.731707317073,941.958333333333,1289.73232854811,348.901820091499,48,55,0.460984848484849,amplicon_count,native_integer
carlstrom_phyllosphere_2019,Leaf405,Leaf70,0,0,0.5003367003367,0,0,0,0.481144781144781,0,0,0,0.49023569023569,0,0,0,0,0.49023569023569,0,0,0.129649309035816,0.129649309035816,0.764983164983165,0,0.854166666666667,0.208333333333333,0.208333333333333,0.854166666666667,0.208333333333333,10,31,0,7,0.24390243902439,479.731707317073,17,1289.73232854811,30.6498122653316,48,55,0.460984848484849,amplicon_count,native_integer
carlstrom_phyllosphere_2019,Leaf405,Leaf82,0,0,0.5003367003367,0,0,0,0.481144781144781,0,0,0,0.49023569023569,0,0,0,0,0.49023569023569,0,0,0.0983571570379524,0.0983571570379524,0.647811447811448,0,0.854166666666667,0.8125,0.8125,0.854166666666667,0.6875,33,8,6,1,0.702127659574468,479.731707317073,91.1282051282051,1289.73232854811,240.533890491984,48,55,0.460984848484849,amplicon_count,native_integer
carlstrom_phyllosphere_2019,Leaf405,Leaf83,0,0,0.5003367003367,0,0,0,0.481144781144781,0,0,0,0.49023569023569,0,0,0,0,0.49023569023569,0,0,0.238378939043272,0.238378939043272,0.944781144781145,0,0.854166666666667,0.6875,0.6875,0.854166666666667,0.625,30,11,3,4,0.681818181818182,479.731707317073,305.818181818182,1289.73232854811,1571.80367849824,48,55,0.460984848484849,amplicon_count,native_integer
carlstrom_phyllosphere_2019,Leaf405,Leaf86,0,0,0.5003367003367,0,0,0,0.481144781144781,0,0,0,0.49023569023569,0,0,0,0,0.49023569023569,0,0,0.168337838384973,0.168337838384973,0.847811447811448,0,0.854166666666667,0.895833333333333,0.854166666666667,0.895833333333333,0.791666666666667,38,3,5,2,0.826086956521739,479.731707317073,400.581395348837,1289.73232854811,1334.10514776271,48,55,0.460984848484849,amplicon_count,native_integer
carlstrom_phyllosphere_2019,Leaf405,Leaf88,0,0,0.5003367003367,0,0,0,0.481144781144781,0,0,0,0.49023569023569,0,0,0,0,0.49023569023569,0,0,-0.0265207523488928,0.0265207523488928,0.191245791245791,0,0.854166666666667,0.3125,0.3125,0.854166666666667,0.270833333333333,13,28,2,5,0.302325581395349,479.731707317073,84.2,1289.73232854811,965.149492090767,48,55,0.460984848484849,amplicon_count,native_integer
carlstrom_phyllosphere_2019,Leaf405,Leaf90,0,0,0.5003367003367,0,0,0,0.481144781144781,0,0,0,0.49023569023569,0,0,0,0,0.49023569023569,0,0,0.106558377599094,0.106558377599094,0.684175084175084,0,0.854166666666667,0.791666666666667,0.791666666666667,0.854166666666667,0.666666666666667,32,9,6,1,0.680851063829787,479.731707317073,292.342105263158,1289.73232854811,1496.93020035509,48,55,0.460984848484849,amplicon_count,native_integer
carlstrom_phyllosphere_2019,Leaf41,Leaf202,0,0,0.5003367003367,0,0,0,0.481144781144781,0,0,0,0.49023569023569,0,0,0,0,0.49023569023569,0,0,0.144380135370856,0.144380135370856,0.795286195286195,0,0.520833333333333,1,0.520833333333333,1,0.520833333333333,25,0,23,0,0.520833333333333,6.04,948.583333333333,5.95166971959984,348.703505227093,48,55,0.460984848484849,amplicon_count,native_integer
carlstrom_phyllosphere_2019,Leaf41,Leaf225,0,0,0.5003367003367,0,0,0,0.481144781144781,0,0,0,0.49023569023569,0,0,0,0,0.49023569023569,0,0,-0.11408556590966,0.11408556590966,0.712457912457913,0,0.520833333333333,0.208333333333333,0.208333333333333,0.520833333333333,0.104166666666667,5,20,5,18,0.166666666666667,6.04,4,5.95166971959984,10.9957446808511,48,55,0.460984848484849,amplicon_count,native_integer
carlstrom_phyllosphere_2019,Leaf41,Leaf281,0,0,0.5003367003367,0,0,0,0.481144781144781,0,0,0,0.49023569023569,0,0,0,0,0.49023569023569,0,0,0.0577963661176242,0.0577963661176242,0.412121212121212,0,0.520833333333333,0.541666666666667,0.520833333333333,0.541666666666667,0.3125,15,10,11,12,0.416666666666667,6.04,17.0384615384615,5.95166971959984,95.0328514480573,48,55,0.460984848484849,amplicon_count,native_integer
carlstrom_phyllosphere_2019,Leaf41,Leaf3,0,0,0.5003367003367,0,0,0,0.481144781144781,0,0,0,0.49023569023569,0,0,0,0,0.49023569023569,0,0,0.067111611666385,0.067111611666385,0.470707070707071,0,0.520833333333333,0.541666666666667,0.520833333333333,0.541666666666667,0.291666666666667,14,11,12,11,0.378378378378378,6.04,17.6923076923077,5.95166971959984,106.65605920444,48,55,0.460984848484849,amplicon_count,native_integer
carlstrom_phyllosphere_2019,Leaf41,Leaf33,0,0,0.5003367003367,0,0,0,0.481144781144781,0,0,0,0.49023569023569,0,0,0,0,0.49023569023569,0,0,-0.113432592699279,0.113432592699279,0.709090909090909,0,0.520833333333333,0.354166666666667,0.354166666666667,0.520833333333333,0.1875,9,16,8,15,0.272727272727273,6.04,100.588235294118,5.95166971959984,225.172527062337,48,55,0.460984848484849,amplicon_count,native_integer
carlstrom_phyllosphere_2019,Leaf41,Leaf416,0,0,0.5003367003367,0,0,0,0.481144781144781,0,0,0,0.49023569023569,0,0,0,0,0.49023569023569,0,0,0.0238312983287854,0.0238312983287854,0.175757575757576,0,0.520833333333333,0.708333333333333,0.520833333333333,0.708333333333333,0.375,18,7,16,7,0.439024390243902,6.04,103.088235294118,5.95166971959984,1707.97219170182,48,55,0.460984848484849,amplicon_count,native_integer
carlstrom_phyllosphere_2019,Leaf41,Leaf420,0,0,0.5003367003367,0,0,0,0.481144781144781,0,0,0,0.49023569023569,0,0,0,0,0.49023569023569,0,0,0.195032674116084,0.195032674116084,0.902356902356902,0,0.520833333333333,1,0.520833333333333,1,0.520833333333333,25,0,23,0,0.520833333333333,6.04,336.333333333333,5.95166971959984,355.254496763174,48,55,0.460984848484849,amplicon_count,native_integer
carlstrom_phyllosphere_2019,Leaf41,Leaf427,0,0,0.5003367003367,0,0,0,0.481144781144781,0,0,0,0.49023569023569,0,0.4,0.0372000017993723,0.0372000017993723,0.988552188552189,1,0.8,0.276439574798501,0.276439574798501,0.969023569023569,0,0.520833333333333,0.333333333333333,0.333333333333333,0.520833333333333,0.270833333333333,13,12,3,20,0.464285714285714,6.04,10.0625,5.95166971959984,23.5526628782873,48,55,0.460984848484849,amplicon_count,native_integer
carlstrom_phyllosphere_2019,Leaf41,Leaf443,0,0,0.5003367003367,0,0,0,0.481144781144781,0,0,0,0.49023569023569,0,0,0,0,0.49023569023569,0,0,-0.0052333023839772,0.0052333023839772,0.0276094276094276,0,0.520833333333333,0.395833333333333,0.395833333333333,0.520833333333333,0.1875,9,16,10,13,0.257142857142857,6.04,19.8421052631579,5.95166971959984,80.271742197641,48,55,0.460984848484849,amplicon_count,native_integer
carlstrom_phyllosphere_2019,Leaf41,Leaf5,0,0,0.5003367003367,0,0,0,0.481144781144781,0,0,0,0.49023569023569,0,0,0,0,0.49023569023569,0,0,-0.0777871398288244,0.0777871398288244,0.529292929292929,0,0.520833333333333,0.0625,0.0625,0.520833333333333,0.0208333333333333,1,24,2,21,0.037037037037037,6.04,45.6666666666667,5.95166971959984,86.4430812237925,48,55,0.460984848484849,amplicon_count,native_integer
carlstrom_phyllosphere_2019,Leaf41,Leaf68,0,0,0.5003367003367,0,0,0,0.481144781144781,0,0,0,0.49023569023569,0,0,0,0,0.49023569023569,0,0,0.13726738387567,0.13726738387567,0.781144781144781,0,0.520833333333333,1,0.520833333333333,1,0.520833333333333,25,0,23,0,0.520833333333333,6.04,941.958333333333,5.95166971959984,348.901820091499,48,55,0.460984848484849,amplicon_count,native_integer
carlstrom_phyllosphere_2019,Leaf41,Leaf70,0,0,0.5003367003367,0,0,0,0.481144781144781,0,0,0,0.49023569023569,0,0,0,0,0.49023569023569,0,0,-0.0678973537829242,0.0678973537829242,0.477441077441077,0,0.520833333333333,0.208333333333333,0.208333333333333,0.520833333333333,0.0833333333333333,4,21,6,17,0.129032258064516,6.04,17,5.95166971959984,30.6498122653316,48,55,0.460984848484849,amplicon_count,native_integer
carlstrom_phyllosphere_2019,Leaf41,Leaf82,0,0,0.5003367003367,0,0,0,0.481144781144781,0,0,0,0.49023569023569,0,0.05,0,0,0.49023569023569,0,0.1,0.17506783766966,0.17506783766966,0.865993265993266,0,0.520833333333333,0.8125,0.520833333333333,0.8125,0.458333333333333,22,3,17,6,0.523809523809524,6.04,91.1282051282051,5.95166971959984,240.533890491984,48,55,0.460984848484849,amplicon_count,native_integer
carlstrom_phyllosphere_2019,Leaf41,Leaf83,0,0,0.5003367003367,0,0,0,0.481144781144781,0,0,0,0.49023569023569,0,0,0,0,0.49023569023569,0,0,0.0785497219509205,0.0785497219509205,0.535353535353535,0,0.520833333333333,0.6875,0.520833333333333,0.6875,0.354166666666667,17,8,16,7,0.414634146341463,6.04,305.818181818182,5.95166971959984,1571.80367849824,48,55,0.460984848484849,amplicon_count,native_integer
carlstrom_phyllosphere_2019,Leaf41,Leaf86,0,0,0.5003367003367,0,0,0,0.481144781144781,0,0,0,0.49023569023569,0,0,0,0,0.49023569023569,0,0,0.135569375816152,0.135569375816152,0.777104377104377,0,0.520833333333333,0.895833333333333,0.520833333333333,0.895833333333333,0.5,24,1,19,4,0.545454545454545,6.04,400.581395348837,5.95166971959984,1334.10514776271,48,55,0.460984848484849,amplicon_count,native_integer
carlstrom_phyllosphere_2019,Leaf41,Leaf88,0,0,0.5003367003367,0,0,0,0.481144781144781,0,0,0,0.49023569023569,0,0,0,0,0.49023569023569,0,0,-0.0424328278358345,0.0424328278358345,0.305723905723906,0,0.520833333333333,0.3125,0.3125,0.520833333333333,0.125,6,19,9,14,0.176470588235294,6.04,84.2,5.95166971959984,965.149492090767,48,55,0.460984848484849,amplicon_count,native_integer
carlstrom_phyllosphere_2019,Leaf41,Leaf90,0,0,0.5003367003367,0,0,0,0.481144781144781,0,0,0,0.49023569023569,0,0.15,0,0,0.49023569023569,0,0.3,-0.271521347167686,0.271521347167686,0.967676767676768,0,0.520833333333333,0.791666666666667,0.520833333333333,0.791666666666667,0.354166666666667,17,8,21,2,0.369565217391304,6.04,292.342105263158,5.95166971959984,1496.93020035509,48,55,0.460984848484849,amplicon_count,native_integer
carlstrom_phyllosphere_2019,Leaf416,Leaf202,0,0,0.5003367003367,0,0,0,0.481144781144781,0,0,0,0.49023569023569,0,0,0,0,0.49023569023569,0,0,0.0407981272382552,0.0407981272382552,0.295622895622896,0,0.708333333333333,1,0.708333333333333,1,0.708333333333333,34,0,14,0,0.708333333333333,103.088235294118,948.583333333333,1707.97219170182,348.703505227093,48,55,0.460984848484849,amplicon_count,native_integer
carlstrom_phyllosphere_2019,Leaf416,Leaf225,0,0,0.5003367003367,0,0,0,0.481144781144781,0,0,0,0.49023569023569,0,0,0,0,0.49023569023569,0,0.35,-0.0164047602092656,0.0164047602092656,0.112457912457912,0,0.708333333333333,0.208333333333333,0.208333333333333,0.708333333333333,0.208333333333333,10,24,0,14,0.294117647058824,103.088235294118,4,1707.97219170182,10.9957446808511,48,55,0.460984848484849,amplicon_count,native_integer
carlstrom_phyllosphere_2019,Leaf416,Leaf281,0,0,0.5003367003367,0,0,0,0.481144781144781,0,0,0,0.49023569023569,0,0,0,0,0.49023569023569,0,0,-0.0331665779559167,0.0331665779559167,0.237037037037037,0,0.708333333333333,0.541666666666667,0.541666666666667,0.708333333333333,0.4375,21,13,5,9,0.538461538461538,103.088235294118,17.0384615384615,1707.97219170182,95.0328514480573,48,55,0.460984848484849,amplicon_count,native_integer
carlstrom_phyllosphere_2019,Leaf416,Leaf3,0,0,0.5003367003367,0,0,0,0.481144781144781,0,0,0,0.49023569023569,0,0,0,0,0.49023569023569,0,0,-0.0344210551050546,0.0344210551050546,0.245117845117845,0,0.708333333333333,0.541666666666667,0.541666666666667,0.708333333333333,0.458333333333333,22,12,4,10,0.578947368421053,103.088235294118,17.6923076923077,1707.97219170182,106.65605920444,48,55,0.460984848484849,amplicon_count,native_integer
carlstrom_phyllosphere_2019,Leaf416,Leaf33,0,0,0.5003367003367,0,0,0,0.481144781144781,0,0,0,0.49023569023569,0,0,0,0,0.49023569023569,0,0,-0.0885085277383503,0.0885085277383503,0.592592592592593,0,0.708333333333333,0.354166666666667,0.354166666666667,0.708333333333333,0.229166666666667,11,23,6,8,0.275,103.088235294118,100.588235294118,1707.97219170182,225.172527062337,48,55,0.460984848484849,amplicon_count,native_integer
carlstrom_phyllosphere_2019,Leaf416,Leaf420,0,0,0.5003367003367,0,0,0,0.481144781144781,0,0,0,0.49023569023569,0,0,0,0,0.49023569023569,0,0,0.0416739795388416,0.0416739795388416,0.2996632996633,0,0.708333333333333,1,0.708333333333333,1,0.708333333333333,34,0,14,0,0.708333333333333,103.088235294118,336.333333333333,1707.97219170182,355.254496763174,48,55,0.460984848484849,amplicon_count,native_integer
carlstrom_phyllosphere_2019,Leaf416,Leaf427,0,0,0.5003367003367,0,0,0,0.481144781144781,0,0,0,0.49023569023569,0,0,0,0,0.49023569023569,0,0,0.0224512069881153,0.0224512069881153,0.164309764309764,0,0.708333333333333,0.333333333333333,0.333333333333333,0.708333333333333,0.291666666666667,14,20,2,12,0.388888888888889,103.088235294118,10.0625,1707.97219170182,23.5526628782873,48,55,0.460984848484849,amplicon_count,native_integer
carlstrom_phyllosphere_2019,Leaf416,Leaf443,0,0,0.5003367003367,0,0,0,0.481144781144781,0,0,0,0.49023569023569,0,0,0,0,0.49023569023569,0,0,0.0499496669520677,0.0499496669520677,0.356902356902357,0,0.708333333333333,0.395833333333333,0.395833333333333,0.708333333333333,0.291666666666667,14,20,5,9,0.358974358974359,103.088235294118,19.8421052631579,1707.97219170182,80.271742197641,48,55,0.460984848484849,amplicon_count,native_integer
carlstrom_phyllosphere_2019,Leaf416,Leaf5,0,0,0.5003367003367,0,0,0,0.481144781144781,0,0,0,0.49023569023569,0,0,0,0,0.49023569023569,0,0.05,-0.0771481949740473,0.0771481949740473,0.526599326599327,0,0.708333333333333,0.0625,0.0625,0.708333333333333,0.0208333333333333,1,33,2,12,0.0277777777777778,103.088235294118,45.6666666666667,1707.97219170182,86.4430812237925,48,55,0.460984848484849,amplicon_count,native_integer
carlstrom_phyllosphere_2019,Leaf416,Leaf68,0,0,0.5003367003367,0,0.0013328169008434,0.0013328169008434,0.964983164983165,0,0,0,0.49023569023569,0,0,0,0,0.49023569023569,0,0,0.0515083527109891,0.0515083527109891,0.368350168350168,0,0.708333333333333,1,0.708333333333333,1,0.708333333333333,34,0,14,0,0.708333333333333,103.088235294118,941.958333333333,1707.97219170182,348.901820091499,48,55,0.460984848484849,amplicon_count,native_integer
carlstrom_phyllosphere_2019,Leaf416,Leaf70,0,0,0.5003367003367,0,0,0,0.481144781144781,0,0,0,0.49023569023569,0,0.05,0,0,0.49023569023569,0,0,0.135811469566444,0.135811469566444,0.777777777777778,0,0.708333333333333,0.208333333333333,0.208333333333333,0.708333333333333,0.1875,9,25,1,13,0.257142857142857,103.088235294118,17,1707.97219170182,30.6498122653316,48,55,0.460984848484849,amplicon_count,native_integer
carlstrom_phyllosphere_2019,Leaf416,Leaf82,0,0,0.5003367003367,0,0,0,0.481144781144781,0,0,0,0.49023569023569,0,0,0,0,0.49023569023569,0,0,-0.0860709985100628,0.0860709985100628,0.57979797979798,0,0.708333333333333,0.8125,0.708333333333333,0.8125,0.583333333333333,28,6,11,3,0.622222222222222,103.088235294118,91.1282051282051,1707.97219170182,240.533890491984,48,55,0.460984848484849,amplicon_count,native_integer
carlstrom_phyllosphere_2019,Leaf416,Leaf83,0,0,0.5003367003367,0,0,0,0.481144781144781,0,0,0,0.49023569023569,0,0,0,0,0.49023569023569,0,0,-0.0406619947896756,0.0406619947896756,0.293602693602694,0,0.708333333333333,0.6875,0.6875,0.708333333333333,0.458333333333333,22,12,11,3,0.488888888888889,103.088235294118,305.818181818182,1707.97219170182,1571.80367849824,48,55,0.460984848484849,amplicon_count,native_integer
carlstrom_phyllosphere_2019,Leaf416,Leaf86,0,0,0.5003367003367,0,0,0,0.481144781144781,0,0,0,0.49023569023569,0,0,0,0,0.49023569023569,0,0,0.0747639948988123,0.0747639948988123,0.513804713804714,0,0.708333333333333,0.895833333333333,0.708333333333333,0.895833333333333,0.6875,33,1,10,4,0.75,103.088235294118,400.581395348837,1707.97219170182,1334.10514776271,48,55,0.460984848484849,amplicon_count,native_integer
carlstrom_phyllosphere_2019,Leaf416,Leaf88,0,0,0.5003367003367,0,0,0,0.481144781144781,0,0,0,0.49023569023569,0,0,0,0,0.49023569023569,0,0,0.0617530427076455,0.0617530427076455,0.441077441077441,0,0.708333333333333,0.3125,0.3125,0.708333333333333,0.25,12,22,3,11,0.324324324324324,103.088235294118,84.2,1707.97219170182,965.149492090767,48,55,0.460984848484849,amplicon_count,native_integer
carlstrom_phyllosphere_2019,Leaf416,Leaf90,0,0,0.5003367003367,0,0,0,0.481144781144781,0,0,0,0.49023569023569,0,0,0,0,0.49023569023569,0,0.05,0.047248657279298,0.047248657279298,0.337373737373737,0,0.708333333333333,0.791666666666667,0.708333333333333,0.791666666666667,0.625,30,4,8,6,0.714285714285714,103.088235294118,292.342105263158,1707.97219170182,1496.93020035509,48,55,0.460984848484849,amplicon_count,native_integer
carlstrom_phyllosphere_2019,Leaf420,Leaf202,0,0,0.5003367003367,0,0,0,0.481144781144781,0,0,0,0.49023569023569,0,0,0,0,0.49023569023569,0,0,-0.143481731073519,0.143481731073519,0.793939393939394,0,1,1,1,1,1,48,0,0,0,1,336.333333333333,948.583333333333,355.254496763174,348.703505227093,48,55,0.460984848484849,amplicon_count,native_integer
carlstrom_phyllosphere_2019,Leaf420,Leaf225,0,0,0.5003367003367,0,0,0,0.481144781144781,0,0,0,0.49023569023569,0,0,0,0,0.49023569023569,0,0.05,0.0617235744700328,0.0617235744700328,0.44040404040404,0,1,0.208333333333333,0.208333333333333,1,0.208333333333333,10,38,0,0,0.208333333333333,336.333333333333,4,355.254496763174,10.9957446808511,48,55,0.460984848484849,amplicon_count,native_integer
carlstrom_phyllosphere_2019,Leaf420,Leaf281,0,0,0.5003367003367,0,0,0,0.481144781144781,0,0,0,0.49023569023569,0,0,0,0,0.49023569023569,0,0,0.126955589163674,0.126955589163674,0.757575757575758,0,1,0.541666666666667,0.541666666666667,1,0.541666666666667,26,22,0,0,0.541666666666667,336.333333333333,17.0384615384615,355.254496763174,95.0328514480573,48,55,0.460984848484849,amplicon_count,native_integer
carlstrom_phyllosphere_2019,Leaf420,Leaf3,0,0,0.5003367003367,0,0,0,0.481144781144781,0,0,0,0.49023569023569,0,0,0,0,0.49023569023569,0,0,0.21888982368457,0.21888982368457,0.933333333333333,0,1,0.541666666666667,0.541666666666667,1,0.541666666666667,26,22,0,0,0.541666666666667,336.333333333333,17.6923076923077,355.254496763174,106.65605920444,48,55,0.460984848484849,amplicon_count,native_integer
carlstrom_phyllosphere_2019,Leaf420,Leaf33,0,0,0.5003367003367,0,0,0,0.481144781144781,0,0,0,0.49023569023569,0,0,0,0,0.49023569023569,0,0,0.0116072136505791,0.0116072136505791,0.0794612794612795,0,1,0.354166666666667,0.354166666666667,1,0.354166666666667,17,31,0,0,0.354166666666667,336.333333333333,100.588235294118,355.254496763174,225.172527062337,48,55,0.460984848484849,amplicon_count,native_integer
carlstrom_phyllosphere_2019,Leaf420,Leaf427,0,0,0.5003367003367,0,0,0,0.481144781144781,0,0,0,0.49023569023569,0,0,0,0,0.49023569023569,0,0,0.197783041706497,0.197783041706497,0.910437710437711,0,1,0.333333333333333,0.333333333333333,1,0.333333333333333,16,32,0,0,0.333333333333333,336.333333333333,10.0625,355.254496763174,23.5526628782873,48,55,0.460984848484849,amplicon_count,native_integer
carlstrom_phyllosphere_2019,Leaf420,Leaf443,0,0,0.5003367003367,0,0,0,0.481144781144781,0,0,0,0.49023569023569,0,0,0,0,0.49023569023569,0,0,0.0340015427314581,0.0340015427314581,0.242424242424242,0,1,0.395833333333333,0.395833333333333,1,0.395833333333333,19,29,0,0,0.395833333333333,336.333333333333,19.8421052631579,355.254496763174,80.271742197641,48,55,0.460984848484849,amplicon_count,native_integer
carlstrom_phyllosphere_2019,Leaf420,Leaf5,0,0,0.5003367003367,0,0,0,0.481144781144781,0,0,0,0.49023569023569,0,0,0,0,0.49023569023569,0,0,-0.0354589178090641,0.0354589178090641,0.254545454545455,0,1,0.0625,0.0625,1,0.0625,3,45,0,0,0.0625,336.333333333333,45.6666666666667,355.254496763174,86.4430812237925,48,55,0.460984848484849,amplicon_count,native_integer
carlstrom_phyllosphere_2019,Leaf420,Leaf68,0,0,0.5003367003367,0,0,0,0.481144781144781,0,0,0,0.49023569023569,0,0,0,0,0.49023569023569,0,0,-0.146535883890118,0.146535883890118,0.804713804713805,0,1,1,1,1,1,48,0,0,0,1,336.333333333333,941.958333333333,355.254496763174,348.901820091499,48,55,0.460984848484849,amplicon_count,native_integer
carlstrom_phyllosphere_2019,Leaf420,Leaf70,0,0,0.5003367003367,0,0,0,0.481144781144781,0,0,0,0.49023569023569,0,0,0,0,0.49023569023569,0,0,-0.0589075086441695,0.0589075086441695,0.423569023569024,0,1,0.208333333333333,0.208333333333333,1,0.208333333333333,10,38,0,0,0.208333333333333,336.333333333333,17,355.254496763174,30.6498122653316,48,55,0.460984848484849,amplicon_count,native_integer
carlstrom_phyllosphere_2019,Leaf420,Leaf82,0,0,0.5003367003367,0,-0.00166812759521946,0.00166812759521946,0.967003367003367,0,0,0,0.49023569023569,0,0,0,0,0.49023569023569,0,0,-0.108694095224915,0.108694095224915,0.688215488215488,0,1,0.8125,0.8125,1,0.8125,39,9,0,0,0.8125,336.333333333333,91.1282051282051,355.254496763174,240.533890491984,48,55,0.460984848484849,amplicon_count,native_integer
carlstrom_phyllosphere_2019,Leaf420,Leaf83,0,0,0.5003367003367,0,0.0751117259177641,0.0751117259177641,0.988552188552189,0,0,0,0.49023569023569,0,0,0,0,0.49023569023569,0,0,0.156008348672783,0.156008348672783,0.824242424242424,0,1,0.6875,0.6875,1,0.6875,33,15,0,0,0.6875,336.333333333333,305.818181818182,355.254496763174,1571.80367849824,48,55,0.460984848484849,amplicon_count,native_integer
carlstrom_phyllosphere_2019,Leaf420,Leaf86,0,0,0.5003367003367,0,0,0,0.481144781144781,0,0,0,0.49023569023569,0,0,0,0,0.49023569023569,0,0,0.0779953404906933,0.0779953404906933,0.531313131313131,0,1,0.895833333333333,0.895833333333333,1,0.895833333333333,43,5,0,0,0.895833333333333,336.333333333333,400.581395348837,355.254496763174,1334.10514776271,48,55,0.460984848484849,amplicon_count,native_integer
carlstrom_phyllosphere_2019,Leaf420,Leaf88,0,0,0.5003367003367,0,0,0,0.481144781144781,0,0,0,0.49023569023569,0,0.15,0,0,0.49023569023569,0,0,-0.260996264989161,0.260996264989161,0.960942760942761,0,1,0.3125,0.3125,1,0.3125,15,33,0,0,0.3125,336.333333333333,84.2,355.254496763174,965.149492090767,48,55,0.460984848484849,amplicon_count,native_integer
carlstrom_phyllosphere_2019,Leaf420,Leaf90,0,0,0.5003367003367,0,0,0,0.481144781144781,0,0,0,0.49023569023569,0,0,0,0,0.49023569023569,0,0,0.0678449352158253,0.0678449352158253,0.476767676767677,0,1,0.791666666666667,0.791666666666667,1,0.791666666666667,38,10,0,0,0.791666666666667,336.333333333333,292.342105263158,355.254496763174,1496.93020035509,48,55,0.460984848484849,amplicon_count,native_integer
carlstrom_phyllosphere_2019,Leaf427,Leaf202,0,0,0.5003367003367,0,0,0,0.481144781144781,0,0,0,0.49023569023569,0,0,0,0,0.49023569023569,0,0,-0.0869039245690827,0.0869039245690827,0.585185185185185,0,0.333333333333333,1,0.333333333333333,1,0.333333333333333,16,0,32,0,0.333333333333333,10.0625,948.583333333333,23.5526628782873,348.703505227093,48,55,0.460984848484849,amplicon_count,native_integer
carlstrom_phyllosphere_2019,Leaf427,Leaf225,0,0,0.5003367003367,0,0,0,0.481144781144781,0,0,0,0.49023569023569,0,0,0,0,0.49023569023569,0,0.15,0.0887310159858405,0.0887310159858405,0.593265993265993,0,0.333333333333333,0.208333333333333,0.208333333333333,0.333333333333333,0.125,6,10,4,28,0.3,10.0625,4,23.5526628782873,10.9957446808511,48,55,0.460984848484849,amplicon_count,native_integer
carlstrom_phyllosphere_2019,Leaf427,Leaf281,0,0,0.5003367003367,0,0,0,0.481144781144781,0,0,0,0.49023569023569,0,0,0,0,0.49023569023569,0,0,0.028659059967307,0.028659059967307,0.208080808080808,0,0.333333333333333,0.541666666666667,0.333333333333333,0.541666666666667,0.208333333333333,10,6,16,16,0.3125,10.0625,17.0384615384615,23.5526628782873,95.0328514480573,48,55,0.460984848484849,amplicon_count,native_integer
carlstrom_phyllosphere_2019,Leaf427,Leaf3,0,0,0.5003367003367,0,0.0237577920360651,0.0237577920360651,0.975757575757576,0,0,0,0.49023569023569,0,0,0,0,0.49023569023569,0,0.05,0.147203323309402,0.147203323309402,0.808080808080808,0,0.333333333333333,0.541666666666667,0.333333333333333,0.541666666666667,0.229166666666667,11,5,15,17,0.354838709677419,10.0625,17.6923076923077,23.5526628782873,106.65605920444,48,55,0.460984848484849,amplicon_count,native_integer
carlstrom_phyllosphere_2019,Leaf427,Leaf33,0,0,0.5003367003367,0,0,0,0.481144781144781,0,0,0,0.49023569023569,0,0,0,0,0.49023569023569,0,0,-0.160139483442991,0.160139483442991,0.830976430976431,0,0.333333333333333,0.354166666666667,0.333333333333333,0.354166666666667,0.0833333333333333,4,12,13,19,0.137931034482759,10.0625,100.588235294118,23.5526628782873,225.172527062337,48,55,0.460984848484849,amplicon_count,native_integer
carlstrom_phyllosphere_2019,Leaf427,Leaf443,0,0,0.5003367003367,0,0,0,0.481144781144781,0,0,0,0.49023569023569,0,0,0,0,0.49023569023569,0,0,-0.117283339192826,0.117283339192826,0.723905723905724,0,0.333333333333333,0.395833333333333,0.333333333333333,0.395833333333333,0.145833333333333,7,9,12,20,0.25,10.0625,19.8421052631579,23.5526628782873,80.271742197641,48,55,0.460984848484849,amplicon_count,native_integer
carlstrom_phyllosphere_2019,Leaf427,Leaf5,0,0,0.5003367003367,0,0,0,0.481144781144781,0,0,0,0.49023569023569,0,0,0,0,0.49023569023569,0,0.1,-0.0135916383159096,0.0135916383159096,0.0962962962962963,0,0.333333333333333,0.0625,0.0625,0.333333333333333,0,0,16,3,29,0,10.0625,45.6666666666667,23.5526628782873,86.4430812237925,48,55,0.460984848484849,amplicon_count,native_integer
carlstrom_phyllosphere_2019,Leaf427,Leaf68,0,0,0.5003367003367,0,0,0,0.481144781144781,0,0,0,0.49023569023569,0,0,0,0,0.49023569023569,0,0,-0.109823749658144,0.109823749658144,0.695622895622896,0,0.333333333333333,1,0.333333333333333,1,0.333333333333333,16,0,32,0,0.333333333333333,10.0625,941.958333333333,23.5526628782873,348.901820091499,48,55,0.460984848484849,amplicon_count,native_integer
carlstrom_phyllosphere_2019,Leaf427,Leaf70,0,0,0.5003367003367,0,0,0,0.481144781144781,0,0,0,0.49023569023569,0,0,0,0,0.49023569023569,0,0,-0.187067981672584,0.187067981672584,0.892255892255892,0,0.333333333333333,0.208333333333333,0.208333333333333,0.333333333333333,0.0416666666666667,2,14,8,24,0.0833333333333333,10.0625,17,23.5526628782873,30.6498122653316,48,55,0.460984848484849,amplicon_count,native_integer
carlstrom_phyllosphere_2019,Leaf427,Leaf82,0,0,0.5003367003367,0,0,0,0.481144781144781,0,0,0,0.49023569023569,0,0,0,0,0.49023569023569,0,0,-0.123029334273746,0.123029334273746,0.742760942760943,0,0.333333333333333,0.8125,0.333333333333333,0.8125,0.291666666666667,14,2,25,7,0.341463414634146,10.0625,91.1282051282051,23.5526628782873,240.533890491984,48,55,0.460984848484849,amplicon_count,native_integer
carlstrom_phyllosphere_2019,Leaf427,Leaf83,0,0,0.5003367003367,0,0,0,0.481144781144781,0,0,0,0.49023569023569,0,0,0,0,0.49023569023569,0,0,-0.0624066544922378,0.0624066544922378,0.445791245791246,0,0.333333333333333,0.6875,0.333333333333333,0.6875,0.1875,9,7,24,8,0.225,10.0625,305.818181818182,23.5526628782873,1571.80367849824,48,55,0.460984848484849,amplicon_count,native_integer
carlstrom_phyllosphere_2019,Leaf427,Leaf86,0,0,0.5003367003367,0,0,0,0.481144781144781,0,0,0,0.49023569023569,0,0,0,0,0.49023569023569,0,0,0.16978557844149,0.16978557844149,0.850505050505051,0,0.333333333333333,0.895833333333333,0.333333333333333,0.895833333333333,0.3125,15,1,28,4,0.340909090909091,10.0625,400.581395348837,23.5526628782873,1334.10514776271,48,55,0.460984848484849,amplicon_count,native_integer
carlstrom_phyllosphere_2019,Leaf427,Leaf88,0,0,0.5003367003367,0,0,0,0.481144781144781,0,0,0,0.49023569023569,0,0,0,0,0.49023569023569,0,0,-0.209447275908038,0.209447275908038,0.923905723905724,0,0.333333333333333,0.3125,0.3125,0.333333333333333,0.125,6,10,9,23,0.24,10.0625,84.2,23.5526628782873,965.149492090767,48,55,0.460984848484849,amplicon_count,native_integer
carlstrom_phyllosphere_2019,Leaf427,Leaf90,0,0,0.5003367003367,0,0,0,0.481144781144781,0,0,0,0.49023569023569,0,0,0,0,0.49023569023569,0,0,-0.00262480174989827,0.00262480174989827,0.0148148148148148,0,0.333333333333333,0.791666666666667,0.333333333333333,0.791666666666667,0.208333333333333,10,6,28,4,0.227272727272727,10.0625,292.342105263158,23.5526628782873,1496.93020035509,48,55,0.460984848484849,amplicon_count,native_integer
carlstrom_phyllosphere_2019,Leaf443,Leaf202,0,0,0.5003367003367,0,0,0,0.481144781144781,0,0,0,0.49023569023569,0,0,0,0,0.49023569023569,0,0,-0.0625570304003551,0.0625570304003551,0.447811447811448,0,0.395833333333333,1,0.395833333333333,1,0.395833333333333,19,0,29,0,0.395833333333333,19.8421052631579,948.583333333333,80.271742197641,348.703505227093,48,55,0.460984848484849,amplicon_count,native_integer
carlstrom_phyllosphere_2019,Leaf443,Leaf225,0,0,0.5003367003367,0,0,0,0.481144781144781,0,0,0,0.49023569023569,0,0,0,0,0.49023569023569,0,0,-0.146660080350316,0.146660080350316,0.805387205387205,0,0.395833333333333,0.208333333333333,0.208333333333333,0.395833333333333,0.0833333333333333,4,15,6,23,0.16,19.8421052631579,4,80.271742197641,10.9957446808511,48,55,0.460984848484849,amplicon_count,native_integer
carlstrom_phyllosphere_2019,Leaf443,Leaf281,0,0,0.5003367003367,0,0,0,0.481144781144781,0,0,0,0.49023569023569,0,0,0,0,0.49023569023569,0,0,0.0151663391807664,0.0151663391807664,0.106397306397306,0,0.395833333333333,0.541666666666667,0.395833333333333,0.541666666666667,0.229166666666667,11,8,15,14,0.323529411764706,19.8421052631579,17.0384615384615,80.271742197641,95.0328514480573,48,55,0.460984848484849,amplicon_count,native_integer
carlstrom_phyllosphere_2019,Leaf443,Leaf3,0,0,0.5003367003367,0,0,0,0.481144781144781,0,0,0,0.49023569023569,0,0,0,0,0.49023569023569,0,0.1,0.0250597652659945,0.0250597652659945,0.184511784511785,0,0.395833333333333,0.541666666666667,0.395833333333333,0.541666666666667,0.25,12,7,14,15,0.363636363636364,19.8421052631579,17.6923076923077,80.271742197641,106.65605920444,48,55,0.460984848484849,amplicon_count,native_integer
carlstrom_phyllosphere_2019,Leaf443,Leaf33,0,0,0.5003367003367,0,0,0,0.481144781144781,0,0,0,0.49023569023569,0,0,0,0,0.49023569023569,0,0,0.0609616646708194,0.0609616646708194,0.433670033670034,0,0.395833333333333,0.354166666666667,0.354166666666667,0.395833333333333,0.166666666666667,8,11,9,20,0.285714285714286,19.8421052631579,100.588235294118,80.271742197641,225.172527062337,48,55,0.460984848484849,amplicon_count,native_integer
carlstrom_phyllosphere_2019,Leaf443,Leaf5,0,0,0.5003367003367,0,0,0,0.481144781144781,0,0,0,0.49023569023569,0,0,0,0,0.49023569023569,0,0,-0.00841455627249617,0.00841455627249617,0.0498316498316498,0,0.395833333333333,0.0625,0.0625,0.395833333333333,0.0208333333333333,1,18,2,27,0.0476190476190476,19.8421052631579,45.6666666666667,80.271742197641,86.4430812237925,48,55,0.460984848484849,amplicon_count,native_integer
carlstrom_phyllosphere_2019,Leaf443,Leaf68,0,0,0.5003367003367,0,-0.00152863306463748,0.00152863306463748,0.966329966329966,0,0,0,0.49023569023569,0,0,0,0,0.49023569023569,0,0,-0.0721048002246656,0.0721048002246656,0.498989898989899,0,0.395833333333333,1,0.395833333333333,1,0.395833333333333,19,0,29,0,0.395833333333333,19.8421052631579,941.958333333333,80.271742197641,348.901820091499,48,55,0.460984848484849,amplicon_count,native_integer
carlstrom_phyllosphere_2019,Leaf443,Leaf70,0,0,0.5003367003367,0,0,0,0.481144781144781,0,0,0,0.49023569023569,0,0,0,0,0.49023569023569,0,0,0.0365820917468294,0.0365820917468294,0.262626262626263,0,0.395833333333333,0.208333333333333,0.208333333333333,0.395833333333333,0.104166666666667,5,14,5,24,0.208333333333333,19.8421052631579,17,80.271742197641,30.6498122653316,48,55,0.460984848484849,amplicon_count,native_integer
carlstrom_phyllosphere_2019,Leaf443,Leaf82,0,0,0.5003367003367,0,0,0,0.481144781144781,0,0,0,0.49023569023569,0,0,0,0,0.49023569023569,0,0,0.0536045563585579,0.0536045563585579,0.382491582491583,0,0.395833333333333,0.8125,0.395833333333333,0.8125,0.375,18,1,21,8,0.45,19.8421052631579,91.1282051282051,80.271742197641,240.533890491984,48,55,0.460984848484849,amplicon_count,native_integer
carlstrom_phyllosphere_2019,Leaf443,Leaf83,0,0,0.5003367003367,0,0,0,0.481144781144781,0,0,0,0.49023569023569,0,0,0,0,0.49023569023569,0,0,0.0362406876318153,0.0362406876318153,0.258585858585859,0,0.395833333333333,0.6875,0.395833333333333,0.6875,0.291666666666667,14,5,19,10,0.368421052631579,19.8421052631579,305.818181818182,80.271742197641,1571.80367849824,48,55,0.460984848484849,amplicon_count,native_integer
carlstrom_phyllosphere_2019,Leaf443,Leaf86,0,0,0.5003367003367,0,0,0,0.481144781144781,0,0,0,0.49023569023569,0,0,0,0,0.49023569023569,0,0,-0.00451914735718279,0.00451914735718279,0.0215488215488215,0,0.395833333333333,0.895833333333333,0.395833333333333,0.895833333333333,0.354166666666667,17,2,26,3,0.377777777777778,19.8421052631579,400.581395348837,80.271742197641,1334.10514776271,48,55,0.460984848484849,amplicon_count,native_integer
carlstrom_phyllosphere_2019,Leaf443,Leaf88,0,0,0.5003367003367,0,0,0,0.481144781144781,0,0,0,0.49023569023569,0,0,0,0,0.49023569023569,0,0.15,0.0737560261996133,0.0737560261996133,0.506397306397306,0,0.395833333333333,0.3125,0.3125,0.395833333333333,0.1875,9,10,6,23,0.36,19.8421052631579,84.2,80.271742197641,965.149492090767,48,55,0.460984848484849,amplicon_count,native_integer
carlstrom_phyllosphere_2019,Leaf443,Leaf90,0,0,0.5003367003367,0,0,0,0.481144781144781,0,0,0,0.49023569023569,0,0,0,0,0.49023569023569,0,0,-0.0372552549939378,0.0372552549939378,0.268013468013468,0,0.395833333333333,0.791666666666667,0.395833333333333,0.791666666666667,0.333333333333333,16,3,22,7,0.390243902439024,19.8421052631579,292.342105263158,80.271742197641,1496.93020035509,48,55,0.460984848484849,amplicon_count,native_integer
carlstrom_phyllosphere_2019,Leaf5,Leaf202,0,0,0.5003367003367,0,0,0,0.481144781144781,0,0,0,0.49023569023569,0,0,0,0,0.49023569023569,0,0,0.0170075487476588,0.0170075487476588,0.115151515151515,0,0.0625,1,0.0625,1,0.0625,3,0,45,0,0.0625,45.6666666666667,948.583333333333,86.4430812237925,348.703505227093,48,55,0.460984848484849,amplicon_count,native_integer
carlstrom_phyllosphere_2019,Leaf5,Leaf225,0,0,0.5003367003367,0,0,0,0.481144781144781,0,0,0,0.49023569023569,0,0,0,0,0.49023569023569,0,0,0.100502433118989,0.100502433118989,0.659259259259259,0,0.0625,0.208333333333333,0.0625,0.208333333333333,0,0,3,10,35,0,45.6666666666667,4,86.4430812237925,10.9957446808511,48,55,0.460984848484849,amplicon_count,native_integer
carlstrom_phyllosphere_2019,Leaf5,Leaf281,0,0,0.5003367003367,0,0,0,0.481144781144781,0,0,0,0.49023569023569,0,0,0,0,0.49023569023569,0,0.05,-0.087480197509611,0.087480197509611,0.587878787878788,0,0.0625,0.541666666666667,0.0625,0.541666666666667,0.0208333333333333,1,2,25,20,0.0357142857142857,45.6666666666667,17.0384615384615,86.4430812237925,95.0328514480573,48,55,0.460984848484849,amplicon_count,native_integer
carlstrom_phyllosphere_2019,Leaf5,Leaf3,0,0,0.5003367003367,0,0,0,0.481144781144781,0,0,0,0.49023569023569,0,0,0,0,0.49023569023569,0,0,-0.0796421591862403,0.0796421591862403,0.54006734006734,0,0.0625,0.541666666666667,0.0625,0.541666666666667,0.0208333333333333,1,2,25,20,0.0357142857142857,45.6666666666667,17.6923076923077,86.4430812237925,106.65605920444,48,55,0.460984848484849,amplicon_count,native_integer
carlstrom_phyllosphere_2019,Leaf5,Leaf33,0,0,0.5003367003367,0,0,0,0.481144781144781,0,0,0,0.49023569023569,0,0,0,0,0.49023569023569,0,0.05,0.174061575150163,0.174061575150163,0.863973063973064,0,0.0625,0.354166666666667,0.0625,0.354166666666667,0.0625,3,0,14,31,0.176470588235294,45.6666666666667,100.588235294118,86.4430812237925,225.172527062337,48,55,0.460984848484849,amplicon_count,native_integer
carlstrom_phyllosphere_2019,Leaf5,Leaf68,0,0,0.5003367003367,0,0,0,0.481144781144781,0,0,0,0.49023569023569,0,0,0,0,0.49023569023569,0,0,0.00852563435297605,0.00852563435297605,0.0505050505050505,0,0.0625,1,0.0625,1,0.0625,3,0,45,0,0.0625,45.6666666666667,941.958333333333,86.4430812237925,348.901820091499,48,55,0.460984848484849,amplicon_count,native_integer
carlstrom_phyllosphere_2019,Leaf5,Leaf70,0,0,0.5003367003367,0,0,0,0.481144781144781,0,0,0,0.49023569023569,0,0,0,0,0.49023569023569,0,0.05,-0.0454196865383771,0.0454196865383771,0.323232323232323,0,0.0625,0.208333333333333,0.0625,0.208333333333333,0,0,3,10,35,0,45.6666666666667,17,86.4430812237925,30.6498122653316,48,55,0.460984848484849,amplicon_count,native_integer
carlstrom_phyllosphere_2019,Leaf5,Leaf82,0,0,0.5003367003367,0,0,0,0.481144781144781,0,0,0,0.49023569023569,0,0,0,0,0.49023569023569,0,0,-0.0368501532818855,0.0368501532818855,0.265319865319865,0,0.0625,0.8125,0.0625,0.8125,0.0416666666666667,2,1,37,8,0.05,45.6666666666667,91.1282051282051,86.4430812237925,240.533890491984,48,55,0.460984848484849,amplicon_count,native_integer
carlstrom_phyllosphere_2019,Leaf5,Leaf83,0,0,0.5003367003367,0,0,0,0.481144781144781,0,0,0,0.49023569023569,0,0,0,0,0.49023569023569,0,0,-0.079846022724145,0.079846022724145,0.540740740740741,0,0.0625,0.6875,0.0625,0.6875,0.0416666666666667,2,1,31,14,0.0588235294117647,45.6666666666667,305.818181818182,86.4430812237925,1571.80367849824,48,55,0.460984848484849,amplicon_count,native_integer
carlstrom_phyllosphere_2019,Leaf5,Leaf86,0,0,0.5003367003367,0,0,0,0.481144781144781,0,0,0,0.49023569023569,0,0,0,0,0.49023569023569,0,0,-0.173097930931646,0.173097930931646,0.861952861952862,0,0.0625,0.895833333333333,0.0625,0.895833333333333,0.0416666666666667,2,1,41,4,0.0454545454545455,45.6666666666667,400.581395348837,86.4430812237925,1334.10514776271,48,55,0.460984848484849,amplicon_count,native_integer
carlstrom_phyllosphere_2019,Leaf5,Leaf88,0,0,0.5003367003367,0,0,0,0.481144781144781,0,0,0,0.49023569023569,0,0,0,0,0.49023569023569,0,0,-0.0481313983864017,0.0481313983864017,0.344107744107744,0,0.0625,0.3125,0.0625,0.3125,0.0208333333333333,1,2,14,31,0.0588235294117647,45.6666666666667,84.2,86.4430812237925,965.149492090767,48,55,0.460984848484849,amplicon_count,native_integer
carlstrom_phyllosphere_2019,Leaf5,Leaf90,0,0,0.5003367003367,0,0,0,0.481144781144781,0,0,0,0.49023569023569,0,0,0,0,0.49023569023569,0,0,0.169358916883538,0.169358916883538,0.849158249158249,0,0.0625,0.791666666666667,0.0625,0.791666666666667,0.0625,3,0,35,10,0.0789473684210526,45.6666666666667,292.342105263158,86.4430812237925,1496.93020035509,48,55,0.460984848484849,amplicon_count,native_integer
carlstrom_phyllosphere_2019,Leaf68,Leaf202,0,0,0.5003367003367,0,0.9374407011304,0.9374407011304,0.999326599326599,1,0.390523787881314,0.390523787881314,1,1,1,0.509892504473454,0.509892504473454,1,1,1,0.99666321067215,0.99666321067215,1,1,1,1,1,1,1,48,0,0,0,1,941.958333333333,948.583333333333,348.901820091499,348.703505227093,48,55,0.460984848484849,amplicon_count,native_integer
carlstrom_phyllosphere_2019,Leaf68,Leaf225,0,0,0.5003367003367,0,0,0,0.481144781144781,0,0,0,0.49023569023569,0,0,0,0,0.49023569023569,0,0,0.0740191856009264,0.0740191856009264,0.507744107744108,0,1,0.208333333333333,0.208333333333333,1,0.208333333333333,10,38,0,0,0.208333333333333,941.958333333333,4,348.901820091499,10.9957446808511,48,55,0.460984848484849,amplicon_count,native_integer
carlstrom_phyllosphere_2019,Leaf68,Leaf281,0,0,0.5003367003367,0,0,0,0.481144781144781,0,0,0,0.49023569023569,0,0,0,0,0.49023569023569,0,0,0.0957823248545205,0.0957823248545205,0.631649831649832,0,1,0.541666666666667,0.541666666666667,1,0.541666666666667,26,22,0,0,0.541666666666667,941.958333333333,17.0384615384615,348.901820091499,95.0328514480573,48,55,0.460984848484849,amplicon_count,native_integer
carlstrom_phyllosphere_2019,Leaf68,Leaf3,0,0,0.5003367003367,0,0,0,0.481144781144781,0,0,0,0.49023569023569,0,0,0,0,0.49023569023569,0,0,0.0536883924202691,0.0536883924202691,0.383164983164983,0,1,0.541666666666667,0.541666666666667,1,0.541666666666667,26,22,0,0,0.541666666666667,941.958333333333,17.6923076923077,348.901820091499,106.65605920444,48,55,0.460984848484849,amplicon_count,native_integer
carlstrom_phyllosphere_2019,Leaf68,Leaf33,0,0,0.5003367003367,0,0,0,0.481144781144781,0,0,0,0.49023569023569,0,0.15,0,0,0.49023569023569,0,0.1,-0.300943994602731,0.300943994602731,0.977777777777778,1,1,0.354166666666667,0.354166666666667,1,0.354166666666667,17,31,0,0,0.354166666666667,941.958333333333,100.588235294118,348.901820091499,225.172527062337,48,55,0.460984848484849,amplicon_count,native_integer
carlstrom_phyllosphere_2019,Leaf68,Leaf70,0,0,0.5003367003367,0,0,0,0.481144781144781,0,0,0,0.49023569023569,0,0,0,0,0.49023569023569,0,0.15,0.253432789060852,0.253432789060852,0.956902356902357,0,1,0.208333333333333,0.208333333333333,1,0.208333333333333,10,38,0,0,0.208333333333333,941.958333333333,17,348.901820091499,30.6498122653316,48,55,0.460984848484849,amplicon_count,native_integer
carlstrom_phyllosphere_2019,Leaf68,Leaf82,0,0,0.5003367003367,0,0,0,0.481144781144781,0,0,0,0.49023569023569,0,0,0,0,0.49023569023569,0,0,0.055362966167544,0.055362966167544,0.392592592592593,0,1,0.8125,0.8125,1,0.8125,39,9,0,0,0.8125,941.958333333333,91.1282051282051,348.901820091499,240.533890491984,48,55,0.460984848484849,amplicon_count,native_integer
carlstrom_phyllosphere_2019,Leaf68,Leaf83,0,0,0.5003367003367,0,0,0,0.481144781144781,0,0,0,0.49023569023569,0,0,0,0,0.49023569023569,0,0,0.270779202705884,0.270779202705884,0.967003367003367,0,1,0.6875,0.6875,1,0.6875,33,15,0,0,0.6875,941.958333333333,305.818181818182,348.901820091499,1571.80367849824,48,55,0.460984848484849,amplicon_count,native_integer
carlstrom_phyllosphere_2019,Leaf68,Leaf86,0,0,0.5003367003367,0,0,0,0.481144781144781,0,0,0,0.49023569023569,0,0,0,0,0.49023569023569,0,0,-0.0581395222741538,0.0581395222741538,0.416161616161616,0,1,0.895833333333333,0.895833333333333,1,0.895833333333333,43,5,0,0,0.895833333333333,941.958333333333,400.581395348837,348.901820091499,1334.10514776271,48,55,0.460984848484849,amplicon_count,native_integer
carlstrom_phyllosphere_2019,Leaf68,Leaf88,0,0,0.5003367003367,0,0,0,0.481144781144781,0,0,0,0.49023569023569,0,0,0,0,0.49023569023569,0,0,-0.013211775678474,0.013211775678474,0.0915824915824916,0,1,0.3125,0.3125,1,0.3125,15,33,0,0,0.3125,941.958333333333,84.2,348.901820091499,965.149492090767,48,55,0.460984848484849,amplicon_count,native_integer
carlstrom_phyllosphere_2019,Leaf68,Leaf90,0,0,0.5003367003367,0,0,0,0.481144781144781,0,-0.0101993674298786,0.0101993674298786,0.984511784511785,1,0.65,0,0,0.49023569023569,0,0,-0.393399698677743,0.393399698677743,0.994612794612795,1,1,0.791666666666667,0.791666666666667,1,0.791666666666667,38,10,0,0,0.791666666666667,941.958333333333,292.342105263158,348.901820091499,1496.93020035509,48,55,0.460984848484849,amplicon_count,native_integer
carlstrom_phyllosphere_2019,Leaf70,Leaf202,0,0,0.5003367003367,0,0,0,0.481144781144781,0,0,0,0.49023569023569,0,0,0.0136745628641987,0.0136745628641987,0.983164983164983,1,0.55,0.245936540836788,0.245936540836788,0.95016835016835,0,0.208333333333333,1,0.208333333333333,1,0.208333333333333,10,0,38,0,0.208333333333333,17,948.583333333333,30.6498122653316,348.703505227093,48,55,0.460984848484849,amplicon_count,native_integer
carlstrom_phyllosphere_2019,Leaf70,Leaf225,0,0,0.5003367003367,0,0,0,0.481144781144781,0,0,0,0.49023569023569,0,0,0,0,0.49023569023569,0,0,-0.019784753522173,0.019784753522173,0.142760942760943,0,0.208333333333333,0.208333333333333,0.208333333333333,0.208333333333333,0.0208333333333333,1,9,9,29,0.0526315789473684,17,4,30.6498122653316,10.9957446808511,48,55,0.460984848484849,amplicon_count,native_integer
carlstrom_phyllosphere_2019,Leaf70,Leaf281,0,0,0.5003367003367,0,0,0,0.481144781144781,0,0,0,0.49023569023569,0,0,0,0,0.49023569023569,0,0,0.00903644505359549,0.00903644505359549,0.0552188552188552,0,0.208333333333333,0.541666666666667,0.208333333333333,0.541666666666667,0.104166666666667,5,5,21,17,0.161290322580645,17,17.0384615384615,30.6498122653316,95.0328514480573,48,55,0.460984848484849,amplicon_count,native_integer
carlstrom_phyllosphere_2019,Leaf70,Leaf3,0,0,0.5003367003367,0,0,0,0.481144781144781,0,0,0,0.49023569023569,0,0,0,0,0.49023569023569,0,0,0.0226920321618327,0.0226920321618327,0.165656565656566,0,0.208333333333333,0.541666666666667,0.208333333333333,0.541666666666667,0.125,6,4,20,18,0.2,17,17.6923076923077,30.6498122653316,106.65605920444,48,55,0.460984848484849,amplicon_count,native_integer
carlstrom_phyllosphere_2019,Leaf70,Leaf33,0,0,0.5003367003367,0,0,0,0.481144781144781,0,0,0,0.49023569023569,0,0,0,0,0.49023569023569,0,0,-0.0914474141587721,0.0914474141587721,0.608080808080808,0,0.208333333333333,0.354166666666667,0.208333333333333,0.354166666666667,0.0416666666666667,2,8,15,23,0.08,17,100.588235294118,30.6498122653316,225.172527062337,48,55,0.460984848484849,amplicon_count,native_integer
carlstrom_phyllosphere_2019,Leaf70,Leaf82,0,0,0.5003367003367,0,0,0,0.481144781144781,0,0,0,0.49023569023569,0,0,0,0,0.49023569023569,0,0,0.0190402636881044,0.0190402636881044,0.136026936026936,0,0.208333333333333,0.8125,0.208333333333333,0.8125,0.166666666666667,8,2,31,7,0.195121951219512,17,91.1282051282051,30.6498122653316,240.533890491984,48,55,0.460984848484849,amplicon_count,native_integer
carlstrom_phyllosphere_2019,Leaf70,Leaf83,0,0,0.5003367003367,0,0,0,0.481144781144781,0,0,0,0.49023569023569,0,0.1,0,0,0.49023569023569,0,0.65,0.278251624736853,0.278251624736853,0.97037037037037,0,0.208333333333333,0.6875,0.208333333333333,0.6875,0.1875,9,1,24,14,0.264705882352941,17,305.818181818182,30.6498122653316,1571.80367849824,48,55,0.460984848484849,amplicon_count,native_integer
carlstrom_phyllosphere_2019,Leaf70,Leaf86,0,0,0.5003367003367,0,0,0,0.481144781144781,0,0,0,0.49023569023569,0,0,0,0,0.49023569023569,0,0,-0.147656660652571,0.147656660652571,0.809427609427609,0,0.208333333333333,0.895833333333333,0.208333333333333,0.895833333333333,0.1875,9,1,34,4,0.204545454545455,17,400.581395348837,30.6498122653316,1334.10514776271,48,55,0.460984848484849,amplicon_count,native_integer
carlstrom_phyllosphere_2019,Leaf70,Leaf88,0,0,0.5003367003367,0,0,0,0.481144781144781,0,0,0,0.49023569023569,0,0,0,0,0.49023569023569,0,0,-0.0755818071565484,0.0755818071565484,0.51986531986532,0,0.208333333333333,0.3125,0.208333333333333,0.3125,0.0625,3,7,12,26,0.136363636363636,17,84.2,30.6498122653316,965.149492090767,48,55,0.460984848484849,amplicon_count,native_integer
carlstrom_phyllosphere_2019,Leaf70,Leaf90,0,0,0.5003367003367,0,0,0,0.481144781144781,0,0,0,0.49023569023569,0,0,0,0,0.49023569023569,0,0,-0.112821153790006,0.112821153790006,0.707070707070707,0,0.208333333333333,0.791666666666667,0.208333333333333,0.791666666666667,0.1875,9,1,29,9,0.230769230769231,17,292.342105263158,30.6498122653316,1496.93020035509,48,55,0.460984848484849,amplicon_count,native_integer
carlstrom_phyllosphere_2019,Leaf82,Leaf202,0,0,0.5003367003367,0,0,0,0.481144781144781,0,0,0,0.49023569023569,0,0,0,0,0.49023569023569,0,0,0.0604930436225207,0.0604930436225207,0.42962962962963,0,0.8125,1,0.8125,1,0.8125,39,0,9,0,0.8125,91.1282051282051,948.583333333333,240.533890491984,348.703505227093,48,55,0.460984848484849,amplicon_count,native_integer
carlstrom_phyllosphere_2019,Leaf82,Leaf281,0,0,0.5003367003367,0,0.0897808404345048,0.0897808404345048,0.989225589225589,0,0,0,0.49023569023569,0,0,0,0,0.49023569023569,0,0,0.204515661424803,0.204515661424803,0.919191919191919,0,0.8125,0.541666666666667,0.541666666666667,0.8125,0.479166666666667,23,16,3,6,0.547619047619048,91.1282051282051,17.0384615384615,240.533890491984,95.0328514480573,48,55,0.460984848484849,amplicon_count,native_integer
carlstrom_phyllosphere_2019,Leaf82,Leaf83,0,0,0.5003367003367,0,0,0,0.481144781144781,0,0,0,0.49023569023569,0,0,0,0,0.49023569023569,0,0,0.115996800448007,0.115996800448007,0.720538720538721,0,0.8125,0.6875,0.6875,0.8125,0.5625,27,12,6,3,0.6,91.1282051282051,305.818181818182,240.533890491984,1571.80367849824,48,55,0.460984848484849,amplicon_count,native_integer
carlstrom_phyllosphere_2019,Leaf82,Leaf86,0,0,0.5003367003367,0,-0.0319931271339953,0.0319931271339953,0.978451178451179,0,0,0,0.49023569023569,0,0,0,0,0.49023569023569,0,0,-0.232571465490704,0.232571465490704,0.942087542087542,0,0.8125,0.895833333333333,0.8125,0.895833333333333,0.729166666666667,35,4,8,1,0.74468085106383,91.1282051282051,400.581395348837,240.533890491984,1334.10514776271,48,55,0.460984848484849,amplicon_count,native_integer
carlstrom_phyllosphere_2019,Leaf82,Leaf88,0,0,0.5003367003367,0,0,0,0.481144781144781,0,0,0,0.49023569023569,0,0,0,0,0.49023569023569,0,0,0.083265768248934,0.083265768248934,0.56026936026936,0,0.8125,0.3125,0.3125,0.8125,0.291666666666667,14,25,1,8,0.35,91.1282051282051,84.2,240.533890491984,965.149492090767,48,55,0.460984848484849,amplicon_count,native_integer
carlstrom_phyllosphere_2019,Leaf82,Leaf90,0,0,0.5003367003367,0,0,0,0.481144781144781,0,0,0,0.49023569023569,0,0,0,0,0.49023569023569,0,0,-0.137778804419043,0.137778804419043,0.782491582491582,0,0.8125,0.791666666666667,0.791666666666667,0.8125,0.666666666666667,32,7,6,3,0.711111111111111,91.1282051282051,292.342105263158,240.533890491984,1496.93020035509,48,55,0.460984848484849,amplicon_count,native_integer
carlstrom_phyllosphere_2019,Leaf83,Leaf202,0,0,0.5003367003367,0,0,0,0.481144781144781,0,0,0,0.49023569023569,0,0,0,0,0.49023569023569,0,0,0.262161991176823,0.262161991176823,0.962289562289562,0,0.6875,1,0.6875,1,0.6875,33,0,15,0,0.6875,305.818181818182,948.583333333333,1571.80367849824,348.703505227093,48,55,0.460984848484849,amplicon_count,native_integer
carlstrom_phyllosphere_2019,Leaf83,Leaf281,0,0,0.5003367003367,0,0,0,0.481144781144781,0,0,0,0.49023569023569,0,0,0,0,0.49023569023569,0,0,-0.00160887583363895,0.00160887583363895,0.00875420875420875,0,0.6875,0.541666666666667,0.541666666666667,0.6875,0.375,18,15,8,7,0.439024390243902,305.818181818182,17.0384615384615,1571.80367849824,95.0328514480573,48,55,0.460984848484849,amplicon_count,native_integer
carlstrom_phyllosphere_2019,Leaf83,Leaf86,0,0,0.5003367003367,0,0,0,0.481144781144781,0,0,0,0.49023569023569,0,0,0,0,0.49023569023569,0,0,-0.146509709017755,0.146509709017755,0.804040404040404,0,0.6875,0.895833333333333,0.6875,0.895833333333333,0.604166666666667,29,4,14,1,0.617021276595745,305.818181818182,400.581395348837,1571.80367849824,1334.10514776271,48,55,0.460984848484849,amplicon_count,native_integer
carlstrom_phyllosphere_2019,Leaf83,Leaf88,0,0,0.5003367003367,0,0,0,0.481144781144781,0,0,0,0.49023569023569,0,0,0,0,0.49023569023569,0,0,-0.124566581301643,0.124566581301643,0.748821548821549,0,0.6875,0.3125,0.3125,0.6875,0.229166666666667,11,22,4,11,0.297297297297297,305.818181818182,84.2,1571.80367849824,965.149492090767,48,55,0.460984848484849,amplicon_count,native_integer
carlstrom_phyllosphere_2019,Leaf83,Leaf90,0,0,0.5003367003367,0,0,0,0.481144781144781,0,0,0,0.49023569023569,0,0,0,0,0.49023569023569,0,0,-0.0548014260036363,0.0548014260036363,0.388552188552189,0,0.6875,0.791666666666667,0.6875,0.791666666666667,0.541666666666667,26,7,12,3,0.577777777777778,305.818181818182,292.342105263158,1571.80367849824,1496.93020035509,48,55,0.460984848484849,amplicon_count,native_integer
carlstrom_phyllosphere_2019,Leaf86,Leaf202,0,0,0.5003367003367,0,0,0,0.481144781144781,0,0,0,0.49023569023569,0,0,0,0,0.49023569023569,0,0,-0.0462772746327522,0.0462772746327522,0.32996632996633,0,0.895833333333333,1,0.895833333333333,1,0.895833333333333,43,0,5,0,0.895833333333333,400.581395348837,948.583333333333,1334.10514776271,348.703505227093,48,55,0.460984848484849,amplicon_count,native_integer
carlstrom_phyllosphere_2019,Leaf86,Leaf281,0,0,0.5003367003367,0,0,0,0.481144781144781,0,0,0,0.49023569023569,0,0,0,0,0.49023569023569,0,0,-0.0498150520441938,0.0498150520441938,0.354882154882155,0,0.895833333333333,0.541666666666667,0.541666666666667,0.895833333333333,0.479166666666667,23,20,3,2,0.5,400.581395348837,17.0384615384615,1334.10514776271,95.0328514480573,48,55,0.460984848484849,amplicon_count,native_integer
carlstrom_phyllosphere_2019,Leaf86,Leaf88,0,0,0.5003367003367,0,0,0,0.481144781144781,0,0,0,0.49023569023569,0,0,0,0,0.49023569023569,0,0.05,0.119795870662032,0.119795870662032,0.731986531986532,0,0.895833333333333,0.3125,0.3125,0.895833333333333,0.3125,15,28,0,5,0.348837209302326,400.581395348837,84.2,1334.10514776271,965.149492090767,48,55,0.460984848484849,amplicon_count,native_integer
carlstrom_phyllosphere_2019,Leaf86,Leaf90,0,0,0.5003367003367,0,0,0,0.481144781144781,0,0,0,0.49023569023569,0,0,0,0,0.49023569023569,0,0,-0.223914075265038,0.223914075265038,0.938047138047138,0,0.895833333333333,0.791666666666667,0.791666666666667,0.895833333333333,0.729166666666667,35,8,3,2,0.760869565217391,400.581395348837,292.342105263158,1334.10514776271,1496.93020035509,48,55,0.460984848484849,amplicon_count,native_integer
carlstrom_phyllosphere_2019,Leaf88,Leaf202,0,0,0.5003367003367,0,0,0,0.481144781144781,0,0,0,0.49023569023569,0,0,0,0,0.49023569023569,0,0,-0.0121005577275246,0.0121005577275246,0.0828282828282828,0,0.3125,1,0.3125,1,0.3125,15,0,33,0,0.3125,84.2,948.583333333333,965.149492090767,348.703505227093,48,55,0.460984848484849,amplicon_count,native_integer
carlstrom_phyllosphere_2019,Leaf88,Leaf281,0,0,0.5003367003367,0,0,0,0.481144781144781,0,0,0,0.49023569023569,0,0,0,0,0.49023569023569,0,0,-0.165107263331726,0.165107263331726,0.841077441077441,0,0.3125,0.541666666666667,0.3125,0.541666666666667,0.1875,9,6,17,16,0.28125,84.2,17.0384615384615,965.149492090767,95.0328514480573,48,55,0.460984848484849,amplicon_count,native_integer
carlstrom_phyllosphere_2019,Leaf88,Leaf90,0,0,0.5003367003367,0,0,0,0.481144781144781,0,0,0,0.49023569023569,0,0,0,0,0.49023569023569,0,0,0.00579575057255523,0.00579575057255523,0.0336700336700337,0,0.3125,0.791666666666667,0.3125,0.791666666666667,0.270833333333333,13,2,25,8,0.325,84.2,292.342105263158,965.149492090767,1496.93020035509,48,55,0.460984848484849,amplicon_count,native_integer
carlstrom_phyllosphere_2019,Leaf90,Leaf202,0,0,0.5003367003367,0,-0.111363211962279,0.111363211962279,0.99057239057239,0,-0.012450172867008,0.012450172867008,0.985185185185185,1,0.65,0,0,0.49023569023569,0,0,-0.394682837073801,0.394682837073801,0.995959595959596,1,0.791666666666667,1,0.791666666666667,1,0.791666666666667,38,0,10,0,0.791666666666667,292.342105263158,948.583333333333,1496.93020035509,348.703505227093,48,55,0.460984848484849,amplicon_count,native_integer
carlstrom_phyllosphere_2019,Leaf90,Leaf281,0,0,0.5003367003367,0,0,0,0.481144781144781,0,0,0,0.49023569023569,0,0,0,0,0.49023569023569,0,0,-0.0558416292064568,0.0558416292064568,0.395959595959596,0,0.791666666666667,0.541666666666667,0.541666666666667,0.791666666666667,0.416666666666667,20,18,6,4,0.454545454545455,292.342105263158,17.0384615384615,1496.93020035509,95.0328514480573,48,55,0.460984848484849,amplicon_count,native_integer
