dataset,taxon_1,taxon_2,interaction_label,supervised_score,selected_model
butyrate_assembly_2021,AC,BA,1,0.8214001153807302,logistic_score5_C10.0_balancedTrue
butyrate_assembly_2021,AC,BC,1,0.6895454600815423,logistic_score5_C10.0_balancedTrue
butyrate_assembly_2021,AC,BF,1,0.4306477090767725,logistic_score5_C10.0_balancedTrue
butyrate_assembly_2021,AC,BH,0,0.7364997588151964,logistic_score5_C10.0_balancedTrue
butyrate_assembly_2021,AC,BO,1,0.2783487668211771,logistic_score5_C10.0_balancedTrue
butyrate_assembly_2021,AC,BP,1,0.33302093862843396,logistic_score5_C10.0_balancedTrue
butyrate_assembly_2021,AC,BT,1,0.3125811506409363,logistic_score5_C10.0_balancedTrue
butyrate_assembly_2021,AC,BU,1,0.37419585685887924,logistic_score5_C10.0_balancedTrue
butyrate_assembly_2021,AC,BV,0,0.8547976901531339,logistic_score5_C10.0_balancedTrue
butyrate_assembly_2021,AC,BY,0,0.2825284965773056,logistic_score5_C10.0_balancedTrue
butyrate_assembly_2021,AC,CA,1,0.47538268680313345,logistic_score5_C10.0_balancedTrue
butyrate_assembly_2021,AC,CC,1,0.8016847838258041,logistic_score5_C10.0_balancedTrue
butyrate_assembly_2021,AC,CG,1,0.6455392201841972,logistic_score5_C10.0_balancedTrue
butyrate_assembly_2021,AC,CH,0,0.47240691628118137,logistic_score5_C10.0_balancedTrue
butyrate_assembly_2021,AC,DF,1,0.2888257993102767,logistic_score5_C10.0_balancedTrue
butyrate_assembly_2021,AC,DL,1,0.39650089649484616,logistic_score5_C10.0_balancedTrue
butyrate_assembly_2021,AC,DP,1,0.8492486053253872,logistic_score5_C10.0_balancedTrue
butyrate_assembly_2021,AC,EL,0,0.25312126726632994,logistic_score5_C10.0_balancedTrue
butyrate_assembly_2021,AC,ER,1,0.5293984190119366,logistic_score5_C10.0_balancedTrue
butyrate_assembly_2021,AC,FP,1,0.8877789755564575,logistic_score5_C10.0_balancedTrue
butyrate_assembly_2021,AC,HB,0,0.37020245948828157,logistic_score5_C10.0_balancedTrue
butyrate_assembly_2021,AC,PC,1,0.4371968765797961,logistic_score5_C10.0_balancedTrue
butyrate_assembly_2021,AC,RI,1,0.7720301282706445,logistic_score5_C10.0_balancedTrue
butyrate_assembly_2021,BA,CC,1,0.7971186185612751,logistic_score5_C10.0_balancedTrue
butyrate_assembly_2021,BA,ER,1,0.9057244035713236,logistic_score5_C10.0_balancedTrue
butyrate_assembly_2021,BA,FP,1,0.5237461066850372,logistic_score5_C10.0_balancedTrue
butyrate_assembly_2021,BA,RI,1,0.7500116414050039,logistic_score5_C10.0_balancedTrue
butyrate_assembly_2021,BC,CC,1,0.3136276083644882,logistic_score5_C10.0_balancedTrue
butyrate_assembly_2021,BC,ER,1,0.8180068415642534,logistic_score5_C10.0_balancedTrue
butyrate_assembly_2021,BC,FP,1,0.7698298384607669,logistic_score5_C10.0_balancedTrue
butyrate_assembly_2021,BF,CC,1,0.3336358152865033,logistic_score5_C10.0_balancedTrue
butyrate_assembly_2021,BF,ER,1,0.738455802934821,logistic_score5_C10.0_balancedTrue
butyrate_assembly_2021,BF,FP,1,0.8489817620716057,logistic_score5_C10.0_balancedTrue
butyrate_assembly_2021,BF,RI,1,0.44647618791556154,logistic_score5_C10.0_balancedTrue
butyrate_assembly_2021,BH,CC,0,0.8859785815924575,logistic_score5_C10.0_balancedTrue
butyrate_assembly_2021,BH,ER,1,0.8806383938190968,logistic_score5_C10.0_balancedTrue
butyrate_assembly_2021,BH,FP,1,0.5990711937213675,logistic_score5_C10.0_balancedTrue
butyrate_assembly_2021,BH,RI,1,0.7643734181968601,logistic_score5_C10.0_balancedTrue
butyrate_assembly_2021,BL,CC,0,0.7246555016426734,logistic_score5_C10.0_balancedTrue
butyrate_assembly_2021,BO,CC,0,0.7518696189577477,logistic_score5_C10.0_balancedTrue
butyrate_assembly_2021,BO,ER,1,0.5458606136920007,logistic_score5_C10.0_balancedTrue
butyrate_assembly_2021,BO,FP,0,0.5252843372803868,logistic_score5_C10.0_balancedTrue
butyrate_assembly_2021,BO,RI,1,0.34807674588976617,logistic_score5_C10.0_balancedTrue
butyrate_assembly_2021,BP,CC,0,0.40322601915856765,logistic_score5_C10.0_balancedTrue
butyrate_assembly_2021,BP,ER,1,0.49666362077665993,logistic_score5_C10.0_balancedTrue
butyrate_assembly_2021,BP,FP,1,0.538221193386623,logistic_score5_C10.0_balancedTrue
butyrate_assembly_2021,BP,RI,1,0.3247386463908007,logistic_score5_C10.0_balancedTrue
butyrate_assembly_2021,BT,CC,1,0.8592014312109093,logistic_score5_C10.0_balancedTrue
butyrate_assembly_2021,BT,ER,1,0.3527173067635559,logistic_score5_C10.0_balancedTrue
butyrate_assembly_2021,BT,FP,1,0.729532926375446,logistic_score5_C10.0_balancedTrue
butyrate_assembly_2021,BT,RI,1,0.41816861417751,logistic_score5_C10.0_balancedTrue
butyrate_assembly_2021,BU,CC,0,0.3796665785739306,logistic_score5_C10.0_balancedTrue
butyrate_assembly_2021,BU,ER,1,0.36319115486237596,logistic_score5_C10.0_balancedTrue
butyrate_assembly_2021,BU,FP,1,0.4323525426395689,logistic_score5_C10.0_balancedTrue
butyrate_assembly_2021,BV,CC,1,0.3304742949527324,logistic_score5_C10.0_balancedTrue
butyrate_assembly_2021,BV,ER,1,0.41849942508164784,logistic_score5_C10.0_balancedTrue
butyrate_assembly_2021,BV,RI,1,0.7582001197294334,logistic_score5_C10.0_balancedTrue
butyrate_assembly_2021,BY,CC,0,0.8226767732361497,logistic_score5_C10.0_balancedTrue
butyrate_assembly_2021,BY,ER,1,0.8867408984887527,logistic_score5_C10.0_balancedTrue
butyrate_assembly_2021,BY,RI,1,0.5965391902362078,logistic_score5_C10.0_balancedTrue
butyrate_assembly_2021,CA,CC,0,0.2884184821020858,logistic_score5_C10.0_balancedTrue
butyrate_assembly_2021,CA,ER,1,0.6187182882621948,logistic_score5_C10.0_balancedTrue
butyrate_assembly_2021,CA,RI,1,0.832204013050712,logistic_score5_C10.0_balancedTrue
butyrate_assembly_2021,CC,CG,0,0.45956634137947977,logistic_score5_C10.0_balancedTrue
butyrate_assembly_2021,CC,CH,0,0.4528837183259437,logistic_score5_C10.0_balancedTrue
butyrate_assembly_2021,CC,DF,0,0.29641631126134615,logistic_score5_C10.0_balancedTrue
butyrate_assembly_2021,CC,DL,0,0.27509915773437765,logistic_score5_C10.0_balancedTrue
butyrate_assembly_2021,CC,DP,0,0.3545201347889543,logistic_score5_C10.0_balancedTrue
butyrate_assembly_2021,CC,EL,0,0.26577558906572385,logistic_score5_C10.0_balancedTrue
butyrate_assembly_2021,CC,ER,1,0.5046551683668096,logistic_score5_C10.0_balancedTrue
butyrate_assembly_2021,CC,FP,1,0.5531363176481598,logistic_score5_C10.0_balancedTrue
butyrate_assembly_2021,CC,HB,0,0.7981329569651022,logistic_score5_C10.0_balancedTrue
butyrate_assembly_2021,CC,PC,0,0.7595893542229808,logistic_score5_C10.0_balancedTrue
butyrate_assembly_2021,CC,PJ,0,0.48733077718990775,logistic_score5_C10.0_balancedTrue
butyrate_assembly_2021,CC,RI,1,0.45579196647800213,logistic_score5_C10.0_balancedTrue
butyrate_assembly_2021,CG,ER,1,0.5094331957402027,logistic_score5_C10.0_balancedTrue
butyrate_assembly_2021,CG,FP,1,0.80605798327768,logistic_score5_C10.0_balancedTrue
butyrate_assembly_2021,CG,RI,1,0.7668672806172535,logistic_score5_C10.0_balancedTrue
butyrate_assembly_2021,CH,ER,0,0.7108799694891526,logistic_score5_C10.0_balancedTrue
butyrate_assembly_2021,CH,FP,1,0.2833919771867584,logistic_score5_C10.0_balancedTrue
butyrate_assembly_2021,CH,RI,1,0.3111882338324436,logistic_score5_C10.0_balancedTrue
butyrate_assembly_2021,DF,ER,1,0.5622028808288725,logistic_score5_C10.0_balancedTrue
butyrate_assembly_2021,DF,FP,0,0.7078920208456281,logistic_score5_C10.0_balancedTrue
butyrate_assembly_2021,DF,RI,1,0.7969475009678755,logistic_score5_C10.0_balancedTrue
butyrate_assembly_2021,DL,ER,1,0.5302542161327909,logistic_score5_C10.0_balancedTrue
butyrate_assembly_2021,DL,RI,1,0.879941290565248,logistic_score5_C10.0_balancedTrue
butyrate_assembly_2021,DP,ER,1,0.7013044406723966,logistic_score5_C10.0_balancedTrue
butyrate_assembly_2021,DP,FP,1,0.47348600314205336,logistic_score5_C10.0_balancedTrue
butyrate_assembly_2021,DP,RI,1,0.8752030598870583,logistic_score5_C10.0_balancedTrue
butyrate_assembly_2021,EL,ER,1,0.5450978138082843,logistic_score5_C10.0_balancedTrue
butyrate_assembly_2021,EL,FP,1,0.49037625609131585,logistic_score5_C10.0_balancedTrue
butyrate_assembly_2021,EL,RI,0,0.6794007186334607,logistic_score5_C10.0_balancedTrue
butyrate_assembly_2021,ER,FP,1,0.6854850621937107,logistic_score5_C10.0_balancedTrue
butyrate_assembly_2021,ER,HB,0,0.8404547960402293,logistic_score5_C10.0_balancedTrue
butyrate_assembly_2021,ER,PC,1,0.8262185007943277,logistic_score5_C10.0_balancedTrue
butyrate_assembly_2021,ER,PJ,1,0.4694682357829478,logistic_score5_C10.0_balancedTrue
butyrate_assembly_2021,ER,RI,1,0.8396222014003604,logistic_score5_C10.0_balancedTrue
butyrate_assembly_2021,FP,HB,1,0.5040357475716413,logistic_score5_C10.0_balancedTrue
butyrate_assembly_2021,FP,PC,1,0.8656918156955812,logistic_score5_C10.0_balancedTrue
butyrate_assembly_2021,FP,PJ,1,0.6899283089283826,logistic_score5_C10.0_balancedTrue
butyrate_assembly_2021,FP,RI,1,0.8194475410043176,logistic_score5_C10.0_balancedTrue
butyrate_assembly_2021,HB,RI,0,0.5071902010813781,logistic_score5_C10.0_balancedTrue
butyrate_assembly_2021,PC,RI,1,0.8551079259747272,logistic_score5_C10.0_balancedTrue
butyrate_assembly_2021,PJ,RI,1,0.6520544314571153,logistic_score5_C10.0_balancedTrue
carlstrom_phyllosphere_2019,Leaf141,Leaf145,1,0.6093502283084986,logistic_score5_C0.01_balancedTrue
carlstrom_phyllosphere_2019,Leaf141,Leaf160,0,0.6471165680640425,logistic_score5_C0.01_balancedTrue
carlstrom_phyllosphere_2019,Leaf141,Leaf203,1,0.6103079379615588,logistic_score5_C0.01_balancedTrue
carlstrom_phyllosphere_2019,Leaf141,Leaf231,0,0.6133668639322146,logistic_score5_C0.01_balancedTrue
carlstrom_phyllosphere_2019,Leaf141,Leaf233,1,0.6177483880401636,logistic_score5_C0.01_balancedTrue
carlstrom_phyllosphere_2019,Leaf141,Leaf262,0,0.522779866152986,logistic_score5_C0.01_balancedTrue
carlstrom_phyllosphere_2019,Leaf141,Leaf265,0,0.47150719430019106,logistic_score5_C0.01_balancedTrue
carlstrom_phyllosphere_2019,Leaf141,Leaf285,1,0.6020445532705683,logistic_score5_C0.01_balancedTrue
carlstrom_phyllosphere_2019,Leaf141,Leaf288,0,0.52659432083102,logistic_score5_C0.01_balancedTrue
carlstrom_phyllosphere_2019,Leaf141,Leaf33,0,0.6571601198946505,logistic_score5_C0.01_balancedTrue
carlstrom_phyllosphere_2019,Leaf141,Leaf334,0,0.6326489888128848,logistic_score5_C0.01_balancedTrue
carlstrom_phyllosphere_2019,Leaf141,Leaf344,0,0.6143209590556321,logistic_score5_C0.01_balancedTrue
carlstrom_phyllosphere_2019,Leaf141,Leaf359,0,0.5322098415650732,logistic_score5_C0.01_balancedTrue
carlstrom_phyllosphere_2019,Leaf141,Leaf371,0,0.6792844482104077,logistic_score5_C0.01_balancedTrue
carlstrom_phyllosphere_2019,Leaf141,Leaf391,0,0.6074322853952954,logistic_score5_C0.01_balancedTrue
carlstrom_phyllosphere_2019,Leaf141,Leaf405,0,0.4938156207721165,logistic_score5_C0.01_balancedTrue
carlstrom_phyllosphere_2019,Leaf141,Leaf416,0,0.7217879400752323,logistic_score5_C0.01_balancedTrue
carlstrom_phyllosphere_2019,Leaf141,Leaf420,0,0.6962230342415754,logistic_score5_C0.01_balancedTrue
carlstrom_phyllosphere_2019,Leaf141,Leaf68,1,0.7095031170431386,logistic_score5_C0.01_balancedTrue
carlstrom_phyllosphere_2019,Leaf141,Leaf83,0,0.6353431811495562,logistic_score5_C0.01_balancedTrue
carlstrom_phyllosphere_2019,Leaf141,Leaf86,0,0.5105177006184298,logistic_score5_C0.01_balancedTrue
carlstrom_phyllosphere_2019,Leaf141,Leaf88,0,0.5490019139547453,logistic_score5_C0.01_balancedTrue
carlstrom_phyllosphere_2019,Leaf141,Leaf90,0,0.697922906989046,logistic_score5_C0.01_balancedTrue
carlstrom_phyllosphere_2019,Leaf145,Leaf160,1,0.7013063991239417,logistic_score5_C0.01_balancedTrue
carlstrom_phyllosphere_2019,Leaf145,Leaf176,0,0.6747076383654639,logistic_score5_C0.01_balancedTrue
carlstrom_phyllosphere_2019,Leaf145,Leaf177,0,0.7131397524101618,logistic_score5_C0.01_balancedTrue
carlstrom_phyllosphere_2019,Leaf145,Leaf183,0,0.6908070643725107,logistic_score5_C0.01_balancedTrue
carlstrom_phyllosphere_2019,Leaf145,Leaf187,0,0.5908066066789036,logistic_score5_C0.01_balancedTrue
carlstrom_phyllosphere_2019,Leaf145,Leaf189,0,0.6324618812188759,logistic_score5_C0.01_balancedTrue
carlstrom_phyllosphere_2019,Leaf145,Leaf2,0,0.5958567981413936,logistic_score5_C0.01_balancedTrue
carlstrom_phyllosphere_2019,Leaf145,Leaf202,0,0.6907474445917817,logistic_score5_C0.01_balancedTrue
carlstrom_phyllosphere_2019,Leaf145,Leaf203,1,0.5040790859058023,logistic_score5_C0.01_balancedTrue
carlstrom_phyllosphere_2019,Leaf145,Leaf220,0,0.628523477091296,logistic_score5_C0.01_balancedTrue
carlstrom_phyllosphere_2019,Leaf145,Leaf222,0,0.6320875463548433,logistic_score5_C0.01_balancedTrue
carlstrom_phyllosphere_2019,Leaf145,Leaf225,0,0.5446131933047798,logistic_score5_C0.01_balancedTrue
carlstrom_phyllosphere_2019,Leaf145,Leaf231,1,0.48818244015865553,logistic_score5_C0.01_balancedTrue
carlstrom_phyllosphere_2019,Leaf145,Leaf233,1,0.6567972897665347,logistic_score5_C0.01_balancedTrue
carlstrom_phyllosphere_2019,Leaf145,Leaf234,0,0.602430229295688,logistic_score5_C0.01_balancedTrue
carlstrom_phyllosphere_2019,Leaf145,Leaf242,0,0.7211408623354353,logistic_score5_C0.01_balancedTrue
carlstrom_phyllosphere_2019,Leaf145,Leaf26,0,0.6330230840856694,logistic_score5_C0.01_balancedTrue
carlstrom_phyllosphere_2019,Leaf145,Leaf262,1,0.5428157689945344,logistic_score5_C0.01_balancedTrue
carlstrom_phyllosphere_2019,Leaf145,Leaf263,0,0.648585805558563,logistic_score5_C0.01_balancedTrue
carlstrom_phyllosphere_2019,Leaf145,Leaf265,1,0.6478515365538488,logistic_score5_C0.01_balancedTrue
carlstrom_phyllosphere_2019,Leaf145,Leaf281,0,0.6283355026554127,logistic_score5_C0.01_balancedTrue
carlstrom_phyllosphere_2019,Leaf145,Leaf285,0,0.5672646735579224,logistic_score5_C0.01_balancedTrue
carlstrom_phyllosphere_2019,Leaf145,Leaf288,0,0.7081739743044573,logistic_score5_C0.01_balancedTrue
carlstrom_phyllosphere_2019,Leaf145,Leaf3,0,0.6041641911821082,logistic_score5_C0.01_balancedTrue
carlstrom_phyllosphere_2019,Leaf145,Leaf324,0,0.6611390635401653,logistic_score5_C0.01_balancedTrue
carlstrom_phyllosphere_2019,Leaf145,Leaf33,1,0.6768242249030709,logistic_score5_C0.01_balancedTrue
carlstrom_phyllosphere_2019,Leaf145,Leaf334,0,0.5826084129377944,logistic_score5_C0.01_balancedTrue
carlstrom_phyllosphere_2019,Leaf145,Leaf336,0,0.7209789487524181,logistic_score5_C0.01_balancedTrue
carlstrom_phyllosphere_2019,Leaf145,Leaf337,0,0.5680549420213973,logistic_score5_C0.01_balancedTrue
carlstrom_phyllosphere_2019,Leaf145,Leaf344,0,0.486372343506555,logistic_score5_C0.01_balancedTrue
carlstrom_phyllosphere_2019,Leaf145,Leaf351,0,0.6516985802857036,logistic_score5_C0.01_balancedTrue
carlstrom_phyllosphere_2019,Leaf145,Leaf354,0,0.6924644231870797,logistic_score5_C0.01_balancedTrue
carlstrom_phyllosphere_2019,Leaf145,Leaf357,0,0.515344489368701,logistic_score5_C0.01_balancedTrue
carlstrom_phyllosphere_2019,Leaf145,Leaf359,0,0.5269956696075164,logistic_score5_C0.01_balancedTrue
carlstrom_phyllosphere_2019,Leaf145,Leaf363,1,0.514942353858676,logistic_score5_C0.01_balancedTrue
carlstrom_phyllosphere_2019,Leaf145,Leaf371,1,0.5219764693728198,logistic_score5_C0.01_balancedTrue
carlstrom_phyllosphere_2019,Leaf145,Leaf380,0,0.7045004713794198,logistic_score5_C0.01_balancedTrue
carlstrom_phyllosphere_2019,Leaf145,Leaf391,0,0.7134690032656197,logistic_score5_C0.01_balancedTrue
carlstrom_phyllosphere_2019,Leaf145,Leaf396,0,0.6684936170694418,logistic_score5_C0.01_balancedTrue
carlstrom_phyllosphere_2019,Leaf145,Leaf405,0,0.6950299211888882,logistic_score5_C0.01_balancedTrue
carlstrom_phyllosphere_2019,Leaf145,Leaf41,0,0.7002936366372161,logistic_score5_C0.01_balancedTrue
carlstrom_phyllosphere_2019,Leaf145,Leaf416,1,0.47873421411383976,logistic_score5_C0.01_balancedTrue
carlstrom_phyllosphere_2019,Leaf145,Leaf420,0,0.719519136410543,logistic_score5_C0.01_balancedTrue
carlstrom_phyllosphere_2019,Leaf145,Leaf427,0,0.6062799224790372,logistic_score5_C0.01_balancedTrue
carlstrom_phyllosphere_2019,Leaf145,Leaf443,0,0.5896384102141585,logistic_score5_C0.01_balancedTrue
carlstrom_phyllosphere_2019,Leaf145,Leaf5,0,0.6670648870832706,logistic_score5_C0.01_balancedTrue
carlstrom_phyllosphere_2019,Leaf145,Leaf68,0,0.6860853134532688,logistic_score5_C0.01_balancedTrue
carlstrom_phyllosphere_2019,Leaf145,Leaf70,0,0.6399145514731805,logistic_score5_C0.01_balancedTrue
carlstrom_phyllosphere_2019,Leaf145,Leaf82,0,0.6636593551001114,logistic_score5_C0.01_balancedTrue
carlstrom_phyllosphere_2019,Leaf145,Leaf83,0,0.7397152613679506,logistic_score5_C0.01_balancedTrue
carlstrom_phyllosphere_2019,Leaf145,Leaf86,0,0.5952750971937166,logistic_score5_C0.01_balancedTrue
carlstrom_phyllosphere_2019,Leaf145,Leaf88,1,0.6897147205201204,logistic_score5_C0.01_balancedTrue
carlstrom_phyllosphere_2019,Leaf145,Leaf90,0,0.6622203178433868,logistic_score5_C0.01_balancedTrue
carlstrom_phyllosphere_2019,Leaf160,Leaf176,0,0.4835573654265666,logistic_score5_C0.01_balancedTrue
carlstrom_phyllosphere_2019,Leaf160,Leaf177,0,0.544213864441861,logistic_score5_C0.01_balancedTrue
carlstrom_phyllosphere_2019,Leaf160,Leaf183,0,0.6158456830492778,logistic_score5_C0.01_balancedTrue
carlstrom_phyllosphere_2019,Leaf160,Leaf187,0,0.7740181846144102,logistic_score5_C0.01_balancedTrue
carlstrom_phyllosphere_2019,Leaf160,Leaf189,0,0.6108821561494078,logistic_score5_C0.01_balancedTrue
carlstrom_phyllosphere_2019,Leaf160,Leaf2,0,0.45849064625886893,logistic_score5_C0.01_balancedTrue
carlstrom_phyllosphere_2019,Leaf160,Leaf202,0,0.4845626042520886,logistic_score5_C0.01_balancedTrue
carlstrom_phyllosphere_2019,Leaf160,Leaf203,1,0.5937225897733016,logistic_score5_C0.01_balancedTrue
carlstrom_phyllosphere_2019,Leaf160,Leaf220,0,0.6012728214109497,logistic_score5_C0.01_balancedTrue
carlstrom_phyllosphere_2019,Leaf160,Leaf222,0,0.5822168432075165,logistic_score5_C0.01_balancedTrue
carlstrom_phyllosphere_2019,Leaf160,Leaf225,0,0.5962444492765903,logistic_score5_C0.01_balancedTrue
carlstrom_phyllosphere_2019,Leaf160,Leaf231,0,0.5686474163330011,logistic_score5_C0.01_balancedTrue
carlstrom_phyllosphere_2019,Leaf160,Leaf233,1,0.5155455497053363,logistic_score5_C0.01_balancedTrue
carlstrom_phyllosphere_2019,Leaf160,Leaf234,0,0.5662763569189834,logistic_score5_C0.01_balancedTrue
carlstrom_phyllosphere_2019,Leaf160,Leaf242,1,0.5495998010930178,logistic_score5_C0.01_balancedTrue
carlstrom_phyllosphere_2019,Leaf160,Leaf26,0,0.6713417657605271,logistic_score5_C0.01_balancedTrue
carlstrom_phyllosphere_2019,Leaf160,Leaf262,0,0.5267949995478605,logistic_score5_C0.01_balancedTrue
carlstrom_phyllosphere_2019,Leaf160,Leaf263,0,0.5939167563446145,logistic_score5_C0.01_balancedTrue
carlstrom_phyllosphere_2019,Leaf160,Leaf265,0,0.5492012254762177,logistic_score5_C0.01_balancedTrue
carlstrom_phyllosphere_2019,Leaf160,Leaf281,0,0.6401000240145719,logistic_score5_C0.01_balancedTrue
carlstrom_phyllosphere_2019,Leaf160,Leaf285,0,0.7026536874378546,logistic_score5_C0.01_balancedTrue
carlstrom_phyllosphere_2019,Leaf160,Leaf288,0,0.4871767896019208,logistic_score5_C0.01_balancedTrue
carlstrom_phyllosphere_2019,Leaf160,Leaf3,0,0.5749545954180874,logistic_score5_C0.01_balancedTrue
carlstrom_phyllosphere_2019,Leaf160,Leaf324,0,0.5253900703400761,logistic_score5_C0.01_balancedTrue
carlstrom_phyllosphere_2019,Leaf160,Leaf33,0,0.6535236129730027,logistic_score5_C0.01_balancedTrue
carlstrom_phyllosphere_2019,Leaf160,Leaf334,0,0.549799065062981,logistic_score5_C0.01_balancedTrue
carlstrom_phyllosphere_2019,Leaf160,Leaf336,0,0.4891881863898418,logistic_score5_C0.01_balancedTrue
carlstrom_phyllosphere_2019,Leaf160,Leaf337,0,0.47973874034530656,logistic_score5_C0.01_balancedTrue
carlstrom_phyllosphere_2019,Leaf160,Leaf344,1,0.53461408115087,logistic_score5_C0.01_balancedTrue
carlstrom_phyllosphere_2019,Leaf160,Leaf351,0,0.6360100469259783,logistic_score5_C0.01_balancedTrue
carlstrom_phyllosphere_2019,Leaf160,Leaf354,0,0.5878842218760921,logistic_score5_C0.01_balancedTrue
carlstrom_phyllosphere_2019,Leaf160,Leaf357,0,0.6496858914026635,logistic_score5_C0.01_balancedTrue
carlstrom_phyllosphere_2019,Leaf160,Leaf359,0,0.47893510586297633,logistic_score5_C0.01_balancedTrue
carlstrom_phyllosphere_2019,Leaf160,Leaf363,0,0.5771171723527548,logistic_score5_C0.01_balancedTrue
carlstrom_phyllosphere_2019,Leaf160,Leaf371,0,0.7103320132189865,logistic_score5_C0.01_balancedTrue
carlstrom_phyllosphere_2019,Leaf160,Leaf380,0,0.45409695402123196,logistic_score5_C0.01_balancedTrue
carlstrom_phyllosphere_2019,Leaf160,Leaf391,0,0.5557692745284911,logistic_score5_C0.01_balancedTrue
carlstrom_phyllosphere_2019,Leaf160,Leaf396,0,0.5360158190736602,logistic_score5_C0.01_balancedTrue
carlstrom_phyllosphere_2019,Leaf160,Leaf405,0,0.6363826866806972,logistic_score5_C0.01_balancedTrue
carlstrom_phyllosphere_2019,Leaf160,Leaf41,0,0.5923626065015958,logistic_score5_C0.01_balancedTrue
carlstrom_phyllosphere_2019,Leaf160,Leaf416,1,0.4970353780826749,logistic_score5_C0.01_balancedTrue
carlstrom_phyllosphere_2019,Leaf160,Leaf420,0,0.5617234245241776,logistic_score5_C0.01_balancedTrue
carlstrom_phyllosphere_2019,Leaf160,Leaf427,0,0.6555259435099738,logistic_score5_C0.01_balancedTrue
carlstrom_phyllosphere_2019,Leaf160,Leaf443,0,0.6345178593121173,logistic_score5_C0.01_balancedTrue
carlstrom_phyllosphere_2019,Leaf160,Leaf5,0,0.5022678894927243,logistic_score5_C0.01_balancedTrue
carlstrom_phyllosphere_2019,Leaf160,Leaf68,1,0.5006578856797647,logistic_score5_C0.01_balancedTrue
carlstrom_phyllosphere_2019,Leaf160,Leaf70,0,0.5605339594444761,logistic_score5_C0.01_balancedTrue
carlstrom_phyllosphere_2019,Leaf160,Leaf82,0,0.4984441149754362,logistic_score5_C0.01_balancedTrue
carlstrom_phyllosphere_2019,Leaf160,Leaf83,0,0.7070080465710261,logistic_score5_C0.01_balancedTrue
carlstrom_phyllosphere_2019,Leaf160,Leaf86,1,0.4735136320247681,logistic_score5_C0.01_balancedTrue
carlstrom_phyllosphere_2019,Leaf160,Leaf88,0,0.6417673889857676,logistic_score5_C0.01_balancedTrue
carlstrom_phyllosphere_2019,Leaf160,Leaf90,0,0.5390175995952661,logistic_score5_C0.01_balancedTrue
carlstrom_phyllosphere_2019,Leaf176,Leaf203,0,0.5318089864700669,logistic_score5_C0.01_balancedTrue
carlstrom_phyllosphere_2019,Leaf176,Leaf231,0,0.48194926342362815,logistic_score5_C0.01_balancedTrue
carlstrom_phyllosphere_2019,Leaf176,Leaf233,0,0.7036618496227764,logistic_score5_C0.01_balancedTrue
carlstrom_phyllosphere_2019,Leaf176,Leaf262,0,0.5571600741322464,logistic_score5_C0.01_balancedTrue
carlstrom_phyllosphere_2019,Leaf176,Leaf265,0,0.4552945540947268,logistic_score5_C0.01_balancedTrue
carlstrom_phyllosphere_2019,Leaf176,Leaf285,0,0.6389865629092307,logistic_score5_C0.01_balancedTrue
carlstrom_phyllosphere_2019,Leaf176,Leaf288,0,0.6831304305606059,logistic_score5_C0.01_balancedTrue
carlstrom_phyllosphere_2019,Leaf176,Leaf33,0,0.5779028363172627,logistic_score5_C0.01_balancedTrue
carlstrom_phyllosphere_2019,Leaf176,Leaf334,0,0.528600710693696,logistic_score5_C0.01_balancedTrue
carlstrom_phyllosphere_2019,Leaf176,Leaf344,0,0.7133044061060626,logistic_score5_C0.01_balancedTrue
carlstrom_phyllosphere_2019,Leaf176,Leaf359,0,0.5818251697988353,logistic_score5_C0.01_balancedTrue
carlstrom_phyllosphere_2019,Leaf176,Leaf371,0,0.48677455798961883,logistic_score5_C0.01_balancedTrue
carlstrom_phyllosphere_2019,Leaf176,Leaf391,0,0.44672400227605985,logistic_score5_C0.01_balancedTrue
carlstrom_phyllosphere_2019,Leaf176,Leaf405,0,0.682956149909811,logistic_score5_C0.01_balancedTrue
carlstrom_phyllosphere_2019,Leaf176,Leaf416,0,0.4650930941348352,logistic_score5_C0.01_balancedTrue
carlstrom_phyllosphere_2019,Leaf176,Leaf420,0,0.4823512551750021,logistic_score5_C0.01_balancedTrue
carlstrom_phyllosphere_2019,Leaf176,Leaf68,1,0.6708086887228399,logistic_score5_C0.01_balancedTrue
carlstrom_phyllosphere_2019,Leaf176,Leaf83,0,0.46892664707939324,logistic_score5_C0.01_balancedTrue
carlstrom_phyllosphere_2019,Leaf176,Leaf86,0,0.5835868806126872,logistic_score5_C0.01_balancedTrue
carlstrom_phyllosphere_2019,Leaf176,Leaf88,0,0.46309095280080464,logistic_score5_C0.01_balancedTrue
carlstrom_phyllosphere_2019,Leaf176,Leaf90,0,0.6631200701457441,logistic_score5_C0.01_balancedTrue
carlstrom_phyllosphere_2019,Leaf177,Leaf203,0,0.7246883409796349,logistic_score5_C0.01_balancedTrue
carlstrom_phyllosphere_2019,Leaf177,Leaf231,0,0.7227568245430623,logistic_score5_C0.01_balancedTrue
carlstrom_phyllosphere_2019,Leaf177,Leaf233,0,0.6373135694474618,logistic_score5_C0.01_balancedTrue
carlstrom_phyllosphere_2019,Leaf177,Leaf262,0,0.664018641731329,logistic_score5_C0.01_balancedTrue
carlstrom_phyllosphere_2019,Leaf177,Leaf265,0,0.5277982619853288,logistic_score5_C0.01_balancedTrue
carlstrom_phyllosphere_2019,Leaf177,Leaf285,0,0.5008591375871616,logistic_score5_C0.01_balancedTrue
carlstrom_phyllosphere_2019,Leaf177,Leaf288,0,0.48597014667290345,logistic_score5_C0.01_balancedTrue
carlstrom_phyllosphere_2019,Leaf177,Leaf33,0,0.6953710789764191,logistic_score5_C0.01_balancedTrue
carlstrom_phyllosphere_2019,Leaf177,Leaf334,0,0.62664199063971,logistic_score5_C0.01_balancedTrue
carlstrom_phyllosphere_2019,Leaf177,Leaf344,0,0.6815600591608886,logistic_score5_C0.01_balancedTrue
carlstrom_phyllosphere_2019,Leaf177,Leaf359,0,0.5384174627914264,logistic_score5_C0.01_balancedTrue
carlstrom_phyllosphere_2019,Leaf177,Leaf371,0,0.7172390789377469,logistic_score5_C0.01_balancedTrue
carlstrom_phyllosphere_2019,Leaf177,Leaf391,0,0.5271963309455308,logistic_score5_C0.01_balancedTrue
carlstrom_phyllosphere_2019,Leaf177,Leaf405,0,0.722595488303844,logistic_score5_C0.01_balancedTrue
carlstrom_phyllosphere_2019,Leaf177,Leaf416,0,0.6803357978831232,logistic_score5_C0.01_balancedTrue
carlstrom_phyllosphere_2019,Leaf177,Leaf420,0,0.5648918292299746,logistic_score5_C0.01_balancedTrue
carlstrom_phyllosphere_2019,Leaf177,Leaf68,0,0.6725838954978517,logistic_score5_C0.01_balancedTrue
carlstrom_phyllosphere_2019,Leaf177,Leaf83,0,0.6801606998136916,logistic_score5_C0.01_balancedTrue
carlstrom_phyllosphere_2019,Leaf177,Leaf86,0,0.546808463172633,logistic_score5_C0.01_balancedTrue
carlstrom_phyllosphere_2019,Leaf177,Leaf88,0,0.6064720654810002,logistic_score5_C0.01_balancedTrue
carlstrom_phyllosphere_2019,Leaf177,Leaf90,0,0.6408414954097255,logistic_score5_C0.01_balancedTrue
carlstrom_phyllosphere_2019,Leaf183,Leaf203,0,0.6679582052393462,logistic_score5_C0.01_balancedTrue
carlstrom_phyllosphere_2019,Leaf183,Leaf231,0,0.6862586641866093,logistic_score5_C0.01_balancedTrue
carlstrom_phyllosphere_2019,Leaf183,Leaf233,0,0.6335839264905048,logistic_score5_C0.01_balancedTrue
carlstrom_phyllosphere_2019,Leaf183,Leaf262,0,0.5831955721166591,logistic_score5_C0.01_balancedTrue
carlstrom_phyllosphere_2019,Leaf183,Leaf265,0,0.5193646659681437,logistic_score5_C0.01_balancedTrue
carlstrom_phyllosphere_2019,Leaf183,Leaf285,0,0.6688503163758819,logistic_score5_C0.01_balancedTrue
carlstrom_phyllosphere_2019,Leaf183,Leaf288,0,0.6391722439160199,logistic_score5_C0.01_balancedTrue
carlstrom_phyllosphere_2019,Leaf183,Leaf33,0,0.5201684171658921,logistic_score5_C0.01_balancedTrue
carlstrom_phyllosphere_2019,Leaf183,Leaf334,0,0.45909030204253676,logistic_score5_C0.01_balancedTrue
carlstrom_phyllosphere_2019,Leaf183,Leaf344,0,0.6960527506455129,logistic_score5_C0.01_balancedTrue
carlstrom_phyllosphere_2019,Leaf183,Leaf359,0,0.5545764638029113,logistic_score5_C0.01_balancedTrue
carlstrom_phyllosphere_2019,Leaf183,Leaf371,0,0.5398176057866714,logistic_score5_C0.01_balancedTrue
carlstrom_phyllosphere_2019,Leaf183,Leaf391,0,0.6718744018114211,logistic_score5_C0.01_balancedTrue
carlstrom_phyllosphere_2019,Leaf183,Leaf405,0,0.7006314423738609,logistic_score5_C0.01_balancedTrue
carlstrom_phyllosphere_2019,Leaf183,Leaf416,0,0.6602367312147941,logistic_score5_C0.01_balancedTrue
carlstrom_phyllosphere_2019,Leaf183,Leaf420,0,0.6296505052547473,logistic_score5_C0.01_balancedTrue
carlstrom_phyllosphere_2019,Leaf183,Leaf68,0,0.6443542546512306,logistic_score5_C0.01_balancedTrue
carlstrom_phyllosphere_2019,Leaf183,Leaf83,0,0.7325946029156273,logistic_score5_C0.01_balancedTrue
carlstrom_phyllosphere_2019,Leaf183,Leaf86,0,0.5028716305911209,logistic_score5_C0.01_balancedTrue
carlstrom_phyllosphere_2019,Leaf183,Leaf88,0,0.6166071941944251,logistic_score5_C0.01_balancedTrue
carlstrom_phyllosphere_2019,Leaf183,Leaf90,0,0.7078411305050948,logistic_score5_C0.01_balancedTrue
carlstrom_phyllosphere_2019,Leaf187,Leaf203,1,0.5151434240648249,logistic_score5_C0.01_balancedTrue
carlstrom_phyllosphere_2019,Leaf187,Leaf231,1,0.6051263758539058,logistic_score5_C0.01_balancedTrue
carlstrom_phyllosphere_2019,Leaf187,Leaf233,1,0.6348911497508948,logistic_score5_C0.01_balancedTrue
carlstrom_phyllosphere_2019,Leaf187,Leaf262,1,0.49482175238098147,logistic_score5_C0.01_balancedTrue
carlstrom_phyllosphere_2019,Leaf187,Leaf265,1,0.5731830740552823,logistic_score5_C0.01_balancedTrue
carlstrom_phyllosphere_2019,Leaf187,Leaf285,0,0.6850441193851617,logistic_score5_C0.01_balancedTrue
carlstrom_phyllosphere_2019,Leaf187,Leaf288,0,0.4727109506294275,logistic_score5_C0.01_balancedTrue
carlstrom_phyllosphere_2019,Leaf187,Leaf33,0,0.5613270142896135,logistic_score5_C0.01_balancedTrue
carlstrom_phyllosphere_2019,Leaf187,Leaf334,0,0.4914011247815078,logistic_score5_C0.01_balancedTrue
carlstrom_phyllosphere_2019,Leaf187,Leaf344,0,0.6643777386567953,logistic_score5_C0.01_balancedTrue
carlstrom_phyllosphere_2019,Leaf187,Leaf359,0,0.537617107440097,logistic_score5_C0.01_balancedTrue
carlstrom_phyllosphere_2019,Leaf187,Leaf371,0,0.7453699890959892,logistic_score5_C0.01_balancedTrue
carlstrom_phyllosphere_2019,Leaf187,Leaf391,0,0.5255907996458128,logistic_score5_C0.01_balancedTrue
carlstrom_phyllosphere_2019,Leaf187,Leaf405,0,0.6110734939602821,logistic_score5_C0.01_balancedTrue
carlstrom_phyllosphere_2019,Leaf187,Leaf416,0,0.5890539317124296,logistic_score5_C0.01_balancedTrue
carlstrom_phyllosphere_2019,Leaf187,Leaf420,1,0.5400175754437593,logistic_score5_C0.01_balancedTrue
carlstrom_phyllosphere_2019,Leaf187,Leaf68,0,0.6789043821316683,logistic_score5_C0.01_balancedTrue
carlstrom_phyllosphere_2019,Leaf187,Leaf83,0,0.6997119046168063,logistic_score5_C0.01_balancedTrue
carlstrom_phyllosphere_2019,Leaf187,Leaf86,0,0.6432466197338786,logistic_score5_C0.01_balancedTrue
carlstrom_phyllosphere_2019,Leaf187,Leaf88,0,0.6173681336909186,logistic_score5_C0.01_balancedTrue
carlstrom_phyllosphere_2019,Leaf187,Leaf90,0,0.5137358333130216,logistic_score5_C0.01_balancedTrue
carlstrom_phyllosphere_2019,Leaf189,Leaf203,1,0.7008002634441466,logistic_score5_C0.01_balancedTrue
carlstrom_phyllosphere_2019,Leaf189,Leaf231,0,0.6822585142034022,logistic_score5_C0.01_balancedTrue
carlstrom_phyllosphere_2019,Leaf189,Leaf233,0,0.4525009821681106,logistic_score5_C0.01_balancedTrue
carlstrom_phyllosphere_2019,Leaf189,Leaf262,0,0.5131325121237706,logistic_score5_C0.01_balancedTrue
carlstrom_phyllosphere_2019,Leaf189,Leaf265,0,0.5599389651652599,logistic_score5_C0.01_balancedTrue
carlstrom_phyllosphere_2019,Leaf189,Leaf285,0,0.6026230196407132,logistic_score5_C0.01_balancedTrue
carlstrom_phyllosphere_2019,Leaf189,Leaf288,0,0.5302051606233651,logistic_score5_C0.01_balancedTrue
carlstrom_phyllosphere_2019,Leaf189,Leaf33,0,0.5115234732893612,logistic_score5_C0.01_balancedTrue
carlstrom_phyllosphere_2019,Leaf189,Leaf334,0,0.5527860724764087,logistic_score5_C0.01_balancedTrue
carlstrom_phyllosphere_2019,Leaf189,Leaf344,0,0.6255112523288356,logistic_score5_C0.01_balancedTrue
carlstrom_phyllosphere_2019,Leaf189,Leaf359,0,0.5755446773437791,logistic_score5_C0.01_balancedTrue
carlstrom_phyllosphere_2019,Leaf189,Leaf371,0,0.5871038626256808,logistic_score5_C0.01_balancedTrue
carlstrom_phyllosphere_2019,Leaf189,Leaf391,0,0.46890021059831577,logistic_score5_C0.01_balancedTrue
carlstrom_phyllosphere_2019,Leaf189,Leaf405,0,0.48798130213310104,logistic_score5_C0.01_balancedTrue
carlstrom_phyllosphere_2019,Leaf189,Leaf416,0,0.5678574072183266,logistic_score5_C0.01_balancedTrue
carlstrom_phyllosphere_2019,Leaf189,Leaf420,0,0.6805108451212528,logistic_score5_C0.01_balancedTrue
carlstrom_phyllosphere_2019,Leaf189,Leaf68,0,0.46569395892313936,logistic_score5_C0.01_balancedTrue
carlstrom_phyllosphere_2019,Leaf189,Leaf83,0,0.6141302100339554,logistic_score5_C0.01_balancedTrue
carlstrom_phyllosphere_2019,Leaf189,Leaf86,0,0.4857690550371373,logistic_score5_C0.01_balancedTrue
carlstrom_phyllosphere_2019,Leaf189,Leaf88,0,0.6397290371465976,logistic_score5_C0.01_balancedTrue
carlstrom_phyllosphere_2019,Leaf189,Leaf90,0,0.6557077012908767,logistic_score5_C0.01_balancedTrue
carlstrom_phyllosphere_2019,Leaf2,Leaf203,0,0.7068412629469009,logistic_score5_C0.01_balancedTrue
carlstrom_phyllosphere_2019,Leaf2,Leaf231,0,0.643431332329043,logistic_score5_C0.01_balancedTrue
carlstrom_phyllosphere_2019,Leaf2,Leaf233,1,0.5991479732487406,logistic_score5_C0.01_balancedTrue
carlstrom_phyllosphere_2019,Leaf2,Leaf262,0,0.5167518037757384,logistic_score5_C0.01_balancedTrue
carlstrom_phyllosphere_2019,Leaf2,Leaf265,0,0.7129750422021625,logistic_score5_C0.01_balancedTrue
carlstrom_phyllosphere_2019,Leaf2,Leaf285,0,0.6836529641105826,logistic_score5_C0.01_balancedTrue
carlstrom_phyllosphere_2019,Leaf2,Leaf288,0,0.5263936335214631,logistic_score5_C0.01_balancedTrue
carlstrom_phyllosphere_2019,Leaf2,Leaf33,0,0.6736466575461828,logistic_score5_C0.01_balancedTrue
carlstrom_phyllosphere_2019,Leaf2,Leaf334,0,0.6337707936336135,logistic_score5_C0.01_balancedTrue
carlstrom_phyllosphere_2019,Leaf2,Leaf344,0,0.6039716571715266,logistic_score5_C0.01_balancedTrue
carlstrom_phyllosphere_2019,Leaf2,Leaf359,0,0.4934131816972511,logistic_score5_C0.01_balancedTrue
carlstrom_phyllosphere_2019,Leaf2,Leaf371,0,0.6120296687499615,logistic_score5_C0.01_balancedTrue
carlstrom_phyllosphere_2019,Leaf2,Leaf391,0,0.499852876570594,logistic_score5_C0.01_balancedTrue
carlstrom_phyllosphere_2019,Leaf2,Leaf405,0,0.506695057083979,logistic_score5_C0.01_balancedTrue
carlstrom_phyllosphere_2019,Leaf2,Leaf416,0,0.7071747746176218,logistic_score5_C0.01_balancedTrue
carlstrom_phyllosphere_2019,Leaf2,Leaf420,0,0.5559680142184782,logistic_score5_C0.01_balancedTrue
carlstrom_phyllosphere_2019,Leaf2,Leaf68,0,0.5358156051157744,logistic_score5_C0.01_balancedTrue
carlstrom_phyllosphere_2019,Leaf2,Leaf83,0,0.6510579998694866,logistic_score5_C0.01_balancedTrue
carlstrom_phyllosphere_2019,Leaf2,Leaf86,0,0.6243791422219568,logistic_score5_C0.01_balancedTrue
carlstrom_phyllosphere_2019,Leaf2,Leaf88,0,0.6207851991279234,logistic_score5_C0.01_balancedTrue
carlstrom_phyllosphere_2019,Leaf2,Leaf90,0,0.687470662144169,logistic_score5_C0.01_balancedTrue
carlstrom_phyllosphere_2019,Leaf202,Leaf203,0,0.513333623525818,logistic_score5_C0.01_balancedTrue
carlstrom_phyllosphere_2019,Leaf202,Leaf231,0,0.6562527011092846,logistic_score5_C0.01_balancedTrue
carlstrom_phyllosphere_2019,Leaf202,Leaf233,0,0.7156036105981991,logistic_score5_C0.01_balancedTrue
carlstrom_phyllosphere_2019,Leaf202,Leaf262,0,0.7219344286144918,logistic_score5_C0.01_balancedTrue
carlstrom_phyllosphere_2019,Leaf202,Leaf265,0,0.4594901385048596,logistic_score5_C0.01_balancedTrue
carlstrom_phyllosphere_2019,Leaf202,Leaf285,0,0.7216262571723093,logistic_score5_C0.01_balancedTrue
carlstrom_phyllosphere_2019,Leaf202,Leaf288,0,0.7312304893226841,logistic_score5_C0.01_balancedTrue
carlstrom_phyllosphere_2019,Leaf202,Leaf33,0,0.6875166677327377,logistic_score5_C0.01_balancedTrue
carlstrom_phyllosphere_2019,Leaf202,Leaf334,0,0.6761194950635827,logistic_score5_C0.01_balancedTrue
carlstrom_phyllosphere_2019,Leaf202,Leaf344,0,0.7014750017463551,logistic_score5_C0.01_balancedTrue
carlstrom_phyllosphere_2019,Leaf202,Leaf359,0,0.5816292943609039,logistic_score5_C0.01_balancedTrue
carlstrom_phyllosphere_2019,Leaf202,Leaf371,0,0.6722292470232035,logistic_score5_C0.01_balancedTrue
carlstrom_phyllosphere_2019,Leaf202,Leaf391,0,0.6974135116940954,logistic_score5_C0.01_balancedTrue
carlstrom_phyllosphere_2019,Leaf202,Leaf405,0,0.4831553066956688,logistic_score5_C0.01_balancedTrue
carlstrom_phyllosphere_2019,Leaf202,Leaf416,0,0.5332117962974613,logistic_score5_C0.01_balancedTrue
carlstrom_phyllosphere_2019,Leaf202,Leaf420,0,0.6745309322602325,logistic_score5_C0.01_balancedTrue
carlstrom_phyllosphere_2019,Leaf202,Leaf68,1,0.7652915725781259,logistic_score5_C0.01_balancedTrue
carlstrom_phyllosphere_2019,Leaf202,Leaf83,0,0.7170757886832013,logistic_score5_C0.01_balancedTrue
carlstrom_phyllosphere_2019,Leaf202,Leaf86,0,0.5434150366517833,logistic_score5_C0.01_balancedTrue
carlstrom_phyllosphere_2019,Leaf202,Leaf88,0,0.469702185299446,logistic_score5_C0.01_balancedTrue
carlstrom_phyllosphere_2019,Leaf202,Leaf90,0,0.7906911042035278,logistic_score5_C0.01_balancedTrue
carlstrom_phyllosphere_2019,Leaf203,Leaf220,1,0.6106907841774052,logistic_score5_C0.01_balancedTrue
carlstrom_phyllosphere_2019,Leaf203,Leaf222,1,0.7482447877845964,logistic_score5_C0.01_balancedTrue
carlstrom_phyllosphere_2019,Leaf203,Leaf225,0,0.4829542854754978,logistic_score5_C0.01_balancedTrue
carlstrom_phyllosphere_2019,Leaf203,Leaf231,0,0.6843489546497978,logistic_score5_C0.01_balancedTrue
carlstrom_phyllosphere_2019,Leaf203,Leaf233,1,0.6145116729714831,logistic_score5_C0.01_balancedTrue
carlstrom_phyllosphere_2019,Leaf203,Leaf234,1,0.5869087042523032,logistic_score5_C0.01_balancedTrue
carlstrom_phyllosphere_2019,Leaf203,Leaf242,0,0.4807434304332296,logistic_score5_C0.01_balancedTrue
carlstrom_phyllosphere_2019,Leaf203,Leaf26,0,0.6638390221092295,logistic_score5_C0.01_balancedTrue
carlstrom_phyllosphere_2019,Leaf203,Leaf262,0,0.4885847276256614,logistic_score5_C0.01_balancedTrue
carlstrom_phyllosphere_2019,Leaf203,Leaf263,0,0.5802574487209383,logistic_score5_C0.01_balancedTrue
carlstrom_phyllosphere_2019,Leaf203,Leaf265,0,0.7764290100518089,logistic_score5_C0.01_balancedTrue
carlstrom_phyllosphere_2019,Leaf203,Leaf281,1,0.5093106617172412,logistic_score5_C0.01_balancedTrue
carlstrom_phyllosphere_2019,Leaf203,Leaf285,0,0.5109200203617361,logistic_score5_C0.01_balancedTrue
carlstrom_phyllosphere_2019,Leaf203,Leaf288,0,0.5674622729260899,logistic_score5_C0.01_balancedTrue
carlstrom_phyllosphere_2019,Leaf203,Leaf3,1,0.6406561904682284,logistic_score5_C0.01_balancedTrue
carlstrom_phyllosphere_2019,Leaf203,Leaf324,0,0.5420165529470383,logistic_score5_C0.01_balancedTrue
carlstrom_phyllosphere_2019,Leaf203,Leaf33,0,0.5925569769962786,logistic_score5_C0.01_balancedTrue
carlstrom_phyllosphere_2019,Leaf203,Leaf334,1,0.6784069310394538,logistic_score5_C0.01_balancedTrue
carlstrom_phyllosphere_2019,Leaf203,Leaf336,0,0.7093371698107866,logistic_score5_C0.01_balancedTrue
carlstrom_phyllosphere_2019,Leaf203,Leaf337,0,0.5943050013591943,logistic_score5_C0.01_balancedTrue
carlstrom_phyllosphere_2019,Leaf203,Leaf344,0,0.6693850017039157,logistic_score5_C0.01_balancedTrue
carlstrom_phyllosphere_2019,Leaf203,Leaf351,1,0.5712125144422889,logistic_score5_C0.01_balancedTrue
carlstrom_phyllosphere_2019,Leaf203,Leaf354,0,0.7775033627252487,logistic_score5_C0.01_balancedTrue
carlstrom_phyllosphere_2019,Leaf203,Leaf357,1,0.5944990796900315,logistic_score5_C0.01_balancedTrue
carlstrom_phyllosphere_2019,Leaf203,Leaf359,1,0.44692297828805205,logistic_score5_C0.01_balancedTrue
carlstrom_phyllosphere_2019,Leaf203,Leaf363,0,0.5981808942577119,logistic_score5_C0.01_balancedTrue
carlstrom_phyllosphere_2019,Leaf203,Leaf371,1,0.565683113279954,logistic_score5_C0.01_balancedTrue
carlstrom_phyllosphere_2019,Leaf203,Leaf380,0,0.7178916687045,logistic_score5_C0.01_balancedTrue
carlstrom_phyllosphere_2019,Leaf203,Leaf391,0,0.5849556280053555,logistic_score5_C0.01_balancedTrue
carlstrom_phyllosphere_2019,Leaf203,Leaf396,0,0.5692396942300036,logistic_score5_C0.01_balancedTrue
carlstrom_phyllosphere_2019,Leaf203,Leaf405,1,0.7108286780255055,logistic_score5_C0.01_balancedTrue
carlstrom_phyllosphere_2019,Leaf203,Leaf41,0,0.6824223674652535,logistic_score5_C0.01_balancedTrue
carlstrom_phyllosphere_2019,Leaf203,Leaf416,1,0.5083047124352177,logistic_score5_C0.01_balancedTrue
carlstrom_phyllosphere_2019,Leaf203,Leaf420,0,0.7142911401734189,logistic_score5_C0.01_balancedTrue
carlstrom_phyllosphere_2019,Leaf203,Leaf427,0,0.6645572158814516,logistic_score5_C0.01_balancedTrue
carlstrom_phyllosphere_2019,Leaf203,Leaf443,0,0.6452761051015107,logistic_score5_C0.01_balancedTrue
carlstrom_phyllosphere_2019,Leaf203,Leaf5,0,0.7066744237715193,logistic_score5_C0.01_balancedTrue
carlstrom_phyllosphere_2019,Leaf203,Leaf68,1,0.4678979685573025,logistic_score5_C0.01_balancedTrue
carlstrom_phyllosphere_2019,Leaf203,Leaf70,1,0.5790805922065353,logistic_score5_C0.01_balancedTrue
carlstrom_phyllosphere_2019,Leaf203,Leaf82,0,0.5243863020172377,logistic_score5_C0.01_balancedTrue
carlstrom_phyllosphere_2019,Leaf203,Leaf83,0,0.6415822945735816,logistic_score5_C0.01_balancedTrue
carlstrom_phyllosphere_2019,Leaf203,Leaf86,0,0.5060913987478954,logistic_score5_C0.01_balancedTrue
carlstrom_phyllosphere_2019,Leaf203,Leaf88,1,0.6356372439351685,logistic_score5_C0.01_balancedTrue
carlstrom_phyllosphere_2019,Leaf203,Leaf90,0,0.5038778462770965,logistic_score5_C0.01_balancedTrue
carlstrom_phyllosphere_2019,Leaf220,Leaf231,1,0.5525870547108248,logistic_score5_C0.01_balancedTrue
carlstrom_phyllosphere_2019,Leaf220,Leaf233,1,0.4624905394311048,logistic_score5_C0.01_balancedTrue
carlstrom_phyllosphere_2019,Leaf220,Leaf262,1,0.4691006893771824,logistic_score5_C0.01_balancedTrue
carlstrom_phyllosphere_2019,Leaf220,Leaf265,0,0.5117246168882953,logistic_score5_C0.01_balancedTrue
carlstrom_phyllosphere_2019,Leaf220,Leaf285,0,0.665633079425076,logistic_score5_C0.01_balancedTrue
carlstrom_phyllosphere_2019,Leaf220,Leaf288,0,0.5652875128425245,logistic_score5_C0.01_balancedTrue
carlstrom_phyllosphere_2019,Leaf220,Leaf33,0,0.48657344857441903,logistic_score5_C0.01_balancedTrue
carlstrom_phyllosphere_2019,Leaf220,Leaf334,0,0.5044815611331682,logistic_score5_C0.01_balancedTrue
carlstrom_phyllosphere_2019,Leaf220,Leaf344,1,0.624190324587788,logistic_score5_C0.01_balancedTrue
carlstrom_phyllosphere_2019,Leaf220,Leaf359,0,0.7067762612635217,logistic_score5_C0.01_balancedTrue
carlstrom_phyllosphere_2019,Leaf220,Leaf371,0,0.6855649497218715,logistic_score5_C0.01_balancedTrue
carlstrom_phyllosphere_2019,Leaf220,Leaf391,0,0.4853668856527307,logistic_score5_C0.01_balancedTrue
carlstrom_phyllosphere_2019,Leaf220,Leaf405,0,0.5581529552907164,logistic_score5_C0.01_balancedTrue
carlstrom_phyllosphere_2019,Leaf220,Leaf416,0,0.566671747291778,logistic_score5_C0.01_balancedTrue
carlstrom_phyllosphere_2019,Leaf220,Leaf420,0,0.6095418379255931,logistic_score5_C0.01_balancedTrue
carlstrom_phyllosphere_2019,Leaf220,Leaf68,0,0.6507843876939194,logistic_score5_C0.01_balancedTrue
carlstrom_phyllosphere_2019,Leaf220,Leaf83,0,0.6754139654504858,logistic_score5_C0.01_balancedTrue
carlstrom_phyllosphere_2019,Leaf220,Leaf86,0,0.59061197806809,logistic_score5_C0.01_balancedTrue
carlstrom_phyllosphere_2019,Leaf220,Leaf88,0,0.5836027912943678,logistic_score5_C0.01_balancedTrue
carlstrom_phyllosphere_2019,Leaf220,Leaf90,0,0.5917793218070877,logistic_score5_C0.01_balancedTrue
carlstrom_phyllosphere_2019,Leaf222,Leaf231,1,0.550878958478153,logistic_score5_C0.01_balancedTrue
carlstrom_phyllosphere_2019,Leaf222,Leaf233,1,0.5806495321715225,logistic_score5_C0.01_balancedTrue
carlstrom_phyllosphere_2019,Leaf222,Leaf262,1,0.6048434323340152,logistic_score5_C0.01_balancedTrue
carlstrom_phyllosphere_2019,Leaf222,Leaf265,0,0.5976002793887504,logistic_score5_C0.01_balancedTrue
carlstrom_phyllosphere_2019,Leaf222,Leaf285,0,0.5364162120976778,logistic_score5_C0.01_balancedTrue
carlstrom_phyllosphere_2019,Leaf222,Leaf288,0,0.4644923306451537,logistic_score5_C0.01_balancedTrue
carlstrom_phyllosphere_2019,Leaf222,Leaf33,0,0.6302134909986998,logistic_score5_C0.01_balancedTrue
carlstrom_phyllosphere_2019,Leaf222,Leaf334,0,0.541616863561453,logistic_score5_C0.01_balancedTrue
carlstrom_phyllosphere_2019,Leaf222,Leaf344,0,0.6112647975571939,logistic_score5_C0.01_balancedTrue
carlstrom_phyllosphere_2019,Leaf222,Leaf359,0,0.5453354036356581,logistic_score5_C0.01_balancedTrue
carlstrom_phyllosphere_2019,Leaf222,Leaf371,0,0.48436154623265465,logistic_score5_C0.01_balancedTrue
carlstrom_phyllosphere_2019,Leaf222,Leaf391,0,0.6070482966635392,logistic_score5_C0.01_balancedTrue
carlstrom_phyllosphere_2019,Leaf222,Leaf405,0,0.663479640743459,logistic_score5_C0.01_balancedTrue
carlstrom_phyllosphere_2019,Leaf222,Leaf416,0,0.5056889498813473,logistic_score5_C0.01_balancedTrue
carlstrom_phyllosphere_2019,Leaf222,Leaf420,0,0.6147023517294218,logistic_score5_C0.01_balancedTrue
carlstrom_phyllosphere_2019,Leaf222,Leaf68,0,0.637499622777427,logistic_score5_C0.01_balancedTrue
carlstrom_phyllosphere_2019,Leaf222,Leaf83,0,0.5798652639303586,logistic_score5_C0.01_balancedTrue
carlstrom_phyllosphere_2019,Leaf222,Leaf86,0,0.6209746887309924,logistic_score5_C0.01_balancedTrue
carlstrom_phyllosphere_2019,Leaf222,Leaf88,0,0.49965162424945414,logistic_score5_C0.01_balancedTrue
carlstrom_phyllosphere_2019,Leaf222,Leaf90,0,0.5111211749610056,logistic_score5_C0.01_balancedTrue
carlstrom_phyllosphere_2019,Leaf225,Leaf231,0,0.6591523954837727,logistic_score5_C0.01_balancedTrue
carlstrom_phyllosphere_2019,Leaf225,Leaf233,0,0.5804535031430356,logistic_score5_C0.01_balancedTrue
carlstrom_phyllosphere_2019,Leaf225,Leaf262,0,0.6652746489436895,logistic_score5_C0.01_balancedTrue
carlstrom_phyllosphere_2019,Leaf225,Leaf265,0,0.5438144787223279,logistic_score5_C0.01_balancedTrue
carlstrom_phyllosphere_2019,Leaf225,Leaf285,0,0.6620402261340554,logistic_score5_C0.01_balancedTrue
carlstrom_phyllosphere_2019,Leaf225,Leaf288,0,0.49824286481385177,logistic_score5_C0.01_balancedTrue
carlstrom_phyllosphere_2019,Leaf225,Leaf33,0,0.4606899588150871,logistic_score5_C0.01_balancedTrue
carlstrom_phyllosphere_2019,Leaf225,Leaf334,0,0.5561667360009264,logistic_score5_C0.01_balancedTrue
carlstrom_phyllosphere_2019,Leaf225,Leaf344,0,0.6089669079165717,logistic_score5_C0.01_balancedTrue
carlstrom_phyllosphere_2019,Leaf225,Leaf359,0,0.48154729503696186,logistic_score5_C0.01_balancedTrue
carlstrom_phyllosphere_2019,Leaf225,Leaf371,0,0.4503081212308422,logistic_score5_C0.01_balancedTrue
carlstrom_phyllosphere_2019,Leaf225,Leaf391,0,0.672761145866311,logistic_score5_C0.01_balancedTrue
carlstrom_phyllosphere_2019,Leaf225,Leaf405,0,0.5354151426275948,logistic_score5_C0.01_balancedTrue
carlstrom_phyllosphere_2019,Leaf225,Leaf416,0,0.4785333292427808,logistic_score5_C0.01_balancedTrue
carlstrom_phyllosphere_2019,Leaf225,Leaf420,0,0.5759379457971886,logistic_score5_C0.01_balancedTrue
carlstrom_phyllosphere_2019,Leaf225,Leaf68,0,0.5954690273343739,logistic_score5_C0.01_balancedTrue
carlstrom_phyllosphere_2019,Leaf225,Leaf83,0,0.665095362131937,logistic_score5_C0.01_balancedTrue
carlstrom_phyllosphere_2019,Leaf225,Leaf86,0,0.5913903215680221,logistic_score5_C0.01_balancedTrue
carlstrom_phyllosphere_2019,Leaf225,Leaf88,0,0.5814333931784089,logistic_score5_C0.01_balancedTrue
carlstrom_phyllosphere_2019,Leaf225,Leaf90,0,0.538017309610068,logistic_score5_C0.01_balancedTrue
carlstrom_phyllosphere_2019,Leaf231,Leaf233,0,0.6970736448100886,logistic_score5_C0.01_balancedTrue
carlstrom_phyllosphere_2019,Leaf231,Leaf234,1,0.45429651753091627,logistic_score5_C0.01_balancedTrue
carlstrom_phyllosphere_2019,Leaf231,Leaf242,0,0.7911838220177139,logistic_score5_C0.01_balancedTrue
carlstrom_phyllosphere_2019,Leaf231,Leaf26,1,0.5406174068602412,logistic_score5_C0.01_balancedTrue
carlstrom_phyllosphere_2019,Leaf231,Leaf262,0,0.659514026536697,logistic_score5_C0.01_balancedTrue
carlstrom_phyllosphere_2019,Leaf231,Leaf263,0,0.5956629276689136,logistic_score5_C0.01_balancedTrue
carlstrom_phyllosphere_2019,Leaf231,Leaf265,0,0.592751318528323,logistic_score5_C0.01_balancedTrue
carlstrom_phyllosphere_2019,Leaf231,Leaf281,0,0.5187617865591906,logistic_score5_C0.01_balancedTrue
carlstrom_phyllosphere_2019,Leaf231,Leaf285,0,0.7144553976087598,logistic_score5_C0.01_balancedTrue
carlstrom_phyllosphere_2019,Leaf231,Leaf288,0,0.5531840572059014,logistic_score5_C0.01_balancedTrue
carlstrom_phyllosphere_2019,Leaf231,Leaf3,0,0.4672967471252659,logistic_score5_C0.01_balancedTrue
carlstrom_phyllosphere_2019,Leaf231,Leaf324,0,0.5113223259585733,logistic_score5_C0.01_balancedTrue
carlstrom_phyllosphere_2019,Leaf231,Leaf33,0,0.5535819737844956,logistic_score5_C0.01_balancedTrue
carlstrom_phyllosphere_2019,Leaf231,Leaf334,0,0.5753480072085865,logistic_score5_C0.01_balancedTrue
carlstrom_phyllosphere_2019,Leaf231,Leaf336,0,0.7230793234453106,logistic_score5_C0.01_balancedTrue
carlstrom_phyllosphere_2019,Leaf231,Leaf337,0,0.5470079442166917,logistic_score5_C0.01_balancedTrue
carlstrom_phyllosphere_2019,Leaf231,Leaf344,0,0.46389167017996846,logistic_score5_C0.01_balancedTrue
carlstrom_phyllosphere_2019,Leaf231,Leaf351,1,0.7384160365829325,logistic_score5_C0.01_balancedTrue
carlstrom_phyllosphere_2019,Leaf231,Leaf354,0,0.6598754718887373,logistic_score5_C0.01_balancedTrue
carlstrom_phyllosphere_2019,Leaf231,Leaf357,0,0.6663493667286425,logistic_score5_C0.01_balancedTrue
carlstrom_phyllosphere_2019,Leaf231,Leaf359,1,0.6032011993507072,logistic_score5_C0.01_balancedTrue
carlstrom_phyllosphere_2019,Leaf231,Leaf363,0,0.49079755905780675,logistic_score5_C0.01_balancedTrue
carlstrom_phyllosphere_2019,Leaf231,Leaf371,0,0.6910912637978924,logistic_score5_C0.01_balancedTrue
carlstrom_phyllosphere_2019,Leaf231,Leaf380,0,0.5207711622854735,logistic_score5_C0.01_balancedTrue
carlstrom_phyllosphere_2019,Leaf231,Leaf391,0,0.5633082727701189,logistic_score5_C0.01_balancedTrue
carlstrom_phyllosphere_2019,Leaf231,Leaf396,0,0.7149478295921703,logistic_score5_C0.01_balancedTrue
carlstrom_phyllosphere_2019,Leaf231,Leaf405,0,0.5935283939009857,logistic_score5_C0.01_balancedTrue
carlstrom_phyllosphere_2019,Leaf231,Leaf41,0,0.677704009036174,logistic_score5_C0.01_balancedTrue
carlstrom_phyllosphere_2019,Leaf231,Leaf416,1,0.5810415138134102,logistic_score5_C0.01_balancedTrue
carlstrom_phyllosphere_2019,Leaf231,Leaf420,0,0.7175654881171604,logistic_score5_C0.01_balancedTrue
carlstrom_phyllosphere_2019,Leaf231,Leaf427,0,0.49723662385014317,logistic_score5_C0.01_balancedTrue
carlstrom_phyllosphere_2019,Leaf231,Leaf443,0,0.45230155365874924,logistic_score5_C0.01_balancedTrue
carlstrom_phyllosphere_2019,Leaf231,Leaf5,0,0.548603243799218,logistic_score5_C0.01_balancedTrue
carlstrom_phyllosphere_2019,Leaf231,Leaf68,0,0.6526116571592478,logistic_score5_C0.01_balancedTrue
carlstrom_phyllosphere_2019,Leaf231,Leaf70,1,0.5993412966800449,logistic_score5_C0.01_balancedTrue
carlstrom_phyllosphere_2019,Leaf231,Leaf82,0,0.6827818179148476,logistic_score5_C0.01_balancedTrue
carlstrom_phyllosphere_2019,Leaf231,Leaf83,1,0.5884692017517531,logistic_score5_C0.01_balancedTrue
carlstrom_phyllosphere_2019,Leaf231,Leaf86,0,0.5855418341997882,logistic_score5_C0.01_balancedTrue
carlstrom_phyllosphere_2019,Leaf231,Leaf88,0,0.6402854547248109,logistic_score5_C0.01_balancedTrue
carlstrom_phyllosphere_2019,Leaf231,Leaf90,0,0.6101164638235888,logistic_score5_C0.01_balancedTrue
carlstrom_phyllosphere_2019,Leaf233,Leaf234,1,0.45729169704642203,logistic_score5_C0.01_balancedTrue
carlstrom_phyllosphere_2019,Leaf233,Leaf242,0,0.698431815545728,logistic_score5_C0.01_balancedTrue
carlstrom_phyllosphere_2019,Leaf233,Leaf26,0,0.6395434810808308,logistic_score5_C0.01_balancedTrue
carlstrom_phyllosphere_2019,Leaf233,Leaf262,0,0.4759224812656279,logistic_score5_C0.01_balancedTrue
carlstrom_phyllosphere_2019,Leaf233,Leaf263,0,0.48134631976755504,logistic_score5_C0.01_balancedTrue
carlstrom_phyllosphere_2019,Leaf233,Leaf265,0,0.5539798217140961,logistic_score5_C0.01_balancedTrue
carlstrom_phyllosphere_2019,Leaf233,Leaf281,0,0.6732926010537824,logistic_score5_C0.01_balancedTrue
carlstrom_phyllosphere_2019,Leaf233,Leaf285,0,0.458290787627402,logistic_score5_C0.01_balancedTrue
carlstrom_phyllosphere_2019,Leaf233,Leaf288,0,0.6298382064188806,logistic_score5_C0.01_balancedTrue
carlstrom_phyllosphere_2019,Leaf233,Leaf3,0,0.642137451036736,logistic_score5_C0.01_balancedTrue
carlstrom_phyllosphere_2019,Leaf233,Leaf324,0,0.49924912001102634,logistic_score5_C0.01_balancedTrue
carlstrom_phyllosphere_2019,Leaf233,Leaf33,0,0.49240712249348867,logistic_score5_C0.01_balancedTrue
carlstrom_phyllosphere_2019,Leaf233,Leaf334,0,0.5239847390560849,logistic_score5_C0.01_balancedTrue
carlstrom_phyllosphere_2019,Leaf233,Leaf336,0,0.5541787197799642,logistic_score5_C0.01_balancedTrue
carlstrom_phyllosphere_2019,Leaf233,Leaf337,0,0.6116473018979963,logistic_score5_C0.01_balancedTrue
carlstrom_phyllosphere_2019,Leaf233,Leaf344,0,0.6566158059679861,logistic_score5_C0.01_balancedTrue
carlstrom_phyllosphere_2019,Leaf233,Leaf351,1,0.4883835820111977,logistic_score5_C0.01_balancedTrue
carlstrom_phyllosphere_2019,Leaf233,Leaf354,0,0.5565641255953836,logistic_score5_C0.01_balancedTrue
carlstrom_phyllosphere_2019,Leaf233,Leaf357,1,0.7196815677492723,logistic_score5_C0.01_balancedTrue
carlstrom_phyllosphere_2019,Leaf233,Leaf359,1,0.47692650565130035,logistic_score5_C0.01_balancedTrue
carlstrom_phyllosphere_2019,Leaf233,Leaf363,0,0.5211729588798529,logistic_score5_C0.01_balancedTrue
carlstrom_phyllosphere_2019,Leaf233,Leaf371,0,0.6770002821298733,logistic_score5_C0.01_balancedTrue
carlstrom_phyllosphere_2019,Leaf233,Leaf380,0,0.6188882845606589,logistic_score5_C0.01_balancedTrue
carlstrom_phyllosphere_2019,Leaf233,Leaf391,0,0.5396176233096982,logistic_score5_C0.01_balancedTrue
carlstrom_phyllosphere_2019,Leaf233,Leaf396,1,0.5074999041961507,logistic_score5_C0.01_balancedTrue
carlstrom_phyllosphere_2019,Leaf233,Leaf405,0,0.5482045112452313,logistic_score5_C0.01_balancedTrue
carlstrom_phyllosphere_2019,Leaf233,Leaf41,0,0.5183598364919879,logistic_score5_C0.01_balancedTrue
carlstrom_phyllosphere_2019,Leaf233,Leaf416,1,0.6709864300050965,logistic_score5_C0.01_balancedTrue
carlstrom_phyllosphere_2019,Leaf233,Leaf420,0,0.6292749854207013,logistic_score5_C0.01_balancedTrue
carlstrom_phyllosphere_2019,Leaf233,Leaf427,1,0.6234346769738952,logistic_score5_C0.01_balancedTrue
carlstrom_phyllosphere_2019,Leaf233,Leaf443,0,0.6028157781345844,logistic_score5_C0.01_balancedTrue
carlstrom_phyllosphere_2019,Leaf233,Leaf5,0,0.5101153672493736,logistic_score5_C0.01_balancedTrue
carlstrom_phyllosphere_2019,Leaf233,Leaf68,0,0.7139624552845828,logistic_score5_C0.01_balancedTrue
carlstrom_phyllosphere_2019,Leaf233,Leaf70,1,0.6322747337168991,logistic_score5_C0.01_balancedTrue
carlstrom_phyllosphere_2019,Leaf233,Leaf82,0,0.5904173210614215,logistic_score5_C0.01_balancedTrue
carlstrom_phyllosphere_2019,Leaf233,Leaf83,0,0.7277293567710285,logistic_score5_C0.01_balancedTrue
carlstrom_phyllosphere_2019,Leaf233,Leaf86,1,0.4491128229807193,logistic_score5_C0.01_balancedTrue
carlstrom_phyllosphere_2019,Leaf233,Leaf88,1,0.45569386974965154,logistic_score5_C0.01_balancedTrue
carlstrom_phyllosphere_2019,Leaf233,Leaf90,0,0.4674971438035755,logistic_score5_C0.01_balancedTrue
carlstrom_phyllosphere_2019,Leaf234,Leaf262,0,0.7503449721966358,logistic_score5_C0.01_balancedTrue
carlstrom_phyllosphere_2019,Leaf234,Leaf265,0,0.4632911144639603,logistic_score5_C0.01_balancedTrue
carlstrom_phyllosphere_2019,Leaf234,Leaf285,0,0.4986453656411539,logistic_score5_C0.01_balancedTrue
carlstrom_phyllosphere_2019,Leaf234,Leaf288,0,0.621353557175781,logistic_score5_C0.01_balancedTrue
carlstrom_phyllosphere_2019,Leaf234,Leaf33,0,0.6613193897983249,logistic_score5_C0.01_balancedTrue
carlstrom_phyllosphere_2019,Leaf234,Leaf334,0,0.5079023134354204,logistic_score5_C0.01_balancedTrue
carlstrom_phyllosphere_2019,Leaf234,Leaf344,0,0.6001142806740497,logistic_score5_C0.01_balancedTrue
carlstrom_phyllosphere_2019,Leaf234,Leaf359,0,0.4383749057242061,logistic_score5_C0.01_balancedTrue
carlstrom_phyllosphere_2019,Leaf234,Leaf371,0,0.46048995674621296,logistic_score5_C0.01_balancedTrue
carlstrom_phyllosphere_2019,Leaf234,Leaf391,0,0.4978403662639097,logistic_score5_C0.01_balancedTrue
carlstrom_phyllosphere_2019,Leaf234,Leaf405,0,0.6463809029048899,logistic_score5_C0.01_balancedTrue
carlstrom_phyllosphere_2019,Leaf234,Leaf416,0,0.6502353388278469,logistic_score5_C0.01_balancedTrue
carlstrom_phyllosphere_2019,Leaf234,Leaf420,0,0.4952242172245114,logistic_score5_C0.01_balancedTrue
carlstrom_phyllosphere_2019,Leaf234,Leaf68,0,0.6262652309512721,logistic_score5_C0.01_balancedTrue
carlstrom_phyllosphere_2019,Leaf234,Leaf83,0,0.47331294867771206,logistic_score5_C0.01_balancedTrue
carlstrom_phyllosphere_2019,Leaf234,Leaf86,0,0.5609305257661003,logistic_score5_C0.01_balancedTrue
carlstrom_phyllosphere_2019,Leaf234,Leaf88,0,0.4701032315932869,logistic_score5_C0.01_balancedTrue
carlstrom_phyllosphere_2019,Leaf234,Leaf90,0,0.6164168698711685,logistic_score5_C0.01_balancedTrue
carlstrom_phyllosphere_2019,Leaf242,Leaf262,0,0.5494005212098725,logistic_score5_C0.01_balancedTrue
carlstrom_phyllosphere_2019,Leaf242,Leaf265,0,0.6826074346095344,logistic_score5_C0.01_balancedTrue
carlstrom_phyllosphere_2019,Leaf242,Leaf285,0,0.6238125760964489,logistic_score5_C0.01_balancedTrue
carlstrom_phyllosphere_2019,Leaf242,Leaf288,1,0.5559994377489175,logistic_score5_C0.01_balancedTrue
carlstrom_phyllosphere_2019,Leaf242,Leaf33,0,0.49643164680444885,logistic_score5_C0.01_balancedTrue
carlstrom_phyllosphere_2019,Leaf242,Leaf334,0,0.44533165153951415,logistic_score5_C0.01_balancedTrue
carlstrom_phyllosphere_2019,Leaf242,Leaf344,0,0.6846966403763223,logistic_score5_C0.01_balancedTrue
carlstrom_phyllosphere_2019,Leaf242,Leaf359,0,0.6288993092363697,logistic_score5_C0.01_balancedTrue
carlstrom_phyllosphere_2019,Leaf242,Leaf371,0,0.5639022595028684,logistic_score5_C0.01_balancedTrue
carlstrom_phyllosphere_2019,Leaf242,Leaf391,0,0.6251340341862114,logistic_score5_C0.01_balancedTrue
carlstrom_phyllosphere_2019,Leaf242,Leaf405,0,0.7001246520275312,logistic_score5_C0.01_balancedTrue
carlstrom_phyllosphere_2019,Leaf242,Leaf416,0,0.5284001122110029,logistic_score5_C0.01_balancedTrue
carlstrom_phyllosphere_2019,Leaf242,Leaf420,0,0.7038296841668605,logistic_score5_C0.01_balancedTrue
carlstrom_phyllosphere_2019,Leaf242,Leaf68,0,0.652429131298842,logistic_score5_C0.01_balancedTrue
carlstrom_phyllosphere_2019,Leaf242,Leaf83,0,0.6127939883032608,logistic_score5_C0.01_balancedTrue
carlstrom_phyllosphere_2019,Leaf242,Leaf86,0,0.6097334137525466,logistic_score5_C0.01_balancedTrue
carlstrom_phyllosphere_2019,Leaf242,Leaf88,0,0.5418167149815879,logistic_score5_C0.01_balancedTrue
carlstrom_phyllosphere_2019,Leaf242,Leaf90,0,0.6704530595362802,logistic_score5_C0.01_balancedTrue
carlstrom_phyllosphere_2019,Leaf26,Leaf262,0,0.6484023040376243,logistic_score5_C0.01_balancedTrue
carlstrom_phyllosphere_2019,Leaf26,Leaf265,0,0.652246560638577,logistic_score5_C0.01_balancedTrue
carlstrom_phyllosphere_2019,Leaf26,Leaf285,0,0.6881620846170369,logistic_score5_C0.01_balancedTrue
carlstrom_phyllosphere_2019,Leaf26,Leaf288,0,0.6898869729371335,logistic_score5_C0.01_balancedTrue
carlstrom_phyllosphere_2019,Leaf26,Leaf33,0,0.4576912925100476,logistic_score5_C0.01_balancedTrue
carlstrom_phyllosphere_2019,Leaf26,Leaf334,0,0.630025868349694,logistic_score5_C0.01_balancedTrue
carlstrom_phyllosphere_2019,Leaf26,Leaf344,0,0.5501975450127747,logistic_score5_C0.01_balancedTrue
carlstrom_phyllosphere_2019,Leaf26,Leaf359,0,0.524587071705828,logistic_score5_C0.01_balancedTrue
carlstrom_phyllosphere_2019,Leaf26,Leaf371,0,0.6388008403477691,logistic_score5_C0.01_balancedTrue
carlstrom_phyllosphere_2019,Leaf26,Leaf391,0,0.5460103892863911,logistic_score5_C0.01_balancedTrue
carlstrom_phyllosphere_2019,Leaf26,Leaf405,0,0.6185084638851133,logistic_score5_C0.01_balancedTrue
carlstrom_phyllosphere_2019,Leaf26,Leaf416,0,0.5845646901163012,logistic_score5_C0.01_balancedTrue
carlstrom_phyllosphere_2019,Leaf26,Leaf420,0,0.6866052096906784,logistic_score5_C0.01_balancedTrue
carlstrom_phyllosphere_2019,Leaf26,Leaf68,0,0.6946885490857376,logistic_score5_C0.01_balancedTrue
carlstrom_phyllosphere_2019,Leaf26,Leaf83,0,0.4679535770910394,logistic_score5_C0.01_balancedTrue
carlstrom_phyllosphere_2019,Leaf26,Leaf86,0,0.5034753633156066,logistic_score5_C0.01_balancedTrue
carlstrom_phyllosphere_2019,Leaf26,Leaf88,0,0.5882742361518722,logistic_score5_C0.01_balancedTrue
carlstrom_phyllosphere_2019,Leaf26,Leaf90,0,0.6750609014475834,logistic_score5_C0.01_balancedTrue
carlstrom_phyllosphere_2019,Leaf262,Leaf263,0,0.6459175753909555,logistic_score5_C0.01_balancedTrue
carlstrom_phyllosphere_2019,Leaf262,Leaf265,0,0.44851539329959866,logistic_score5_C0.01_balancedTrue
carlstrom_phyllosphere_2019,Leaf262,Leaf281,0,0.638057535480846,logistic_score5_C0.01_balancedTrue
carlstrom_phyllosphere_2019,Leaf262,Leaf285,0,0.5964382298276054,logistic_score5_C0.01_balancedTrue
carlstrom_phyllosphere_2019,Leaf262,Leaf288,0,0.4821502564111628,logistic_score5_C0.01_balancedTrue
carlstrom_phyllosphere_2019,Leaf262,Leaf3,0,0.6813853176345314,logistic_score5_C0.01_balancedTrue
carlstrom_phyllosphere_2019,Leaf262,Leaf324,0,0.45389740525969835,logistic_score5_C0.01_balancedTrue
carlstrom_phyllosphere_2019,Leaf262,Leaf33,0,0.5300046378369279,logistic_score5_C0.01_balancedTrue
carlstrom_phyllosphere_2019,Leaf262,Leaf334,0,0.6879893074191681,logistic_score5_C0.01_balancedTrue
carlstrom_phyllosphere_2019,Leaf262,Leaf336,0,0.6764719600983559,logistic_score5_C0.01_balancedTrue
carlstrom_phyllosphere_2019,Leaf262,Leaf337,0,0.45469568854257914,logistic_score5_C0.01_balancedTrue
carlstrom_phyllosphere_2019,Leaf262,Leaf344,0,0.5970193907448857,logistic_score5_C0.01_balancedTrue
carlstrom_phyllosphere_2019,Leaf262,Leaf351,0,0.6156552163303002,logistic_score5_C0.01_balancedTrue
carlstrom_phyllosphere_2019,Leaf262,Leaf354,0,0.6757668300851964,logistic_score5_C0.01_balancedTrue
carlstrom_phyllosphere_2019,Leaf262,Leaf357,1,0.5046827966014473,logistic_score5_C0.01_balancedTrue
carlstrom_phyllosphere_2019,Leaf262,Leaf359,1,0.6315257455877943,logistic_score5_C0.01_balancedTrue
carlstrom_phyllosphere_2019,Leaf262,Leaf363,0,0.5279988877924373,logistic_score5_C0.01_balancedTrue
carlstrom_phyllosphere_2019,Leaf262,Leaf371,1,0.6994481693100683,logistic_score5_C0.01_balancedTrue
carlstrom_phyllosphere_2019,Leaf262,Leaf380,0,0.5551729486332432,logistic_score5_C0.01_balancedTrue
carlstrom_phyllosphere_2019,Leaf262,Leaf391,0,0.5081035142478249,logistic_score5_C0.01_balancedTrue
carlstrom_phyllosphere_2019,Leaf262,Leaf396,0,0.5458108337022138,logistic_score5_C0.01_balancedTrue
carlstrom_phyllosphere_2019,Leaf262,Leaf405,0,0.6676010225512052,logistic_score5_C0.01_balancedTrue
carlstrom_phyllosphere_2019,Leaf262,Leaf41,0,0.47190841028764874,logistic_score5_C0.01_balancedTrue
carlstrom_phyllosphere_2019,Leaf262,Leaf416,0,0.46369147321736687,logistic_score5_C0.01_balancedTrue
carlstrom_phyllosphere_2019,Leaf262,Leaf420,0,0.7126454523471117,logistic_score5_C0.01_balancedTrue
carlstrom_phyllosphere_2019,Leaf262,Leaf427,0,0.5350146344688381,logistic_score5_C0.01_balancedTrue
carlstrom_phyllosphere_2019,Leaf262,Leaf443,0,0.6780590459605373,logistic_score5_C0.01_balancedTrue
carlstrom_phyllosphere_2019,Leaf262,Leaf5,0,0.6449074939043542,logistic_score5_C0.01_balancedTrue
carlstrom_phyllosphere_2019,Leaf262,Leaf68,1,0.7021488651343226,logistic_score5_C0.01_balancedTrue
carlstrom_phyllosphere_2019,Leaf262,Leaf70,1,0.6200268726930822,logistic_score5_C0.01_balancedTrue
carlstrom_phyllosphere_2019,Leaf262,Leaf82,0,0.5281995045557915,logistic_score5_C0.01_balancedTrue
carlstrom_phyllosphere_2019,Leaf262,Leaf83,0,0.6226784284357051,logistic_score5_C0.01_balancedTrue
carlstrom_phyllosphere_2019,Leaf262,Leaf86,0,0.5026703844018212,logistic_score5_C0.01_balancedTrue
carlstrom_phyllosphere_2019,Leaf262,Leaf88,0,0.6352642780844844,logistic_score5_C0.01_balancedTrue
carlstrom_phyllosphere_2019,Leaf262,Leaf90,0,0.6290871668479916,logistic_score5_C0.01_balancedTrue
carlstrom_phyllosphere_2019,Leaf263,Leaf265,0,0.6076242299832579,logistic_score5_C0.01_balancedTrue
carlstrom_phyllosphere_2019,Leaf263,Leaf285,0,0.6221108496049955,logistic_score5_C0.01_balancedTrue
carlstrom_phyllosphere_2019,Leaf263,Leaf288,0,0.5068962722783384,logistic_score5_C0.01_balancedTrue
carlstrom_phyllosphere_2019,Leaf263,Leaf33,0,0.6371274749807551,logistic_score5_C0.01_balancedTrue
carlstrom_phyllosphere_2019,Leaf263,Leaf334,0,0.4926083296755003,logistic_score5_C0.01_balancedTrue
carlstrom_phyllosphere_2019,Leaf263,Leaf344,0,0.6253226622855246,logistic_score5_C0.01_balancedTrue
carlstrom_phyllosphere_2019,Leaf263,Leaf359,0,0.4983571039608697,logistic_score5_C0.01_balancedTrue
carlstrom_phyllosphere_2019,Leaf263,Leaf371,0,0.5999210812455533,logistic_score5_C0.01_balancedTrue
carlstrom_phyllosphere_2019,Leaf263,Leaf391,0,0.7434162555646873,logistic_score5_C0.01_balancedTrue
carlstrom_phyllosphere_2019,Leaf263,Leaf405,0,0.6734696540210408,logistic_score5_C0.01_balancedTrue
carlstrom_phyllosphere_2019,Leaf263,Leaf416,0,0.5018653916443216,logistic_score5_C0.01_balancedTrue
carlstrom_phyllosphere_2019,Leaf263,Leaf420,0,0.5537809063615374,logistic_score5_C0.01_balancedTrue
carlstrom_phyllosphere_2019,Leaf263,Leaf68,0,0.6890251849541964,logistic_score5_C0.01_balancedTrue
carlstrom_phyllosphere_2019,Leaf263,Leaf83,0,0.6778798150850774,logistic_score5_C0.01_balancedTrue
carlstrom_phyllosphere_2019,Leaf263,Leaf86,0,0.4954254519998317,logistic_score5_C0.01_balancedTrue
carlstrom_phyllosphere_2019,Leaf263,Leaf88,0,0.5310071536130107,logistic_score5_C0.01_balancedTrue
carlstrom_phyllosphere_2019,Leaf263,Leaf90,0,0.6689127627686319,logistic_score5_C0.01_balancedTrue
carlstrom_phyllosphere_2019,Leaf265,Leaf281,0,0.6967335621833775,logistic_score5_C0.01_balancedTrue
carlstrom_phyllosphere_2019,Leaf265,Leaf285,0,0.5833912394990868,logistic_score5_C0.01_balancedTrue
carlstrom_phyllosphere_2019,Leaf265,Leaf288,0,0.6794597999160539,logistic_score5_C0.01_balancedTrue
carlstrom_phyllosphere_2019,Leaf265,Leaf3,0,0.6582475075509154,logistic_score5_C0.01_balancedTrue
carlstrom_phyllosphere_2019,Leaf265,Leaf324,0,0.6909193806159515,logistic_score5_C0.01_balancedTrue
carlstrom_phyllosphere_2019,Leaf265,Leaf33,1,0.5910012068370252,logistic_score5_C0.01_balancedTrue
carlstrom_phyllosphere_2019,Leaf265,Leaf334,0,0.5829998785235264,logistic_score5_C0.01_balancedTrue
carlstrom_phyllosphere_2019,Leaf265,Leaf336,0,0.5741674874209345,logistic_score5_C0.01_balancedTrue
carlstrom_phyllosphere_2019,Leaf265,Leaf337,0,0.5563654398138742,logistic_score5_C0.01_balancedTrue
carlstrom_phyllosphere_2019,Leaf265,Leaf344,0,0.6268303129054735,logistic_score5_C0.01_balancedTrue
carlstrom_phyllosphere_2019,Leaf265,Leaf351,0,0.4570919198890228,logistic_score5_C0.01_balancedTrue
carlstrom_phyllosphere_2019,Leaf265,Leaf354,0,0.6912630941062935,logistic_score5_C0.01_balancedTrue
carlstrom_phyllosphere_2019,Leaf265,Leaf357,1,0.614892995277402,logistic_score5_C0.01_balancedTrue
carlstrom_phyllosphere_2019,Leaf265,Leaf359,1,0.4913354688660196,logistic_score5_C0.01_balancedTrue
carlstrom_phyllosphere_2019,Leaf265,Leaf363,0,0.5623178920115132,logistic_score5_C0.01_balancedTrue
carlstrom_phyllosphere_2019,Leaf265,Leaf371,0,0.4666956206537635,logistic_score5_C0.01_balancedTrue
carlstrom_phyllosphere_2019,Leaf265,Leaf380,0,0.5099141956179339,logistic_score5_C0.01_balancedTrue
carlstrom_phyllosphere_2019,Leaf265,Leaf391,0,0.5382173923561758,logistic_score5_C0.01_balancedTrue
carlstrom_phyllosphere_2019,Leaf265,Leaf396,0,0.4922059177711548,logistic_score5_C0.01_balancedTrue
carlstrom_phyllosphere_2019,Leaf265,Leaf405,0,0.5511934620234586,logistic_score5_C0.01_balancedTrue
carlstrom_phyllosphere_2019,Leaf265,Leaf41,0,0.6365689452271599,logistic_score5_C0.01_balancedTrue
carlstrom_phyllosphere_2019,Leaf265,Leaf416,1,0.6509673152122935,logistic_score5_C0.01_balancedTrue
carlstrom_phyllosphere_2019,Leaf265,Leaf420,0,0.4499096240443167,logistic_score5_C0.01_balancedTrue
carlstrom_phyllosphere_2019,Leaf265,Leaf427,0,0.4825522596502649,logistic_score5_C0.01_balancedTrue
carlstrom_phyllosphere_2019,Leaf265,Leaf443,0,0.4893893464012285,logistic_score5_C0.01_balancedTrue
carlstrom_phyllosphere_2019,Leaf265,Leaf5,0,0.6567157282083066,logistic_score5_C0.01_balancedTrue
carlstrom_phyllosphere_2019,Leaf265,Leaf68,1,0.4757216994805464,logistic_score5_C0.01_balancedTrue
carlstrom_phyllosphere_2019,Leaf265,Leaf70,1,0.5966319802931594,logistic_score5_C0.01_balancedTrue
carlstrom_phyllosphere_2019,Leaf265,Leaf82,0,0.48094438740084977,logistic_score5_C0.01_balancedTrue
carlstrom_phyllosphere_2019,Leaf265,Leaf83,0,0.5743642998235323,logistic_score5_C0.01_balancedTrue
carlstrom_phyllosphere_2019,Leaf265,Leaf86,1,0.7088389925773793,logistic_score5_C0.01_balancedTrue
carlstrom_phyllosphere_2019,Leaf265,Leaf88,0,0.7229181029305909,logistic_score5_C0.01_balancedTrue
carlstrom_phyllosphere_2019,Leaf265,Leaf90,0,0.674354176493944,logistic_score5_C0.01_balancedTrue
carlstrom_phyllosphere_2019,Leaf281,Leaf285,0,0.70298996130141,logistic_score5_C0.01_balancedTrue
carlstrom_phyllosphere_2019,Leaf281,Leaf288,0,0.5777064571225614,logistic_score5_C0.01_balancedTrue
carlstrom_phyllosphere_2019,Leaf281,Leaf33,0,0.588664139583279,logistic_score5_C0.01_balancedTrue
carlstrom_phyllosphere_2019,Leaf281,Leaf334,0,0.5085059079324591,logistic_score5_C0.01_balancedTrue
carlstrom_phyllosphere_2019,Leaf281,Leaf344,0,0.5765276680451801,logistic_score5_C0.01_balancedTrue
carlstrom_phyllosphere_2019,Leaf281,Leaf359,0,0.49945037204119497,logistic_score5_C0.01_balancedTrue
carlstrom_phyllosphere_2019,Leaf281,Leaf371,0,0.44831628299959664,logistic_score5_C0.01_balancedTrue
carlstrom_phyllosphere_2019,Leaf281,Leaf391,0,0.49160231901368334,logistic_score5_C0.01_balancedTrue
carlstrom_phyllosphere_2019,Leaf281,Leaf405,0,0.7151118600665513,logistic_score5_C0.01_balancedTrue
carlstrom_phyllosphere_2019,Leaf281,Leaf416,0,0.5157466050097703,logistic_score5_C0.01_balancedTrue
carlstrom_phyllosphere_2019,Leaf281,Leaf420,0,0.6649160276582229,logistic_score5_C0.01_balancedTrue
carlstrom_phyllosphere_2019,Leaf281,Leaf68,0,0.6305886182575684,logistic_score5_C0.01_balancedTrue
carlstrom_phyllosphere_2019,Leaf281,Leaf83,0,0.44771905175508403,logistic_score5_C0.01_balancedTrue
carlstrom_phyllosphere_2019,Leaf281,Leaf86,0,0.5507951440229708,logistic_score5_C0.01_balancedTrue
carlstrom_phyllosphere_2019,Leaf281,Leaf88,0,0.6867784043959527,logistic_score5_C0.01_balancedTrue
carlstrom_phyllosphere_2019,Leaf281,Leaf90,0,0.562912180591761,logistic_score5_C0.01_balancedTrue
carlstrom_phyllosphere_2019,Leaf285,Leaf288,0,0.5165507746064981,logistic_score5_C0.01_balancedTrue
carlstrom_phyllosphere_2019,Leaf285,Leaf3,0,0.6934920624741997,logistic_score5_C0.01_balancedTrue
carlstrom_phyllosphere_2019,Leaf285,Leaf324,0,0.723723626355582,logistic_score5_C0.01_balancedTrue
carlstrom_phyllosphere_2019,Leaf285,Leaf33,0,0.7124805727488165,logistic_score5_C0.01_balancedTrue
carlstrom_phyllosphere_2019,Leaf285,Leaf334,0,0.6449487147490532,logistic_score5_C0.01_balancedTrue
carlstrom_phyllosphere_2019,Leaf285,Leaf336,0,0.5646939563851269,logistic_score5_C0.01_balancedTrue
carlstrom_phyllosphere_2019,Leaf285,Leaf337,0,0.566869410680186,logistic_score5_C0.01_balancedTrue
carlstrom_phyllosphere_2019,Leaf285,Leaf344,0,0.6281474893757524,logistic_score5_C0.01_balancedTrue
carlstrom_phyllosphere_2019,Leaf285,Leaf351,0,0.5430155387361182,logistic_score5_C0.01_balancedTrue
carlstrom_phyllosphere_2019,Leaf285,Leaf354,0,0.6058955378862013,logistic_score5_C0.01_balancedTrue
carlstrom_phyllosphere_2019,Leaf285,Leaf357,0,0.6895424154815543,logistic_score5_C0.01_balancedTrue
carlstrom_phyllosphere_2019,Leaf285,Leaf359,0,0.5062926202535913,logistic_score5_C0.01_balancedTrue
carlstrom_phyllosphere_2019,Leaf285,Leaf363,0,0.46409187878137736,logistic_score5_C0.01_balancedTrue
carlstrom_phyllosphere_2019,Leaf285,Leaf371,0,0.5159476552170481,logistic_score5_C0.01_balancedTrue
carlstrom_phyllosphere_2019,Leaf285,Leaf380,0,0.6256998042665715,logistic_score5_C0.01_balancedTrue
carlstrom_phyllosphere_2019,Leaf285,Leaf391,0,0.5660786300559183,logistic_score5_C0.01_balancedTrue
carlstrom_phyllosphere_2019,Leaf285,Leaf396,0,0.7050029825172089,logistic_score5_C0.01_balancedTrue
carlstrom_phyllosphere_2019,Leaf285,Leaf405,0,0.601465801715195,logistic_score5_C0.01_balancedTrue
carlstrom_phyllosphere_2019,Leaf285,Leaf41,0,0.6699192497640054,logistic_score5_C0.01_balancedTrue
carlstrom_phyllosphere_2019,Leaf285,Leaf416,1,0.45629294989917046,logistic_score5_C0.01_balancedTrue
carlstrom_phyllosphere_2019,Leaf285,Leaf420,0,0.7198439416475797,logistic_score5_C0.01_balancedTrue
carlstrom_phyllosphere_2019,Leaf285,Leaf427,0,0.6060877465961564,logistic_score5_C0.01_balancedTrue
carlstrom_phyllosphere_2019,Leaf285,Leaf443,0,0.5579544159877159,logistic_score5_C0.01_balancedTrue
carlstrom_phyllosphere_2019,Leaf285,Leaf5,0,0.6190781404076284,logistic_score5_C0.01_balancedTrue
carlstrom_phyllosphere_2019,Leaf285,Leaf68,0,0.721464516567,logistic_score5_C0.01_balancedTrue
carlstrom_phyllosphere_2019,Leaf285,Leaf70,1,0.5424161882603596,logistic_score5_C0.01_balancedTrue
carlstrom_phyllosphere_2019,Leaf285,Leaf82,0,0.6307761227706842,logistic_score5_C0.01_balancedTrue
carlstrom_phyllosphere_2019,Leaf285,Leaf83,0,0.7213027182808446,logistic_score5_C0.01_balancedTrue
carlstrom_phyllosphere_2019,Leaf285,Leaf86,1,0.623623645339093,logistic_score5_C0.01_balancedTrue
carlstrom_phyllosphere_2019,Leaf285,Leaf88,0,0.6878164779195426,logistic_score5_C0.01_balancedTrue
carlstrom_phyllosphere_2019,Leaf285,Leaf90,0,0.7392274194407336,logistic_score5_C0.01_balancedTrue
carlstrom_phyllosphere_2019,Leaf288,Leaf3,0,0.5725921471012746,logistic_score5_C0.01_balancedTrue
carlstrom_phyllosphere_2019,Leaf288,Leaf324,0,0.5658808821559994,logistic_score5_C0.01_balancedTrue
carlstrom_phyllosphere_2019,Leaf288,Leaf33,0,0.6219215821814092,logistic_score5_C0.01_balancedTrue
carlstrom_phyllosphere_2019,Leaf288,Leaf334,0,0.5480051217257594,logistic_score5_C0.01_balancedTrue
carlstrom_phyllosphere_2019,Leaf288,Leaf336,0,0.6087751972481832,logistic_score5_C0.01_balancedTrue
carlstrom_phyllosphere_2019,Leaf288,Leaf337,0,0.6367551628238597,logistic_score5_C0.01_balancedTrue
carlstrom_phyllosphere_2019,Leaf288,Leaf344,0,0.6922929638656761,logistic_score5_C0.01_balancedTrue
carlstrom_phyllosphere_2019,Leaf288,Leaf351,0,0.4869756716871295,logistic_score5_C0.01_balancedTrue
carlstrom_phyllosphere_2019,Leaf288,Leaf354,0,0.5103165356045726,logistic_score5_C0.01_balancedTrue
carlstrom_phyllosphere_2019,Leaf288,Leaf357,0,0.48034153525359163,logistic_score5_C0.01_balancedTrue
carlstrom_phyllosphere_2019,Leaf288,Leaf359,0,0.47391502432849547,logistic_score5_C0.01_balancedTrue
carlstrom_phyllosphere_2019,Leaf288,Leaf363,0,0.5205702538779167,logistic_score5_C0.01_balancedTrue
carlstrom_phyllosphere_2019,Leaf288,Leaf371,0,0.5474068609512351,logistic_score5_C0.01_balancedTrue
carlstrom_phyllosphere_2019,Leaf288,Leaf380,0,0.6279594373012127,logistic_score5_C0.01_balancedTrue
carlstrom_phyllosphere_2019,Leaf288,Leaf391,0,0.4918035159661091,logistic_score5_C0.01_balancedTrue
carlstrom_phyllosphere_2019,Leaf288,Leaf396,0,0.529403011612173,logistic_score5_C0.01_balancedTrue
carlstrom_phyllosphere_2019,Leaf288,Leaf405,0,0.6537058691407215,logistic_score5_C0.01_balancedTrue
carlstrom_phyllosphere_2019,Leaf288,Leaf41,0,0.5426159854815094,logistic_score5_C0.01_balancedTrue
carlstrom_phyllosphere_2019,Leaf288,Leaf416,1,0.561525229223676,logistic_score5_C0.01_balancedTrue
carlstrom_phyllosphere_2019,Leaf288,Leaf420,0,0.6343311534215247,logistic_score5_C0.01_balancedTrue
carlstrom_phyllosphere_2019,Leaf288,Leaf427,0,0.46229042572703144,logistic_score5_C0.01_balancedTrue
carlstrom_phyllosphere_2019,Leaf288,Leaf443,0,0.5107188622258482,logistic_score5_C0.01_balancedTrue
carlstrom_phyllosphere_2019,Leaf288,Leaf5,0,0.6304010743174567,logistic_score5_C0.01_balancedTrue
carlstrom_phyllosphere_2019,Leaf288,Leaf68,0,0.683617582018528,logistic_score5_C0.01_balancedTrue
carlstrom_phyllosphere_2019,Leaf288,Leaf70,0,0.5125291526641897,logistic_score5_C0.01_balancedTrue
carlstrom_phyllosphere_2019,Leaf288,Leaf82,0,0.584369181217521,logistic_score5_C0.01_balancedTrue
carlstrom_phyllosphere_2019,Leaf288,Leaf83,0,0.5745610886635995,logistic_score5_C0.01_balancedTrue
carlstrom_phyllosphere_2019,Leaf288,Leaf86,0,0.5314080903149249,logistic_score5_C0.01_balancedTrue
carlstrom_phyllosphere_2019,Leaf288,Leaf88,0,0.47471790956845183,logistic_score5_C0.01_balancedTrue
carlstrom_phyllosphere_2019,Leaf288,Leaf90,0,0.5231815206069155,logistic_score5_C0.01_balancedTrue
carlstrom_phyllosphere_2019,Leaf3,Leaf33,0,0.681909388963031,logistic_score5_C0.01_balancedTrue
carlstrom_phyllosphere_2019,Leaf3,Leaf334,0,0.45369787130933115,logistic_score5_C0.01_balancedTrue
carlstrom_phyllosphere_2019,Leaf3,Leaf344,0,0.5714096731204207,logistic_score5_C0.01_balancedTrue
carlstrom_phyllosphere_2019,Leaf3,Leaf359,0,0.5444135360119857,logistic_score5_C0.01_balancedTrue
carlstrom_phyllosphere_2019,Leaf3,Leaf371,0,0.4873779116689574,logistic_score5_C0.01_balancedTrue
carlstrom_phyllosphere_2019,Leaf3,Leaf391,0,0.6114560668873495,logistic_score5_C0.01_balancedTrue
carlstrom_phyllosphere_2019,Leaf3,Leaf405,0,0.7174023120900385,logistic_score5_C0.01_balancedTrue
carlstrom_phyllosphere_2019,Leaf3,Leaf416,0,0.5181588525145566,logistic_score5_C0.01_balancedTrue
carlstrom_phyllosphere_2019,Leaf3,Leaf420,0,0.7100006228472369,logistic_score5_C0.01_balancedTrue
carlstrom_phyllosphere_2019,Leaf3,Leaf68,0,0.559145371754365,logistic_score5_C0.01_balancedTrue
carlstrom_phyllosphere_2019,Leaf3,Leaf83,0,0.5818418826497989,logistic_score5_C0.01_balancedTrue
carlstrom_phyllosphere_2019,Leaf3,Leaf86,0,0.49200471557364694,logistic_score5_C0.01_balancedTrue
carlstrom_phyllosphere_2019,Leaf3,Leaf88,0,0.7046680303058273,logistic_score5_C0.01_balancedTrue
carlstrom_phyllosphere_2019,Leaf3,Leaf90,0,0.5223781822358108,logistic_score5_C0.01_balancedTrue
carlstrom_phyllosphere_2019,Leaf324,Leaf33,0,0.4634912879574201,logistic_score5_C0.01_balancedTrue
carlstrom_phyllosphere_2019,Leaf324,Leaf334,0,0.5595422064983566,logistic_score5_C0.01_balancedTrue
carlstrom_phyllosphere_2019,Leaf324,Leaf344,0,0.6560710801322355,logistic_score5_C0.01_balancedTrue
carlstrom_phyllosphere_2019,Leaf324,Leaf359,0,0.4749186514671776,logistic_score5_C0.01_balancedTrue
carlstrom_phyllosphere_2019,Leaf324,Leaf371,0,0.48496473521776706,logistic_score5_C0.01_balancedTrue
carlstrom_phyllosphere_2019,Leaf324,Leaf391,0,0.6030085047227529,logistic_score5_C0.01_balancedTrue
carlstrom_phyllosphere_2019,Leaf324,Leaf405,0,0.6933209223467797,logistic_score5_C0.01_balancedTrue
carlstrom_phyllosphere_2019,Leaf324,Leaf416,0,0.6857384561880128,logistic_score5_C0.01_balancedTrue
carlstrom_phyllosphere_2019,Leaf324,Leaf420,0,0.7083403125771623,logistic_score5_C0.01_balancedTrue
carlstrom_phyllosphere_2019,Leaf324,Leaf68,1,0.7276722512548246,logistic_score5_C0.01_balancedTrue
carlstrom_phyllosphere_2019,Leaf324,Leaf83,0,0.6066641755482413,logistic_score5_C0.01_balancedTrue
carlstrom_phyllosphere_2019,Leaf324,Leaf86,0,0.6575227664548755,logistic_score5_C0.01_balancedTrue
carlstrom_phyllosphere_2019,Leaf324,Leaf88,0,0.5298041053633953,logistic_score5_C0.01_balancedTrue
carlstrom_phyllosphere_2019,Leaf324,Leaf90,0,0.7219495652542817,logistic_score5_C0.01_balancedTrue
carlstrom_phyllosphere_2019,Leaf33,Leaf334,0,0.5900279220880422,logistic_score5_C0.01_balancedTrue
carlstrom_phyllosphere_2019,Leaf33,Leaf336,0,0.6936631492953448,logistic_score5_C0.01_balancedTrue
carlstrom_phyllosphere_2019,Leaf33,Leaf337,0,0.6057032964030559,logistic_score5_C0.01_balancedTrue
carlstrom_phyllosphere_2019,Leaf33,Leaf344,0,0.5036766053919666,logistic_score5_C0.01_balancedTrue
carlstrom_phyllosphere_2019,Leaf33,Leaf351,0,0.5828041587778424,logistic_score5_C0.01_balancedTrue
carlstrom_phyllosphere_2019,Leaf33,Leaf354,0,0.5370167134467317,logistic_score5_C0.01_balancedTrue
carlstrom_phyllosphere_2019,Leaf33,Leaf357,0,0.7075080638733938,logistic_score5_C0.01_balancedTrue
carlstrom_phyllosphere_2019,Leaf33,Leaf359,0,0.6469327169767388,logistic_score5_C0.01_balancedTrue
carlstrom_phyllosphere_2019,Leaf33,Leaf363,0,0.6834788376946778,logistic_score5_C0.01_balancedTrue
carlstrom_phyllosphere_2019,Leaf33,Leaf371,0,0.5091094776319309,logistic_score5_C0.01_balancedTrue
carlstrom_phyllosphere_2019,Leaf33,Leaf380,0,0.5631102367425402,logistic_score5_C0.01_balancedTrue
carlstrom_phyllosphere_2019,Leaf33,Leaf391,0,0.7201685170344978,logistic_score5_C0.01_balancedTrue
carlstrom_phyllosphere_2019,Leaf33,Leaf396,0,0.5127302766279213,logistic_score5_C0.01_balancedTrue
carlstrom_phyllosphere_2019,Leaf33,Leaf405,0,0.6755904227068932,logistic_score5_C0.01_balancedTrue
carlstrom_phyllosphere_2019,Leaf33,Leaf41,0,0.6518812850892505,logistic_score5_C0.01_balancedTrue
carlstrom_phyllosphere_2019,Leaf33,Leaf416,1,0.6196474893726559,logistic_score5_C0.01_balancedTrue
carlstrom_phyllosphere_2019,Leaf33,Leaf420,0,0.4686997418574208,logistic_score5_C0.01_balancedTrue
carlstrom_phyllosphere_2019,Leaf33,Leaf427,0,0.6841750343506546,logistic_score5_C0.01_balancedTrue
carlstrom_phyllosphere_2019,Leaf33,Leaf443,0,0.5739706515153568,logistic_score5_C0.01_balancedTrue
carlstrom_phyllosphere_2019,Leaf33,Leaf5,0,0.6926358293863812,logistic_score5_C0.01_balancedTrue
carlstrom_phyllosphere_2019,Leaf33,Leaf68,1,0.7208169775534908,logistic_score5_C0.01_balancedTrue
carlstrom_phyllosphere_2019,Leaf33,Leaf70,0,0.6240014691959903,logistic_score5_C0.01_balancedTrue
carlstrom_phyllosphere_2019,Leaf33,Leaf82,0,0.4709054394968336,logistic_score5_C0.01_balancedTrue
carlstrom_phyllosphere_2019,Leaf33,Leaf83,0,0.6948592619117325,logistic_score5_C0.01_balancedTrue
carlstrom_phyllosphere_2019,Leaf33,Leaf86,0,0.6080080193355307,logistic_score5_C0.01_balancedTrue
carlstrom_phyllosphere_2019,Leaf33,Leaf88,0,0.6412119792034499,logistic_score5_C0.01_balancedTrue
carlstrom_phyllosphere_2019,Leaf33,Leaf90,0,0.7053377136938142,logistic_score5_C0.01_balancedTrue
carlstrom_phyllosphere_2019,Leaf334,Leaf336,0,0.4960291649577634,logistic_score5_C0.01_balancedTrue
carlstrom_phyllosphere_2019,Leaf334,Leaf337,0,0.6126029603151558,logistic_score5_C0.01_balancedTrue
carlstrom_phyllosphere_2019,Leaf334,Leaf344,0,0.5641002144269895,logistic_score5_C0.01_balancedTrue
carlstrom_phyllosphere_2019,Leaf334,Leaf351,0,0.5296035632670466,logistic_score5_C0.01_balancedTrue
carlstrom_phyllosphere_2019,Leaf334,Leaf354,0,0.4521021404639923,logistic_score5_C0.01_balancedTrue
carlstrom_phyllosphere_2019,Leaf334,Leaf357,0,0.5229806970951897,logistic_score5_C0.01_balancedTrue
carlstrom_phyllosphere_2019,Leaf334,Leaf359,0,0.5946931284950085,logistic_score5_C0.01_balancedTrue
carlstrom_phyllosphere_2019,Leaf334,Leaf363,0,0.5392176201503994,logistic_score5_C0.01_balancedTrue
carlstrom_phyllosphere_2019,Leaf334,Leaf371,0,0.6386150762778817,logistic_score5_C0.01_balancedTrue
carlstrom_phyllosphere_2019,Leaf334,Leaf380,0,0.5933341687839714,logistic_score5_C0.01_balancedTrue
carlstrom_phyllosphere_2019,Leaf334,Leaf391,0,0.5718039224180904,logistic_score5_C0.01_balancedTrue
carlstrom_phyllosphere_2019,Leaf334,Leaf396,0,0.6426922264981925,logistic_score5_C0.01_balancedTrue
carlstrom_phyllosphere_2019,Leaf334,Leaf405,0,0.6099249557362383,logistic_score5_C0.01_balancedTrue
carlstrom_phyllosphere_2019,Leaf334,Leaf41,0,0.5720010129177442,logistic_score5_C0.01_balancedTrue
carlstrom_phyllosphere_2019,Leaf334,Leaf416,1,0.44971039952084135,logistic_score5_C0.01_balancedTrue
carlstrom_phyllosphere_2019,Leaf334,Leaf420,0,0.47833245131453417,logistic_score5_C0.01_balancedTrue
carlstrom_phyllosphere_2019,Leaf334,Leaf427,0,0.46429209895773155,logistic_score5_C0.01_balancedTrue
carlstrom_phyllosphere_2019,Leaf334,Leaf443,0,0.698601343431487,logistic_score5_C0.01_balancedTrue
carlstrom_phyllosphere_2019,Leaf334,Leaf5,0,0.5203693388164653,logistic_score5_C0.01_balancedTrue
carlstrom_phyllosphere_2019,Leaf334,Leaf68,0,0.6810356815024672,logistic_score5_C0.01_balancedTrue
carlstrom_phyllosphere_2019,Leaf334,Leaf70,0,0.4731122739531634,logistic_score5_C0.01_balancedTrue
carlstrom_phyllosphere_2019,Leaf334,Leaf82,0,0.6277713464807368,logistic_score5_C0.01_balancedTrue
carlstrom_phyllosphere_2019,Leaf334,Leaf83,0,0.6495026538943331,logistic_score5_C0.01_balancedTrue
carlstrom_phyllosphere_2019,Leaf334,Leaf86,0,0.5987612338532939,logistic_score5_C0.01_balancedTrue
carlstrom_phyllosphere_2019,Leaf334,Leaf88,0,0.5077011100631468,logistic_score5_C0.01_balancedTrue
carlstrom_phyllosphere_2019,Leaf334,Leaf90,0,0.7039206896668246,logistic_score5_C0.01_balancedTrue
carlstrom_phyllosphere_2019,Leaf336,Leaf344,0,0.6902313197798124,logistic_score5_C0.01_balancedTrue
carlstrom_phyllosphere_2019,Leaf336,Leaf359,0,0.4455305067792006,logistic_score5_C0.01_balancedTrue
carlstrom_phyllosphere_2019,Leaf336,Leaf371,0,0.6720518489909403,logistic_score5_C0.01_balancedTrue
carlstrom_phyllosphere_2019,Leaf336,Leaf391,0,0.48476366726878073,logistic_score5_C0.01_balancedTrue
carlstrom_phyllosphere_2019,Leaf336,Leaf405,0,0.7221111326880227,logistic_score5_C0.01_balancedTrue
carlstrom_phyllosphere_2019,Leaf336,Leaf416,0,0.5915848360273985,logistic_score5_C0.01_balancedTrue
carlstrom_phyllosphere_2019,Leaf336,Leaf420,0,0.7136335438646422,logistic_score5_C0.01_balancedTrue
carlstrom_phyllosphere_2019,Leaf336,Leaf68,0,0.6272068420337964,logistic_score5_C0.01_balancedTrue
carlstrom_phyllosphere_2019,Leaf336,Leaf83,0,0.6838188363523059,logistic_score5_C0.01_balancedTrue
carlstrom_phyllosphere_2019,Leaf336,Leaf86,0,0.7096690083102679,logistic_score5_C0.01_balancedTrue
carlstrom_phyllosphere_2019,Leaf336,Leaf88,0,0.6341444071466191,logistic_score5_C0.01_balancedTrue
carlstrom_phyllosphere_2019,Leaf336,Leaf90,0,0.6339576205348246,logistic_score5_C0.01_balancedTrue
carlstrom_phyllosphere_2019,Leaf337,Leaf344,0,0.5747578538816147,logistic_score5_C0.01_balancedTrue
carlstrom_phyllosphere_2019,Leaf337,Leaf359,0,0.5476461642800331,logistic_score5_C0.01_balancedTrue
carlstrom_phyllosphere_2019,Leaf337,Leaf371,0,0.47050431649719504,logistic_score5_C0.01_balancedTrue
carlstrom_phyllosphere_2019,Leaf337,Leaf391,0,0.519967488990979,logistic_score5_C0.01_balancedTrue
carlstrom_phyllosphere_2019,Leaf337,Leaf405,0,0.6627603106329856,logistic_score5_C0.01_balancedTrue
carlstrom_phyllosphere_2019,Leaf337,Leaf416,0,0.5880792428408896,logistic_score5_C0.01_balancedTrue
carlstrom_phyllosphere_2019,Leaf337,Leaf420,0,0.49683413327577014,logistic_score5_C0.01_balancedTrue
carlstrom_phyllosphere_2019,Leaf337,Leaf68,0,0.5312076270002207,logistic_score5_C0.01_balancedTrue
carlstrom_phyllosphere_2019,Leaf337,Leaf83,0,0.5330114265222838,logistic_score5_C0.01_balancedTrue
carlstrom_phyllosphere_2019,Leaf337,Leaf86,0,0.4507066821858856,logistic_score5_C0.01_balancedTrue
carlstrom_phyllosphere_2019,Leaf337,Leaf88,0,0.46950167679197674,logistic_score5_C0.01_balancedTrue
carlstrom_phyllosphere_2019,Leaf337,Leaf90,0,0.4755209255435749,logistic_score5_C0.01_balancedTrue
carlstrom_phyllosphere_2019,Leaf344,Leaf351,0,0.49280953925203785,logistic_score5_C0.01_balancedTrue
carlstrom_phyllosphere_2019,Leaf344,Leaf354,0,0.5729861215290891,logistic_score5_C0.01_balancedTrue
carlstrom_phyllosphere_2019,Leaf344,Leaf357,0,0.5782955207597166,logistic_score5_C0.01_balancedTrue
carlstrom_phyllosphere_2019,Leaf344,Leaf359,0,0.4517033602696404,logistic_score5_C0.01_balancedTrue
carlstrom_phyllosphere_2019,Leaf344,Leaf363,0,0.5448128362570879,logistic_score5_C0.01_balancedTrue
carlstrom_phyllosphere_2019,Leaf344,Leaf371,0,0.6928071824327512,logistic_score5_C0.01_balancedTrue
carlstrom_phyllosphere_2019,Leaf344,Leaf380,0,0.6493193722750414,logistic_score5_C0.01_balancedTrue
carlstrom_phyllosphere_2019,Leaf344,Leaf391,0,0.6941760896163164,logistic_score5_C0.01_balancedTrue
carlstrom_phyllosphere_2019,Leaf344,Leaf396,0,0.5450124648057735,logistic_score5_C0.01_balancedTrue
carlstrom_phyllosphere_2019,Leaf344,Leaf405,0,0.5587484614258793,logistic_score5_C0.01_balancedTrue
carlstrom_phyllosphere_2019,Leaf344,Leaf41,0,0.6467488223916588,logistic_score5_C0.01_balancedTrue
carlstrom_phyllosphere_2019,Leaf344,Leaf416,1,0.637685634924024,logistic_score5_C0.01_balancedTrue
carlstrom_phyllosphere_2019,Leaf344,Leaf420,0,0.5841736457597954,logistic_score5_C0.01_balancedTrue
carlstrom_phyllosphere_2019,Leaf344,Leaf427,0,0.6124118976918941,logistic_score5_C0.01_balancedTrue
carlstrom_phyllosphere_2019,Leaf344,Leaf443,0,0.719356647653566,logistic_score5_C0.01_balancedTrue
carlstrom_phyllosphere_2019,Leaf344,Leaf5,0,0.6122208004859805,logistic_score5_C0.01_balancedTrue
carlstrom_phyllosphere_2019,Leaf344,Leaf68,0,0.6972436052346279,logistic_score5_C0.01_balancedTrue
carlstrom_phyllosphere_2019,Leaf344,Leaf70,0,0.5342134831852892,logistic_score5_C0.01_balancedTrue
carlstrom_phyllosphere_2019,Leaf344,Leaf82,0,0.7307860217790664,logistic_score5_C0.01_balancedTrue
carlstrom_phyllosphere_2019,Leaf344,Leaf83,0,0.661384903856272,logistic_score5_C0.01_balancedTrue
carlstrom_phyllosphere_2019,Leaf344,Leaf86,0,0.69910960178401,logistic_score5_C0.01_balancedTrue
carlstrom_phyllosphere_2019,Leaf344,Leaf88,0,0.627018596719907,logistic_score5_C0.01_balancedTrue
carlstrom_phyllosphere_2019,Leaf344,Leaf90,0,0.6840010624720975,logistic_score5_C0.01_balancedTrue
carlstrom_phyllosphere_2019,Leaf351,Leaf359,0,0.634414674040903,logistic_score5_C0.01_balancedTrue
carlstrom_phyllosphere_2019,Leaf351,Leaf371,0,0.5413556036784105,logistic_score5_C0.01_balancedTrue
carlstrom_phyllosphere_2019,Leaf351,Leaf391,0,0.5503967608673631,logistic_score5_C0.01_balancedTrue
carlstrom_phyllosphere_2019,Leaf351,Leaf405,0,0.6943469629078164,logistic_score5_C0.01_balancedTrue
carlstrom_phyllosphere_2019,Leaf351,Leaf416,0,0.4505073937686281,logistic_score5_C0.01_balancedTrue
carlstrom_phyllosphere_2019,Leaf351,Leaf420,0,0.698262233490721,logistic_score5_C0.01_balancedTrue
carlstrom_phyllosphere_2019,Leaf351,Leaf68,0,0.462690665220598,logistic_score5_C0.01_balancedTrue
carlstrom_phyllosphere_2019,Leaf351,Leaf83,0,0.670630898554081,logistic_score5_C0.01_balancedTrue
carlstrom_phyllosphere_2019,Leaf351,Leaf86,0,0.4608899735424747,logistic_score5_C0.01_balancedTrue
carlstrom_phyllosphere_2019,Leaf351,Leaf88,0,0.47251030215913226,logistic_score5_C0.01_balancedTrue
carlstrom_phyllosphere_2019,Leaf351,Leaf90,0,0.6659913187904342,logistic_score5_C0.01_balancedTrue
carlstrom_phyllosphere_2019,Leaf354,Leaf359,0,0.6491360465882661,logistic_score5_C0.01_balancedTrue
carlstrom_phyllosphere_2019,Leaf354,Leaf371,0,0.6695631330263904,logistic_score5_C0.01_balancedTrue
carlstrom_phyllosphere_2019,Leaf354,Leaf391,0,0.6752374583520175,logistic_score5_C0.01_balancedTrue
carlstrom_phyllosphere_2019,Leaf354,Leaf405,0,0.7033260154363281,logistic_score5_C0.01_balancedTrue
carlstrom_phyllosphere_2019,Leaf354,Leaf416,0,0.4602899673994491,logistic_score5_C0.01_balancedTrue
carlstrom_phyllosphere_2019,Leaf354,Leaf420,0,0.7147837423419275,logistic_score5_C0.01_balancedTrue
carlstrom_phyllosphere_2019,Leaf354,Leaf68,1,0.5888149777793221,logistic_score5_C0.01_balancedTrue
carlstrom_phyllosphere_2019,Leaf354,Leaf83,1,0.6905754557567474,logistic_score5_C0.01_balancedTrue
carlstrom_phyllosphere_2019,Leaf354,Leaf86,0,0.6820839771704871,logistic_score5_C0.01_balancedTrue
carlstrom_phyllosphere_2019,Leaf354,Leaf88,0,0.7056722236209524,logistic_score5_C0.01_balancedTrue
carlstrom_phyllosphere_2019,Leaf354,Leaf90,0,0.5404174760440744,logistic_score5_C0.01_balancedTrue
carlstrom_phyllosphere_2019,Leaf357,Leaf359,0,0.4707048732672018,logistic_score5_C0.01_balancedTrue
carlstrom_phyllosphere_2019,Leaf357,Leaf371,0,0.6319003191806446,logistic_score5_C0.01_balancedTrue
carlstrom_phyllosphere_2019,Leaf357,Leaf391,0,0.7185433433747505,logistic_score5_C0.01_balancedTrue
carlstrom_phyllosphere_2019,Leaf357,Leaf405,0,0.6674223588815925,logistic_score5_C0.01_balancedTrue
carlstrom_phyllosphere_2019,Leaf357,Leaf416,0,0.4897916766684574,logistic_score5_C0.01_balancedTrue
carlstrom_phyllosphere_2019,Leaf357,Leaf420,0,0.7039974636417783,logistic_score5_C0.01_balancedTrue
carlstrom_phyllosphere_2019,Leaf357,Leaf68,0,0.6632998790788077,logistic_score5_C0.01_balancedTrue
carlstrom_phyllosphere_2019,Leaf357,Leaf83,0,0.7091711666386834,logistic_score5_C0.01_balancedTrue
carlstrom_phyllosphere_2019,Leaf357,Leaf86,0,0.5979873864800523,logistic_score5_C0.01_balancedTrue
carlstrom_phyllosphere_2019,Leaf357,Leaf88,0,0.7019804814084533,logistic_score5_C0.01_balancedTrue
carlstrom_phyllosphere_2019,Leaf357,Leaf90,0,0.7055049963269512,logistic_score5_C0.01_balancedTrue
carlstrom_phyllosphere_2019,Leaf359,Leaf363,0,0.5598460093377475,logistic_score5_C0.01_balancedTrue
carlstrom_phyllosphere_2019,Leaf359,Leaf371,0,0.5603356472628671,logistic_score5_C0.01_balancedTrue
carlstrom_phyllosphere_2019,Leaf359,Leaf380,0,0.48375840280745175,logistic_score5_C0.01_balancedTrue
carlstrom_phyllosphere_2019,Leaf359,Leaf391,0,0.5773136250812532,logistic_score5_C0.01_balancedTrue
carlstrom_phyllosphere_2019,Leaf359,Leaf396,0,0.4805424796958704,logistic_score5_C0.01_balancedTrue
carlstrom_phyllosphere_2019,Leaf359,Leaf405,0,0.5735769094336093,logistic_score5_C0.01_balancedTrue
carlstrom_phyllosphere_2019,Leaf359,Leaf41,0,0.5304056736584395,logistic_score5_C0.01_balancedTrue
carlstrom_phyllosphere_2019,Leaf359,Leaf416,1,0.5422163773944186,logistic_score5_C0.01_balancedTrue
carlstrom_phyllosphere_2019,Leaf359,Leaf420,1,0.5997278507336319,logistic_score5_C0.01_balancedTrue
carlstrom_phyllosphere_2019,Leaf359,Leaf427,0,0.45489529591843214,logistic_score5_C0.01_balancedTrue
carlstrom_phyllosphere_2019,Leaf359,Leaf443,0,0.5147412788152284,logistic_score5_C0.01_balancedTrue
carlstrom_phyllosphere_2019,Leaf359,Leaf5,0,0.6162265098714411,logistic_score5_C0.01_balancedTrue
carlstrom_phyllosphere_2019,Leaf359,Leaf68,1,0.6010988142590418,logistic_score5_C0.01_balancedTrue
carlstrom_phyllosphere_2019,Leaf359,Leaf70,0,0.5175558655853139,logistic_score5_C0.01_balancedTrue
carlstrom_phyllosphere_2019,Leaf359,Leaf82,0,0.6137486068816866,logistic_score5_C0.01_balancedTrue
carlstrom_phyllosphere_2019,Leaf359,Leaf83,1,0.517756866996346,logistic_score5_C0.01_balancedTrue
carlstrom_phyllosphere_2019,Leaf359,Leaf86,0,0.5225790278449682,logistic_score5_C0.01_balancedTrue
carlstrom_phyllosphere_2019,Leaf359,Leaf88,0,0.465293371227463,logistic_score5_C0.01_balancedTrue
carlstrom_phyllosphere_2019,Leaf359,Leaf90,0,0.4554942047689312,logistic_score5_C0.01_balancedTrue
carlstrom_phyllosphere_2019,Leaf363,Leaf371,0,0.4751194014723152,logistic_score5_C0.01_balancedTrue
carlstrom_phyllosphere_2019,Leaf363,Leaf391,0,0.6474841395688931,logistic_score5_C0.01_balancedTrue
carlstrom_phyllosphere_2019,Leaf363,Leaf405,0,0.4946205224431395,logistic_score5_C0.01_balancedTrue
carlstrom_phyllosphere_2019,Leaf363,Leaf416,0,0.6965634400401316,logistic_score5_C0.01_balancedTrue
carlstrom_phyllosphere_2019,Leaf363,Leaf420,0,0.4779307165453672,logistic_score5_C0.01_balancedTrue
carlstrom_phyllosphere_2019,Leaf363,Leaf68,0,0.5543776004969571,logistic_score5_C0.01_balancedTrue
carlstrom_phyllosphere_2019,Leaf363,Leaf83,0,0.695716395798888,logistic_score5_C0.01_balancedTrue
carlstrom_phyllosphere_2019,Leaf363,Leaf86,0,0.6958824132911813,logistic_score5_C0.01_balancedTrue
carlstrom_phyllosphere_2019,Leaf363,Leaf88,0,0.6473003756094503,logistic_score5_C0.01_balancedTrue
carlstrom_phyllosphere_2019,Leaf363,Leaf90,0,0.521574728081592,logistic_score5_C0.01_balancedTrue
carlstrom_phyllosphere_2019,Leaf371,Leaf380,0,0.700969029944715,logistic_score5_C0.01_balancedTrue
carlstrom_phyllosphere_2019,Leaf371,Leaf391,0,0.6969036304498597,logistic_score5_C0.01_balancedTrue
carlstrom_phyllosphere_2019,Leaf371,Leaf396,0,0.6135577528554788,logistic_score5_C0.01_balancedTrue
carlstrom_phyllosphere_2019,Leaf371,Leaf405,0,0.7041651880202915,logistic_score5_C0.01_balancedTrue
carlstrom_phyllosphere_2019,Leaf371,Leaf41,0,0.5670670527890987,logistic_score5_C0.01_balancedTrue
carlstrom_phyllosphere_2019,Leaf371,Leaf416,0,0.45749148794120553,logistic_score5_C0.01_balancedTrue
carlstrom_phyllosphere_2019,Leaf371,Leaf420,0,0.654070246142169,logistic_score5_C0.01_balancedTrue
carlstrom_phyllosphere_2019,Leaf371,Leaf427,0,0.5145401989994614,logistic_score5_C0.01_balancedTrue
carlstrom_phyllosphere_2019,Leaf371,Leaf443,0,0.699955612961476,logistic_score5_C0.01_balancedTrue
carlstrom_phyllosphere_2019,Leaf371,Leaf5,0,0.45789111068960436,logistic_score5_C0.01_balancedTrue
carlstrom_phyllosphere_2019,Leaf371,Leaf68,1,0.6982115317771624,logistic_score5_C0.01_balancedTrue
carlstrom_phyllosphere_2019,Leaf371,Leaf70,0,0.7708979732631485,logistic_score5_C0.01_balancedTrue
carlstrom_phyllosphere_2019,Leaf371,Leaf82,0,0.49502298399649985,logistic_score5_C0.01_balancedTrue
carlstrom_phyllosphere_2019,Leaf371,Leaf83,0,0.6963932640496653,logistic_score5_C0.01_balancedTrue
carlstrom_phyllosphere_2019,Leaf371,Leaf86,0,0.565485323488536,logistic_score5_C0.01_balancedTrue
carlstrom_phyllosphere_2019,Leaf371,Leaf88,0,0.695541577426796,logistic_score5_C0.01_balancedTrue
carlstrom_phyllosphere_2019,Leaf371,Leaf90,0,0.639357883321937,logistic_score5_C0.01_balancedTrue
carlstrom_phyllosphere_2019,Leaf380,Leaf391,0,0.5247878334469765,logistic_score5_C0.01_balancedTrue
carlstrom_phyllosphere_2019,Leaf380,Leaf405,0,0.6055110222006432,logistic_score5_C0.01_balancedTrue
carlstrom_phyllosphere_2019,Leaf380,Leaf416,0,0.5394176280764117,logistic_score5_C0.01_balancedTrue
carlstrom_phyllosphere_2019,Leaf380,Leaf420,0,0.6945177827410367,logistic_score5_C0.01_balancedTrue
carlstrom_phyllosphere_2019,Leaf380,Leaf68,0,0.5237839459127233,logistic_score5_C0.01_balancedTrue
carlstrom_phyllosphere_2019,Leaf380,Leaf83,1,0.635823665811589,logistic_score5_C0.01_balancedTrue
carlstrom_phyllosphere_2019,Leaf380,Leaf86,0,0.6871246375497445,logistic_score5_C0.01_balancedTrue
carlstrom_phyllosphere_2019,Leaf380,Leaf88,0,0.6223000798221174,logistic_score5_C0.01_balancedTrue
carlstrom_phyllosphere_2019,Leaf380,Leaf90,0,0.654252366891384,logistic_score5_C0.01_balancedTrue
carlstrom_phyllosphere_2019,Leaf391,Leaf396,0,0.4618902348300891,logistic_score5_C0.01_balancedTrue
carlstrom_phyllosphere_2019,Leaf391,Leaf405,0,0.5235831450803223,logistic_score5_C0.01_balancedTrue
carlstrom_phyllosphere_2019,Leaf391,Leaf41,0,0.5716068091323401,logistic_score5_C0.01_balancedTrue
carlstrom_phyllosphere_2019,Leaf391,Leaf416,0,0.46990270358796965,logistic_score5_C0.01_balancedTrue
carlstrom_phyllosphere_2019,Leaf391,Leaf420,0,0.5888590495892326,logistic_score5_C0.01_balancedTrue
carlstrom_phyllosphere_2019,Leaf391,Leaf427,0,0.6311510133227581,logistic_score5_C0.01_balancedTrue
carlstrom_phyllosphere_2019,Leaf391,Leaf443,0,0.6604172910167084,logistic_score5_C0.01_balancedTrue
carlstrom_phyllosphere_2019,Leaf391,Leaf5,0,0.5757413235597607,logistic_score5_C0.01_balancedTrue
carlstrom_phyllosphere_2019,Leaf391,Leaf68,1,0.690403414142267,logistic_score5_C0.01_balancedTrue
carlstrom_phyllosphere_2019,Leaf391,Leaf70,1,0.4811453505339031,logistic_score5_C0.01_balancedTrue
carlstrom_phyllosphere_2019,Leaf391,Leaf82,0,0.5573586871690821,logistic_score5_C0.01_balancedTrue
carlstrom_phyllosphere_2019,Leaf391,Leaf83,0,0.7395900261198665,logistic_score5_C0.01_balancedTrue
carlstrom_phyllosphere_2019,Leaf391,Leaf86,1,0.4841604932754372,logistic_score5_C0.01_balancedTrue
carlstrom_phyllosphere_2019,Leaf391,Leaf88,0,0.6859119107761167,logistic_score5_C0.01_balancedTrue
carlstrom_phyllosphere_2019,Leaf391,Leaf90,0,0.5577558581586043,logistic_score5_C0.01_balancedTrue
carlstrom_phyllosphere_2019,Leaf396,Leaf405,0,0.6796351009640065,logistic_score5_C0.01_balancedTrue
carlstrom_phyllosphere_2019,Leaf396,Leaf416,0,0.6072403076041875,logistic_score5_C0.01_balancedTrue
carlstrom_phyllosphere_2019,Leaf396,Leaf420,0,0.6005005860604609,logistic_score5_C0.01_balancedTrue
carlstrom_phyllosphere_2019,Leaf396,Leaf68,0,0.5941108935586563,logistic_score5_C0.01_balancedTrue
carlstrom_phyllosphere_2019,Leaf396,Leaf83,0,0.4670963609981359,logistic_score5_C0.01_balancedTrue
carlstrom_phyllosphere_2019,Leaf396,Leaf86,0,0.6436160022739777,logistic_score5_C0.01_balancedTrue
carlstrom_phyllosphere_2019,Leaf396,Leaf88,0,0.7090051075523545,logistic_score5_C0.01_balancedTrue
carlstrom_phyllosphere_2019,Leaf396,Leaf90,0,0.6419524411553128,logistic_score5_C0.01_balancedTrue
carlstrom_phyllosphere_2019,Leaf405,Leaf41,0,0.6992789127037786,logistic_score5_C0.01_balancedTrue
carlstrom_phyllosphere_2019,Leaf405,Leaf416,1,0.6791090458819489,logistic_score5_C0.01_balancedTrue
carlstrom_phyllosphere_2019,Leaf405,Leaf420,0,0.7085065950640703,logistic_score5_C0.01_balancedTrue
carlstrom_phyllosphere_2019,Leaf405,Leaf427,0,0.6886801020781688,logistic_score5_C0.01_balancedTrue
carlstrom_phyllosphere_2019,Leaf405,Leaf443,0,0.6247566640180934,logistic_score5_C0.01_balancedTrue
carlstrom_phyllosphere_2019,Leaf405,Leaf5,0,0.6883348094809285,logistic_score5_C0.01_balancedTrue
carlstrom_phyllosphere_2019,Leaf405,Leaf68,1,0.4936144002003211,logistic_score5_C0.01_balancedTrue
carlstrom_phyllosphere_2019,Leaf405,Leaf70,0,0.6668860790315121,logistic_score5_C0.01_balancedTrue
carlstrom_phyllosphere_2019,Leaf405,Leaf82,0,0.6350777342044631,logistic_score5_C0.01_balancedTrue
carlstrom_phyllosphere_2019,Leaf405,Leaf83,0,0.7128102755063619,logistic_score5_C0.01_balancedTrue
carlstrom_phyllosphere_2019,Leaf405,Leaf86,0,0.6885074819786771,logistic_score5_C0.01_balancedTrue
carlstrom_phyllosphere_2019,Leaf405,Leaf88,0,0.5020666409033337,logistic_score5_C0.01_balancedTrue
carlstrom_phyllosphere_2019,Leaf405,Leaf90,0,0.645091821029879,logistic_score5_C0.01_balancedTrue
carlstrom_phyllosphere_2019,Leaf41,Leaf416,0,0.49743787051297367,logistic_score5_C0.01_balancedTrue
carlstrom_phyllosphere_2019,Leaf41,Leaf420,0,0.7023171940663527,logistic_score5_C0.01_balancedTrue
carlstrom_phyllosphere_2019,Leaf41,Leaf68,1,0.671164122363444,logistic_score5_C0.01_balancedTrue
carlstrom_phyllosphere_2019,Leaf41,Leaf83,0,0.6033938619639753,logistic_score5_C0.01_balancedTrue
carlstrom_phyllosphere_2019,Leaf41,Leaf86,0,0.6700972351036518,logistic_score5_C0.01_balancedTrue
carlstrom_phyllosphere_2019,Leaf41,Leaf88,0,0.5362160214222462,logistic_score5_C0.01_balancedTrue
carlstrom_phyllosphere_2019,Leaf41,Leaf90,0,0.7183805105769007,logistic_score5_C0.01_balancedTrue
carlstrom_phyllosphere_2019,Leaf416,Leaf420,1,0.5344137877170474,logistic_score5_C0.01_balancedTrue
carlstrom_phyllosphere_2019,Leaf416,Leaf427,1,0.4940168433474683,logistic_score5_C0.01_balancedTrue
carlstrom_phyllosphere_2019,Leaf416,Leaf443,0,0.5513925964342253,logistic_score5_C0.01_balancedTrue
carlstrom_phyllosphere_2019,Leaf416,Leaf5,1,0.6008867664526351,logistic_score5_C0.01_balancedTrue
carlstrom_phyllosphere_2019,Leaf416,Leaf68,1,0.5736106269811577,logistic_score5_C0.01_balancedTrue
carlstrom_phyllosphere_2019,Leaf416,Leaf70,1,0.6702751717069491,logistic_score5_C0.01_balancedTrue
carlstrom_phyllosphere_2019,Leaf416,Leaf82,0,0.6160361142469084,logistic_score5_C0.01_balancedTrue
carlstrom_phyllosphere_2019,Leaf416,Leaf83,1,0.5326106550867918,logistic_score5_C0.01_balancedTrue
carlstrom_phyllosphere_2019,Leaf416,Leaf86,1,0.5972130506196518,logistic_score5_C0.01_balancedTrue
carlstrom_phyllosphere_2019,Leaf416,Leaf88,1,0.5761345439967511,logistic_score5_C0.01_balancedTrue
carlstrom_phyllosphere_2019,Leaf416,Leaf90,1,0.5456112633990108,logistic_score5_C0.01_balancedTrue
carlstrom_phyllosphere_2019,Leaf420,Leaf427,0,0.7043328572752158,logistic_score5_C0.01_balancedTrue
carlstrom_phyllosphere_2019,Leaf420,Leaf443,0,0.5173548584928411,logistic_score5_C0.01_balancedTrue
carlstrom_phyllosphere_2019,Leaf420,Leaf5,0,0.520972063974371,logistic_score5_C0.01_balancedTrue
carlstrom_phyllosphere_2019,Leaf420,Leaf68,1,0.6773522460542625,logistic_score5_C0.01_balancedTrue
carlstrom_phyllosphere_2019,Leaf420,Leaf70,0,0.5710153331579303,logistic_score5_C0.01_balancedTrue
carlstrom_phyllosphere_2019,Leaf420,Leaf82,0,0.6635818363231717,logistic_score5_C0.01_balancedTrue
carlstrom_phyllosphere_2019,Leaf420,Leaf83,0,0.6995847683513738,logistic_score5_C0.01_balancedTrue
carlstrom_phyllosphere_2019,Leaf420,Leaf86,0,0.6022374071540972,logistic_score5_C0.01_balancedTrue
carlstrom_phyllosphere_2019,Leaf420,Leaf88,0,0.7167490369592766,logistic_score5_C0.01_balancedTrue
carlstrom_phyllosphere_2019,Leaf420,Leaf90,0,0.586518305634936,logistic_score5_C0.01_balancedTrue
carlstrom_phyllosphere_2019,Leaf427,Leaf68,0,0.6482187586673348,logistic_score5_C0.01_balancedTrue
carlstrom_phyllosphere_2019,Leaf427,Leaf83,0,0.5775100533575453,logistic_score5_C0.01_balancedTrue
carlstrom_phyllosphere_2019,Leaf427,Leaf86,0,0.689197647666773,logistic_score5_C0.01_balancedTrue
carlstrom_phyllosphere_2019,Leaf427,Leaf88,0,0.70767462503029,logistic_score5_C0.01_balancedTrue
carlstrom_phyllosphere_2019,Leaf427,Leaf90,0,0.44951119112736615,logistic_score5_C0.01_balancedTrue
carlstrom_phyllosphere_2019,Leaf443,Leaf68,0,0.6113482267766732,logistic_score5_C0.01_balancedTrue
carlstrom_phyllosphere_2019,Leaf443,Leaf83,0,0.5221773293901972,logistic_score5_C0.01_balancedTrue
carlstrom_phyllosphere_2019,Leaf443,Leaf86,0,0.4515039933956716,logistic_score5_C0.01_balancedTrue
carlstrom_phyllosphere_2019,Leaf443,Leaf88,0,0.5950811373029206,logistic_score5_C0.01_balancedTrue
carlstrom_phyllosphere_2019,Leaf443,Leaf90,0,0.5249885871761092,logistic_score5_C0.01_balancedTrue
carlstrom_phyllosphere_2019,Leaf5,Leaf68,0,0.46008999083837576,logistic_score5_C0.01_balancedTrue
carlstrom_phyllosphere_2019,Leaf5,Leaf83,0,0.6049340038176255,logistic_score5_C0.01_balancedTrue
carlstrom_phyllosphere_2019,Leaf5,Leaf86,0,0.6921214514530526,logistic_score5_C0.01_balancedTrue
carlstrom_phyllosphere_2019,Leaf5,Leaf88,0,0.5476062965159199,logistic_score5_C0.01_balancedTrue
carlstrom_phyllosphere_2019,Leaf5,Leaf90,0,0.6888526697473439,logistic_score5_C0.01_balancedTrue
carlstrom_phyllosphere_2019,Leaf68,Leaf70,0,0.7157674137330741,logistic_score5_C0.01_balancedTrue
carlstrom_phyllosphere_2019,Leaf68,Leaf82,0,0.5619216001298254,logistic_score5_C0.01_balancedTrue
carlstrom_phyllosphere_2019,Leaf68,Leaf83,0,0.7182176205175017,logistic_score5_C0.01_balancedTrue
carlstrom_phyllosphere_2019,Leaf68,Leaf86,1,0.5688448642029872,logistic_score5_C0.01_balancedTrue
carlstrom_phyllosphere_2019,Leaf68,Leaf88,0,0.4723096625691277,logistic_score5_C0.01_balancedTrue
carlstrom_phyllosphere_2019,Leaf68,Leaf90,0,0.776683355628211,logistic_score5_C0.01_balancedTrue
carlstrom_phyllosphere_2019,Leaf70,Leaf83,0,0.7190314979738277,logistic_score5_C0.01_balancedTrue
carlstrom_phyllosphere_2019,Leaf70,Leaf86,0,0.6785825355092975,logistic_score5_C0.01_balancedTrue
carlstrom_phyllosphere_2019,Leaf70,Leaf88,0,0.598954618954732,logistic_score5_C0.01_balancedTrue
carlstrom_phyllosphere_2019,Leaf70,Leaf90,0,0.6513330368350041,logistic_score5_C0.01_balancedTrue
carlstrom_phyllosphere_2019,Leaf82,Leaf83,0,0.6549803972278674,logistic_score5_C0.01_balancedTrue
carlstrom_phyllosphere_2019,Leaf82,Leaf86,0,0.728019717001939,logistic_score5_C0.01_balancedTrue
carlstrom_phyllosphere_2019,Leaf82,Leaf88,0,0.6104993780971499,logistic_score5_C0.01_balancedTrue
carlstrom_phyllosphere_2019,Leaf82,Leaf90,0,0.6715193601590425,logistic_score5_C0.01_balancedTrue
carlstrom_phyllosphere_2019,Leaf83,Leaf86,0,0.6771762891921264,logistic_score5_C0.01_balancedTrue
carlstrom_phyllosphere_2019,Leaf83,Leaf88,0,0.6625803601327214,logistic_score5_C0.01_balancedTrue
carlstrom_phyllosphere_2019,Leaf83,Leaf90,0,0.5607322522993594,logistic_score5_C0.01_balancedTrue
carlstrom_phyllosphere_2019,Leaf86,Leaf88,1,0.6580663913829176,logistic_score5_C0.01_balancedTrue
carlstrom_phyllosphere_2019,Leaf86,Leaf90,1,0.7111595071029705,logistic_score5_C0.01_balancedTrue
carlstrom_phyllosphere_2019,Leaf88,Leaf90,1,0.4550949177901844,logistic_score5_C0.01_balancedTrue
schafer_phyllosphere_2022,Leaf10,Leaf129,0,0.5923704262279053,extra_score5_obs_depth2_leaf10
schafer_phyllosphere_2022,Leaf10,Leaf187,0,0.5813222414870974,extra_score5_obs_depth2_leaf10
schafer_phyllosphere_2022,Leaf10,Leaf220,0,0.5914825612098081,extra_score5_obs_depth2_leaf10
schafer_phyllosphere_2022,Leaf10,Leaf299,0,0.5913817332475143,extra_score5_obs_depth2_leaf10
schafer_phyllosphere_2022,Leaf10,Leaf33,0,0.5914825612098081,extra_score5_obs_depth2_leaf10
schafer_phyllosphere_2022,Leaf10,Leaf359,0,0.576084207709867,extra_score5_obs_depth2_leaf10
schafer_phyllosphere_2022,Leaf10,Leaf371,0,0.5909040320202908,extra_score5_obs_depth2_leaf10
schafer_phyllosphere_2022,Leaf10,Leaf405,0,0.5914825612098081,extra_score5_obs_depth2_leaf10
schafer_phyllosphere_2022,Leaf10,Leaf41,0,0.593291964552445,extra_score5_obs_depth2_leaf10
schafer_phyllosphere_2022,Leaf10,Leaf427,0,0.5914825612098081,extra_score5_obs_depth2_leaf10
schafer_phyllosphere_2022,Leaf10,Leaf61,0,0.5914825612098081,extra_score5_obs_depth2_leaf10
schafer_phyllosphere_2022,Leaf10,Leaf67,0,0.5914825612098081,extra_score5_obs_depth2_leaf10
schafer_phyllosphere_2022,Leaf10,Leaf88,0,0.5913817332475143,extra_score5_obs_depth2_leaf10
schafer_phyllosphere_2022,Leaf106,Leaf129,0,0.593408182200153,extra_score5_obs_depth2_leaf10
schafer_phyllosphere_2022,Leaf106,Leaf187,0,0.6123905361249589,extra_score5_obs_depth2_leaf10
schafer_phyllosphere_2022,Leaf106,Leaf220,0,0.5941587167712062,extra_score5_obs_depth2_leaf10
schafer_phyllosphere_2022,Leaf106,Leaf299,0,0.5941587167712062,extra_score5_obs_depth2_leaf10
schafer_phyllosphere_2022,Leaf106,Leaf33,0,0.5933073542378592,extra_score5_obs_depth2_leaf10
schafer_phyllosphere_2022,Leaf106,Leaf359,0,0.5775690149685303,extra_score5_obs_depth2_leaf10
schafer_phyllosphere_2022,Leaf106,Leaf371,0,0.5928296530106357,extra_score5_obs_depth2_leaf10
schafer_phyllosphere_2022,Leaf106,Leaf405,0,0.5933073542378592,extra_score5_obs_depth2_leaf10
schafer_phyllosphere_2022,Leaf106,Leaf41,0,0.5959681201138434,extra_score5_obs_depth2_leaf10
schafer_phyllosphere_2022,Leaf106,Leaf427,0,0.5941587167712062,extra_score5_obs_depth2_leaf10
schafer_phyllosphere_2022,Leaf106,Leaf61,0,0.6101878079466434,extra_score5_obs_depth2_leaf10
schafer_phyllosphere_2022,Leaf106,Leaf67,0,0.5942960472182501,extra_score5_obs_depth2_leaf10
schafer_phyllosphere_2022,Leaf106,Leaf88,0,0.593408182200153,extra_score5_obs_depth2_leaf10
schafer_phyllosphere_2022,Leaf122,Leaf129,0,0.5961680615004841,extra_score5_obs_depth2_leaf10
schafer_phyllosphere_2022,Leaf122,Leaf187,0,0.5860077417777734,extra_score5_obs_depth2_leaf10
schafer_phyllosphere_2022,Leaf122,Leaf220,0,0.5960672335381902,extra_score5_obs_depth2_leaf10
schafer_phyllosphere_2022,Leaf122,Leaf299,0,0.5961680615004841,extra_score5_obs_depth2_leaf10
schafer_phyllosphere_2022,Leaf122,Leaf33,0,0.5955895323109668,extra_score5_obs_depth2_leaf10
schafer_phyllosphere_2022,Leaf122,Leaf359,0,0.5768334483184858,extra_score5_obs_depth2_leaf10
schafer_phyllosphere_2022,Leaf122,Leaf371,0,0.5969185960715373,extra_score5_obs_depth2_leaf10
schafer_phyllosphere_2022,Leaf122,Leaf405,0,0.5960672335381902,extra_score5_obs_depth2_leaf10
schafer_phyllosphere_2022,Leaf122,Leaf41,0,0.5973989356536038,extra_score5_obs_depth2_leaf10
schafer_phyllosphere_2022,Leaf122,Leaf427,0,0.5970559265185812,extra_score5_obs_depth2_leaf10
schafer_phyllosphere_2022,Leaf122,Leaf61,0,0.5961680615004841,extra_score5_obs_depth2_leaf10
schafer_phyllosphere_2022,Leaf122,Leaf67,0,0.5955895323109668,extra_score5_obs_depth2_leaf10
schafer_phyllosphere_2022,Leaf122,Leaf88,1,0.6438760348656689,extra_score5_obs_depth2_leaf10
schafer_phyllosphere_2022,Leaf126,Leaf129,0,0.5923704262279053,extra_score5_obs_depth2_leaf10
schafer_phyllosphere_2022,Leaf126,Leaf187,0,0.5812221871867267,extra_score5_obs_depth2_leaf10
schafer_phyllosphere_2022,Leaf126,Leaf220,0,0.5922330957808615,extra_score5_obs_depth2_leaf10
schafer_phyllosphere_2022,Leaf126,Leaf299,0,0.5920764854033449,extra_score5_obs_depth2_leaf10
schafer_phyllosphere_2022,Leaf126,Leaf33,0,0.5923704262279053,extra_score5_obs_depth2_leaf10
schafer_phyllosphere_2022,Leaf126,Leaf359,0,0.5750955147294762,extra_score5_obs_depth2_leaf10
schafer_phyllosphere_2022,Leaf126,Leaf371,0,0.5922330957808615,extra_score5_obs_depth2_leaf10
schafer_phyllosphere_2022,Leaf126,Leaf405,0,0.5914825612098081,extra_score5_obs_depth2_leaf10
schafer_phyllosphere_2022,Leaf126,Leaf41,0,0.594279883870913,extra_score5_obs_depth2_leaf10
schafer_phyllosphere_2022,Leaf126,Leaf427,0,0.5923704262279053,extra_score5_obs_depth2_leaf10
schafer_phyllosphere_2022,Leaf126,Leaf61,0,0.592470480528276,extra_score5_obs_depth2_leaf10
schafer_phyllosphere_2022,Leaf126,Leaf67,0,0.5914825612098081,extra_score5_obs_depth2_leaf10
schafer_phyllosphere_2022,Leaf126,Leaf88,0,0.592470480528276,extra_score5_obs_depth2_leaf10
schafer_phyllosphere_2022,Leaf127,Leaf129,1,0.6211013899408596,extra_score5_obs_depth2_leaf10
schafer_phyllosphere_2022,Leaf127,Leaf187,0,0.5810848567396828,extra_score5_obs_depth2_leaf10
schafer_phyllosphere_2022,Leaf127,Leaf220,0,0.592470480528276,extra_score5_obs_depth2_leaf10
schafer_phyllosphere_2022,Leaf127,Leaf299,0,0.592470480528276,extra_score5_obs_depth2_leaf10
schafer_phyllosphere_2022,Leaf127,Leaf33,0,0.5908563925480896,extra_score5_obs_depth2_leaf10
schafer_phyllosphere_2022,Leaf127,Leaf359,0,0.576084207709867,extra_score5_obs_depth2_leaf10
schafer_phyllosphere_2022,Leaf127,Leaf371,0,0.5923704262279053,extra_score5_obs_depth2_leaf10
schafer_phyllosphere_2022,Leaf127,Leaf405,0,0.5922330957808615,extra_score5_obs_depth2_leaf10
schafer_phyllosphere_2022,Leaf127,Leaf41,0,0.5926657958907267,extra_score5_obs_depth2_leaf10
schafer_phyllosphere_2022,Leaf127,Leaf427,0,0.5910999325220523,extra_score5_obs_depth2_leaf10
schafer_phyllosphere_2022,Leaf127,Leaf61,0,0.5923704262279053,extra_score5_obs_depth2_leaf10
schafer_phyllosphere_2022,Leaf127,Leaf67,0,0.5923704262279053,extra_score5_obs_depth2_leaf10
schafer_phyllosphere_2022,Leaf127,Leaf88,0,0.6077076447315158,extra_score5_obs_depth2_leaf10
schafer_phyllosphere_2022,Leaf129,Leaf13,0,0.5922330957808615,extra_score5_obs_depth2_leaf10
schafer_phyllosphere_2022,Leaf129,Leaf130,0,0.6211013899408596,extra_score5_obs_depth2_leaf10
schafer_phyllosphere_2022,Leaf129,Leaf131,0,0.5914825612098081,extra_score5_obs_depth2_leaf10
schafer_phyllosphere_2022,Leaf129,Leaf132,0,0.592470480528276,extra_score5_obs_depth2_leaf10
schafer_phyllosphere_2022,Leaf129,Leaf137,0,0.5914825612098081,extra_score5_obs_depth2_leaf10
schafer_phyllosphere_2022,Leaf129,Leaf141,1,0.5914825612098081,extra_score5_obs_depth2_leaf10
schafer_phyllosphere_2022,Leaf129,Leaf145,0,0.592470480528276,extra_score5_obs_depth2_leaf10
schafer_phyllosphere_2022,Leaf129,Leaf15,1,0.624710677411031,extra_score5_obs_depth2_leaf10
schafer_phyllosphere_2022,Leaf129,Leaf151,0,0.5922330957808615,extra_score5_obs_depth2_leaf10
schafer_phyllosphere_2022,Leaf129,Leaf160,1,0.5919233749414898,extra_score5_obs_depth2_leaf10
schafer_phyllosphere_2022,Leaf129,Leaf161,0,0.5943961015186209,extra_score5_obs_depth2_leaf10
schafer_phyllosphere_2022,Leaf129,Leaf164,0,0.592470480528276,extra_score5_obs_depth2_leaf10
schafer_phyllosphere_2022,Leaf129,Leaf168,0,0.5913817332475143,extra_score5_obs_depth2_leaf10
schafer_phyllosphere_2022,Leaf129,Leaf17,0,0.5923704262279053,extra_score5_obs_depth2_leaf10
schafer_phyllosphere_2022,Leaf129,Leaf176,0,0.5922330957808615,extra_score5_obs_depth2_leaf10
schafer_phyllosphere_2022,Leaf129,Leaf177,0,0.5914825612098081,extra_score5_obs_depth2_leaf10
schafer_phyllosphere_2022,Leaf129,Leaf180,1,0.592470480528276,extra_score5_obs_depth2_leaf10
schafer_phyllosphere_2022,Leaf129,Leaf182,0,0.601172278684884,extra_score5_obs_depth2_leaf10
schafer_phyllosphere_2022,Leaf129,Leaf183,0,0.5913817332475143,extra_score5_obs_depth2_leaf10
schafer_phyllosphere_2022,Leaf129,Leaf185,0,0.6465843274616392,extra_score5_obs_depth2_leaf10
schafer_phyllosphere_2022,Leaf129,Leaf187,0,0.6525076417194294,extra_score5_obs_depth2_leaf10
schafer_phyllosphere_2022,Leaf129,Leaf189,0,0.5923704262279053,extra_score5_obs_depth2_leaf10
schafer_phyllosphere_2022,Leaf129,Leaf2,0,0.5909040320202908,extra_score5_obs_depth2_leaf10
schafer_phyllosphere_2022,Leaf129,Leaf201,0,0.5922330957808615,extra_score5_obs_depth2_leaf10
schafer_phyllosphere_2022,Leaf129,Leaf208,0,0.5923704262279053,extra_score5_obs_depth2_leaf10
schafer_phyllosphere_2022,Leaf129,Leaf21,0,0.5914825612098081,extra_score5_obs_depth2_leaf10
schafer_phyllosphere_2022,Leaf129,Leaf216,0,0.5914825612098081,extra_score5_obs_depth2_leaf10
schafer_phyllosphere_2022,Leaf129,Leaf220,0,0.7275876487421796,extra_score5_obs_depth2_leaf10
schafer_phyllosphere_2022,Leaf129,Leaf222,0,0.5922330957808615,extra_score5_obs_depth2_leaf10
schafer_phyllosphere_2022,Leaf129,Leaf226,1,0.5914825612098081,extra_score5_obs_depth2_leaf10
schafer_phyllosphere_2022,Leaf129,Leaf231,1,0.5914825612098081,extra_score5_obs_depth2_leaf10
schafer_phyllosphere_2022,Leaf129,Leaf233,1,0.5990626195761507,extra_score5_obs_depth2_leaf10
schafer_phyllosphere_2022,Leaf129,Leaf234,0,0.592470480528276,extra_score5_obs_depth2_leaf10
schafer_phyllosphere_2022,Leaf129,Leaf254,0,0.5922330957808615,extra_score5_obs_depth2_leaf10
schafer_phyllosphere_2022,Leaf129,Leaf257,0,0.5923704262279053,extra_score5_obs_depth2_leaf10
schafer_phyllosphere_2022,Leaf129,Leaf26,0,0.5913817332475143,extra_score5_obs_depth2_leaf10
schafer_phyllosphere_2022,Leaf129,Leaf261,0,0.5923704262279053,extra_score5_obs_depth2_leaf10
schafer_phyllosphere_2022,Leaf129,Leaf262,1,0.5961680615004841,extra_score5_obs_depth2_leaf10
schafer_phyllosphere_2022,Leaf129,Leaf264,0,0.5922330957808615,extra_score5_obs_depth2_leaf10
schafer_phyllosphere_2022,Leaf129,Leaf265,0,0.5923704262279053,extra_score5_obs_depth2_leaf10
schafer_phyllosphere_2022,Leaf129,Leaf267,0,0.5922330957808615,extra_score5_obs_depth2_leaf10
schafer_phyllosphere_2022,Leaf129,Leaf274,0,0.5922330957808615,extra_score5_obs_depth2_leaf10
schafer_phyllosphere_2022,Leaf129,Leaf28,0,0.5909040320202908,extra_score5_obs_depth2_leaf10
schafer_phyllosphere_2022,Leaf129,Leaf280,0,0.5914825612098081,extra_score5_obs_depth2_leaf10
schafer_phyllosphere_2022,Leaf129,Leaf288,0,0.5923704262279053,extra_score5_obs_depth2_leaf10
schafer_phyllosphere_2022,Leaf129,Leaf299,0,0.7275876487421796,extra_score5_obs_depth2_leaf10
schafer_phyllosphere_2022,Leaf129,Leaf3,0,0.5914825612098081,extra_score5_obs_depth2_leaf10
schafer_phyllosphere_2022,Leaf129,Leaf30,0,0.5908563925480896,extra_score5_obs_depth2_leaf10
schafer_phyllosphere_2022,Leaf129,Leaf304,0,0.5909040320202908,extra_score5_obs_depth2_leaf10
schafer_phyllosphere_2022,Leaf129,Leaf311,1,0.5961680615004841,extra_score5_obs_depth2_leaf10
schafer_phyllosphere_2022,Leaf129,Leaf313,0,0.7170336641929895,extra_score5_obs_depth2_leaf10
schafer_phyllosphere_2022,Leaf129,Leaf314,0,0.5923704262279053,extra_score5_obs_depth2_leaf10
schafer_phyllosphere_2022,Leaf129,Leaf32,0,0.5942960472182501,extra_score5_obs_depth2_leaf10
schafer_phyllosphere_2022,Leaf129,Leaf324,1,0.6262988252890543,extra_score5_obs_depth2_leaf10
schafer_phyllosphere_2022,Leaf129,Leaf326,0,0.5914825612098081,extra_score5_obs_depth2_leaf10
schafer_phyllosphere_2022,Leaf129,Leaf33,0,0.7152778851411986,extra_score5_obs_depth2_leaf10
schafer_phyllosphere_2022,Leaf129,Leaf334,0,0.592470480528276,extra_score5_obs_depth2_leaf10
schafer_phyllosphere_2022,Leaf129,Leaf335,0,0.6158422453226411,extra_score5_obs_depth2_leaf10
schafer_phyllosphere_2022,Leaf129,Leaf336,0,0.5913817332475143,extra_score5_obs_depth2_leaf10
schafer_phyllosphere_2022,Leaf129,Leaf337,1,0.5914825612098081,extra_score5_obs_depth2_leaf10
schafer_phyllosphere_2022,Leaf129,Leaf339,0,0.5922330957808615,extra_score5_obs_depth2_leaf10
schafer_phyllosphere_2022,Leaf129,Leaf34,0,0.6208424519314338,extra_score5_obs_depth2_leaf10
schafer_phyllosphere_2022,Leaf129,Leaf343,0,0.5923704262279053,extra_score5_obs_depth2_leaf10
schafer_phyllosphere_2022,Leaf129,Leaf344,0,0.5923704262279053,extra_score5_obs_depth2_leaf10
schafer_phyllosphere_2022,Leaf129,Leaf351,0,0.6198537589510429,extra_score5_obs_depth2_leaf10
schafer_phyllosphere_2022,Leaf129,Leaf354,0,0.592470480528276,extra_score5_obs_depth2_leaf10
schafer_phyllosphere_2022,Leaf129,Leaf357,0,0.5914825612098081,extra_score5_obs_depth2_leaf10
schafer_phyllosphere_2022,Leaf129,Leaf359,0,0.6059399991591461,extra_score5_obs_depth2_leaf10
schafer_phyllosphere_2022,Leaf129,Leaf361,0,0.5923704262279053,extra_score5_obs_depth2_leaf10
schafer_phyllosphere_2022,Leaf129,Leaf363,0,0.592470480528276,extra_score5_obs_depth2_leaf10
schafer_phyllosphere_2022,Leaf129,Leaf369,0,0.5913817332475143,extra_score5_obs_depth2_leaf10
schafer_phyllosphere_2022,Leaf129,Leaf380,0,0.5913817332475143,extra_score5_obs_depth2_leaf10
schafer_phyllosphere_2022,Leaf129,Leaf394,0,0.5922330957808615,extra_score5_obs_depth2_leaf10
schafer_phyllosphere_2022,Leaf129,Leaf396,0,0.5922330957808615,extra_score5_obs_depth2_leaf10
schafer_phyllosphere_2022,Leaf129,Leaf405,0,0.7169970202254673,extra_score5_obs_depth2_leaf10
schafer_phyllosphere_2022,Leaf129,Leaf406,0,0.5922330957808615,extra_score5_obs_depth2_leaf10
schafer_phyllosphere_2022,Leaf129,Leaf41,0,0.7143093326708789,extra_score5_obs_depth2_leaf10
schafer_phyllosphere_2022,Leaf129,Leaf412,0,0.5923704262279053,extra_score5_obs_depth2_leaf10
schafer_phyllosphere_2022,Leaf129,Leaf416,0,0.604594325325777,extra_score5_obs_depth2_leaf10
schafer_phyllosphere_2022,Leaf129,Leaf42,0,0.6311143318217945,extra_score5_obs_depth2_leaf10
schafer_phyllosphere_2022,Leaf129,Leaf420,0,0.5914825612098081,extra_score5_obs_depth2_leaf10
schafer_phyllosphere_2022,Leaf129,Leaf427,0,0.7146776565816434,extra_score5_obs_depth2_leaf10
schafer_phyllosphere_2022,Leaf129,Leaf443,0,0.5922330957808615,extra_score5_obs_depth2_leaf10
schafer_phyllosphere_2022,Leaf129,Leaf446,0,0.592470480528276,extra_score5_obs_depth2_leaf10
schafer_phyllosphere_2022,Leaf129,Leaf454,0,0.5914825612098081,extra_score5_obs_depth2_leaf10
schafer_phyllosphere_2022,Leaf129,Leaf456,0,0.5923704262279053,extra_score5_obs_depth2_leaf10
schafer_phyllosphere_2022,Leaf129,Leaf466,0,0.6302704855712554,extra_score5_obs_depth2_leaf10
schafer_phyllosphere_2022,Leaf129,Leaf49,0,0.5923704262279053,extra_score5_obs_depth2_leaf10
schafer_phyllosphere_2022,Leaf129,Leaf5,0,0.6253109059705865,extra_score5_obs_depth2_leaf10
schafer_phyllosphere_2022,Leaf129,Leaf50,0,0.5942960472182501,extra_score5_obs_depth2_leaf10
schafer_phyllosphere_2022,Leaf129,Leaf51,0,0.5923704262279053,extra_score5_obs_depth2_leaf10
schafer_phyllosphere_2022,Leaf129,Leaf53,0,0.5908563925480896,extra_score5_obs_depth2_leaf10
schafer_phyllosphere_2022,Leaf129,Leaf61,0,0.7322355697198992,extra_score5_obs_depth2_leaf10
schafer_phyllosphere_2022,Leaf129,Leaf62,0,0.603414897980573,extra_score5_obs_depth2_leaf10
schafer_phyllosphere_2022,Leaf129,Leaf64,0,0.592470480528276,extra_score5_obs_depth2_leaf10
schafer_phyllosphere_2022,Leaf129,Leaf67,0,0.7152778851411986,extra_score5_obs_depth2_leaf10
schafer_phyllosphere_2022,Leaf129,Leaf68,1,0.6362032070921946,extra_score5_obs_depth2_leaf10
schafer_phyllosphere_2022,Leaf129,Leaf69,0,0.5909040320202908,extra_score5_obs_depth2_leaf10
schafer_phyllosphere_2022,Leaf129,Leaf70,0,0.592470480528276,extra_score5_obs_depth2_leaf10
schafer_phyllosphere_2022,Leaf129,Leaf75,0,0.5922330957808615,extra_score5_obs_depth2_leaf10
schafer_phyllosphere_2022,Leaf129,Leaf78,0,0.5914825612098081,extra_score5_obs_depth2_leaf10
schafer_phyllosphere_2022,Leaf129,Leaf82,0,0.6252100780082925,extra_score5_obs_depth2_leaf10
schafer_phyllosphere_2022,Leaf129,Leaf83,0,0.5914825612098081,extra_score5_obs_depth2_leaf10
schafer_phyllosphere_2022,Leaf129,Leaf85,0,0.592673909512543,extra_score5_obs_depth2_leaf10
schafer_phyllosphere_2022,Leaf129,Leaf86,0,0.5942960472182501,extra_score5_obs_depth2_leaf10
schafer_phyllosphere_2022,Leaf129,Leaf87,0,0.6038454539883572,extra_score5_obs_depth2_leaf10
schafer_phyllosphere_2022,Leaf129,Leaf88,0,0.7297696819389597,extra_score5_obs_depth2_leaf10
schafer_phyllosphere_2022,Leaf129,Leaf90,0,0.6242557427855607,extra_score5_obs_depth2_leaf10
schafer_phyllosphere_2022,Leaf129,Leaf91,1,0.5919233749414898,extra_score5_obs_depth2_leaf10
schafer_phyllosphere_2022,Leaf129,Leaf99,0,0.6053614699696287,extra_score5_obs_depth2_leaf10
schafer_phyllosphere_2022,Leaf13,Leaf187,0,0.5810848567396828,extra_score5_obs_depth2_leaf10
schafer_phyllosphere_2022,Leaf13,Leaf220,0,0.5909040320202908,extra_score5_obs_depth2_leaf10
schafer_phyllosphere_2022,Leaf13,Leaf299,0,0.601172278684884,extra_score5_obs_depth2_leaf10
schafer_phyllosphere_2022,Leaf13,Leaf33,0,0.5914825612098081,extra_score5_obs_depth2_leaf10
schafer_phyllosphere_2022,Leaf13,Leaf359,0,0.576084207709867,extra_score5_obs_depth2_leaf10
schafer_phyllosphere_2022,Leaf13,Leaf371,0,0.6020601437029811,extra_score5_obs_depth2_leaf10
schafer_phyllosphere_2022,Leaf13,Leaf405,0,0.5923704262279053,extra_score5_obs_depth2_leaf10
schafer_phyllosphere_2022,Leaf13,Leaf41,0,0.593291964552445,extra_score5_obs_depth2_leaf10
schafer_phyllosphere_2022,Leaf13,Leaf427,0,0.5914825612098081,extra_score5_obs_depth2_leaf10
schafer_phyllosphere_2022,Leaf13,Leaf61,0,0.5923704262279053,extra_score5_obs_depth2_leaf10
schafer_phyllosphere_2022,Leaf13,Leaf67,0,0.592470480528276,extra_score5_obs_depth2_leaf10
schafer_phyllosphere_2022,Leaf13,Leaf88,0,0.5914825612098081,extra_score5_obs_depth2_leaf10
schafer_phyllosphere_2022,Leaf130,Leaf187,0,0.5812221871867267,extra_score5_obs_depth2_leaf10
schafer_phyllosphere_2022,Leaf130,Leaf220,0,0.5914825612098081,extra_score5_obs_depth2_leaf10
schafer_phyllosphere_2022,Leaf130,Leaf299,0,0.5922330957808615,extra_score5_obs_depth2_leaf10
schafer_phyllosphere_2022,Leaf130,Leaf33,0,0.592470480528276,extra_score5_obs_depth2_leaf10
schafer_phyllosphere_2022,Leaf130,Leaf359,0,0.5757902668853067,extra_score5_obs_depth2_leaf10
schafer_phyllosphere_2022,Leaf130,Leaf371,0,0.5922330957808615,extra_score5_obs_depth2_leaf10
schafer_phyllosphere_2022,Leaf130,Leaf405,0,0.5923704262279053,extra_score5_obs_depth2_leaf10
schafer_phyllosphere_2022,Leaf130,Leaf41,0,0.5941798295705422,extra_score5_obs_depth2_leaf10
schafer_phyllosphere_2022,Leaf130,Leaf427,0,0.5913817332475143,extra_score5_obs_depth2_leaf10
schafer_phyllosphere_2022,Leaf130,Leaf61,0,0.5922330957808615,extra_score5_obs_depth2_leaf10
schafer_phyllosphere_2022,Leaf130,Leaf67,0,0.5914825612098081,extra_score5_obs_depth2_leaf10
schafer_phyllosphere_2022,Leaf130,Leaf88,0,0.5909040320202908,extra_score5_obs_depth2_leaf10
schafer_phyllosphere_2022,Leaf131,Leaf187,0,0.5812221871867267,extra_score5_obs_depth2_leaf10
schafer_phyllosphere_2022,Leaf131,Leaf220,0,0.5914825612098081,extra_score5_obs_depth2_leaf10
schafer_phyllosphere_2022,Leaf131,Leaf299,0,0.5922330957808615,extra_score5_obs_depth2_leaf10
schafer_phyllosphere_2022,Leaf131,Leaf33,0,0.5914825612098081,extra_score5_obs_depth2_leaf10
schafer_phyllosphere_2022,Leaf131,Leaf359,0,0.5737143963806983,extra_score5_obs_depth2_leaf10
schafer_phyllosphere_2022,Leaf131,Leaf371,0,0.5914825612098081,extra_score5_obs_depth2_leaf10
schafer_phyllosphere_2022,Leaf131,Leaf405,0,0.592470480528276,extra_score5_obs_depth2_leaf10
schafer_phyllosphere_2022,Leaf131,Leaf41,0,0.593291964552445,extra_score5_obs_depth2_leaf10
schafer_phyllosphere_2022,Leaf131,Leaf427,0,0.5914825612098081,extra_score5_obs_depth2_leaf10
schafer_phyllosphere_2022,Leaf131,Leaf61,0,0.624710677411031,extra_score5_obs_depth2_leaf10
schafer_phyllosphere_2022,Leaf131,Leaf67,0,0.6211013899408596,extra_score5_obs_depth2_leaf10
schafer_phyllosphere_2022,Leaf131,Leaf88,0,0.6063082416562079,extra_score5_obs_depth2_leaf10
schafer_phyllosphere_2022,Leaf132,Leaf187,0,0.5802334942063357,extra_score5_obs_depth2_leaf10
schafer_phyllosphere_2022,Leaf132,Leaf220,0,0.5913817332475143,extra_score5_obs_depth2_leaf10
schafer_phyllosphere_2022,Leaf132,Leaf299,0,0.5914825612098081,extra_score5_obs_depth2_leaf10
schafer_phyllosphere_2022,Leaf132,Leaf33,0,0.5923704262279053,extra_score5_obs_depth2_leaf10
schafer_phyllosphere_2022,Leaf132,Leaf359,0,0.5759468772628232,extra_score5_obs_depth2_leaf10
schafer_phyllosphere_2022,Leaf132,Leaf371,0,0.592470480528276,extra_score5_obs_depth2_leaf10
schafer_phyllosphere_2022,Leaf132,Leaf405,0,0.592470480528276,extra_score5_obs_depth2_leaf10
schafer_phyllosphere_2022,Leaf132,Leaf41,0,0.594279883870913,extra_score5_obs_depth2_leaf10
schafer_phyllosphere_2022,Leaf132,Leaf427,0,0.5914825612098081,extra_score5_obs_depth2_leaf10
schafer_phyllosphere_2022,Leaf132,Leaf61,0,0.5914825612098081,extra_score5_obs_depth2_leaf10
schafer_phyllosphere_2022,Leaf132,Leaf67,0,0.5922330957808615,extra_score5_obs_depth2_leaf10
schafer_phyllosphere_2022,Leaf132,Leaf88,0,0.5908563925480896,extra_score5_obs_depth2_leaf10
schafer_phyllosphere_2022,Leaf137,Leaf220,0,0.5923704262279053,extra_score5_obs_depth2_leaf10
schafer_phyllosphere_2022,Leaf137,Leaf299,0,0.5914825612098081,extra_score5_obs_depth2_leaf10
schafer_phyllosphere_2022,Leaf137,Leaf33,0,0.5923704262279053,extra_score5_obs_depth2_leaf10
schafer_phyllosphere_2022,Leaf137,Leaf359,0,0.5757902668853067,extra_score5_obs_depth2_leaf10
schafer_phyllosphere_2022,Leaf137,Leaf371,0,0.5914825612098081,extra_score5_obs_depth2_leaf10
schafer_phyllosphere_2022,Leaf137,Leaf405,0,0.592470480528276,extra_score5_obs_depth2_leaf10
schafer_phyllosphere_2022,Leaf137,Leaf41,0,0.5927134353629278,extra_score5_obs_depth2_leaf10
schafer_phyllosphere_2022,Leaf137,Leaf427,0,0.5923704262279053,extra_score5_obs_depth2_leaf10
schafer_phyllosphere_2022,Leaf137,Leaf61,0,0.5922330957808615,extra_score5_obs_depth2_leaf10
schafer_phyllosphere_2022,Leaf137,Leaf67,0,0.592470480528276,extra_score5_obs_depth2_leaf10
schafer_phyllosphere_2022,Leaf137,Leaf88,0,0.5914825612098081,extra_score5_obs_depth2_leaf10
schafer_phyllosphere_2022,Leaf141,Leaf187,0,0.5810848567396828,extra_score5_obs_depth2_leaf10
schafer_phyllosphere_2022,Leaf141,Leaf220,0,0.5914825612098081,extra_score5_obs_depth2_leaf10
schafer_phyllosphere_2022,Leaf141,Leaf299,0,0.5923704262279053,extra_score5_obs_depth2_leaf10
schafer_phyllosphere_2022,Leaf141,Leaf33,0,0.5922330957808615,extra_score5_obs_depth2_leaf10
schafer_phyllosphere_2022,Leaf141,Leaf359,0,0.576084207709867,extra_score5_obs_depth2_leaf10
schafer_phyllosphere_2022,Leaf141,Leaf371,0,0.5914825612098081,extra_score5_obs_depth2_leaf10
schafer_phyllosphere_2022,Leaf141,Leaf405,0,0.5923704262279053,extra_score5_obs_depth2_leaf10
schafer_phyllosphere_2022,Leaf141,Leaf41,0,0.593291964552445,extra_score5_obs_depth2_leaf10
schafer_phyllosphere_2022,Leaf141,Leaf427,0,0.5909040320202908,extra_score5_obs_depth2_leaf10
schafer_phyllosphere_2022,Leaf141,Leaf61,0,0.5914825612098081,extra_score5_obs_depth2_leaf10
schafer_phyllosphere_2022,Leaf141,Leaf67,0,0.5922330957808615,extra_score5_obs_depth2_leaf10
schafer_phyllosphere_2022,Leaf141,Leaf88,0,0.5914825612098081,extra_score5_obs_depth2_leaf10
schafer_phyllosphere_2022,Leaf145,Leaf187,0,0.5810848567396828,extra_score5_obs_depth2_leaf10
schafer_phyllosphere_2022,Leaf145,Leaf220,0,0.6171609646260685,extra_score5_obs_depth2_leaf10
schafer_phyllosphere_2022,Leaf145,Leaf299,0,0.592470480528276,extra_score5_obs_depth2_leaf10
schafer_phyllosphere_2022,Leaf145,Leaf33,0,0.5923704262279053,extra_score5_obs_depth2_leaf10
schafer_phyllosphere_2022,Leaf145,Leaf359,0,0.5737143963806983,extra_score5_obs_depth2_leaf10
schafer_phyllosphere_2022,Leaf145,Leaf371,0,0.5914825612098081,extra_score5_obs_depth2_leaf10
schafer_phyllosphere_2022,Leaf145,Leaf405,0,0.5923704262279053,extra_score5_obs_depth2_leaf10
schafer_phyllosphere_2022,Leaf145,Leaf41,0,0.5941798295705422,extra_score5_obs_depth2_leaf10
schafer_phyllosphere_2022,Leaf145,Leaf427,0,0.5923704262279053,extra_score5_obs_depth2_leaf10
schafer_phyllosphere_2022,Leaf145,Leaf61,0,0.592470480528276,extra_score5_obs_depth2_leaf10
schafer_phyllosphere_2022,Leaf145,Leaf67,0,0.592470480528276,extra_score5_obs_depth2_leaf10
schafer_phyllosphere_2022,Leaf145,Leaf88,0,0.6090127215273518,extra_score5_obs_depth2_leaf10
schafer_phyllosphere_2022,Leaf15,Leaf220,0,0.5923704262279053,extra_score5_obs_depth2_leaf10
schafer_phyllosphere_2022,Leaf15,Leaf299,0,0.5913817332475143,extra_score5_obs_depth2_leaf10
schafer_phyllosphere_2022,Leaf15,Leaf33,0,0.5914825612098081,extra_score5_obs_depth2_leaf10
schafer_phyllosphere_2022,Leaf15,Leaf359,0,0.576084207709867,extra_score5_obs_depth2_leaf10
schafer_phyllosphere_2022,Leaf15,Leaf371,0,0.5909040320202908,extra_score5_obs_depth2_leaf10
schafer_phyllosphere_2022,Leaf15,Leaf405,0,0.5913817332475143,extra_score5_obs_depth2_leaf10
schafer_phyllosphere_2022,Leaf15,Leaf41,0,0.594279883870913,extra_score5_obs_depth2_leaf10
schafer_phyllosphere_2022,Leaf15,Leaf427,0,0.5923704262279053,extra_score5_obs_depth2_leaf10
schafer_phyllosphere_2022,Leaf15,Leaf61,0,0.5914825612098081,extra_score5_obs_depth2_leaf10
schafer_phyllosphere_2022,Leaf15,Leaf67,0,0.592470480528276,extra_score5_obs_depth2_leaf10
schafer_phyllosphere_2022,Leaf15,Leaf88,0,0.5923704262279053,extra_score5_obs_depth2_leaf10
schafer_phyllosphere_2022,Leaf151,Leaf187,0,0.5812221871867267,extra_score5_obs_depth2_leaf10
schafer_phyllosphere_2022,Leaf151,Leaf220,0,0.5914825612098081,extra_score5_obs_depth2_leaf10
schafer_phyllosphere_2022,Leaf151,Leaf299,0,0.5914825612098081,extra_score5_obs_depth2_leaf10
schafer_phyllosphere_2022,Leaf151,Leaf33,0,0.5914825612098081,extra_score5_obs_depth2_leaf10
schafer_phyllosphere_2022,Leaf151,Leaf359,0,0.5757902668853067,extra_score5_obs_depth2_leaf10
schafer_phyllosphere_2022,Leaf151,Leaf371,0,0.5923704262279053,extra_score5_obs_depth2_leaf10
schafer_phyllosphere_2022,Leaf151,Leaf405,0,0.5923704262279053,extra_score5_obs_depth2_leaf10
schafer_phyllosphere_2022,Leaf151,Leaf41,0,0.594279883870913,extra_score5_obs_depth2_leaf10
schafer_phyllosphere_2022,Leaf151,Leaf427,0,0.5914825612098081,extra_score5_obs_depth2_leaf10
schafer_phyllosphere_2022,Leaf151,Leaf61,0,0.5913817332475143,extra_score5_obs_depth2_leaf10
schafer_phyllosphere_2022,Leaf151,Leaf67,0,0.5913817332475143,extra_score5_obs_depth2_leaf10
schafer_phyllosphere_2022,Leaf151,Leaf88,0,0.5913817332475143,extra_score5_obs_depth2_leaf10
schafer_phyllosphere_2022,Leaf160,Leaf187,0,0.5788523758575579,extra_score5_obs_depth2_leaf10
schafer_phyllosphere_2022,Leaf160,Leaf220,1,0.5919233749414898,extra_score5_obs_depth2_leaf10
schafer_phyllosphere_2022,Leaf160,Leaf299,0,0.5919233749414898,extra_score5_obs_depth2_leaf10
schafer_phyllosphere_2022,Leaf160,Leaf33,0,0.5928112399595868,extra_score5_obs_depth2_leaf10
schafer_phyllosphere_2022,Leaf160,Leaf359,0,0.577209842331074,extra_score5_obs_depth2_leaf10
schafer_phyllosphere_2022,Leaf160,Leaf371,0,0.5919233749414898,extra_score5_obs_depth2_leaf10
schafer_phyllosphere_2022,Leaf160,Leaf405,0,0.5928112399595868,extra_score5_obs_depth2_leaf10
schafer_phyllosphere_2022,Leaf160,Leaf41,0,0.5936319503218329,extra_score5_obs_depth2_leaf10
schafer_phyllosphere_2022,Leaf160,Leaf427,0,0.5928112399595868,extra_score5_obs_depth2_leaf10
schafer_phyllosphere_2022,Leaf160,Leaf61,0,0.5928112399595868,extra_score5_obs_depth2_leaf10
schafer_phyllosphere_2022,Leaf160,Leaf67,0,0.5928112399595868,extra_score5_obs_depth2_leaf10
schafer_phyllosphere_2022,Leaf160,Leaf88,0,0.6094535352590333,extra_score5_obs_depth2_leaf10
schafer_phyllosphere_2022,Leaf161,Leaf187,0,0.5828070487457607,extra_score5_obs_depth2_leaf10
schafer_phyllosphere_2022,Leaf161,Leaf220,0,0.593408182200153,extra_score5_obs_depth2_leaf10
schafer_phyllosphere_2022,Leaf161,Leaf33,0,0.5933073542378592,extra_score5_obs_depth2_leaf10
schafer_phyllosphere_2022,Leaf161,Leaf359,0,0.5751992036393616,extra_score5_obs_depth2_leaf10
schafer_phyllosphere_2022,Leaf161,Leaf371,0,0.5933073542378592,extra_score5_obs_depth2_leaf10
schafer_phyllosphere_2022,Leaf161,Leaf405,0,0.5933073542378592,extra_score5_obs_depth2_leaf10
schafer_phyllosphere_2022,Leaf161,Leaf41,0,0.596205504861258,extra_score5_obs_depth2_leaf10
schafer_phyllosphere_2022,Leaf161,Leaf427,0,0.5933073542378592,extra_score5_obs_depth2_leaf10
schafer_phyllosphere_2022,Leaf161,Leaf61,0,0.5941587167712062,extra_score5_obs_depth2_leaf10
schafer_phyllosphere_2022,Leaf161,Leaf67,0,0.5941587167712062,extra_score5_obs_depth2_leaf10
schafer_phyllosphere_2022,Leaf161,Leaf88,0,0.5941587167712062,extra_score5_obs_depth2_leaf10
schafer_phyllosphere_2022,Leaf164,Leaf187,0,0.5812221871867267,extra_score5_obs_depth2_leaf10
schafer_phyllosphere_2022,Leaf164,Leaf220,0,0.5920764854033449,extra_score5_obs_depth2_leaf10
schafer_phyllosphere_2022,Leaf164,Leaf299,0,0.5923704262279053,extra_score5_obs_depth2_leaf10
schafer_phyllosphere_2022,Leaf164,Leaf33,0,0.5923704262279053,extra_score5_obs_depth2_leaf10
schafer_phyllosphere_2022,Leaf164,Leaf359,0,0.5737143963806983,extra_score5_obs_depth2_leaf10
schafer_phyllosphere_2022,Leaf164,Leaf371,0,0.5908563925480896,extra_score5_obs_depth2_leaf10
schafer_phyllosphere_2022,Leaf164,Leaf405,0,0.5923704262279053,extra_score5_obs_depth2_leaf10
schafer_phyllosphere_2022,Leaf164,Leaf41,0,0.5941798295705422,extra_score5_obs_depth2_leaf10
schafer_phyllosphere_2022,Leaf164,Leaf427,0,0.5923704262279053,extra_score5_obs_depth2_leaf10
schafer_phyllosphere_2022,Leaf164,Leaf61,0,0.5909040320202908,extra_score5_obs_depth2_leaf10
schafer_phyllosphere_2022,Leaf164,Leaf67,0,0.5913817332475143,extra_score5_obs_depth2_leaf10
schafer_phyllosphere_2022,Leaf164,Leaf88,0,0.6092501062747664,extra_score5_obs_depth2_leaf10
schafer_phyllosphere_2022,Leaf168,Leaf187,0,0.6066457125265096,extra_score5_obs_depth2_leaf10
schafer_phyllosphere_2022,Leaf168,Leaf220,0,0.5922330957808615,extra_score5_obs_depth2_leaf10
schafer_phyllosphere_2022,Leaf168,Leaf299,0,0.5923704262279053,extra_score5_obs_depth2_leaf10
schafer_phyllosphere_2022,Leaf168,Leaf33,0,0.5908563925480896,extra_score5_obs_depth2_leaf10
schafer_phyllosphere_2022,Leaf168,Leaf359,0,0.576084207709867,extra_score5_obs_depth2_leaf10
schafer_phyllosphere_2022,Leaf168,Leaf371,0,0.5913817332475143,extra_score5_obs_depth2_leaf10
schafer_phyllosphere_2022,Leaf168,Leaf405,0,0.5914825612098081,extra_score5_obs_depth2_leaf10
schafer_phyllosphere_2022,Leaf168,Leaf41,0,0.5940424991234984,extra_score5_obs_depth2_leaf10
schafer_phyllosphere_2022,Leaf168,Leaf427,0,0.5923704262279053,extra_score5_obs_depth2_leaf10
schafer_phyllosphere_2022,Leaf168,Leaf61,0,0.5923704262279053,extra_score5_obs_depth2_leaf10
schafer_phyllosphere_2022,Leaf168,Leaf67,0,0.6063082416562079,extra_score5_obs_depth2_leaf10
schafer_phyllosphere_2022,Leaf168,Leaf88,0,0.592470480528276,extra_score5_obs_depth2_leaf10
schafer_phyllosphere_2022,Leaf17,Leaf220,0,0.5913817332475143,extra_score5_obs_depth2_leaf10
schafer_phyllosphere_2022,Leaf17,Leaf299,0,0.5922330957808615,extra_score5_obs_depth2_leaf10
schafer_phyllosphere_2022,Leaf17,Leaf33,0,0.5923704262279053,extra_score5_obs_depth2_leaf10
schafer_phyllosphere_2022,Leaf17,Leaf359,0,0.5759468772628232,extra_score5_obs_depth2_leaf10
schafer_phyllosphere_2022,Leaf17,Leaf371,0,0.5923704262279053,extra_score5_obs_depth2_leaf10
schafer_phyllosphere_2022,Leaf17,Leaf405,0,0.5909040320202908,extra_score5_obs_depth2_leaf10
schafer_phyllosphere_2022,Leaf17,Leaf41,0,0.5940424991234984,extra_score5_obs_depth2_leaf10
schafer_phyllosphere_2022,Leaf17,Leaf427,0,0.5922330957808615,extra_score5_obs_depth2_leaf10
schafer_phyllosphere_2022,Leaf17,Leaf61,0,0.5913817332475143,extra_score5_obs_depth2_leaf10
schafer_phyllosphere_2022,Leaf17,Leaf67,0,0.5922330957808615,extra_score5_obs_depth2_leaf10
schafer_phyllosphere_2022,Leaf17,Leaf88,0,0.6167634483833462,extra_score5_obs_depth2_leaf10
schafer_phyllosphere_2022,Leaf176,Leaf220,0,0.592470480528276,extra_score5_obs_depth2_leaf10
schafer_phyllosphere_2022,Leaf176,Leaf299,0,0.5923704262279053,extra_score5_obs_depth2_leaf10
schafer_phyllosphere_2022,Leaf176,Leaf33,0,0.592470480528276,extra_score5_obs_depth2_leaf10
schafer_phyllosphere_2022,Leaf176,Leaf359,0,0.5737143963806983,extra_score5_obs_depth2_leaf10
schafer_phyllosphere_2022,Leaf176,Leaf371,0,0.592470480528276,extra_score5_obs_depth2_leaf10
schafer_phyllosphere_2022,Leaf176,Leaf405,0,0.5922330957808615,extra_score5_obs_depth2_leaf10
schafer_phyllosphere_2022,Leaf176,Leaf41,0,0.5941798295705422,extra_score5_obs_depth2_leaf10
schafer_phyllosphere_2022,Leaf176,Leaf427,0,0.592470480528276,extra_score5_obs_depth2_leaf10
schafer_phyllosphere_2022,Leaf176,Leaf67,0,0.592470480528276,extra_score5_obs_depth2_leaf10
schafer_phyllosphere_2022,Leaf176,Leaf88,0,0.5923704262279053,extra_score5_obs_depth2_leaf10
schafer_phyllosphere_2022,Leaf177,Leaf187,0,0.5810848567396828,extra_score5_obs_depth2_leaf10
schafer_phyllosphere_2022,Leaf177,Leaf220,0,0.5914825612098081,extra_score5_obs_depth2_leaf10
schafer_phyllosphere_2022,Leaf177,Leaf299,0,0.5914825612098081,extra_score5_obs_depth2_leaf10
schafer_phyllosphere_2022,Leaf177,Leaf33,0,0.5913817332475143,extra_score5_obs_depth2_leaf10
schafer_phyllosphere_2022,Leaf177,Leaf359,0,0.5750955147294762,extra_score5_obs_depth2_leaf10
schafer_phyllosphere_2022,Leaf177,Leaf371,0,0.5914825612098081,extra_score5_obs_depth2_leaf10
schafer_phyllosphere_2022,Leaf177,Leaf405,0,0.592470480528276,extra_score5_obs_depth2_leaf10
schafer_phyllosphere_2022,Leaf177,Leaf41,0,0.593291964552445,extra_score5_obs_depth2_leaf10
schafer_phyllosphere_2022,Leaf177,Leaf427,0,0.5922330957808615,extra_score5_obs_depth2_leaf10
schafer_phyllosphere_2022,Leaf177,Leaf61,0,0.5914825612098081,extra_score5_obs_depth2_leaf10
schafer_phyllosphere_2022,Leaf177,Leaf67,0,0.6091500519743956,extra_score5_obs_depth2_leaf10
schafer_phyllosphere_2022,Leaf177,Leaf88,0,0.6090127215273518,extra_score5_obs_depth2_leaf10
schafer_phyllosphere_2022,Leaf180,Leaf187,0,0.5813222414870974,extra_score5_obs_depth2_leaf10
schafer_phyllosphere_2022,Leaf180,Leaf220,0,0.5913817332475143,extra_score5_obs_depth2_leaf10
schafer_phyllosphere_2022,Leaf180,Leaf299,0,0.5923704262279053,extra_score5_obs_depth2_leaf10
schafer_phyllosphere_2022,Leaf180,Leaf33,0,0.5914825612098081,extra_score5_obs_depth2_leaf10
schafer_phyllosphere_2022,Leaf180,Leaf359,0,0.5759468772628232,extra_score5_obs_depth2_leaf10
schafer_phyllosphere_2022,Leaf180,Leaf371,0,0.5922330957808615,extra_score5_obs_depth2_leaf10
schafer_phyllosphere_2022,Leaf180,Leaf405,0,0.5910999325220523,extra_score5_obs_depth2_leaf10
schafer_phyllosphere_2022,Leaf180,Leaf41,0,0.5940424991234984,extra_score5_obs_depth2_leaf10
schafer_phyllosphere_2022,Leaf180,Leaf427,0,0.5923704262279053,extra_score5_obs_depth2_leaf10
schafer_phyllosphere_2022,Leaf180,Leaf61,0,0.5923704262279053,extra_score5_obs_depth2_leaf10
schafer_phyllosphere_2022,Leaf180,Leaf67,0,0.592470480528276,extra_score5_obs_depth2_leaf10
schafer_phyllosphere_2022,Leaf180,Leaf88,0,0.5922330957808615,extra_score5_obs_depth2_leaf10
schafer_phyllosphere_2022,Leaf182,Leaf187,0,0.5802334942063357,extra_score5_obs_depth2_leaf10
schafer_phyllosphere_2022,Leaf182,Leaf220,0,0.5914825612098081,extra_score5_obs_depth2_leaf10
schafer_phyllosphere_2022,Leaf182,Leaf299,0,0.6021601980033519,extra_score5_obs_depth2_leaf10
schafer_phyllosphere_2022,Leaf182,Leaf33,0,0.5923704262279053,extra_score5_obs_depth2_leaf10
schafer_phyllosphere_2022,Leaf182,Leaf359,0,0.5761842620102379,extra_score5_obs_depth2_leaf10
schafer_phyllosphere_2022,Leaf182,Leaf371,0,0.5914825612098081,extra_score5_obs_depth2_leaf10
schafer_phyllosphere_2022,Leaf182,Leaf405,0,0.5913817332475143,extra_score5_obs_depth2_leaf10
schafer_phyllosphere_2022,Leaf182,Leaf41,0,0.5940424991234984,extra_score5_obs_depth2_leaf10
schafer_phyllosphere_2022,Leaf182,Leaf427,0,0.601172278684884,extra_score5_obs_depth2_leaf10
schafer_phyllosphere_2022,Leaf182,Leaf61,0,0.5914825612098081,extra_score5_obs_depth2_leaf10
schafer_phyllosphere_2022,Leaf182,Leaf67,0,0.5914825612098081,extra_score5_obs_depth2_leaf10
schafer_phyllosphere_2022,Leaf182,Leaf88,0,0.5914825612098081,extra_score5_obs_depth2_leaf10
schafer_phyllosphere_2022,Leaf183,Leaf187,0,0.5790482763593194,extra_score5_obs_depth2_leaf10
schafer_phyllosphere_2022,Leaf183,Leaf220,0,0.5923704262279053,extra_score5_obs_depth2_leaf10
schafer_phyllosphere_2022,Leaf183,Leaf299,0,0.5914825612098081,extra_score5_obs_depth2_leaf10
schafer_phyllosphere_2022,Leaf183,Leaf33,0,0.5914825612098081,extra_score5_obs_depth2_leaf10
schafer_phyllosphere_2022,Leaf183,Leaf359,0,0.576084207709867,extra_score5_obs_depth2_leaf10
schafer_phyllosphere_2022,Leaf183,Leaf371,0,0.5914825612098081,extra_score5_obs_depth2_leaf10
schafer_phyllosphere_2022,Leaf183,Leaf405,0,0.5914825612098081,extra_score5_obs_depth2_leaf10
schafer_phyllosphere_2022,Leaf183,Leaf41,0,0.593291964552445,extra_score5_obs_depth2_leaf10
schafer_phyllosphere_2022,Leaf183,Leaf427,0,0.5914825612098081,extra_score5_obs_depth2_leaf10
schafer_phyllosphere_2022,Leaf183,Leaf61,0,0.5923704262279053,extra_score5_obs_depth2_leaf10
schafer_phyllosphere_2022,Leaf183,Leaf67,0,0.5914825612098081,extra_score5_obs_depth2_leaf10
schafer_phyllosphere_2022,Leaf183,Leaf88,0,0.5922330957808615,extra_score5_obs_depth2_leaf10
schafer_phyllosphere_2022,Leaf185,Leaf187,0,0.6253617550294714,extra_score5_obs_depth2_leaf10
schafer_phyllosphere_2022,Leaf185,Leaf220,0,0.6471845560211943,extra_score5_obs_depth2_leaf10
schafer_phyllosphere_2022,Leaf185,Leaf299,0,0.6680533542724143,extra_score5_obs_depth2_leaf10
schafer_phyllosphere_2022,Leaf185,Leaf33,0,0.6626196746444893,extra_score5_obs_depth2_leaf10
schafer_phyllosphere_2022,Leaf185,Leaf359,0,0.6003113400114518,extra_score5_obs_depth2_leaf10
schafer_phyllosphere_2022,Leaf185,Leaf371,0,0.6471845560211943,extra_score5_obs_depth2_leaf10
schafer_phyllosphere_2022,Leaf185,Leaf405,0,0.6471845560211943,extra_score5_obs_depth2_leaf10
schafer_phyllosphere_2022,Leaf185,Leaf41,0,0.6477612467258805,extra_score5_obs_depth2_leaf10
schafer_phyllosphere_2022,Leaf185,Leaf427,0,0.6465843274616392,extra_score5_obs_depth2_leaf10
schafer_phyllosphere_2022,Leaf185,Leaf61,0,0.662019446084934,extra_score5_obs_depth2_leaf10
schafer_phyllosphere_2022,Leaf185,Leaf67,0,0.6489036911054629,extra_score5_obs_depth2_leaf10
schafer_phyllosphere_2022,Leaf185,Leaf88,0,0.6471845560211943,extra_score5_obs_depth2_leaf10
schafer_phyllosphere_2022,Leaf187,Leaf189,0,0.62318866414703,extra_score5_obs_depth2_leaf10
schafer_phyllosphere_2022,Leaf187,Leaf2,0,0.5810848567396828,extra_score5_obs_depth2_leaf10
schafer_phyllosphere_2022,Leaf187,Leaf201,0,0.5797557929791122,extra_score5_obs_depth2_leaf10
schafer_phyllosphere_2022,Leaf187,Leaf203,0,0.5842734427982784,extra_score5_obs_depth2_leaf10
schafer_phyllosphere_2022,Leaf187,Leaf208,0,0.5812221871867267,extra_score5_obs_depth2_leaf10
schafer_phyllosphere_2022,Leaf187,Leaf216,0,0.5813222414870974,extra_score5_obs_depth2_leaf10
schafer_phyllosphere_2022,Leaf187,Leaf220,0,0.6546896749162096,extra_score5_obs_depth2_leaf10
schafer_phyllosphere_2022,Leaf187,Leaf222,0,0.5813222414870974,extra_score5_obs_depth2_leaf10
schafer_phyllosphere_2022,Leaf187,Leaf225,0,0.5828070487457607,extra_score5_obs_depth2_leaf10
schafer_phyllosphere_2022,Leaf187,Leaf226,0,0.5810848567396828,extra_score5_obs_depth2_leaf10
schafer_phyllosphere_2022,Leaf187,Leaf231,0,0.5813222414870974,extra_score5_obs_depth2_leaf10
schafer_phyllosphere_2022,Leaf187,Leaf233,0,0.6059372189685631,extra_score5_obs_depth2_leaf10
schafer_phyllosphere_2022,Leaf187,Leaf242,0,0.5903120210766043,extra_score5_obs_depth2_leaf10
schafer_phyllosphere_2022,Leaf187,Leaf254,0,0.5802334942063357,extra_score5_obs_depth2_leaf10
schafer_phyllosphere_2022,Leaf187,Leaf257,0,0.5813222414870974,extra_score5_obs_depth2_leaf10
schafer_phyllosphere_2022,Leaf187,Leaf26,0,0.5788523758575579,extra_score5_obs_depth2_leaf10
schafer_phyllosphere_2022,Leaf187,Leaf261,0,0.5813222414870974,extra_score5_obs_depth2_leaf10
schafer_phyllosphere_2022,Leaf187,Leaf262,0,0.5857703570303587,extra_score5_obs_depth2_leaf10
schafer_phyllosphere_2022,Leaf187,Leaf263,0,0.5812221871867267,extra_score5_obs_depth2_leaf10
schafer_phyllosphere_2022,Leaf187,Leaf264,0,0.5797081535069111,extra_score5_obs_depth2_leaf10
schafer_phyllosphere_2022,Leaf187,Leaf265,0,0.6093392805134071,extra_score5_obs_depth2_leaf10
schafer_phyllosphere_2022,Leaf187,Leaf267,0,0.5812221871867267,extra_score5_obs_depth2_leaf10
schafer_phyllosphere_2022,Leaf187,Leaf28,0,0.5797557929791122,extra_score5_obs_depth2_leaf10
schafer_phyllosphere_2022,Leaf187,Leaf280,0,0.5810848567396828,extra_score5_obs_depth2_leaf10
schafer_phyllosphere_2022,Leaf187,Leaf288,0,0.5810848567396828,extra_score5_obs_depth2_leaf10
schafer_phyllosphere_2022,Leaf187,Leaf289,0,0.6391889417772189,extra_score5_obs_depth2_leaf10
schafer_phyllosphere_2022,Leaf187,Leaf299,0,0.6525076417194294,extra_score5_obs_depth2_leaf10
schafer_phyllosphere_2022,Leaf187,Leaf3,0,0.5812221871867267,extra_score5_obs_depth2_leaf10
schafer_phyllosphere_2022,Leaf187,Leaf30,0,0.5810848567396828,extra_score5_obs_depth2_leaf10
schafer_phyllosphere_2022,Leaf187,Leaf304,0,0.5813222414870974,extra_score5_obs_depth2_leaf10
schafer_phyllosphere_2022,Leaf187,Leaf306,0,0.5926171688140638,extra_score5_obs_depth2_leaf10
schafer_phyllosphere_2022,Leaf187,Leaf311,0,0.5849189944970116,extra_score5_obs_depth2_leaf10
schafer_phyllosphere_2022,Leaf187,Leaf313,0,0.6531078702789848,extra_score5_obs_depth2_leaf10
schafer_phyllosphere_2022,Leaf187,Leaf314,0,0.6147956538710276,extra_score5_obs_depth2_leaf10
schafer_phyllosphere_2022,Leaf187,Leaf32,0,0.5828070487457607,extra_score5_obs_depth2_leaf10
schafer_phyllosphere_2022,Leaf187,Leaf324,0,0.5802334942063357,extra_score5_obs_depth2_leaf10
schafer_phyllosphere_2022,Leaf187,Leaf326,0,0.5813222414870974,extra_score5_obs_depth2_leaf10
schafer_phyllosphere_2022,Leaf187,Leaf33,0,0.6531078702789848,extra_score5_obs_depth2_leaf10
schafer_phyllosphere_2022,Leaf187,Leaf334,0,0.5812221871867267,extra_score5_obs_depth2_leaf10
schafer_phyllosphere_2022,Leaf187,Leaf335,0,0.5860077417777734,extra_score5_obs_depth2_leaf10
schafer_phyllosphere_2022,Leaf187,Leaf336,0,0.5813222414870974,extra_score5_obs_depth2_leaf10
schafer_phyllosphere_2022,Leaf187,Leaf337,0,0.5802334942063357,extra_score5_obs_depth2_leaf10
schafer_phyllosphere_2022,Leaf187,Leaf339,0,0.5797557929791122,extra_score5_obs_depth2_leaf10
schafer_phyllosphere_2022,Leaf187,Leaf34,0,0.5812221871867267,extra_score5_obs_depth2_leaf10
schafer_phyllosphere_2022,Leaf187,Leaf343,0,0.5812221871867267,extra_score5_obs_depth2_leaf10
schafer_phyllosphere_2022,Leaf187,Leaf344,0,0.5812221871867267,extra_score5_obs_depth2_leaf10
schafer_phyllosphere_2022,Leaf187,Leaf354,0,0.5812221871867267,extra_score5_obs_depth2_leaf10
schafer_phyllosphere_2022,Leaf187,Leaf357,0,0.5813222414870974,extra_score5_obs_depth2_leaf10
schafer_phyllosphere_2022,Leaf187,Leaf359,0,0.5982293335033853,extra_score5_obs_depth2_leaf10
schafer_phyllosphere_2022,Leaf187,Leaf363,0,0.5812221871867267,extra_score5_obs_depth2_leaf10
schafer_phyllosphere_2022,Leaf187,Leaf369,0,0.5813222414870974,extra_score5_obs_depth2_leaf10
schafer_phyllosphere_2022,Leaf187,Leaf371,0,0.6531078702789848,extra_score5_obs_depth2_leaf10
schafer_phyllosphere_2022,Leaf187,Leaf380,0,0.5802334942063357,extra_score5_obs_depth2_leaf10
schafer_phyllosphere_2022,Leaf187,Leaf391,0,0.5901746906295604,extra_score5_obs_depth2_leaf10
schafer_phyllosphere_2022,Leaf187,Leaf394,0,0.5810848567396828,extra_score5_obs_depth2_leaf10
schafer_phyllosphere_2022,Leaf187,Leaf396,0,0.5797557929791122,extra_score5_obs_depth2_leaf10
schafer_phyllosphere_2022,Leaf187,Leaf405,0,0.6531078702789848,extra_score5_obs_depth2_leaf10
schafer_phyllosphere_2022,Leaf187,Leaf41,0,0.6558359547837672,extra_score5_obs_depth2_leaf10
schafer_phyllosphere_2022,Leaf187,Leaf412,0,0.5813222414870974,extra_score5_obs_depth2_leaf10
schafer_phyllosphere_2022,Leaf187,Leaf416,0,0.6244140029832305,extra_score5_obs_depth2_leaf10
schafer_phyllosphere_2022,Leaf187,Leaf42,0,0.614966393236795,extra_score5_obs_depth2_leaf10
schafer_phyllosphere_2022,Leaf187,Leaf420,0,0.5788523758575579,extra_score5_obs_depth2_leaf10
schafer_phyllosphere_2022,Leaf187,Leaf427,0,0.6531078702789848,extra_score5_obs_depth2_leaf10
schafer_phyllosphere_2022,Leaf187,Leaf434,0,0.5985334737300407,extra_score5_obs_depth2_leaf10
schafer_phyllosphere_2022,Leaf187,Leaf446,0,0.5790482763593194,extra_score5_obs_depth2_leaf10
schafer_phyllosphere_2022,Leaf187,Leaf454,0,0.5812221871867267,extra_score5_obs_depth2_leaf10
schafer_phyllosphere_2022,Leaf187,Leaf456,0,0.5812221871867267,extra_score5_obs_depth2_leaf10
schafer_phyllosphere_2022,Leaf187,Leaf466,0,0.6157976316821213,extra_score5_obs_depth2_leaf10
schafer_phyllosphere_2022,Leaf187,Leaf49,0,0.5813222414870974,extra_score5_obs_depth2_leaf10
schafer_phyllosphere_2022,Leaf187,Leaf5,0,0.5810848567396828,extra_score5_obs_depth2_leaf10
schafer_phyllosphere_2022,Leaf187,Leaf50,0,0.5827069944453899,extra_score5_obs_depth2_leaf10
schafer_phyllosphere_2022,Leaf187,Leaf51,0,0.5813222414870974,extra_score5_obs_depth2_leaf10
schafer_phyllosphere_2022,Leaf187,Leaf53,0,0.5812221871867267,extra_score5_obs_depth2_leaf10
schafer_phyllosphere_2022,Leaf187,Leaf58,0,0.6147956538710276,extra_score5_obs_depth2_leaf10
schafer_phyllosphere_2022,Leaf187,Leaf61,0,0.6531078702789848,extra_score5_obs_depth2_leaf10
schafer_phyllosphere_2022,Leaf187,Leaf62,0,0.5926171688140638,extra_score5_obs_depth2_leaf10
schafer_phyllosphere_2022,Leaf187,Leaf64,0,0.5810848567396828,extra_score5_obs_depth2_leaf10
schafer_phyllosphere_2022,Leaf187,Leaf67,0,0.6548270053632534,extra_score5_obs_depth2_leaf10
schafer_phyllosphere_2022,Leaf187,Leaf68,0,0.5939483485172005,extra_score5_obs_depth2_leaf10
schafer_phyllosphere_2022,Leaf187,Leaf69,0,0.5812221871867267,extra_score5_obs_depth2_leaf10
schafer_phyllosphere_2022,Leaf187,Leaf70,0,0.5812221871867267,extra_score5_obs_depth2_leaf10
schafer_phyllosphere_2022,Leaf187,Leaf75,0,0.5812221871867267,extra_score5_obs_depth2_leaf10
schafer_phyllosphere_2022,Leaf187,Leaf76,0,0.5886259324252491,extra_score5_obs_depth2_leaf10
schafer_phyllosphere_2022,Leaf187,Leaf78,0,0.5812221871867267,extra_score5_obs_depth2_leaf10
schafer_phyllosphere_2022,Leaf187,Leaf83,0,0.5812221871867267,extra_score5_obs_depth2_leaf10
schafer_phyllosphere_2022,Leaf187,Leaf85,0,0.5802334942063357,extra_score5_obs_depth2_leaf10
schafer_phyllosphere_2022,Leaf187,Leaf86,0,0.5803371831162212,extra_score5_obs_depth2_leaf10
schafer_phyllosphere_2022,Leaf187,Leaf87,0,0.5911031351342483,extra_score5_obs_depth2_leaf10
schafer_phyllosphere_2022,Leaf187,Leaf88,0,0.6698476280805024,extra_score5_obs_depth2_leaf10
schafer_phyllosphere_2022,Leaf187,Leaf90,0,0.592434314837385,extra_score5_obs_depth2_leaf10
schafer_phyllosphere_2022,Leaf187,Leaf91,0,0.5812221871867267,extra_score5_obs_depth2_leaf10
schafer_phyllosphere_2022,Leaf187,Leaf99,0,0.5946174182605708,extra_score5_obs_depth2_leaf10
schafer_phyllosphere_2022,Leaf189,Leaf220,0,0.5914825612098081,extra_score5_obs_depth2_leaf10
schafer_phyllosphere_2022,Leaf189,Leaf299,0,0.601172278684884,extra_score5_obs_depth2_leaf10
schafer_phyllosphere_2022,Leaf189,Leaf33,0,0.5923704262279053,extra_score5_obs_depth2_leaf10
schafer_phyllosphere_2022,Leaf189,Leaf359,0,0.576084207709867,extra_score5_obs_depth2_leaf10
schafer_phyllosphere_2022,Leaf189,Leaf371,0,0.5922330957808615,extra_score5_obs_depth2_leaf10
schafer_phyllosphere_2022,Leaf189,Leaf405,0,0.5923704262279053,extra_score5_obs_depth2_leaf10
schafer_phyllosphere_2022,Leaf189,Leaf41,0,0.5940424991234984,extra_score5_obs_depth2_leaf10
schafer_phyllosphere_2022,Leaf189,Leaf427,0,0.5909040320202908,extra_score5_obs_depth2_leaf10
schafer_phyllosphere_2022,Leaf189,Leaf61,0,0.5922330957808615,extra_score5_obs_depth2_leaf10
schafer_phyllosphere_2022,Leaf189,Leaf67,0,0.5914825612098081,extra_score5_obs_depth2_leaf10
schafer_phyllosphere_2022,Leaf189,Leaf88,0,0.5909040320202908,extra_score5_obs_depth2_leaf10
schafer_phyllosphere_2022,Leaf2,Leaf220,0,0.5914825612098081,extra_score5_obs_depth2_leaf10
schafer_phyllosphere_2022,Leaf2,Leaf299,0,0.5914825612098081,extra_score5_obs_depth2_leaf10
schafer_phyllosphere_2022,Leaf2,Leaf33,0,0.5923704262279053,extra_score5_obs_depth2_leaf10
schafer_phyllosphere_2022,Leaf2,Leaf359,0,0.576084207709867,extra_score5_obs_depth2_leaf10
schafer_phyllosphere_2022,Leaf2,Leaf371,0,0.5914825612098081,extra_score5_obs_depth2_leaf10
schafer_phyllosphere_2022,Leaf2,Leaf405,0,0.5922330957808615,extra_score5_obs_depth2_leaf10
schafer_phyllosphere_2022,Leaf2,Leaf41,0,0.594279883870913,extra_score5_obs_depth2_leaf10
schafer_phyllosphere_2022,Leaf2,Leaf427,0,0.5914825612098081,extra_score5_obs_depth2_leaf10
schafer_phyllosphere_2022,Leaf2,Leaf61,0,0.5914825612098081,extra_score5_obs_depth2_leaf10
schafer_phyllosphere_2022,Leaf2,Leaf67,0,0.5914825612098081,extra_score5_obs_depth2_leaf10
schafer_phyllosphere_2022,Leaf2,Leaf88,0,0.592470480528276,extra_score5_obs_depth2_leaf10
schafer_phyllosphere_2022,Leaf201,Leaf220,0,0.5910999325220523,extra_score5_obs_depth2_leaf10
schafer_phyllosphere_2022,Leaf201,Leaf299,0,0.5923704262279053,extra_score5_obs_depth2_leaf10
schafer_phyllosphere_2022,Leaf201,Leaf33,1,0.6076619583967431,extra_score5_obs_depth2_leaf10
schafer_phyllosphere_2022,Leaf201,Leaf359,0,0.576084207709867,extra_score5_obs_depth2_leaf10
schafer_phyllosphere_2022,Leaf201,Leaf371,0,0.5909040320202908,extra_score5_obs_depth2_leaf10
schafer_phyllosphere_2022,Leaf201,Leaf405,1,0.5914825612098081,extra_score5_obs_depth2_leaf10
schafer_phyllosphere_2022,Leaf201,Leaf41,0,0.594279883870913,extra_score5_obs_depth2_leaf10
schafer_phyllosphere_2022,Leaf201,Leaf427,0,0.5909040320202908,extra_score5_obs_depth2_leaf10
schafer_phyllosphere_2022,Leaf201,Leaf61,0,0.5920764854033449,extra_score5_obs_depth2_leaf10
schafer_phyllosphere_2022,Leaf201,Leaf67,0,0.5909040320202908,extra_score5_obs_depth2_leaf10
schafer_phyllosphere_2022,Leaf201,Leaf88,0,0.6091500519743956,extra_score5_obs_depth2_leaf10
schafer_phyllosphere_2022,Leaf203,Leaf220,0,0.5939076481596414,extra_score5_obs_depth2_leaf10
schafer_phyllosphere_2022,Leaf203,Leaf33,0,0.6123013618863181,extra_score5_obs_depth2_leaf10
schafer_phyllosphere_2022,Leaf203,Leaf359,0,0.5942869851472465,extra_score5_obs_depth2_leaf10
schafer_phyllosphere_2022,Leaf203,Leaf371,0,0.5952843513924131,extra_score5_obs_depth2_leaf10
schafer_phyllosphere_2022,Leaf203,Leaf405,0,0.6113134425678503,extra_score5_obs_depth2_leaf10
schafer_phyllosphere_2022,Leaf203,Leaf41,0,0.5970937547350502,extra_score5_obs_depth2_leaf10
schafer_phyllosphere_2022,Leaf203,Leaf427,0,0.595421681839457,extra_score5_obs_depth2_leaf10
schafer_phyllosphere_2022,Leaf203,Leaf61,0,0.5945338168213599,extra_score5_obs_depth2_leaf10
schafer_phyllosphere_2022,Leaf203,Leaf67,0,0.5945338168213599,extra_score5_obs_depth2_leaf10
schafer_phyllosphere_2022,Leaf203,Leaf88,0,0.6113134425678503,extra_score5_obs_depth2_leaf10
schafer_phyllosphere_2022,Leaf208,Leaf220,0,0.5923704262279053,extra_score5_obs_depth2_leaf10
schafer_phyllosphere_2022,Leaf208,Leaf299,0,0.5909040320202908,extra_score5_obs_depth2_leaf10
schafer_phyllosphere_2022,Leaf208,Leaf33,0,0.592470480528276,extra_score5_obs_depth2_leaf10
schafer_phyllosphere_2022,Leaf208,Leaf359,0,0.576084207709867,extra_score5_obs_depth2_leaf10
schafer_phyllosphere_2022,Leaf208,Leaf371,0,0.5923704262279053,extra_score5_obs_depth2_leaf10
schafer_phyllosphere_2022,Leaf208,Leaf405,0,0.5922330957808615,extra_score5_obs_depth2_leaf10
schafer_phyllosphere_2022,Leaf208,Leaf41,0,0.593291964552445,extra_score5_obs_depth2_leaf10
schafer_phyllosphere_2022,Leaf208,Leaf427,0,0.592470480528276,extra_score5_obs_depth2_leaf10
schafer_phyllosphere_2022,Leaf208,Leaf61,0,0.5922330957808615,extra_score5_obs_depth2_leaf10
schafer_phyllosphere_2022,Leaf208,Leaf67,0,0.5914825612098081,extra_score5_obs_depth2_leaf10
schafer_phyllosphere_2022,Leaf208,Leaf88,0,0.5909040320202908,extra_score5_obs_depth2_leaf10
schafer_phyllosphere_2022,Leaf21,Leaf220,0,0.6253109059705865,extra_score5_obs_depth2_leaf10
schafer_phyllosphere_2022,Leaf21,Leaf299,0,0.5922330957808615,extra_score5_obs_depth2_leaf10
schafer_phyllosphere_2022,Leaf21,Leaf33,0,0.6092501062747664,extra_score5_obs_depth2_leaf10
schafer_phyllosphere_2022,Leaf21,Leaf359,0,0.5759468772628232,extra_score5_obs_depth2_leaf10
schafer_phyllosphere_2022,Leaf21,Leaf371,0,0.6470953716628932,extra_score5_obs_depth2_leaf10
schafer_phyllosphere_2022,Leaf21,Leaf405,0,0.5923704262279053,extra_score5_obs_depth2_leaf10
schafer_phyllosphere_2022,Leaf21,Leaf41,0,0.5941798295705422,extra_score5_obs_depth2_leaf10
schafer_phyllosphere_2022,Leaf21,Leaf427,0,0.6247323767810691,extra_score5_obs_depth2_leaf10
schafer_phyllosphere_2022,Leaf21,Leaf61,0,0.624684737308868,extra_score5_obs_depth2_leaf10
schafer_phyllosphere_2022,Leaf21,Leaf67,0,0.5920764854033449,extra_score5_obs_depth2_leaf10
schafer_phyllosphere_2022,Leaf21,Leaf88,0,0.6260614405416397,extra_score5_obs_depth2_leaf10
schafer_phyllosphere_2022,Leaf216,Leaf220,0,0.5922330957808615,extra_score5_obs_depth2_leaf10
schafer_phyllosphere_2022,Leaf216,Leaf299,0,0.5914825612098081,extra_score5_obs_depth2_leaf10
schafer_phyllosphere_2022,Leaf216,Leaf33,0,0.601172278684884,extra_score5_obs_depth2_leaf10
schafer_phyllosphere_2022,Leaf216,Leaf359,0,0.5750955147294762,extra_score5_obs_depth2_leaf10
schafer_phyllosphere_2022,Leaf216,Leaf371,0,0.5914825612098081,extra_score5_obs_depth2_leaf10
schafer_phyllosphere_2022,Leaf216,Leaf405,0,0.5922330957808615,extra_score5_obs_depth2_leaf10
schafer_phyllosphere_2022,Leaf216,Leaf41,0,0.593291964552445,extra_score5_obs_depth2_leaf10
schafer_phyllosphere_2022,Leaf216,Leaf427,0,0.5914825612098081,extra_score5_obs_depth2_leaf10
schafer_phyllosphere_2022,Leaf216,Leaf61,0,0.5914825612098081,extra_score5_obs_depth2_leaf10
schafer_phyllosphere_2022,Leaf216,Leaf67,0,0.5914825612098081,extra_score5_obs_depth2_leaf10
schafer_phyllosphere_2022,Leaf216,Leaf88,0,0.5922330957808615,extra_score5_obs_depth2_leaf10
schafer_phyllosphere_2022,Leaf220,Leaf222,0,0.5914825612098081,extra_score5_obs_depth2_leaf10
schafer_phyllosphere_2022,Leaf220,Leaf225,0,0.5943961015186209,extra_score5_obs_depth2_leaf10
schafer_phyllosphere_2022,Leaf220,Leaf226,0,0.5923704262279053,extra_score5_obs_depth2_leaf10
schafer_phyllosphere_2022,Leaf220,Leaf231,0,0.5914825612098081,extra_score5_obs_depth2_leaf10
schafer_phyllosphere_2022,Leaf220,Leaf233,0,0.6138883000225505,extra_score5_obs_depth2_leaf10
schafer_phyllosphere_2022,Leaf220,Leaf234,0,0.5922330957808615,extra_score5_obs_depth2_leaf10
schafer_phyllosphere_2022,Leaf220,Leaf242,0,0.6023816028470145,extra_score5_obs_depth2_leaf10
schafer_phyllosphere_2022,Leaf220,Leaf254,0,0.5923704262279053,extra_score5_obs_depth2_leaf10
schafer_phyllosphere_2022,Leaf220,Leaf257,0,0.5922330957808615,extra_score5_obs_depth2_leaf10
schafer_phyllosphere_2022,Leaf220,Leaf26,0,0.5909040320202908,extra_score5_obs_depth2_leaf10
schafer_phyllosphere_2022,Leaf220,Leaf261,0,0.5923704262279053,extra_score5_obs_depth2_leaf10
schafer_phyllosphere_2022,Leaf220,Leaf262,1,0.5961680615004841,extra_score5_obs_depth2_leaf10
schafer_phyllosphere_2022,Leaf220,Leaf263,0,0.5913817332475143,extra_score5_obs_depth2_leaf10
schafer_phyllosphere_2022,Leaf220,Leaf264,0,0.5923704262279053,extra_score5_obs_depth2_leaf10
schafer_phyllosphere_2022,Leaf220,Leaf265,0,0.5908823326502528,extra_score5_obs_depth2_leaf10
schafer_phyllosphere_2022,Leaf220,Leaf267,0,0.592470480528276,extra_score5_obs_depth2_leaf10
schafer_phyllosphere_2022,Leaf220,Leaf274,0,0.6178364898266127,extra_score5_obs_depth2_leaf10
schafer_phyllosphere_2022,Leaf220,Leaf28,0,0.5923704262279053,extra_score5_obs_depth2_leaf10
schafer_phyllosphere_2022,Leaf220,Leaf280,0,0.5914825612098081,extra_score5_obs_depth2_leaf10
schafer_phyllosphere_2022,Leaf220,Leaf288,0,0.5922330957808615,extra_score5_obs_depth2_leaf10
schafer_phyllosphere_2022,Leaf220,Leaf289,0,0.6640776854059949,extra_score5_obs_depth2_leaf10
schafer_phyllosphere_2022,Leaf220,Leaf299,0,0.7165374747924567,extra_score5_obs_depth2_leaf10
schafer_phyllosphere_2022,Leaf220,Leaf3,0,0.5914825612098081,extra_score5_obs_depth2_leaf10
schafer_phyllosphere_2022,Leaf220,Leaf30,0,0.5909040320202908,extra_score5_obs_depth2_leaf10
schafer_phyllosphere_2022,Leaf220,Leaf304,0,0.592470480528276,extra_score5_obs_depth2_leaf10
schafer_phyllosphere_2022,Leaf220,Leaf306,0,0.6025270329624759,extra_score5_obs_depth2_leaf10
schafer_phyllosphere_2022,Leaf220,Leaf311,0,0.5961680615004841,extra_score5_obs_depth2_leaf10
schafer_phyllosphere_2022,Leaf220,Leaf313,0,0.7294474669529929,extra_score5_obs_depth2_leaf10
schafer_phyllosphere_2022,Leaf220,Leaf314,0,0.5913817332475143,extra_score5_obs_depth2_leaf10
schafer_phyllosphere_2022,Leaf220,Leaf32,0,0.5941587167712062,extra_score5_obs_depth2_leaf10
schafer_phyllosphere_2022,Leaf220,Leaf324,0,0.5913817332475143,extra_score5_obs_depth2_leaf10
schafer_phyllosphere_2022,Leaf220,Leaf326,0,0.5922330957808615,extra_score5_obs_depth2_leaf10
schafer_phyllosphere_2022,Leaf220,Leaf33,0,0.7294474669529929,extra_score5_obs_depth2_leaf10
schafer_phyllosphere_2022,Leaf220,Leaf334,0,0.5913817332475143,extra_score5_obs_depth2_leaf10
schafer_phyllosphere_2022,Leaf220,Leaf335,0,0.6158422453226411,extra_score5_obs_depth2_leaf10
schafer_phyllosphere_2022,Leaf220,Leaf336,0,0.5923704262279053,extra_score5_obs_depth2_leaf10
schafer_phyllosphere_2022,Leaf220,Leaf337,0,0.6253109059705865,extra_score5_obs_depth2_leaf10
schafer_phyllosphere_2022,Leaf220,Leaf339,0,0.5914825612098081,extra_score5_obs_depth2_leaf10
schafer_phyllosphere_2022,Leaf220,Leaf34,0,0.5909040320202908,extra_score5_obs_depth2_leaf10
schafer_phyllosphere_2022,Leaf220,Leaf343,0,0.5922330957808615,extra_score5_obs_depth2_leaf10
schafer_phyllosphere_2022,Leaf220,Leaf344,0,0.5923704262279053,extra_score5_obs_depth2_leaf10
schafer_phyllosphere_2022,Leaf220,Leaf351,0,0.5914825612098081,extra_score5_obs_depth2_leaf10
schafer_phyllosphere_2022,Leaf220,Leaf354,0,0.5914825612098081,extra_score5_obs_depth2_leaf10
schafer_phyllosphere_2022,Leaf220,Leaf357,0,0.5914825612098081,extra_score5_obs_depth2_leaf10
schafer_phyllosphere_2022,Leaf220,Leaf359,0,0.6055573704713902,extra_score5_obs_depth2_leaf10
schafer_phyllosphere_2022,Leaf220,Leaf361,0,0.5914825612098081,extra_score5_obs_depth2_leaf10
schafer_phyllosphere_2022,Leaf220,Leaf363,0,0.5922330957808615,extra_score5_obs_depth2_leaf10
schafer_phyllosphere_2022,Leaf220,Leaf369,0,0.5923704262279053,extra_score5_obs_depth2_leaf10
schafer_phyllosphere_2022,Leaf220,Leaf371,0,0.735283492075689,extra_score5_obs_depth2_leaf10
schafer_phyllosphere_2022,Leaf220,Leaf380,0,0.6397907631345483,extra_score5_obs_depth2_leaf10
schafer_phyllosphere_2022,Leaf220,Leaf391,0,0.6023816028470145,extra_score5_obs_depth2_leaf10
schafer_phyllosphere_2022,Leaf220,Leaf394,0,0.5914825612098081,extra_score5_obs_depth2_leaf10
schafer_phyllosphere_2022,Leaf220,Leaf396,0,0.5923704262279053,extra_score5_obs_depth2_leaf10
schafer_phyllosphere_2022,Leaf220,Leaf405,0,0.7165374747924567,extra_score5_obs_depth2_leaf10
schafer_phyllosphere_2022,Leaf220,Leaf406,0,0.5922330957808615,extra_score5_obs_depth2_leaf10
schafer_phyllosphere_2022,Leaf220,Leaf41,0,0.7143093326708789,extra_score5_obs_depth2_leaf10
schafer_phyllosphere_2022,Leaf220,Leaf412,0,0.634050253869047,extra_score5_obs_depth2_leaf10
schafer_phyllosphere_2022,Leaf220,Leaf42,0,0.5990626195761507,extra_score5_obs_depth2_leaf10
schafer_phyllosphere_2022,Leaf220,Leaf420,0,0.5914825612098081,extra_score5_obs_depth2_leaf10
schafer_phyllosphere_2022,Leaf220,Leaf427,0,0.7294474669529929,extra_score5_obs_depth2_leaf10
schafer_phyllosphere_2022,Leaf220,Leaf434,0,0.592673909512543,extra_score5_obs_depth2_leaf10
schafer_phyllosphere_2022,Leaf220,Leaf443,0,0.5923704262279053,extra_score5_obs_depth2_leaf10
schafer_phyllosphere_2022,Leaf220,Leaf446,0,0.5923704262279053,extra_score5_obs_depth2_leaf10
schafer_phyllosphere_2022,Leaf220,Leaf454,0,0.5909040320202908,extra_score5_obs_depth2_leaf10
schafer_phyllosphere_2022,Leaf220,Leaf456,0,0.6082621869562985,extra_score5_obs_depth2_leaf10
schafer_phyllosphere_2022,Leaf220,Leaf466,0,0.6302704855712554,extra_score5_obs_depth2_leaf10
schafer_phyllosphere_2022,Leaf220,Leaf49,0,0.5923704262279053,extra_score5_obs_depth2_leaf10
schafer_phyllosphere_2022,Leaf220,Leaf5,0,0.5909040320202908,extra_score5_obs_depth2_leaf10
schafer_phyllosphere_2022,Leaf220,Leaf50,0,0.5942960472182501,extra_score5_obs_depth2_leaf10
schafer_phyllosphere_2022,Leaf220,Leaf51,0,0.5922330957808615,extra_score5_obs_depth2_leaf10
schafer_phyllosphere_2022,Leaf220,Leaf53,0,0.5923704262279053,extra_score5_obs_depth2_leaf10
schafer_phyllosphere_2022,Leaf220,Leaf58,0,0.5914825612098081,extra_score5_obs_depth2_leaf10
schafer_phyllosphere_2022,Leaf220,Leaf61,0,0.7340953879307125,extra_score5_obs_depth2_leaf10
schafer_phyllosphere_2022,Leaf220,Leaf62,0,0.6035149522809439,extra_score5_obs_depth2_leaf10
schafer_phyllosphere_2022,Leaf220,Leaf64,0,0.5909040320202908,extra_score5_obs_depth2_leaf10
schafer_phyllosphere_2022,Leaf220,Leaf67,0,0.7294474669529929,extra_score5_obs_depth2_leaf10
schafer_phyllosphere_2022,Leaf220,Leaf68,1,0.6310181740158509,extra_score5_obs_depth2_leaf10
schafer_phyllosphere_2022,Leaf220,Leaf69,0,0.5923704262279053,extra_score5_obs_depth2_leaf10
schafer_phyllosphere_2022,Leaf220,Leaf70,0,0.5908563925480896,extra_score5_obs_depth2_leaf10
schafer_phyllosphere_2022,Leaf220,Leaf75,0,0.5922330957808615,extra_score5_obs_depth2_leaf10
schafer_phyllosphere_2022,Leaf220,Leaf76,1,0.6305141032622392,extra_score5_obs_depth2_leaf10
schafer_phyllosphere_2022,Leaf220,Leaf78,1,0.6253109059705865,extra_score5_obs_depth2_leaf10
schafer_phyllosphere_2022,Leaf220,Leaf82,0,0.5922330957808615,extra_score5_obs_depth2_leaf10
schafer_phyllosphere_2022,Leaf220,Leaf83,0,0.5923704262279053,extra_score5_obs_depth2_leaf10
schafer_phyllosphere_2022,Leaf220,Leaf85,0,0.592673909512543,extra_score5_obs_depth2_leaf10
schafer_phyllosphere_2022,Leaf220,Leaf86,0,0.5928296530106357,extra_score5_obs_depth2_leaf10
schafer_phyllosphere_2022,Leaf220,Leaf87,0,0.6038454539883572,extra_score5_obs_depth2_leaf10
schafer_phyllosphere_2022,Leaf220,Leaf88,0,0.7165374747924567,extra_score5_obs_depth2_leaf10
schafer_phyllosphere_2022,Leaf220,Leaf90,0,0.6059399991591461,extra_score5_obs_depth2_leaf10
schafer_phyllosphere_2022,Leaf220,Leaf91,0,0.5919233749414898,extra_score5_obs_depth2_leaf10
schafer_phyllosphere_2022,Leaf220,Leaf99,0,0.6059399991591461,extra_score5_obs_depth2_leaf10
schafer_phyllosphere_2022,Leaf222,Leaf299,0,0.5922330957808615,extra_score5_obs_depth2_leaf10
schafer_phyllosphere_2022,Leaf222,Leaf33,0,0.5914825612098081,extra_score5_obs_depth2_leaf10
schafer_phyllosphere_2022,Leaf222,Leaf359,0,0.5746178135022526,extra_score5_obs_depth2_leaf10
schafer_phyllosphere_2022,Leaf222,Leaf371,0,0.5922330957808615,extra_score5_obs_depth2_leaf10
schafer_phyllosphere_2022,Leaf222,Leaf405,0,0.5914825612098081,extra_score5_obs_depth2_leaf10
schafer_phyllosphere_2022,Leaf222,Leaf41,0,0.594279883870913,extra_score5_obs_depth2_leaf10
schafer_phyllosphere_2022,Leaf222,Leaf427,0,0.592470480528276,extra_score5_obs_depth2_leaf10
schafer_phyllosphere_2022,Leaf222,Leaf61,0,0.5914825612098081,extra_score5_obs_depth2_leaf10
schafer_phyllosphere_2022,Leaf222,Leaf67,0,0.5914825612098081,extra_score5_obs_depth2_leaf10
schafer_phyllosphere_2022,Leaf222,Leaf88,0,0.6082621869562985,extra_score5_obs_depth2_leaf10
schafer_phyllosphere_2022,Leaf225,Leaf299,0,0.593408182200153,extra_score5_obs_depth2_leaf10
schafer_phyllosphere_2022,Leaf225,Leaf33,0,0.5933073542378592,extra_score5_obs_depth2_leaf10
schafer_phyllosphere_2022,Leaf225,Leaf359,0,0.5775690149685303,extra_score5_obs_depth2_leaf10
schafer_phyllosphere_2022,Leaf225,Leaf371,0,0.593408182200153,extra_score5_obs_depth2_leaf10
schafer_phyllosphere_2022,Leaf225,Leaf405,0,0.5942960472182501,extra_score5_obs_depth2_leaf10
schafer_phyllosphere_2022,Leaf225,Leaf41,0,0.5961054505608872,extra_score5_obs_depth2_leaf10
schafer_phyllosphere_2022,Leaf225,Leaf427,0,0.6417163841248932,extra_score5_obs_depth2_leaf10
schafer_phyllosphere_2022,Leaf225,Leaf61,0,0.593408182200153,extra_score5_obs_depth2_leaf10
schafer_phyllosphere_2022,Leaf225,Leaf67,0,0.5943961015186209,extra_score5_obs_depth2_leaf10
schafer_phyllosphere_2022,Leaf225,Leaf88,0,0.6101878079466434,extra_score5_obs_depth2_leaf10
schafer_phyllosphere_2022,Leaf226,Leaf299,0,0.5914825612098081,extra_score5_obs_depth2_leaf10
schafer_phyllosphere_2022,Leaf226,Leaf33,0,0.5914825612098081,extra_score5_obs_depth2_leaf10
schafer_phyllosphere_2022,Leaf226,Leaf359,0,0.5761842620102379,extra_score5_obs_depth2_leaf10
schafer_phyllosphere_2022,Leaf226,Leaf371,0,0.5922330957808615,extra_score5_obs_depth2_leaf10
schafer_phyllosphere_2022,Leaf226,Leaf405,0,0.5923704262279053,extra_score5_obs_depth2_leaf10
schafer_phyllosphere_2022,Leaf226,Leaf41,0,0.5941798295705422,extra_score5_obs_depth2_leaf10
schafer_phyllosphere_2022,Leaf226,Leaf427,0,0.6377891783622566,extra_score5_obs_depth2_leaf10
schafer_phyllosphere_2022,Leaf226,Leaf61,0,0.5914825612098081,extra_score5_obs_depth2_leaf10
schafer_phyllosphere_2022,Leaf226,Leaf67,0,0.6172579606370953,extra_score5_obs_depth2_leaf10
schafer_phyllosphere_2022,Leaf226,Leaf88,0,0.6392362209097657,extra_score5_obs_depth2_leaf10
schafer_phyllosphere_2022,Leaf231,Leaf299,0,0.5914825612098081,extra_score5_obs_depth2_leaf10
schafer_phyllosphere_2022,Leaf231,Leaf33,0,0.5923704262279053,extra_score5_obs_depth2_leaf10
schafer_phyllosphere_2022,Leaf231,Leaf359,0,0.5737143963806983,extra_score5_obs_depth2_leaf10
schafer_phyllosphere_2022,Leaf231,Leaf371,0,0.592470480528276,extra_score5_obs_depth2_leaf10
schafer_phyllosphere_2022,Leaf231,Leaf405,0,0.5922330957808615,extra_score5_obs_depth2_leaf10
schafer_phyllosphere_2022,Leaf231,Leaf41,0,0.593291964552445,extra_score5_obs_depth2_leaf10
schafer_phyllosphere_2022,Leaf231,Leaf427,0,0.5922330957808615,extra_score5_obs_depth2_leaf10
schafer_phyllosphere_2022,Leaf231,Leaf61,0,0.5914825612098081,extra_score5_obs_depth2_leaf10
schafer_phyllosphere_2022,Leaf231,Leaf67,0,0.5914825612098081,extra_score5_obs_depth2_leaf10
schafer_phyllosphere_2022,Leaf231,Leaf88,0,0.6406786281526454,extra_score5_obs_depth2_leaf10
schafer_phyllosphere_2022,Leaf233,Leaf299,0,0.5990626195761507,extra_score5_obs_depth2_leaf10
schafer_phyllosphere_2022,Leaf233,Leaf33,0,0.6158422453226411,extra_score5_obs_depth2_leaf10
schafer_phyllosphere_2022,Leaf233,Leaf359,0,0.5959212298263707,extra_score5_obs_depth2_leaf10
schafer_phyllosphere_2022,Leaf233,Leaf371,0,0.5999504845942478,extra_score5_obs_depth2_leaf10
schafer_phyllosphere_2022,Leaf233,Leaf405,0,0.6158422453226411,extra_score5_obs_depth2_leaf10
schafer_phyllosphere_2022,Leaf233,Leaf41,0,0.6176516486652781,extra_score5_obs_depth2_leaf10
schafer_phyllosphere_2022,Leaf233,Leaf427,0,0.6158422453226411,extra_score5_obs_depth2_leaf10
schafer_phyllosphere_2022,Leaf233,Leaf61,0,0.6158422453226411,extra_score5_obs_depth2_leaf10
schafer_phyllosphere_2022,Leaf233,Leaf67,0,0.6158422453226411,extra_score5_obs_depth2_leaf10
schafer_phyllosphere_2022,Leaf233,Leaf88,0,0.6158422453226411,extra_score5_obs_depth2_leaf10
schafer_phyllosphere_2022,Leaf234,Leaf299,0,0.5910999325220523,extra_score5_obs_depth2_leaf10
schafer_phyllosphere_2022,Leaf234,Leaf33,0,0.5923704262279053,extra_score5_obs_depth2_leaf10
schafer_phyllosphere_2022,Leaf234,Leaf359,0,0.5737143963806983,extra_score5_obs_depth2_leaf10
schafer_phyllosphere_2022,Leaf234,Leaf371,0,0.5914825612098081,extra_score5_obs_depth2_leaf10
schafer_phyllosphere_2022,Leaf234,Leaf405,0,0.5914825612098081,extra_score5_obs_depth2_leaf10
schafer_phyllosphere_2022,Leaf234,Leaf41,0,0.593291964552445,extra_score5_obs_depth2_leaf10
schafer_phyllosphere_2022,Leaf234,Leaf427,0,0.5914825612098081,extra_score5_obs_depth2_leaf10
schafer_phyllosphere_2022,Leaf234,Leaf61,0,0.5914825612098081,extra_score5_obs_depth2_leaf10
schafer_phyllosphere_2022,Leaf234,Leaf67,0,0.5914825612098081,extra_score5_obs_depth2_leaf10
schafer_phyllosphere_2022,Leaf234,Leaf88,0,0.5922330957808615,extra_score5_obs_depth2_leaf10
schafer_phyllosphere_2022,Leaf242,Leaf299,0,0.6022807748847208,extra_score5_obs_depth2_leaf10
schafer_phyllosphere_2022,Leaf242,Leaf33,0,0.6023816028470145,extra_score5_obs_depth2_leaf10
schafer_phyllosphere_2022,Leaf242,Leaf359,0,0.5796451715910479,extra_score5_obs_depth2_leaf10
schafer_phyllosphere_2022,Leaf242,Leaf371,0,0.6023816028470145,extra_score5_obs_depth2_leaf10
schafer_phyllosphere_2022,Leaf242,Leaf405,0,0.6031321374180678,extra_score5_obs_depth2_leaf10
schafer_phyllosphere_2022,Leaf242,Leaf41,0,0.6050788712077486,extra_score5_obs_depth2_leaf10
schafer_phyllosphere_2022,Leaf242,Leaf427,0,0.6023816028470145,extra_score5_obs_depth2_leaf10
schafer_phyllosphere_2022,Leaf242,Leaf61,0,0.6022807748847208,extra_score5_obs_depth2_leaf10
schafer_phyllosphere_2022,Leaf242,Leaf67,0,0.6023816028470145,extra_score5_obs_depth2_leaf10
schafer_phyllosphere_2022,Leaf242,Leaf88,0,0.6031321374180678,extra_score5_obs_depth2_leaf10
schafer_phyllosphere_2022,Leaf254,Leaf299,0,0.5914825612098081,extra_score5_obs_depth2_leaf10
schafer_phyllosphere_2022,Leaf254,Leaf33,0,0.5922330957808615,extra_score5_obs_depth2_leaf10
schafer_phyllosphere_2022,Leaf254,Leaf359,0,0.576084207709867,extra_score5_obs_depth2_leaf10
schafer_phyllosphere_2022,Leaf254,Leaf371,0,0.5922330957808615,extra_score5_obs_depth2_leaf10
schafer_phyllosphere_2022,Leaf254,Leaf405,0,0.5914825612098081,extra_score5_obs_depth2_leaf10
schafer_phyllosphere_2022,Leaf254,Leaf41,0,0.594279883870913,extra_score5_obs_depth2_leaf10
schafer_phyllosphere_2022,Leaf254,Leaf427,0,0.5923704262279053,extra_score5_obs_depth2_leaf10
schafer_phyllosphere_2022,Leaf254,Leaf61,0,0.5923704262279053,extra_score5_obs_depth2_leaf10
schafer_phyllosphere_2022,Leaf254,Leaf67,0,0.5908563925480896,extra_score5_obs_depth2_leaf10
schafer_phyllosphere_2022,Leaf254,Leaf88,0,0.5909040320202908,extra_score5_obs_depth2_leaf10
schafer_phyllosphere_2022,Leaf257,Leaf299,0,0.5923704262279053,extra_score5_obs_depth2_leaf10
schafer_phyllosphere_2022,Leaf257,Leaf33,0,0.5914825612098081,extra_score5_obs_depth2_leaf10
schafer_phyllosphere_2022,Leaf257,Leaf359,0,0.5759468772628232,extra_score5_obs_depth2_leaf10
schafer_phyllosphere_2022,Leaf257,Leaf371,0,0.5922330957808615,extra_score5_obs_depth2_leaf10
schafer_phyllosphere_2022,Leaf257,Leaf405,0,0.5923704262279053,extra_score5_obs_depth2_leaf10
schafer_phyllosphere_2022,Leaf257,Leaf41,0,0.593291964552445,extra_score5_obs_depth2_leaf10
schafer_phyllosphere_2022,Leaf257,Leaf427,0,0.5909040320202908,extra_score5_obs_depth2_leaf10
schafer_phyllosphere_2022,Leaf257,Leaf61,0,0.5913817332475143,extra_score5_obs_depth2_leaf10
schafer_phyllosphere_2022,Leaf257,Leaf67,0,0.5923704262279053,extra_score5_obs_depth2_leaf10
schafer_phyllosphere_2022,Leaf257,Leaf88,0,0.592470480528276,extra_score5_obs_depth2_leaf10
schafer_phyllosphere_2022,Leaf26,Leaf299,0,0.5914825612098081,extra_score5_obs_depth2_leaf10
schafer_phyllosphere_2022,Leaf26,Leaf33,0,0.6082621869562985,extra_score5_obs_depth2_leaf10
schafer_phyllosphere_2022,Leaf26,Leaf359,0,0.5750955147294762,extra_score5_obs_depth2_leaf10
schafer_phyllosphere_2022,Leaf26,Leaf371,0,0.5922330957808615,extra_score5_obs_depth2_leaf10
schafer_phyllosphere_2022,Leaf26,Leaf405,0,0.592470480528276,extra_score5_obs_depth2_leaf10
schafer_phyllosphere_2022,Leaf26,Leaf41,0,0.5941798295705422,extra_score5_obs_depth2_leaf10
schafer_phyllosphere_2022,Leaf26,Leaf427,0,0.5914825612098081,extra_score5_obs_depth2_leaf10
schafer_phyllosphere_2022,Leaf26,Leaf61,0,0.5914825612098081,extra_score5_obs_depth2_leaf10
schafer_phyllosphere_2022,Leaf26,Leaf67,0,0.5923704262279053,extra_score5_obs_depth2_leaf10
schafer_phyllosphere_2022,Leaf26,Leaf88,0,0.5914825612098081,extra_score5_obs_depth2_leaf10
schafer_phyllosphere_2022,Leaf261,Leaf299,0,0.5909040320202908,extra_score5_obs_depth2_leaf10
schafer_phyllosphere_2022,Leaf261,Leaf33,0,0.5914825612098081,extra_score5_obs_depth2_leaf10
schafer_phyllosphere_2022,Leaf261,Leaf359,0,0.5750955147294762,extra_score5_obs_depth2_leaf10
schafer_phyllosphere_2022,Leaf261,Leaf371,0,0.5923704262279053,extra_score5_obs_depth2_leaf10
schafer_phyllosphere_2022,Leaf261,Leaf405,0,0.592470480528276,extra_score5_obs_depth2_leaf10
schafer_phyllosphere_2022,Leaf261,Leaf41,0,0.6029816820275209,extra_score5_obs_depth2_leaf10
schafer_phyllosphere_2022,Leaf261,Leaf427,0,0.5923704262279053,extra_score5_obs_depth2_leaf10
schafer_phyllosphere_2022,Leaf261,Leaf61,0,0.5914825612098081,extra_score5_obs_depth2_leaf10
schafer_phyllosphere_2022,Leaf261,Leaf67,0,0.592470480528276,extra_score5_obs_depth2_leaf10
schafer_phyllosphere_2022,Leaf261,Leaf88,0,0.6406786281526454,extra_score5_obs_depth2_leaf10
schafer_phyllosphere_2022,Leaf262,Leaf299,0,0.5969185960715373,extra_score5_obs_depth2_leaf10
schafer_phyllosphere_2022,Leaf262,Leaf33,0,0.5970559265185812,extra_score5_obs_depth2_leaf10
schafer_phyllosphere_2022,Leaf262,Leaf359,0,0.5792032596476545,extra_score5_obs_depth2_leaf10
schafer_phyllosphere_2022,Leaf262,Leaf371,1,0.5961680615004841,extra_score5_obs_depth2_leaf10
schafer_phyllosphere_2022,Leaf262,Leaf405,0,0.5961680615004841,extra_score5_obs_depth2_leaf10
schafer_phyllosphere_2022,Leaf262,Leaf41,0,0.5988653298612182,extra_score5_obs_depth2_leaf10
schafer_phyllosphere_2022,Leaf262,Leaf427,0,0.5961680615004841,extra_score5_obs_depth2_leaf10
schafer_phyllosphere_2022,Leaf262,Leaf61,0,0.5961680615004841,extra_score5_obs_depth2_leaf10
schafer_phyllosphere_2022,Leaf262,Leaf67,0,0.5960672335381902,extra_score5_obs_depth2_leaf10
schafer_phyllosphere_2022,Leaf262,Leaf88,0,0.6129476872469745,extra_score5_obs_depth2_leaf10
schafer_phyllosphere_2022,Leaf263,Leaf299,0,0.5923704262279053,extra_score5_obs_depth2_leaf10
schafer_phyllosphere_2022,Leaf263,Leaf33,0,0.5920764854033449,extra_score5_obs_depth2_leaf10
schafer_phyllosphere_2022,Leaf263,Leaf359,0,0.589717859054367,extra_score5_obs_depth2_leaf10
schafer_phyllosphere_2022,Leaf263,Leaf371,0,0.5922330957808615,extra_score5_obs_depth2_leaf10
schafer_phyllosphere_2022,Leaf263,Leaf405,0,0.5923704262279053,extra_score5_obs_depth2_leaf10
schafer_phyllosphere_2022,Leaf263,Leaf41,0,0.5941798295705422,extra_score5_obs_depth2_leaf10
schafer_phyllosphere_2022,Leaf263,Leaf427,0,0.5922330957808615,extra_score5_obs_depth2_leaf10
schafer_phyllosphere_2022,Leaf263,Leaf61,0,0.5913817332475143,extra_score5_obs_depth2_leaf10
schafer_phyllosphere_2022,Leaf263,Leaf67,0,0.5923704262279053,extra_score5_obs_depth2_leaf10
schafer_phyllosphere_2022,Leaf263,Leaf88,0,0.5923704262279053,extra_score5_obs_depth2_leaf10
schafer_phyllosphere_2022,Leaf264,Leaf299,0,0.5914825612098081,extra_score5_obs_depth2_leaf10
schafer_phyllosphere_2022,Leaf264,Leaf33,0,0.5909040320202908,extra_score5_obs_depth2_leaf10
schafer_phyllosphere_2022,Leaf264,Leaf359,0,0.5746178135022526,extra_score5_obs_depth2_leaf10
schafer_phyllosphere_2022,Leaf264,Leaf371,0,0.5914825612098081,extra_score5_obs_depth2_leaf10
schafer_phyllosphere_2022,Leaf264,Leaf405,0,0.5914825612098081,extra_score5_obs_depth2_leaf10
schafer_phyllosphere_2022,Leaf264,Leaf41,0,0.593291964552445,extra_score5_obs_depth2_leaf10
schafer_phyllosphere_2022,Leaf264,Leaf427,0,0.5914825612098081,extra_score5_obs_depth2_leaf10
schafer_phyllosphere_2022,Leaf264,Leaf61,0,0.5923704262279053,extra_score5_obs_depth2_leaf10
schafer_phyllosphere_2022,Leaf264,Leaf67,0,0.5914825612098081,extra_score5_obs_depth2_leaf10
schafer_phyllosphere_2022,Leaf264,Leaf88,0,0.5922330957808615,extra_score5_obs_depth2_leaf10
schafer_phyllosphere_2022,Leaf265,Leaf299,0,0.5922330957808615,extra_score5_obs_depth2_leaf10
schafer_phyllosphere_2022,Leaf265,Leaf33,0,0.5914825612098081,extra_score5_obs_depth2_leaf10
schafer_phyllosphere_2022,Leaf265,Leaf359,0,0.576084207709867,extra_score5_obs_depth2_leaf10
schafer_phyllosphere_2022,Leaf265,Leaf371,0,0.5914825612098081,extra_score5_obs_depth2_leaf10
schafer_phyllosphere_2022,Leaf265,Leaf405,1,0.5914825612098081,extra_score5_obs_depth2_leaf10
schafer_phyllosphere_2022,Leaf265,Leaf41,0,0.593291964552445,extra_score5_obs_depth2_leaf10
schafer_phyllosphere_2022,Leaf265,Leaf427,0,0.6171609646260685,extra_score5_obs_depth2_leaf10
schafer_phyllosphere_2022,Leaf265,Leaf61,0,0.5922330957808615,extra_score5_obs_depth2_leaf10
schafer_phyllosphere_2022,Leaf265,Leaf67,0,0.5923704262279053,extra_score5_obs_depth2_leaf10
schafer_phyllosphere_2022,Leaf265,Leaf88,0,0.592470480528276,extra_score5_obs_depth2_leaf10
schafer_phyllosphere_2022,Leaf267,Leaf299,0,0.5923704262279053,extra_score5_obs_depth2_leaf10
schafer_phyllosphere_2022,Leaf267,Leaf33,0,0.5914825612098081,extra_score5_obs_depth2_leaf10
schafer_phyllosphere_2022,Leaf267,Leaf359,0,0.5750955147294762,extra_score5_obs_depth2_leaf10
schafer_phyllosphere_2022,Leaf267,Leaf371,0,0.5909040320202908,extra_score5_obs_depth2_leaf10
schafer_phyllosphere_2022,Leaf267,Leaf405,0,0.5923704262279053,extra_score5_obs_depth2_leaf10
schafer_phyllosphere_2022,Leaf267,Leaf41,0,0.593291964552445,extra_score5_obs_depth2_leaf10
schafer_phyllosphere_2022,Leaf267,Leaf427,0,0.5923704262279053,extra_score5_obs_depth2_leaf10
schafer_phyllosphere_2022,Leaf267,Leaf61,0,0.5909040320202908,extra_score5_obs_depth2_leaf10
schafer_phyllosphere_2022,Leaf267,Leaf67,0,0.5923704262279053,extra_score5_obs_depth2_leaf10
schafer_phyllosphere_2022,Leaf267,Leaf88,0,0.5909040320202908,extra_score5_obs_depth2_leaf10
schafer_phyllosphere_2022,Leaf274,Leaf299,0,0.5914825612098081,extra_score5_obs_depth2_leaf10
schafer_phyllosphere_2022,Leaf274,Leaf33,0,0.5914825612098081,extra_score5_obs_depth2_leaf10
schafer_phyllosphere_2022,Leaf274,Leaf359,0,0.576084207709867,extra_score5_obs_depth2_leaf10
schafer_phyllosphere_2022,Leaf274,Leaf371,0,0.5914825612098081,extra_score5_obs_depth2_leaf10
schafer_phyllosphere_2022,Leaf274,Leaf405,0,0.5923704262279053,extra_score5_obs_depth2_leaf10
schafer_phyllosphere_2022,Leaf274,Leaf41,0,0.5941798295705422,extra_score5_obs_depth2_leaf10
schafer_phyllosphere_2022,Leaf274,Leaf427,0,0.592470480528276,extra_score5_obs_depth2_leaf10
schafer_phyllosphere_2022,Leaf274,Leaf61,0,0.5914825612098081,extra_score5_obs_depth2_leaf10
schafer_phyllosphere_2022,Leaf274,Leaf67,0,0.5914825612098081,extra_score5_obs_depth2_leaf10
schafer_phyllosphere_2022,Leaf274,Leaf88,0,0.5909040320202908,extra_score5_obs_depth2_leaf10
schafer_phyllosphere_2022,Leaf28,Leaf299,0,0.5908563925480896,extra_score5_obs_depth2_leaf10
schafer_phyllosphere_2022,Leaf28,Leaf33,0,0.592470480528276,extra_score5_obs_depth2_leaf10
schafer_phyllosphere_2022,Leaf28,Leaf359,0,0.576084207709867,extra_score5_obs_depth2_leaf10
schafer_phyllosphere_2022,Leaf28,Leaf371,0,0.5923704262279053,extra_score5_obs_depth2_leaf10
schafer_phyllosphere_2022,Leaf28,Leaf405,0,0.5914825612098081,extra_score5_obs_depth2_leaf10
schafer_phyllosphere_2022,Leaf28,Leaf41,0,0.593291964552445,extra_score5_obs_depth2_leaf10
schafer_phyllosphere_2022,Leaf28,Leaf427,0,0.5914825612098081,extra_score5_obs_depth2_leaf10
schafer_phyllosphere_2022,Leaf28,Leaf61,0,0.5923704262279053,extra_score5_obs_depth2_leaf10
schafer_phyllosphere_2022,Leaf28,Leaf67,0,0.5908563925480896,extra_score5_obs_depth2_leaf10
schafer_phyllosphere_2022,Leaf28,Leaf88,0,0.5914825612098081,extra_score5_obs_depth2_leaf10
schafer_phyllosphere_2022,Leaf280,Leaf299,0,0.5914825612098081,extra_score5_obs_depth2_leaf10
schafer_phyllosphere_2022,Leaf280,Leaf33,0,0.5914825612098081,extra_score5_obs_depth2_leaf10
schafer_phyllosphere_2022,Leaf280,Leaf359,0,0.5757902668853067,extra_score5_obs_depth2_leaf10
schafer_phyllosphere_2022,Leaf280,Leaf371,0,0.592470480528276,extra_score5_obs_depth2_leaf10
schafer_phyllosphere_2022,Leaf280,Leaf405,0,0.592470480528276,extra_score5_obs_depth2_leaf10
schafer_phyllosphere_2022,Leaf280,Leaf41,0,0.5940424991234984,extra_score5_obs_depth2_leaf10
schafer_phyllosphere_2022,Leaf280,Leaf427,0,0.5914825612098081,extra_score5_obs_depth2_leaf10
schafer_phyllosphere_2022,Leaf280,Leaf61,0,0.5914825612098081,extra_score5_obs_depth2_leaf10
schafer_phyllosphere_2022,Leaf280,Leaf67,0,0.5922330957808615,extra_score5_obs_depth2_leaf10
schafer_phyllosphere_2022,Leaf280,Leaf88,0,0.6063082416562079,extra_score5_obs_depth2_leaf10
schafer_phyllosphere_2022,Leaf288,Leaf299,0,0.592470480528276,extra_score5_obs_depth2_leaf10
schafer_phyllosphere_2022,Leaf288,Leaf33,0,0.5923704262279053,extra_score5_obs_depth2_leaf10
schafer_phyllosphere_2022,Leaf288,Leaf359,0,0.576084207709867,extra_score5_obs_depth2_leaf10
schafer_phyllosphere_2022,Leaf288,Leaf371,0,0.5923704262279053,extra_score5_obs_depth2_leaf10
schafer_phyllosphere_2022,Leaf288,Leaf405,0,0.5923704262279053,extra_score5_obs_depth2_leaf10
schafer_phyllosphere_2022,Leaf288,Leaf41,0,0.5931911365901513,extra_score5_obs_depth2_leaf10
schafer_phyllosphere_2022,Leaf288,Leaf427,0,0.5923704262279053,extra_score5_obs_depth2_leaf10
schafer_phyllosphere_2022,Leaf288,Leaf61,0,0.592470480528276,extra_score5_obs_depth2_leaf10
schafer_phyllosphere_2022,Leaf288,Leaf67,0,0.592470480528276,extra_score5_obs_depth2_leaf10
schafer_phyllosphere_2022,Leaf288,Leaf88,0,0.5913817332475143,extra_score5_obs_depth2_leaf10
schafer_phyllosphere_2022,Leaf289,Leaf299,0,0.6620522625867313,extra_score5_obs_depth2_leaf10
schafer_phyllosphere_2022,Leaf289,Leaf33,0,0.6610897407953286,extra_score5_obs_depth2_leaf10
schafer_phyllosphere_2022,Leaf289,Leaf359,0,0.59700402725285,extra_score5_obs_depth2_leaf10
schafer_phyllosphere_2022,Leaf289,Leaf371,0,0.6626524911462867,extra_score5_obs_depth2_leaf10
schafer_phyllosphere_2022,Leaf289,Leaf405,0,0.6626524911462867,extra_score5_obs_depth2_leaf10
schafer_phyllosphere_2022,Leaf289,Leaf41,0,0.6630397437240322,extra_score5_obs_depth2_leaf10
schafer_phyllosphere_2022,Leaf289,Leaf427,0,0.6626524911462867,extra_score5_obs_depth2_leaf10
schafer_phyllosphere_2022,Leaf289,Leaf61,0,0.6603116592192498,extra_score5_obs_depth2_leaf10
schafer_phyllosphere_2022,Leaf289,Leaf67,0,0.6626524911462867,extra_score5_obs_depth2_leaf10
schafer_phyllosphere_2022,Leaf289,Leaf88,0,0.6770728853039804,extra_score5_obs_depth2_leaf10
schafer_phyllosphere_2022,Leaf299,Leaf3,0,0.5923704262279053,extra_score5_obs_depth2_leaf10
schafer_phyllosphere_2022,Leaf299,Leaf30,0,0.5909040320202908,extra_score5_obs_depth2_leaf10
schafer_phyllosphere_2022,Leaf299,Leaf304,1,0.6178364898266127,extra_score5_obs_depth2_leaf10
schafer_phyllosphere_2022,Leaf299,Leaf306,0,0.6019485037729586,extra_score5_obs_depth2_leaf10
schafer_phyllosphere_2022,Leaf299,Leaf311,0,0.5961680615004841,extra_score5_obs_depth2_leaf10
schafer_phyllosphere_2022,Leaf299,Leaf313,0,0.7165374747924567,extra_score5_obs_depth2_leaf10
schafer_phyllosphere_2022,Leaf299,Leaf314,0,0.5914825612098081,extra_score5_obs_depth2_leaf10
schafer_phyllosphere_2022,Leaf299,Leaf32,0,0.5942960472182501,extra_score5_obs_depth2_leaf10
schafer_phyllosphere_2022,Leaf299,Leaf324,0,0.592470480528276,extra_score5_obs_depth2_leaf10
schafer_phyllosphere_2022,Leaf299,Leaf326,0,0.5922330957808615,extra_score5_obs_depth2_leaf10
schafer_phyllosphere_2022,Leaf299,Leaf33,0,0.7340953879307125,extra_score5_obs_depth2_leaf10
schafer_phyllosphere_2022,Leaf299,Leaf334,0,0.592470480528276,extra_score5_obs_depth2_leaf10
schafer_phyllosphere_2022,Leaf299,Leaf335,0,0.5990626195761507,extra_score5_obs_depth2_leaf10
schafer_phyllosphere_2022,Leaf299,Leaf336,0,0.5914825612098081,extra_score5_obs_depth2_leaf10
schafer_phyllosphere_2022,Leaf299,Leaf337,0,0.5914825612098081,extra_score5_obs_depth2_leaf10
schafer_phyllosphere_2022,Leaf299,Leaf339,0,0.5922330957808615,extra_score5_obs_depth2_leaf10
schafer_phyllosphere_2022,Leaf299,Leaf34,0,0.592470480528276,extra_score5_obs_depth2_leaf10
schafer_phyllosphere_2022,Leaf299,Leaf343,0,0.5914825612098081,extra_score5_obs_depth2_leaf10
schafer_phyllosphere_2022,Leaf299,Leaf344,0,0.5913817332475143,extra_score5_obs_depth2_leaf10
schafer_phyllosphere_2022,Leaf299,Leaf351,0,0.5914825612098081,extra_score5_obs_depth2_leaf10
schafer_phyllosphere_2022,Leaf299,Leaf354,0,0.592470480528276,extra_score5_obs_depth2_leaf10
schafer_phyllosphere_2022,Leaf299,Leaf357,0,0.5922330957808615,extra_score5_obs_depth2_leaf10
schafer_phyllosphere_2022,Leaf299,Leaf359,0,0.6066905337301994,extra_score5_obs_depth2_leaf10
schafer_phyllosphere_2022,Leaf299,Leaf361,0,0.5913817332475143,extra_score5_obs_depth2_leaf10
schafer_phyllosphere_2022,Leaf299,Leaf363,0,0.5914825612098081,extra_score5_obs_depth2_leaf10
schafer_phyllosphere_2022,Leaf299,Leaf369,0,0.5914825612098081,extra_score5_obs_depth2_leaf10
schafer_phyllosphere_2022,Leaf299,Leaf371,0,0.7340953879307125,extra_score5_obs_depth2_leaf10
schafer_phyllosphere_2022,Leaf299,Leaf380,0,0.5923704262279053,extra_score5_obs_depth2_leaf10
schafer_phyllosphere_2022,Leaf299,Leaf391,0,0.6023816028470145,extra_score5_obs_depth2_leaf10
schafer_phyllosphere_2022,Leaf299,Leaf394,0,0.5914825612098081,extra_score5_obs_depth2_leaf10
schafer_phyllosphere_2022,Leaf299,Leaf396,0,0.5914825612098081,extra_score5_obs_depth2_leaf10
schafer_phyllosphere_2022,Leaf299,Leaf405,0,0.7171377033520119,extra_score5_obs_depth2_leaf10
schafer_phyllosphere_2022,Leaf299,Leaf406,0,0.5914825612098081,extra_score5_obs_depth2_leaf10
schafer_phyllosphere_2022,Leaf299,Leaf41,0,0.7272193248314153,extra_score5_obs_depth2_leaf10
schafer_phyllosphere_2022,Leaf299,Leaf412,0,0.5914825612098081,extra_score5_obs_depth2_leaf10
schafer_phyllosphere_2022,Leaf299,Leaf416,0,0.604594325325777,extra_score5_obs_depth2_leaf10
schafer_phyllosphere_2022,Leaf299,Leaf42,0,0.5990626195761507,extra_score5_obs_depth2_leaf10
schafer_phyllosphere_2022,Leaf299,Leaf420,0,0.5914825612098081,extra_score5_obs_depth2_leaf10
schafer_phyllosphere_2022,Leaf299,Leaf427,0,0.7340953879307125,extra_score5_obs_depth2_leaf10
schafer_phyllosphere_2022,Leaf299,Leaf434,0,0.6095908657060772,extra_score5_obs_depth2_leaf10
schafer_phyllosphere_2022,Leaf299,Leaf443,0,0.5914825612098081,extra_score5_obs_depth2_leaf10
schafer_phyllosphere_2022,Leaf299,Leaf446,0,0.5914825612098081,extra_score5_obs_depth2_leaf10
schafer_phyllosphere_2022,Leaf299,Leaf454,0,0.5914825612098081,extra_score5_obs_depth2_leaf10
schafer_phyllosphere_2022,Leaf299,Leaf456,0,0.5913817332475143,extra_score5_obs_depth2_leaf10
schafer_phyllosphere_2022,Leaf299,Leaf466,0,0.6302704855712554,extra_score5_obs_depth2_leaf10
schafer_phyllosphere_2022,Leaf299,Leaf49,0,0.592470480528276,extra_score5_obs_depth2_leaf10
schafer_phyllosphere_2022,Leaf299,Leaf5,0,0.5908563925480896,extra_score5_obs_depth2_leaf10
schafer_phyllosphere_2022,Leaf299,Leaf50,0,0.5928296530106357,extra_score5_obs_depth2_leaf10
schafer_phyllosphere_2022,Leaf299,Leaf51,0,0.5923704262279053,extra_score5_obs_depth2_leaf10
schafer_phyllosphere_2022,Leaf299,Leaf53,0,0.5923704262279053,extra_score5_obs_depth2_leaf10
schafer_phyllosphere_2022,Leaf299,Leaf58,0,0.5914825612098081,extra_score5_obs_depth2_leaf10
schafer_phyllosphere_2022,Leaf299,Leaf61,0,0.7294474669529929,extra_score5_obs_depth2_leaf10
schafer_phyllosphere_2022,Leaf299,Leaf62,0,0.6019485037729586,extra_score5_obs_depth2_leaf10
schafer_phyllosphere_2022,Leaf299,Leaf64,0,0.592470480528276,extra_score5_obs_depth2_leaf10
schafer_phyllosphere_2022,Leaf299,Leaf67,0,0.7294474669529929,extra_score5_obs_depth2_leaf10
schafer_phyllosphere_2022,Leaf299,Leaf68,0,0.6053397705995909,extra_score5_obs_depth2_leaf10
schafer_phyllosphere_2022,Leaf299,Leaf69,0,0.592470480528276,extra_score5_obs_depth2_leaf10
schafer_phyllosphere_2022,Leaf299,Leaf70,0,0.5914825612098081,extra_score5_obs_depth2_leaf10
schafer_phyllosphere_2022,Leaf299,Leaf75,0,0.5922330957808615,extra_score5_obs_depth2_leaf10
schafer_phyllosphere_2022,Leaf299,Leaf76,0,0.5999504845942478,extra_score5_obs_depth2_leaf10
schafer_phyllosphere_2022,Leaf299,Leaf78,0,0.5923704262279053,extra_score5_obs_depth2_leaf10
schafer_phyllosphere_2022,Leaf299,Leaf82,0,0.5923704262279053,extra_score5_obs_depth2_leaf10
schafer_phyllosphere_2022,Leaf299,Leaf83,0,0.5914825612098081,extra_score5_obs_depth2_leaf10
schafer_phyllosphere_2022,Leaf299,Leaf85,0,0.5919233749414898,extra_score5_obs_depth2_leaf10
schafer_phyllosphere_2022,Leaf299,Leaf86,0,0.5943961015186209,extra_score5_obs_depth2_leaf10
schafer_phyllosphere_2022,Leaf299,Leaf87,0,0.6038454539883572,extra_score5_obs_depth2_leaf10
schafer_phyllosphere_2022,Leaf299,Leaf88,0,0.7165374747924567,extra_score5_obs_depth2_leaf10
schafer_phyllosphere_2022,Leaf299,Leaf90,0,0.6068278641772432,extra_score5_obs_depth2_leaf10
schafer_phyllosphere_2022,Leaf299,Leaf91,0,0.5919233749414898,extra_score5_obs_depth2_leaf10
schafer_phyllosphere_2022,Leaf299,Leaf99,0,0.6069279184776141,extra_score5_obs_depth2_leaf10
schafer_phyllosphere_2022,Leaf3,Leaf33,0,0.5923704262279053,extra_score5_obs_depth2_leaf10
schafer_phyllosphere_2022,Leaf3,Leaf359,0,0.576084207709867,extra_score5_obs_depth2_leaf10
schafer_phyllosphere_2022,Leaf3,Leaf371,0,0.5922330957808615,extra_score5_obs_depth2_leaf10
schafer_phyllosphere_2022,Leaf3,Leaf405,0,0.5923704262279053,extra_score5_obs_depth2_leaf10
schafer_phyllosphere_2022,Leaf3,Leaf41,0,0.5931911365901513,extra_score5_obs_depth2_leaf10
schafer_phyllosphere_2022,Leaf3,Leaf427,0,0.5909040320202908,extra_score5_obs_depth2_leaf10
schafer_phyllosphere_2022,Leaf3,Leaf61,0,0.5923704262279053,extra_score5_obs_depth2_leaf10
schafer_phyllosphere_2022,Leaf3,Leaf67,0,0.5923704262279053,extra_score5_obs_depth2_leaf10
schafer_phyllosphere_2022,Leaf3,Leaf88,0,0.5909040320202908,extra_score5_obs_depth2_leaf10
schafer_phyllosphere_2022,Leaf30,Leaf33,0,0.592470480528276,extra_score5_obs_depth2_leaf10
schafer_phyllosphere_2022,Leaf30,Leaf359,0,0.5761842620102379,extra_score5_obs_depth2_leaf10
schafer_phyllosphere_2022,Leaf30,Leaf371,0,0.5923704262279053,extra_score5_obs_depth2_leaf10
schafer_phyllosphere_2022,Leaf30,Leaf405,0,0.5909040320202908,extra_score5_obs_depth2_leaf10
schafer_phyllosphere_2022,Leaf30,Leaf41,0,0.5941798295705422,extra_score5_obs_depth2_leaf10
schafer_phyllosphere_2022,Leaf30,Leaf427,0,0.5909040320202908,extra_score5_obs_depth2_leaf10
schafer_phyllosphere_2022,Leaf30,Leaf61,0,0.5922330957808615,extra_score5_obs_depth2_leaf10
schafer_phyllosphere_2022,Leaf30,Leaf67,0,0.5922330957808615,extra_score5_obs_depth2_leaf10
schafer_phyllosphere_2022,Leaf30,Leaf88,0,0.6062606021840067,extra_score5_obs_depth2_leaf10
schafer_phyllosphere_2022,Leaf304,Leaf33,0,0.5922330957808615,extra_score5_obs_depth2_leaf10
schafer_phyllosphere_2022,Leaf304,Leaf359,0,0.5750955147294762,extra_score5_obs_depth2_leaf10
schafer_phyllosphere_2022,Leaf304,Leaf371,0,0.5914825612098081,extra_score5_obs_depth2_leaf10
schafer_phyllosphere_2022,Leaf304,Leaf405,0,0.5923704262279053,extra_score5_obs_depth2_leaf10
schafer_phyllosphere_2022,Leaf304,Leaf41,0,0.593291964552445,extra_score5_obs_depth2_leaf10
schafer_phyllosphere_2022,Leaf304,Leaf427,0,0.6199545869133367,extra_score5_obs_depth2_leaf10
schafer_phyllosphere_2022,Leaf304,Leaf61,0,0.5923704262279053,extra_score5_obs_depth2_leaf10
schafer_phyllosphere_2022,Leaf304,Leaf67,0,0.5914825612098081,extra_score5_obs_depth2_leaf10
schafer_phyllosphere_2022,Leaf304,Leaf88,0,0.5923704262279053,extra_score5_obs_depth2_leaf10
schafer_phyllosphere_2022,Leaf306,Leaf33,0,0.6032775675335292,extra_score5_obs_depth2_leaf10
schafer_phyllosphere_2022,Leaf306,Leaf359,0,0.5855719813979081,extra_score5_obs_depth2_leaf10
schafer_phyllosphere_2022,Leaf306,Leaf371,0,0.6035149522809439,extra_score5_obs_depth2_leaf10
schafer_phyllosphere_2022,Leaf306,Leaf405,0,0.6024262050001822,extra_score5_obs_depth2_leaf10
schafer_phyllosphere_2022,Leaf306,Leaf41,0,0.60522430132321,extra_score5_obs_depth2_leaf10
schafer_phyllosphere_2022,Leaf306,Leaf427,0,0.6032775675335292,extra_score5_obs_depth2_leaf10
schafer_phyllosphere_2022,Leaf306,Leaf61,0,0.6019485037729586,extra_score5_obs_depth2_leaf10
schafer_phyllosphere_2022,Leaf306,Leaf67,0,0.6132046697560197,extra_score5_obs_depth2_leaf10
schafer_phyllosphere_2022,Leaf306,Leaf88,0,0.6019485037729586,extra_score5_obs_depth2_leaf10
schafer_phyllosphere_2022,Leaf311,Leaf33,0,0.5971559808189519,extra_score5_obs_depth2_leaf10
schafer_phyllosphere_2022,Leaf311,Leaf359,0,0.5804289485692322,extra_score5_obs_depth2_leaf10
schafer_phyllosphere_2022,Leaf311,Leaf371,1,0.6123474586874191,extra_score5_obs_depth2_leaf10
schafer_phyllosphere_2022,Leaf311,Leaf405,0,0.5960672335381902,extra_score5_obs_depth2_leaf10
schafer_phyllosphere_2022,Leaf311,Leaf41,0,0.5989653841615891,extra_score5_obs_depth2_leaf10
schafer_phyllosphere_2022,Leaf311,Leaf427,1,0.6123474586874191,extra_score5_obs_depth2_leaf10
schafer_phyllosphere_2022,Leaf311,Leaf61,0,0.5961680615004841,extra_score5_obs_depth2_leaf10
schafer_phyllosphere_2022,Leaf311,Leaf67,0,0.5961680615004841,extra_score5_obs_depth2_leaf10
schafer_phyllosphere_2022,Leaf311,Leaf88,0,0.5961680615004841,extra_score5_obs_depth2_leaf10
schafer_phyllosphere_2022,Leaf313,Leaf33,0,0.7165374747924567,extra_score5_obs_depth2_leaf10
schafer_phyllosphere_2022,Leaf313,Leaf359,0,0.6066905337301994,extra_score5_obs_depth2_leaf10
schafer_phyllosphere_2022,Leaf313,Leaf371,0,0.7294474669529929,extra_score5_obs_depth2_leaf10
schafer_phyllosphere_2022,Leaf313,Leaf405,0,0.735283492075689,extra_score5_obs_depth2_leaf10
schafer_phyllosphere_2022,Leaf313,Leaf41,0,0.7318672458091349,extra_score5_obs_depth2_leaf10
schafer_phyllosphere_2022,Leaf313,Leaf427,0,0.7165374747924567,extra_score5_obs_depth2_leaf10
schafer_phyllosphere_2022,Leaf313,Leaf61,0,0.7171377033520119,extra_score5_obs_depth2_leaf10
schafer_phyllosphere_2022,Leaf313,Leaf67,0,0.7165374747924567,extra_score5_obs_depth2_leaf10
schafer_phyllosphere_2022,Leaf313,Leaf88,0,0.7294474669529929,extra_score5_obs_depth2_leaf10
schafer_phyllosphere_2022,Leaf314,Leaf33,0,0.6082621869562985,extra_score5_obs_depth2_leaf10
schafer_phyllosphere_2022,Leaf314,Leaf359,0,0.5761842620102379,extra_score5_obs_depth2_leaf10
schafer_phyllosphere_2022,Leaf314,Leaf371,0,0.5913817332475143,extra_score5_obs_depth2_leaf10
schafer_phyllosphere_2022,Leaf314,Leaf405,0,0.5914825612098081,extra_score5_obs_depth2_leaf10
schafer_phyllosphere_2022,Leaf314,Leaf41,0,0.5940424991234984,extra_score5_obs_depth2_leaf10
schafer_phyllosphere_2022,Leaf314,Leaf427,0,0.5922330957808615,extra_score5_obs_depth2_leaf10
schafer_phyllosphere_2022,Leaf314,Leaf61,0,0.5922330957808615,extra_score5_obs_depth2_leaf10
schafer_phyllosphere_2022,Leaf314,Leaf67,0,0.5914825612098081,extra_score5_obs_depth2_leaf10
schafer_phyllosphere_2022,Leaf314,Leaf88,0,0.6082621869562985,extra_score5_obs_depth2_leaf10
schafer_phyllosphere_2022,Leaf32,Leaf33,0,0.6101878079466434,extra_score5_obs_depth2_leaf10
schafer_phyllosphere_2022,Leaf32,Leaf359,0,0.5775690149685303,extra_score5_obs_depth2_leaf10
schafer_phyllosphere_2022,Leaf32,Leaf371,0,0.6101878079466434,extra_score5_obs_depth2_leaf10
schafer_phyllosphere_2022,Leaf32,Leaf405,0,0.593408182200153,extra_score5_obs_depth2_leaf10
schafer_phyllosphere_2022,Leaf32,Leaf41,0,0.59521758554279,extra_score5_obs_depth2_leaf10
schafer_phyllosphere_2022,Leaf32,Leaf427,0,0.593408182200153,extra_score5_obs_depth2_leaf10
schafer_phyllosphere_2022,Leaf32,Leaf61,0,0.5941587167712062,extra_score5_obs_depth2_leaf10
schafer_phyllosphere_2022,Leaf32,Leaf67,0,0.6375068680951664,extra_score5_obs_depth2_leaf10
schafer_phyllosphere_2022,Leaf32,Leaf88,0,0.5928296530106357,extra_score5_obs_depth2_leaf10
schafer_phyllosphere_2022,Leaf324,Leaf33,0,0.5923704262279053,extra_score5_obs_depth2_leaf10
schafer_phyllosphere_2022,Leaf324,Leaf359,0,0.576084207709867,extra_score5_obs_depth2_leaf10
schafer_phyllosphere_2022,Leaf324,Leaf371,0,0.5909040320202908,extra_score5_obs_depth2_leaf10
schafer_phyllosphere_2022,Leaf324,Leaf405,0,0.5923704262279053,extra_score5_obs_depth2_leaf10
schafer_phyllosphere_2022,Leaf324,Leaf41,0,0.5940424991234984,extra_score5_obs_depth2_leaf10
schafer_phyllosphere_2022,Leaf324,Leaf427,0,0.5913817332475143,extra_score5_obs_depth2_leaf10
schafer_phyllosphere_2022,Leaf324,Leaf61,0,0.5914825612098081,extra_score5_obs_depth2_leaf10
schafer_phyllosphere_2022,Leaf324,Leaf67,0,0.5923704262279053,extra_score5_obs_depth2_leaf10
schafer_phyllosphere_2022,Leaf324,Leaf88,0,0.5913817332475143,extra_score5_obs_depth2_leaf10
schafer_phyllosphere_2022,Leaf326,Leaf33,0,0.6253109059705865,extra_score5_obs_depth2_leaf10
schafer_phyllosphere_2022,Leaf326,Leaf359,0,0.5737143963806983,extra_score5_obs_depth2_leaf10
schafer_phyllosphere_2022,Leaf326,Leaf371,0,0.5914825612098081,extra_score5_obs_depth2_leaf10
schafer_phyllosphere_2022,Leaf326,Leaf405,0,0.5922330957808615,extra_score5_obs_depth2_leaf10
schafer_phyllosphere_2022,Leaf326,Leaf41,0,0.5940424991234984,extra_score5_obs_depth2_leaf10
schafer_phyllosphere_2022,Leaf326,Leaf427,0,0.5913817332475143,extra_score5_obs_depth2_leaf10
schafer_phyllosphere_2022,Leaf326,Leaf61,0,0.5914825612098081,extra_score5_obs_depth2_leaf10
schafer_phyllosphere_2022,Leaf326,Leaf67,0,0.5914825612098081,extra_score5_obs_depth2_leaf10
schafer_phyllosphere_2022,Leaf326,Leaf88,0,0.5913817332475143,extra_score5_obs_depth2_leaf10
schafer_phyllosphere_2022,Leaf33,Leaf334,0,0.5914825612098081,extra_score5_obs_depth2_leaf10
schafer_phyllosphere_2022,Leaf33,Leaf335,0,0.6394177283017138,extra_score5_obs_depth2_leaf10
schafer_phyllosphere_2022,Leaf33,Leaf336,0,0.5914825612098081,extra_score5_obs_depth2_leaf10
schafer_phyllosphere_2022,Leaf33,Leaf337,0,0.5922330957808615,extra_score5_obs_depth2_leaf10
schafer_phyllosphere_2022,Leaf33,Leaf34,0,0.5923704262279053,extra_score5_obs_depth2_leaf10
schafer_phyllosphere_2022,Leaf33,Leaf343,0,0.5922330957808615,extra_score5_obs_depth2_leaf10
schafer_phyllosphere_2022,Leaf33,Leaf344,0,0.5922330957808615,extra_score5_obs_depth2_leaf10
schafer_phyllosphere_2022,Leaf33,Leaf351,0,0.6397907631345483,extra_score5_obs_depth2_leaf10
schafer_phyllosphere_2022,Leaf33,Leaf354,0,0.5914825612098081,extra_score5_obs_depth2_leaf10
schafer_phyllosphere_2022,Leaf33,Leaf357,0,0.5923704262279053,extra_score5_obs_depth2_leaf10
schafer_phyllosphere_2022,Leaf33,Leaf359,0,0.6242557427855607,extra_score5_obs_depth2_leaf10
schafer_phyllosphere_2022,Leaf33,Leaf361,0,0.5909040320202908,extra_score5_obs_depth2_leaf10
schafer_phyllosphere_2022,Leaf33,Leaf363,0,0.5914825612098081,extra_score5_obs_depth2_leaf10
schafer_phyllosphere_2022,Leaf33,Leaf369,0,0.5923704262279053,extra_score5_obs_depth2_leaf10
schafer_phyllosphere_2022,Leaf33,Leaf371,0,0.7340953879307125,extra_score5_obs_depth2_leaf10
schafer_phyllosphere_2022,Leaf33,Leaf380,0,0.5909040320202908,extra_score5_obs_depth2_leaf10
schafer_phyllosphere_2022,Leaf33,Leaf391,0,0.6202945780274343,extra_score5_obs_depth2_leaf10
schafer_phyllosphere_2022,Leaf33,Leaf394,0,0.5922330957808615,extra_score5_obs_depth2_leaf10
schafer_phyllosphere_2022,Leaf33,Leaf396,0,0.5914825612098081,extra_score5_obs_depth2_leaf10
schafer_phyllosphere_2022,Leaf33,Leaf405,0,0.7294474669529929,extra_score5_obs_depth2_leaf10
schafer_phyllosphere_2022,Leaf33,Leaf406,0,0.5914825612098081,extra_score5_obs_depth2_leaf10
schafer_phyllosphere_2022,Leaf33,Leaf41,0,0.7318672458091349,extra_score5_obs_depth2_leaf10
schafer_phyllosphere_2022,Leaf33,Leaf412,0,0.5923704262279053,extra_score5_obs_depth2_leaf10
schafer_phyllosphere_2022,Leaf33,Leaf416,0,0.604594325325777,extra_score5_obs_depth2_leaf10
schafer_phyllosphere_2022,Leaf33,Leaf420,0,0.5914825612098081,extra_score5_obs_depth2_leaf10
schafer_phyllosphere_2022,Leaf33,Leaf434,0,0.5913448457519724,extra_score5_obs_depth2_leaf10
schafer_phyllosphere_2022,Leaf33,Leaf443,0,0.5922330957808615,extra_score5_obs_depth2_leaf10
schafer_phyllosphere_2022,Leaf33,Leaf446,0,0.592470480528276,extra_score5_obs_depth2_leaf10
schafer_phyllosphere_2022,Leaf33,Leaf454,0,0.5922330957808615,extra_score5_obs_depth2_leaf10
schafer_phyllosphere_2022,Leaf33,Leaf456,0,0.5913817332475143,extra_score5_obs_depth2_leaf10
schafer_phyllosphere_2022,Leaf33,Leaf466,0,0.6302704855712554,extra_score5_obs_depth2_leaf10
schafer_phyllosphere_2022,Leaf33,Leaf49,0,0.5914825612098081,extra_score5_obs_depth2_leaf10
schafer_phyllosphere_2022,Leaf33,Leaf50,0,0.593408182200153,extra_score5_obs_depth2_leaf10
schafer_phyllosphere_2022,Leaf33,Leaf51,0,0.5923704262279053,extra_score5_obs_depth2_leaf10
schafer_phyllosphere_2022,Leaf33,Leaf53,0,0.5923704262279053,extra_score5_obs_depth2_leaf10
schafer_phyllosphere_2022,Leaf33,Leaf58,0,0.6091500519743956,extra_score5_obs_depth2_leaf10
schafer_phyllosphere_2022,Leaf33,Leaf61,0,0.7165374747924567,extra_score5_obs_depth2_leaf10
schafer_phyllosphere_2022,Leaf33,Leaf62,0,0.6025270329624759,extra_score5_obs_depth2_leaf10
schafer_phyllosphere_2022,Leaf33,Leaf64,0,0.5914825612098081,extra_score5_obs_depth2_leaf10
schafer_phyllosphere_2022,Leaf33,Leaf67,0,0.7340953879307125,extra_score5_obs_depth2_leaf10
schafer_phyllosphere_2022,Leaf33,Leaf68,0,0.6059399991591461,extra_score5_obs_depth2_leaf10
schafer_phyllosphere_2022,Leaf33,Leaf69,0,0.5923704262279053,extra_score5_obs_depth2_leaf10
schafer_phyllosphere_2022,Leaf33,Leaf70,0,0.5914825612098081,extra_score5_obs_depth2_leaf10
schafer_phyllosphere_2022,Leaf33,Leaf75,0,0.5914825612098081,extra_score5_obs_depth2_leaf10
schafer_phyllosphere_2022,Leaf33,Leaf76,0,0.599813154147204,extra_score5_obs_depth2_leaf10
schafer_phyllosphere_2022,Leaf33,Leaf78,0,0.5908563925480896,extra_score5_obs_depth2_leaf10
schafer_phyllosphere_2022,Leaf33,Leaf82,0,0.5909040320202908,extra_score5_obs_depth2_leaf10
schafer_phyllosphere_2022,Leaf33,Leaf83,0,0.5914825612098081,extra_score5_obs_depth2_leaf10
schafer_phyllosphere_2022,Leaf33,Leaf85,0,0.5928112399595868,extra_score5_obs_depth2_leaf10
schafer_phyllosphere_2022,Leaf33,Leaf86,0,0.593408182200153,extra_score5_obs_depth2_leaf10
schafer_phyllosphere_2022,Leaf33,Leaf87,0,0.6035515131637968,extra_score5_obs_depth2_leaf10
schafer_phyllosphere_2022,Leaf33,Leaf88,0,0.7294474669529929,extra_score5_obs_depth2_leaf10
schafer_phyllosphere_2022,Leaf33,Leaf90,0,0.6059399991591461,extra_score5_obs_depth2_leaf10
schafer_phyllosphere_2022,Leaf33,Leaf91,0,0.5919233749414898,extra_score5_obs_depth2_leaf10
schafer_phyllosphere_2022,Leaf33,Leaf99,0,0.6059399991591461,extra_score5_obs_depth2_leaf10
schafer_phyllosphere_2022,Leaf334,Leaf359,0,0.5750955147294762,extra_score5_obs_depth2_leaf10
schafer_phyllosphere_2022,Leaf334,Leaf371,0,0.5910999325220523,extra_score5_obs_depth2_leaf10
schafer_phyllosphere_2022,Leaf334,Leaf405,0,0.5908563925480896,extra_score5_obs_depth2_leaf10
schafer_phyllosphere_2022,Leaf334,Leaf41,0,0.594279883870913,extra_score5_obs_depth2_leaf10
schafer_phyllosphere_2022,Leaf334,Leaf427,0,0.5913817332475143,extra_score5_obs_depth2_leaf10
schafer_phyllosphere_2022,Leaf334,Leaf61,0,0.5920764854033449,extra_score5_obs_depth2_leaf10
schafer_phyllosphere_2022,Leaf334,Leaf67,0,0.5914825612098081,extra_score5_obs_depth2_leaf10
schafer_phyllosphere_2022,Leaf334,Leaf88,0,0.592470480528276,extra_score5_obs_depth2_leaf10
schafer_phyllosphere_2022,Leaf335,Leaf359,0,0.5843233157857297,extra_score5_obs_depth2_leaf10
schafer_phyllosphere_2022,Leaf335,Leaf371,0,0.598961791613857,extra_score5_obs_depth2_leaf10
schafer_phyllosphere_2022,Leaf335,Leaf405,0,0.5999504845942478,extra_score5_obs_depth2_leaf10
schafer_phyllosphere_2022,Leaf335,Leaf41,0,0.618639567983746,extra_score5_obs_depth2_leaf10
schafer_phyllosphere_2022,Leaf335,Leaf427,0,0.5984364509144323,extra_score5_obs_depth2_leaf10
schafer_phyllosphere_2022,Leaf335,Leaf61,0,0.5999504845942478,extra_score5_obs_depth2_leaf10
schafer_phyllosphere_2022,Leaf335,Leaf67,0,0.5999504845942478,extra_score5_obs_depth2_leaf10
schafer_phyllosphere_2022,Leaf335,Leaf88,0,0.6165927798936944,extra_score5_obs_depth2_leaf10
schafer_phyllosphere_2022,Leaf336,Leaf359,0,0.5759468772628232,extra_score5_obs_depth2_leaf10
schafer_phyllosphere_2022,Leaf336,Leaf371,0,0.5923704262279053,extra_score5_obs_depth2_leaf10
schafer_phyllosphere_2022,Leaf336,Leaf405,0,0.5914825612098081,extra_score5_obs_depth2_leaf10
schafer_phyllosphere_2022,Leaf336,Leaf41,0,0.594279883870913,extra_score5_obs_depth2_leaf10
schafer_phyllosphere_2022,Leaf336,Leaf427,0,0.5923704262279053,extra_score5_obs_depth2_leaf10
schafer_phyllosphere_2022,Leaf336,Leaf61,0,0.5922330957808615,extra_score5_obs_depth2_leaf10
schafer_phyllosphere_2022,Leaf336,Leaf67,0,0.5923704262279053,extra_score5_obs_depth2_leaf10
schafer_phyllosphere_2022,Leaf336,Leaf88,0,0.6092501062747664,extra_score5_obs_depth2_leaf10
schafer_phyllosphere_2022,Leaf337,Leaf359,0,0.5759468772628232,extra_score5_obs_depth2_leaf10
schafer_phyllosphere_2022,Leaf337,Leaf371,0,0.5914825612098081,extra_score5_obs_depth2_leaf10
schafer_phyllosphere_2022,Leaf337,Leaf405,0,0.5914825612098081,extra_score5_obs_depth2_leaf10
schafer_phyllosphere_2022,Leaf337,Leaf41,0,0.593291964552445,extra_score5_obs_depth2_leaf10
schafer_phyllosphere_2022,Leaf337,Leaf427,0,0.5914825612098081,extra_score5_obs_depth2_leaf10
schafer_phyllosphere_2022,Leaf337,Leaf61,0,0.5923704262279053,extra_score5_obs_depth2_leaf10
schafer_phyllosphere_2022,Leaf337,Leaf67,0,0.5923704262279053,extra_score5_obs_depth2_leaf10
schafer_phyllosphere_2022,Leaf337,Leaf88,0,0.6091500519743956,extra_score5_obs_depth2_leaf10
schafer_phyllosphere_2022,Leaf339,Leaf359,0,0.5739102968824599,extra_score5_obs_depth2_leaf10
schafer_phyllosphere_2022,Leaf339,Leaf371,0,0.5914825612098081,extra_score5_obs_depth2_leaf10
schafer_phyllosphere_2022,Leaf339,Leaf405,0,0.592470480528276,extra_score5_obs_depth2_leaf10
schafer_phyllosphere_2022,Leaf339,Leaf41,0,0.593291964552445,extra_score5_obs_depth2_leaf10
schafer_phyllosphere_2022,Leaf339,Leaf427,0,0.5914825612098081,extra_score5_obs_depth2_leaf10
schafer_phyllosphere_2022,Leaf339,Leaf61,0,0.5914825612098081,extra_score5_obs_depth2_leaf10
schafer_phyllosphere_2022,Leaf339,Leaf67,0,0.5914825612098081,extra_score5_obs_depth2_leaf10
schafer_phyllosphere_2022,Leaf339,Leaf88,0,0.5914825612098081,extra_score5_obs_depth2_leaf10
schafer_phyllosphere_2022,Leaf34,Leaf359,0,0.5745701740300515,extra_score5_obs_depth2_leaf10
schafer_phyllosphere_2022,Leaf34,Leaf371,0,0.5913817332475143,extra_score5_obs_depth2_leaf10
schafer_phyllosphere_2022,Leaf34,Leaf405,0,0.5922330957808615,extra_score5_obs_depth2_leaf10
schafer_phyllosphere_2022,Leaf34,Leaf41,0,0.5941798295705422,extra_score5_obs_depth2_leaf10
schafer_phyllosphere_2022,Leaf34,Leaf427,0,0.5923704262279053,extra_score5_obs_depth2_leaf10
schafer_phyllosphere_2022,Leaf34,Leaf61,0,0.5914825612098081,extra_score5_obs_depth2_leaf10
schafer_phyllosphere_2022,Leaf34,Leaf67,0,0.624684737308868,extra_score5_obs_depth2_leaf10
schafer_phyllosphere_2022,Leaf34,Leaf88,0,0.5913817332475143,extra_score5_obs_depth2_leaf10
schafer_phyllosphere_2022,Leaf343,Leaf359,0,0.5745701740300515,extra_score5_obs_depth2_leaf10
schafer_phyllosphere_2022,Leaf343,Leaf371,0,0.5923704262279053,extra_score5_obs_depth2_leaf10
schafer_phyllosphere_2022,Leaf343,Leaf405,0,0.5923704262279053,extra_score5_obs_depth2_leaf10
schafer_phyllosphere_2022,Leaf343,Leaf41,0,0.593291964552445,extra_score5_obs_depth2_leaf10
schafer_phyllosphere_2022,Leaf343,Leaf427,0,0.5922330957808615,extra_score5_obs_depth2_leaf10
schafer_phyllosphere_2022,Leaf343,Leaf61,0,0.5913817332475143,extra_score5_obs_depth2_leaf10
schafer_phyllosphere_2022,Leaf343,Leaf67,0,0.5908563925480896,extra_score5_obs_depth2_leaf10
schafer_phyllosphere_2022,Leaf343,Leaf88,0,0.6090127215273518,extra_score5_obs_depth2_leaf10
schafer_phyllosphere_2022,Leaf344,Leaf359,0,0.576084207709867,extra_score5_obs_depth2_leaf10
schafer_phyllosphere_2022,Leaf344,Leaf371,0,0.5913817332475143,extra_score5_obs_depth2_leaf10
schafer_phyllosphere_2022,Leaf344,Leaf405,0,0.5923704262279053,extra_score5_obs_depth2_leaf10
schafer_phyllosphere_2022,Leaf344,Leaf41,0,0.5941798295705422,extra_score5_obs_depth2_leaf10
schafer_phyllosphere_2022,Leaf344,Leaf427,0,0.5922330957808615,extra_score5_obs_depth2_leaf10
schafer_phyllosphere_2022,Leaf344,Leaf61,0,0.5922330957808615,extra_score5_obs_depth2_leaf10
schafer_phyllosphere_2022,Leaf344,Leaf67,0,0.5922330957808615,extra_score5_obs_depth2_leaf10
schafer_phyllosphere_2022,Leaf344,Leaf88,0,0.5920764854033449,extra_score5_obs_depth2_leaf10
schafer_phyllosphere_2022,Leaf351,Leaf359,0,0.6194257249796048,extra_score5_obs_depth2_leaf10
schafer_phyllosphere_2022,Leaf351,Leaf371,0,0.5910999325220523,extra_score5_obs_depth2_leaf10
schafer_phyllosphere_2022,Leaf351,Leaf405,0,0.5922330957808615,extra_score5_obs_depth2_leaf10
schafer_phyllosphere_2022,Leaf351,Leaf41,0,0.5927134353629278,extra_score5_obs_depth2_leaf10
schafer_phyllosphere_2022,Leaf351,Leaf427,0,0.6247323767810691,extra_score5_obs_depth2_leaf10
schafer_phyllosphere_2022,Leaf351,Leaf61,0,0.5920764854033449,extra_score5_obs_depth2_leaf10
schafer_phyllosphere_2022,Leaf351,Leaf67,0,0.5923704262279053,extra_score5_obs_depth2_leaf10
schafer_phyllosphere_2022,Leaf351,Leaf88,0,0.6407786824530162,extra_score5_obs_depth2_leaf10
schafer_phyllosphere_2022,Leaf354,Leaf359,0,0.5856365947378992,extra_score5_obs_depth2_leaf10
schafer_phyllosphere_2022,Leaf354,Leaf371,0,0.5923704262279053,extra_score5_obs_depth2_leaf10
schafer_phyllosphere_2022,Leaf354,Leaf405,0,0.5922330957808615,extra_score5_obs_depth2_leaf10
schafer_phyllosphere_2022,Leaf354,Leaf41,0,0.594279883870913,extra_score5_obs_depth2_leaf10
schafer_phyllosphere_2022,Leaf354,Leaf427,0,0.592470480528276,extra_score5_obs_depth2_leaf10
schafer_phyllosphere_2022,Leaf354,Leaf61,0,0.5914825612098081,extra_score5_obs_depth2_leaf10
schafer_phyllosphere_2022,Leaf354,Leaf67,0,0.5914825612098081,extra_score5_obs_depth2_leaf10
schafer_phyllosphere_2022,Leaf354,Leaf88,0,0.6077076447315158,extra_score5_obs_depth2_leaf10
schafer_phyllosphere_2022,Leaf357,Leaf359,0,0.576084207709867,extra_score5_obs_depth2_leaf10
schafer_phyllosphere_2022,Leaf357,Leaf371,0,0.5923704262279053,extra_score5_obs_depth2_leaf10
schafer_phyllosphere_2022,Leaf357,Leaf405,0,0.5914825612098081,extra_score5_obs_depth2_leaf10
schafer_phyllosphere_2022,Leaf357,Leaf41,0,0.5940424991234984,extra_score5_obs_depth2_leaf10
schafer_phyllosphere_2022,Leaf357,Leaf427,0,0.5909040320202908,extra_score5_obs_depth2_leaf10
schafer_phyllosphere_2022,Leaf357,Leaf61,0,0.5914825612098081,extra_score5_obs_depth2_leaf10
schafer_phyllosphere_2022,Leaf357,Leaf67,0,0.5922330957808615,extra_score5_obs_depth2_leaf10
schafer_phyllosphere_2022,Leaf357,Leaf88,0,0.5923704262279053,extra_score5_obs_depth2_leaf10
schafer_phyllosphere_2022,Leaf359,Leaf361,0,0.576084207709867,extra_score5_obs_depth2_leaf10
schafer_phyllosphere_2022,Leaf359,Leaf363,0,0.5858739794853138,extra_score5_obs_depth2_leaf10
schafer_phyllosphere_2022,Leaf359,Leaf369,0,0.5757902668853067,extra_score5_obs_depth2_leaf10
schafer_phyllosphere_2022,Leaf359,Leaf371,0,0.6058391711968523,extra_score5_obs_depth2_leaf10
schafer_phyllosphere_2022,Leaf359,Leaf380,0,0.576084207709867,extra_score5_obs_depth2_leaf10
schafer_phyllosphere_2022,Leaf359,Leaf391,0,0.5849206571563234,extra_score5_obs_depth2_leaf10
schafer_phyllosphere_2022,Leaf359,Leaf394,0,0.5759468772628232,extra_score5_obs_depth2_leaf10
schafer_phyllosphere_2022,Leaf359,Leaf396,0,0.576084207709867,extra_score5_obs_depth2_leaf10
schafer_phyllosphere_2022,Leaf359,Leaf405,0,0.6066905337301994,extra_score5_obs_depth2_leaf10
schafer_phyllosphere_2022,Leaf359,Leaf406,0,0.5851323434889334,extra_score5_obs_depth2_leaf10
schafer_phyllosphere_2022,Leaf359,Leaf41,0,0.6083433266953199,extra_score5_obs_depth2_leaf10
schafer_phyllosphere_2022,Leaf359,Leaf412,0,0.576084207709867,extra_score5_obs_depth2_leaf10
schafer_phyllosphere_2022,Leaf359,Leaf416,0,0.5818776524731728,extra_score5_obs_depth2_leaf10
schafer_phyllosphere_2022,Leaf359,Leaf42,0,0.5804289485692322,extra_score5_obs_depth2_leaf10
schafer_phyllosphere_2022,Leaf359,Leaf420,0,0.5759468772628232,extra_score5_obs_depth2_leaf10
schafer_phyllosphere_2022,Leaf359,Leaf427,0,0.6068278641772432,extra_score5_obs_depth2_leaf10
schafer_phyllosphere_2022,Leaf359,Leaf434,0,0.5913597706457036,extra_score5_obs_depth2_leaf10
schafer_phyllosphere_2022,Leaf359,Leaf443,0,0.5746178135022526,extra_score5_obs_depth2_leaf10
schafer_phyllosphere_2022,Leaf359,Leaf446,0,0.576084207709867,extra_score5_obs_depth2_leaf10
schafer_phyllosphere_2022,Leaf359,Leaf454,0,0.576084207709867,extra_score5_obs_depth2_leaf10
schafer_phyllosphere_2022,Leaf359,Leaf456,0,0.576084207709867,extra_score5_obs_depth2_leaf10
schafer_phyllosphere_2022,Leaf359,Leaf466,0,0.5997612999882114,extra_score5_obs_depth2_leaf10
schafer_phyllosphere_2022,Leaf359,Leaf49,0,0.5761842620102379,extra_score5_obs_depth2_leaf10
schafer_phyllosphere_2022,Leaf359,Leaf5,0,0.5737143963806983,extra_score5_obs_depth2_leaf10
schafer_phyllosphere_2022,Leaf359,Leaf50,0,0.5775690149685303,extra_score5_obs_depth2_leaf10
schafer_phyllosphere_2022,Leaf359,Leaf51,0,0.5750955147294762,extra_score5_obs_depth2_leaf10
schafer_phyllosphere_2022,Leaf359,Leaf53,0,0.5737143963806983,extra_score5_obs_depth2_leaf10
schafer_phyllosphere_2022,Leaf359,Leaf58,0,0.5759468772628232,extra_score5_obs_depth2_leaf10
schafer_phyllosphere_2022,Leaf359,Leaf61,0,0.6068278641772432,extra_score5_obs_depth2_leaf10
schafer_phyllosphere_2022,Leaf359,Leaf62,0,0.5821150372205874,extra_score5_obs_depth2_leaf10
schafer_phyllosphere_2022,Leaf359,Leaf64,0,0.576084207709867,extra_score5_obs_depth2_leaf10
schafer_phyllosphere_2022,Leaf359,Leaf67,0,0.6069279184776141,extra_score5_obs_depth2_leaf10
schafer_phyllosphere_2022,Leaf359,Leaf68,0,0.5818776524731728,extra_score5_obs_depth2_leaf10
schafer_phyllosphere_2022,Leaf359,Leaf69,0,0.5759468772628232,extra_score5_obs_depth2_leaf10
schafer_phyllosphere_2022,Leaf359,Leaf70,0,0.5761842620102379,extra_score5_obs_depth2_leaf10
schafer_phyllosphere_2022,Leaf359,Leaf75,0,0.576084207709867,extra_score5_obs_depth2_leaf10
schafer_phyllosphere_2022,Leaf359,Leaf76,0,0.5782145666672637,extra_score5_obs_depth2_leaf10
schafer_phyllosphere_2022,Leaf359,Leaf78,0,0.576084207709867,extra_score5_obs_depth2_leaf10
schafer_phyllosphere_2022,Leaf359,Leaf82,0,0.5750955147294762,extra_score5_obs_depth2_leaf10
schafer_phyllosphere_2022,Leaf359,Leaf83,0,0.5761842620102379,extra_score5_obs_depth2_leaf10
schafer_phyllosphere_2022,Leaf359,Leaf85,0,0.5759468772628232,extra_score5_obs_depth2_leaf10
schafer_phyllosphere_2022,Leaf359,Leaf86,0,0.5774316845214865,extra_score5_obs_depth2_leaf10
schafer_phyllosphere_2022,Leaf359,Leaf87,0,0.5818776524731728,extra_score5_obs_depth2_leaf10
schafer_phyllosphere_2022,Leaf359,Leaf88,0,0.6068278641772432,extra_score5_obs_depth2_leaf10
schafer_phyllosphere_2022,Leaf359,Leaf90,0,0.584733227868063,extra_score5_obs_depth2_leaf10
schafer_phyllosphere_2022,Leaf359,Leaf91,0,0.576084207709867,extra_score5_obs_depth2_leaf10
schafer_phyllosphere_2022,Leaf359,Leaf99,0,0.5869010451584787,extra_score5_obs_depth2_leaf10
schafer_phyllosphere_2022,Leaf361,Leaf371,0,0.5913817332475143,extra_score5_obs_depth2_leaf10
schafer_phyllosphere_2022,Leaf361,Leaf405,0,0.5914825612098081,extra_score5_obs_depth2_leaf10
schafer_phyllosphere_2022,Leaf361,Leaf41,0,0.5940424991234984,extra_score5_obs_depth2_leaf10
schafer_phyllosphere_2022,Leaf361,Leaf427,0,0.5909040320202908,extra_score5_obs_depth2_leaf10
schafer_phyllosphere_2022,Leaf361,Leaf61,0,0.5923704262279053,extra_score5_obs_depth2_leaf10
schafer_phyllosphere_2022,Leaf361,Leaf67,0,0.5923704262279053,extra_score5_obs_depth2_leaf10
schafer_phyllosphere_2022,Leaf361,Leaf88,0,0.592470480528276,extra_score5_obs_depth2_leaf10
schafer_phyllosphere_2022,Leaf363,Leaf371,0,0.5922330957808615,extra_score5_obs_depth2_leaf10
schafer_phyllosphere_2022,Leaf363,Leaf405,0,0.5914825612098081,extra_score5_obs_depth2_leaf10
schafer_phyllosphere_2022,Leaf363,Leaf41,0,0.593291964552445,extra_score5_obs_depth2_leaf10
schafer_phyllosphere_2022,Leaf363,Leaf427,0,0.592470480528276,extra_score5_obs_depth2_leaf10
schafer_phyllosphere_2022,Leaf363,Leaf61,0,0.592470480528276,extra_score5_obs_depth2_leaf10
schafer_phyllosphere_2022,Leaf363,Leaf67,0,0.5914825612098081,extra_score5_obs_depth2_leaf10
schafer_phyllosphere_2022,Leaf363,Leaf88,0,0.5923704262279053,extra_score5_obs_depth2_leaf10
schafer_phyllosphere_2022,Leaf369,Leaf371,0,0.5923704262279053,extra_score5_obs_depth2_leaf10
schafer_phyllosphere_2022,Leaf369,Leaf405,0,0.5923704262279053,extra_score5_obs_depth2_leaf10
schafer_phyllosphere_2022,Leaf369,Leaf41,0,0.593291964552445,extra_score5_obs_depth2_leaf10
schafer_phyllosphere_2022,Leaf369,Leaf427,0,0.5914825612098081,extra_score5_obs_depth2_leaf10
schafer_phyllosphere_2022,Leaf369,Leaf61,0,0.5914825612098081,extra_score5_obs_depth2_leaf10
schafer_phyllosphere_2022,Leaf369,Leaf67,0,0.5914825612098081,extra_score5_obs_depth2_leaf10
schafer_phyllosphere_2022,Leaf369,Leaf88,0,0.5914825612098081,extra_score5_obs_depth2_leaf10
schafer_phyllosphere_2022,Leaf371,Leaf380,0,0.592470480528276,extra_score5_obs_depth2_leaf10
schafer_phyllosphere_2022,Leaf371,Leaf391,0,0.6023816028470145,extra_score5_obs_depth2_leaf10
schafer_phyllosphere_2022,Leaf371,Leaf394,0,0.5909040320202908,extra_score5_obs_depth2_leaf10
schafer_phyllosphere_2022,Leaf371,Leaf396,0,0.5914825612098081,extra_score5_obs_depth2_leaf10
schafer_phyllosphere_2022,Leaf371,Leaf405,0,0.7165374747924567,extra_score5_obs_depth2_leaf10
schafer_phyllosphere_2022,Leaf371,Leaf406,0,0.592470480528276,extra_score5_obs_depth2_leaf10
schafer_phyllosphere_2022,Leaf371,Leaf41,0,0.7143093326708789,extra_score5_obs_depth2_leaf10
schafer_phyllosphere_2022,Leaf371,Leaf412,0,0.5909040320202908,extra_score5_obs_depth2_leaf10
schafer_phyllosphere_2022,Leaf371,Leaf416,0,0.6054821903438741,extra_score5_obs_depth2_leaf10
schafer_phyllosphere_2022,Leaf371,Leaf42,0,0.6394177283017138,extra_score5_obs_depth2_leaf10
schafer_phyllosphere_2022,Leaf371,Leaf420,0,0.6082621869562985,extra_score5_obs_depth2_leaf10
schafer_phyllosphere_2022,Leaf371,Leaf427,0,0.7340953879307125,extra_score5_obs_depth2_leaf10
schafer_phyllosphere_2022,Leaf371,Leaf434,0,0.6072267566151129,extra_score5_obs_depth2_leaf10
schafer_phyllosphere_2022,Leaf371,Leaf443,0,0.5922330957808615,extra_score5_obs_depth2_leaf10
schafer_phyllosphere_2022,Leaf371,Leaf446,0,0.5923704262279053,extra_score5_obs_depth2_leaf10
schafer_phyllosphere_2022,Leaf371,Leaf454,0,0.5909040320202908,extra_score5_obs_depth2_leaf10
schafer_phyllosphere_2022,Leaf371,Leaf456,0,0.5922330957808615,extra_score5_obs_depth2_leaf10
schafer_phyllosphere_2022,Leaf371,Leaf466,0,0.6302704855712554,extra_score5_obs_depth2_leaf10
schafer_phyllosphere_2022,Leaf371,Leaf49,0,0.592470480528276,extra_score5_obs_depth2_leaf10
schafer_phyllosphere_2022,Leaf371,Leaf5,0,0.5922330957808615,extra_score5_obs_depth2_leaf10
schafer_phyllosphere_2022,Leaf371,Leaf50,0,0.593408182200153,extra_score5_obs_depth2_leaf10
schafer_phyllosphere_2022,Leaf371,Leaf51,0,0.592470480528276,extra_score5_obs_depth2_leaf10
schafer_phyllosphere_2022,Leaf371,Leaf53,0,0.5908563925480896,extra_score5_obs_depth2_leaf10
schafer_phyllosphere_2022,Leaf371,Leaf58,0,0.5914825612098081,extra_score5_obs_depth2_leaf10
schafer_phyllosphere_2022,Leaf371,Leaf61,0,0.7340953879307125,extra_score5_obs_depth2_leaf10
schafer_phyllosphere_2022,Leaf371,Leaf62,0,0.603414897980573,extra_score5_obs_depth2_leaf10
schafer_phyllosphere_2022,Leaf371,Leaf64,0,0.5922330957808615,extra_score5_obs_depth2_leaf10
schafer_phyllosphere_2022,Leaf371,Leaf67,0,0.7340953879307125,extra_score5_obs_depth2_leaf10
schafer_phyllosphere_2022,Leaf371,Leaf68,1,0.6534074578891208,extra_score5_obs_depth2_leaf10
schafer_phyllosphere_2022,Leaf371,Leaf69,0,0.5922330957808615,extra_score5_obs_depth2_leaf10
schafer_phyllosphere_2022,Leaf371,Leaf70,0,0.5923704262279053,extra_score5_obs_depth2_leaf10
schafer_phyllosphere_2022,Leaf371,Leaf75,0,0.592470480528276,extra_score5_obs_depth2_leaf10
schafer_phyllosphere_2022,Leaf371,Leaf78,0,0.5914825612098081,extra_score5_obs_depth2_leaf10
schafer_phyllosphere_2022,Leaf371,Leaf82,0,0.5923704262279053,extra_score5_obs_depth2_leaf10
schafer_phyllosphere_2022,Leaf371,Leaf83,0,0.5914825612098081,extra_score5_obs_depth2_leaf10
schafer_phyllosphere_2022,Leaf371,Leaf85,0,0.5919233749414898,extra_score5_obs_depth2_leaf10
schafer_phyllosphere_2022,Leaf371,Leaf86,0,0.5942960472182501,extra_score5_obs_depth2_leaf10
schafer_phyllosphere_2022,Leaf371,Leaf87,0,0.603945508288728,extra_score5_obs_depth2_leaf10
schafer_phyllosphere_2022,Leaf371,Leaf88,0,0.7340953879307125,extra_score5_obs_depth2_leaf10
schafer_phyllosphere_2022,Leaf371,Leaf90,0,0.625006277356614,extra_score5_obs_depth2_leaf10
schafer_phyllosphere_2022,Leaf371,Leaf91,0,0.592673909512543,extra_score5_obs_depth2_leaf10
schafer_phyllosphere_2022,Leaf371,Leaf99,0,0.6059399991591461,extra_score5_obs_depth2_leaf10
schafer_phyllosphere_2022,Leaf380,Leaf405,0,0.5914825612098081,extra_score5_obs_depth2_leaf10
schafer_phyllosphere_2022,Leaf380,Leaf41,0,0.5941798295705422,extra_score5_obs_depth2_leaf10
schafer_phyllosphere_2022,Leaf380,Leaf427,0,0.5923704262279053,extra_score5_obs_depth2_leaf10
schafer_phyllosphere_2022,Leaf380,Leaf61,0,0.5914825612098081,extra_score5_obs_depth2_leaf10
schafer_phyllosphere_2022,Leaf380,Leaf67,0,0.5909040320202908,extra_score5_obs_depth2_leaf10
schafer_phyllosphere_2022,Leaf380,Leaf88,0,0.5908563925480896,extra_score5_obs_depth2_leaf10
schafer_phyllosphere_2022,Leaf391,Leaf405,0,0.6023816028470145,extra_score5_obs_depth2_leaf10
schafer_phyllosphere_2022,Leaf391,Leaf41,0,0.60522430132321,extra_score5_obs_depth2_leaf10
schafer_phyllosphere_2022,Leaf391,Leaf427,0,0.6023816028470145,extra_score5_obs_depth2_leaf10
schafer_phyllosphere_2022,Leaf391,Leaf61,0,0.6032694678651116,extra_score5_obs_depth2_leaf10
schafer_phyllosphere_2022,Leaf391,Leaf67,0,0.6032694678651116,extra_score5_obs_depth2_leaf10
schafer_phyllosphere_2022,Leaf391,Leaf88,0,0.6032694678651116,extra_score5_obs_depth2_leaf10
schafer_phyllosphere_2022,Leaf394,Leaf405,0,0.5914825612098081,extra_score5_obs_depth2_leaf10
schafer_phyllosphere_2022,Leaf394,Leaf41,0,0.593291964552445,extra_score5_obs_depth2_leaf10
schafer_phyllosphere_2022,Leaf394,Leaf427,0,0.6187243548447097,extra_score5_obs_depth2_leaf10
schafer_phyllosphere_2022,Leaf394,Leaf61,0,0.5923704262279053,extra_score5_obs_depth2_leaf10
schafer_phyllosphere_2022,Leaf394,Leaf67,0,0.5923704262279053,extra_score5_obs_depth2_leaf10
schafer_phyllosphere_2022,Leaf394,Leaf88,0,0.5908563925480896,extra_score5_obs_depth2_leaf10
schafer_phyllosphere_2022,Leaf396,Leaf405,0,0.5914825612098081,extra_score5_obs_depth2_leaf10
schafer_phyllosphere_2022,Leaf396,Leaf41,0,0.5941798295705422,extra_score5_obs_depth2_leaf10
schafer_phyllosphere_2022,Leaf396,Leaf427,0,0.5922330957808615,extra_score5_obs_depth2_leaf10
schafer_phyllosphere_2022,Leaf396,Leaf61,0,0.5909040320202908,extra_score5_obs_depth2_leaf10
schafer_phyllosphere_2022,Leaf396,Leaf67,0,0.5922330957808615,extra_score5_obs_depth2_leaf10
schafer_phyllosphere_2022,Leaf396,Leaf88,0,0.6063082416562079,extra_score5_obs_depth2_leaf10
schafer_phyllosphere_2022,Leaf405,Leaf406,0,0.5914825612098081,extra_score5_obs_depth2_leaf10
schafer_phyllosphere_2022,Leaf405,Leaf41,0,0.7201457096966266,extra_score5_obs_depth2_leaf10
schafer_phyllosphere_2022,Leaf405,Leaf412,0,0.6260614405416397,extra_score5_obs_depth2_leaf10
schafer_phyllosphere_2022,Leaf405,Leaf416,0,0.6054821903438741,extra_score5_obs_depth2_leaf10
schafer_phyllosphere_2022,Leaf405,Leaf42,0,0.5990626195761507,extra_score5_obs_depth2_leaf10
schafer_phyllosphere_2022,Leaf405,Leaf420,0,0.5920764854033449,extra_score5_obs_depth2_leaf10
schafer_phyllosphere_2022,Leaf405,Leaf427,0,0.7165374747924567,extra_score5_obs_depth2_leaf10
schafer_phyllosphere_2022,Leaf405,Leaf434,0,0.606944955889651,extra_score5_obs_depth2_leaf10
schafer_phyllosphere_2022,Leaf405,Leaf443,0,0.5914825612098081,extra_score5_obs_depth2_leaf10
schafer_phyllosphere_2022,Leaf405,Leaf446,0,0.5922330957808615,extra_score5_obs_depth2_leaf10
schafer_phyllosphere_2022,Leaf405,Leaf454,0,0.5914825612098081,extra_score5_obs_depth2_leaf10
schafer_phyllosphere_2022,Leaf405,Leaf456,0,0.592470480528276,extra_score5_obs_depth2_leaf10
schafer_phyllosphere_2022,Leaf405,Leaf466,0,0.6310210201423087,extra_score5_obs_depth2_leaf10
schafer_phyllosphere_2022,Leaf405,Leaf49,0,0.5914825612098081,extra_score5_obs_depth2_leaf10
schafer_phyllosphere_2022,Leaf405,Leaf5,0,0.5914825612098081,extra_score5_obs_depth2_leaf10
schafer_phyllosphere_2022,Leaf405,Leaf50,0,0.593408182200153,extra_score5_obs_depth2_leaf10
schafer_phyllosphere_2022,Leaf405,Leaf51,0,0.5922330957808615,extra_score5_obs_depth2_leaf10
schafer_phyllosphere_2022,Leaf405,Leaf53,0,0.5909040320202908,extra_score5_obs_depth2_leaf10
schafer_phyllosphere_2022,Leaf405,Leaf58,0,0.5909040320202908,extra_score5_obs_depth2_leaf10
schafer_phyllosphere_2022,Leaf405,Leaf61,0,0.7171377033520119,extra_score5_obs_depth2_leaf10
schafer_phyllosphere_2022,Leaf405,Leaf62,0,0.603414897980573,extra_score5_obs_depth2_leaf10
schafer_phyllosphere_2022,Leaf405,Leaf64,0,0.5922330957808615,extra_score5_obs_depth2_leaf10
schafer_phyllosphere_2022,Leaf405,Leaf67,0,0.7294474669529929,extra_score5_obs_depth2_leaf10
schafer_phyllosphere_2022,Leaf405,Leaf68,0,0.6059399991591461,extra_score5_obs_depth2_leaf10
schafer_phyllosphere_2022,Leaf405,Leaf69,0,0.5923704262279053,extra_score5_obs_depth2_leaf10
schafer_phyllosphere_2022,Leaf405,Leaf70,0,0.5923704262279053,extra_score5_obs_depth2_leaf10
schafer_phyllosphere_2022,Leaf405,Leaf75,0,0.5914825612098081,extra_score5_obs_depth2_leaf10
schafer_phyllosphere_2022,Leaf405,Leaf76,0,0.5990626195761507,extra_score5_obs_depth2_leaf10
schafer_phyllosphere_2022,Leaf405,Leaf78,0,0.5923704262279053,extra_score5_obs_depth2_leaf10
schafer_phyllosphere_2022,Leaf405,Leaf82,0,0.5909040320202908,extra_score5_obs_depth2_leaf10
schafer_phyllosphere_2022,Leaf405,Leaf83,0,0.5914825612098081,extra_score5_obs_depth2_leaf10
schafer_phyllosphere_2022,Leaf405,Leaf85,0,0.5919233749414898,extra_score5_obs_depth2_leaf10
schafer_phyllosphere_2022,Leaf405,Leaf86,0,0.5928296530106357,extra_score5_obs_depth2_leaf10
schafer_phyllosphere_2022,Leaf405,Leaf87,0,0.6029575889702601,extra_score5_obs_depth2_leaf10
schafer_phyllosphere_2022,Leaf405,Leaf88,0,0.7165374747924567,extra_score5_obs_depth2_leaf10
schafer_phyllosphere_2022,Leaf405,Leaf90,0,0.6058391711968523,extra_score5_obs_depth2_leaf10
schafer_phyllosphere_2022,Leaf405,Leaf91,0,0.5928112399595868,extra_score5_obs_depth2_leaf10
schafer_phyllosphere_2022,Leaf405,Leaf99,0,0.6053614699696287,extra_score5_obs_depth2_leaf10
schafer_phyllosphere_2022,Leaf406,Leaf41,0,0.593291964552445,extra_score5_obs_depth2_leaf10
schafer_phyllosphere_2022,Leaf406,Leaf427,0,0.592470480528276,extra_score5_obs_depth2_leaf10
schafer_phyllosphere_2022,Leaf406,Leaf61,0,0.5914825612098081,extra_score5_obs_depth2_leaf10
schafer_phyllosphere_2022,Leaf406,Leaf67,0,0.5914825612098081,extra_score5_obs_depth2_leaf10
schafer_phyllosphere_2022,Leaf406,Leaf88,0,0.5913817332475143,extra_score5_obs_depth2_leaf10
schafer_phyllosphere_2022,Leaf41,Leaf412,0,0.593291964552445,extra_score5_obs_depth2_leaf10
schafer_phyllosphere_2022,Leaf41,Leaf416,0,0.6073916479868818,extra_score5_obs_depth2_leaf10
schafer_phyllosphere_2022,Leaf41,Leaf42,0,0.6008720229187877,extra_score5_obs_depth2_leaf10
schafer_phyllosphere_2022,Leaf41,Leaf420,0,0.593291964552445,extra_score5_obs_depth2_leaf10
schafer_phyllosphere_2022,Leaf41,Leaf427,0,0.7318672458091349,extra_score5_obs_depth2_leaf10
schafer_phyllosphere_2022,Leaf41,Leaf434,0,0.6099578618058346,extra_score5_obs_depth2_leaf10
schafer_phyllosphere_2022,Leaf41,Leaf443,0,0.593291964552445,extra_score5_obs_depth2_leaf10
schafer_phyllosphere_2022,Leaf41,Leaf446,0,0.593291964552445,extra_score5_obs_depth2_leaf10
schafer_phyllosphere_2022,Leaf41,Leaf454,0,0.593291964552445,extra_score5_obs_depth2_leaf10
schafer_phyllosphere_2022,Leaf41,Leaf456,0,0.5941798295705422,extra_score5_obs_depth2_leaf10
schafer_phyllosphere_2022,Leaf41,Leaf466,0,0.633749104647091,extra_score5_obs_depth2_leaf10
schafer_phyllosphere_2022,Leaf41,Leaf49,0,0.593291964552445,extra_score5_obs_depth2_leaf10
schafer_phyllosphere_2022,Leaf41,Leaf5,0,0.593291964552445,extra_score5_obs_depth2_leaf10
schafer_phyllosphere_2022,Leaf41,Leaf50,0,0.596205504861258,extra_score5_obs_depth2_leaf10
schafer_phyllosphere_2022,Leaf41,Leaf51,0,0.593291964552445,extra_score5_obs_depth2_leaf10
schafer_phyllosphere_2022,Leaf41,Leaf53,0,0.5941798295705422,extra_score5_obs_depth2_leaf10
schafer_phyllosphere_2022,Leaf41,Leaf58,0,0.593291964552445,extra_score5_obs_depth2_leaf10
schafer_phyllosphere_2022,Leaf41,Leaf61,0,0.7272193248314153,extra_score5_obs_depth2_leaf10
schafer_phyllosphere_2022,Leaf41,Leaf62,0,0.60522430132321,extra_score5_obs_depth2_leaf10
schafer_phyllosphere_2022,Leaf41,Leaf64,0,0.594279883870913,extra_score5_obs_depth2_leaf10
schafer_phyllosphere_2022,Leaf41,Leaf67,0,0.7318672458091349,extra_score5_obs_depth2_leaf10
schafer_phyllosphere_2022,Leaf41,Leaf68,0,0.6077494025017831,extra_score5_obs_depth2_leaf10
schafer_phyllosphere_2022,Leaf41,Leaf69,0,0.5941798295705422,extra_score5_obs_depth2_leaf10
schafer_phyllosphere_2022,Leaf41,Leaf70,0,0.593291964552445,extra_score5_obs_depth2_leaf10
schafer_phyllosphere_2022,Leaf41,Leaf75,0,0.594279883870913,extra_score5_obs_depth2_leaf10
schafer_phyllosphere_2022,Leaf41,Leaf76,0,0.6008720229187877,extra_score5_obs_depth2_leaf10
schafer_phyllosphere_2022,Leaf41,Leaf78,0,0.594279883870913,extra_score5_obs_depth2_leaf10
schafer_phyllosphere_2022,Leaf41,Leaf82,0,0.5940424991234984,extra_score5_obs_depth2_leaf10
schafer_phyllosphere_2022,Leaf41,Leaf83,0,0.593291964552445,extra_score5_obs_depth2_leaf10
schafer_phyllosphere_2022,Leaf41,Leaf85,0,0.593291964552445,extra_score5_obs_depth2_leaf10
schafer_phyllosphere_2022,Leaf41,Leaf86,0,0.59521758554279,extra_score5_obs_depth2_leaf10
schafer_phyllosphere_2022,Leaf41,Leaf87,0,0.6048844207664964,extra_score5_obs_depth2_leaf10
schafer_phyllosphere_2022,Leaf41,Leaf88,0,0.7143093326708789,extra_score5_obs_depth2_leaf10
schafer_phyllosphere_2022,Leaf41,Leaf90,0,0.6076485745394893,extra_score5_obs_depth2_leaf10
schafer_phyllosphere_2022,Leaf41,Leaf91,0,0.593291964552445,extra_score5_obs_depth2_leaf10
schafer_phyllosphere_2022,Leaf41,Leaf99,0,0.6077494025017831,extra_score5_obs_depth2_leaf10
schafer_phyllosphere_2022,Leaf412,Leaf427,0,0.5913817332475143,extra_score5_obs_depth2_leaf10
schafer_phyllosphere_2022,Leaf412,Leaf61,0,0.5923704262279053,extra_score5_obs_depth2_leaf10
schafer_phyllosphere_2022,Leaf412,Leaf67,0,0.6247323767810691,extra_score5_obs_depth2_leaf10
schafer_phyllosphere_2022,Leaf412,Leaf88,0,0.592470480528276,extra_score5_obs_depth2_leaf10
schafer_phyllosphere_2022,Leaf416,Leaf427,0,0.604594325325777,extra_score5_obs_depth2_leaf10
schafer_phyllosphere_2022,Leaf416,Leaf61,0,0.6223098403926361,extra_score5_obs_depth2_leaf10
schafer_phyllosphere_2022,Leaf416,Leaf67,0,0.6054821903438741,extra_score5_obs_depth2_leaf10
schafer_phyllosphere_2022,Leaf416,Leaf88,1,0.6223098403926361,extra_score5_obs_depth2_leaf10
schafer_phyllosphere_2022,Leaf42,Leaf427,0,0.5996565437696875,extra_score5_obs_depth2_leaf10
schafer_phyllosphere_2022,Leaf42,Leaf61,0,0.6261670827640083,extra_score5_obs_depth2_leaf10
schafer_phyllosphere_2022,Leaf42,Leaf88,0,0.6158422453226411,extra_score5_obs_depth2_leaf10
schafer_phyllosphere_2022,Leaf420,Leaf427,0,0.5914825612098081,extra_score5_obs_depth2_leaf10
schafer_phyllosphere_2022,Leaf420,Leaf61,0,0.5914825612098081,extra_score5_obs_depth2_leaf10
schafer_phyllosphere_2022,Leaf420,Leaf67,0,0.5914825612098081,extra_score5_obs_depth2_leaf10
schafer_phyllosphere_2022,Leaf420,Leaf88,0,0.6082621869562985,extra_score5_obs_depth2_leaf10
schafer_phyllosphere_2022,Leaf427,Leaf434,0,0.609690920006448,extra_score5_obs_depth2_leaf10
schafer_phyllosphere_2022,Leaf427,Leaf443,0,0.6222053625699777,extra_score5_obs_depth2_leaf10
schafer_phyllosphere_2022,Leaf427,Leaf446,0,0.592470480528276,extra_score5_obs_depth2_leaf10
schafer_phyllosphere_2022,Leaf427,Leaf454,0,0.5922330957808615,extra_score5_obs_depth2_leaf10
schafer_phyllosphere_2022,Leaf427,Leaf456,0,0.5913817332475143,extra_score5_obs_depth2_leaf10
schafer_phyllosphere_2022,Leaf427,Leaf466,0,0.6302704855712554,extra_score5_obs_depth2_leaf10
schafer_phyllosphere_2022,Leaf427,Leaf49,0,0.5914825612098081,extra_score5_obs_depth2_leaf10
schafer_phyllosphere_2022,Leaf427,Leaf5,0,0.5913817332475143,extra_score5_obs_depth2_leaf10
schafer_phyllosphere_2022,Leaf427,Leaf50,1,0.6101878079466434,extra_score5_obs_depth2_leaf10
schafer_phyllosphere_2022,Leaf427,Leaf51,0,0.5922330957808615,extra_score5_obs_depth2_leaf10
schafer_phyllosphere_2022,Leaf427,Leaf53,0,0.5913817332475143,extra_score5_obs_depth2_leaf10
schafer_phyllosphere_2022,Leaf427,Leaf58,0,0.6091500519743956,extra_score5_obs_depth2_leaf10
schafer_phyllosphere_2022,Leaf427,Leaf61,0,0.7294474669529929,extra_score5_obs_depth2_leaf10
schafer_phyllosphere_2022,Leaf427,Leaf62,0,0.6025270329624759,extra_score5_obs_depth2_leaf10
schafer_phyllosphere_2022,Leaf427,Leaf64,0,0.592470480528276,extra_score5_obs_depth2_leaf10
schafer_phyllosphere_2022,Leaf427,Leaf67,0,0.7340953879307125,extra_score5_obs_depth2_leaf10
schafer_phyllosphere_2022,Leaf427,Leaf69,0,0.5914825612098081,extra_score5_obs_depth2_leaf10
schafer_phyllosphere_2022,Leaf427,Leaf70,0,0.5923704262279053,extra_score5_obs_depth2_leaf10
schafer_phyllosphere_2022,Leaf427,Leaf75,0,0.5914825612098081,extra_score5_obs_depth2_leaf10
schafer_phyllosphere_2022,Leaf427,Leaf76,0,0.5990626195761507,extra_score5_obs_depth2_leaf10
schafer_phyllosphere_2022,Leaf427,Leaf78,0,0.5914825612098081,extra_score5_obs_depth2_leaf10
schafer_phyllosphere_2022,Leaf427,Leaf82,0,0.5923704262279053,extra_score5_obs_depth2_leaf10
schafer_phyllosphere_2022,Leaf427,Leaf83,0,0.5914825612098081,extra_score5_obs_depth2_leaf10
schafer_phyllosphere_2022,Leaf427,Leaf85,0,0.5919233749414898,extra_score5_obs_depth2_leaf10
schafer_phyllosphere_2022,Leaf427,Leaf86,0,0.5930255535123973,extra_score5_obs_depth2_leaf10
schafer_phyllosphere_2022,Leaf427,Leaf87,0,0.6038454539883572,extra_score5_obs_depth2_leaf10
schafer_phyllosphere_2022,Leaf427,Leaf88,0,0.7340953879307125,extra_score5_obs_depth2_leaf10
schafer_phyllosphere_2022,Leaf427,Leaf90,0,0.6242557427855607,extra_score5_obs_depth2_leaf10
schafer_phyllosphere_2022,Leaf427,Leaf91,0,0.5919233749414898,extra_score5_obs_depth2_leaf10
schafer_phyllosphere_2022,Leaf427,Leaf99,0,0.6059399991591461,extra_score5_obs_depth2_leaf10
schafer_phyllosphere_2022,Leaf434,Leaf61,0,0.6095908657060772,extra_score5_obs_depth2_leaf10
schafer_phyllosphere_2022,Leaf434,Leaf67,0,0.6067014159156884,extra_score5_obs_depth2_leaf10
schafer_phyllosphere_2022,Leaf434,Leaf88,0,0.6072267566151129,extra_score5_obs_depth2_leaf10
schafer_phyllosphere_2022,Leaf443,Leaf61,0,0.5923704262279053,extra_score5_obs_depth2_leaf10
schafer_phyllosphere_2022,Leaf443,Leaf67,0,0.5922330957808615,extra_score5_obs_depth2_leaf10
schafer_phyllosphere_2022,Leaf443,Leaf88,0,0.5914825612098081,extra_score5_obs_depth2_leaf10
schafer_phyllosphere_2022,Leaf446,Leaf61,0,0.5923704262279053,extra_score5_obs_depth2_leaf10
schafer_phyllosphere_2022,Leaf446,Leaf67,0,0.592470480528276,extra_score5_obs_depth2_leaf10
schafer_phyllosphere_2022,Leaf446,Leaf88,0,0.5922330957808615,extra_score5_obs_depth2_leaf10
schafer_phyllosphere_2022,Leaf454,Leaf61,0,0.5923704262279053,extra_score5_obs_depth2_leaf10
schafer_phyllosphere_2022,Leaf454,Leaf67,0,0.5922330957808615,extra_score5_obs_depth2_leaf10
schafer_phyllosphere_2022,Leaf454,Leaf88,0,0.5922330957808615,extra_score5_obs_depth2_leaf10
schafer_phyllosphere_2022,Leaf456,Leaf61,0,0.5922330957808615,extra_score5_obs_depth2_leaf10
schafer_phyllosphere_2022,Leaf456,Leaf67,0,0.5922330957808615,extra_score5_obs_depth2_leaf10
schafer_phyllosphere_2022,Leaf456,Leaf88,1,0.6082621869562985,extra_score5_obs_depth2_leaf10
schafer_phyllosphere_2022,Leaf466,Leaf61,0,0.6302704855712554,extra_score5_obs_depth2_leaf10
schafer_phyllosphere_2022,Leaf466,Leaf67,0,0.6311583505893525,extra_score5_obs_depth2_leaf10
schafer_phyllosphere_2022,Leaf466,Leaf88,0,0.672810661914443,extra_score5_obs_depth2_leaf10
schafer_phyllosphere_2022,Leaf49,Leaf61,0,0.5909040320202908,extra_score5_obs_depth2_leaf10
schafer_phyllosphere_2022,Leaf49,Leaf67,0,0.5914825612098081,extra_score5_obs_depth2_leaf10
schafer_phyllosphere_2022,Leaf49,Leaf88,0,0.5914825612098081,extra_score5_obs_depth2_leaf10
schafer_phyllosphere_2022,Leaf5,Leaf61,0,0.5923704262279053,extra_score5_obs_depth2_leaf10
schafer_phyllosphere_2022,Leaf5,Leaf88,0,0.6082621869562985,extra_score5_obs_depth2_leaf10
schafer_phyllosphere_2022,Leaf50,Leaf61,1,0.6101878079466434,extra_score5_obs_depth2_leaf10
schafer_phyllosphere_2022,Leaf50,Leaf67,1,0.6101878079466434,extra_score5_obs_depth2_leaf10
schafer_phyllosphere_2022,Leaf50,Leaf88,1,0.593408182200153,extra_score5_obs_depth2_leaf10
schafer_phyllosphere_2022,Leaf51,Leaf61,0,0.5914825612098081,extra_score5_obs_depth2_leaf10
schafer_phyllosphere_2022,Leaf51,Leaf67,0,0.5922330957808615,extra_score5_obs_depth2_leaf10
schafer_phyllosphere_2022,Leaf51,Leaf88,0,0.592470480528276,extra_score5_obs_depth2_leaf10
schafer_phyllosphere_2022,Leaf53,Leaf61,0,0.5923704262279053,extra_score5_obs_depth2_leaf10
schafer_phyllosphere_2022,Leaf53,Leaf67,0,0.5914825612098081,extra_score5_obs_depth2_leaf10
schafer_phyllosphere_2022,Leaf53,Leaf88,0,0.6406786281526454,extra_score5_obs_depth2_leaf10
schafer_phyllosphere_2022,Leaf58,Leaf61,0,0.592470480528276,extra_score5_obs_depth2_leaf10
schafer_phyllosphere_2022,Leaf58,Leaf67,0,0.5909040320202908,extra_score5_obs_depth2_leaf10
schafer_phyllosphere_2022,Leaf58,Leaf88,0,0.6082621869562985,extra_score5_obs_depth2_leaf10
schafer_phyllosphere_2022,Leaf61,Leaf62,0,0.6019485037729586,extra_score5_obs_depth2_leaf10
schafer_phyllosphere_2022,Leaf61,Leaf64,0,0.5914825612098081,extra_score5_obs_depth2_leaf10
schafer_phyllosphere_2022,Leaf61,Leaf67,0,0.7340953879307125,extra_score5_obs_depth2_leaf10
schafer_phyllosphere_2022,Leaf61,Leaf68,0,0.6053397705995909,extra_score5_obs_depth2_leaf10
schafer_phyllosphere_2022,Leaf61,Leaf69,0,0.5914825612098081,extra_score5_obs_depth2_leaf10
schafer_phyllosphere_2022,Leaf61,Leaf70,0,0.5914825612098081,extra_score5_obs_depth2_leaf10
schafer_phyllosphere_2022,Leaf61,Leaf75,0,0.5909040320202908,extra_score5_obs_depth2_leaf10
schafer_phyllosphere_2022,Leaf61,Leaf76,0,0.5990626195761507,extra_score5_obs_depth2_leaf10
schafer_phyllosphere_2022,Leaf61,Leaf78,0,0.5914825612098081,extra_score5_obs_depth2_leaf10
schafer_phyllosphere_2022,Leaf61,Leaf82,0,0.6262988252890543,extra_score5_obs_depth2_leaf10
schafer_phyllosphere_2022,Leaf61,Leaf83,1,0.6091500519743956,extra_score5_obs_depth2_leaf10
schafer_phyllosphere_2022,Leaf61,Leaf85,0,0.592673909512543,extra_score5_obs_depth2_leaf10
schafer_phyllosphere_2022,Leaf61,Leaf86,0,0.5933073542378592,extra_score5_obs_depth2_leaf10
schafer_phyllosphere_2022,Leaf61,Leaf87,0,0.6037081235413133,extra_score5_obs_depth2_leaf10
schafer_phyllosphere_2022,Leaf61,Leaf88,0,0.7171377033520119,extra_score5_obs_depth2_leaf10
schafer_phyllosphere_2022,Leaf61,Leaf90,0,0.6059399991591461,extra_score5_obs_depth2_leaf10
schafer_phyllosphere_2022,Leaf61,Leaf91,0,0.5918225469791959,extra_score5_obs_depth2_leaf10
schafer_phyllosphere_2022,Leaf61,Leaf99,0,0.6066905337301994,extra_score5_obs_depth2_leaf10
schafer_phyllosphere_2022,Leaf62,Leaf67,0,0.603414897980573,extra_score5_obs_depth2_leaf10
schafer_phyllosphere_2022,Leaf62,Leaf88,0,0.6031209571560127,extra_score5_obs_depth2_leaf10
schafer_phyllosphere_2022,Leaf64,Leaf67,0,0.5913817332475143,extra_score5_obs_depth2_leaf10
schafer_phyllosphere_2022,Leaf64,Leaf88,0,0.5920764854033449,extra_score5_obs_depth2_leaf10
schafer_phyllosphere_2022,Leaf67,Leaf68,0,0.6059399991591461,extra_score5_obs_depth2_leaf10
schafer_phyllosphere_2022,Leaf67,Leaf69,0,0.5923704262279053,extra_score5_obs_depth2_leaf10
schafer_phyllosphere_2022,Leaf67,Leaf70,0,0.5923704262279053,extra_score5_obs_depth2_leaf10
schafer_phyllosphere_2022,Leaf67,Leaf75,0,0.6019228132559372,extra_score5_obs_depth2_leaf10
schafer_phyllosphere_2022,Leaf67,Leaf76,0,0.5999504845942478,extra_score5_obs_depth2_leaf10
schafer_phyllosphere_2022,Leaf67,Leaf78,0,0.5923704262279053,extra_score5_obs_depth2_leaf10
schafer_phyllosphere_2022,Leaf67,Leaf82,0,0.5913817332475143,extra_score5_obs_depth2_leaf10
schafer_phyllosphere_2022,Leaf67,Leaf83,0,0.5923704262279053,extra_score5_obs_depth2_leaf10
schafer_phyllosphere_2022,Leaf67,Leaf85,0,0.5928112399595868,extra_score5_obs_depth2_leaf10
schafer_phyllosphere_2022,Leaf67,Leaf86,0,0.5943961015186209,extra_score5_obs_depth2_leaf10
schafer_phyllosphere_2022,Leaf67,Leaf87,0,0.6029575889702601,extra_score5_obs_depth2_leaf10
schafer_phyllosphere_2022,Leaf67,Leaf88,0,0.7300476955125482,extra_score5_obs_depth2_leaf10
schafer_phyllosphere_2022,Leaf67,Leaf90,0,0.6058391711968523,extra_score5_obs_depth2_leaf10
schafer_phyllosphere_2022,Leaf67,Leaf91,0,0.5919233749414898,extra_score5_obs_depth2_leaf10
schafer_phyllosphere_2022,Leaf67,Leaf99,0,0.6069279184776141,extra_score5_obs_depth2_leaf10
schafer_phyllosphere_2022,Leaf68,Leaf88,0,0.6059399991591461,extra_score5_obs_depth2_leaf10
schafer_phyllosphere_2022,Leaf69,Leaf88,0,0.5913817332475143,extra_score5_obs_depth2_leaf10
schafer_phyllosphere_2022,Leaf70,Leaf88,0,0.6082621869562985,extra_score5_obs_depth2_leaf10
schafer_phyllosphere_2022,Leaf75,Leaf88,0,0.5922330957808615,extra_score5_obs_depth2_leaf10
schafer_phyllosphere_2022,Leaf76,Leaf88,0,0.5990626195761507,extra_score5_obs_depth2_leaf10
schafer_phyllosphere_2022,Leaf78,Leaf88,0,0.5914825612098081,extra_score5_obs_depth2_leaf10
schafer_phyllosphere_2022,Leaf82,Leaf88,0,0.6082621869562985,extra_score5_obs_depth2_leaf10
schafer_phyllosphere_2022,Leaf83,Leaf88,1,0.6082621869562985,extra_score5_obs_depth2_leaf10
schafer_phyllosphere_2022,Leaf85,Leaf88,0,0.6396313483066746,extra_score5_obs_depth2_leaf10
schafer_phyllosphere_2022,Leaf86,Leaf88,1,0.5928079536405976,extra_score5_obs_depth2_leaf10
schafer_phyllosphere_2022,Leaf87,Leaf88,0,0.6198785834913633,extra_score5_obs_depth2_leaf10
schafer_phyllosphere_2022,Leaf88,Leaf91,1,0.6402315768662299,extra_score5_obs_depth2_leaf10
schafer_phyllosphere_2022,Leaf88,Leaf99,0,0.6327570042126084,extra_score5_obs_depth2_leaf10
