dataset,taxon_1,taxon_2,interaction_label,tested_status,score_model_score,score_model_selected,observability_model_score,observability_model_selected,compact_combined_model_score,compact_combined_model_selected
schafer_phyllosphere_2022,Leaf10,Leaf129,0,neutral,0.8653533840350882,1,0.8405725786052117,1,0.5858262154654191,1
schafer_phyllosphere_2022,Leaf10,Leaf187,0,neutral,0.9289998975765559,1,0.8410449582350222,1,0.6449563134695461,1
schafer_phyllosphere_2022,Leaf10,Leaf220,0,neutral,0.9236148618662817,1,0.8405725786052117,1,0.6383904854509003,1
schafer_phyllosphere_2022,Leaf10,Leaf299,0,neutral,0.8501776341704518,1,0.8405725786052117,1,0.5751951909282667,0
schafer_phyllosphere_2022,Leaf10,Leaf33,0,neutral,0.927726209581502,1,0.8405725786052117,1,0.6432149850269315,1
schafer_phyllosphere_2022,Leaf10,Leaf359,0,neutral,0.8904258924055999,1,0.8422990878371933,1,0.6064086186899107,1
schafer_phyllosphere_2022,Leaf10,Leaf371,0,neutral,0.8105618456391442,1,0.8405725786052117,1,0.5508406308578222,0
schafer_phyllosphere_2022,Leaf10,Leaf405,0,neutral,0.9277815418014792,1,0.8405725786052117,1,0.6432814214128646,1
schafer_phyllosphere_2022,Leaf10,Leaf41,0,neutral,0.9284315177985255,1,0.8407301647486001,1,0.644132160575877,1
schafer_phyllosphere_2022,Leaf10,Leaf427,0,neutral,0.9230655914509712,1,0.8405725786052117,1,0.6377620239457399,1
schafer_phyllosphere_2022,Leaf10,Leaf61,0,neutral,0.9299737884016936,1,0.8405725786052117,1,0.6459475773354878,1
schafer_phyllosphere_2022,Leaf10,Leaf67,0,neutral,0.931884603432956,1,0.8405725786052117,1,0.6483275094055504,1
schafer_phyllosphere_2022,Leaf10,Leaf88,0,neutral,0.8440195058904265,1,0.8405725786052117,1,0.5711155377472175,0
schafer_phyllosphere_2022,Leaf106,Leaf129,0,neutral,0.9233231460405984,1,0.8340462954893825,1,0.6414510330970711,1
schafer_phyllosphere_2022,Leaf106,Leaf187,0,neutral,0.9420775138731637,1,0.83502096544045,1,0.7920738317957041,1
schafer_phyllosphere_2022,Leaf106,Leaf220,0,neutral,0.9100862671090253,1,0.8340462954893825,1,0.6273243010099127,1
schafer_phyllosphere_2022,Leaf106,Leaf299,0,neutral,0.9063431222772373,1,0.8340462954893825,1,0.6236349830200939,1
schafer_phyllosphere_2022,Leaf106,Leaf33,0,neutral,0.8509122089411799,1,0.8340462954893825,1,0.5792843237769905,0
schafer_phyllosphere_2022,Leaf106,Leaf359,0,neutral,0.8941857862095698,1,0.838236700182785,1,0.6142212260731523,1
schafer_phyllosphere_2022,Leaf106,Leaf371,0,neutral,0.7948809656219981,1,0.8340462954893825,1,0.5458847122900813,0
schafer_phyllosphere_2022,Leaf106,Leaf405,0,neutral,0.8376565941298515,1,0.8340462954893825,1,0.5706388783086955,0
schafer_phyllosphere_2022,Leaf106,Leaf41,0,neutral,0.907624568257235,1,0.8340462954893825,1,0.6248844702816111,1
schafer_phyllosphere_2022,Leaf106,Leaf427,0,neutral,0.9061186414455707,1,0.8340462954893825,1,0.6234175123657664,1
schafer_phyllosphere_2022,Leaf106,Leaf61,0,neutral,0.9275253228717446,1,0.8340462954893825,1,0.6000607661760899,1
schafer_phyllosphere_2022,Leaf106,Leaf67,0,neutral,0.8934178706933583,1,0.8340462954893825,1,0.6117398013292732,1
schafer_phyllosphere_2022,Leaf106,Leaf88,0,neutral,0.9311684872673175,1,0.8340462954893825,1,0.6507842623088809,1
schafer_phyllosphere_2022,Leaf122,Leaf129,0,neutral,0.9261948205656364,1,0.830090241225514,1,0.6467644605778443,1
schafer_phyllosphere_2022,Leaf122,Leaf187,0,neutral,0.9302956643619437,1,0.8333829073880776,1,0.6530126019784322,1
schafer_phyllosphere_2022,Leaf122,Leaf220,0,neutral,0.8249977449714826,1,0.830090241225514,1,0.5650025484178149,0
schafer_phyllosphere_2022,Leaf122,Leaf299,0,neutral,0.9307546335210127,1,0.830090241225514,1,0.6522477555809888,1
schafer_phyllosphere_2022,Leaf122,Leaf33,0,neutral,0.8009242218654649,1,0.830090241225514,1,0.5512950113916552,0
schafer_phyllosphere_2022,Leaf122,Leaf359,0,neutral,0.7956873745803985,1,0.836945658525697,1,0.5515193152015725,0
schafer_phyllosphere_2022,Leaf122,Leaf371,0,neutral,0.9105445657068344,1,0.830090241225514,1,0.6298160506031489,1
schafer_phyllosphere_2022,Leaf122,Leaf405,0,neutral,0.829550807705133,1,0.830090241225514,1,0.5677470646127558,0
schafer_phyllosphere_2022,Leaf122,Leaf41,0,neutral,0.7893897078428288,1,0.830090241225514,1,0.5451428906183056,0
schafer_phyllosphere_2022,Leaf122,Leaf427,0,neutral,0.8578539956742963,1,0.830090241225514,1,0.5861594260838645,1
schafer_phyllosphere_2022,Leaf122,Leaf61,0,neutral,0.9278810413643137,1,0.830090241225514,1,0.648759351004345,1
schafer_phyllosphere_2022,Leaf122,Leaf67,0,neutral,0.7912229260237298,1,0.830090241225514,1,0.5461046685159738,0
schafer_phyllosphere_2022,Leaf122,Leaf88,1,positive,0.9739281212701678,1,0.830090241225514,1,0.8008816979383855,1
schafer_phyllosphere_2022,Leaf126,Leaf129,0,neutral,0.8572085203174831,1,0.8426050423706021,1,0.57887023800795,0
schafer_phyllosphere_2022,Leaf126,Leaf187,0,neutral,0.8980886472772637,1,0.8429168225706577,1,0.6114342697596705,1
schafer_phyllosphere_2022,Leaf126,Leaf220,0,neutral,0.9055835655744867,1,0.8426050423706021,1,0.6183291486562958,1
schafer_phyllosphere_2022,Leaf126,Leaf299,0,neutral,0.852870368133278,1,0.8426050423706021,1,0.575874943934529,0
schafer_phyllosphere_2022,Leaf126,Leaf33,0,neutral,0.893402147961199,1,0.8426050423706021,1,0.6071043532366589,1
schafer_phyllosphere_2022,Leaf126,Leaf359,0,neutral,0.8284507728856613,1,0.8432281000802312,1,0.5604517373594442,0
schafer_phyllosphere_2022,Leaf126,Leaf371,0,neutral,0.9151667961095473,1,0.8426050423706021,1,0.6280098162049869,1
schafer_phyllosphere_2022,Leaf126,Leaf405,0,neutral,0.9239403747262679,1,0.8426050423706021,1,0.6376825081431539,1
schafer_phyllosphere_2022,Leaf126,Leaf41,0,neutral,0.9222289748105795,1,0.8426050423706021,1,0.6357270834502424,1
schafer_phyllosphere_2022,Leaf126,Leaf427,0,neutral,0.863145183659823,1,0.8426050423706021,1,0.5830848359859147,1
schafer_phyllosphere_2022,Leaf126,Leaf61,0,neutral,0.9194368633802082,1,0.8426050423706021,1,0.6326106142921541,1
schafer_phyllosphere_2022,Leaf126,Leaf67,0,neutral,0.9257874846148725,1,0.8426050423706021,1,0.6398335592353577,1
schafer_phyllosphere_2022,Leaf126,Leaf88,0,neutral,0.9214916032160764,1,0.8426050423706021,1,0.6348953355274103,1
schafer_phyllosphere_2022,Leaf127,Leaf129,1,positive,0.96714545378545,1,0.8431818627002151,1,0.8205007811810396,1
schafer_phyllosphere_2022,Leaf127,Leaf187,0,neutral,0.9052017216567181,1,0.8434927125205851,1,0.6177824087729017,1
schafer_phyllosphere_2022,Leaf127,Leaf220,0,neutral,0.9195102116472396,1,0.8431818627002151,1,0.6323801041227923,1
schafer_phyllosphere_2022,Leaf127,Leaf299,0,neutral,0.9227013275552342,1,0.8431818627002151,1,0.6359533009412387,1
schafer_phyllosphere_2022,Leaf127,Leaf33,0,neutral,0.818933777074476,1,0.8431818627002151,1,0.5541608727911856,0
schafer_phyllosphere_2022,Leaf127,Leaf359,0,neutral,0.8883959928416522,1,0.8436479491466307,1,0.6026769800596635,1
schafer_phyllosphere_2022,Leaf127,Leaf371,0,neutral,0.8729193974977292,1,0.8431818627002151,1,0.5900195078826898,1
schafer_phyllosphere_2022,Leaf127,Leaf405,0,neutral,0.9073195757235676,1,0.8431818627002151,1,0.619706592988456,1
schafer_phyllosphere_2022,Leaf127,Leaf41,0,neutral,0.8163984405324484,1,0.8431818627002151,1,0.5526869269567668,0
schafer_phyllosphere_2022,Leaf127,Leaf427,0,neutral,0.7821642300551759,1,0.8431818627002151,1,0.5340846245575,0
schafer_phyllosphere_2022,Leaf127,Leaf61,0,neutral,0.8663697183235483,1,0.8431818627002151,1,0.585108541414439,1
schafer_phyllosphere_2022,Leaf127,Leaf67,0,neutral,0.8721297520134215,1,0.8431818627002151,1,0.5894171059062231,1
schafer_phyllosphere_2022,Leaf127,Leaf88,0,neutral,0.8454228227738526,1,0.8431818627002151,1,0.5227660190323103,0
schafer_phyllosphere_2022,Leaf129,Leaf13,0,neutral,0.9034734685986597,1,0.8440438652541518,1,0.6155127805442218,1
schafer_phyllosphere_2022,Leaf129,Leaf130,0,neutral,0.9669486565842523,1,0.8434696269940553,1,0.8196260059563022,1
schafer_phyllosphere_2022,Leaf129,Leaf131,0,neutral,0.9291195963624622,1,0.8379282239665032,1,0.6462794995319847,1
schafer_phyllosphere_2022,Leaf129,Leaf132,0,neutral,0.921312248465331,1,0.8437569610840131,1,0.6340728066942061,1
schafer_phyllosphere_2022,Leaf129,Leaf137,0,neutral,0.927515590459057,1,0.8385188991625285,1,0.6440376646443396,1
schafer_phyllosphere_2022,Leaf129,Leaf141,1,positive,0.9316747009351051,1,0.8389725761067153,1,0.6490459173481524,1
schafer_phyllosphere_2022,Leaf129,Leaf145,0,neutral,0.9188232526191374,1,0.8408642273182327,1,0.6328713850620074,1
schafer_phyllosphere_2022,Leaf129,Leaf15,1,positive,0.9720241840713075,1,0.838383240546577,1,0.8257633544647257,1
schafer_phyllosphere_2022,Leaf129,Leaf151,0,neutral,0.9155633167358188,1,0.8420264978466173,1,0.6287416757357043,1
schafer_phyllosphere_2022,Leaf129,Leaf160,1,positive,0.9314009315848408,1,0.8361457413017366,1,0.6500082191800406,1
schafer_phyllosphere_2022,Leaf129,Leaf161,0,neutral,0.9222763287654154,1,0.8340462954893825,1,0.6402649668114072,1
schafer_phyllosphere_2022,Leaf129,Leaf164,0,neutral,0.9226777724757241,1,0.8423159857726872,1,0.6363914089609093,1
schafer_phyllosphere_2022,Leaf129,Leaf168,0,neutral,0.8487631338580471,1,0.8370389452672582,1,0.5762101543987062,0
schafer_phyllosphere_2022,Leaf129,Leaf17,0,neutral,0.8711692421946641,1,0.8428936679196216,1,0.5888503713724611,1
schafer_phyllosphere_2022,Leaf129,Leaf176,0,neutral,0.9150641942939447,1,0.8437569610840131,1,0.6272756513511714,1
schafer_phyllosphere_2022,Leaf129,Leaf177,0,neutral,0.9309140799084392,1,0.8420264978466173,1,0.6463471576981802,1
schafer_phyllosphere_2022,Leaf129,Leaf180,1,positive,0.9204461192393191,1,0.8437569610840131,1,0.6331049752302698,1
schafer_phyllosphere_2022,Leaf129,Leaf182,0,neutral,0.9297692232997491,1,0.8440438652541518,1,0.8045961189633399,1
schafer_phyllosphere_2022,Leaf129,Leaf183,0,neutral,0.8462667403993938,1,0.8385188991625285,1,0.5737365035262648,0
schafer_phyllosphere_2022,Leaf129,Leaf185,0,neutral,0.9326041867244773,1,0.7119245637495331,1,0.7005561963534158,1
schafer_phyllosphere_2022,Leaf129,Leaf187,0,neutral,0.9328838383721472,1,0.680152425615032,1,0.7104786071392575,1
schafer_phyllosphere_2022,Leaf129,Leaf189,0,neutral,0.8583766503697456,1,0.8434696269940553,1,0.5791992244083494,0
schafer_phyllosphere_2022,Leaf129,Leaf2,0,neutral,0.8120026950382305,1,0.8428936679196216,1,0.5503319046763709,0
schafer_phyllosphere_2022,Leaf129,Leaf201,0,neutral,0.9164525029346281,1,0.8405725786052117,1,0.6304675675123408,1
schafer_phyllosphere_2022,Leaf129,Leaf208,0,neutral,0.8666180149010381,1,0.8414462268990534,1,0.5862660134584851,1
schafer_phyllosphere_2022,Leaf129,Leaf21,0,neutral,0.9232997646955395,1,0.8408642273182327,1,0.637874868240965,1
schafer_phyllosphere_2022,Leaf129,Leaf216,0,neutral,0.9228542753784937,1,0.8434696269940553,1,0.6359725579959689,1
schafer_phyllosphere_2022,Leaf129,Leaf220,0,neutral,0.9352920365591961,1,0.5656839798668116,1,0.7040421001968791,1
schafer_phyllosphere_2022,Leaf129,Leaf222,0,neutral,0.908643845462481,1,0.839987981974528,1,0.6227475406319076,1
schafer_phyllosphere_2022,Leaf129,Leaf226,1,positive,0.9302421135764758,1,0.8414462268990534,1,0.6458192465355052,1
schafer_phyllosphere_2022,Leaf129,Leaf231,1,positive,0.9307971858317952,1,0.8428936679196216,1,0.6457421977722441,1
schafer_phyllosphere_2022,Leaf129,Leaf233,1,positive,0.9319055607780558,1,0.8251439698087067,1,0.6563823856215729,1
schafer_phyllosphere_2022,Leaf129,Leaf234,0,neutral,0.9183664407720005,1,0.8431818627002151,1,0.6311273667174558,1
schafer_phyllosphere_2022,Leaf129,Leaf254,0,neutral,0.9098563251769626,1,0.8370389452672582,1,0.6255271125604209,1
schafer_phyllosphere_2022,Leaf129,Leaf257,0,neutral,0.8810220574865506,1,0.8408642273182327,1,0.597665556862141,1
schafer_phyllosphere_2022,Leaf129,Leaf26,0,neutral,0.8478708478103909,1,0.8411554433251371,1,0.5733247890022819,0
schafer_phyllosphere_2022,Leaf129,Leaf261,0,neutral,0.8608077065696893,1,0.8428936679196216,1,0.5812459148860786,1
schafer_phyllosphere_2022,Leaf129,Leaf262,1,positive,0.9318007142541674,1,0.8296413374633661,1,0.6539163046579552,1
schafer_phyllosphere_2022,Leaf129,Leaf264,0,neutral,0.9081905585607305,1,0.8423159857726872,1,0.621038741608201,1
schafer_phyllosphere_2022,Leaf129,Leaf265,0,neutral,0.8734130892321291,1,0.839401651273026,1,0.5925008424779548,1
schafer_phyllosphere_2022,Leaf129,Leaf267,0,neutral,0.9152436736603772,1,0.8431818627002151,1,0.6277781178552594,1
schafer_phyllosphere_2022,Leaf129,Leaf274,0,neutral,0.9168813158525092,1,0.8405725786052117,1,0.6309261038951455,1
schafer_phyllosphere_2022,Leaf129,Leaf28,0,neutral,0.7832873801506859,1,0.8408642273182327,1,0.5359933058777688,0
schafer_phyllosphere_2022,Leaf129,Leaf280,0,neutral,0.9290216748695412,1,0.8402804969141888,1,0.6449347461099935,1
schafer_phyllosphere_2022,Leaf129,Leaf288,0,neutral,0.9024608498667159,1,0.8423159857726872,1,0.6155042942218215,1
schafer_phyllosphere_2022,Leaf129,Leaf299,0,neutral,0.9353401374877998,1,0.5656839798668116,1,0.8441152267662964,1
schafer_phyllosphere_2022,Leaf129,Leaf3,0,neutral,0.9245530408724815,1,0.8414462268990534,1,0.6390092531755067,1
schafer_phyllosphere_2022,Leaf129,Leaf30,0,neutral,0.8162251414985708,1,0.8426050423706021,1,0.5529177671565291,0
schafer_phyllosphere_2022,Leaf129,Leaf304,0,neutral,0.7839872188871787,1,0.8428936679196216,1,0.5351875941005089,0
schafer_phyllosphere_2022,Leaf129,Leaf311,1,positive,0.9323547003458833,1,0.830703710704849,1,0.6539383558927166,1
schafer_phyllosphere_2022,Leaf129,Leaf313,0,neutral,0.8658335978716969,1,0.5659729812514878,1,0.6853189996266508,1
schafer_phyllosphere_2022,Leaf129,Leaf314,0,neutral,0.8577130062750197,1,0.8374959743085386,1,0.5822288590620798,1
schafer_phyllosphere_2022,Leaf129,Leaf32,0,neutral,0.90118911140991,1,0.8343475302615024,1,0.6185856915655037,1
schafer_phyllosphere_2022,Leaf129,Leaf324,1,positive,0.9653378646919313,1,0.8423159857726872,1,0.814483135068935,1
schafer_phyllosphere_2022,Leaf129,Leaf326,0,neutral,0.9276154278510464,1,0.8428936679196216,1,0.6418517269995544,1
schafer_phyllosphere_2022,Leaf129,Leaf33,0,neutral,0.9319788644262453,1,0.5659729812514878,1,0.7393044776415795,1
schafer_phyllosphere_2022,Leaf129,Leaf334,0,neutral,0.9206272780979147,1,0.8402804969141888,1,0.6351705401550528,1
schafer_phyllosphere_2022,Leaf129,Leaf335,0,neutral,0.9315208323769915,1,0.8276186789836595,1,0.6084132201069999,1
schafer_phyllosphere_2022,Leaf129,Leaf336,0,neutral,0.8318726477110998,1,0.8398533218104999,1,0.5639781267767165,0
schafer_phyllosphere_2022,Leaf129,Leaf337,1,positive,0.929887722968266,1,0.8396950335168474,1,0.6463009331590603,1
schafer_phyllosphere_2022,Leaf129,Leaf339,0,neutral,0.9091087619492911,1,0.839401651273026,1,0.6235243228747002,1
schafer_phyllosphere_2022,Leaf129,Leaf34,0,neutral,0.9462404573334718,1,0.8396950335168474,1,0.7943455882777748,1
schafer_phyllosphere_2022,Leaf129,Leaf343,0,neutral,0.8736502072317095,1,0.8431818627002151,1,0.59057963947528,1
schafer_phyllosphere_2022,Leaf129,Leaf344,0,neutral,0.9007619286368045,1,0.8414462268990534,1,0.6143895085738627,1
schafer_phyllosphere_2022,Leaf129,Leaf351,0,neutral,0.9115857334351246,1,0.839401651273026,1,0.7633050842662491,1
schafer_phyllosphere_2022,Leaf129,Leaf354,0,neutral,0.9196079145498304,1,0.8423159857726872,1,0.6329545588536961,1
schafer_phyllosphere_2022,Leaf129,Leaf357,0,neutral,0.9291087223619092,1,0.8428936679196216,1,0.6436599027388037,1
schafer_phyllosphere_2022,Leaf129,Leaf359,0,neutral,0.927914179779899,1,0.8037430069459298,1,0.661054499077677,1
schafer_phyllosphere_2022,Leaf129,Leaf361,0,neutral,0.8741233035158611,1,0.8405725786052117,1,0.5923994305566194,1
schafer_phyllosphere_2022,Leaf129,Leaf363,0,neutral,0.9178326095085129,1,0.8428936679196216,1,0.6307035060248165,1
schafer_phyllosphere_2022,Leaf129,Leaf369,0,neutral,0.8421849417970492,1,0.8428936679196216,1,0.5686104041387207,0
schafer_phyllosphere_2022,Leaf129,Leaf380,0,neutral,0.8451680594132871,1,0.8426050423706021,1,0.5707191719680562,0
schafer_phyllosphere_2022,Leaf129,Leaf394,0,neutral,0.9063010688144925,1,0.8426050423706021,1,0.619025804192525,1
schafer_phyllosphere_2022,Leaf129,Leaf396,0,neutral,0.9135246499171136,1,0.8426050423706021,1,0.6262903251439634,1
schafer_phyllosphere_2022,Leaf129,Leaf405,0,neutral,0.9003627302888566,1,0.5656839798668116,1,0.710146026721799,1
schafer_phyllosphere_2022,Leaf129,Leaf406,0,neutral,0.9103561101788468,1,0.8437569610840131,1,0.6224165923128366,1
schafer_phyllosphere_2022,Leaf129,Leaf41,0,neutral,0.9328010910837076,1,0.5761943301787061,1,0.7382169048536679,1
schafer_phyllosphere_2022,Leaf129,Leaf412,0,neutral,0.8881830061144715,1,0.8431818627002151,1,0.6022860595154779,1
schafer_phyllosphere_2022,Leaf129,Leaf416,0,neutral,0.9294992169988306,1,0.8127010269046514,1,0.6590981272902982,1
schafer_phyllosphere_2022,Leaf129,Leaf42,0,neutral,0.9735211951749156,1,0.8266845327865902,1,0.8301266913101599,1
schafer_phyllosphere_2022,Leaf129,Leaf420,0,neutral,0.9263526725989677,1,0.839987981974528,1,0.6418867921018355,1
schafer_phyllosphere_2022,Leaf129,Leaf427,0,neutral,0.933018101053848,1,0.5656839798668116,1,0.7403625369381513,1
schafer_phyllosphere_2022,Leaf129,Leaf443,0,neutral,0.9071528353396124,1,0.8423159857726872,1,0.620016170144273,1
schafer_phyllosphere_2022,Leaf129,Leaf446,0,neutral,0.9187739801280163,1,0.8431818627002151,1,0.6315720898306566,1
schafer_phyllosphere_2022,Leaf129,Leaf454,0,neutral,0.9270591675223298,1,0.8434696269940553,1,0.6408778003659782,1
schafer_phyllosphere_2022,Leaf129,Leaf456,0,neutral,0.8671324605702955,1,0.8405725786052117,1,0.5871321574532902,1
schafer_phyllosphere_2022,Leaf129,Leaf466,0,neutral,0.9309246975736059,1,0.7636209789267295,1,0.6809909910675701,1
schafer_phyllosphere_2022,Leaf129,Leaf49,0,neutral,0.8836276228734798,1,0.8431818627002151,1,0.5984935976899348,1
schafer_phyllosphere_2022,Leaf129,Leaf5,0,neutral,0.972089040939283,1,0.839987981974528,1,0.8243952063633462,1
schafer_phyllosphere_2022,Leaf129,Leaf50,0,neutral,0.8860168638775291,1,0.8355721139660545,1,0.6049368410366265,1
schafer_phyllosphere_2022,Leaf129,Leaf51,0,neutral,0.8697543669031578,1,0.8405725786052117,1,0.5890817604221659,1
schafer_phyllosphere_2022,Leaf129,Leaf53,0,neutral,0.8184190863077468,1,0.8420264978466173,1,0.5545221141313705,0
schafer_phyllosphere_2022,Leaf129,Leaf61,0,neutral,0.9355652318369464,1,0.5659729812514878,1,0.9248487057494739,1
schafer_phyllosphere_2022,Leaf129,Leaf62,0,neutral,0.8719455144400063,1,0.8190670439730111,1,0.6020157429558687,1
schafer_phyllosphere_2022,Leaf129,Leaf64,0,neutral,0.9195834989754653,1,0.8417365783143476,1,0.6332387094965797,1
schafer_phyllosphere_2022,Leaf129,Leaf67,0,neutral,0.9301456262530097,1,0.5656839798668116,1,0.7373124667799336,1
schafer_phyllosphere_2022,Leaf129,Leaf68,1,positive,0.9694611615522319,1,0.8072101980027006,1,0.8340873496532692,1
schafer_phyllosphere_2022,Leaf129,Leaf69,0,neutral,0.7930985612865536,1,0.8416031122124814,1,0.5408561494910514,0
schafer_phyllosphere_2022,Leaf129,Leaf70,0,neutral,0.9215751740534474,1,0.842760995329082,1,0.6350572322469187,1
schafer_phyllosphere_2022,Leaf129,Leaf75,0,neutral,0.9078458144624179,1,0.8431818627002151,1,0.6202249932443543,1
schafer_phyllosphere_2022,Leaf129,Leaf78,0,neutral,0.9265326943549556,1,0.839401651273026,1,0.642407393900419,1
schafer_phyllosphere_2022,Leaf129,Leaf82,0,neutral,0.925906032188184,1,0.8405725786052117,1,0.768022872106761,1
schafer_phyllosphere_2022,Leaf129,Leaf83,0,neutral,0.9229834760999912,1,0.8396950335168474,1,0.6381323431584545,1
schafer_phyllosphere_2022,Leaf129,Leaf85,0,neutral,0.9146913184307872,1,0.836306851029408,1,0.6310139417499545,1
schafer_phyllosphere_2022,Leaf129,Leaf86,0,neutral,0.8862500935902099,1,0.8346483266433337,1,0.605310403431131,1
schafer_phyllosphere_2022,Leaf129,Leaf87,0,neutral,0.9014094249892503,1,0.8161440068413307,1,0.627907773404904,1
schafer_phyllosphere_2022,Leaf129,Leaf88,0,neutral,0.9119559378844486,1,0.5656839798668116,1,0.6789496210234529,1
schafer_phyllosphere_2022,Leaf129,Leaf90,0,neutral,0.9341207164616374,1,0.8100344027728227,1,0.6200774682596499,1
schafer_phyllosphere_2022,Leaf129,Leaf91,1,positive,0.9245184830051686,1,0.8361457413017366,1,0.6417446957615868,1
schafer_phyllosphere_2022,Leaf129,Leaf99,0,neutral,0.7972397442660999,1,0.8040863268507474,1,0.562525874119717,0
schafer_phyllosphere_2022,Leaf13,Leaf187,0,neutral,0.9092042153350918,1,0.8440438652541518,1,0.6211016875475525,1
schafer_phyllosphere_2022,Leaf13,Leaf220,0,neutral,0.7847690927148853,1,0.8440438652541518,1,0.5349246616144044,0
schafer_phyllosphere_2022,Leaf13,Leaf299,0,neutral,0.9245645569322009,1,0.8440438652541518,1,0.8003098012582304,1
schafer_phyllosphere_2022,Leaf13,Leaf33,0,neutral,0.9244839106017898,1,0.8440438652541518,1,0.6375377846453923,1
schafer_phyllosphere_2022,Leaf13,Leaf359,0,neutral,0.8606295682091655,1,0.844198656178965,1,0.5805384035072317,1
schafer_phyllosphere_2022,Leaf13,Leaf371,0,neutral,0.8941545384362495,1,0.8440438652541518,1,0.7786335987552462,1
schafer_phyllosphere_2022,Leaf13,Leaf405,0,neutral,0.8940138227631854,1,0.8440438652541518,1,0.606844433997,1
schafer_phyllosphere_2022,Leaf13,Leaf41,0,neutral,0.9271149703034804,1,0.8440438652541518,1,0.6406362006763587,1
schafer_phyllosphere_2022,Leaf13,Leaf427,0,neutral,0.9269586233132494,1,0.8440438652541518,1,0.640449556444603,1
schafer_phyllosphere_2022,Leaf13,Leaf61,0,neutral,0.8874100107080444,1,0.8440438652541518,1,0.6011524983448975,1
schafer_phyllosphere_2022,Leaf13,Leaf67,0,neutral,0.9223591346569414,1,0.8440438652541518,1,0.6350990912876282,1
schafer_phyllosphere_2022,Leaf13,Leaf88,0,neutral,0.9235799097931706,1,0.8440438652541518,1,0.636493488604703,1
schafer_phyllosphere_2022,Leaf130,Leaf187,0,neutral,0.8904903114844728,1,0.8434696269940553,1,0.6040937611312232,1
schafer_phyllosphere_2022,Leaf130,Leaf220,0,neutral,0.9275044895829035,1,0.8434696269940553,1,0.6414106772035426,1
schafer_phyllosphere_2022,Leaf130,Leaf299,0,neutral,0.908204324182667,1,0.8434696269940553,1,0.6204218664828736,1
schafer_phyllosphere_2022,Leaf130,Leaf33,0,neutral,0.9227837185671108,1,0.8434696269940553,1,0.6358921247663623,1
schafer_phyllosphere_2022,Leaf130,Leaf359,0,neutral,0.8549096243774721,1,0.8439350164666765,1,0.5769988411171858,0
schafer_phyllosphere_2022,Leaf130,Leaf371,0,neutral,0.9160343803809946,1,0.8434696269940553,1,0.6284602717540497,1
schafer_phyllosphere_2022,Leaf130,Leaf405,0,neutral,0.8641174209094012,1,0.8434696269940553,1,0.5833003145447476,1
schafer_phyllosphere_2022,Leaf130,Leaf41,0,neutral,0.8855491542265769,1,0.8434696269940553,1,0.5999180347672302,1
schafer_phyllosphere_2022,Leaf130,Leaf427,0,neutral,0.848338773310509,1,0.8434696269940553,1,0.5723258139205377,0
schafer_phyllosphere_2022,Leaf130,Leaf61,0,neutral,0.9145494948842142,1,0.8434696269940553,1,0.6268906118451331,1
schafer_phyllosphere_2022,Leaf130,Leaf67,0,neutral,0.9267010967084018,1,0.8434696269940553,1,0.640451248391521,1
schafer_phyllosphere_2022,Leaf130,Leaf88,0,neutral,0.7987036786381507,1,0.8434696269940553,1,0.542624108738421,0
schafer_phyllosphere_2022,Leaf131,Leaf187,0,neutral,0.8768766586155498,1,0.8393609244797652,1,0.596623733720928,1
schafer_phyllosphere_2022,Leaf131,Leaf220,0,neutral,0.9307759127028666,1,0.8379282239665032,1,0.6483152455700807,1
schafer_phyllosphere_2022,Leaf131,Leaf299,0,neutral,0.9125414119535015,1,0.8379282239665032,1,0.6277800401014005,1
schafer_phyllosphere_2022,Leaf131,Leaf33,0,neutral,0.9317272326847039,1,0.8379282239665032,1,0.6495024814556836,1
schafer_phyllosphere_2022,Leaf131,Leaf359,0,neutral,0.8018177647264997,1,0.8407833665396631,1,0.5487798906917266,0
schafer_phyllosphere_2022,Leaf131,Leaf371,0,neutral,0.9303063699545874,1,0.8379282239665032,1,0.6477341499580288,1
schafer_phyllosphere_2022,Leaf131,Leaf405,0,neutral,0.9212284213981484,1,0.8379282239665032,1,0.6370804941171527,1
schafer_phyllosphere_2022,Leaf131,Leaf41,0,neutral,0.9323755235502377,1,0.8385662481760623,1,0.6505859120638454,1
schafer_phyllosphere_2022,Leaf131,Leaf427,0,neutral,0.9312425258322712,1,0.8379282239665032,1,0.6488959022038829,1
schafer_phyllosphere_2022,Leaf131,Leaf61,0,neutral,0.9734431207029715,1,0.8379282239665032,1,0.8268508379794336,1
schafer_phyllosphere_2022,Leaf131,Leaf67,0,neutral,0.9673118825010468,1,0.8379282239665032,1,0.8226882919189505,1
schafer_phyllosphere_2022,Leaf131,Leaf88,0,neutral,0.8003713288821461,1,0.8379282239665032,1,0.4979836946288376,0
schafer_phyllosphere_2022,Leaf132,Leaf187,0,neutral,0.8268965508909084,1,0.8439119841089877,1,0.5586330971771271,0
schafer_phyllosphere_2022,Leaf132,Leaf220,0,neutral,0.826754707352175,1,0.8437569610840131,1,0.5584751467005804,0
schafer_phyllosphere_2022,Leaf132,Leaf299,0,neutral,0.9295532948927919,1,0.8437569610840131,1,0.6437436933157573,1
schafer_phyllosphere_2022,Leaf132,Leaf33,0,neutral,0.8989617690061392,1,0.8437569610840131,1,0.6114565479130858,1
schafer_phyllosphere_2022,Leaf132,Leaf359,0,neutral,0.9175707476532385,1,0.8440668817472272,1,0.6300888112641029,1
schafer_phyllosphere_2022,Leaf132,Leaf371,0,neutral,0.9209283719715016,1,0.8437569610840131,1,0.6336427924800662,1
schafer_phyllosphere_2022,Leaf132,Leaf405,0,neutral,0.9220392947079945,1,0.8437569610840131,1,0.6348919291497327,1
schafer_phyllosphere_2022,Leaf132,Leaf41,0,neutral,0.9223118269027583,1,0.8437569610840131,1,0.6352005762821749,1
schafer_phyllosphere_2022,Leaf132,Leaf427,0,neutral,0.9291522091204332,1,0.8437569610840131,1,0.6432522175437291,1
schafer_phyllosphere_2022,Leaf132,Leaf61,0,neutral,0.926330141349941,1,0.8437569610840131,1,0.6398568589641226,1
schafer_phyllosphere_2022,Leaf132,Leaf67,0,neutral,0.9026786341309755,1,0.8437569610840131,1,0.6149174042646824,1
schafer_phyllosphere_2022,Leaf132,Leaf88,0,neutral,0.8184681534827996,1,0.8437569610840131,1,0.5535581440282865,0
schafer_phyllosphere_2022,Leaf137,Leaf220,0,neutral,0.896076575458634,1,0.8385188991625285,1,0.6117060834793393,1
schafer_phyllosphere_2022,Leaf137,Leaf299,0,neutral,0.922866029101446,1,0.8385188991625285,1,0.6386169384185951,1
schafer_phyllosphere_2022,Leaf137,Leaf33,0,neutral,0.8683263014599346,1,0.8385188991625285,1,0.5891510554162304,1
schafer_phyllosphere_2022,Leaf137,Leaf359,0,neutral,0.853408215779636,1,0.8413656060576932,1,0.5798160741395115,0
schafer_phyllosphere_2022,Leaf137,Leaf371,0,neutral,0.9315800493877832,1,0.8385188991625285,1,0.6490129449409539,1
schafer_phyllosphere_2022,Leaf137,Leaf405,0,neutral,0.9186506796037149,1,0.8385188991625285,1,0.6339269223834424,1
schafer_phyllosphere_2022,Leaf137,Leaf41,0,neutral,0.7837634487804466,1,0.8385188991625285,1,0.5375698949443397,0
schafer_phyllosphere_2022,Leaf137,Leaf427,0,neutral,0.8703703366574149,1,0.8385188991625285,1,0.5906778508325614,1
schafer_phyllosphere_2022,Leaf137,Leaf61,0,neutral,0.912251083704248,1,0.8385188991625285,1,0.6271692687517966,1
schafer_phyllosphere_2022,Leaf137,Leaf67,0,neutral,0.9186630173288228,1,0.8385188991625285,1,0.6339403591528396,1
schafer_phyllosphere_2022,Leaf137,Leaf88,0,neutral,0.9270480022435938,1,0.8385188991625285,1,0.6434799554722548,1
schafer_phyllosphere_2022,Leaf141,Leaf187,0,neutral,0.9051733819921715,1,0.8396072760028431,1,0.6203309385131703,1
schafer_phyllosphere_2022,Leaf141,Leaf220,0,neutral,0.923533284209149,1,0.8388135843608114,1,0.6392238790796939,1
schafer_phyllosphere_2022,Leaf141,Leaf299,0,neutral,0.8775346820064215,1,0.8388135843608114,1,0.5960207588186177,1
schafer_phyllosphere_2022,Leaf141,Leaf33,0,neutral,0.9160597751567839,1,0.8388135843608114,1,0.6309851663169922,1
schafer_phyllosphere_2022,Leaf141,Leaf359,0,neutral,0.8953671880473475,1,0.8407131290083126,1,0.6117500485560114,1
schafer_phyllosphere_2022,Leaf141,Leaf371,0,neutral,0.9254806266542526,1,0.8388135843608114,1,0.6414774643811113,1
schafer_phyllosphere_2022,Leaf141,Leaf405,0,neutral,0.8816092275090429,1,0.8388135843608114,1,0.599264892864561,1
schafer_phyllosphere_2022,Leaf141,Leaf41,0,neutral,0.9275932527262074,1,0.8391314411021015,1,0.6441115088418355,1
schafer_phyllosphere_2022,Leaf141,Leaf427,0,neutral,0.7970795630213405,1,0.8388135843608114,1,0.5444056819009938,0
schafer_phyllosphere_2022,Leaf141,Leaf61,0,neutral,0.9310307911637886,1,0.8388135843608114,1,0.6481741015060085,1
schafer_phyllosphere_2022,Leaf141,Leaf67,0,neutral,0.9074721848427301,1,0.8388135843608114,1,0.6222203302418691,1
schafer_phyllosphere_2022,Leaf141,Leaf88,0,neutral,0.9285192333688355,1,0.8388135843608114,1,0.6450914169798211,1
schafer_phyllosphere_2022,Leaf145,Leaf187,0,neutral,0.9077490778912733,1,0.8414928798245634,1,0.6216663501820902,1
schafer_phyllosphere_2022,Leaf145,Leaf220,0,neutral,0.9603980761343105,1,0.8408642273182327,1,0.8144846748720871,1
schafer_phyllosphere_2022,Leaf145,Leaf299,0,neutral,0.9222999958403034,1,0.8408642273182327,1,0.6367372455366188,1
schafer_phyllosphere_2022,Leaf145,Leaf33,0,neutral,0.8754975122698346,1,0.8408642273182327,1,0.5933000114994523,1
schafer_phyllosphere_2022,Leaf145,Leaf359,0,neutral,0.7986240319342791,1,0.8422758591679474,1,0.544730601766157,0
schafer_phyllosphere_2022,Leaf145,Leaf371,0,neutral,0.9283766451314233,1,0.8408642273182327,1,0.6438450655277266,1
schafer_phyllosphere_2022,Leaf145,Leaf405,0,neutral,0.8666561797094889,1,0.8408642273182327,1,0.586618864529022,1
schafer_phyllosphere_2022,Leaf145,Leaf41,0,neutral,0.8662741155970954,1,0.8408642273182327,1,0.5863380164639508,1
schafer_phyllosphere_2022,Leaf145,Leaf427,0,neutral,0.8944198853518233,1,0.8408642273182327,1,0.6089587587678592,1
schafer_phyllosphere_2022,Leaf145,Leaf61,0,neutral,0.9182425766558981,1,0.8408642273182327,1,0.6322388572925522,1
schafer_phyllosphere_2022,Leaf145,Leaf67,0,neutral,0.920482381204106,1,0.8408642273182327,1,0.6346990956876791,1
schafer_phyllosphere_2022,Leaf145,Leaf88,0,neutral,0.9181797796203072,1,0.8408642273182327,1,0.5862280407560712,1
schafer_phyllosphere_2022,Leaf15,Leaf220,0,neutral,0.8997687003346194,1,0.8382237791183372,1,0.6152149607083468,1
schafer_phyllosphere_2022,Leaf15,Leaf299,0,neutral,0.8447787612756922,1,0.8382237791183372,1,0.572922968343752,0
schafer_phyllosphere_2022,Leaf15,Leaf33,0,neutral,0.925092553484247,1,0.8382237791183372,1,0.6413326601398693,1
schafer_phyllosphere_2022,Leaf15,Leaf359,0,neutral,0.8562763718131777,1,0.8406023945642696,1,0.5817386108175279,1
schafer_phyllosphere_2022,Leaf15,Leaf371,0,neutral,0.8085764667448158,1,0.8382237791183372,1,0.5510484541929777,0
schafer_phyllosphere_2022,Leaf15,Leaf405,0,neutral,0.8261152744113148,1,0.8382237791183372,1,0.5612246651367299,0
schafer_phyllosphere_2022,Leaf15,Leaf41,0,neutral,0.9190692065626341,1,0.838383240546577,1,0.6346069209370164,1
schafer_phyllosphere_2022,Leaf15,Leaf427,0,neutral,0.8817470200901188,1,0.8382237791183372,1,0.5996976313212801,1
schafer_phyllosphere_2022,Leaf15,Leaf61,0,neutral,0.9270033253809351,1,0.8382237791183372,1,0.6435804176938453,1
schafer_phyllosphere_2022,Leaf15,Leaf67,0,neutral,0.9186136561933301,1,0.8382237791183372,1,0.6340419807152216,1
schafer_phyllosphere_2022,Leaf15,Leaf88,0,neutral,0.892201230237226,1,0.8382237791183372,1,0.6084494632679397,1
schafer_phyllosphere_2022,Leaf151,Leaf187,0,neutral,0.8735408153996984,1,0.8423392096385119,1,0.5912847978468854,1
schafer_phyllosphere_2022,Leaf151,Leaf220,0,neutral,0.9250353274872066,1,0.8420264978466173,1,0.6392612945054073,1
schafer_phyllosphere_2022,Leaf151,Leaf299,0,neutral,0.930829084179065,1,0.8420264978466173,1,0.6462412680117519,1
schafer_phyllosphere_2022,Leaf151,Leaf33,0,neutral,0.9253438711961527,1,0.8420264978466173,1,0.6396217333024867,1
schafer_phyllosphere_2022,Leaf151,Leaf359,0,neutral,0.8552983020398887,1,0.8429631235427785,1,0.5782985646138481,0
schafer_phyllosphere_2022,Leaf151,Leaf371,0,neutral,0.8846424226063733,1,0.8420264978466173,1,0.5999710831661533,1
schafer_phyllosphere_2022,Leaf151,Leaf405,0,neutral,0.8606493707915321,1,0.8420264978466173,1,0.5816220204838581,1
schafer_phyllosphere_2022,Leaf151,Leaf41,0,neutral,0.9223945981573074,1,0.8420264978466173,1,0.6362247639561212,1
schafer_phyllosphere_2022,Leaf151,Leaf427,0,neutral,0.9257647943119521,1,0.8420264978466173,1,0.6401154123780588,1
schafer_phyllosphere_2022,Leaf151,Leaf61,0,neutral,0.8369593684233186,1,0.8420264978466173,1,0.5657632009857745,0
schafer_phyllosphere_2022,Leaf151,Leaf67,0,neutral,0.825355016828351,1,0.8420264978466173,1,0.5586233511461494,0
schafer_phyllosphere_2022,Leaf151,Leaf88,0,neutral,0.8355349995753831,1,0.8420264978466173,1,0.5648668113437567,0
schafer_phyllosphere_2022,Leaf160,Leaf187,0,neutral,0.7929901697180488,1,0.8377511090655357,1,0.5444445233198844,0
schafer_phyllosphere_2022,Leaf160,Leaf220,1,positive,0.9313798303666823,1,0.8361457413017366,1,0.6499818737386991,1
schafer_phyllosphere_2022,Leaf160,Leaf299,0,neutral,0.9302528267771303,1,0.8361457413017366,1,0.648584258941474,1
schafer_phyllosphere_2022,Leaf160,Leaf33,0,neutral,0.8803106510119101,1,0.8361457413017366,1,0.5996690547201871,1
schafer_phyllosphere_2022,Leaf160,Leaf359,0,neutral,0.8886576433136087,1,0.8390262525840222,1,0.6077882992113297,1
schafer_phyllosphere_2022,Leaf160,Leaf371,0,neutral,0.9241489602988681,1,0.8361457413017366,1,0.6413185971778608,1
schafer_phyllosphere_2022,Leaf160,Leaf405,0,neutral,0.8976344127927013,1,0.8361457413017366,1,0.6143777396456045,1
schafer_phyllosphere_2022,Leaf160,Leaf41,0,neutral,0.8504088212491987,1,0.8361457413017366,1,0.5778027003110164,0
schafer_phyllosphere_2022,Leaf160,Leaf427,0,neutral,0.9013507175151726,1,0.8361457413017366,1,0.6177878235810716,1
schafer_phyllosphere_2022,Leaf160,Leaf61,0,neutral,0.8740324413791208,1,0.8361457413017366,1,0.5947524280492859,1
schafer_phyllosphere_2022,Leaf160,Leaf67,0,neutral,0.8800843168658286,1,0.8361457413017366,1,0.599488338156346,1
schafer_phyllosphere_2022,Leaf160,Leaf88,0,neutral,0.9060634485625924,1,0.8361457413017366,1,0.5758780961900495,0
schafer_phyllosphere_2022,Leaf161,Leaf187,0,neutral,0.9318950828527204,1,0.8361522687042013,1,0.6525563086863178,1
schafer_phyllosphere_2022,Leaf161,Leaf220,0,neutral,0.9307333482848104,1,0.8340462954893825,1,0.6502445513535889,1
schafer_phyllosphere_2022,Leaf161,Leaf33,0,neutral,0.8333682673653998,1,0.8340462954893825,1,0.5679555819660315,0
schafer_phyllosphere_2022,Leaf161,Leaf359,0,neutral,0.794342049059603,1,0.838236700182785,1,0.5474867629908957,0
schafer_phyllosphere_2022,Leaf161,Leaf371,0,neutral,0.8500303619288637,1,0.8340462954893825,1,0.5786915287714469,0
schafer_phyllosphere_2022,Leaf161,Leaf405,0,neutral,0.850681663229243,1,0.8340462954893825,1,0.5791290899667544,0
schafer_phyllosphere_2022,Leaf161,Leaf41,0,neutral,0.9204098421680219,1,0.8342090601920706,1,0.6382495803453342,1
schafer_phyllosphere_2022,Leaf161,Leaf427,0,neutral,0.8267310578323374,1,0.8340462954893825,1,0.563901838130588,0
schafer_phyllosphere_2022,Leaf161,Leaf61,0,neutral,0.9122114260644506,1,0.8340462954893825,1,0.6294741091950087,1
schafer_phyllosphere_2022,Leaf161,Leaf67,0,neutral,0.9066090680559677,1,0.8340462954893825,1,0.6238931647187712,1
schafer_phyllosphere_2022,Leaf161,Leaf88,0,neutral,0.9126730920132996,1,0.8340462954893825,1,0.6299466525217838,1
schafer_phyllosphere_2022,Leaf164,Leaf187,0,neutral,0.8772327235006796,1,0.8426282316177953,1,0.5939887496877667,1
schafer_phyllosphere_2022,Leaf164,Leaf220,0,neutral,0.8529117989355306,1,0.8423159857726872,1,0.5760667478990277,0
schafer_phyllosphere_2022,Leaf164,Leaf299,0,neutral,0.8871292695962575,1,0.8423159857726872,1,0.6018794749758051,1
schafer_phyllosphere_2022,Leaf164,Leaf33,0,neutral,0.8584970348759364,1,0.8423159857726872,1,0.5799364649171002,0
schafer_phyllosphere_2022,Leaf164,Leaf359,0,neutral,0.8036218409149206,1,0.8434066463015487,1,0.5464827130344913,0
schafer_phyllosphere_2022,Leaf164,Leaf371,0,neutral,0.8188848079051443,1,0.8423159857726872,1,0.5546284788643802,0
schafer_phyllosphere_2022,Leaf164,Leaf405,0,neutral,0.9022280676375023,1,0.8423159857726872,1,0.6152850236988955,1
schafer_phyllosphere_2022,Leaf164,Leaf41,0,neutral,0.8933549675083753,1,0.8423159857726872,1,0.6072226185606059,1
schafer_phyllosphere_2022,Leaf164,Leaf427,0,neutral,0.8950264064053374,1,0.8423159857726872,1,0.6086992756033326,1
schafer_phyllosphere_2022,Leaf164,Leaf61,0,neutral,0.7919039463998736,1,0.8423159857726872,1,0.5396516378154429,0
schafer_phyllosphere_2022,Leaf164,Leaf67,0,neutral,0.8237787135285447,1,0.8423159857726872,1,0.557515732088497,0
schafer_phyllosphere_2022,Leaf164,Leaf88,0,neutral,0.9246662296021481,1,0.8423159857726872,1,0.5922850343727972,1
schafer_phyllosphere_2022,Leaf168,Leaf187,0,neutral,0.9604902695354524,1,0.8381590927247051,1,0.8165009374609153,1
schafer_phyllosphere_2022,Leaf168,Leaf220,0,neutral,0.9031562329169869,1,0.8370389452672582,1,0.619008127767358,1
schafer_phyllosphere_2022,Leaf168,Leaf299,0,neutral,0.8813159567137807,1,0.8370389452672582,1,0.5999930206947498,1
schafer_phyllosphere_2022,Leaf168,Leaf33,0,neutral,0.8191050879536503,1,0.8370389452672582,1,0.5577320087221476,0
schafer_phyllosphere_2022,Leaf168,Leaf359,0,neutral,0.8805018761312519,1,0.83974851517126,1,0.6005359318703506,1
schafer_phyllosphere_2022,Leaf168,Leaf371,0,neutral,0.851748082752499,1,0.8370389452672582,1,0.5782166423362288,0
schafer_phyllosphere_2022,Leaf168,Leaf405,0,neutral,0.92560578344078,1,0.8370389452672582,1,0.6425471451480782,1
schafer_phyllosphere_2022,Leaf168,Leaf41,0,neutral,0.9150770256746321,1,0.8370389452672582,1,0.6308824368807954,1
schafer_phyllosphere_2022,Leaf168,Leaf427,0,neutral,0.8814195357675912,1,0.8370389452672582,1,0.6000763967170545,1
schafer_phyllosphere_2022,Leaf168,Leaf61,0,neutral,0.8572489339901905,1,0.8370389452672582,1,0.5819964574894628,1
schafer_phyllosphere_2022,Leaf168,Leaf67,0,neutral,0.7983070178578543,1,0.8370389452672582,1,0.4976085994148218,0
schafer_phyllosphere_2022,Leaf168,Leaf88,0,neutral,0.9204219362039301,1,0.8370389452672582,1,0.6366478413948999,1
schafer_phyllosphere_2022,Leaf17,Leaf220,0,neutral,0.8513933103073698,1,0.8428936679196216,1,0.5747069034043578,0
schafer_phyllosphere_2022,Leaf17,Leaf299,0,neutral,0.912171752227168,1,0.8428936679196216,1,0.6247364727903243,1
schafer_phyllosphere_2022,Leaf17,Leaf33,0,neutral,0.8765018354630143,1,0.8428936679196216,1,0.5929514601755083,1
schafer_phyllosphere_2022,Leaf17,Leaf359,0,neutral,0.9089039148002064,1,0.8432049827776643,1,0.6215700522028637,1
schafer_phyllosphere_2022,Leaf17,Leaf371,0,neutral,0.8998728822659965,1,0.8428936679196216,1,0.6127720615066524,1
schafer_phyllosphere_2022,Leaf17,Leaf405,0,neutral,0.7981988515091584,1,0.8428936679196216,1,0.542683412576078,0
schafer_phyllosphere_2022,Leaf17,Leaf41,0,neutral,0.9101672968012575,1,0.843049388166086,1,0.6227669774286024,1
schafer_phyllosphere_2022,Leaf17,Leaf427,0,neutral,0.9143816096853427,1,0.8428936679196216,1,0.6270277515637135,1
schafer_phyllosphere_2022,Leaf17,Leaf61,0,neutral,0.8265417698053975,1,0.8428936679196216,1,0.5588419070180126,0
schafer_phyllosphere_2022,Leaf17,Leaf67,0,neutral,0.9101132843224862,1,0.8428936679196216,1,0.6226436829473894,1
schafer_phyllosphere_2022,Leaf17,Leaf88,0,neutral,0.9250070167610117,1,0.8428936679196216,1,0.7686003326984725,1
schafer_phyllosphere_2022,Leaf176,Leaf220,0,neutral,0.9208802672134896,1,0.8437569610840131,1,0.6335890257138943,1
schafer_phyllosphere_2022,Leaf176,Leaf299,0,neutral,0.8960919496029104,1,0.8437569610840131,1,0.6088534893231781,1
schafer_phyllosphere_2022,Leaf176,Leaf33,0,neutral,0.9185766174264576,1,0.8437569610840131,1,0.6310447732940081,1
schafer_phyllosphere_2022,Leaf176,Leaf359,0,neutral,0.7998426922759584,1,0.8440668817472272,1,0.5432213207426835,0
schafer_phyllosphere_2022,Leaf176,Leaf371,0,neutral,0.9223827786392246,1,0.8437569610840131,1,0.6352810746583262,1
schafer_phyllosphere_2022,Leaf176,Leaf405,0,neutral,0.9157290983320323,1,0.8437569610840131,1,0.6279793294914695,1
schafer_phyllosphere_2022,Leaf176,Leaf41,0,neutral,0.8926292282994116,1,0.8439119841089877,1,0.6058580196944794,1
schafer_phyllosphere_2022,Leaf176,Leaf427,0,neutral,0.9194001663821397,1,0.8437569610840131,1,0.6319475464050011,1
schafer_phyllosphere_2022,Leaf176,Leaf67,0,neutral,0.9192041913865509,1,0.8437569610840131,1,0.6317320425530795,1
schafer_phyllosphere_2022,Leaf176,Leaf88,0,neutral,0.888967656192906,1,0.8437569610840131,1,0.6026309893755158,1
schafer_phyllosphere_2022,Leaf177,Leaf187,0,neutral,0.9064551821156478,1,0.8424953767585102,1,0.6196990041480251,1
schafer_phyllosphere_2022,Leaf177,Leaf220,0,neutral,0.9281237304666995,1,0.8420264978466173,1,0.64292502883913,1
schafer_phyllosphere_2022,Leaf177,Leaf299,0,neutral,0.9249780613174163,1,0.8420264978466173,1,0.6391945293431742,1
schafer_phyllosphere_2022,Leaf177,Leaf33,0,neutral,0.8467815552645064,1,0.8420264978466173,1,0.5721106220490455,0
schafer_phyllosphere_2022,Leaf177,Leaf359,0,neutral,0.8429296069674189,1,0.8431187877595792,1,0.5700887862843723,0
schafer_phyllosphere_2022,Leaf177,Leaf371,0,neutral,0.927803663749511,1,0.8420264978466173,1,0.6425394500603132,1
schafer_phyllosphere_2022,Leaf177,Leaf405,0,neutral,0.9208441710911696,1,0.8420264978466173,1,0.6344808630777838,1
schafer_phyllosphere_2022,Leaf177,Leaf41,0,neutral,0.9305415084784056,1,0.8420264978466173,1,0.6458837844474647,1
schafer_phyllosphere_2022,Leaf177,Leaf427,0,neutral,0.9167049887401489,1,0.8420264978466173,1,0.6299572736699908,1
schafer_phyllosphere_2022,Leaf177,Leaf61,0,neutral,0.9280796612866049,1,0.8420264978466173,1,0.6428718565504886,1
schafer_phyllosphere_2022,Leaf177,Leaf67,0,neutral,0.8730954555671554,1,0.8420264978466173,1,0.5435070555624174,0
schafer_phyllosphere_2022,Leaf177,Leaf88,0,neutral,0.9147904116063058,1,0.8420264978466173,1,0.5808379194441693,1
schafer_phyllosphere_2022,Leaf180,Leaf187,0,neutral,0.9200705267907107,1,0.8439119841089877,1,0.632756068554787,1
schafer_phyllosphere_2022,Leaf180,Leaf220,0,neutral,0.8265180973171443,1,0.8437569610840131,1,0.5583323675009004,0
schafer_phyllosphere_2022,Leaf180,Leaf299,0,neutral,0.887871078753719,1,0.8437569610840131,1,0.6017016295247698,1
schafer_phyllosphere_2022,Leaf180,Leaf33,0,neutral,0.9308715941367987,1,0.8437569610840131,1,0.6453753384066515,1
schafer_phyllosphere_2022,Leaf180,Leaf359,0,neutral,0.9106923872000009,1,0.8440668817472272,1,0.6228944676237441,1
schafer_phyllosphere_2022,Leaf180,Leaf371,0,neutral,0.9085615796600516,1,0.8437569610840131,1,0.6206187000905775,1
schafer_phyllosphere_2022,Leaf180,Leaf405,0,neutral,0.7793380099663992,1,0.8437569610840131,1,0.5323101695041249,0
schafer_phyllosphere_2022,Leaf180,Leaf41,0,neutral,0.9149229329864529,1,0.8437569610840131,1,0.627126727136983,1
schafer_phyllosphere_2022,Leaf180,Leaf427,0,neutral,0.8578338614699014,1,0.8437569610840131,1,0.5786549119939748,0
schafer_phyllosphere_2022,Leaf180,Leaf61,0,neutral,0.8889513585747973,1,0.8437569610840131,1,0.6026171237559065,1
schafer_phyllosphere_2022,Leaf180,Leaf67,0,neutral,0.9227366478473277,1,0.8437569610840131,1,0.6356834529707194,1
schafer_phyllosphere_2022,Leaf180,Leaf88,0,neutral,0.911401533933253,1,0.8437569610840131,1,0.6234774060359307,1
schafer_phyllosphere_2022,Leaf182,Leaf187,0,neutral,0.837184543001129,1,0.8440438652541518,1,0.5647537486533659,0
schafer_phyllosphere_2022,Leaf182,Leaf220,0,neutral,0.9296613356853306,1,0.8440438652541518,1,0.6437229319453128,1
schafer_phyllosphere_2022,Leaf182,Leaf299,0,neutral,0.9225363038469239,1,0.8440438652541518,1,0.798694819273412,1
schafer_phyllosphere_2022,Leaf182,Leaf33,0,neutral,0.8895205309700998,1,0.8440438652541518,1,0.602942042699416,1
schafer_phyllosphere_2022,Leaf182,Leaf359,0,neutral,0.9191796639749028,1,0.844198656178965,1,0.6316175335132135,1
schafer_phyllosphere_2022,Leaf182,Leaf371,0,neutral,0.9307227033958834,1,0.8440438652541518,1,0.645036505667674,1
schafer_phyllosphere_2022,Leaf182,Leaf405,0,neutral,0.8413272371590375,1,0.8440438652541518,1,0.5673991489241429,0
schafer_phyllosphere_2022,Leaf182,Leaf41,0,neutral,0.908273124465267,1,0.8440438652541518,1,0.6201746611430333,1
schafer_phyllosphere_2022,Leaf182,Leaf427,0,neutral,0.9284095733890821,1,0.8440438652541518,1,0.8034556880793166,1
schafer_phyllosphere_2022,Leaf182,Leaf61,0,neutral,0.9245990954257599,1,0.8440438652541518,1,0.6376715751580787,1
schafer_phyllosphere_2022,Leaf182,Leaf67,0,neutral,0.9281127155077533,1,0.8440438652541518,1,0.6418350384172807,1
schafer_phyllosphere_2022,Leaf182,Leaf88,0,neutral,0.9253666797839286,1,0.8440438652541518,1,0.6385674205815509,1
schafer_phyllosphere_2022,Leaf183,Leaf187,0,neutral,0.7797919657362228,1,0.8394723566792368,1,0.535977288793952,0
schafer_phyllosphere_2022,Leaf183,Leaf220,0,neutral,0.8949488195195076,1,0.8385188991625285,1,0.6107016482191694,1
schafer_phyllosphere_2022,Leaf183,Leaf299,0,neutral,0.9302099648409758,1,0.8385188991625285,1,0.6473095825965282,1
schafer_phyllosphere_2022,Leaf183,Leaf33,0,neutral,0.9256966851110986,1,0.8385188991625285,1,0.6418843596391332,1
schafer_phyllosphere_2022,Leaf183,Leaf359,0,neutral,0.8923123365102937,1,0.8412085298890205,1,0.6095733196693193,1
schafer_phyllosphere_2022,Leaf183,Leaf371,0,neutral,0.9257307468926559,1,0.8385188991625285,1,0.6419242880363738,1
schafer_phyllosphere_2022,Leaf183,Leaf405,0,neutral,0.9298338824172837,1,0.8385188991625285,1,0.6468467813639527,1
schafer_phyllosphere_2022,Leaf183,Leaf41,0,neutral,0.9281567660017499,1,0.8386781256786451,1,0.6448743358309709,1
schafer_phyllosphere_2022,Leaf183,Leaf427,0,neutral,0.9293909461036809,1,0.8385188991625285,1,0.6463042923924838,1
schafer_phyllosphere_2022,Leaf183,Leaf61,0,neutral,0.8976495827983553,1,0.8385188991625285,1,0.6131216860357935,1
schafer_phyllosphere_2022,Leaf183,Leaf67,0,neutral,0.9306907596436659,1,0.8385188991625285,1,0.6479042067522324,1
schafer_phyllosphere_2022,Leaf183,Leaf88,0,neutral,0.9174582887906033,1,0.8385188991625285,1,0.6326360248446294,1
schafer_phyllosphere_2022,Leaf185,Leaf187,0,neutral,0.9242992787488871,1,0.7395371719219921,1,0.6986027746766373,1
schafer_phyllosphere_2022,Leaf185,Leaf220,0,neutral,0.9278257794483016,1,0.7114417936072142,1,0.6949866968613303,1
schafer_phyllosphere_2022,Leaf185,Leaf299,0,neutral,0.9353617484685194,1,0.7114417936072142,1,0.9097676584826191,1
schafer_phyllosphere_2022,Leaf185,Leaf33,0,neutral,0.9343418017179802,1,0.7114417936072142,1,0.6604845125408789,1
schafer_phyllosphere_2022,Leaf185,Leaf359,0,neutral,0.8535940140431417,1,0.8133920930506503,1,0.6000757939825598,1
schafer_phyllosphere_2022,Leaf185,Leaf371,0,neutral,0.9320416378948327,1,0.7114417936072142,1,0.6997767044914291,1
schafer_phyllosphere_2022,Leaf185,Leaf405,0,neutral,0.9231593392903734,1,0.7114417936072142,1,0.689931188095629,1
schafer_phyllosphere_2022,Leaf185,Leaf41,0,neutral,0.931622131731868,1,0.714571181850514,1,0.7000907431054982,1
schafer_phyllosphere_2022,Leaf185,Leaf427,0,neutral,0.9325730476734921,1,0.7114417936072142,1,0.700396728980398,1
schafer_phyllosphere_2022,Leaf185,Leaf61,0,neutral,0.934433359858494,1,0.7116832387889137,1,0.6606569540840546,1
schafer_phyllosphere_2022,Leaf185,Leaf67,0,neutral,0.8932762925548281,1,0.7114417936072142,1,0.6621859513441569,1
schafer_phyllosphere_2022,Leaf185,Leaf88,0,neutral,0.9323234543889897,1,0.7114417936072142,1,0.700105044021011,1
schafer_phyllosphere_2022,Leaf187,Leaf189,0,neutral,0.9561466006186876,1,0.8434696269940553,1,0.9018395174399941,1
schafer_phyllosphere_2022,Leaf187,Leaf2,0,neutral,0.9029538713283946,1,0.8428936679196216,1,0.6156532768858596,1
schafer_phyllosphere_2022,Leaf187,Leaf201,0,neutral,0.807141297993529,1,0.8412021656639768,1,0.5492105849015219,0
schafer_phyllosphere_2022,Leaf187,Leaf203,0,neutral,0.8770191909735922,1,0.8329586539463162,1,0.6003450934794917,1
schafer_phyllosphere_2022,Leaf187,Leaf208,0,neutral,0.8918991479213019,1,0.8422293934872064,1,0.6067807176280987,1
schafer_phyllosphere_2022,Leaf187,Leaf216,0,neutral,0.9219680555474727,1,0.8437800120823864,1,0.6351024944196157,1
schafer_phyllosphere_2022,Leaf187,Leaf220,0,neutral,0.9084380560341161,1,0.6796403701219043,1,0.6854404118367798,1
schafer_phyllosphere_2022,Leaf187,Leaf222,0,neutral,0.9258101685382011,1,0.8403039637314713,1,0.6413825513278856,1
schafer_phyllosphere_2022,Leaf187,Leaf225,0,neutral,0.9289236284464258,1,0.8360150107251869,1,0.6491171655351777,1
schafer_phyllosphere_2022,Leaf187,Leaf226,0,neutral,0.9129096643683129,1,0.8419165047585015,1,0.6264860468165309,1
schafer_phyllosphere_2022,Leaf187,Leaf231,0,neutral,0.9225834863809375,1,0.8432049827776643,1,0.6361099956103012,1
schafer_phyllosphere_2022,Leaf187,Leaf233,0,neutral,0.9270193658716428,1,0.8290135311783466,1,0.603581432087226,1
schafer_phyllosphere_2022,Leaf187,Leaf242,0,neutral,0.9011302871356021,1,0.8279427484648054,1,0.6258314050600452,1
schafer_phyllosphere_2022,Leaf187,Leaf254,0,neutral,0.8357844170687492,1,0.8379994528722989,1,0.5682503129936364,0
schafer_phyllosphere_2022,Leaf187,Leaf257,0,neutral,0.9246566273073131,1,0.8414928798245634,1,0.6397085785633685,1
schafer_phyllosphere_2022,Leaf187,Leaf26,0,neutral,0.7955799896741154,1,0.8414695547546401,1,0.5424176631338974,0
schafer_phyllosphere_2022,Leaf187,Leaf261,0,neutral,0.920506547457255,1,0.8432049827776643,1,0.6337747362852678,1
schafer_phyllosphere_2022,Leaf187,Leaf262,0,neutral,0.9121982032519932,1,0.8331045840023201,1,0.6332991575916137,1
schafer_phyllosphere_2022,Leaf187,Leaf263,0,neutral,0.8871127364015076,1,0.8399238662850781,1,0.6042801222230496,1
schafer_phyllosphere_2022,Leaf187,Leaf264,0,neutral,0.8157541195754576,1,0.8426282316177953,1,0.5529562719241036,0
schafer_phyllosphere_2022,Leaf187,Leaf265,0,neutral,0.9472042733148731,1,0.8397185699454744,1,0.7955331103732365,1
schafer_phyllosphere_2022,Leaf187,Leaf267,0,neutral,0.8992313847789357,1,0.8434927125205851,1,0.6121613659057699,1
schafer_phyllosphere_2022,Leaf187,Leaf28,0,neutral,0.8059304723964356,1,0.8411788058882734,1,0.5482257059644576,0
schafer_phyllosphere_2022,Leaf187,Leaf280,0,neutral,0.9086986523405085,1,0.8409110191143753,1,0.6229201471686113,1
schafer_phyllosphere_2022,Leaf187,Leaf288,0,neutral,0.9172830752402463,1,0.8427841658865611,1,0.6306268599022905,1
schafer_phyllosphere_2022,Leaf187,Leaf289,0,neutral,0.9301992455507027,1,0.7071377704231273,1,0.7139421415107698,1
schafer_phyllosphere_2022,Leaf187,Leaf299,0,neutral,0.9328217867767675,1,0.6796403701219043,1,0.7102864952740694,1
schafer_phyllosphere_2022,Leaf187,Leaf3,0,neutral,0.8957224147591468,1,0.8420730120781814,1,0.6100767582403461,1
schafer_phyllosphere_2022,Leaf187,Leaf30,0,neutral,0.912857142886677,1,0.842760995329082,1,0.625667585973449,1
schafer_phyllosphere_2022,Leaf187,Leaf304,0,neutral,0.9216109652055533,1,0.8432049827776643,1,0.6350102623065196,1
schafer_phyllosphere_2022,Leaf187,Leaf306,0,neutral,0.8917557968127132,1,0.8249121765344952,1,0.6182577059023077,1
schafer_phyllosphere_2022,Leaf187,Leaf311,0,neutral,0.8482962835180778,1,0.8333343402435271,1,0.5804722110840197,1
schafer_phyllosphere_2022,Leaf187,Leaf313,0,neutral,0.9323651126913004,1,0.6796403701219043,1,0.7097619551486287,1
schafer_phyllosphere_2022,Leaf187,Leaf314,0,neutral,0.9699182076820058,1,0.8384543080307651,1,0.8241792459333751,1
schafer_phyllosphere_2022,Leaf187,Leaf32,0,neutral,0.9233815708121429,1,0.8364504303706263,1,0.6422398119084676,1
schafer_phyllosphere_2022,Leaf187,Leaf324,0,neutral,0.8263049300496675,1,0.8427841658865611,1,0.5592460911594533,0
schafer_phyllosphere_2022,Leaf187,Leaf326,0,neutral,0.9212883062035346,1,0.843049388166086,1,0.6345798641588853,1
schafer_phyllosphere_2022,Leaf187,Leaf33,0,neutral,0.9281457557135179,1,0.6796403701219043,1,0.7050400328151183,1
schafer_phyllosphere_2022,Leaf187,Leaf334,0,neutral,0.8628132920738819,1,0.841068333977764,1,0.5845033198674553,1
schafer_phyllosphere_2022,Leaf187,Leaf335,0,neutral,0.9297260866239112,1,0.8314446621899944,1,0.6537298750100463,1
schafer_phyllosphere_2022,Leaf187,Leaf336,0,neutral,0.9217777930503923,1,0.841272228267907,1,0.6374452601725772,1
schafer_phyllosphere_2022,Leaf187,Leaf337,0,neutral,0.8335745120649205,1,0.8408003961905167,1,0.5654637561471471,0
schafer_phyllosphere_2022,Leaf187,Leaf339,0,neutral,0.8137355944616514,1,0.8400349824044259,1,0.5535968527356121,0
schafer_phyllosphere_2022,Leaf187,Leaf34,0,neutral,0.8779245030109629,1,0.84048521023419,1,0.5961967789248548,1
schafer_phyllosphere_2022,Leaf187,Leaf343,0,neutral,0.8632426701692469,1,0.8433373503866587,1,0.582900945696505,1
schafer_phyllosphere_2022,Leaf187,Leaf344,0,neutral,0.8701093195006433,1,0.8422293934872064,1,0.5892166774036667,1
schafer_phyllosphere_2022,Leaf187,Leaf354,0,neutral,0.8651030997375933,1,0.8427841658865611,1,0.584881946389658,1
schafer_phyllosphere_2022,Leaf187,Leaf357,0,neutral,0.9220630278610515,1,0.843049388166086,1,0.6354521582573482,1
schafer_phyllosphere_2022,Leaf187,Leaf359,0,neutral,0.9308503421819048,1,0.809250349520144,1,0.6665191933030453,1
schafer_phyllosphere_2022,Leaf187,Leaf363,0,neutral,0.887475978774391,1,0.8432049827776643,1,0.6019904627203164,1
schafer_phyllosphere_2022,Leaf187,Leaf369,0,neutral,0.919559076634566,1,0.8433604517988047,1,0.6327939711679247,1
schafer_phyllosphere_2022,Leaf187,Leaf371,0,neutral,0.9234049292881682,1,0.6796403701219043,1,0.6999819765598203,1
schafer_phyllosphere_2022,Leaf187,Leaf380,0,neutral,0.8396227190919847,1,0.8426050423706021,1,0.5671264955964901,0
schafer_phyllosphere_2022,Leaf187,Leaf391,0,neutral,0.9104907577555404,1,0.8270350065925102,1,0.635559793712116,1
schafer_phyllosphere_2022,Leaf187,Leaf394,0,neutral,0.9090132182558954,1,0.842760995329082,1,0.6217675185902798,1
schafer_phyllosphere_2022,Leaf187,Leaf396,0,neutral,0.8112454055727469,1,0.8429168225706577,1,0.5502128323246157,0
schafer_phyllosphere_2022,Leaf187,Leaf405,0,neutral,0.9320834570324582,1,0.6796403701219043,1,0.7094398004879929,1
schafer_phyllosphere_2022,Leaf187,Leaf41,0,neutral,0.9322921950474263,1,0.6816859852639838,1,0.7101614537471879,1
schafer_phyllosphere_2022,Leaf187,Leaf412,0,neutral,0.9232295814306444,1,0.8433373503866587,1,0.6366241458416907,1
schafer_phyllosphere_2022,Leaf187,Leaf416,0,neutral,0.9704130739023836,1,0.8202794946368365,1,0.8339705561909094,1
schafer_phyllosphere_2022,Leaf187,Leaf42,0,neutral,0.9253507875231182,1,0.8301955859472356,1,0.7811326156502572,1
schafer_phyllosphere_2022,Leaf187,Leaf420,0,neutral,0.7946655248234074,1,0.8412488768536516,1,0.543030301407779,0
schafer_phyllosphere_2022,Leaf187,Leaf427,0,neutral,0.930743991659794,1,0.6796403701219043,1,0.7079216526658267,1
schafer_phyllosphere_2022,Leaf187,Leaf434,0,neutral,0.9319316215396469,1,0.8375911447573399,1,0.6033141906394518,1
schafer_phyllosphere_2022,Leaf187,Leaf446,0,neutral,0.7813191152957655,1,0.8436479491466307,1,0.5338712346354711,0
schafer_phyllosphere_2022,Leaf187,Leaf454,0,neutral,0.8907958486851812,1,0.8437800120823864,1,0.6044970378300494,1
schafer_phyllosphere_2022,Leaf187,Leaf456,0,neutral,0.8969039065137382,1,0.8415162021089654,1,0.6117533375636788,1
schafer_phyllosphere_2022,Leaf187,Leaf466,0,neutral,0.9270368353902674,1,0.7797815778724652,1,0.6814680612006585,1
schafer_phyllosphere_2022,Leaf187,Leaf49,0,neutral,0.9200097959268835,1,0.8433373503866587,1,0.6329999311034998,1
schafer_phyllosphere_2022,Leaf187,Leaf5,0,neutral,0.9074028450562103,1,0.8407769884997854,1,0.6218672499646392,1
schafer_phyllosphere_2022,Leaf187,Leaf50,0,neutral,0.8644079548690121,1,0.8370215912454896,1,0.5888412117699969,1
schafer_phyllosphere_2022,Leaf187,Leaf51,0,neutral,0.9231359121533541,1,0.841359246940883,1,0.6381808296001077,1
schafer_phyllosphere_2022,Leaf187,Leaf53,0,neutral,0.8885595873241444,1,0.8420264978466173,1,0.6032461889094282,1
schafer_phyllosphere_2022,Leaf187,Leaf58,0,neutral,0.9697958937726755,1,0.8417831618706999,1,0.8223692460835175,1
schafer_phyllosphere_2022,Leaf187,Leaf61,0,neutral,0.9321043576530824,1,0.6796403701219043,1,0.7094636710355561,1
schafer_phyllosphere_2022,Leaf187,Leaf62,0,neutral,0.8661784550385911,1,0.8233846561281568,1,0.5995102149216545,1
schafer_phyllosphere_2022,Leaf187,Leaf64,0,neutral,0.9110007567557619,1,0.8423624307240283,1,0.6244446734614892,1
schafer_phyllosphere_2022,Leaf187,Leaf67,0,neutral,0.889374416842781,1,0.6796403701219043,1,0.6693222477794811,1
schafer_phyllosphere_2022,Leaf187,Leaf68,0,neutral,0.8930557307501584,1,0.8144274566988176,1,0.6280312466254502,1
schafer_phyllosphere_2022,Leaf187,Leaf69,0,neutral,0.8847098015713252,1,0.8419165047585015,1,0.600559006833429,1
schafer_phyllosphere_2022,Leaf187,Leaf70,0,neutral,0.8557472687087045,1,0.8429168225706577,1,0.5779966355799881,0
schafer_phyllosphere_2022,Leaf187,Leaf75,0,neutral,0.8892281335373491,1,0.8434927125205851,1,0.6033137168931355,1
schafer_phyllosphere_2022,Leaf187,Leaf76,0,neutral,0.8668087465521586,1,0.8294390127680585,1,0.5963779210632696,1
schafer_phyllosphere_2022,Leaf187,Leaf78,0,neutral,0.8913567226680282,1,0.8401929989094661,1,0.60742907268504,1
schafer_phyllosphere_2022,Leaf187,Leaf83,0,neutral,0.8861668450548187,1,0.8403274277560611,1,0.6027993285721968,1
schafer_phyllosphere_2022,Leaf187,Leaf85,0,neutral,0.8411067045435191,1,0.8375911447573399,1,0.5723351172489537,0
schafer_phyllosphere_2022,Leaf187,Leaf86,0,neutral,0.7887851876910947,1,0.8369087883292923,1,0.5433538872460818,0
schafer_phyllosphere_2022,Leaf187,Leaf87,0,neutral,0.817927846892142,1,0.8213806904544975,1,0.5702418564414317,0
schafer_phyllosphere_2022,Leaf187,Leaf88,0,neutral,0.8667113141086927,1,0.6796403701219043,1,0.6076900124475109,1
schafer_phyllosphere_2022,Leaf187,Leaf90,0,neutral,0.8227457243070107,1,0.8173455734644001,1,0.5770175435220799,0
schafer_phyllosphere_2022,Leaf187,Leaf91,0,neutral,0.878665740444959,1,0.8372708347784829,1,0.5988548315206772,1
schafer_phyllosphere_2022,Leaf187,Leaf99,0,neutral,0.8876736804988603,1,0.8113932059706439,1,0.6243269556656722,1
schafer_phyllosphere_2022,Leaf189,Leaf220,0,neutral,0.9262850598162436,1,0.8434696269940553,1,0.6399577708841322,1
schafer_phyllosphere_2022,Leaf189,Leaf299,0,neutral,0.9294559270643709,1,0.8434696269940553,1,0.8045426483743525,1
schafer_phyllosphere_2022,Leaf189,Leaf33,0,neutral,0.8710951027514388,1,0.8434696269940553,1,0.5884700447367247,1
schafer_phyllosphere_2022,Leaf189,Leaf359,0,neutral,0.8980584206537698,1,0.8439350164666765,1,0.6109991068699253,1
schafer_phyllosphere_2022,Leaf189,Leaf371,0,neutral,0.9056259075303584,1,0.8434696269940553,1,0.617896015813101,1
schafer_phyllosphere_2022,Leaf189,Leaf405,0,neutral,0.8948867135731549,1,0.8434696269940553,1,0.6079369904325116,1
schafer_phyllosphere_2022,Leaf189,Leaf41,0,neutral,0.907638410111577,1,0.8434696269940553,1,0.6198626404858824,1
schafer_phyllosphere_2022,Leaf189,Leaf427,0,neutral,0.7833434275516884,1,0.8434696269940553,1,0.5345231326467754,0
schafer_phyllosphere_2022,Leaf189,Leaf61,0,neutral,0.9090405256728195,1,0.8434696269940553,1,0.6212532936884445,1
schafer_phyllosphere_2022,Leaf189,Leaf67,0,neutral,0.9279473041509156,1,0.8434696269940553,1,0.6419432051034278,1
schafer_phyllosphere_2022,Leaf189,Leaf88,0,neutral,0.793044370746627,1,0.8434696269940553,1,0.539590449002231,0
schafer_phyllosphere_2022,Leaf2,Leaf220,0,neutral,0.9272710088865997,1,0.8428936679196216,1,0.6414390017959242,1
schafer_phyllosphere_2022,Leaf2,Leaf299,0,neutral,0.9293367530577382,1,0.8428936679196216,1,0.6439387431915791,1
schafer_phyllosphere_2022,Leaf2,Leaf33,0,neutral,0.8930714984619814,1,0.8428936679196216,1,0.606654521821466,1
schafer_phyllosphere_2022,Leaf2,Leaf359,0,neutral,0.8899901938960633,1,0.8435157952740564,1,0.6042651914859962,1
schafer_phyllosphere_2022,Leaf2,Leaf371,0,neutral,0.9259008404646739,1,0.8428936679196216,1,0.6398126974931487,1
schafer_phyllosphere_2022,Leaf2,Leaf405,0,neutral,0.911321509062134,1,0.8428936679196216,1,0.6238673027807589,1
schafer_phyllosphere_2022,Leaf2,Leaf41,0,neutral,0.9179321670272212,1,0.8428936679196216,1,0.6308113896076513,1
schafer_phyllosphere_2022,Leaf2,Leaf427,0,neutral,0.9307652738686445,1,0.8428936679196216,1,0.6457024601309712,1
schafer_phyllosphere_2022,Leaf2,Leaf61,0,neutral,0.9306801086971876,1,0.8428936679196216,1,0.6455964832547356,1
schafer_phyllosphere_2022,Leaf2,Leaf67,0,neutral,0.9238242665250438,1,0.8428936679196216,1,0.6373939868478227,1
schafer_phyllosphere_2022,Leaf2,Leaf88,0,neutral,0.9212763325743571,1,0.8428936679196216,1,0.6344984492867084,1
schafer_phyllosphere_2022,Leaf201,Leaf220,0,neutral,0.7808391699963209,1,0.8405725786052117,1,0.534906819523026,0
schafer_phyllosphere_2022,Leaf201,Leaf299,0,neutral,0.8849285468703818,1,0.8405725786052117,1,0.60101034726557,1
schafer_phyllosphere_2022,Leaf201,Leaf33,1,positive,0.9345696709799158,1,0.8407301647486001,1,0.6057902151948151,1
schafer_phyllosphere_2022,Leaf201,Leaf359,0,neutral,0.8666943352775504,1,0.8422990878371933,1,0.5875910103871912,1
schafer_phyllosphere_2022,Leaf201,Leaf371,0,neutral,0.7864376133788811,1,0.8405725786052117,1,0.5377865972938988,0
schafer_phyllosphere_2022,Leaf201,Leaf405,1,positive,0.9324171521247183,1,0.8405725786052117,1,0.6490004919025935,1
schafer_phyllosphere_2022,Leaf201,Leaf41,0,neutral,0.9194857689978494,1,0.8405725786052117,1,0.6337529761675909,1
schafer_phyllosphere_2022,Leaf201,Leaf427,0,neutral,0.8032568026110126,1,0.8405725786052117,1,0.5467688025739641,0
schafer_phyllosphere_2022,Leaf201,Leaf61,0,neutral,0.8544790251981527,1,0.8405725786052117,1,0.5781211606634743,0
schafer_phyllosphere_2022,Leaf201,Leaf67,0,neutral,0.8055169618784821,1,0.8405725786052117,1,0.5480168491599514,0
schafer_phyllosphere_2022,Leaf201,Leaf88,0,neutral,0.87919395258459,1,0.8405725786052117,1,0.5485828950201084,0
schafer_phyllosphere_2022,Leaf203,Leaf220,0,neutral,0.8195450216965391,1,0.8313154153244469,1,0.5611242738652441,0
schafer_phyllosphere_2022,Leaf203,Leaf33,0,neutral,0.9249133622321498,1,0.8313154153244469,1,0.771117469953907,1
schafer_phyllosphere_2022,Leaf203,Leaf359,0,neutral,0.8997226141820903,1,0.8373314580856545,1,0.5726661840596565,0
schafer_phyllosphere_2022,Leaf203,Leaf371,0,neutral,0.9143428245140318,1,0.8313154153244469,1,0.6330735676837796,1
schafer_phyllosphere_2022,Leaf203,Leaf405,0,neutral,0.9313876132689155,1,0.8313154153244469,1,0.6062313740254328,1
schafer_phyllosphere_2022,Leaf203,Leaf41,0,neutral,0.9176082029402741,1,0.8314803172567805,1,0.6365911668260114,1
schafer_phyllosphere_2022,Leaf203,Leaf427,0,neutral,0.9003331032997589,1,0.8313154153244469,1,0.6193727342313541,1
schafer_phyllosphere_2022,Leaf203,Leaf61,0,neutral,0.926925080214721,1,0.8313154153244469,1,0.6470124002087045,1
schafer_phyllosphere_2022,Leaf203,Leaf67,0,neutral,0.9259121672847115,1,0.8313154153244469,1,0.6458213291653356,1
schafer_phyllosphere_2022,Leaf203,Leaf88,0,neutral,0.9323083793622466,1,0.8313154153244469,1,0.7788289450279826,1
schafer_phyllosphere_2022,Leaf208,Leaf220,0,neutral,0.8709838254290423,1,0.8414462268990534,1,0.589520523694322,1
schafer_phyllosphere_2022,Leaf208,Leaf299,0,neutral,0.7920943383715445,1,0.8414462268990534,1,0.5402512701754928,0
schafer_phyllosphere_2022,Leaf208,Leaf33,0,neutral,0.9179570392382965,1,0.8414462268990534,1,0.6316176369556034,1
schafer_phyllosphere_2022,Leaf208,Leaf359,0,neutral,0.8600741378792194,1,0.8428536608943906,1,0.5821812347557087,1
schafer_phyllosphere_2022,Leaf208,Leaf371,0,neutral,0.8774281814557205,1,0.8414462268990534,1,0.5944852612945527,1
schafer_phyllosphere_2022,Leaf208,Leaf405,0,neutral,0.9065111669324897,1,0.8414462268990534,1,0.6198618783478252,1
schafer_phyllosphere_2022,Leaf208,Leaf41,0,neutral,0.9255489179740147,1,0.8414462268990534,1,0.6401704578828704,1
schafer_phyllosphere_2022,Leaf208,Leaf427,0,neutral,0.9219561765623399,1,0.8414462268990534,1,0.63603883113443,1
schafer_phyllosphere_2022,Leaf208,Leaf61,0,neutral,0.9137981578979072,1,0.8414462268990534,1,0.627201294988256,1
schafer_phyllosphere_2022,Leaf208,Leaf67,0,neutral,0.9316431639090161,1,0.8414462268990534,1,0.6475655320595245,1
schafer_phyllosphere_2022,Leaf208,Leaf88,0,neutral,0.7996840506892521,1,0.8414462268990534,1,0.544318492881139,0
schafer_phyllosphere_2022,Leaf21,Leaf220,0,neutral,0.9712941429442031,1,0.8408642273182327,1,0.8221654051913816,1
schafer_phyllosphere_2022,Leaf21,Leaf299,0,neutral,0.9036892331901071,1,0.8408642273182327,1,0.6174594320553399,1
schafer_phyllosphere_2022,Leaf21,Leaf33,0,neutral,0.9218192398381261,1,0.8408642273182327,1,0.5905444266032125,1
schafer_phyllosphere_2022,Leaf21,Leaf359,0,neutral,0.9150898552967356,1,0.8419630452982395,1,0.6293455910911108,1
schafer_phyllosphere_2022,Leaf21,Leaf371,0,neutral,0.9719630040868101,1,0.8408642273182327,1,0.8969102193397305,1
schafer_phyllosphere_2022,Leaf21,Leaf405,0,neutral,0.8901517404697677,1,0.8408642273182327,1,0.6052435532872246,1
schafer_phyllosphere_2022,Leaf21,Leaf41,0,neutral,0.8585571950735488,1,0.8408642273182327,1,0.5807940765986424,1
schafer_phyllosphere_2022,Leaf21,Leaf427,0,neutral,0.9099128500384616,1,0.8408642273182327,1,0.7523844715683443,1
schafer_phyllosphere_2022,Leaf21,Leaf61,0,neutral,0.9176409789647697,1,0.8408642273182327,1,0.7597980214146433,1
schafer_phyllosphere_2022,Leaf21,Leaf67,0,neutral,0.8548891436660399,1,0.8408642273182327,1,0.5782402975469416,0
schafer_phyllosphere_2022,Leaf21,Leaf88,0,neutral,0.9593661347191853,1,0.8408642273182327,1,0.8074857738501979,1
schafer_phyllosphere_2022,Leaf216,Leaf220,0,neutral,0.9128440080403659,1,0.8434696269940553,1,0.6251147605324404,1
schafer_phyllosphere_2022,Leaf216,Leaf299,0,neutral,0.9296505385020429,1,0.8434696269940553,1,0.6440167094836833,1
schafer_phyllosphere_2022,Leaf216,Leaf33,0,neutral,0.9257534467676904,1,0.8434696269940553,1,0.8014835703093927,1
schafer_phyllosphere_2022,Leaf216,Leaf359,0,neutral,0.8460088025710379,1,0.8437800120823864,1,0.5709239519659265,0
schafer_phyllosphere_2022,Leaf216,Leaf371,0,neutral,0.9286068497002399,1,0.8434696269940553,1,0.6427413403242017,1
schafer_phyllosphere_2022,Leaf216,Leaf405,0,neutral,0.9158309708280514,1,0.8434696269940553,1,0.6282439271973775,1
schafer_phyllosphere_2022,Leaf216,Leaf41,0,neutral,0.9309989789389498,1,0.8434696269940553,1,0.6456875328690105,1
schafer_phyllosphere_2022,Leaf216,Leaf427,0,neutral,0.9312108040547511,1,0.8434696269940553,1,0.6459524175015009,1
schafer_phyllosphere_2022,Leaf216,Leaf61,0,neutral,0.9253096462990935,1,0.8434696269940553,1,0.6388096269551524,1
schafer_phyllosphere_2022,Leaf216,Leaf67,0,neutral,0.9233698891246556,1,0.8434696269940553,1,0.6365621692541097,1
schafer_phyllosphere_2022,Leaf216,Leaf88,0,neutral,0.9086712525995204,1,0.8434696269940553,1,0.6208853724802526,1
schafer_phyllosphere_2022,Leaf220,Leaf222,0,neutral,0.9271595842042157,1,0.839987981974528,1,0.6428445264769094,1
schafer_phyllosphere_2022,Leaf220,Leaf225,0,neutral,0.9181805804152671,1,0.8337446220838868,1,0.6359000853089908,1
schafer_phyllosphere_2022,Leaf220,Leaf226,0,neutral,0.8558695129855218,1,0.8414462268990534,1,0.5785914903776423,0
schafer_phyllosphere_2022,Leaf220,Leaf231,0,neutral,0.9300167844743246,1,0.8428936679196216,1,0.644774678401152,1
schafer_phyllosphere_2022,Leaf220,Leaf233,0,neutral,0.8134607844947431,1,0.8248042457513334,1,0.5093793571062499,0
schafer_phyllosphere_2022,Leaf220,Leaf234,0,neutral,0.9058232784873641,1,0.8431818627002151,1,0.6182454229613153,1
schafer_phyllosphere_2022,Leaf220,Leaf242,0,neutral,0.9283985988558416,1,0.8235418185700676,1,0.6525738156787962,1
schafer_phyllosphere_2022,Leaf220,Leaf254,0,neutral,0.8987065441502903,1,0.8370389452672582,1,0.6148757132801126,1
schafer_phyllosphere_2022,Leaf220,Leaf257,0,neutral,0.9036317381338176,1,0.8408642273182327,1,0.6174047242898395,1
schafer_phyllosphere_2022,Leaf220,Leaf26,0,neutral,0.8070384732428517,1,0.8411554433251371,1,0.5485312869665756,0
schafer_phyllosphere_2022,Leaf220,Leaf261,0,neutral,0.9023154189654317,1,0.8428936679196216,1,0.6150502578153177,1
schafer_phyllosphere_2022,Leaf220,Leaf262,1,positive,0.9316010935585962,1,0.8294750050826194,1,0.6536009176049257,1
schafer_phyllosphere_2022,Leaf220,Leaf263,0,neutral,0.847188114912209,1,0.8388135843608114,1,0.5741816043151302,0
schafer_phyllosphere_2022,Leaf220,Leaf264,0,neutral,0.8998431258241506,1,0.8423159857726872,1,0.613062285048045,1
schafer_phyllosphere_2022,Leaf220,Leaf265,0,neutral,0.9325626650241594,1,0.839401651273026,1,0.649794822029269,1
schafer_phyllosphere_2022,Leaf220,Leaf267,0,neutral,0.9224182322482745,1,0.8431818627002151,1,0.6356315151988532,1
schafer_phyllosphere_2022,Leaf220,Leaf274,0,neutral,0.9652973190400006,1,0.8405725786052117,1,0.8205622409596229,1
schafer_phyllosphere_2022,Leaf220,Leaf28,0,neutral,0.897695080865183,1,0.8408642273182327,1,0.6118916272213797,1
schafer_phyllosphere_2022,Leaf220,Leaf280,0,neutral,0.9259574586376872,1,0.8402804969141888,1,0.6412668072705131,1
schafer_phyllosphere_2022,Leaf220,Leaf288,0,neutral,0.9052866951596537,1,0.8423159857726872,1,0.6182001927187305,1
schafer_phyllosphere_2022,Leaf220,Leaf289,0,neutral,0.8554004417526749,1,0.6574463285875799,1,0.6521127251102202,1
schafer_phyllosphere_2022,Leaf220,Leaf299,0,neutral,0.9329458367713879,1,0.5619346946933049,1,0.7411847027725551,1
schafer_phyllosphere_2022,Leaf220,Leaf3,0,neutral,0.9266674447009037,1,0.8414462268990534,1,0.6414898348044383,1
schafer_phyllosphere_2022,Leaf220,Leaf30,0,neutral,0.8122797822084159,1,0.8426050423706021,1,0.5506551891653253,0
schafer_phyllosphere_2022,Leaf220,Leaf304,0,neutral,0.9177080079812167,1,0.8428936679196216,1,0.6305686331759349,1
schafer_phyllosphere_2022,Leaf220,Leaf306,0,neutral,0.9301563531593199,1,0.8213153911651174,1,0.6557561925998009,1
schafer_phyllosphere_2022,Leaf220,Leaf311,0,neutral,0.9286943668847588,1,0.830703710704849,1,0.6494302811396735,1
schafer_phyllosphere_2022,Leaf220,Leaf313,0,neutral,0.9352133452451016,1,0.5624707504539609,1,0.7043156991803179,1
schafer_phyllosphere_2022,Leaf220,Leaf314,0,neutral,0.8266127719560727,1,0.8373358072994499,1,0.5620185618518738,0
schafer_phyllosphere_2022,Leaf220,Leaf32,0,neutral,0.9126336068321433,1,0.8343475302615024,1,0.6297500581212657,1
schafer_phyllosphere_2022,Leaf220,Leaf324,0,neutral,0.8472094882756843,1,0.8423159857726872,1,0.5722302003610259,0
schafer_phyllosphere_2022,Leaf220,Leaf326,0,neutral,0.9125677623197916,1,0.8428936679196216,1,0.6251436200519377,1
schafer_phyllosphere_2022,Leaf220,Leaf33,0,neutral,0.9350599165389808,1,0.5624707504539609,1,0.7039814312274018,1
schafer_phyllosphere_2022,Leaf220,Leaf334,0,neutral,0.833184767121443,1,0.8402804969141888,1,0.564388288138978,0
schafer_phyllosphere_2022,Leaf220,Leaf335,0,neutral,0.9305829393382563,1,0.8276186789836595,1,0.6078191000293914,1
schafer_phyllosphere_2022,Leaf220,Leaf336,0,neutral,0.8645046830668206,1,0.8396950335168474,1,0.5856954189110797,1
schafer_phyllosphere_2022,Leaf220,Leaf337,0,neutral,0.9683790813945002,1,0.8396950335168474,1,0.8214996148913233,1
schafer_phyllosphere_2022,Leaf220,Leaf339,0,neutral,0.9298231097210393,1,0.839401651273026,1,0.6463745680319264,1
schafer_phyllosphere_2022,Leaf220,Leaf34,0,neutral,0.7841828800738717,1,0.8396950335168474,1,0.53712000691529,0
schafer_phyllosphere_2022,Leaf220,Leaf343,0,neutral,0.91640192237595,1,0.8431818627002151,1,0.6290085209327165,1
schafer_phyllosphere_2022,Leaf220,Leaf344,0,neutral,0.8632231775438464,1,0.8414462268990534,1,0.5837920229553784,1
schafer_phyllosphere_2022,Leaf220,Leaf351,0,neutral,0.9252525727508026,1,0.839401651273026,1,0.6409029636961596,1
schafer_phyllosphere_2022,Leaf220,Leaf354,0,neutral,0.9256512470525756,1,0.8423159857726872,1,0.6398277342002181,1
schafer_phyllosphere_2022,Leaf220,Leaf357,0,neutral,0.9270256669621693,1,0.8428936679196216,1,0.6411459728435818,1
schafer_phyllosphere_2022,Leaf220,Leaf359,0,neutral,0.7803301672615035,1,0.8037430069459298,1,0.5539095251857389,0
schafer_phyllosphere_2022,Leaf220,Leaf361,0,neutral,0.9267907658794791,1,0.8405725786052117,1,0.6420980316344908,1
schafer_phyllosphere_2022,Leaf220,Leaf363,0,neutral,0.9139930408288004,1,0.8428936679196216,1,0.6266214284657576,1
schafer_phyllosphere_2022,Leaf220,Leaf369,0,neutral,0.8941389114990189,1,0.8428936679196216,1,0.6075936672781215,1
schafer_phyllosphere_2022,Leaf220,Leaf371,0,neutral,0.9356902514575722,1,0.5619346946933049,1,0.9845660490184829,1
schafer_phyllosphere_2022,Leaf220,Leaf380,0,neutral,0.9724259592455239,1,0.8426050423706021,1,0.7934500003806151,1
schafer_phyllosphere_2022,Leaf220,Leaf391,0,neutral,0.9290652109487706,1,0.8222722547480326,1,0.6539804570967369,1
schafer_phyllosphere_2022,Leaf220,Leaf394,0,neutral,0.923754523563914,1,0.8426050423706021,1,0.6374684358796235,1
schafer_phyllosphere_2022,Leaf220,Leaf396,0,neutral,0.9018925753927483,1,0.8426050423706021,1,0.6148111923233635,1
schafer_phyllosphere_2022,Leaf220,Leaf405,0,neutral,0.9332447470028964,1,0.5619346946933049,1,0.741506683355808,1
schafer_phyllosphere_2022,Leaf220,Leaf406,0,neutral,0.9171828013424647,1,0.8437569610840131,1,0.6295336120178985,1
schafer_phyllosphere_2022,Leaf220,Leaf41,0,neutral,0.9332755980450007,1,0.5747573427147156,1,0.7384482768645887,1
schafer_phyllosphere_2022,Leaf220,Leaf412,0,neutral,0.9311758276658387,1,0.8431818627002151,1,0.8831087839361393,1
schafer_phyllosphere_2022,Leaf220,Leaf42,0,neutral,0.9274045111526751,1,0.8266845327865902,1,0.6498694593511567,1
schafer_phyllosphere_2022,Leaf220,Leaf420,0,neutral,0.9289454273435849,1,0.839987981974528,1,0.6449952511723109,1
schafer_phyllosphere_2022,Leaf220,Leaf427,0,neutral,0.9355200933768985,1,0.5619346946933049,1,0.8448616691184453,1
schafer_phyllosphere_2022,Leaf220,Leaf434,0,neutral,0.9159200175110728,1,0.8361457413017366,1,0.6322390615997893,1
schafer_phyllosphere_2022,Leaf220,Leaf443,0,neutral,0.8998282446563219,1,0.8423159857726872,1,0.6130485496974203,1
schafer_phyllosphere_2022,Leaf220,Leaf446,0,neutral,0.8944510640362638,1,0.8431818627002151,1,0.6077101288427912,1
schafer_phyllosphere_2022,Leaf220,Leaf454,0,neutral,0.7959824668660948,1,0.8434696269940553,1,0.541157980866394,0
schafer_phyllosphere_2022,Leaf220,Leaf456,0,neutral,0.9319733075331933,1,0.8405725786052117,1,0.6023601044685536,1
schafer_phyllosphere_2022,Leaf220,Leaf466,0,neutral,0.9268579514450992,1,0.7631960269724698,1,0.6761525290287336,1
schafer_phyllosphere_2022,Leaf220,Leaf49,0,neutral,0.8587175178270244,1,0.8431818627002151,1,0.5796022655733908,0
schafer_phyllosphere_2022,Leaf220,Leaf5,0,neutral,0.7838753548097084,1,0.839987981974528,1,0.5367951759220219,0
schafer_phyllosphere_2022,Leaf220,Leaf50,0,neutral,0.8859334666206616,1,0.8352486052153187,1,0.6047275009672274,1
schafer_phyllosphere_2022,Leaf220,Leaf51,0,neutral,0.9114548476219178,1,0.8405725786052117,1,0.6252590492328873,1
schafer_phyllosphere_2022,Leaf220,Leaf53,0,neutral,0.8855324194428811,1,0.8420264978466173,1,0.6007073839493419,1
schafer_phyllosphere_2022,Leaf220,Leaf58,0,neutral,0.9309459283718907,1,0.8411554433251371,1,0.6468458417786027,1
schafer_phyllosphere_2022,Leaf220,Leaf61,0,neutral,0.9356171988963002,1,0.5624707504539609,1,0.9656432180913782,1
schafer_phyllosphere_2022,Leaf220,Leaf62,0,neutral,0.9201918622241031,1,0.8190670439730111,1,0.6453308024114129,1
schafer_phyllosphere_2022,Leaf220,Leaf64,0,neutral,0.8048435824701597,1,0.8417365783143476,1,0.546980384077474,0
schafer_phyllosphere_2022,Leaf220,Leaf67,0,neutral,0.9355349152146435,1,0.5619346946933049,1,0.9251446108692913,1
schafer_phyllosphere_2022,Leaf220,Leaf68,1,positive,0.9650428768491157,1,0.8064768468819741,1,0.8315846952595268,1
schafer_phyllosphere_2022,Leaf220,Leaf69,0,neutral,0.8843725642256599,1,0.8414462268990534,1,0.6000701197171503,1
schafer_phyllosphere_2022,Leaf220,Leaf70,0,neutral,0.8181735956291507,1,0.8426050423706021,1,0.5540482407551546,0
schafer_phyllosphere_2022,Leaf220,Leaf75,0,neutral,0.9048611447897884,1,0.8431818627002151,1,0.6173157140359239,1
schafer_phyllosphere_2022,Leaf220,Leaf76,1,positive,0.972720066871119,1,0.8257463902247315,1,0.8302289212995613,1
schafer_phyllosphere_2022,Leaf220,Leaf78,1,positive,0.9701866124496888,1,0.839401651273026,1,0.824029441833735,1
schafer_phyllosphere_2022,Leaf220,Leaf82,0,neutral,0.9132372753010518,1,0.8405725786052117,1,0.6270887873185298,1
schafer_phyllosphere_2022,Leaf220,Leaf83,0,neutral,0.8876242835301877,1,0.8396950335168474,1,0.6037381556895192,1
schafer_phyllosphere_2022,Leaf220,Leaf85,0,neutral,0.9142522638492185,1,0.8361457413017366,1,0.6304871508531275,1
schafer_phyllosphere_2022,Leaf220,Leaf86,0,neutral,0.7937209986541517,1,0.8346483266433337,1,0.5449353931905124,0
schafer_phyllosphere_2022,Leaf220,Leaf87,0,neutral,0.8788064879415554,1,0.8161440068413307,1,0.6087253838508887,1
schafer_phyllosphere_2022,Leaf220,Leaf88,0,neutral,0.9327182491342528,1,0.5619346946933049,1,0.7409402675961536,1
schafer_phyllosphere_2022,Leaf220,Leaf90,0,neutral,0.9311473198343737,1,0.8098533143862525,1,0.6622322471332913,1
schafer_phyllosphere_2022,Leaf220,Leaf91,0,neutral,0.9284205463699169,1,0.8361457413017366,1,0.6463507175855944,1
schafer_phyllosphere_2022,Leaf220,Leaf99,0,neutral,0.9276486787984298,1,0.8040863268507474,1,0.6605929624732841,1
schafer_phyllosphere_2022,Leaf222,Leaf299,0,neutral,0.9147042008916263,1,0.839987981974528,1,0.6289301214403468,1
schafer_phyllosphere_2022,Leaf222,Leaf33,0,neutral,0.9271261261384706,1,0.839987981974528,1,0.6428046435947348,1
schafer_phyllosphere_2022,Leaf222,Leaf359,0,neutral,0.8123049563737287,1,0.8415628383217756,1,0.552884912475826,0
schafer_phyllosphere_2022,Leaf222,Leaf371,0,neutral,0.9118272330563673,1,0.839987981974528,1,0.625952427927054,1
schafer_phyllosphere_2022,Leaf222,Leaf405,0,neutral,0.9243108303713442,1,0.839987981974528,1,0.6395008588366882,1
schafer_phyllosphere_2022,Leaf222,Leaf41,0,neutral,0.9184777722672016,1,0.839987981974528,1,0.6329613868469692,1
schafer_phyllosphere_2022,Leaf222,Leaf427,0,neutral,0.920518628067371,1,0.839987981974528,1,0.6352049345259735,1
schafer_phyllosphere_2022,Leaf222,Leaf61,0,neutral,0.9282337944462071,1,0.839987981974528,1,0.6441330038983332,1
schafer_phyllosphere_2022,Leaf222,Leaf67,0,neutral,0.9276043410714054,1,0.839987981974528,1,0.6433761089407365,1
schafer_phyllosphere_2022,Leaf222,Leaf88,0,neutral,0.9303610162961963,1,0.839987981974528,1,0.6006581942112023,1
schafer_phyllosphere_2022,Leaf225,Leaf299,0,neutral,0.9302313988536841,1,0.8337446220838868,1,0.6497777655285877,1
schafer_phyllosphere_2022,Leaf225,Leaf33,0,neutral,0.8466529840776523,1,0.8337446220838868,1,0.5766087989611031,0
schafer_phyllosphere_2022,Leaf225,Leaf359,0,neutral,0.8955989786653304,1,0.8388973774117606,1,0.6160436021200145,1
schafer_phyllosphere_2022,Leaf225,Leaf371,0,neutral,0.9313059287459337,1,0.8337446220838868,1,0.6511074227795113,1
schafer_phyllosphere_2022,Leaf225,Leaf405,0,neutral,0.8879203809368239,1,0.8337446220838868,1,0.6071858841120914,1
schafer_phyllosphere_2022,Leaf225,Leaf41,0,neutral,0.8881502074081065,1,0.8342332430772962,1,0.6075889317935385,1
schafer_phyllosphere_2022,Leaf225,Leaf427,0,neutral,0.9733107521789962,1,0.8337446220838868,1,0.7997389584961734,1
schafer_phyllosphere_2022,Leaf225,Leaf61,0,neutral,0.9321774628713945,1,0.8339076237419956,1,0.6522648546289542,1
schafer_phyllosphere_2022,Leaf225,Leaf67,0,neutral,0.9205669337357564,1,0.8337446220838868,1,0.6385102314782011,1
schafer_phyllosphere_2022,Leaf225,Leaf88,0,neutral,0.9326905093632005,1,0.8337446220838868,1,0.778132177521111,1
schafer_phyllosphere_2022,Leaf226,Leaf299,0,neutral,0.9234166060770725,1,0.8414462268990534,1,0.6376992809930746,1
schafer_phyllosphere_2022,Leaf226,Leaf33,0,neutral,0.9254692391693589,1,0.8414462268990534,1,0.6400770880893981,1
schafer_phyllosphere_2022,Leaf226,Leaf359,0,neutral,0.9276819156622941,1,0.8428536608943906,1,0.6433063984477116,1
schafer_phyllosphere_2022,Leaf226,Leaf371,0,neutral,0.9137851514928558,1,0.8414462268990534,1,0.6271877563250401,1
schafer_phyllosphere_2022,Leaf226,Leaf405,0,neutral,0.8971022063112846,1,0.8414462268990534,1,0.6110370077147993,1
schafer_phyllosphere_2022,Leaf226,Leaf41,0,neutral,0.8867650508044815,1,0.8414462268990534,1,0.6020555331770044,1
schafer_phyllosphere_2022,Leaf226,Leaf427,0,neutral,0.9247700510929452,1,0.8414462268990534,1,0.8565913160298394,1
schafer_phyllosphere_2022,Leaf226,Leaf61,0,neutral,0.9269474438566858,1,0.8414462268990534,1,0.6418226732545427,1
schafer_phyllosphere_2022,Leaf226,Leaf67,0,neutral,0.8892166884918659,1,0.8414462268990534,1,0.7470963429125003,1
schafer_phyllosphere_2022,Leaf226,Leaf88,0,neutral,0.9274445655667591,1,0.8414462268990534,1,0.8619658923248348,1
schafer_phyllosphere_2022,Leaf231,Leaf299,0,neutral,0.9253894819651927,1,0.8428936679196216,1,0.6392120177234822,1
schafer_phyllosphere_2022,Leaf231,Leaf33,0,neutral,0.8910044692741963,1,0.8428936679196216,1,0.6048569057468042,1
schafer_phyllosphere_2022,Leaf231,Leaf359,0,neutral,0.7874894595285449,1,0.8435157952740564,1,0.5372935490440779,0
schafer_phyllosphere_2022,Leaf231,Leaf371,0,neutral,0.9221815944391902,1,0.8428936679196216,1,0.6355183712835953,1
schafer_phyllosphere_2022,Leaf231,Leaf405,0,neutral,0.9106655269618855,1,0.8428936679196216,1,0.6232013046668559,1
schafer_phyllosphere_2022,Leaf231,Leaf41,0,neutral,0.9295857232248979,1,0.8428936679196216,1,0.6442440279001965,1
schafer_phyllosphere_2022,Leaf231,Leaf427,0,neutral,0.9120128948020698,1,0.8428936679196216,1,0.624573564444887,1
schafer_phyllosphere_2022,Leaf231,Leaf61,0,neutral,0.9320730044853639,1,0.8428936679196216,1,0.6473432673547392,1
schafer_phyllosphere_2022,Leaf231,Leaf67,0,neutral,0.9280465930452104,1,0.8428936679196216,1,0.6423706634177789,1
schafer_phyllosphere_2022,Leaf231,Leaf88,0,neutral,0.9613357133134265,1,0.8428936679196216,1,0.7719907964385514,1
schafer_phyllosphere_2022,Leaf233,Leaf299,0,neutral,0.926408972972858,1,0.8248042457513334,1,0.649610932904973,1
schafer_phyllosphere_2022,Leaf233,Leaf33,0,neutral,0.9318567412813908,1,0.8248042457513334,1,0.7792212565313242,1
schafer_phyllosphere_2022,Leaf233,Leaf359,0,neutral,0.8853022338890174,1,0.8341210668027957,1,0.5636632633535661,0
schafer_phyllosphere_2022,Leaf233,Leaf371,0,neutral,0.8689480073206587,1,0.8248042457513334,1,0.596883703727817,1
schafer_phyllosphere_2022,Leaf233,Leaf405,0,neutral,0.9333525085629709,1,0.8248042457513334,1,0.6102368915281521,1
schafer_phyllosphere_2022,Leaf233,Leaf41,0,neutral,0.9319758396780122,1,0.8251439698087067,1,0.7797311946654713,1
schafer_phyllosphere_2022,Leaf233,Leaf427,0,neutral,0.932658661827314,1,0.8248042457513334,1,0.608866409471964,1
schafer_phyllosphere_2022,Leaf233,Leaf61,0,neutral,0.9277994288574529,1,0.8248042457513334,1,0.6027539429476984,1
schafer_phyllosphere_2022,Leaf233,Leaf67,0,neutral,0.9309077143346273,1,0.8248042457513334,1,0.6075331134070407,1
schafer_phyllosphere_2022,Leaf233,Leaf88,0,neutral,0.9266780001713394,1,0.8248042457513334,1,0.7748716589881093,1
schafer_phyllosphere_2022,Leaf234,Leaf299,0,neutral,0.7826701666346603,1,0.8431818627002151,1,0.5343439621060737,0
schafer_phyllosphere_2022,Leaf234,Leaf33,0,neutral,0.8799797303213159,1,0.8431818627002151,1,0.5955403557985668,1
schafer_phyllosphere_2022,Leaf234,Leaf359,0,neutral,0.7923661039895502,1,0.8436479491466307,1,0.539615672745235,0
schafer_phyllosphere_2022,Leaf234,Leaf371,0,neutral,0.9236265092983136,1,0.8431818627002151,1,0.6370116523856497,1
schafer_phyllosphere_2022,Leaf234,Leaf405,0,neutral,0.9280355671816282,1,0.8431818627002151,1,0.6422035297647983,1
schafer_phyllosphere_2022,Leaf234,Leaf41,0,neutral,0.9289890066160931,1,0.8431818627002151,1,0.6433601940546186,1
schafer_phyllosphere_2022,Leaf234,Leaf427,0,neutral,0.9250696679047028,1,0.8431818627002151,1,0.6386835472720241,1
schafer_phyllosphere_2022,Leaf234,Leaf61,0,neutral,0.92489782114611,1,0.8431818627002151,1,0.6384830962581236,1
schafer_phyllosphere_2022,Leaf234,Leaf67,0,neutral,0.9314958127007739,1,0.8431818627002151,1,0.6464629078990572,1
schafer_phyllosphere_2022,Leaf234,Leaf88,0,neutral,0.9064131737740132,1,0.8431818627002151,1,0.6188192230582208,1
schafer_phyllosphere_2022,Leaf242,Leaf299,0,neutral,0.8475084581355372,1,0.8235418185700676,1,0.5825568627062475,1
schafer_phyllosphere_2022,Leaf242,Leaf33,0,neutral,0.9260366572137433,1,0.8235418185700676,1,0.649785589684698,1
schafer_phyllosphere_2022,Leaf242,Leaf359,0,neutral,0.7888126934219716,1,0.8327483920359174,1,0.552316273890478,0
schafer_phyllosphere_2022,Leaf242,Leaf371,0,neutral,0.9265664032986194,1,0.8235418185700676,1,0.6504046257191778,1
schafer_phyllosphere_2022,Leaf242,Leaf405,0,neutral,0.9153844516652635,1,0.8235418185700676,1,0.6380369084609957,1
schafer_phyllosphere_2022,Leaf242,Leaf41,0,neutral,0.8798576131312622,1,0.8237127082911512,1,0.6059513597394057,1
schafer_phyllosphere_2022,Leaf242,Leaf427,0,neutral,0.9240910725889336,1,0.8235418185700676,1,0.6475423197735979,1
schafer_phyllosphere_2022,Leaf242,Leaf61,0,neutral,0.8511842934513538,1,0.8235418185700676,1,0.5850048626092523,1
schafer_phyllosphere_2022,Leaf242,Leaf67,0,neutral,0.9273600355136414,1,0.8235418185700676,1,0.6513388041440635,1
schafer_phyllosphere_2022,Leaf242,Leaf88,0,neutral,0.9167931947649823,1,0.8235418185700676,1,0.6395198966648589,1
schafer_phyllosphere_2022,Leaf254,Leaf299,0,neutral,0.9276375967143781,1,0.8370389452672582,1,0.6449506295086604,1
schafer_phyllosphere_2022,Leaf254,Leaf33,0,neutral,0.9032572723776844,1,0.8370389452672582,1,0.619103710709312,1
schafer_phyllosphere_2022,Leaf254,Leaf359,0,neutral,0.8709467148076198,1,0.8400648797743884,1,0.5932654826257094,1
schafer_phyllosphere_2022,Leaf254,Leaf371,0,neutral,0.9154483714883705,1,0.8370389452672582,1,0.6312733739504061,1
schafer_phyllosphere_2022,Leaf254,Leaf405,0,neutral,0.9288800121231209,1,0.8370389452672582,1,0.6464474567227504,1
schafer_phyllosphere_2022,Leaf254,Leaf41,0,neutral,0.9206514041113736,1,0.8371993477491129,1,0.6369700905199119,1
schafer_phyllosphere_2022,Leaf254,Leaf427,0,neutral,0.8836615740593398,1,0.8370389452672582,1,0.6018953204816793,1
schafer_phyllosphere_2022,Leaf254,Leaf61,0,neutral,0.8831343632204068,1,0.8370389452672582,1,0.6014651401895859,1
schafer_phyllosphere_2022,Leaf254,Leaf67,0,neutral,0.82078696880089,1,0.8370389452672582,1,0.5587172683274613,0
schafer_phyllosphere_2022,Leaf254,Leaf88,0,neutral,0.7864930681270064,1,0.8370389452672582,1,0.5398119055889669,0
schafer_phyllosphere_2022,Leaf257,Leaf299,0,neutral,0.8835427072684108,1,0.8408642273182327,1,0.5997105437568668,1
schafer_phyllosphere_2022,Leaf257,Leaf33,0,neutral,0.9267347344940867,1,0.8408642273182327,1,0.6418776037220839,1
schafer_phyllosphere_2022,Leaf257,Leaf359,0,neutral,0.917483291709059,1,0.8419630452982395,1,0.6318947257848637,1
schafer_phyllosphere_2022,Leaf257,Leaf371,0,neutral,0.912462317767679,1,0.8408642273182327,1,0.626132847654925,1
schafer_phyllosphere_2022,Leaf257,Leaf405,0,neutral,0.8576323885452496,1,0.8408642273182327,1,0.5801454542981388,1
schafer_phyllosphere_2022,Leaf257,Leaf41,0,neutral,0.9304133422517419,1,0.8410215797040366,1,0.6464042944697028,1
schafer_phyllosphere_2022,Leaf257,Leaf427,0,neutral,0.7928003835186122,1,0.8408642273182327,1,0.5409577128043346,0
schafer_phyllosphere_2022,Leaf257,Leaf61,0,neutral,0.8426671109637228,1,0.8408642273182327,1,0.5700719030012367,0
schafer_phyllosphere_2022,Leaf257,Leaf67,0,neutral,0.878048312745329,1,0.8408642273182327,1,0.5952963673139194,1
schafer_phyllosphere_2022,Leaf257,Leaf88,0,neutral,0.9217420716011596,1,0.8408642273182327,1,0.6361075485747074,1
schafer_phyllosphere_2022,Leaf26,Leaf299,0,neutral,0.9232061739275514,1,0.8411554433251371,1,0.637613171327722,1
schafer_phyllosphere_2022,Leaf26,Leaf33,0,neutral,0.926177141816998,1,0.8411554433251371,1,0.5953942514969918,1
schafer_phyllosphere_2022,Leaf26,Leaf359,0,neutral,0.833826311403086,1,0.8424088645547135,1,0.5648696180029725,0
schafer_phyllosphere_2022,Leaf26,Leaf371,0,neutral,0.9081217026136522,1,0.8411554433251371,1,0.6216007501219074,1
schafer_phyllosphere_2022,Leaf26,Leaf405,0,neutral,0.9182673631679362,1,0.8411554433251371,1,0.6321100962207216,1
schafer_phyllosphere_2022,Leaf26,Leaf41,0,neutral,0.889601632432311,1,0.8413125621007311,1,0.6046831332720665,1
schafer_phyllosphere_2022,Leaf26,Leaf427,0,neutral,0.9314220267919885,1,0.8411554433251371,1,0.6474408219479039,1
schafer_phyllosphere_2022,Leaf26,Leaf61,0,neutral,0.9239983679058483,1,0.8411554433251371,1,0.6385224437778352,1
schafer_phyllosphere_2022,Leaf26,Leaf67,0,neutral,0.856357628799782,1,0.8411554433251371,1,0.5790934861077911,0
schafer_phyllosphere_2022,Leaf26,Leaf88,0,neutral,0.9306588022595554,1,0.8411554433251371,1,0.6464886349534703,1
schafer_phyllosphere_2022,Leaf261,Leaf299,0,neutral,0.800449945608478,1,0.8428936679196216,1,0.5439045978873689,0
schafer_phyllosphere_2022,Leaf261,Leaf33,0,neutral,0.9234516266495517,1,0.8428936679196216,1,0.6369656409267075,1
schafer_phyllosphere_2022,Leaf261,Leaf359,0,neutral,0.8286149639113102,1,0.8435157952740564,1,0.5603866440850449,0
schafer_phyllosphere_2022,Leaf261,Leaf371,0,neutral,0.9004219607708208,1,0.8428936679196216,1,0.6132802835884593,1
schafer_phyllosphere_2022,Leaf261,Leaf405,0,neutral,0.9181557699309006,1,0.8428936679196216,1,0.631054079855704,1
schafer_phyllosphere_2022,Leaf261,Leaf41,0,neutral,0.9238707293083133,1,0.843049388166086,1,0.8002294423752013,1
schafer_phyllosphere_2022,Leaf261,Leaf427,0,neutral,0.8811604413421189,1,0.8428936679196216,1,0.5966495289750122,1
schafer_phyllosphere_2022,Leaf261,Leaf61,0,neutral,0.9290543292418577,1,0.8428936679196216,1,0.6435934977880761,1
schafer_phyllosphere_2022,Leaf261,Leaf67,0,neutral,0.9210725258657547,1,0.8428936679196216,1,0.6342701432365437,1
schafer_phyllosphere_2022,Leaf261,Leaf88,0,neutral,0.9538375289663732,1,0.8428936679196216,1,0.7616038554810801,1
schafer_phyllosphere_2022,Leaf262,Leaf299,0,neutral,0.9131325613308032,1,0.8294750050826194,1,0.6327558286341523,1
schafer_phyllosphere_2022,Leaf262,Leaf33,0,neutral,0.8966746788404345,1,0.8294750050826194,1,0.6169999455205893,1
schafer_phyllosphere_2022,Leaf262,Leaf359,0,neutral,0.85805520689424,1,0.8363503517517638,1,0.5896073773331504,1
schafer_phyllosphere_2022,Leaf262,Leaf371,1,positive,0.9317377345421348,1,0.8294750050826194,1,0.6537713192382588,1
schafer_phyllosphere_2022,Leaf262,Leaf405,0,neutral,0.9304347184740522,1,0.8294750050826194,1,0.6521574836060067,1
schafer_phyllosphere_2022,Leaf262,Leaf41,0,neutral,0.898133972314749,1,0.829973615398766,1,0.6185201874852254,1
schafer_phyllosphere_2022,Leaf262,Leaf427,0,neutral,0.9321461410050212,1,0.8294750050826194,1,0.6542822873456469,1
schafer_phyllosphere_2022,Leaf262,Leaf61,0,neutral,0.928101698991542,1,0.8294750050826194,1,0.649328159840972,1
schafer_phyllosphere_2022,Leaf262,Leaf67,0,neutral,0.8305755413644909,1,0.8294750050826194,1,0.5687006635905619,0
schafer_phyllosphere_2022,Leaf262,Leaf88,0,neutral,0.9257598737994054,1,0.8294750050826194,1,0.600870222805325,1
schafer_phyllosphere_2022,Leaf263,Leaf299,0,neutral,0.9018779655250447,1,0.8388135843608114,1,0.616856718757755,1
schafer_phyllosphere_2022,Leaf263,Leaf33,0,neutral,0.8556045414469021,1,0.8388135843608114,1,0.5798766761672615,0
schafer_phyllosphere_2022,Leaf263,Leaf359,0,neutral,0.9222526550893313,1,0.8397656344143907,1,0.8006845095234648,1
schafer_phyllosphere_2022,Leaf263,Leaf371,0,neutral,0.9041623990680777,1,0.8388135843608114,1,0.6190165846237079,1
schafer_phyllosphere_2022,Leaf263,Leaf405,0,neutral,0.8932605514326394,1,0.8388135843608114,1,0.609054500456442,1
schafer_phyllosphere_2022,Leaf263,Leaf41,0,neutral,0.8825537495818345,1,0.8388135843608114,1,0.600029419337214,1
schafer_phyllosphere_2022,Leaf263,Leaf427,0,neutral,0.9070276033883317,1,0.8388135843608114,1,0.6217846957696818,1
schafer_phyllosphere_2022,Leaf263,Leaf61,0,neutral,0.8362145130992302,1,0.8388135843608114,1,0.567102683707026,0
schafer_phyllosphere_2022,Leaf263,Leaf67,0,neutral,0.8702212387026086,1,0.8388135843608114,1,0.5904039476033497,1
schafer_phyllosphere_2022,Leaf263,Leaf88,0,neutral,0.8987366002684121,1,0.8388135843608114,1,0.6139514215091929,1
schafer_phyllosphere_2022,Leaf264,Leaf299,0,neutral,0.9283876227700153,1,0.8423159857726872,1,0.6430903263246889,1
schafer_phyllosphere_2022,Leaf264,Leaf33,0,neutral,0.8029435050339522,1,0.8423159857726872,1,0.5456008342730029,0
schafer_phyllosphere_2022,Leaf264,Leaf359,0,neutral,0.8140856903198819,1,0.8434066463015487,1,0.5523595822969847,0
schafer_phyllosphere_2022,Leaf264,Leaf371,0,neutral,0.9289345286668969,1,0.8423159857726872,1,0.6437545454389386,1
schafer_phyllosphere_2022,Leaf264,Leaf405,0,neutral,0.9238126467644701,1,0.8423159857726872,1,0.6376900458163979,1
schafer_phyllosphere_2022,Leaf264,Leaf41,0,neutral,0.9294883968173602,1,0.8423159857726872,1,0.6444314795902443,1
schafer_phyllosphere_2022,Leaf264,Leaf427,0,neutral,0.9294342728867729,1,0.8423159857726872,1,0.644365138980656,1
schafer_phyllosphere_2022,Leaf264,Leaf61,0,neutral,0.8790173452634439,1,0.8423159857726872,1,0.5952570673146927,1
schafer_phyllosphere_2022,Leaf264,Leaf67,0,neutral,0.9270703312266559,1,0.8423159857726872,1,0.6415072743274849,1
schafer_phyllosphere_2022,Leaf264,Leaf88,0,neutral,0.9142134255814004,1,0.8423159857726872,1,0.6271648708542336,1
schafer_phyllosphere_2022,Leaf265,Leaf299,0,neutral,0.9058373622508952,1,0.839401651273026,1,0.6203112506974476,1
schafer_phyllosphere_2022,Leaf265,Leaf33,0,neutral,0.9296181377597049,1,0.839401651273026,1,0.646123065423108,1
schafer_phyllosphere_2022,Leaf265,Leaf359,0,neutral,0.8715393945463422,1,0.8412955768952969,1,0.5919241846632534,1
schafer_phyllosphere_2022,Leaf265,Leaf371,0,neutral,0.9310413922205681,1,0.839401651273026,1,0.647881879019265,1
schafer_phyllosphere_2022,Leaf265,Leaf405,1,positive,0.9304454043067257,1,0.839401651273026,1,0.6471418114097525,1
schafer_phyllosphere_2022,Leaf265,Leaf41,0,neutral,0.9302849572480543,1,0.8395601739070088,1,0.6470104199015722,1
schafer_phyllosphere_2022,Leaf265,Leaf427,0,neutral,0.9644719907660538,1,0.839401651273026,1,0.8204775305249494,1
schafer_phyllosphere_2022,Leaf265,Leaf61,0,neutral,0.908794493211721,1,0.839401651273026,1,0.6232116567811802,1
schafer_phyllosphere_2022,Leaf265,Leaf67,0,neutral,0.8906512138817284,1,0.839401651273026,1,0.6064715917968693,1
schafer_phyllosphere_2022,Leaf265,Leaf88,0,neutral,0.9191919285295075,1,0.839401651273026,1,0.6340520060020937,1
schafer_phyllosphere_2022,Leaf267,Leaf299,0,neutral,0.9005698999839921,1,0.8431818627002151,1,0.6132588134626811,1
schafer_phyllosphere_2022,Leaf267,Leaf33,0,neutral,0.9232178784969031,1,0.8431818627002151,1,0.6365429255645441,1
schafer_phyllosphere_2022,Leaf267,Leaf359,0,neutral,0.8338491871191327,1,0.8436479491466307,1,0.5633709809460573,0
schafer_phyllosphere_2022,Leaf267,Leaf371,0,neutral,0.8055945459789475,1,0.8431818627002151,1,0.5465668927848983,0
schafer_phyllosphere_2022,Leaf267,Leaf405,0,neutral,0.8885105310132259,1,0.8431818627002151,1,0.6025634192275161,1
schafer_phyllosphere_2022,Leaf267,Leaf41,0,neutral,0.9287927053203608,1,0.8433373503866587,1,0.6431883069010453,1
schafer_phyllosphere_2022,Leaf267,Leaf427,0,neutral,0.8907155167512606,1,0.8431818627002151,1,0.6044477098884188,1
schafer_phyllosphere_2022,Leaf267,Leaf61,0,neutral,0.8069356067832214,1,0.8431818627002151,1,0.5473129805562594,0
schafer_phyllosphere_2022,Leaf267,Leaf67,0,neutral,0.9012479045210632,1,0.8431818627002151,1,0.6138903261108694,1
schafer_phyllosphere_2022,Leaf267,Leaf88,0,neutral,0.7996576012645069,1,0.8431818627002151,1,0.5433075255876801,0
schafer_phyllosphere_2022,Leaf274,Leaf299,0,neutral,0.9312636661565872,1,0.8405725786052117,1,0.6475482253314561,1
schafer_phyllosphere_2022,Leaf274,Leaf33,0,neutral,0.9307865500238576,1,0.8405725786052117,1,0.6469533275792922,1
schafer_phyllosphere_2022,Leaf274,Leaf359,0,neutral,0.8944666503329777,1,0.8421427625612048,1,0.6098573256095915,1
schafer_phyllosphere_2022,Leaf274,Leaf371,0,neutral,0.9287052995661398,1,0.8405725786052117,1,0.6443967269687965,1
schafer_phyllosphere_2022,Leaf274,Leaf405,0,neutral,0.8613409766206399,1,0.8405725786052117,1,0.5829292084914519,1
schafer_phyllosphere_2022,Leaf274,Leaf41,0,neutral,0.8739597112578775,1,0.8407301647486001,1,0.5923443909009306,1
schafer_phyllosphere_2022,Leaf274,Leaf427,0,neutral,0.9199490229341447,1,0.8405725786052117,1,0.6342635293551627,1
schafer_phyllosphere_2022,Leaf274,Leaf61,0,neutral,0.9299630355674856,1,0.8405725786052117,1,0.6459343351471877,1
schafer_phyllosphere_2022,Leaf274,Leaf67,0,neutral,0.9263076037561835,1,0.8405725786052117,1,0.6415256593730319,1
schafer_phyllosphere_2022,Leaf274,Leaf88,0,neutral,0.7994459116413473,1,0.8405725786052117,1,0.5446874254300755,0
schafer_phyllosphere_2022,Leaf28,Leaf299,0,neutral,0.8177310620523183,1,0.8408642273182327,1,0.5547831885632405,0
schafer_phyllosphere_2022,Leaf28,Leaf33,0,neutral,0.9220274256505917,1,0.8408642273182327,1,0.6364291543787425,1
schafer_phyllosphere_2022,Leaf28,Leaf359,0,neutral,0.8622651717118013,1,0.8425881696225248,1,0.5842115503933146,1
schafer_phyllosphere_2022,Leaf28,Leaf371,0,neutral,0.895660712839323,1,0.8408642273182327,1,0.6100612414131811,1
schafer_phyllosphere_2022,Leaf28,Leaf405,0,neutral,0.9310943748762104,1,0.8408642273182327,1,0.6471838920845787,1
schafer_phyllosphere_2022,Leaf28,Leaf41,0,neutral,0.9292825215830388,1,0.8408642273182327,1,0.6449463226164752,1
schafer_phyllosphere_2022,Leaf28,Leaf427,0,neutral,0.926521454874804,1,0.8408642273182327,1,0.6416246760782642,1
schafer_phyllosphere_2022,Leaf28,Leaf61,0,neutral,0.8852811419168389,1,0.8408642273182327,1,0.6011413632134476,1
schafer_phyllosphere_2022,Leaf28,Leaf67,0,neutral,0.8163241850329953,1,0.8408642273182327,1,0.5539678479345328,0
schafer_phyllosphere_2022,Leaf28,Leaf88,0,neutral,0.9272264578754649,1,0.8408642273182327,1,0.642463027610856,1
schafer_phyllosphere_2022,Leaf280,Leaf299,0,neutral,0.9273044056490825,1,0.8402804969141888,1,0.6428636237145793,1
schafer_phyllosphere_2022,Leaf280,Leaf33,0,neutral,0.929086969737884,1,0.8402804969141888,1,0.6450142969141985,1
schafer_phyllosphere_2022,Leaf280,Leaf359,0,neutral,0.8529325107159001,1,0.8423223137258818,1,0.5781548711178521,0
schafer_phyllosphere_2022,Leaf280,Leaf371,0,neutral,0.9176955383724685,1,0.8402804969141888,1,0.6319578001354644,1
schafer_phyllosphere_2022,Leaf280,Leaf405,0,neutral,0.9214557622098881,1,0.8402804969141888,1,0.6360958464873655,1
schafer_phyllosphere_2022,Leaf280,Leaf41,0,neutral,0.915410024855514,1,0.8402804969141888,1,0.6295168856937627,1
schafer_phyllosphere_2022,Leaf280,Leaf427,0,neutral,0.9242068074846922,1,0.8402804969141888,1,0.6392263194565326,1
schafer_phyllosphere_2022,Leaf280,Leaf61,0,neutral,0.931443115989544,1,0.8402804969141888,1,0.6479255955625581,1
schafer_phyllosphere_2022,Leaf280,Leaf67,0,neutral,0.9132765135802405,1,0.8402804969141888,1,0.6272859584735325,1
schafer_phyllosphere_2022,Leaf280,Leaf88,0,neutral,0.8100699058766188,1,0.8402804969141888,1,0.5024377071626018,0
schafer_phyllosphere_2022,Leaf288,Leaf299,0,neutral,0.9226895508374131,1,0.8423159857726872,1,0.6364048071548248,1
schafer_phyllosphere_2022,Leaf288,Leaf33,0,neutral,0.8771082016400077,1,0.8423159857726872,1,0.5937495712188798,1
schafer_phyllosphere_2022,Leaf288,Leaf359,0,neutral,0.865122366309056,1,0.8434066463015487,1,0.5851807010909366,1
schafer_phyllosphere_2022,Leaf288,Leaf371,0,neutral,0.8568848675764561,1,0.8423159857726872,1,0.5788076137305564,0
schafer_phyllosphere_2022,Leaf288,Leaf405,0,neutral,0.8942170258492627,1,0.8423159857726872,1,0.6079818946250166,1
schafer_phyllosphere_2022,Leaf288,Leaf41,0,neutral,0.8470812113348429,1,0.8423159857726872,1,0.5721451582006893,0
schafer_phyllosphere_2022,Leaf288,Leaf427,0,neutral,0.8797528558784025,1,0.8423159857726872,1,0.5958428325080904,1
schafer_phyllosphere_2022,Leaf288,Leaf61,0,neutral,0.9205548598341025,1,0.8423159857726872,1,0.6340031755666703,1
schafer_phyllosphere_2022,Leaf288,Leaf67,0,neutral,0.919644525227366,1,0.8423159857726872,1,0.6329949136198761,1
schafer_phyllosphere_2022,Leaf288,Leaf88,0,neutral,0.8233708891296324,1,0.8423159857726872,1,0.557272892392447,0
schafer_phyllosphere_2022,Leaf289,Leaf299,0,neutral,0.932956164668749,1,0.6574463285875799,1,0.7167358672546746,1
schafer_phyllosphere_2022,Leaf289,Leaf33,0,neutral,0.8060337456698135,1,0.6577112165669264,1,0.6235820822083514,1
schafer_phyllosphere_2022,Leaf289,Leaf359,0,neutral,0.9080941472405353,1,0.8108793426984244,1,0.6426012645728436,1
schafer_phyllosphere_2022,Leaf289,Leaf371,0,neutral,0.9323338711949044,1,0.6574463285875799,1,0.7160300050729828,1
schafer_phyllosphere_2022,Leaf289,Leaf405,0,neutral,0.932219204505517,1,0.6574463285875799,1,0.7159004819369486,1
schafer_phyllosphere_2022,Leaf289,Leaf41,0,neutral,0.931790221376581,1,0.661145771061855,1,0.7162523133311449,1
schafer_phyllosphere_2022,Leaf289,Leaf427,0,neutral,0.9322400663881678,1,0.6574463285875799,1,0.7159240342482985,1
schafer_phyllosphere_2022,Leaf289,Leaf61,0,neutral,0.9297800036432786,1,0.6577112165669264,1,0.7132440947608911,1
schafer_phyllosphere_2022,Leaf289,Leaf67,0,neutral,0.926127074421646,1,0.6574463285875799,1,0.709247822851554,1
schafer_phyllosphere_2022,Leaf289,Leaf88,0,neutral,0.9347502864280474,1,0.6574463285875799,1,0.6774790546423911,1
schafer_phyllosphere_2022,Leaf299,Leaf3,0,neutral,0.8780306322628396,1,0.8414462268990534,1,0.5949597621306671,1
schafer_phyllosphere_2022,Leaf299,Leaf30,0,neutral,0.8124056270757057,1,0.8426050423706021,1,0.5507268223639835,0
schafer_phyllosphere_2022,Leaf299,Leaf304,1,positive,0.9649836919178617,1,0.8428936679196216,1,0.8193417980795941,1
schafer_phyllosphere_2022,Leaf299,Leaf306,0,neutral,0.8025251895419208,1,0.8213153911651174,1,0.5567996756225334,0
schafer_phyllosphere_2022,Leaf299,Leaf311,0,neutral,0.9321565831170971,1,0.830703710704849,1,0.653689350567464,1
schafer_phyllosphere_2022,Leaf299,Leaf313,0,neutral,0.9327286095577896,1,0.5624707504539609,1,0.7408228470580018,1
schafer_phyllosphere_2022,Leaf299,Leaf314,0,neutral,0.9256853279914505,1,0.8373358072994499,1,0.6424864541163701,1
schafer_phyllosphere_2022,Leaf299,Leaf32,0,neutral,0.8985862405105092,1,0.8343475302615024,1,0.6161921300761841,1
schafer_phyllosphere_2022,Leaf299,Leaf324,0,neutral,0.9202645827179418,1,0.8423159857726872,1,0.6336806589854821,1
schafer_phyllosphere_2022,Leaf299,Leaf326,0,neutral,0.9092859606942011,1,0.8428936679196216,1,0.6218134499185617,1
schafer_phyllosphere_2022,Leaf299,Leaf33,0,neutral,0.9350990664862269,1,0.5624707504539609,1,0.8440573909110379,1
schafer_phyllosphere_2022,Leaf299,Leaf334,0,neutral,0.9214079509187706,1,0.8402804969141888,1,0.6360422329458372,1
schafer_phyllosphere_2022,Leaf299,Leaf335,0,neutral,0.9303812665231949,1,0.8276186789836595,1,0.6530026364499563,1
schafer_phyllosphere_2022,Leaf299,Leaf336,0,neutral,0.9236847220241732,1,0.8396950335168474,1,0.638934195168705,1
schafer_phyllosphere_2022,Leaf299,Leaf337,0,neutral,0.9260705755934734,1,0.8396950335168474,1,0.6417079351739912,1
schafer_phyllosphere_2022,Leaf299,Leaf339,0,neutral,0.914987169069104,1,0.839401651273026,1,0.629539712071713,1
schafer_phyllosphere_2022,Leaf299,Leaf34,0,neutral,0.9224772886372781,1,0.8396950335168474,1,0.6375572086996076,1
schafer_phyllosphere_2022,Leaf299,Leaf343,0,neutral,0.9283656659398858,1,0.8431818627002151,1,0.6426025674079543,1
schafer_phyllosphere_2022,Leaf299,Leaf344,0,neutral,0.8286852933276723,1,0.8414462268990534,1,0.56096517536404,0
schafer_phyllosphere_2022,Leaf299,Leaf351,0,neutral,0.923719630118841,1,0.839401651273026,1,0.6391287074634419,1
schafer_phyllosphere_2022,Leaf299,Leaf354,0,neutral,0.9216348176702908,1,0.8423159857726872,1,0.6352115411744361,1
schafer_phyllosphere_2022,Leaf299,Leaf357,0,neutral,0.9108131681498381,1,0.8428936679196216,1,0.6233508550680035,1
schafer_phyllosphere_2022,Leaf299,Leaf359,0,neutral,0.9126467703526756,1,0.8037430069459298,1,0.6444678413621032,1
schafer_phyllosphere_2022,Leaf299,Leaf361,0,neutral,0.8397560690647868,1,0.8405725786052117,1,0.5683619446654864,0
schafer_phyllosphere_2022,Leaf299,Leaf363,0,neutral,0.927704065749765,1,0.8428936679196216,1,0.6419582026407549,1
schafer_phyllosphere_2022,Leaf299,Leaf369,0,neutral,0.9242299350173889,1,0.8428936679196216,1,0.637862240526276,1
schafer_phyllosphere_2022,Leaf299,Leaf371,0,neutral,0.9353424325013943,1,0.5619346946933049,1,0.9253815463378212,1
schafer_phyllosphere_2022,Leaf299,Leaf380,0,neutral,0.8692110073685607,1,0.8426050423706021,1,0.5875399207707962,1
schafer_phyllosphere_2022,Leaf299,Leaf391,0,neutral,0.9296829254567412,1,0.8222722547480326,1,0.6547269238238785,1
schafer_phyllosphere_2022,Leaf299,Leaf394,0,neutral,0.92543506711401,1,0.8426050423706021,1,0.6394198148620969,1
schafer_phyllosphere_2022,Leaf299,Leaf396,0,neutral,0.9304240311224504,1,0.8426050423706021,1,0.6454317065118843,1
schafer_phyllosphere_2022,Leaf299,Leaf405,0,neutral,0.9323859329228718,1,0.5619346946933049,1,0.7405844576093586,1
schafer_phyllosphere_2022,Leaf299,Leaf406,0,neutral,0.9258781820451745,1,0.8437569610840131,1,0.6393229715063236,1
schafer_phyllosphere_2022,Leaf299,Leaf41,0,neutral,0.9349861309896,1,0.5747573427147156,1,0.7011943355077906,1
schafer_phyllosphere_2022,Leaf299,Leaf412,0,neutral,0.9241142325372631,1,0.8431818627002151,1,0.6375737810109088,1
schafer_phyllosphere_2022,Leaf299,Leaf416,0,neutral,0.9315168808759248,1,0.8125218921943977,1,0.6614870362778207,1
schafer_phyllosphere_2022,Leaf299,Leaf42,0,neutral,0.9287817850143765,1,0.8266845327865902,1,0.6515145303919434,1
schafer_phyllosphere_2022,Leaf299,Leaf420,0,neutral,0.931104966882931,1,0.839987981974528,1,0.6476556138019134,1
schafer_phyllosphere_2022,Leaf299,Leaf427,0,neutral,0.935438883657073,1,0.5619346946933049,1,0.9250794401275293,1
schafer_phyllosphere_2022,Leaf299,Leaf434,0,neutral,0.8902513222414625,1,0.8361457413017366,1,0.5580922355270209,0
schafer_phyllosphere_2022,Leaf299,Leaf443,0,neutral,0.930070495234052,1,0.8423159857726872,1,0.6451476042398272,1
schafer_phyllosphere_2022,Leaf299,Leaf446,0,neutral,0.9262399528920124,1,0.8431818627002151,1,0.6400586704345902,1
schafer_phyllosphere_2022,Leaf299,Leaf454,0,neutral,0.9293584348863125,1,0.8434696269940553,1,0.6436582174899839,1
schafer_phyllosphere_2022,Leaf299,Leaf456,0,neutral,0.8412611034641144,1,0.8405725786052117,1,0.5693276117658013,0
schafer_phyllosphere_2022,Leaf299,Leaf466,0,neutral,0.9309671531286297,1,0.7631960269724698,1,0.6809139200288372,1
schafer_phyllosphere_2022,Leaf299,Leaf49,0,neutral,0.9219799328775239,1,0.8431818627002151,1,0.6351351912363337,1
schafer_phyllosphere_2022,Leaf299,Leaf5,0,neutral,0.8197402798256046,1,0.839987981974528,1,0.5564514289978713,0
schafer_phyllosphere_2022,Leaf299,Leaf50,0,neutral,0.8086020205204625,1,0.8352486052153187,1,0.5527186067152018,0
schafer_phyllosphere_2022,Leaf299,Leaf51,0,neutral,0.884169810474308,1,0.8405725786052117,1,0.6003853740400458,1
schafer_phyllosphere_2022,Leaf299,Leaf53,0,neutral,0.8750288424222047,1,0.8420264978466173,1,0.5922901325117813,1
schafer_phyllosphere_2022,Leaf299,Leaf58,0,neutral,0.9294451007432516,1,0.8411554433251371,1,0.6449918863353608,1
schafer_phyllosphere_2022,Leaf299,Leaf61,0,neutral,0.935299598975294,1,0.5624707504539609,1,0.7038417579442963,1
schafer_phyllosphere_2022,Leaf299,Leaf62,0,neutral,0.8054652260978298,1,0.8190670439730111,1,0.5595690741966839,0
schafer_phyllosphere_2022,Leaf299,Leaf64,0,neutral,0.9227719533512222,1,0.8417365783143476,1,0.6368083538503344,1
schafer_phyllosphere_2022,Leaf299,Leaf67,0,neutral,0.9345191390295647,1,0.5619346946933049,1,0.7031929155542375,1
schafer_phyllosphere_2022,Leaf299,Leaf68,0,neutral,0.932987139502901,1,0.8064768468819741,1,0.6659989401540679,1
schafer_phyllosphere_2022,Leaf299,Leaf69,0,neutral,0.9215871060983949,1,0.8414462268990534,1,0.6356232100564143,1
schafer_phyllosphere_2022,Leaf299,Leaf70,0,neutral,0.9279583424877471,1,0.8426050423706021,1,0.6424180622678468,1
schafer_phyllosphere_2022,Leaf299,Leaf75,0,neutral,0.9166040777678305,1,0.8431818627002151,1,0.6292246831356694,1
schafer_phyllosphere_2022,Leaf299,Leaf76,0,neutral,0.8802236431311505,1,0.8257463902247315,1,0.6050522452198022,1
schafer_phyllosphere_2022,Leaf299,Leaf78,0,neutral,0.8779775775715649,1,0.839401651273026,1,0.5960468725437414,1
schafer_phyllosphere_2022,Leaf299,Leaf82,0,neutral,0.8710394743156052,1,0.8405725786052117,1,0.5900485149500972,1
schafer_phyllosphere_2022,Leaf299,Leaf83,0,neutral,0.931126146373385,1,0.8396950335168474,1,0.6478348073946943,1
schafer_phyllosphere_2022,Leaf299,Leaf85,0,neutral,0.9298769579148393,1,0.8361457413017366,1,0.6481222210980483,1
schafer_phyllosphere_2022,Leaf299,Leaf86,0,neutral,0.9214199062366958,1,0.8346483266433337,1,0.6389953530912477,1
schafer_phyllosphere_2022,Leaf299,Leaf87,0,neutral,0.8838651005948122,1,0.8161440068413307,1,0.6127585973830296,1
schafer_phyllosphere_2022,Leaf299,Leaf88,0,neutral,0.9331418145205156,1,0.5619346946933049,1,0.7413956850485063,1
schafer_phyllosphere_2022,Leaf299,Leaf90,0,neutral,0.8565403172260494,1,0.8098533143862525,1,0.5954467545049206,1
schafer_phyllosphere_2022,Leaf299,Leaf91,0,neutral,0.9304881324516994,1,0.8361457413017366,1,0.6488745403958187,1
schafer_phyllosphere_2022,Leaf299,Leaf99,0,neutral,0.9186753533483968,1,0.8040863268507474,1,0.6505658009822843,1
schafer_phyllosphere_2022,Leaf3,Leaf33,0,neutral,0.901556057557792,1,0.8414462268990534,1,0.6151300033194861,1
schafer_phyllosphere_2022,Leaf3,Leaf359,0,neutral,0.8929137292228644,1,0.8430094134092685,1,0.6080139650114609,1
schafer_phyllosphere_2022,Leaf3,Leaf371,0,neutral,0.9083281313100999,1,0.8414462268990534,1,0.6216475522274761,1
schafer_phyllosphere_2022,Leaf3,Leaf405,0,neutral,0.8796130568823576,1,0.8414462268990534,1,0.5962149353920373,1
schafer_phyllosphere_2022,Leaf3,Leaf41,0,neutral,0.8498408367404833,1,0.8414462268990534,1,0.5744778646926427,0
schafer_phyllosphere_2022,Leaf3,Leaf427,0,neutral,0.7914682821921926,1,0.8414462268990534,1,0.5399204754073488,0
schafer_phyllosphere_2022,Leaf3,Leaf61,0,neutral,0.856174746793583,1,0.8414462268990534,1,0.5788032426973087,0
schafer_phyllosphere_2022,Leaf3,Leaf67,0,neutral,0.8812814129683374,1,0.8414462268990534,1,0.5975523998709656,1
schafer_phyllosphere_2022,Leaf3,Leaf88,0,neutral,0.8091380483877529,1,0.8414462268990534,1,0.5495410787670258,0
schafer_phyllosphere_2022,Leaf30,Leaf33,0,neutral,0.920228230039248,1,0.8426050423706021,1,0.6334848941412935,1
schafer_phyllosphere_2022,Leaf30,Leaf359,0,neutral,0.9234282812334823,1,0.8435388752546161,1,0.6375002845763738,1
schafer_phyllosphere_2022,Leaf30,Leaf371,0,neutral,0.8734860891151054,1,0.8426050423706021,1,0.5907774064309672,1
schafer_phyllosphere_2022,Leaf30,Leaf405,0,neutral,0.8009505456938486,1,0.8426050423706021,1,0.5443435712504576,0
schafer_phyllosphere_2022,Leaf30,Leaf41,0,neutral,0.9018195066631539,1,0.8426050423706021,1,0.6147426291190151,1
schafer_phyllosphere_2022,Leaf30,Leaf427,0,neutral,0.7922574292119445,1,0.8426050423706021,1,0.5396723016597961,0
schafer_phyllosphere_2022,Leaf30,Leaf61,0,neutral,0.9133810704844628,1,0.8426050423706021,1,0.6261412418793921,1
schafer_phyllosphere_2022,Leaf30,Leaf67,0,neutral,0.9038902246068896,1,0.8426050423706021,1,0.6167017294564803,1
schafer_phyllosphere_2022,Leaf30,Leaf88,0,neutral,0.8270246938338316,1,0.8426050423706021,1,0.510369978438287,0
schafer_phyllosphere_2022,Leaf304,Leaf33,0,neutral,0.9158945843357879,1,0.8428936679196216,1,0.6286242117161316,1
schafer_phyllosphere_2022,Leaf304,Leaf359,0,neutral,0.8438672920113174,1,0.8433604517988047,1,0.5699192841092816,0
schafer_phyllosphere_2022,Leaf304,Leaf371,0,neutral,0.9264764811213818,1,0.8428936679196216,1,0.6404929389421019,1
schafer_phyllosphere_2022,Leaf304,Leaf405,0,neutral,0.9002441753221072,1,0.8428936679196216,1,0.6131154817791747,1
schafer_phyllosphere_2022,Leaf304,Leaf41,0,neutral,0.9275599782954648,1,0.8428936679196216,1,0.6417851726172077,1
schafer_phyllosphere_2022,Leaf304,Leaf427,0,neutral,0.9639783820136227,1,0.8428936679196216,1,0.8163729859947257,1
schafer_phyllosphere_2022,Leaf304,Leaf61,0,neutral,0.8797004476863294,1,0.8428936679196216,1,0.5954784781469744,1
schafer_phyllosphere_2022,Leaf304,Leaf67,0,neutral,0.9258555172518983,1,0.8428936679196216,1,0.6397593214284272,1
schafer_phyllosphere_2022,Leaf304,Leaf88,0,neutral,0.8930872641273466,1,0.8428936679196216,1,0.6066683385162486,1
schafer_phyllosphere_2022,Leaf306,Leaf33,0,neutral,0.9062449711948752,1,0.8213153911651174,1,0.6299615185816335,1
schafer_phyllosphere_2022,Leaf306,Leaf359,0,neutral,0.8100034695937534,1,0.829951155361009,1,0.5646183900438067,0
schafer_phyllosphere_2022,Leaf306,Leaf371,0,neutral,0.9180564594527832,1,0.8213153911651174,1,0.6419449583880101,1
schafer_phyllosphere_2022,Leaf306,Leaf405,0,neutral,0.8283334172353563,1,0.8213153911651174,1,0.5716047284865077,0
schafer_phyllosphere_2022,Leaf306,Leaf41,0,neutral,0.9013800751427522,1,0.8214879696806594,1,0.6254430073445413,1
schafer_phyllosphere_2022,Leaf306,Leaf427,0,neutral,0.9144720465237051,1,0.8213153911651174,1,0.6381698724415494,1
schafer_phyllosphere_2022,Leaf306,Leaf61,0,neutral,0.7862156894735395,1,0.8213153911651174,1,0.5481387132436174,0
schafer_phyllosphere_2022,Leaf306,Leaf67,0,neutral,0.9208682368448152,1,0.8213153911651174,1,0.805380169129592,1
schafer_phyllosphere_2022,Leaf306,Leaf88,0,neutral,0.8003444357678341,1,0.8213153911651174,1,0.5556133986229427,0
schafer_phyllosphere_2022,Leaf311,Leaf33,0,neutral,0.9200219454692219,1,0.830703710704849,1,0.6394536954914307,1
schafer_phyllosphere_2022,Leaf311,Leaf359,0,neutral,0.9226188560028366,1,0.8360934452730848,1,0.6445650105208683,1
schafer_phyllosphere_2022,Leaf311,Leaf371,1,positive,0.9348071559653959,1,0.830703710704849,1,0.6091584764397504,1
schafer_phyllosphere_2022,Leaf311,Leaf405,0,neutral,0.8441498786289999,1,0.830703710704849,1,0.5766036321741674,0
schafer_phyllosphere_2022,Leaf311,Leaf41,0,neutral,0.9187000202716837,1,0.8308690889642805,1,0.6380784151723213,1
schafer_phyllosphere_2022,Leaf311,Leaf427,1,positive,0.9348104471048535,1,0.830703710704849,1,0.6098346736996029,1
schafer_phyllosphere_2022,Leaf311,Leaf61,0,neutral,0.932302616315427,1,0.830703710704849,1,0.6538728363467043,1
schafer_phyllosphere_2022,Leaf311,Leaf67,0,neutral,0.9294234434947554,1,0.830703710704849,1,0.6503129966344294,1
schafer_phyllosphere_2022,Leaf311,Leaf88,0,neutral,0.9260931798945411,1,0.830703710704849,1,0.6463393626156475,1
schafer_phyllosphere_2022,Leaf313,Leaf33,0,neutral,0.9332035916780055,1,0.5627602373243845,1,0.7413901333158511,1
schafer_phyllosphere_2022,Leaf313,Leaf359,0,neutral,0.9129359143695853,1,0.8037430069459298,1,0.6447596607167773,1
schafer_phyllosphere_2022,Leaf313,Leaf371,0,neutral,0.9353274366967341,1,0.5624707504539609,1,0.8446711005457491,1
schafer_phyllosphere_2022,Leaf313,Leaf405,0,neutral,0.9357019858698963,1,0.5624707504539609,1,0.9845540021030657,1
schafer_phyllosphere_2022,Leaf313,Leaf41,0,neutral,0.9354456261371351,1,0.5750448420938814,1,0.9650775270265981,1
schafer_phyllosphere_2022,Leaf313,Leaf427,0,neutral,0.9332653158355255,1,0.5624707504539609,1,0.7414005313443979,1
schafer_phyllosphere_2022,Leaf313,Leaf61,0,neutral,0.9324275555539033,1,0.5627602373243845,1,0.7405566455816777,1
schafer_phyllosphere_2022,Leaf313,Leaf67,0,neutral,0.9335116832242667,1,0.5624707504539609,1,0.8673563110314108,1
schafer_phyllosphere_2022,Leaf313,Leaf88,0,neutral,0.9350079854480827,1,0.5624707504539609,1,0.704178079374279,1
schafer_phyllosphere_2022,Leaf314,Leaf33,0,neutral,0.9320418755144114,1,0.8373358072994499,1,0.6048311093974857,1
schafer_phyllosphere_2022,Leaf314,Leaf359,0,neutral,0.9269027102664334,1,0.8400413845122658,1,0.6450635026776598,1
schafer_phyllosphere_2022,Leaf314,Leaf371,0,neutral,0.8461593092978712,1,0.8373358072994499,1,0.5743205791374696,0
schafer_phyllosphere_2022,Leaf314,Leaf405,0,neutral,0.9273933945965784,1,0.8373358072994499,1,0.6445054909064627,1
schafer_phyllosphere_2022,Leaf314,Leaf41,0,neutral,0.9135376919030282,1,0.8373358072994499,1,0.6291202423058906,1
schafer_phyllosphere_2022,Leaf314,Leaf427,0,neutral,0.9025625365654668,1,0.8373358072994499,1,0.6182900951831116,1
schafer_phyllosphere_2022,Leaf314,Leaf61,0,neutral,0.9041910088923351,1,0.8373358072994499,1,0.6198330665356647,1
schafer_phyllosphere_2022,Leaf314,Leaf67,0,neutral,0.9269698011937754,1,0.8373358072994499,1,0.6440012102713449,1
schafer_phyllosphere_2022,Leaf314,Leaf88,0,neutral,0.9305203342101475,1,0.8373358072994499,1,0.6023324475560786,1
schafer_phyllosphere_2022,Leaf32,Leaf33,0,neutral,0.933460228953397,1,0.8343475302615024,1,0.608583446449323,1
schafer_phyllosphere_2022,Leaf32,Leaf359,0,neutral,0.8970412269806752,1,0.8390090694902567,1,0.6168059349453331,1
schafer_phyllosphere_2022,Leaf32,Leaf371,0,neutral,0.9311812264762176,1,0.8343475302615024,1,0.6052532806264104,1
schafer_phyllosphere_2022,Leaf32,Leaf405,0,neutral,0.9244493236574152,1,0.8343475302615024,1,0.6425879854505075,1
schafer_phyllosphere_2022,Leaf32,Leaf41,0,neutral,0.9318741225185857,1,0.834834730341842,1,0.6517130623757482,1
schafer_phyllosphere_2022,Leaf32,Leaf427,0,neutral,0.9266562242038227,1,0.8343475302615024,1,0.6451636845122687,1
schafer_phyllosphere_2022,Leaf32,Leaf61,0,neutral,0.9100727557581197,1,0.8343475302615024,1,0.6271542169939546,1
schafer_phyllosphere_2022,Leaf32,Leaf67,0,neutral,0.9691713099552525,1,0.8343475302615024,1,0.7963934298492441,1
schafer_phyllosphere_2022,Leaf32,Leaf88,0,neutral,0.8136354737489286,1,0.8343475302615024,1,0.556061331506644,0
schafer_phyllosphere_2022,Leaf324,Leaf33,0,neutral,0.8815402791075765,1,0.8423159857726872,1,0.5972781930999636,1
schafer_phyllosphere_2022,Leaf324,Leaf359,0,neutral,0.8920264310436591,1,0.8432512146080615,1,0.6064818961113638,1
schafer_phyllosphere_2022,Leaf324,Leaf371,0,neutral,0.7993929630608763,1,0.8423159857726872,1,0.543662225454227,0
schafer_phyllosphere_2022,Leaf324,Leaf405,0,neutral,0.8864829072164876,1,0.8423159857726872,1,0.6013382476758792,1
schafer_phyllosphere_2022,Leaf324,Leaf41,0,neutral,0.9162373433181916,1,0.8423159857726872,1,0.6293015480143843,1
schafer_phyllosphere_2022,Leaf324,Leaf427,0,neutral,0.8310397057447084,1,0.8423159857726872,1,0.561910542942914,0
schafer_phyllosphere_2022,Leaf324,Leaf61,0,neutral,0.9252639906666297,1,0.8423159857726872,1,0.6393739358455792,1
schafer_phyllosphere_2022,Leaf324,Leaf67,0,neutral,0.8872944853380251,1,0.8423159857726872,1,0.6020182111506478,1
schafer_phyllosphere_2022,Leaf324,Leaf88,0,neutral,0.8289897895894065,1,0.8423159857726872,1,0.5606558427003605,0
schafer_phyllosphere_2022,Leaf326,Leaf33,0,neutral,0.9693938240767908,1,0.8428936679196216,1,0.8222613007737518,1
schafer_phyllosphere_2022,Leaf326,Leaf359,0,neutral,0.7946924640978378,1,0.8435157952740564,1,0.5410915615707973,0
schafer_phyllosphere_2022,Leaf326,Leaf371,0,neutral,0.928552101117728,1,0.8428936679196216,1,0.6429823134489271,1
schafer_phyllosphere_2022,Leaf326,Leaf405,0,neutral,0.9169316326491256,1,0.8428936679196216,1,0.6297319669995621,1
schafer_phyllosphere_2022,Leaf326,Leaf41,0,neutral,0.9174707911115142,1,0.8428936679196216,1,0.6303123185905137,1
schafer_phyllosphere_2022,Leaf326,Leaf427,0,neutral,0.828051504020583,1,0.8428936679196216,1,0.5597553033238406,0
schafer_phyllosphere_2022,Leaf326,Leaf61,0,neutral,0.9240563205018937,1,0.8428936679196216,1,0.6376615923645409,1
schafer_phyllosphere_2022,Leaf326,Leaf67,0,neutral,0.9261835335135965,1,0.8428936679196216,1,0.6401462195386193,1
schafer_phyllosphere_2022,Leaf326,Leaf88,0,neutral,0.8250930737341088,1,0.8428936679196216,1,0.5579709552324894,0
schafer_phyllosphere_2022,Leaf33,Leaf334,0,neutral,0.9275821628152715,1,0.8402804969141888,1,0.643195896149679,1
schafer_phyllosphere_2022,Leaf33,Leaf335,0,neutral,0.9628557303899481,1,0.8276186789836595,1,0.7925402629076497,1
schafer_phyllosphere_2022,Leaf33,Leaf336,0,neutral,0.9250582227054771,1,0.8396950335168474,1,0.6405222424587994,1
schafer_phyllosphere_2022,Leaf33,Leaf337,0,neutral,0.9172454854798655,1,0.8396950335168474,1,0.6317844185836404,1
schafer_phyllosphere_2022,Leaf33,Leaf34,0,neutral,0.8903453218275135,1,0.8396950335168474,1,0.6060491548698552,1
schafer_phyllosphere_2022,Leaf33,Leaf343,0,neutral,0.9034446673882427,1,0.8431818627002151,1,0.6159606326927284,1
schafer_phyllosphere_2022,Leaf33,Leaf344,0,neutral,0.9106252229433524,1,0.8414462268990534,1,0.62394633853339,1
schafer_phyllosphere_2022,Leaf33,Leaf351,0,neutral,0.969271447129307,1,0.839401651273026,1,0.7902050978639906,1
schafer_phyllosphere_2022,Leaf33,Leaf354,0,neutral,0.9250811114975656,1,0.8423159857726872,1,0.6391602974457099,1
schafer_phyllosphere_2022,Leaf33,Leaf357,0,neutral,0.8996644220889671,1,0.8428936679196216,1,0.6125796971518646,1
schafer_phyllosphere_2022,Leaf33,Leaf359,0,neutral,0.9324815667133347,1,0.8037430069459298,1,0.6212910268591657,1
schafer_phyllosphere_2022,Leaf33,Leaf361,0,neutral,0.7910592372208046,1,0.8405725786052117,1,0.5402036716391994,0
schafer_phyllosphere_2022,Leaf33,Leaf363,0,neutral,0.9285959030827964,1,0.8428936679196216,1,0.6430354784235677,1
schafer_phyllosphere_2022,Leaf33,Leaf369,0,neutral,0.90039234944538,1,0.8428936679196216,1,0.6132528184207858,1
schafer_phyllosphere_2022,Leaf33,Leaf371,0,neutral,0.9356270115340193,1,0.5624707504539609,1,0.9655051996364309,1
schafer_phyllosphere_2022,Leaf33,Leaf380,0,neutral,0.8137105681724626,1,0.8426050423706021,1,0.5514716823672512,0
schafer_phyllosphere_2022,Leaf33,Leaf391,0,neutral,0.9227273160072156,1,0.8222722547480326,1,0.6012642920685864,1
schafer_phyllosphere_2022,Leaf33,Leaf394,0,neutral,0.9168057886905256,1,0.8426050423706021,1,0.6297530747366537,1
schafer_phyllosphere_2022,Leaf33,Leaf396,0,neutral,0.9261496628255023,1,0.8426050423706021,1,0.640260432397257,1
schafer_phyllosphere_2022,Leaf33,Leaf405,0,neutral,0.9350079187575819,1,0.5624707504539609,1,0.70373939517357,1
schafer_phyllosphere_2022,Leaf33,Leaf406,0,neutral,0.9264877269350221,1,0.8437569610840131,1,0.6400436379447768,1
schafer_phyllosphere_2022,Leaf33,Leaf41,0,neutral,0.9352931953507091,1,0.5750448420938814,1,0.923815017871646,1
schafer_phyllosphere_2022,Leaf33,Leaf412,0,neutral,0.863067152356491,1,0.8431818627002151,1,0.5827029555660783,1
schafer_phyllosphere_2022,Leaf33,Leaf416,0,neutral,0.9323130360958893,1,0.8125218921943977,1,0.6624717098162496,1
schafer_phyllosphere_2022,Leaf33,Leaf420,0,neutral,0.9287708631620961,1,0.839987981974528,1,0.6447830927789548,1
schafer_phyllosphere_2022,Leaf33,Leaf434,0,neutral,0.7880415414382829,1,0.8361457413017366,1,0.5411160880574255,0
schafer_phyllosphere_2022,Leaf33,Leaf443,0,neutral,0.9119731399015231,1,0.8423159857726872,1,0.6248467850336884,1
schafer_phyllosphere_2022,Leaf33,Leaf446,0,neutral,0.9177703302311692,1,0.8431818627002151,1,0.6304800989895106,1
schafer_phyllosphere_2022,Leaf33,Leaf454,0,neutral,0.9082318498605607,1,0.8434696269940553,1,0.6204491376337262,1
schafer_phyllosphere_2022,Leaf33,Leaf456,0,neutral,0.8480836879140731,1,0.8405725786052117,1,0.5737939359806723,0
schafer_phyllosphere_2022,Leaf33,Leaf466,0,neutral,0.9314114799397023,1,0.7631960269724698,1,0.6814420603957603,1
schafer_phyllosphere_2022,Leaf33,Leaf49,0,neutral,0.9286834326556448,1,0.8431818627002151,1,0.6429881159328278,1
schafer_phyllosphere_2022,Leaf33,Leaf50,0,neutral,0.9274156261399645,1,0.8352486052153187,1,0.6456050899097261,1
schafer_phyllosphere_2022,Leaf33,Leaf51,0,neutral,0.8992613026211759,1,0.8405725786052117,1,0.6134794886733558,1
schafer_phyllosphere_2022,Leaf33,Leaf53,0,neutral,0.896949698004133,1,0.8420264978466173,1,0.610581033618365,1
schafer_phyllosphere_2022,Leaf33,Leaf58,0,neutral,0.8838676763631804,1,0.8411554433251371,1,0.5518519096943401,0
schafer_phyllosphere_2022,Leaf33,Leaf61,0,neutral,0.933234460379391,1,0.5627602373243845,1,0.7414234365323855,1
schafer_phyllosphere_2022,Leaf33,Leaf62,0,neutral,0.9233465208498151,1,0.8190670439730111,1,0.6488348267059296,1
schafer_phyllosphere_2022,Leaf33,Leaf64,0,neutral,0.9280245397595203,1,0.8417365783143476,1,0.6429591030939128,1
schafer_phyllosphere_2022,Leaf33,Leaf67,0,neutral,0.9355045853116626,1,0.5624707504539609,1,0.925089326255353,1
schafer_phyllosphere_2022,Leaf33,Leaf68,0,neutral,0.9320939080883054,1,0.8064768468819741,1,0.6648903543396546,1
schafer_phyllosphere_2022,Leaf33,Leaf69,0,neutral,0.8714654366893684,1,0.8414462268990534,1,0.5898847710123551,1
schafer_phyllosphere_2022,Leaf33,Leaf70,0,neutral,0.923568255842518,1,0.8426050423706021,1,0.6372543090830295,1
schafer_phyllosphere_2022,Leaf33,Leaf75,0,neutral,0.9261609546437107,1,0.8431818627002151,1,0.6399652879477891,1
schafer_phyllosphere_2022,Leaf33,Leaf76,0,neutral,0.9071389281594214,1,0.8257463902247315,1,0.6286393047160329,1
schafer_phyllosphere_2022,Leaf33,Leaf78,0,neutral,0.8201790079216024,1,0.839401651273026,1,0.5570390902436453,0
schafer_phyllosphere_2022,Leaf33,Leaf82,0,neutral,0.8104857775605461,1,0.8405725786052117,1,0.5507976531979824,0
schafer_phyllosphere_2022,Leaf33,Leaf83,0,neutral,0.9282007915910326,1,0.8396950335168474,1,0.6442466546082807,1
schafer_phyllosphere_2022,Leaf33,Leaf85,0,neutral,0.8770013821900593,1,0.8361457413017366,1,0.5970529986706613,1
schafer_phyllosphere_2022,Leaf33,Leaf86,0,neutral,0.9264539847424427,1,0.8346483266433337,1,0.6447717151384209,1
schafer_phyllosphere_2022,Leaf33,Leaf87,0,neutral,0.8547047092354008,1,0.8161440068413307,1,0.5911197123083728,1
schafer_phyllosphere_2022,Leaf33,Leaf88,0,neutral,0.9351636961700934,1,0.5624707504539609,1,0.8440436118885907,1
schafer_phyllosphere_2022,Leaf33,Leaf90,0,neutral,0.9279693792647917,1,0.8098533143862525,1,0.658414056425571,1
schafer_phyllosphere_2022,Leaf33,Leaf91,0,neutral,0.9308397139365671,1,0.8361457413017366,1,0.6493097561267739,1
schafer_phyllosphere_2022,Leaf33,Leaf99,0,neutral,0.9283107466817209,1,0.8040863268507474,1,0.6613714552946314,1
schafer_phyllosphere_2022,Leaf334,Leaf359,0,neutral,0.835829733036057,1,0.8413825851813839,1,0.5665429122968831,0
schafer_phyllosphere_2022,Leaf334,Leaf371,0,neutral,0.7822486117954142,1,0.8402804969141888,1,0.5357935217405301,0
schafer_phyllosphere_2022,Leaf334,Leaf405,0,neutral,0.8221188247994784,1,0.8402804969141888,1,0.5576863339536275,0
schafer_phyllosphere_2022,Leaf334,Leaf41,0,neutral,0.9208321357058289,1,0.8402804969141888,1,0.6353986072330301,1
schafer_phyllosphere_2022,Leaf334,Leaf427,0,neutral,0.8373420161074205,1,0.8402804969141888,1,0.5669915605421865,0
schafer_phyllosphere_2022,Leaf334,Leaf61,0,neutral,0.8548276871297553,1,0.8402804969141888,1,0.5785244830097418,0
schafer_phyllosphere_2022,Leaf334,Leaf67,0,neutral,0.9264989711650188,1,0.8402804969141888,1,0.6419059120233556,1
schafer_phyllosphere_2022,Leaf334,Leaf88,0,neutral,0.9179819045849043,1,0.8402804969141888,1,0.6322674910040069,1
schafer_phyllosphere_2022,Leaf335,Leaf359,0,neutral,0.9305948465764348,1,0.8339032010496823,1,0.6557841456507771,1
schafer_phyllosphere_2022,Leaf335,Leaf371,0,neutral,0.8452976481188696,1,0.8276186789836595,1,0.5789855894585384,0
schafer_phyllosphere_2022,Leaf335,Leaf405,0,neutral,0.8578137248862988,1,0.8276186789836595,1,0.5874300821479782,1
schafer_phyllosphere_2022,Leaf335,Leaf41,0,neutral,0.9218904057838214,1,0.8277864461198681,1,0.5965365092977482,1
schafer_phyllosphere_2022,Leaf335,Leaf427,0,neutral,0.8165716128710383,1,0.8276186789836595,1,0.5613775190941812,0
schafer_phyllosphere_2022,Leaf335,Leaf61,0,neutral,0.866044433061017,1,0.8276186789836595,1,0.5932971017138664,1
schafer_phyllosphere_2022,Leaf335,Leaf67,0,neutral,0.8966593809730464,1,0.8276186789836595,1,0.6179351508767296,1
schafer_phyllosphere_2022,Leaf335,Leaf88,0,neutral,0.919520453357908,1,0.8276186789836595,1,0.5943916639346349,1
schafer_phyllosphere_2022,Leaf336,Leaf359,0,neutral,0.9039905796831258,1,0.8415861522504688,1,0.6192086946807239,1
schafer_phyllosphere_2022,Leaf336,Leaf371,0,neutral,0.890054837495977,1,0.8396950335168474,1,0.6058002911425311,1
schafer_phyllosphere_2022,Leaf336,Leaf405,0,neutral,0.9298015597410729,1,0.8396950335168474,1,0.6461950372083433,1
schafer_phyllosphere_2022,Leaf336,Leaf41,0,neutral,0.922288163127917,1,0.8398533218104999,1,0.6374108657920341,1
schafer_phyllosphere_2022,Leaf336,Leaf427,0,neutral,0.885331435801574,1,0.8396950335168474,1,0.6018249615556619,1
schafer_phyllosphere_2022,Leaf336,Leaf61,0,neutral,0.9038615345144398,1,0.8396950335168474,1,0.6182558278292619,1
schafer_phyllosphere_2022,Leaf336,Leaf67,0,neutral,0.8793330380117584,1,0.8396950335168474,1,0.5969588088420896,1
schafer_phyllosphere_2022,Leaf336,Leaf88,0,neutral,0.9206001391943277,1,0.8396950335168474,1,0.5894434009319188,1
schafer_phyllosphere_2022,Leaf337,Leaf359,0,neutral,0.9047616038146028,1,0.8422124880104919,1,0.6202219261061597,1
schafer_phyllosphere_2022,Leaf337,Leaf371,0,neutral,0.9301241678689831,1,0.8396950335168474,1,0.646592072996364,1
schafer_phyllosphere_2022,Leaf337,Leaf405,0,neutral,0.9271038128949847,1,0.8396950335168474,1,0.6429317759886369,1
schafer_phyllosphere_2022,Leaf337,Leaf41,0,neutral,0.9304667714160005,1,0.8396950335168474,1,0.6470153550127379,1
schafer_phyllosphere_2022,Leaf337,Leaf427,0,neutral,0.9256626089623708,1,0.8396950335168474,1,0.6412285368726297,1
schafer_phyllosphere_2022,Leaf337,Leaf61,0,neutral,0.8779952646761299,1,0.8396950335168474,1,0.5958995959089798,1
schafer_phyllosphere_2022,Leaf337,Leaf67,0,neutral,0.8633985270199118,1,0.8396950335168474,1,0.584894331111942,1
schafer_phyllosphere_2022,Leaf337,Leaf88,0,neutral,0.8809453620624684,1,0.8396950335168474,1,0.5509112370149767,0
schafer_phyllosphere_2022,Leaf339,Leaf359,0,neutral,0.7812344740949455,1,0.8419228457344974,1,0.5369411676868361,0
schafer_phyllosphere_2022,Leaf339,Leaf371,0,neutral,0.9283217336406839,1,0.839401651273026,1,0.6445460299230195,1
schafer_phyllosphere_2022,Leaf339,Leaf405,0,neutral,0.9217539804092376,1,0.839401651273026,1,0.6368954970478556,1
schafer_phyllosphere_2022,Leaf339,Leaf41,0,neutral,0.9314852763615512,1,0.8397185699454744,1,0.6485701218432186,1
schafer_phyllosphere_2022,Leaf339,Leaf427,0,neutral,0.9297152986286281,1,0.839401651273026,1,0.6462422083259189,1
schafer_phyllosphere_2022,Leaf339,Leaf61,0,neutral,0.9279031352021184,1,0.839401651273026,1,0.6440417750334971,1
schafer_phyllosphere_2022,Leaf339,Leaf67,0,neutral,0.9264314820267517,1,0.839401651273026,1,0.6422876743612864,1
schafer_phyllosphere_2022,Leaf339,Leaf88,0,neutral,0.9289018233734165,1,0.839401651273026,1,0.6452487971149679,1
schafer_phyllosphere_2022,Leaf34,Leaf359,0,neutral,0.8206169018790153,1,0.8417429251508526,1,0.5580712270360892,0
schafer_phyllosphere_2022,Leaf34,Leaf371,0,neutral,0.8491442235786585,1,0.8396950335168474,1,0.5749927249294635,0
schafer_phyllosphere_2022,Leaf34,Leaf405,0,neutral,0.9110676663633135,1,0.8396950335168474,1,0.6253362467066269,1
schafer_phyllosphere_2022,Leaf34,Leaf41,0,neutral,0.8984507474182367,1,0.8396950335168474,1,0.613214337592078,1
schafer_phyllosphere_2022,Leaf34,Leaf427,0,neutral,0.8997240214552213,1,0.8396950335168474,1,0.6143810129914257,1
schafer_phyllosphere_2022,Leaf34,Leaf61,0,neutral,0.9280135107787066,1,0.8396950335168474,1,0.6440210214282651,1
schafer_phyllosphere_2022,Leaf34,Leaf67,0,neutral,0.9170618809159776,1,0.8396950335168474,1,0.7596752011135072,1
schafer_phyllosphere_2022,Leaf34,Leaf88,0,neutral,0.8383737876186943,1,0.8396950335168474,1,0.5679739738750186,0
schafer_phyllosphere_2022,Leaf343,Leaf359,0,neutral,0.8188603194528015,1,0.8436479491466307,1,0.554335252128415,0
schafer_phyllosphere_2022,Leaf343,Leaf371,0,neutral,0.8573903067732013,1,0.8431818627002151,1,0.5786708205513362,0
schafer_phyllosphere_2022,Leaf343,Leaf405,0,neutral,0.8823996397041588,1,0.8431818627002151,1,0.5974913998574666,1
schafer_phyllosphere_2022,Leaf343,Leaf41,0,neutral,0.9301670785420659,1,0.8431818627002151,1,0.6448069908492919,1
schafer_phyllosphere_2022,Leaf343,Leaf427,0,neutral,0.9168183808828406,1,0.8431818627002151,1,0.6294542987714444,1
schafer_phyllosphere_2022,Leaf343,Leaf61,0,neutral,0.8413051950784411,1,0.8431818627002151,1,0.5678779063513413,0
schafer_phyllosphere_2022,Leaf343,Leaf67,0,neutral,0.8190561548783409,1,0.8431818627002151,1,0.5542323995383649,0
schafer_phyllosphere_2022,Leaf343,Leaf88,0,neutral,0.9169203560235064,1,0.8431818627002151,1,0.5824401644064496,1
schafer_phyllosphere_2022,Leaf344,Leaf359,0,neutral,0.876179778634948,1,0.8426977826889105,1,0.5940735148197018,1
schafer_phyllosphere_2022,Leaf344,Leaf371,0,neutral,0.8450383820557595,1,0.8414462268990534,1,0.5712901116690993,0
schafer_phyllosphere_2022,Leaf344,Leaf405,0,neutral,0.8751732093742743,1,0.8414462268990534,1,0.5927252839698431,1
schafer_phyllosphere_2022,Leaf344,Leaf41,0,neutral,0.8802062349991359,1,0.8416031122124814,1,0.5967593367948961,1
schafer_phyllosphere_2022,Leaf344,Leaf427,0,neutral,0.91198639333788,1,0.8414462268990534,1,0.6253310823032023,1
schafer_phyllosphere_2022,Leaf344,Leaf61,0,neutral,0.9069022198594725,1,0.8414462268990534,1,0.6202438236276032,1
schafer_phyllosphere_2022,Leaf344,Leaf67,0,neutral,0.9137461216133523,1,0.8414462268990534,1,0.6271471391390091,1
schafer_phyllosphere_2022,Leaf344,Leaf88,0,neutral,0.8524762937472626,1,0.8414462268990534,1,0.5762603231059344,0
schafer_phyllosphere_2022,Leaf351,Leaf359,0,neutral,0.9464743240481636,1,0.8405086526828666,1,0.8963175258067215,1
schafer_phyllosphere_2022,Leaf351,Leaf371,0,neutral,0.7823329699454535,1,0.839401651273026,1,0.5363362668547692,0
schafer_phyllosphere_2022,Leaf351,Leaf405,0,neutral,0.9176331645247169,1,0.839401651273026,1,0.6323575548328694,1
schafer_phyllosphere_2022,Leaf351,Leaf41,0,neutral,0.8062659579386168,1,0.8395601739070088,1,0.5491684923705887,0
schafer_phyllosphere_2022,Leaf351,Leaf427,0,neutral,0.9080861882036921,1,0.839401651273026,1,0.7508187755177559,1
schafer_phyllosphere_2022,Leaf351,Leaf61,0,neutral,0.8532222222712642,1,0.839401651273026,1,0.5779129000727034,0
schafer_phyllosphere_2022,Leaf351,Leaf67,0,neutral,0.8722585836837186,1,0.839401651273026,1,0.5916198066559474,1
schafer_phyllosphere_2022,Leaf351,Leaf88,0,neutral,0.9701037269141213,1,0.839401651273026,1,0.7896081843573642,1
schafer_phyllosphere_2022,Leaf354,Leaf359,0,neutral,0.9073473396353434,1,0.8434066463015487,1,0.7884508723332185,1
schafer_phyllosphere_2022,Leaf354,Leaf371,0,neutral,0.882211045196704,1,0.8423159857726872,1,0.5978212459307555,1
schafer_phyllosphere_2022,Leaf354,Leaf405,0,neutral,0.9134724641615176,1,0.8423159857726872,1,0.6263928188308769,1
schafer_phyllosphere_2022,Leaf354,Leaf41,0,neutral,0.9226306425866188,1,0.8424721715945267,1,0.6364056560326186,1
schafer_phyllosphere_2022,Leaf354,Leaf427,0,neutral,0.9223473101923734,1,0.8423159857726872,1,0.6360161736770882,1
schafer_phyllosphere_2022,Leaf354,Leaf61,0,neutral,0.930860968915256,1,0.8423159857726872,1,0.64612790450435,1
schafer_phyllosphere_2022,Leaf354,Leaf67,0,neutral,0.9292608182280918,1,0.8423159857726872,1,0.6441528117735924,1
schafer_phyllosphere_2022,Leaf354,Leaf88,0,neutral,0.8404470535274963,1,0.8423159857726872,1,0.5193571839403893,0
schafer_phyllosphere_2022,Leaf357,Leaf359,0,neutral,0.8950108930758196,1,0.8435157952740564,1,0.6086458542573563,1
schafer_phyllosphere_2022,Leaf357,Leaf371,0,neutral,0.8835257176933358,1,0.8428936679196216,1,0.5985710034921822,1
schafer_phyllosphere_2022,Leaf357,Leaf405,0,neutral,0.9277926035567403,1,0.8428936679196216,1,0.6420646642798472,1
schafer_phyllosphere_2022,Leaf357,Leaf41,0,neutral,0.9154867023426818,1,0.843049388166086,1,0.6282600230442483,1
schafer_phyllosphere_2022,Leaf357,Leaf427,0,neutral,0.7940991945024146,1,0.8428936679196216,1,0.5404839955287157,0
schafer_phyllosphere_2022,Leaf357,Leaf61,0,neutral,0.9314325721418765,1,0.8428936679196216,1,0.64653652749314,1
schafer_phyllosphere_2022,Leaf357,Leaf67,0,neutral,0.9139151355972154,1,0.8428936679196216,1,0.6265401423768323,1
schafer_phyllosphere_2022,Leaf357,Leaf88,0,neutral,0.8703517073885666,1,0.8428936679196216,1,0.5882334257870685,1
schafer_phyllosphere_2022,Leaf359,Leaf361,0,neutral,0.8959996745701353,1,0.841829734292079,1,0.6110810053538299,1
schafer_phyllosphere_2022,Leaf359,Leaf363,0,neutral,0.9229717387799186,1,0.8436710132480707,1,0.7997036611333288,1
schafer_phyllosphere_2022,Leaf359,Leaf369,0,neutral,0.8544995539413915,1,0.8435157952740564,1,0.5771145826704231,0
schafer_phyllosphere_2022,Leaf359,Leaf371,0,neutral,0.8463096956467444,1,0.8037430069459298,1,0.5915093730338559,1
schafer_phyllosphere_2022,Leaf359,Leaf380,0,neutral,0.8587775997059489,1,0.8433835504370526,1,0.5803278876638408,1
schafer_phyllosphere_2022,Leaf359,Leaf391,0,neutral,0.8501145320889345,1,0.8313666546228756,1,0.5887765746297023,1
schafer_phyllosphere_2022,Leaf359,Leaf394,0,neutral,0.9059780961176664,1,0.8433835504370526,1,0.6190574397465594,1
schafer_phyllosphere_2022,Leaf359,Leaf396,0,neutral,0.8641755696412188,1,0.8433835504370526,1,0.584186784307037,1
schafer_phyllosphere_2022,Leaf359,Leaf405,0,neutral,0.9157545769467138,1,0.8037430069459298,1,0.647645480999838,1
schafer_phyllosphere_2022,Leaf359,Leaf406,0,neutral,0.8299939092051062,1,0.8437569610840131,1,0.7438544149863507,1
schafer_phyllosphere_2022,Leaf359,Leaf41,0,neutral,0.8536559034276002,1,0.8042991053569165,1,0.5965945933606681,1
schafer_phyllosphere_2022,Leaf359,Leaf412,0,neutral,0.8715763598670963,1,0.8436479491466307,1,0.5892095663031977,1
schafer_phyllosphere_2022,Leaf359,Leaf416,0,neutral,0.9063571363368725,1,0.8276163651644376,1,0.6401692957353646,1
schafer_phyllosphere_2022,Leaf359,Leaf42,0,neutral,0.9180440379291305,1,0.8341386684733296,1,0.6423477485625319,1
schafer_phyllosphere_2022,Leaf359,Leaf420,0,neutral,0.914742837690897,1,0.8420328352384325,1,0.629859651480477,1
schafer_phyllosphere_2022,Leaf359,Leaf427,0,neutral,0.8947779501930004,1,0.8037430069459298,1,0.6277568897665168,1
schafer_phyllosphere_2022,Leaf359,Leaf434,0,neutral,0.8316598555403387,1,0.8395023391127479,1,0.5186233541337283,0
schafer_phyllosphere_2022,Leaf359,Leaf443,0,neutral,0.8084230894064827,1,0.8430956573373697,1,0.5490053346665493,0
schafer_phyllosphere_2022,Leaf359,Leaf446,0,neutral,0.8982698402101698,1,0.8436479491466307,1,0.6113508538935369,1
schafer_phyllosphere_2022,Leaf359,Leaf454,0,neutral,0.8724791802101146,1,0.8439350164666765,1,0.5897341237409285,1
schafer_phyllosphere_2022,Leaf359,Leaf456,0,neutral,0.890779786444358,1,0.8422990878371933,1,0.606712613345624,1
schafer_phyllosphere_2022,Leaf359,Leaf466,0,neutral,0.9088628955533682,1,0.8176396638791857,1,0.6458977670246004,1
schafer_phyllosphere_2022,Leaf359,Leaf49,0,neutral,0.9218491911871025,1,0.8436479491466307,1,0.6351914120208753,1
schafer_phyllosphere_2022,Leaf359,Leaf5,0,neutral,0.783847382235342,1,0.8420328352384325,1,0.5377283141037487,0
schafer_phyllosphere_2022,Leaf359,Leaf50,0,neutral,0.890619050002155,1,0.8397313944481932,1,0.6106324307889036,1
schafer_phyllosphere_2022,Leaf359,Leaf51,0,neutral,0.8331159128748913,1,0.8426113608912722,1,0.565117856242556,0
schafer_phyllosphere_2022,Leaf359,Leaf53,0,neutral,0.7946385829276142,1,0.8432743263613018,1,0.5418526724598123,0
schafer_phyllosphere_2022,Leaf359,Leaf58,0,neutral,0.9157927817539913,1,0.8427209608229438,1,0.6301370956999498,1
schafer_phyllosphere_2022,Leaf359,Leaf61,0,neutral,0.8924867286358851,1,0.8037430069459298,1,0.6257793329755715,1
schafer_phyllosphere_2022,Leaf359,Leaf62,0,neutral,0.9286506206801103,1,0.8306209377414766,1,0.6594880017322756,1
schafer_phyllosphere_2022,Leaf359,Leaf64,0,neutral,0.8913087470452475,1,0.8429862698641545,1,0.6063195620943829,1
schafer_phyllosphere_2022,Leaf359,Leaf67,0,neutral,0.9206996360354386,1,0.8037430069459298,1,0.6528993980179864,1
schafer_phyllosphere_2022,Leaf359,Leaf68,0,neutral,0.9137331080981119,1,0.8246893013812964,1,0.6512313038984155,1
schafer_phyllosphere_2022,Leaf359,Leaf69,0,neutral,0.9045337316055978,1,0.8425417787486119,1,0.6184343243825173,1
schafer_phyllosphere_2022,Leaf359,Leaf70,0,neutral,0.9213481493693939,1,0.8435388752546161,1,0.6351419947766441,1
schafer_phyllosphere_2022,Leaf359,Leaf75,0,neutral,0.8572691372512731,1,0.8436479491466307,1,0.5788005519818286,0
schafer_phyllosphere_2022,Leaf359,Leaf76,0,neutral,0.8395337692455812,1,0.8348610063354552,1,0.5801829285721097,1
schafer_phyllosphere_2022,Leaf359,Leaf78,0,neutral,0.8801888246814267,1,0.8412955768952969,1,0.598647823292415,1
schafer_phyllosphere_2022,Leaf359,Leaf82,0,neutral,0.8449951365647638,1,0.8422990878371933,1,0.5725430851463784,0
schafer_phyllosphere_2022,Leaf359,Leaf83,0,neutral,0.9245760713775321,1,0.8420560929872273,1,0.6409747459514252,1
schafer_phyllosphere_2022,Leaf359,Leaf85,0,neutral,0.9163513139902616,1,0.8401353487966324,1,0.6343983145573592,1
schafer_phyllosphere_2022,Leaf359,Leaf86,0,neutral,0.9078181847462268,1,0.839303031608456,1,0.6267516602050803,1
schafer_phyllosphere_2022,Leaf359,Leaf87,0,neutral,0.9134202498978443,1,0.8293490055804389,1,0.6447468094634412,1
schafer_phyllosphere_2022,Leaf359,Leaf88,0,neutral,0.8596961840593282,1,0.8037430069459298,1,0.600529286129847,1
schafer_phyllosphere_2022,Leaf359,Leaf90,0,neutral,0.9002590015497158,1,0.8259635424291695,1,0.6360889231960072,1
schafer_phyllosphere_2022,Leaf359,Leaf91,0,neutral,0.8613212564833662,1,0.8398190970078337,1,0.5869905141686425,1
schafer_phyllosphere_2022,Leaf359,Leaf99,0,neutral,0.9160470786410925,1,0.8223023998731255,1,0.6545888481610053,1
schafer_phyllosphere_2022,Leaf361,Leaf371,0,neutral,0.8493133431510399,1,0.8405725786052117,1,0.5746150184784434,0
schafer_phyllosphere_2022,Leaf361,Leaf405,0,neutral,0.9316116133948362,1,0.8405725786052117,1,0.6479841931666953,1
schafer_phyllosphere_2022,Leaf361,Leaf41,0,neutral,0.906399167234563,1,0.8407301647486001,1,0.6202950162246873,1
schafer_phyllosphere_2022,Leaf361,Leaf427,0,neutral,0.7978262687056115,1,0.8405725786052117,1,0.5438113405701598,0
schafer_phyllosphere_2022,Leaf361,Leaf61,0,neutral,0.8777120059823101,1,0.8405725786052117,1,0.5951926261811683,1
schafer_phyllosphere_2022,Leaf361,Leaf67,0,neutral,0.8914845667613636,1,0.8405725786052117,1,0.6065509960210802,1
schafer_phyllosphere_2022,Leaf361,Leaf88,0,neutral,0.919240969774168,1,0.8405725786052117,1,0.6334841431657497,1
schafer_phyllosphere_2022,Leaf363,Leaf371,0,neutral,0.9161612845060592,1,0.8428936679196216,1,0.6289080345023554,1
schafer_phyllosphere_2022,Leaf363,Leaf405,0,neutral,0.9246911270796478,1,0.8428936679196216,1,0.6383970672496025,1
schafer_phyllosphere_2022,Leaf363,Leaf41,0,neutral,0.9262061060293166,1,0.843049388166086,1,0.6402404264640613,1
schafer_phyllosphere_2022,Leaf363,Leaf427,0,neutral,0.9210965281415776,1,0.8428936679196216,1,0.6342970059062263,1
schafer_phyllosphere_2022,Leaf363,Leaf61,0,neutral,0.9192532258428202,1,0.8428936679196216,1,0.632253072112897,1
schafer_phyllosphere_2022,Leaf363,Leaf67,0,neutral,0.9246221130186254,1,0.8428936679196216,1,0.6383168650646447,1
schafer_phyllosphere_2022,Leaf363,Leaf88,0,neutral,0.8696982464253463,1,0.8428936679196216,1,0.5877424754162914,1
schafer_phyllosphere_2022,Leaf369,Leaf371,0,neutral,0.8799099622014428,1,0.8428936679196216,1,0.5956458380307075,1
schafer_phyllosphere_2022,Leaf369,Leaf405,0,neutral,0.8663506024038676,1,0.8428936679196216,1,0.5852570136592211,1
schafer_phyllosphere_2022,Leaf369,Leaf41,0,neutral,0.9260818785390948,1,0.8428936679196216,1,0.6400261671741886,1
schafer_phyllosphere_2022,Leaf369,Leaf427,0,neutral,0.9302742486127411,1,0.8428936679196216,1,0.6450928980131042,1
schafer_phyllosphere_2022,Leaf369,Leaf61,0,neutral,0.9288145412941596,1,0.8428936679196216,1,0.6433012504395604,1
schafer_phyllosphere_2022,Leaf369,Leaf67,0,neutral,0.9262512320040678,1,0.8428936679196216,1,0.6402262447078272,1
schafer_phyllosphere_2022,Leaf369,Leaf88,0,neutral,0.9269362628239033,1,0.8428936679196216,1,0.6410393907215476,1
schafer_phyllosphere_2022,Leaf371,Leaf380,0,neutral,0.9203614492319863,1,0.8426050423706021,1,0.6336327624603063,1
schafer_phyllosphere_2022,Leaf371,Leaf391,0,neutral,0.9303384776068285,1,0.8222722547480326,1,0.6555249300282814,1
schafer_phyllosphere_2022,Leaf371,Leaf394,0,neutral,0.796812384701703,1,0.8426050423706021,1,0.5421022842251979,0
schafer_phyllosphere_2022,Leaf371,Leaf396,0,neutral,0.924932219441894,1,0.8426050423706021,1,0.6388322092682839,1
schafer_phyllosphere_2022,Leaf371,Leaf405,0,neutral,0.9333783392641403,1,0.5619346946933049,1,0.7416509347513438,1
schafer_phyllosphere_2022,Leaf371,Leaf406,0,neutral,0.9228190043611185,1,0.8437569610840131,1,0.6357773139756947,1
schafer_phyllosphere_2022,Leaf371,Leaf41,0,neutral,0.9334501706874789,1,0.5747573427147156,1,0.8655341369699792,1
schafer_phyllosphere_2022,Leaf371,Leaf412,0,neutral,0.7857435438374589,1,0.8431818627002151,1,0.5359283941560677,0
schafer_phyllosphere_2022,Leaf371,Leaf416,0,neutral,0.8845244270191743,1,0.8125218921943977,1,0.6150395366399305,1
schafer_phyllosphere_2022,Leaf371,Leaf42,0,neutral,0.9645847234747456,1,0.8266845327865902,1,0.7952707307102607,1
schafer_phyllosphere_2022,Leaf371,Leaf420,0,neutral,0.9335952755504625,1,0.839987981974528,1,0.6056855465277043,1
schafer_phyllosphere_2022,Leaf371,Leaf427,0,neutral,0.9356321321367815,1,0.5619346946933049,1,0.9656857462656815,1
schafer_phyllosphere_2022,Leaf371,Leaf434,0,neutral,0.8283435722087447,1,0.8361457413017366,1,0.5119566165563206,0
schafer_phyllosphere_2022,Leaf371,Leaf443,0,neutral,0.909612279928847,1,0.8423159857726872,1,0.6224549277876268,1
schafer_phyllosphere_2022,Leaf371,Leaf446,0,neutral,0.8962762825517837,1,0.8431818627002151,1,0.60933775869271,1
schafer_phyllosphere_2022,Leaf371,Leaf454,0,neutral,0.8101812712277338,1,0.8434696269940553,1,0.5489684815432976,0
schafer_phyllosphere_2022,Leaf371,Leaf456,0,neutral,0.912396356553386,1,0.8405725786052117,1,0.626221805919235,1
schafer_phyllosphere_2022,Leaf371,Leaf466,0,neutral,0.9312002271172556,1,0.7631960269724698,1,0.681190623026832,1
schafer_phyllosphere_2022,Leaf371,Leaf49,0,neutral,0.9178948458364795,1,0.8431818627002151,1,0.6306149852263809,1
schafer_phyllosphere_2022,Leaf371,Leaf5,0,neutral,0.9156271138956763,1,0.839987981974528,1,0.6299025279095302,1
schafer_phyllosphere_2022,Leaf371,Leaf50,0,neutral,0.9240331443320366,1,0.8352486052153187,1,0.6416473831640792,1
schafer_phyllosphere_2022,Leaf371,Leaf51,0,neutral,0.9202766969147131,1,0.8405725786052117,1,0.6346261076324848,1
schafer_phyllosphere_2022,Leaf371,Leaf53,0,neutral,0.8200328579269797,1,0.8420264978466173,1,0.5554659341694929,0
schafer_phyllosphere_2022,Leaf371,Leaf58,0,neutral,0.9310837813615906,1,0.8411554433251371,1,0.6470177717892138,1
schafer_phyllosphere_2022,Leaf371,Leaf61,0,neutral,0.9356402070908842,1,0.5624707504539609,1,0.9656016184493352,1
schafer_phyllosphere_2022,Leaf371,Leaf62,0,neutral,0.9022135023134102,1,0.8190670439730111,1,0.6272436932523918,1
schafer_phyllosphere_2022,Leaf371,Leaf64,0,neutral,0.9095715479140152,1,0.8417365783143476,1,0.6227287588820297,1
schafer_phyllosphere_2022,Leaf371,Leaf67,0,neutral,0.9355570488751523,1,0.5619346946933049,1,0.9656554030944255,1
schafer_phyllosphere_2022,Leaf371,Leaf68,1,positive,0.9747940368336698,1,0.8064768468819741,1,0.9563446671200349,1
schafer_phyllosphere_2022,Leaf371,Leaf69,0,neutral,0.9108668012597111,1,0.8414462268990534,1,0.6241908530647221,1
schafer_phyllosphere_2022,Leaf371,Leaf70,0,neutral,0.9013066664810079,1,0.8426050423706021,1,0.6142625592743863,1
schafer_phyllosphere_2022,Leaf371,Leaf75,0,neutral,0.918638340172887,1,0.8431818627002151,1,0.6314238736003188,1
schafer_phyllosphere_2022,Leaf371,Leaf78,0,neutral,0.9267123108835902,1,0.839401651273026,1,0.6426201847581345,1
schafer_phyllosphere_2022,Leaf371,Leaf82,0,neutral,0.886266736927901,1,0.8405725786052117,1,0.602120597521065,1
schafer_phyllosphere_2022,Leaf371,Leaf83,0,neutral,0.9313376098916579,1,0.8396950335168474,1,0.648098961616148,1
schafer_phyllosphere_2022,Leaf371,Leaf85,0,neutral,0.9296073344475042,1,0.8361457413017366,1,0.6477920241461589,1
schafer_phyllosphere_2022,Leaf371,Leaf86,0,neutral,0.8943106959813051,1,0.8346483266433337,1,0.612205538104019,1
schafer_phyllosphere_2022,Leaf371,Leaf87,0,neutral,0.9181681760295635,1,0.8161440068413307,1,0.644522929254389,1
schafer_phyllosphere_2022,Leaf371,Leaf88,0,neutral,0.9355076450326543,1,0.5619346946933049,1,0.9655743976833968,1
schafer_phyllosphere_2022,Leaf371,Leaf90,0,neutral,0.9122155239056807,1,0.8098533143862525,1,0.593092517690897,1
schafer_phyllosphere_2022,Leaf371,Leaf91,0,neutral,0.9175832344705477,1,0.8361457413017366,1,0.6340143596046162,1
schafer_phyllosphere_2022,Leaf371,Leaf99,0,neutral,0.9296289395394088,1,0.8040863268507474,1,0.6629387588628404,1
schafer_phyllosphere_2022,Leaf380,Leaf405,0,neutral,0.9277483471589483,1,0.8426050423706021,1,0.6421653035354155,1
schafer_phyllosphere_2022,Leaf380,Leaf41,0,neutral,0.8984808708633211,1,0.8426050423706021,1,0.6116526069847793,1
schafer_phyllosphere_2022,Leaf380,Leaf427,0,neutral,0.8688351556028592,1,0.8426050423706021,1,0.5872592581851964,1
schafer_phyllosphere_2022,Leaf380,Leaf61,0,neutral,0.9279362642541175,1,0.8426050423706021,1,0.6423914598127127,1
schafer_phyllosphere_2022,Leaf380,Leaf67,0,neutral,0.8134351078649148,1,0.8426050423706021,1,0.5513141349684187,0
schafer_phyllosphere_2022,Leaf380,Leaf88,0,neutral,0.8200084905826244,1,0.8426050423706021,1,0.5551209582558133,0
schafer_phyllosphere_2022,Leaf391,Leaf405,0,neutral,0.9262625095286705,1,0.8222722547480326,1,0.6506580708798889,1
schafer_phyllosphere_2022,Leaf391,Leaf41,0,neutral,0.8895367554357873,1,0.8226158327029041,1,0.6145763823461647,1
schafer_phyllosphere_2022,Leaf391,Leaf427,0,neutral,0.9283546851952232,1,0.8222722547480326,1,0.6531282969027871,1
schafer_phyllosphere_2022,Leaf391,Leaf61,0,neutral,0.8782603064374036,1,0.8224441088888318,1,0.6053325544010387,1
schafer_phyllosphere_2022,Leaf391,Leaf67,0,neutral,0.8607483483341042,1,0.8222722547480326,1,0.5922429297039673,1
schafer_phyllosphere_2022,Leaf391,Leaf88,0,neutral,0.8993958353223278,1,0.8222722547480326,1,0.6230832043939082,1
schafer_phyllosphere_2022,Leaf394,Leaf405,0,neutral,0.9284534559997839,1,0.8426050423706021,1,0.6430163852725043,1
schafer_phyllosphere_2022,Leaf394,Leaf41,0,neutral,0.9268915229269664,1,0.8426050423706021,1,0.6411401571294894,1
schafer_phyllosphere_2022,Leaf394,Leaf427,0,neutral,0.9454494435647929,1,0.8426050423706021,1,0.794073174953717,1
schafer_phyllosphere_2022,Leaf394,Leaf61,0,neutral,0.884608720284348,1,0.8426050423706021,1,0.5996218504643834,1
schafer_phyllosphere_2022,Leaf394,Leaf67,0,neutral,0.8915484392477231,1,0.8426050423706021,1,0.6054872742357987,1
schafer_phyllosphere_2022,Leaf394,Leaf88,0,neutral,0.8210054410501122,1,0.8426050423706021,1,0.555707160723702,0
schafer_phyllosphere_2022,Leaf396,Leaf405,0,neutral,0.9274600704046659,1,0.8426050423706021,1,0.6418192950458868,1
schafer_phyllosphere_2022,Leaf396,Leaf41,0,neutral,0.8996197019124658,1,0.8426050423706021,1,0.6126973657712613,1
schafer_phyllosphere_2022,Leaf396,Leaf427,0,neutral,0.9136549896618162,1,0.8426050423706021,1,0.626425834574656,1
schafer_phyllosphere_2022,Leaf396,Leaf61,0,neutral,0.8072183891868121,1,0.8426050423706021,1,0.5478025125650101,0
schafer_phyllosphere_2022,Leaf396,Leaf67,0,neutral,0.912712561055942,1,0.8426050423706021,1,0.6254497250139284,1
schafer_phyllosphere_2022,Leaf396,Leaf88,0,neutral,0.7950064799051818,1,0.8426050423706021,1,0.49301307445030285,0
schafer_phyllosphere_2022,Leaf405,Leaf406,0,neutral,0.9263977160686319,1,0.8437569610840131,1,0.6399369122878202,1
schafer_phyllosphere_2022,Leaf405,Leaf41,0,neutral,0.9334091329717715,1,0.5747573427147156,1,0.8655071791823127,1
schafer_phyllosphere_2022,Leaf405,Leaf412,0,neutral,0.962330128519946,1,0.8431818627002151,1,0.8060055737684959,1
schafer_phyllosphere_2022,Leaf405,Leaf416,0,neutral,0.8965216099705383,1,0.8125218921943977,1,0.625214417806657,1
schafer_phyllosphere_2022,Leaf405,Leaf42,0,neutral,0.9303598751053634,1,0.8266845327865902,1,0.653431408016606,1
schafer_phyllosphere_2022,Leaf405,Leaf420,0,neutral,0.8542119328036389,1,0.839987981974528,1,0.5782641666894536,0
schafer_phyllosphere_2022,Leaf405,Leaf427,0,neutral,0.9332241722841912,1,0.5619346946933049,1,0.7414844861772792,1
schafer_phyllosphere_2022,Leaf405,Leaf434,0,neutral,0.7844553119771753,1,0.8361457413017366,1,0.4911004050597887,0
schafer_phyllosphere_2022,Leaf405,Leaf443,0,neutral,0.9303277765768515,1,0.8423159857726872,1,0.6454656734699655,1
schafer_phyllosphere_2022,Leaf405,Leaf446,0,neutral,0.914820063681639,1,0.8431818627002151,1,0.6273315173867764,1
schafer_phyllosphere_2022,Leaf405,Leaf454,0,neutral,0.9236614418199568,1,0.8434696269940553,1,0.6368969930316492,1
schafer_phyllosphere_2022,Leaf405,Leaf456,0,neutral,0.9184406771503425,1,0.8405725786052117,1,0.6326098625641485,1
schafer_phyllosphere_2022,Leaf405,Leaf466,0,neutral,0.9078734367375507,1,0.7631960269724698,1,0.6565510062236997,1
schafer_phyllosphere_2022,Leaf405,Leaf49,0,neutral,0.930562848267812,1,0.8431818627002151,1,0.645297505789722,1
schafer_phyllosphere_2022,Leaf405,Leaf5,0,neutral,0.9308928400451694,1,0.839987981974528,1,0.6473913078462744,1
schafer_phyllosphere_2022,Leaf405,Leaf50,0,neutral,0.9313587231360942,1,0.8352486052153187,1,0.6504123796625598,1
schafer_phyllosphere_2022,Leaf405,Leaf51,0,neutral,0.9165788326663987,1,0.8405725786052117,1,0.6306024556434666,1
schafer_phyllosphere_2022,Leaf405,Leaf53,0,neutral,0.8127827723443148,1,0.8420264978466173,1,0.5512729832788986,0
schafer_phyllosphere_2022,Leaf405,Leaf58,0,neutral,0.7867424846621272,1,0.8411554433251371,1,0.5376120532850982,0
schafer_phyllosphere_2022,Leaf405,Leaf61,0,neutral,0.9318112056357326,1,0.5624707504539609,1,0.7398433180574449,1
schafer_phyllosphere_2022,Leaf405,Leaf62,0,neutral,0.8997538093406658,1,0.8190670439730111,1,0.6249800899776362,1
schafer_phyllosphere_2022,Leaf405,Leaf64,0,neutral,0.9155760796700294,1,0.8417365783143476,1,0.6289114640772497,1
schafer_phyllosphere_2022,Leaf405,Leaf67,0,neutral,0.9353687306586422,1,0.5619346946933049,1,0.8447715120373231,1
schafer_phyllosphere_2022,Leaf405,Leaf68,0,neutral,0.9274711775506297,1,0.8064768468819741,1,0.6593332886113189,1
schafer_phyllosphere_2022,Leaf405,Leaf69,0,neutral,0.882433901483133,1,0.8414462268990534,1,0.5984849807659405,1
schafer_phyllosphere_2022,Leaf405,Leaf70,0,neutral,0.8560934037375396,1,0.8426050423706021,1,0.578093705182511,0
schafer_phyllosphere_2022,Leaf405,Leaf75,0,neutral,0.9238358846595319,1,0.8431818627002151,1,0.6372526106129343,1
schafer_phyllosphere_2022,Leaf405,Leaf76,0,neutral,0.9320207193750043,1,0.8257463902247315,1,0.6559406195916019,1
schafer_phyllosphere_2022,Leaf405,Leaf78,0,neutral,0.891612278709466,1,0.839401651273026,1,0.6073004266349813,1
schafer_phyllosphere_2022,Leaf405,Leaf82,0,neutral,0.8104096860815649,1,0.8405725786052117,1,0.5507546747796824,0
schafer_phyllosphere_2022,Leaf405,Leaf83,0,neutral,0.9319997948859464,1,0.8396950335168474,1,0.6489304546761981,1
schafer_phyllosphere_2022,Leaf405,Leaf85,0,neutral,0.9294017801033885,1,0.8361457413017366,1,0.647540979939785,1
schafer_phyllosphere_2022,Leaf405,Leaf86,0,neutral,0.7987302223028768,1,0.8346483266433337,1,0.5476191022610665,0
schafer_phyllosphere_2022,Leaf405,Leaf87,0,neutral,0.9237079957152619,1,0.8161440068413307,1,0.6506147104077438,1
schafer_phyllosphere_2022,Leaf405,Leaf88,0,neutral,0.9330593624672184,1,0.5619346946933049,1,0.7413068640584286,1
schafer_phyllosphere_2022,Leaf405,Leaf90,0,neutral,0.8368015970675857,1,0.8098533143862525,1,0.5825239813939124,1
schafer_phyllosphere_2022,Leaf405,Leaf91,0,neutral,0.8693985899175454,1,0.8361457413017366,1,0.5912448089833899,1
schafer_phyllosphere_2022,Leaf405,Leaf99,0,neutral,0.8082696183156663,1,0.8040863268507474,1,0.5685295051411867,0
schafer_phyllosphere_2022,Leaf406,Leaf41,0,neutral,0.9272487365237048,1,0.8437569610840131,1,0.6409502461257736,1
schafer_phyllosphere_2022,Leaf406,Leaf427,0,neutral,0.9185519163813533,1,0.8437569610840131,1,0.6310178107000292,1
schafer_phyllosphere_2022,Leaf406,Leaf61,0,neutral,0.9292282516571916,1,0.8437569610840131,1,0.6433452226167691,1
schafer_phyllosphere_2022,Leaf406,Leaf67,0,neutral,0.9294667518503092,1,0.8437569610840131,1,0.6436374538958094,1
schafer_phyllosphere_2022,Leaf406,Leaf88,0,neutral,0.8316416041175823,1,0.8437569610840131,1,0.5614569845816065,0
schafer_phyllosphere_2022,Leaf41,Leaf412,0,neutral,0.9276265130653104,1,0.8431818627002151,1,0.641711111819532,1
schafer_phyllosphere_2022,Leaf41,Leaf416,0,neutral,0.9177578692197308,1,0.8125218921943977,1,0.6457715751854857,1
schafer_phyllosphere_2022,Leaf41,Leaf42,0,neutral,0.9292499642431016,1,0.8270213754183255,1,0.652212618579023,1
schafer_phyllosphere_2022,Leaf41,Leaf420,0,neutral,0.9291739432577999,1,0.8401460360725176,1,0.6453407266253406,1
schafer_phyllosphere_2022,Leaf41,Leaf427,0,neutral,0.935492233521755,1,0.5747573427147156,1,0.9650170740754541,1
schafer_phyllosphere_2022,Leaf41,Leaf434,0,neutral,0.8411468212231982,1,0.8361457413017366,1,0.5218316531778556,0
schafer_phyllosphere_2022,Leaf41,Leaf443,0,neutral,0.9237312628946872,1,0.8424721715945267,1,0.6376641376209837,1
schafer_phyllosphere_2022,Leaf41,Leaf446,0,neutral,0.9272821427114945,1,0.8431818627002151,1,0.6412983151313408,1
schafer_phyllosphere_2022,Leaf41,Leaf454,0,neutral,0.9292933709533541,1,0.8434696269940553,1,0.6435785307183043,1
schafer_phyllosphere_2022,Leaf41,Leaf456,0,neutral,0.8957686700393304,1,0.8405725786052117,1,0.6103169046747463,1
schafer_phyllosphere_2022,Leaf41,Leaf466,0,neutral,0.9124359386717622,1,0.764681053542731,1,0.6614101792572653,1
schafer_phyllosphere_2022,Leaf41,Leaf49,0,neutral,0.9305521791315932,1,0.8433373503866587,1,0.6453513557925247,1
schafer_phyllosphere_2022,Leaf41,Leaf5,0,neutral,0.9235216237369452,1,0.839987981974528,1,0.6385926545060774,1
schafer_phyllosphere_2022,Leaf41,Leaf50,0,neutral,0.9199247019357744,1,0.8352486052153187,1,0.6370278939134821,1
schafer_phyllosphere_2022,Leaf41,Leaf51,0,neutral,0.9284973137835005,1,0.8405725786052117,1,0.6441445921215166,1
schafer_phyllosphere_2022,Leaf41,Leaf53,0,neutral,0.8886903118687748,1,0.8420264978466173,1,0.6033570492347199,1
schafer_phyllosphere_2022,Leaf41,Leaf58,0,neutral,0.9245300039091479,1,0.8413125621007311,1,0.6392045939160784,1
schafer_phyllosphere_2022,Leaf41,Leaf61,0,neutral,0.9352336697200208,1,0.5747573427147156,1,0.8417795137231403,1
schafer_phyllosphere_2022,Leaf41,Leaf62,0,neutral,0.8608274879341337,1,0.8190670439730111,1,0.5939146740584322,1
schafer_phyllosphere_2022,Leaf41,Leaf64,0,neutral,0.9191673977225518,1,0.8417365783143476,1,0.6327813740114208,1
schafer_phyllosphere_2022,Leaf41,Leaf67,0,neutral,0.9352410181047456,1,0.5747573427147156,1,0.9239379779219717,1
schafer_phyllosphere_2022,Leaf41,Leaf68,0,neutral,0.9316852102806076,1,0.8075760795431633,1,0.6647791392540201,1
schafer_phyllosphere_2022,Leaf41,Leaf69,0,neutral,0.8609856540180144,1,0.8416031122124814,1,0.582258600068118,1
schafer_phyllosphere_2022,Leaf41,Leaf70,0,neutral,0.9282887681015404,1,0.842760995329082,1,0.6428843053124907,1
schafer_phyllosphere_2022,Leaf41,Leaf75,0,neutral,0.9206152125776823,1,0.8431818627002151,1,0.6336041734517652,1
schafer_phyllosphere_2022,Leaf41,Leaf76,0,neutral,0.9277372791519214,1,0.8257463902247315,1,0.6507212690903533,1
schafer_phyllosphere_2022,Leaf41,Leaf78,0,neutral,0.9225127027031185,1,0.839401651273026,1,0.6377520422285594,1
schafer_phyllosphere_2022,Leaf41,Leaf82,0,neutral,0.9172078801790563,1,0.8405725786052117,1,0.6312765899515325,1
schafer_phyllosphere_2022,Leaf41,Leaf83,0,neutral,0.9278478888992936,1,0.8400114835866919,1,0.6439563287724736,1
schafer_phyllosphere_2022,Leaf41,Leaf85,0,neutral,0.9272041729404341,1,0.8364678333277379,1,0.645027753399246,1
schafer_phyllosphere_2022,Leaf41,Leaf86,0,neutral,0.931916037209139,1,0.8348106178293154,1,0.6514805295913674,1
schafer_phyllosphere_2022,Leaf41,Leaf87,0,neutral,0.8997389163809285,1,0.8170249751774837,1,0.626720815485551,1
schafer_phyllosphere_2022,Leaf41,Leaf88,0,neutral,0.9329664910896711,1,0.5747573427147156,1,0.7381126397506241,1
schafer_phyllosphere_2022,Leaf41,Leaf90,0,neutral,0.8270619189480907,1,0.8102153591132053,1,0.5767131919417543,0
schafer_phyllosphere_2022,Leaf41,Leaf91,0,neutral,0.9312742340610682,1,0.8364678333277379,1,0.6499835429645611,1
schafer_phyllosphere_2022,Leaf41,Leaf99,0,neutral,0.9308822178467107,1,0.804456700785772,1,0.6645815705183483,1
schafer_phyllosphere_2022,Leaf412,Leaf427,0,neutral,0.848974947950533,1,0.8431818627002151,1,0.5729147706583996,0
schafer_phyllosphere_2022,Leaf412,Leaf61,0,neutral,0.8784367252908727,1,0.8431818627002151,1,0.5943124336313115,1
schafer_phyllosphere_2022,Leaf412,Leaf67,0,neutral,0.911463709347084,1,0.8431818627002151,1,0.7542976377936578,1
schafer_phyllosphere_2022,Leaf412,Leaf88,0,neutral,0.922217132194744,1,0.8431818627002151,1,0.6354035102126995,1
schafer_phyllosphere_2022,Leaf416,Leaf427,0,neutral,0.9308078201268569,1,0.8125218921943977,1,0.6606178070820125,1
schafer_phyllosphere_2022,Leaf416,Leaf61,0,neutral,0.9345841716275899,1,0.8125218921943977,1,0.7870262478499848,1
schafer_phyllosphere_2022,Leaf416,Leaf67,0,neutral,0.8733765757861167,1,0.8125218921943977,1,0.6062982402526743,1
schafer_phyllosphere_2022,Leaf416,Leaf88,1,positive,0.9349995031903492,1,0.8125218921943977,1,0.7872022273336062,1
schafer_phyllosphere_2022,Leaf42,Leaf427,0,neutral,0.8550324582491037,1,0.8266845327865902,1,0.585993649308366,1
schafer_phyllosphere_2022,Leaf42,Leaf61,0,neutral,0.9513336554763017,1,0.8268530188619313,1,0.8066519086511899,1
schafer_phyllosphere_2022,Leaf42,Leaf88,0,neutral,0.9321568550659415,1,0.8266845327865902,1,0.6108197845211359,1
schafer_phyllosphere_2022,Leaf420,Leaf427,0,neutral,0.9280686400975187,1,0.839987981974528,1,0.6439338906713545,1
schafer_phyllosphere_2022,Leaf420,Leaf61,0,neutral,0.9304026518617485,1,0.8401460360725176,1,0.6468500366893228,1
schafer_phyllosphere_2022,Leaf420,Leaf67,0,neutral,0.9310625898079434,1,0.839987981974528,1,0.6476027598363577,1
schafer_phyllosphere_2022,Leaf420,Leaf88,0,neutral,0.932030873670357,1,0.839987981974528,1,0.6028830555238667,1
schafer_phyllosphere_2022,Leaf427,Leaf434,0,neutral,0.923069639625023,1,0.8361457413017366,1,0.5910776550996572,1
schafer_phyllosphere_2022,Leaf427,Leaf443,0,neutral,0.9682841607158135,1,0.8423159857726872,1,0.8214559357851474,1
schafer_phyllosphere_2022,Leaf427,Leaf446,0,neutral,0.9190569250222254,1,0.8431818627002151,1,0.6318819162007034,1
schafer_phyllosphere_2022,Leaf427,Leaf454,0,neutral,0.9117076922761189,1,0.8434696269940553,1,0.6239470974505145,1
schafer_phyllosphere_2022,Leaf427,Leaf456,0,neutral,0.8367339431599881,1,0.8405725786052117,1,0.566443277452006,0
schafer_phyllosphere_2022,Leaf427,Leaf466,0,neutral,0.9324899449413392,1,0.7631960269724698,1,0.6827352876794174,1
schafer_phyllosphere_2022,Leaf427,Leaf49,0,neutral,0.9248634083684488,1,0.8431818627002151,1,0.6384430002665139,1
schafer_phyllosphere_2022,Leaf427,Leaf5,0,neutral,0.8492922117364549,1,0.839987981974528,1,0.574928151817982,0
schafer_phyllosphere_2022,Leaf427,Leaf50,1,positive,0.9344009035197494,1,0.8352486052153187,1,0.607281253055232,1
schafer_phyllosphere_2022,Leaf427,Leaf51,0,neutral,0.916097854239285,1,0.8405725786052117,1,0.630089772374522,1
schafer_phyllosphere_2022,Leaf427,Leaf53,0,neutral,0.8481900162703064,1,0.8420264978466173,1,0.5730458694417119,0
schafer_phyllosphere_2022,Leaf427,Leaf58,0,neutral,0.8934868453356684,1,0.8411554433251371,1,0.5609926253842918,0
schafer_phyllosphere_2022,Leaf427,Leaf61,0,neutral,0.9354458580901344,1,0.5624707504539609,1,0.9254229869559595,1
schafer_phyllosphere_2022,Leaf427,Leaf62,0,neutral,0.9246796287681602,1,0.8190670439730111,1,0.6503504905162257,1
schafer_phyllosphere_2022,Leaf427,Leaf64,0,neutral,0.9185395632980877,1,0.8417365783143476,1,0.6320949225803103,1
schafer_phyllosphere_2022,Leaf427,Leaf67,0,neutral,0.9352157109394243,1,0.5619346946933049,1,0.8448371246295542,1
schafer_phyllosphere_2022,Leaf427,Leaf69,0,neutral,0.9280576173504472,1,0.8414462268990534,1,0.6431526580990037,1
schafer_phyllosphere_2022,Leaf427,Leaf70,0,neutral,0.883644599541673,1,0.8426050423706021,1,0.5988292463169405,1
schafer_phyllosphere_2022,Leaf427,Leaf75,0,neutral,0.9272598734907299,1,0.8431818627002151,1,0.6412716758894086,1
schafer_phyllosphere_2022,Leaf427,Leaf76,0,neutral,0.931295365355564,1,0.8257463902247315,1,0.6550384081231682,1
schafer_phyllosphere_2022,Leaf427,Leaf78,0,neutral,0.9284644227727936,1,0.839401651273026,1,0.6447184646103131,1
schafer_phyllosphere_2022,Leaf427,Leaf82,0,neutral,0.897892032128468,1,0.8405725786052117,1,0.6122293333358714,1
schafer_phyllosphere_2022,Leaf427,Leaf83,0,neutral,0.9293042187858024,1,0.8396950335168474,1,0.6455858573995946,1
schafer_phyllosphere_2022,Leaf427,Leaf85,0,neutral,0.9300382733546192,1,0.8361457413017366,1,0.6483202713334325,1
schafer_phyllosphere_2022,Leaf427,Leaf86,0,neutral,0.7801603110505166,1,0.8346483266433337,1,0.5378912160823721,0
schafer_phyllosphere_2022,Leaf427,Leaf87,0,neutral,0.8642143238098545,1,0.8161440068413307,1,0.5977779931741019,1
schafer_phyllosphere_2022,Leaf427,Leaf88,0,neutral,0.9355524729581688,1,0.5619346946933049,1,0.9656005419878739,1
schafer_phyllosphere_2022,Leaf427,Leaf90,0,neutral,0.9318241354817425,1,0.8098533143862525,1,0.6170821748886027,1
schafer_phyllosphere_2022,Leaf427,Leaf91,0,neutral,0.929163076959125,1,0.8361457413017366,1,0.6472501953514821,1
schafer_phyllosphere_2022,Leaf427,Leaf99,0,neutral,0.9318216955214536,1,0.8040863268507474,1,0.6655988243224963,1
schafer_phyllosphere_2022,Leaf434,Leaf61,0,neutral,0.8733903848114773,1,0.8361457413017366,1,0.543619678915749,0
schafer_phyllosphere_2022,Leaf434,Leaf67,0,neutral,0.8248251666544605,1,0.8361457413017366,1,0.5107737759315238,0
schafer_phyllosphere_2022,Leaf434,Leaf88,0,neutral,0.8293496465215521,1,0.8361457413017366,1,0.7054742197944451,1
schafer_phyllosphere_2022,Leaf443,Leaf61,0,neutral,0.8737048727881839,1,0.8423159857726872,1,0.5911072133197254,1
schafer_phyllosphere_2022,Leaf443,Leaf67,0,neutral,0.9139670795173683,1,0.8423159857726872,1,0.6269075919879453,1
schafer_phyllosphere_2022,Leaf443,Leaf88,0,neutral,0.9288036240802287,1,0.8423159857726872,1,0.6435951831734936,1
schafer_phyllosphere_2022,Leaf446,Leaf61,0,neutral,0.8660252778047377,1,0.8431818627002151,1,0.5848555107431757,1
schafer_phyllosphere_2022,Leaf446,Leaf67,0,neutral,0.9216228922681325,1,0.8431818627002151,1,0.6347325553303251,1
schafer_phyllosphere_2022,Leaf446,Leaf88,0,neutral,0.9154611501927306,1,0.8431818627002151,1,0.6280080997170957,1
schafer_phyllosphere_2022,Leaf454,Leaf61,0,neutral,0.8696046666112025,1,0.8434696269940553,1,0.587347808516899,1
schafer_phyllosphere_2022,Leaf454,Leaf67,0,neutral,0.9159962751323993,1,0.8434696269940553,1,0.628419711069351,1
schafer_phyllosphere_2022,Leaf454,Leaf88,0,neutral,0.9114814936031223,1,0.8434696269940553,1,0.6237161092293574,1
schafer_phyllosphere_2022,Leaf456,Leaf61,0,neutral,0.9175582591140505,1,0.8405725786052117,1,0.631653881568192,1
schafer_phyllosphere_2022,Leaf456,Leaf67,0,neutral,0.9065531358226796,1,0.8405725786052117,1,0.6203759740289336,1
schafer_phyllosphere_2022,Leaf456,Leaf88,1,positive,0.9296010730387091,1,0.8405725786052117,1,0.5990214005931538,1
schafer_phyllosphere_2022,Leaf466,Leaf61,0,neutral,0.9305308363080708,1,0.7631960269724698,1,0.6803979059730926,1
schafer_phyllosphere_2022,Leaf466,Leaf67,0,neutral,0.8885759352321905,1,0.7631960269724698,1,0.6396238233563253,1
schafer_phyllosphere_2022,Leaf466,Leaf88,0,neutral,0.9654883533168886,1,0.7631960269724698,1,0.909651386248888,1
schafer_phyllosphere_2022,Leaf49,Leaf61,0,neutral,0.7951231359961906,1,0.8431818627002151,1,0.5408641433729668,0
schafer_phyllosphere_2022,Leaf49,Leaf67,0,neutral,0.9286615595535003,1,0.8431818627002151,1,0.6429615323170935,1
schafer_phyllosphere_2022,Leaf49,Leaf88,0,neutral,0.9247715701236202,1,0.8431818627002151,1,0.6383360681951504,1
schafer_phyllosphere_2022,Leaf5,Leaf61,0,neutral,0.8590976759089441,1,0.839987981974528,1,0.5816635018659149,1
schafer_phyllosphere_2022,Leaf5,Leaf88,0,neutral,0.9282884833817748,1,0.839987981974528,1,0.5982880995309825,1
schafer_phyllosphere_2022,Leaf50,Leaf61,1,positive,0.9341514150656063,1,0.8352486052153187,1,0.7776310990559414,1
schafer_phyllosphere_2022,Leaf50,Leaf67,1,positive,0.9320622101202469,1,0.8352486052153187,1,0.6052350397757417,1
schafer_phyllosphere_2022,Leaf50,Leaf88,1,positive,0.9318531562053196,1,0.8352486052153187,1,0.6510309027936971,1
schafer_phyllosphere_2022,Leaf51,Leaf61,0,neutral,0.9300275296773246,1,0.8405725786052117,1,0.6460137849195493,1
schafer_phyllosphere_2022,Leaf51,Leaf67,0,neutral,0.914031969489349,1,0.8405725786052117,1,0.627914369297642,1
schafer_phyllosphere_2022,Leaf51,Leaf88,0,neutral,0.9202403492803941,1,0.8405725786052117,1,0.6345858286861694,1
schafer_phyllosphere_2022,Leaf53,Leaf61,0,neutral,0.8669421213236141,1,0.8420264978466173,1,0.5861799614475848,1
schafer_phyllosphere_2022,Leaf53,Leaf67,0,neutral,0.9243454755290108,1,0.8420264978466173,1,0.6384597578709702,1
schafer_phyllosphere_2022,Leaf53,Leaf88,0,neutral,0.9596528123549221,1,0.8420264978466173,1,0.7700348503932776,1
schafer_phyllosphere_2022,Leaf58,Leaf61,0,neutral,0.9227131026293711,1,0.8411554433251371,1,0.6370510690181644,1
schafer_phyllosphere_2022,Leaf58,Leaf67,0,neutral,0.789279889518029,1,0.8411554433251371,1,0.5389359879138107,0
schafer_phyllosphere_2022,Leaf58,Leaf88,0,neutral,0.933086688493937,1,0.8411554433251371,1,0.6034794676743769,1
schafer_phyllosphere_2022,Leaf61,Leaf62,0,neutral,0.7832313222628563,1,0.8190670439730111,1,0.5477650126920642,0
schafer_phyllosphere_2022,Leaf61,Leaf64,0,neutral,0.9282227950500067,1,0.8417365783143476,1,0.6431983246558253,1
schafer_phyllosphere_2022,Leaf61,Leaf67,0,neutral,0.9353187067194265,1,0.5624707504539609,1,0.8442309309491618,1
schafer_phyllosphere_2022,Leaf61,Leaf68,0,neutral,0.9329355073974115,1,0.8064768468819741,1,0.6659345375391661,1
schafer_phyllosphere_2022,Leaf61,Leaf69,0,neutral,0.9260027245159018,1,0.8414462268990534,1,0.6407037958716651,1
schafer_phyllosphere_2022,Leaf61,Leaf70,0,neutral,0.9250009726075206,1,0.8426050423706021,1,0.6389123618216698,1
schafer_phyllosphere_2022,Leaf61,Leaf75,0,neutral,0.8146098817163361,1,0.8431818627002151,1,0.5516560441474317,0
schafer_phyllosphere_2022,Leaf61,Leaf76,0,neutral,0.929347594740511,1,0.8257463902247315,1,0.6526533099940156,1
schafer_phyllosphere_2022,Leaf61,Leaf78,0,neutral,0.9295641058701586,1,0.839401651273026,1,0.6460568670798603,1
schafer_phyllosphere_2022,Leaf61,Leaf82,0,neutral,0.9657246365517327,1,0.8405725786052117,1,0.8154668923898196,1
schafer_phyllosphere_2022,Leaf61,Leaf83,1,positive,0.9015925556694349,1,0.8396950335168474,1,0.7487452143016238,1
schafer_phyllosphere_2022,Leaf61,Leaf85,0,neutral,0.9065671216970872,1,0.8361457413017366,1,0.6227519592930361,1
schafer_phyllosphere_2022,Leaf61,Leaf86,0,neutral,0.8427546492507811,1,0.8346483266433337,1,0.5735711677992678,0
schafer_phyllosphere_2022,Leaf61,Leaf87,0,neutral,0.9044624215900803,1,0.8161440068413307,1,0.6307577193915078,1
schafer_phyllosphere_2022,Leaf61,Leaf88,0,neutral,0.9273822764714945,1,0.5624707504539609,1,0.735248067616193,1
schafer_phyllosphere_2022,Leaf61,Leaf90,0,neutral,0.9314536583351677,1,0.8098533143862525,1,0.6626077379838494,1
schafer_phyllosphere_2022,Leaf61,Leaf91,0,neutral,0.8241857973569525,1,0.8361457413017366,1,0.5612238686537379,0
schafer_phyllosphere_2022,Leaf61,Leaf99,0,neutral,0.9096801299012457,1,0.8040863268507474,1,0.6413631462192523,1
schafer_phyllosphere_2022,Leaf62,Leaf67,0,neutral,0.8983301743442093,1,0.8190670439730111,1,0.623689961593015,1
schafer_phyllosphere_2022,Leaf62,Leaf88,0,neutral,0.8527045483502962,1,0.8190670439730111,1,0.5883028317582889,1
schafer_phyllosphere_2022,Leaf64,Leaf67,0,neutral,0.8249023752782405,1,0.8417365783143476,1,0.5585171810449598,0
schafer_phyllosphere_2022,Leaf64,Leaf88,0,neutral,0.8542324927980545,1,0.8417365783143476,1,0.5772982814173334,0
schafer_phyllosphere_2022,Leaf67,Leaf68,0,neutral,0.9319369855892561,1,0.8064768468819741,1,0.6646968094813677,1
schafer_phyllosphere_2022,Leaf67,Leaf69,0,neutral,0.8825708620900053,1,0.8414462268990534,1,0.5985962862246356,1
schafer_phyllosphere_2022,Leaf67,Leaf70,0,neutral,0.8679104421834742,1,0.8426050423706021,1,0.5865713954567839,1
schafer_phyllosphere_2022,Leaf67,Leaf75,0,neutral,0.9155888408529338,1,0.8431818627002151,1,0.793703109000869,1
schafer_phyllosphere_2022,Leaf67,Leaf76,0,neutral,0.8627351016280537,1,0.8257463902247315,1,0.5918765593283614,1
schafer_phyllosphere_2022,Leaf67,Leaf78,0,neutral,0.856945598976225,1,0.839401651273026,1,0.5804813236744313,1
schafer_phyllosphere_2022,Leaf67,Leaf82,0,neutral,0.8242814742059847,1,0.8405725786052117,1,0.5588063276673063,0
schafer_phyllosphere_2022,Leaf67,Leaf83,0,neutral,0.8636709167059128,1,0.8396950335168474,1,0.5850911312720487,1
schafer_phyllosphere_2022,Leaf67,Leaf85,0,neutral,0.8859668319010376,1,0.8361457413017366,1,0.6042749650620007,1
schafer_phyllosphere_2022,Leaf67,Leaf86,0,neutral,0.9208922959103107,1,0.8346483266433337,1,0.6384074469511152,1
schafer_phyllosphere_2022,Leaf67,Leaf87,0,neutral,0.923696359683767,1,0.8161440068413307,1,0.6506015483580428,1
schafer_phyllosphere_2022,Leaf67,Leaf88,0,neutral,0.9334182331776607,1,0.5619346946933049,1,0.7027945896214495,1
schafer_phyllosphere_2022,Leaf67,Leaf90,0,neutral,0.8489961159406809,1,0.8098533143862525,1,0.5903596615488078,1
schafer_phyllosphere_2022,Leaf67,Leaf91,0,neutral,0.9278699921039291,1,0.8361457413017366,1,0.6456886748707398,1
schafer_phyllosphere_2022,Leaf67,Leaf99,0,neutral,0.920082667910041,1,0.8040863268507474,1,0.652077999909343,1
schafer_phyllosphere_2022,Leaf68,Leaf88,0,neutral,0.931832183911507,1,0.8064768468819741,1,0.6645677488069525,1
schafer_phyllosphere_2022,Leaf69,Leaf88,0,neutral,0.8287555998480879,1,0.8414462268990534,1,0.5610079555601277,0
schafer_phyllosphere_2022,Leaf70,Leaf88,0,neutral,0.9315606690554243,1,0.8426050423706021,1,0.601276124180877,1
schafer_phyllosphere_2022,Leaf75,Leaf88,0,neutral,0.9165030556782195,1,0.8431818627002151,1,0.6291166084983678,1
schafer_phyllosphere_2022,Leaf76,Leaf88,0,neutral,0.9302635384558259,1,0.8257463902247315,1,0.6537681918281442,1
schafer_phyllosphere_2022,Leaf78,Leaf88,0,neutral,0.9238939509470943,1,0.839401651273026,1,0.6393290027185902,1
schafer_phyllosphere_2022,Leaf82,Leaf88,0,neutral,0.9253057319976112,1,0.8405725786052117,1,0.5943343570459592,1
schafer_phyllosphere_2022,Leaf83,Leaf88,1,positive,0.9344191395855531,1,0.8396950335168474,1,0.7762634024465511,1
schafer_phyllosphere_2022,Leaf85,Leaf88,0,neutral,0.9713304129212441,1,0.8361457413017366,1,0.7968747942832144,1
schafer_phyllosphere_2022,Leaf86,Leaf88,1,positive,0.9325418952759297,1,0.8346483266433337,1,0.6522024216428545,1
schafer_phyllosphere_2022,Leaf87,Leaf88,0,neutral,0.9346118385354019,1,0.8161440068413307,1,0.6180428912087079,1
schafer_phyllosphere_2022,Leaf88,Leaf91,1,positive,0.9737970501825522,1,0.8361457413017366,1,0.7985808786608972,1
schafer_phyllosphere_2022,Leaf88,Leaf99,0,neutral,0.9335010330435293,1,0.8040863268507474,1,0.7894059702160966,1
