analysis_set,method,recall,mean_precision,se_precision,folds,lower_se,upper_se,system
butyrate_assembly_2021,LENS,0,1,0,5,1,1,Butyrate
butyrate_assembly_2021,LENS,0.01,1,0,5,1,1,Butyrate
butyrate_assembly_2021,LENS,0.02,1,0,5,1,1,Butyrate
butyrate_assembly_2021,LENS,0.03,1,0,5,1,1,Butyrate
butyrate_assembly_2021,LENS,0.04,1,0,5,1,1,Butyrate
butyrate_assembly_2021,LENS,0.05,1,0,5,1,1,Butyrate
butyrate_assembly_2021,LENS,0.06,1,0,5,1,1,Butyrate
butyrate_assembly_2021,LENS,0.07,1,0,5,1,1,Butyrate
butyrate_assembly_2021,LENS,0.08,1,0,5,1,1,Butyrate
butyrate_assembly_2021,LENS,0.09,1,0,5,1,1,Butyrate
butyrate_assembly_2021,LENS,0.1,1,0,5,1,1,Butyrate
butyrate_assembly_2021,LENS,0.11,1,0,5,1,1,Butyrate
butyrate_assembly_2021,LENS,0.12,1,0,5,1,1,Butyrate
butyrate_assembly_2021,LENS,0.13,1,0,5,1,1,Butyrate
butyrate_assembly_2021,LENS,0.14,0.963333333333333,0.0226077666104176,5,0.940725566722916,0.985941099943751,Butyrate
butyrate_assembly_2021,LENS,0.15,0.963333333333333,0.0226077666104176,5,0.940725566722916,0.985941099943751,Butyrate
butyrate_assembly_2021,LENS,0.16,0.963333333333333,0.0226077666104176,5,0.940725566722916,0.985941099943751,Butyrate
butyrate_assembly_2021,LENS,0.17,0.963333333333333,0.0226077666104176,5,0.940725566722916,0.985941099943751,Butyrate
butyrate_assembly_2021,LENS,0.18,0.963333333333333,0.0226077666104176,5,0.940725566722916,0.985941099943751,Butyrate
butyrate_assembly_2021,LENS,0.19,0.936666666666667,0.0270801280154532,5,0.909586538651213,0.96374679468212,Butyrate
butyrate_assembly_2021,LENS,0.2,0.936666666666667,0.0270801280154532,5,0.909586538651213,0.96374679468212,Butyrate
butyrate_assembly_2021,LENS,0.21,0.936666666666667,0.0270801280154532,5,0.909586538651213,0.96374679468212,Butyrate
butyrate_assembly_2021,LENS,0.22,0.936666666666667,0.0270801280154532,5,0.909586538651213,0.96374679468212,Butyrate
butyrate_assembly_2021,LENS,0.23,0.936666666666667,0.0270801280154532,5,0.909586538651213,0.96374679468212,Butyrate
butyrate_assembly_2021,LENS,0.24,0.936666666666667,0.0270801280154532,5,0.909586538651213,0.96374679468212,Butyrate
butyrate_assembly_2021,LENS,0.25,0.936666666666667,0.0270801280154532,5,0.909586538651213,0.96374679468212,Butyrate
butyrate_assembly_2021,LENS,0.26,0.936666666666667,0.0270801280154532,5,0.909586538651213,0.96374679468212,Butyrate
butyrate_assembly_2021,LENS,0.27,0.936666666666667,0.0270801280154532,5,0.909586538651213,0.96374679468212,Butyrate
butyrate_assembly_2021,LENS,0.28,0.936666666666667,0.0270801280154532,5,0.909586538651213,0.96374679468212,Butyrate
butyrate_assembly_2021,LENS,0.29,0.936666666666667,0.0270801280154532,5,0.909586538651213,0.96374679468212,Butyrate
butyrate_assembly_2021,LENS,0.3,0.936666666666667,0.0270801280154532,5,0.909586538651213,0.96374679468212,Butyrate
butyrate_assembly_2021,LENS,0.31,0.936666666666667,0.0270801280154532,5,0.909586538651213,0.96374679468212,Butyrate
butyrate_assembly_2021,LENS,0.32,0.936666666666667,0.0270801280154532,5,0.909586538651213,0.96374679468212,Butyrate
butyrate_assembly_2021,LENS,0.33,0.936666666666667,0.0270801280154532,5,0.909586538651213,0.96374679468212,Butyrate
butyrate_assembly_2021,LENS,0.34,0.936666666666667,0.0270801280154532,5,0.909586538651213,0.96374679468212,Butyrate
butyrate_assembly_2021,LENS,0.35,0.936666666666667,0.0270801280154532,5,0.909586538651213,0.96374679468212,Butyrate
butyrate_assembly_2021,LENS,0.36,0.936666666666667,0.0270801280154532,5,0.909586538651213,0.96374679468212,Butyrate
butyrate_assembly_2021,LENS,0.37,0.936666666666667,0.0270801280154532,5,0.909586538651213,0.96374679468212,Butyrate
butyrate_assembly_2021,LENS,0.38,0.936666666666667,0.0270801280154532,5,0.909586538651213,0.96374679468212,Butyrate
butyrate_assembly_2021,LENS,0.39,0.936666666666667,0.0270801280154532,5,0.909586538651213,0.96374679468212,Butyrate
butyrate_assembly_2021,LENS,0.4,0.936666666666667,0.0270801280154532,5,0.909586538651213,0.96374679468212,Butyrate
butyrate_assembly_2021,LENS,0.41,0.899059829059829,0.0101006694103086,5,0.888959159649521,0.909160498470138,Butyrate
butyrate_assembly_2021,LENS,0.42,0.899059829059829,0.0101006694103086,5,0.888959159649521,0.909160498470138,Butyrate
butyrate_assembly_2021,LENS,0.43,0.899059829059829,0.0101006694103086,5,0.888959159649521,0.909160498470138,Butyrate
butyrate_assembly_2021,LENS,0.44,0.899059829059829,0.0101006694103086,5,0.888959159649521,0.909160498470138,Butyrate
butyrate_assembly_2021,LENS,0.45,0.899059829059829,0.0101006694103086,5,0.888959159649521,0.909160498470138,Butyrate
butyrate_assembly_2021,LENS,0.46,0.899059829059829,0.0101006694103086,5,0.888959159649521,0.909160498470138,Butyrate
butyrate_assembly_2021,LENS,0.47,0.899059829059829,0.0101006694103086,5,0.888959159649521,0.909160498470138,Butyrate
butyrate_assembly_2021,LENS,0.48,0.899059829059829,0.0101006694103086,5,0.888959159649521,0.909160498470138,Butyrate
butyrate_assembly_2021,LENS,0.49,0.899059829059829,0.0101006694103086,5,0.888959159649521,0.909160498470138,Butyrate
butyrate_assembly_2021,LENS,0.5,0.899059829059829,0.0101006694103086,5,0.888959159649521,0.909160498470138,Butyrate
butyrate_assembly_2021,LENS,0.51,0.899059829059829,0.0101006694103086,5,0.888959159649521,0.909160498470138,Butyrate
butyrate_assembly_2021,LENS,0.52,0.899059829059829,0.0101006694103086,5,0.888959159649521,0.909160498470138,Butyrate
butyrate_assembly_2021,LENS,0.53,0.899059829059829,0.0101006694103086,5,0.888959159649521,0.909160498470138,Butyrate
butyrate_assembly_2021,LENS,0.54,0.896282051282051,0.0111295048278004,5,0.885152546454251,0.907411556109852,Butyrate
butyrate_assembly_2021,LENS,0.55,0.896282051282051,0.0111295048278004,5,0.885152546454251,0.907411556109852,Butyrate
butyrate_assembly_2021,LENS,0.56,0.896282051282051,0.0111295048278004,5,0.885152546454251,0.907411556109852,Butyrate
butyrate_assembly_2021,LENS,0.57,0.896282051282051,0.0111295048278004,5,0.885152546454251,0.907411556109852,Butyrate
butyrate_assembly_2021,LENS,0.58,0.896282051282051,0.0111295048278004,5,0.885152546454251,0.907411556109852,Butyrate
butyrate_assembly_2021,LENS,0.59,0.896282051282051,0.0111295048278004,5,0.885152546454251,0.907411556109852,Butyrate
butyrate_assembly_2021,LENS,0.6,0.896282051282051,0.0111295048278004,5,0.885152546454251,0.907411556109852,Butyrate
butyrate_assembly_2021,LENS,0.61,0.891282051282051,0.0118140173487751,5,0.879468033933276,0.903096068630827,Butyrate
butyrate_assembly_2021,LENS,0.62,0.891282051282051,0.0118140173487751,5,0.879468033933276,0.903096068630827,Butyrate
butyrate_assembly_2021,LENS,0.63,0.891282051282051,0.0118140173487751,5,0.879468033933276,0.903096068630827,Butyrate
butyrate_assembly_2021,LENS,0.64,0.891282051282051,0.0118140173487751,5,0.879468033933276,0.903096068630827,Butyrate
butyrate_assembly_2021,LENS,0.65,0.891282051282051,0.0118140173487751,5,0.879468033933276,0.903096068630827,Butyrate
butyrate_assembly_2021,LENS,0.66,0.891282051282051,0.0118140173487751,5,0.879468033933276,0.903096068630827,Butyrate
butyrate_assembly_2021,LENS,0.67,0.891282051282051,0.0118140173487751,5,0.879468033933276,0.903096068630827,Butyrate
butyrate_assembly_2021,LENS,0.68,0.891282051282051,0.0118140173487751,5,0.879468033933276,0.903096068630827,Butyrate
butyrate_assembly_2021,LENS,0.69,0.891282051282051,0.0118140173487751,5,0.879468033933276,0.903096068630827,Butyrate
butyrate_assembly_2021,LENS,0.7,0.891282051282051,0.0118140173487751,5,0.879468033933276,0.903096068630827,Butyrate
butyrate_assembly_2021,LENS,0.71,0.891282051282051,0.0118140173487751,5,0.879468033933276,0.903096068630827,Butyrate
butyrate_assembly_2021,LENS,0.72,0.891282051282051,0.0118140173487751,5,0.879468033933276,0.903096068630827,Butyrate
butyrate_assembly_2021,LENS,0.73,0.891282051282051,0.0118140173487751,5,0.879468033933276,0.903096068630827,Butyrate
butyrate_assembly_2021,LENS,0.74,0.87937728937729,0.011410322555797,5,0.867966966821492,0.890787611933087,Butyrate
butyrate_assembly_2021,LENS,0.75,0.87937728937729,0.011410322555797,5,0.867966966821492,0.890787611933087,Butyrate
butyrate_assembly_2021,LENS,0.76,0.87937728937729,0.011410322555797,5,0.867966966821492,0.890787611933087,Butyrate
butyrate_assembly_2021,LENS,0.77,0.87937728937729,0.011410322555797,5,0.867966966821492,0.890787611933087,Butyrate
butyrate_assembly_2021,LENS,0.78,0.87937728937729,0.011410322555797,5,0.867966966821492,0.890787611933087,Butyrate
butyrate_assembly_2021,LENS,0.79,0.87937728937729,0.011410322555797,5,0.867966966821492,0.890787611933087,Butyrate
butyrate_assembly_2021,LENS,0.8,0.87937728937729,0.011410322555797,5,0.867966966821492,0.890787611933087,Butyrate
butyrate_assembly_2021,LENS,0.81,0.864509803921569,0.0105416093952883,5,0.85396819452628,0.875051413316857,Butyrate
butyrate_assembly_2021,LENS,0.82,0.857843137254902,0.0121811506272443,5,0.845661986627658,0.870024287882146,Butyrate
butyrate_assembly_2021,LENS,0.83,0.857843137254902,0.0121811506272443,5,0.845661986627658,0.870024287882146,Butyrate
butyrate_assembly_2021,LENS,0.84,0.857843137254902,0.0121811506272443,5,0.845661986627658,0.870024287882146,Butyrate
butyrate_assembly_2021,LENS,0.85,0.857843137254902,0.0121811506272443,5,0.845661986627658,0.870024287882146,Butyrate
butyrate_assembly_2021,LENS,0.86,0.857843137254902,0.0121811506272443,5,0.845661986627658,0.870024287882146,Butyrate
butyrate_assembly_2021,LENS,0.87,0.857843137254902,0.0121811506272443,5,0.845661986627658,0.870024287882146,Butyrate
butyrate_assembly_2021,LENS,0.88,0.857843137254902,0.0121811506272443,5,0.845661986627658,0.870024287882146,Butyrate
butyrate_assembly_2021,LENS,0.89,0.857843137254902,0.0121811506272443,5,0.845661986627658,0.870024287882146,Butyrate
butyrate_assembly_2021,LENS,0.9,0.857843137254902,0.0121811506272443,5,0.845661986627658,0.870024287882146,Butyrate
butyrate_assembly_2021,LENS,0.91,0.857843137254902,0.0121811506272443,5,0.845661986627658,0.870024287882146,Butyrate
butyrate_assembly_2021,LENS,0.92,0.857843137254902,0.0121811506272443,5,0.845661986627658,0.870024287882146,Butyrate
butyrate_assembly_2021,LENS,0.93,0.857843137254902,0.0121811506272443,5,0.845661986627658,0.870024287882146,Butyrate
butyrate_assembly_2021,LENS,0.94,0.802260061919505,0.0217693295363163,5,0.780490732383188,0.824029391455821,Butyrate
butyrate_assembly_2021,LENS,0.95,0.802260061919505,0.0217693295363163,5,0.780490732383188,0.824029391455821,Butyrate
butyrate_assembly_2021,LENS,0.96,0.802260061919505,0.0217693295363163,5,0.780490732383188,0.824029391455821,Butyrate
butyrate_assembly_2021,LENS,0.97,0.802260061919505,0.0217693295363163,5,0.780490732383188,0.824029391455821,Butyrate
butyrate_assembly_2021,LENS,0.98,0.802260061919505,0.0217693295363163,5,0.780490732383188,0.824029391455821,Butyrate
butyrate_assembly_2021,LENS,0.99,0.802260061919505,0.0217693295363163,5,0.780490732383188,0.824029391455821,Butyrate
butyrate_assembly_2021,LENS,1,0.802260061919505,0.0217693295363163,5,0.780490732383188,0.824029391455821,Butyrate
butyrate_assembly_2021,OneNet,0,1,0,5,1,1,Butyrate
butyrate_assembly_2021,OneNet,0.01,0.914285714285714,0.0571428571428571,5,0.857142857142857,0.971428571428571,Butyrate
butyrate_assembly_2021,OneNet,0.02,0.914285714285714,0.0571428571428571,5,0.857142857142857,0.971428571428571,Butyrate
butyrate_assembly_2021,OneNet,0.03,0.914285714285714,0.0571428571428571,5,0.857142857142857,0.971428571428571,Butyrate
butyrate_assembly_2021,OneNet,0.04,0.914285714285714,0.0571428571428571,5,0.857142857142857,0.971428571428571,Butyrate
butyrate_assembly_2021,OneNet,0.05,0.914285714285714,0.0571428571428571,5,0.857142857142857,0.971428571428571,Butyrate
butyrate_assembly_2021,OneNet,0.06,0.914285714285714,0.0571428571428571,5,0.857142857142857,0.971428571428571,Butyrate
butyrate_assembly_2021,OneNet,0.07,0.874285714285714,0.0561339505839672,5,0.818151763701747,0.930419664869681,Butyrate
butyrate_assembly_2021,OneNet,0.08,0.874285714285714,0.0561339505839672,5,0.818151763701747,0.930419664869681,Butyrate
butyrate_assembly_2021,OneNet,0.09,0.874285714285714,0.0561339505839672,5,0.818151763701747,0.930419664869681,Butyrate
butyrate_assembly_2021,OneNet,0.1,0.874285714285714,0.0561339505839672,5,0.818151763701747,0.930419664869681,Butyrate
butyrate_assembly_2021,OneNet,0.11,0.874285714285714,0.0561339505839672,5,0.818151763701747,0.930419664869681,Butyrate
butyrate_assembly_2021,OneNet,0.12,0.874285714285714,0.0561339505839672,5,0.818151763701747,0.930419664869681,Butyrate
butyrate_assembly_2021,OneNet,0.13,0.874285714285714,0.0561339505839672,5,0.818151763701747,0.930419664869681,Butyrate
butyrate_assembly_2021,OneNet,0.14,0.817142857142857,0.0531459292506808,5,0.763996927892177,0.870288786393538,Butyrate
butyrate_assembly_2021,OneNet,0.15,0.817142857142857,0.0531459292506808,5,0.763996927892177,0.870288786393538,Butyrate
butyrate_assembly_2021,OneNet,0.16,0.817142857142857,0.0531459292506808,5,0.763996927892177,0.870288786393538,Butyrate
butyrate_assembly_2021,OneNet,0.17,0.817142857142857,0.0531459292506808,5,0.763996927892177,0.870288786393538,Butyrate
butyrate_assembly_2021,OneNet,0.18,0.817142857142857,0.0531459292506808,5,0.763996927892177,0.870288786393538,Butyrate
butyrate_assembly_2021,OneNet,0.19,0.817142857142857,0.0531459292506808,5,0.763996927892177,0.870288786393538,Butyrate
butyrate_assembly_2021,OneNet,0.2,0.817142857142857,0.0531459292506808,5,0.763996927892177,0.870288786393538,Butyrate
butyrate_assembly_2021,OneNet,0.21,0.777142857142857,0.0277010277566647,5,0.749441829386193,0.804843884899522,Butyrate
butyrate_assembly_2021,OneNet,0.22,0.777142857142857,0.0277010277566647,5,0.749441829386193,0.804843884899522,Butyrate
butyrate_assembly_2021,OneNet,0.23,0.777142857142857,0.0277010277566647,5,0.749441829386193,0.804843884899522,Butyrate
butyrate_assembly_2021,OneNet,0.24,0.777142857142857,0.0277010277566647,5,0.749441829386193,0.804843884899522,Butyrate
butyrate_assembly_2021,OneNet,0.25,0.777142857142857,0.0277010277566647,5,0.749441829386193,0.804843884899522,Butyrate
butyrate_assembly_2021,OneNet,0.26,0.777142857142857,0.0277010277566647,5,0.749441829386193,0.804843884899522,Butyrate
butyrate_assembly_2021,OneNet,0.27,0.757894736842105,0.0287686112326451,5,0.72912612560946,0.78666334807475,Butyrate
butyrate_assembly_2021,OneNet,0.28,0.757894736842105,0.0287686112326451,5,0.72912612560946,0.78666334807475,Butyrate
butyrate_assembly_2021,OneNet,0.29,0.757894736842105,0.0287686112326451,5,0.72912612560946,0.78666334807475,Butyrate
butyrate_assembly_2021,OneNet,0.3,0.757894736842105,0.0287686112326451,5,0.72912612560946,0.78666334807475,Butyrate
butyrate_assembly_2021,OneNet,0.31,0.757894736842105,0.0287686112326451,5,0.72912612560946,0.78666334807475,Butyrate
butyrate_assembly_2021,OneNet,0.32,0.757894736842105,0.0287686112326451,5,0.72912612560946,0.78666334807475,Butyrate
butyrate_assembly_2021,OneNet,0.33,0.757894736842105,0.0287686112326451,5,0.72912612560946,0.78666334807475,Butyrate
butyrate_assembly_2021,OneNet,0.34,0.757894736842105,0.0287686112326451,5,0.72912612560946,0.78666334807475,Butyrate
butyrate_assembly_2021,OneNet,0.35,0.757894736842105,0.0287686112326451,5,0.72912612560946,0.78666334807475,Butyrate
butyrate_assembly_2021,OneNet,0.36,0.757894736842105,0.0287686112326451,5,0.72912612560946,0.78666334807475,Butyrate
butyrate_assembly_2021,OneNet,0.37,0.757894736842105,0.0287686112326451,5,0.72912612560946,0.78666334807475,Butyrate
butyrate_assembly_2021,OneNet,0.38,0.750102529049897,0.0223980022847412,5,0.727704526765156,0.772500531334639,Butyrate
butyrate_assembly_2021,OneNet,0.39,0.750102529049897,0.0223980022847412,5,0.727704526765156,0.772500531334639,Butyrate
butyrate_assembly_2021,OneNet,0.4,0.750102529049897,0.0223980022847412,5,0.727704526765156,0.772500531334639,Butyrate
butyrate_assembly_2021,OneNet,0.41,0.750102529049897,0.0223980022847412,5,0.727704526765156,0.772500531334639,Butyrate
butyrate_assembly_2021,OneNet,0.42,0.750102529049897,0.0223980022847412,5,0.727704526765156,0.772500531334639,Butyrate
butyrate_assembly_2021,OneNet,0.43,0.750102529049897,0.0223980022847412,5,0.727704526765156,0.772500531334639,Butyrate
butyrate_assembly_2021,OneNet,0.44,0.750102529049897,0.0223980022847412,5,0.727704526765156,0.772500531334639,Butyrate
butyrate_assembly_2021,OneNet,0.45,0.750102529049897,0.0223980022847412,5,0.727704526765156,0.772500531334639,Butyrate
butyrate_assembly_2021,OneNet,0.46,0.750102529049897,0.0223980022847412,5,0.727704526765156,0.772500531334639,Butyrate
butyrate_assembly_2021,OneNet,0.47,0.750102529049897,0.0223980022847412,5,0.727704526765156,0.772500531334639,Butyrate
butyrate_assembly_2021,OneNet,0.48,0.750102529049897,0.0223980022847412,5,0.727704526765156,0.772500531334639,Butyrate
butyrate_assembly_2021,OneNet,0.49,0.750102529049897,0.0223980022847412,5,0.727704526765156,0.772500531334639,Butyrate
butyrate_assembly_2021,OneNet,0.5,0.750102529049897,0.0223980022847412,5,0.727704526765156,0.772500531334639,Butyrate
butyrate_assembly_2021,OneNet,0.51,0.750102529049897,0.0223980022847412,5,0.727704526765156,0.772500531334639,Butyrate
butyrate_assembly_2021,OneNet,0.52,0.750102529049897,0.0223980022847412,5,0.727704526765156,0.772500531334639,Butyrate
butyrate_assembly_2021,OneNet,0.53,0.750102529049897,0.0223980022847412,5,0.727704526765156,0.772500531334639,Butyrate
butyrate_assembly_2021,OneNet,0.54,0.750102529049897,0.0223980022847412,5,0.727704526765156,0.772500531334639,Butyrate
butyrate_assembly_2021,OneNet,0.55,0.750102529049897,0.0223980022847412,5,0.727704526765156,0.772500531334639,Butyrate
butyrate_assembly_2021,OneNet,0.56,0.750102529049897,0.0223980022847412,5,0.727704526765156,0.772500531334639,Butyrate
butyrate_assembly_2021,OneNet,0.57,0.744360902255639,0.0184172161111517,5,0.725943686144488,0.762778118366791,Butyrate
butyrate_assembly_2021,OneNet,0.58,0.744360902255639,0.0184172161111517,5,0.725943686144488,0.762778118366791,Butyrate
butyrate_assembly_2021,OneNet,0.59,0.744360902255639,0.0184172161111517,5,0.725943686144488,0.762778118366791,Butyrate
butyrate_assembly_2021,OneNet,0.6,0.744360902255639,0.0184172161111517,5,0.725943686144488,0.762778118366791,Butyrate
butyrate_assembly_2021,OneNet,0.61,0.744360902255639,0.0184172161111517,5,0.725943686144488,0.762778118366791,Butyrate
butyrate_assembly_2021,OneNet,0.62,0.744360902255639,0.0184172161111517,5,0.725943686144488,0.762778118366791,Butyrate
butyrate_assembly_2021,OneNet,0.63,0.744360902255639,0.0184172161111517,5,0.725943686144488,0.762778118366791,Butyrate
butyrate_assembly_2021,OneNet,0.64,0.744360902255639,0.0184172161111517,5,0.725943686144488,0.762778118366791,Butyrate
butyrate_assembly_2021,OneNet,0.65,0.744360902255639,0.0184172161111517,5,0.725943686144488,0.762778118366791,Butyrate
butyrate_assembly_2021,OneNet,0.66,0.744360902255639,0.0184172161111517,5,0.725943686144488,0.762778118366791,Butyrate
butyrate_assembly_2021,OneNet,0.67,0.744360902255639,0.0184172161111517,5,0.725943686144488,0.762778118366791,Butyrate
butyrate_assembly_2021,OneNet,0.68,0.744360902255639,0.0184172161111517,5,0.725943686144488,0.762778118366791,Butyrate
butyrate_assembly_2021,OneNet,0.69,0.744360902255639,0.0184172161111517,5,0.725943686144488,0.762778118366791,Butyrate
butyrate_assembly_2021,OneNet,0.7,0.744360902255639,0.0184172161111517,5,0.725943686144488,0.762778118366791,Butyrate
butyrate_assembly_2021,OneNet,0.71,0.744360902255639,0.0184172161111517,5,0.725943686144488,0.762778118366791,Butyrate
butyrate_assembly_2021,OneNet,0.72,0.744360902255639,0.0184172161111517,5,0.725943686144488,0.762778118366791,Butyrate
butyrate_assembly_2021,OneNet,0.73,0.744360902255639,0.0184172161111517,5,0.725943686144488,0.762778118366791,Butyrate
butyrate_assembly_2021,OneNet,0.74,0.744360902255639,0.0184172161111517,5,0.725943686144488,0.762778118366791,Butyrate
butyrate_assembly_2021,OneNet,0.75,0.744360902255639,0.0184172161111517,5,0.725943686144488,0.762778118366791,Butyrate
butyrate_assembly_2021,OneNet,0.76,0.744360902255639,0.0184172161111517,5,0.725943686144488,0.762778118366791,Butyrate
butyrate_assembly_2021,OneNet,0.77,0.744360902255639,0.0184172161111517,5,0.725943686144488,0.762778118366791,Butyrate
butyrate_assembly_2021,OneNet,0.78,0.744360902255639,0.0184172161111517,5,0.725943686144488,0.762778118366791,Butyrate
butyrate_assembly_2021,OneNet,0.79,0.744360902255639,0.0184172161111517,5,0.725943686144488,0.762778118366791,Butyrate
butyrate_assembly_2021,OneNet,0.8,0.744360902255639,0.0184172161111517,5,0.725943686144488,0.762778118366791,Butyrate
butyrate_assembly_2021,OneNet,0.81,0.744360902255639,0.0184172161111517,5,0.725943686144488,0.762778118366791,Butyrate
butyrate_assembly_2021,OneNet,0.82,0.744360902255639,0.0184172161111517,5,0.725943686144488,0.762778118366791,Butyrate
butyrate_assembly_2021,OneNet,0.83,0.744360902255639,0.0184172161111517,5,0.725943686144488,0.762778118366791,Butyrate
butyrate_assembly_2021,OneNet,0.84,0.744360902255639,0.0184172161111517,5,0.725943686144488,0.762778118366791,Butyrate
butyrate_assembly_2021,OneNet,0.85,0.744360902255639,0.0184172161111517,5,0.725943686144488,0.762778118366791,Butyrate
butyrate_assembly_2021,OneNet,0.86,0.744360902255639,0.0184172161111517,5,0.725943686144488,0.762778118366791,Butyrate
butyrate_assembly_2021,OneNet,0.87,0.744360902255639,0.0184172161111517,5,0.725943686144488,0.762778118366791,Butyrate
butyrate_assembly_2021,OneNet,0.88,0.744360902255639,0.0184172161111517,5,0.725943686144488,0.762778118366791,Butyrate
butyrate_assembly_2021,OneNet,0.89,0.744360902255639,0.0184172161111517,5,0.725943686144488,0.762778118366791,Butyrate
butyrate_assembly_2021,OneNet,0.9,0.744360902255639,0.0184172161111517,5,0.725943686144488,0.762778118366791,Butyrate
butyrate_assembly_2021,OneNet,0.91,0.744360902255639,0.0184172161111517,5,0.725943686144488,0.762778118366791,Butyrate
butyrate_assembly_2021,OneNet,0.92,0.744360902255639,0.0184172161111517,5,0.725943686144488,0.762778118366791,Butyrate
butyrate_assembly_2021,OneNet,0.93,0.744360902255639,0.0184172161111517,5,0.725943686144488,0.762778118366791,Butyrate
butyrate_assembly_2021,OneNet,0.94,0.738847117794486,0.0156596484729958,5,0.72318746932149,0.754506766267482,Butyrate
butyrate_assembly_2021,OneNet,0.95,0.738847117794486,0.0156596484729958,5,0.72318746932149,0.754506766267482,Butyrate
butyrate_assembly_2021,OneNet,0.96,0.738847117794486,0.0156596484729958,5,0.72318746932149,0.754506766267482,Butyrate
butyrate_assembly_2021,OneNet,0.97,0.738847117794486,0.0156596484729958,5,0.72318746932149,0.754506766267482,Butyrate
butyrate_assembly_2021,OneNet,0.98,0.738847117794486,0.0156596484729958,5,0.72318746932149,0.754506766267482,Butyrate
butyrate_assembly_2021,OneNet,0.99,0.738847117794486,0.0156596484729958,5,0.72318746932149,0.754506766267482,Butyrate
butyrate_assembly_2021,OneNet,1,0.738847117794486,0.0156596484729958,5,0.72318746932149,0.754506766267482,Butyrate
butyrate_assembly_2021,SparCC,0,1,0,5,1,1,Butyrate
butyrate_assembly_2021,SparCC,0.01,0.983333333333333,0.0166666666666667,5,0.966666666666667,1,Butyrate
butyrate_assembly_2021,SparCC,0.02,0.983333333333333,0.0166666666666667,5,0.966666666666667,1,Butyrate
butyrate_assembly_2021,SparCC,0.03,0.983333333333333,0.0166666666666667,5,0.966666666666667,1,Butyrate
butyrate_assembly_2021,SparCC,0.04,0.983333333333333,0.0166666666666667,5,0.966666666666667,1,Butyrate
butyrate_assembly_2021,SparCC,0.05,0.983333333333333,0.0166666666666667,5,0.966666666666667,1,Butyrate
butyrate_assembly_2021,SparCC,0.06,0.983333333333333,0.0166666666666667,5,0.966666666666667,1,Butyrate
butyrate_assembly_2021,SparCC,0.07,0.954761904761905,0.0292576326843917,5,0.925504272077513,0.984019537446297,Butyrate
butyrate_assembly_2021,SparCC,0.08,0.954761904761905,0.0292576326843917,5,0.925504272077513,0.984019537446297,Butyrate
butyrate_assembly_2021,SparCC,0.09,0.954761904761905,0.0292576326843917,5,0.925504272077513,0.984019537446297,Butyrate
butyrate_assembly_2021,SparCC,0.1,0.954761904761905,0.0292576326843917,5,0.925504272077513,0.984019537446297,Butyrate
butyrate_assembly_2021,SparCC,0.11,0.954761904761905,0.0292576326843917,5,0.925504272077513,0.984019537446297,Butyrate
butyrate_assembly_2021,SparCC,0.12,0.954761904761905,0.0292576326843917,5,0.925504272077513,0.984019537446297,Butyrate
butyrate_assembly_2021,SparCC,0.13,0.954761904761905,0.0292576326843917,5,0.925504272077513,0.984019537446297,Butyrate
butyrate_assembly_2021,SparCC,0.14,0.954761904761905,0.0292576326843917,5,0.925504272077513,0.984019537446297,Butyrate
butyrate_assembly_2021,SparCC,0.15,0.954761904761905,0.0292576326843917,5,0.925504272077513,0.984019537446297,Butyrate
butyrate_assembly_2021,SparCC,0.16,0.954761904761905,0.0292576326843917,5,0.925504272077513,0.984019537446297,Butyrate
butyrate_assembly_2021,SparCC,0.17,0.954761904761905,0.0292576326843917,5,0.925504272077513,0.984019537446297,Butyrate
butyrate_assembly_2021,SparCC,0.18,0.954761904761905,0.0292576326843917,5,0.925504272077513,0.984019537446297,Butyrate
butyrate_assembly_2021,SparCC,0.19,0.954761904761905,0.0292576326843917,5,0.925504272077513,0.984019537446297,Butyrate
butyrate_assembly_2021,SparCC,0.2,0.954761904761905,0.0292576326843917,5,0.925504272077513,0.984019537446297,Butyrate
butyrate_assembly_2021,SparCC,0.21,0.926190476190476,0.0320324382073184,5,0.894158037983158,0.958222914397794,Butyrate
butyrate_assembly_2021,SparCC,0.22,0.926190476190476,0.0320324382073184,5,0.894158037983158,0.958222914397794,Butyrate
butyrate_assembly_2021,SparCC,0.23,0.926190476190476,0.0320324382073184,5,0.894158037983158,0.958222914397794,Butyrate
butyrate_assembly_2021,SparCC,0.24,0.926190476190476,0.0320324382073184,5,0.894158037983158,0.958222914397794,Butyrate
butyrate_assembly_2021,SparCC,0.25,0.926190476190476,0.0320324382073184,5,0.894158037983158,0.958222914397794,Butyrate
butyrate_assembly_2021,SparCC,0.26,0.926190476190476,0.0320324382073184,5,0.894158037983158,0.958222914397794,Butyrate
butyrate_assembly_2021,SparCC,0.27,0.869047619047619,0.0467176592151157,5,0.822329959832503,0.915765278262735,Butyrate
butyrate_assembly_2021,SparCC,0.28,0.869047619047619,0.0467176592151157,5,0.822329959832503,0.915765278262735,Butyrate
butyrate_assembly_2021,SparCC,0.29,0.869047619047619,0.0467176592151157,5,0.822329959832503,0.915765278262735,Butyrate
butyrate_assembly_2021,SparCC,0.3,0.869047619047619,0.0467176592151157,5,0.822329959832503,0.915765278262735,Butyrate
butyrate_assembly_2021,SparCC,0.31,0.869047619047619,0.0467176592151157,5,0.822329959832503,0.915765278262735,Butyrate
butyrate_assembly_2021,SparCC,0.32,0.869047619047619,0.0467176592151157,5,0.822329959832503,0.915765278262735,Butyrate
butyrate_assembly_2021,SparCC,0.33,0.869047619047619,0.0467176592151157,5,0.822329959832503,0.915765278262735,Butyrate
butyrate_assembly_2021,SparCC,0.34,0.869047619047619,0.0467176592151157,5,0.822329959832503,0.915765278262735,Butyrate
butyrate_assembly_2021,SparCC,0.35,0.869047619047619,0.0467176592151157,5,0.822329959832503,0.915765278262735,Butyrate
butyrate_assembly_2021,SparCC,0.36,0.869047619047619,0.0467176592151157,5,0.822329959832503,0.915765278262735,Butyrate
butyrate_assembly_2021,SparCC,0.37,0.869047619047619,0.0467176592151157,5,0.822329959832503,0.915765278262735,Butyrate
butyrate_assembly_2021,SparCC,0.38,0.844047619047619,0.0342145425314284,5,0.809833076516191,0.878262161579047,Butyrate
butyrate_assembly_2021,SparCC,0.39,0.844047619047619,0.0342145425314284,5,0.809833076516191,0.878262161579047,Butyrate
butyrate_assembly_2021,SparCC,0.4,0.844047619047619,0.0342145425314284,5,0.809833076516191,0.878262161579047,Butyrate
butyrate_assembly_2021,SparCC,0.41,0.828463203463203,0.0340539550966375,5,0.794409248366566,0.862517158559841,Butyrate
butyrate_assembly_2021,SparCC,0.42,0.828463203463203,0.0340539550966375,5,0.794409248366566,0.862517158559841,Butyrate
butyrate_assembly_2021,SparCC,0.43,0.828463203463203,0.0340539550966375,5,0.794409248366566,0.862517158559841,Butyrate
butyrate_assembly_2021,SparCC,0.44,0.818169085816145,0.0320329999628786,5,0.786136085853266,0.850202085779023,Butyrate
butyrate_assembly_2021,SparCC,0.45,0.818169085816145,0.0320329999628786,5,0.786136085853266,0.850202085779023,Butyrate
butyrate_assembly_2021,SparCC,0.46,0.818169085816145,0.0320329999628786,5,0.786136085853266,0.850202085779023,Butyrate
butyrate_assembly_2021,SparCC,0.47,0.818169085816145,0.0320329999628786,5,0.786136085853266,0.850202085779023,Butyrate
butyrate_assembly_2021,SparCC,0.48,0.818169085816145,0.0320329999628786,5,0.786136085853266,0.850202085779023,Butyrate
butyrate_assembly_2021,SparCC,0.49,0.818169085816145,0.0320329999628786,5,0.786136085853266,0.850202085779023,Butyrate
butyrate_assembly_2021,SparCC,0.5,0.818169085816145,0.0320329999628786,5,0.786136085853266,0.850202085779023,Butyrate
butyrate_assembly_2021,SparCC,0.51,0.818169085816145,0.0320329999628786,5,0.786136085853266,0.850202085779023,Butyrate
butyrate_assembly_2021,SparCC,0.52,0.818169085816145,0.0320329999628786,5,0.786136085853266,0.850202085779023,Butyrate
butyrate_assembly_2021,SparCC,0.53,0.818169085816145,0.0320329999628786,5,0.786136085853266,0.850202085779023,Butyrate
butyrate_assembly_2021,SparCC,0.54,0.818169085816145,0.0320329999628786,5,0.786136085853266,0.850202085779023,Butyrate
butyrate_assembly_2021,SparCC,0.55,0.818169085816145,0.0320329999628786,5,0.786136085853266,0.850202085779023,Butyrate
butyrate_assembly_2021,SparCC,0.56,0.818169085816145,0.0320329999628786,5,0.786136085853266,0.850202085779023,Butyrate
butyrate_assembly_2021,SparCC,0.57,0.818169085816145,0.0320329999628786,5,0.786136085853266,0.850202085779023,Butyrate
butyrate_assembly_2021,SparCC,0.58,0.818169085816145,0.0320329999628786,5,0.786136085853266,0.850202085779023,Butyrate
butyrate_assembly_2021,SparCC,0.59,0.818169085816145,0.0320329999628786,5,0.786136085853266,0.850202085779023,Butyrate
butyrate_assembly_2021,SparCC,0.6,0.818169085816145,0.0320329999628786,5,0.786136085853266,0.850202085779023,Butyrate
butyrate_assembly_2021,SparCC,0.61,0.790896358543417,0.0378472733984415,5,0.753049085144976,0.828743631941859,Butyrate
butyrate_assembly_2021,SparCC,0.62,0.790896358543417,0.0378472733984415,5,0.753049085144976,0.828743631941859,Butyrate
butyrate_assembly_2021,SparCC,0.63,0.790896358543417,0.0378472733984415,5,0.753049085144976,0.828743631941859,Butyrate
butyrate_assembly_2021,SparCC,0.64,0.790896358543417,0.0378472733984415,5,0.753049085144976,0.828743631941859,Butyrate
butyrate_assembly_2021,SparCC,0.65,0.790896358543417,0.0378472733984415,5,0.753049085144976,0.828743631941859,Butyrate
butyrate_assembly_2021,SparCC,0.66,0.790896358543417,0.0378472733984415,5,0.753049085144976,0.828743631941859,Butyrate
butyrate_assembly_2021,SparCC,0.67,0.790896358543417,0.0378472733984415,5,0.753049085144976,0.828743631941859,Butyrate
butyrate_assembly_2021,SparCC,0.68,0.790896358543417,0.0378472733984415,5,0.753049085144976,0.828743631941859,Butyrate
butyrate_assembly_2021,SparCC,0.69,0.790896358543417,0.0378472733984415,5,0.753049085144976,0.828743631941859,Butyrate
butyrate_assembly_2021,SparCC,0.7,0.790896358543417,0.0378472733984415,5,0.753049085144976,0.828743631941859,Butyrate
butyrate_assembly_2021,SparCC,0.71,0.790896358543417,0.0378472733984415,5,0.753049085144976,0.828743631941859,Butyrate
butyrate_assembly_2021,SparCC,0.72,0.790896358543417,0.0378472733984415,5,0.753049085144976,0.828743631941859,Butyrate
butyrate_assembly_2021,SparCC,0.73,0.790896358543417,0.0378472733984415,5,0.753049085144976,0.828743631941859,Butyrate
butyrate_assembly_2021,SparCC,0.74,0.765975723622782,0.0223081610790097,5,0.743667562543773,0.788283884701792,Butyrate
butyrate_assembly_2021,SparCC,0.75,0.765975723622782,0.0223081610790097,5,0.743667562543773,0.788283884701792,Butyrate
butyrate_assembly_2021,SparCC,0.76,0.765975723622782,0.0223081610790097,5,0.743667562543773,0.788283884701792,Butyrate
butyrate_assembly_2021,SparCC,0.77,0.765975723622782,0.0223081610790097,5,0.743667562543773,0.788283884701792,Butyrate
butyrate_assembly_2021,SparCC,0.78,0.765975723622782,0.0223081610790097,5,0.743667562543773,0.788283884701792,Butyrate
butyrate_assembly_2021,SparCC,0.79,0.765975723622782,0.0223081610790097,5,0.743667562543773,0.788283884701792,Butyrate
butyrate_assembly_2021,SparCC,0.8,0.765975723622782,0.0223081610790097,5,0.743667562543773,0.788283884701792,Butyrate
butyrate_assembly_2021,SparCC,0.81,0.758916900093371,0.0206735424882884,5,0.738243357605082,0.779590442581659,Butyrate
butyrate_assembly_2021,SparCC,0.82,0.758916900093371,0.0206735424882884,5,0.738243357605082,0.779590442581659,Butyrate
butyrate_assembly_2021,SparCC,0.83,0.758916900093371,0.0206735424882884,5,0.738243357605082,0.779590442581659,Butyrate
butyrate_assembly_2021,SparCC,0.84,0.758916900093371,0.0206735424882884,5,0.738243357605082,0.779590442581659,Butyrate
butyrate_assembly_2021,SparCC,0.85,0.758916900093371,0.0206735424882884,5,0.738243357605082,0.779590442581659,Butyrate
butyrate_assembly_2021,SparCC,0.86,0.758916900093371,0.0206735424882884,5,0.738243357605082,0.779590442581659,Butyrate
butyrate_assembly_2021,SparCC,0.87,0.753344144675414,0.0210314210370505,5,0.732312723638363,0.774375565712465,Butyrate
butyrate_assembly_2021,SparCC,0.88,0.748638262322473,0.0173009882562077,5,0.731337274066265,0.765939250578681,Butyrate
butyrate_assembly_2021,SparCC,0.89,0.748638262322473,0.0173009882562077,5,0.731337274066265,0.765939250578681,Butyrate
butyrate_assembly_2021,SparCC,0.9,0.748638262322473,0.0173009882562077,5,0.731337274066265,0.765939250578681,Butyrate
butyrate_assembly_2021,SparCC,0.91,0.748638262322473,0.0173009882562077,5,0.731337274066265,0.765939250578681,Butyrate
butyrate_assembly_2021,SparCC,0.92,0.748638262322473,0.0173009882562077,5,0.731337274066265,0.765939250578681,Butyrate
butyrate_assembly_2021,SparCC,0.93,0.748638262322473,0.0173009882562077,5,0.731337274066265,0.765939250578681,Butyrate
butyrate_assembly_2021,SparCC,0.94,0.738571428571429,0.0168426087465023,5,0.721728819824926,0.755414037317931,Butyrate
butyrate_assembly_2021,SparCC,0.95,0.738571428571429,0.0168426087465023,5,0.721728819824926,0.755414037317931,Butyrate
butyrate_assembly_2021,SparCC,0.96,0.738571428571429,0.0168426087465023,5,0.721728819824926,0.755414037317931,Butyrate
butyrate_assembly_2021,SparCC,0.97,0.738571428571429,0.0168426087465023,5,0.721728819824926,0.755414037317931,Butyrate
butyrate_assembly_2021,SparCC,0.98,0.738571428571429,0.0168426087465023,5,0.721728819824926,0.755414037317931,Butyrate
butyrate_assembly_2021,SparCC,0.99,0.738571428571429,0.0168426087465023,5,0.721728819824926,0.755414037317931,Butyrate
butyrate_assembly_2021,SparCC,1,0.738571428571429,0.0168426087465023,5,0.721728819824926,0.755414037317931,Butyrate
butyrate_assembly_2021,PLNNetwork,0,1,0,5,1,1,Butyrate
butyrate_assembly_2021,PLNNetwork,0.01,0.975,0.025,5,0.95,1,Butyrate
butyrate_assembly_2021,PLNNetwork,0.02,0.975,0.025,5,0.95,1,Butyrate
butyrate_assembly_2021,PLNNetwork,0.03,0.975,0.025,5,0.95,1,Butyrate
butyrate_assembly_2021,PLNNetwork,0.04,0.975,0.025,5,0.95,1,Butyrate
butyrate_assembly_2021,PLNNetwork,0.05,0.975,0.025,5,0.95,1,Butyrate
butyrate_assembly_2021,PLNNetwork,0.06,0.975,0.025,5,0.95,1,Butyrate
butyrate_assembly_2021,PLNNetwork,0.07,0.9375,0.0395284707521047,5,0.897971529247895,0.977028470752105,Butyrate
butyrate_assembly_2021,PLNNetwork,0.08,0.9375,0.0395284707521047,5,0.897971529247895,0.977028470752105,Butyrate
butyrate_assembly_2021,PLNNetwork,0.09,0.9375,0.0395284707521047,5,0.897971529247895,0.977028470752105,Butyrate
butyrate_assembly_2021,PLNNetwork,0.1,0.9375,0.0395284707521047,5,0.897971529247895,0.977028470752105,Butyrate
butyrate_assembly_2021,PLNNetwork,0.11,0.9375,0.0395284707521047,5,0.897971529247895,0.977028470752105,Butyrate
butyrate_assembly_2021,PLNNetwork,0.12,0.9375,0.0395284707521047,5,0.897971529247895,0.977028470752105,Butyrate
butyrate_assembly_2021,PLNNetwork,0.13,0.9375,0.0395284707521047,5,0.897971529247895,0.977028470752105,Butyrate
butyrate_assembly_2021,PLNNetwork,0.14,0.904166666666667,0.0403973321451361,5,0.863769334521531,0.944563998811803,Butyrate
butyrate_assembly_2021,PLNNetwork,0.15,0.904166666666667,0.0403973321451361,5,0.863769334521531,0.944563998811803,Butyrate
butyrate_assembly_2021,PLNNetwork,0.16,0.904166666666667,0.0403973321451361,5,0.863769334521531,0.944563998811803,Butyrate
butyrate_assembly_2021,PLNNetwork,0.17,0.904166666666667,0.0403973321451361,5,0.863769334521531,0.944563998811803,Butyrate
butyrate_assembly_2021,PLNNetwork,0.18,0.904166666666667,0.0403973321451361,5,0.863769334521531,0.944563998811803,Butyrate
butyrate_assembly_2021,PLNNetwork,0.19,0.904166666666667,0.0403973321451361,5,0.863769334521531,0.944563998811803,Butyrate
butyrate_assembly_2021,PLNNetwork,0.2,0.904166666666667,0.0403973321451361,5,0.863769334521531,0.944563998811803,Butyrate
butyrate_assembly_2021,PLNNetwork,0.21,0.904166666666667,0.0403973321451361,5,0.863769334521531,0.944563998811803,Butyrate
butyrate_assembly_2021,PLNNetwork,0.22,0.904166666666667,0.0403973321451361,5,0.863769334521531,0.944563998811803,Butyrate
butyrate_assembly_2021,PLNNetwork,0.23,0.904166666666667,0.0403973321451361,5,0.863769334521531,0.944563998811803,Butyrate
butyrate_assembly_2021,PLNNetwork,0.24,0.904166666666667,0.0403973321451361,5,0.863769334521531,0.944563998811803,Butyrate
butyrate_assembly_2021,PLNNetwork,0.25,0.904166666666667,0.0403973321451361,5,0.863769334521531,0.944563998811803,Butyrate
butyrate_assembly_2021,PLNNetwork,0.26,0.870833333333333,0.0338501600193165,5,0.836983173314017,0.90468349335265,Butyrate
butyrate_assembly_2021,PLNNetwork,0.27,0.8375,0.0102062072615966,5,0.827293792738404,0.847706207261597,Butyrate
butyrate_assembly_2021,PLNNetwork,0.28,0.8375,0.0102062072615966,5,0.827293792738404,0.847706207261597,Butyrate
butyrate_assembly_2021,PLNNetwork,0.29,0.8375,0.0102062072615966,5,0.827293792738404,0.847706207261597,Butyrate
butyrate_assembly_2021,PLNNetwork,0.3,0.8375,0.0102062072615966,5,0.827293792738404,0.847706207261597,Butyrate
butyrate_assembly_2021,PLNNetwork,0.31,0.8375,0.0102062072615966,5,0.827293792738404,0.847706207261597,Butyrate
butyrate_assembly_2021,PLNNetwork,0.32,0.834469696969697,0.0109390371804497,5,0.823530659789247,0.845408734150147,Butyrate
butyrate_assembly_2021,PLNNetwork,0.33,0.834469696969697,0.0109390371804497,5,0.823530659789247,0.845408734150147,Butyrate
butyrate_assembly_2021,PLNNetwork,0.34,0.816691919191919,0.0161439692166188,5,0.8005479499753,0.832835888408538,Butyrate
butyrate_assembly_2021,PLNNetwork,0.35,0.816691919191919,0.0161439692166188,5,0.8005479499753,0.832835888408538,Butyrate
butyrate_assembly_2021,PLNNetwork,0.36,0.816691919191919,0.0161439692166188,5,0.8005479499753,0.832835888408538,Butyrate
butyrate_assembly_2021,PLNNetwork,0.37,0.816691919191919,0.0161439692166188,5,0.8005479499753,0.832835888408538,Butyrate
butyrate_assembly_2021,PLNNetwork,0.38,0.816691919191919,0.0161439692166188,5,0.8005479499753,0.832835888408538,Butyrate
butyrate_assembly_2021,PLNNetwork,0.39,0.816691919191919,0.0161439692166188,5,0.8005479499753,0.832835888408538,Butyrate
butyrate_assembly_2021,PLNNetwork,0.4,0.816691919191919,0.0161439692166188,5,0.8005479499753,0.832835888408538,Butyrate
butyrate_assembly_2021,PLNNetwork,0.41,0.816691919191919,0.0161439692166188,5,0.8005479499753,0.832835888408538,Butyrate
butyrate_assembly_2021,PLNNetwork,0.42,0.816691919191919,0.0161439692166188,5,0.8005479499753,0.832835888408538,Butyrate
butyrate_assembly_2021,PLNNetwork,0.43,0.816691919191919,0.0161439692166188,5,0.8005479499753,0.832835888408538,Butyrate
butyrate_assembly_2021,PLNNetwork,0.44,0.816691919191919,0.0161439692166188,5,0.8005479499753,0.832835888408538,Butyrate
butyrate_assembly_2021,PLNNetwork,0.45,0.816691919191919,0.0161439692166188,5,0.8005479499753,0.832835888408538,Butyrate
butyrate_assembly_2021,PLNNetwork,0.46,0.816691919191919,0.0161439692166188,5,0.8005479499753,0.832835888408538,Butyrate
butyrate_assembly_2021,PLNNetwork,0.47,0.801691919191919,0.00695105287035928,5,0.79474086632156,0.808642972062278,Butyrate
butyrate_assembly_2021,PLNNetwork,0.48,0.801691919191919,0.00695105287035928,5,0.79474086632156,0.808642972062278,Butyrate
butyrate_assembly_2021,PLNNetwork,0.49,0.801691919191919,0.00695105287035928,5,0.79474086632156,0.808642972062278,Butyrate
butyrate_assembly_2021,PLNNetwork,0.5,0.801691919191919,0.00695105287035928,5,0.79474086632156,0.808642972062278,Butyrate
butyrate_assembly_2021,PLNNetwork,0.51,0.801691919191919,0.00695105287035928,5,0.79474086632156,0.808642972062278,Butyrate
butyrate_assembly_2021,PLNNetwork,0.52,0.801691919191919,0.00695105287035928,5,0.79474086632156,0.808642972062278,Butyrate
butyrate_assembly_2021,PLNNetwork,0.53,0.801691919191919,0.00695105287035928,5,0.79474086632156,0.808642972062278,Butyrate
butyrate_assembly_2021,PLNNetwork,0.54,0.798834776334776,0.00767446602244612,5,0.79116031031233,0.806509242357223,Butyrate
butyrate_assembly_2021,PLNNetwork,0.55,0.798834776334776,0.00767446602244612,5,0.79116031031233,0.806509242357223,Butyrate
butyrate_assembly_2021,PLNNetwork,0.56,0.798834776334776,0.00767446602244612,5,0.79116031031233,0.806509242357223,Butyrate
butyrate_assembly_2021,PLNNetwork,0.57,0.793093149540518,0.00602677028307192,5,0.787066379257446,0.79911991982359,Butyrate
butyrate_assembly_2021,PLNNetwork,0.58,0.793093149540518,0.00602677028307192,5,0.787066379257446,0.79911991982359,Butyrate
butyrate_assembly_2021,PLNNetwork,0.59,0.793093149540518,0.00602677028307192,5,0.787066379257446,0.79911991982359,Butyrate
butyrate_assembly_2021,PLNNetwork,0.6,0.793093149540518,0.00602677028307192,5,0.787066379257446,0.79911991982359,Butyrate
butyrate_assembly_2021,PLNNetwork,0.61,0.793093149540518,0.00602677028307192,5,0.787066379257446,0.79911991982359,Butyrate
butyrate_assembly_2021,PLNNetwork,0.62,0.793093149540518,0.00602677028307192,5,0.787066379257446,0.79911991982359,Butyrate
butyrate_assembly_2021,PLNNetwork,0.63,0.793093149540518,0.00602677028307192,5,0.787066379257446,0.79911991982359,Butyrate
butyrate_assembly_2021,PLNNetwork,0.64,0.793093149540518,0.00602677028307192,5,0.787066379257446,0.79911991982359,Butyrate
butyrate_assembly_2021,PLNNetwork,0.65,0.793093149540518,0.00602677028307192,5,0.787066379257446,0.79911991982359,Butyrate
butyrate_assembly_2021,PLNNetwork,0.66,0.793093149540518,0.00602677028307192,5,0.787066379257446,0.79911991982359,Butyrate
butyrate_assembly_2021,PLNNetwork,0.67,0.793093149540518,0.00602677028307192,5,0.787066379257446,0.79911991982359,Butyrate
butyrate_assembly_2021,PLNNetwork,0.68,0.793093149540518,0.00602677028307192,5,0.787066379257446,0.79911991982359,Butyrate
butyrate_assembly_2021,PLNNetwork,0.69,0.793093149540518,0.00602677028307192,5,0.787066379257446,0.79911991982359,Butyrate
butyrate_assembly_2021,PLNNetwork,0.7,0.793093149540518,0.00602677028307192,5,0.787066379257446,0.79911991982359,Butyrate
butyrate_assembly_2021,PLNNetwork,0.71,0.793093149540518,0.00602677028307192,5,0.787066379257446,0.79911991982359,Butyrate
butyrate_assembly_2021,PLNNetwork,0.72,0.793093149540518,0.00602677028307192,5,0.787066379257446,0.79911991982359,Butyrate
butyrate_assembly_2021,PLNNetwork,0.73,0.793093149540518,0.00602677028307192,5,0.787066379257446,0.79911991982359,Butyrate
butyrate_assembly_2021,PLNNetwork,0.74,0.791505847953216,0.00668563590886456,5,0.784820212044352,0.798191483862081,Butyrate
butyrate_assembly_2021,PLNNetwork,0.75,0.791505847953216,0.00668563590886456,5,0.784820212044352,0.798191483862081,Butyrate
butyrate_assembly_2021,PLNNetwork,0.76,0.791505847953216,0.00668563590886456,5,0.784820212044352,0.798191483862081,Butyrate
butyrate_assembly_2021,PLNNetwork,0.77,0.791505847953216,0.00668563590886456,5,0.784820212044352,0.798191483862081,Butyrate
butyrate_assembly_2021,PLNNetwork,0.78,0.791505847953216,0.00668563590886456,5,0.784820212044352,0.798191483862081,Butyrate
butyrate_assembly_2021,PLNNetwork,0.79,0.791505847953216,0.00668563590886456,5,0.784820212044352,0.798191483862081,Butyrate
butyrate_assembly_2021,PLNNetwork,0.8,0.791505847953216,0.00668563590886456,5,0.784820212044352,0.798191483862081,Butyrate
butyrate_assembly_2021,PLNNetwork,0.81,0.787061403508772,0.00675091997348179,5,0.78031048353529,0.793812323482254,Butyrate
butyrate_assembly_2021,PLNNetwork,0.82,0.787061403508772,0.00675091997348179,5,0.78031048353529,0.793812323482254,Butyrate
butyrate_assembly_2021,PLNNetwork,0.83,0.787061403508772,0.00675091997348179,5,0.78031048353529,0.793812323482254,Butyrate
butyrate_assembly_2021,PLNNetwork,0.84,0.787061403508772,0.00675091997348179,5,0.78031048353529,0.793812323482254,Butyrate
butyrate_assembly_2021,PLNNetwork,0.85,0.787061403508772,0.00675091997348179,5,0.78031048353529,0.793812323482254,Butyrate
butyrate_assembly_2021,PLNNetwork,0.86,0.787061403508772,0.00675091997348179,5,0.78031048353529,0.793812323482254,Butyrate
butyrate_assembly_2021,PLNNetwork,0.87,0.782456140350877,0.00286490028395693,5,0.77959124006692,0.785321040634834,Butyrate
butyrate_assembly_2021,PLNNetwork,0.88,0.782456140350877,0.00286490028395693,5,0.77959124006692,0.785321040634834,Butyrate
butyrate_assembly_2021,PLNNetwork,0.89,0.782456140350877,0.00286490028395693,5,0.77959124006692,0.785321040634834,Butyrate
butyrate_assembly_2021,PLNNetwork,0.9,0.782456140350877,0.00286490028395693,5,0.77959124006692,0.785321040634834,Butyrate
butyrate_assembly_2021,PLNNetwork,0.91,0.782456140350877,0.00286490028395693,5,0.77959124006692,0.785321040634834,Butyrate
butyrate_assembly_2021,PLNNetwork,0.92,0.782456140350877,0.00286490028395693,5,0.77959124006692,0.785321040634834,Butyrate
butyrate_assembly_2021,PLNNetwork,0.93,0.782456140350877,0.00286490028395693,5,0.77959124006692,0.785321040634834,Butyrate
butyrate_assembly_2021,PLNNetwork,0.94,0.745989974937343,0.0144404189764512,5,0.731549555960892,0.760430393913795,Butyrate
butyrate_assembly_2021,PLNNetwork,0.95,0.745989974937343,0.0144404189764512,5,0.731549555960892,0.760430393913795,Butyrate
butyrate_assembly_2021,PLNNetwork,0.96,0.745989974937343,0.0144404189764512,5,0.731549555960892,0.760430393913795,Butyrate
butyrate_assembly_2021,PLNNetwork,0.97,0.745989974937343,0.0144404189764512,5,0.731549555960892,0.760430393913795,Butyrate
butyrate_assembly_2021,PLNNetwork,0.98,0.745989974937343,0.0144404189764512,5,0.731549555960892,0.760430393913795,Butyrate
butyrate_assembly_2021,PLNNetwork,0.99,0.745989974937343,0.0144404189764512,5,0.731549555960892,0.760430393913795,Butyrate
butyrate_assembly_2021,PLNNetwork,1,0.745989974937343,0.0144404189764512,5,0.731549555960892,0.760430393913795,Butyrate
butyrate_assembly_2021,SPIEC-EASI,0,1,0,5,1,1,Butyrate
butyrate_assembly_2021,SPIEC-EASI,0.01,0.96,0.04,5,0.92,1,Butyrate
butyrate_assembly_2021,SPIEC-EASI,0.02,0.96,0.04,5,0.92,1,Butyrate
butyrate_assembly_2021,SPIEC-EASI,0.03,0.96,0.04,5,0.92,1,Butyrate
butyrate_assembly_2021,SPIEC-EASI,0.04,0.96,0.04,5,0.92,1,Butyrate
butyrate_assembly_2021,SPIEC-EASI,0.05,0.96,0.04,5,0.92,1,Butyrate
butyrate_assembly_2021,SPIEC-EASI,0.06,0.96,0.04,5,0.92,1,Butyrate
butyrate_assembly_2021,SPIEC-EASI,0.07,0.88,0.0489897948556636,5,0.831010205144336,0.928989794855664,Butyrate
butyrate_assembly_2021,SPIEC-EASI,0.08,0.88,0.0489897948556636,5,0.831010205144336,0.928989794855664,Butyrate
butyrate_assembly_2021,SPIEC-EASI,0.09,0.88,0.0489897948556636,5,0.831010205144336,0.928989794855664,Butyrate
butyrate_assembly_2021,SPIEC-EASI,0.1,0.88,0.0489897948556636,5,0.831010205144336,0.928989794855664,Butyrate
butyrate_assembly_2021,SPIEC-EASI,0.11,0.88,0.0489897948556636,5,0.831010205144336,0.928989794855664,Butyrate
butyrate_assembly_2021,SPIEC-EASI,0.12,0.88,0.0489897948556636,5,0.831010205144336,0.928989794855664,Butyrate
butyrate_assembly_2021,SPIEC-EASI,0.13,0.88,0.0489897948556636,5,0.831010205144336,0.928989794855664,Butyrate
butyrate_assembly_2021,SPIEC-EASI,0.14,0.88,0.0489897948556636,5,0.831010205144336,0.928989794855664,Butyrate
butyrate_assembly_2021,SPIEC-EASI,0.15,0.88,0.0489897948556636,5,0.831010205144336,0.928989794855664,Butyrate
butyrate_assembly_2021,SPIEC-EASI,0.16,0.88,0.0489897948556636,5,0.831010205144336,0.928989794855664,Butyrate
butyrate_assembly_2021,SPIEC-EASI,0.17,0.88,0.0489897948556636,5,0.831010205144336,0.928989794855664,Butyrate
butyrate_assembly_2021,SPIEC-EASI,0.18,0.88,0.0489897948556636,5,0.831010205144336,0.928989794855664,Butyrate
butyrate_assembly_2021,SPIEC-EASI,0.19,0.88,0.0489897948556636,5,0.831010205144336,0.928989794855664,Butyrate
butyrate_assembly_2021,SPIEC-EASI,0.2,0.88,0.0489897948556636,5,0.831010205144336,0.928989794855664,Butyrate
butyrate_assembly_2021,SPIEC-EASI,0.21,0.846666666666667,0.038873012632302,5,0.807793654034365,0.885539679298969,Butyrate
butyrate_assembly_2021,SPIEC-EASI,0.22,0.846666666666667,0.038873012632302,5,0.807793654034365,0.885539679298969,Butyrate
butyrate_assembly_2021,SPIEC-EASI,0.23,0.846666666666667,0.038873012632302,5,0.807793654034365,0.885539679298969,Butyrate
butyrate_assembly_2021,SPIEC-EASI,0.24,0.846666666666667,0.038873012632302,5,0.807793654034365,0.885539679298969,Butyrate
butyrate_assembly_2021,SPIEC-EASI,0.25,0.846666666666667,0.038873012632302,5,0.807793654034365,0.885539679298969,Butyrate
butyrate_assembly_2021,SPIEC-EASI,0.26,0.846666666666667,0.038873012632302,5,0.807793654034365,0.885539679298969,Butyrate
butyrate_assembly_2021,SPIEC-EASI,0.27,0.836666666666667,0.0429469957557504,5,0.793719670910916,0.879613662422417,Butyrate
butyrate_assembly_2021,SPIEC-EASI,0.28,0.836666666666667,0.0429469957557504,5,0.793719670910916,0.879613662422417,Butyrate
butyrate_assembly_2021,SPIEC-EASI,0.29,0.836666666666667,0.0429469957557504,5,0.793719670910916,0.879613662422417,Butyrate
butyrate_assembly_2021,SPIEC-EASI,0.3,0.836666666666667,0.0429469957557504,5,0.793719670910916,0.879613662422417,Butyrate
butyrate_assembly_2021,SPIEC-EASI,0.31,0.836666666666667,0.0429469957557504,5,0.793719670910916,0.879613662422417,Butyrate
butyrate_assembly_2021,SPIEC-EASI,0.32,0.836666666666667,0.0429469957557504,5,0.793719670910916,0.879613662422417,Butyrate
butyrate_assembly_2021,SPIEC-EASI,0.33,0.836666666666667,0.0429469957557504,5,0.793719670910916,0.879613662422417,Butyrate
butyrate_assembly_2021,SPIEC-EASI,0.34,0.836666666666667,0.0429469957557504,5,0.793719670910916,0.879613662422417,Butyrate
butyrate_assembly_2021,SPIEC-EASI,0.35,0.836666666666667,0.0429469957557504,5,0.793719670910916,0.879613662422417,Butyrate
butyrate_assembly_2021,SPIEC-EASI,0.36,0.836666666666667,0.0429469957557504,5,0.793719670910916,0.879613662422417,Butyrate
butyrate_assembly_2021,SPIEC-EASI,0.37,0.836666666666667,0.0429469957557504,5,0.793719670910916,0.879613662422417,Butyrate
butyrate_assembly_2021,SPIEC-EASI,0.38,0.836666666666667,0.0429469957557504,5,0.793719670910916,0.879613662422417,Butyrate
butyrate_assembly_2021,SPIEC-EASI,0.39,0.836666666666667,0.0429469957557504,5,0.793719670910916,0.879613662422417,Butyrate
butyrate_assembly_2021,SPIEC-EASI,0.4,0.836666666666667,0.0429469957557504,5,0.793719670910916,0.879613662422417,Butyrate
butyrate_assembly_2021,SPIEC-EASI,0.41,0.836666666666667,0.0429469957557504,5,0.793719670910916,0.879613662422417,Butyrate
butyrate_assembly_2021,SPIEC-EASI,0.42,0.836666666666667,0.0429469957557504,5,0.793719670910916,0.879613662422417,Butyrate
butyrate_assembly_2021,SPIEC-EASI,0.43,0.836666666666667,0.0429469957557504,5,0.793719670910916,0.879613662422417,Butyrate
butyrate_assembly_2021,SPIEC-EASI,0.44,0.836666666666667,0.0429469957557504,5,0.793719670910916,0.879613662422417,Butyrate
butyrate_assembly_2021,SPIEC-EASI,0.45,0.836666666666667,0.0429469957557504,5,0.793719670910916,0.879613662422417,Butyrate
butyrate_assembly_2021,SPIEC-EASI,0.46,0.836666666666667,0.0429469957557504,5,0.793719670910916,0.879613662422417,Butyrate
butyrate_assembly_2021,SPIEC-EASI,0.47,0.836666666666667,0.0429469957557504,5,0.793719670910916,0.879613662422417,Butyrate
butyrate_assembly_2021,SPIEC-EASI,0.48,0.836666666666667,0.0429469957557504,5,0.793719670910916,0.879613662422417,Butyrate
butyrate_assembly_2021,SPIEC-EASI,0.49,0.836666666666667,0.0429469957557504,5,0.793719670910916,0.879613662422417,Butyrate
butyrate_assembly_2021,SPIEC-EASI,0.5,0.836666666666667,0.0429469957557504,5,0.793719670910916,0.879613662422417,Butyrate
butyrate_assembly_2021,SPIEC-EASI,0.51,0.829047619047619,0.045190451101403,5,0.783857167946216,0.874238070149022,Butyrate
butyrate_assembly_2021,SPIEC-EASI,0.52,0.829047619047619,0.045190451101403,5,0.783857167946216,0.874238070149022,Butyrate
butyrate_assembly_2021,SPIEC-EASI,0.53,0.829047619047619,0.045190451101403,5,0.783857167946216,0.874238070149022,Butyrate
butyrate_assembly_2021,SPIEC-EASI,0.54,0.826190476190476,0.0457366016959489,5,0.780453874494527,0.871927077886425,Butyrate
butyrate_assembly_2021,SPIEC-EASI,0.55,0.826190476190476,0.0457366016959489,5,0.780453874494527,0.871927077886425,Butyrate
butyrate_assembly_2021,SPIEC-EASI,0.56,0.826190476190476,0.0457366016959489,5,0.780453874494527,0.871927077886425,Butyrate
butyrate_assembly_2021,SPIEC-EASI,0.57,0.826190476190476,0.0457366016959489,5,0.780453874494527,0.871927077886425,Butyrate
butyrate_assembly_2021,SPIEC-EASI,0.58,0.826190476190476,0.0457366016959489,5,0.780453874494527,0.871927077886425,Butyrate
butyrate_assembly_2021,SPIEC-EASI,0.59,0.826190476190476,0.0457366016959489,5,0.780453874494527,0.871927077886425,Butyrate
butyrate_assembly_2021,SPIEC-EASI,0.6,0.826190476190476,0.0457366016959489,5,0.780453874494527,0.871927077886425,Butyrate
butyrate_assembly_2021,SPIEC-EASI,0.61,0.79952380952381,0.0220337815262082,5,0.777490027997601,0.821557591050018,Butyrate
butyrate_assembly_2021,SPIEC-EASI,0.62,0.79952380952381,0.0220337815262082,5,0.777490027997601,0.821557591050018,Butyrate
butyrate_assembly_2021,SPIEC-EASI,0.63,0.79952380952381,0.0220337815262082,5,0.777490027997601,0.821557591050018,Butyrate
butyrate_assembly_2021,SPIEC-EASI,0.64,0.79952380952381,0.0220337815262082,5,0.777490027997601,0.821557591050018,Butyrate
butyrate_assembly_2021,SPIEC-EASI,0.65,0.79952380952381,0.0220337815262082,5,0.777490027997601,0.821557591050018,Butyrate
butyrate_assembly_2021,SPIEC-EASI,0.66,0.79952380952381,0.0220337815262082,5,0.777490027997601,0.821557591050018,Butyrate
butyrate_assembly_2021,SPIEC-EASI,0.67,0.792857142857143,0.0204262957995497,5,0.772430847057593,0.813283438656693,Butyrate
butyrate_assembly_2021,SPIEC-EASI,0.68,0.792857142857143,0.0204262957995497,5,0.772430847057593,0.813283438656693,Butyrate
butyrate_assembly_2021,SPIEC-EASI,0.69,0.792857142857143,0.0204262957995497,5,0.772430847057593,0.813283438656693,Butyrate
butyrate_assembly_2021,SPIEC-EASI,0.7,0.792857142857143,0.0204262957995497,5,0.772430847057593,0.813283438656693,Butyrate
butyrate_assembly_2021,SPIEC-EASI,0.71,0.792857142857143,0.0204262957995497,5,0.772430847057593,0.813283438656693,Butyrate
butyrate_assembly_2021,SPIEC-EASI,0.72,0.792857142857143,0.0204262957995497,5,0.772430847057593,0.813283438656693,Butyrate
butyrate_assembly_2021,SPIEC-EASI,0.73,0.792857142857143,0.0204262957995497,5,0.772430847057593,0.813283438656693,Butyrate
butyrate_assembly_2021,SPIEC-EASI,0.74,0.778571428571429,0.0259294350286895,5,0.752641993542739,0.804500863600118,Butyrate
butyrate_assembly_2021,SPIEC-EASI,0.75,0.778571428571429,0.0259294350286895,5,0.752641993542739,0.804500863600118,Butyrate
butyrate_assembly_2021,SPIEC-EASI,0.76,0.778571428571429,0.0259294350286895,5,0.752641993542739,0.804500863600118,Butyrate
butyrate_assembly_2021,SPIEC-EASI,0.77,0.778571428571429,0.0259294350286895,5,0.752641993542739,0.804500863600118,Butyrate
butyrate_assembly_2021,SPIEC-EASI,0.78,0.778571428571429,0.0259294350286895,5,0.752641993542739,0.804500863600118,Butyrate
butyrate_assembly_2021,SPIEC-EASI,0.79,0.778571428571429,0.0259294350286895,5,0.752641993542739,0.804500863600118,Butyrate
butyrate_assembly_2021,SPIEC-EASI,0.8,0.778571428571429,0.0259294350286895,5,0.752641993542739,0.804500863600118,Butyrate
butyrate_assembly_2021,SPIEC-EASI,0.81,0.761428571428572,0.0279739107480467,5,0.733454660680525,0.789402482176618,Butyrate
butyrate_assembly_2021,SPIEC-EASI,0.82,0.761428571428572,0.0279739107480467,5,0.733454660680525,0.789402482176618,Butyrate
butyrate_assembly_2021,SPIEC-EASI,0.83,0.761428571428572,0.0279739107480467,5,0.733454660680525,0.789402482176618,Butyrate
butyrate_assembly_2021,SPIEC-EASI,0.84,0.761428571428572,0.0279739107480467,5,0.733454660680525,0.789402482176618,Butyrate
butyrate_assembly_2021,SPIEC-EASI,0.85,0.761428571428572,0.0279739107480467,5,0.733454660680525,0.789402482176618,Butyrate
butyrate_assembly_2021,SPIEC-EASI,0.86,0.761428571428572,0.0279739107480467,5,0.733454660680525,0.789402482176618,Butyrate
butyrate_assembly_2021,SPIEC-EASI,0.87,0.743650793650794,0.0127726007455802,5,0.730878192905214,0.756423394396374,Butyrate
butyrate_assembly_2021,SPIEC-EASI,0.88,0.743650793650794,0.0127726007455802,5,0.730878192905214,0.756423394396374,Butyrate
butyrate_assembly_2021,SPIEC-EASI,0.89,0.743650793650794,0.0127726007455802,5,0.730878192905214,0.756423394396374,Butyrate
butyrate_assembly_2021,SPIEC-EASI,0.9,0.743650793650794,0.0127726007455802,5,0.730878192905214,0.756423394396374,Butyrate
butyrate_assembly_2021,SPIEC-EASI,0.91,0.743650793650794,0.0127726007455802,5,0.730878192905214,0.756423394396374,Butyrate
butyrate_assembly_2021,SPIEC-EASI,0.92,0.743650793650794,0.0127726007455802,5,0.730878192905214,0.756423394396374,Butyrate
butyrate_assembly_2021,SPIEC-EASI,0.93,0.743650793650794,0.0127726007455802,5,0.730878192905214,0.756423394396374,Butyrate
butyrate_assembly_2021,SPIEC-EASI,0.94,0.738095238095238,0.00996023841111994,5,0.728134999684118,0.748055476506358,Butyrate
butyrate_assembly_2021,SPIEC-EASI,0.95,0.738095238095238,0.00996023841111994,5,0.728134999684118,0.748055476506358,Butyrate
butyrate_assembly_2021,SPIEC-EASI,0.96,0.738095238095238,0.00996023841111994,5,0.728134999684118,0.748055476506358,Butyrate
butyrate_assembly_2021,SPIEC-EASI,0.97,0.738095238095238,0.00996023841111994,5,0.728134999684118,0.748055476506358,Butyrate
butyrate_assembly_2021,SPIEC-EASI,0.98,0.738095238095238,0.00996023841111994,5,0.728134999684118,0.748055476506358,Butyrate
butyrate_assembly_2021,SPIEC-EASI,0.99,0.738095238095238,0.00996023841111994,5,0.728134999684118,0.748055476506358,Butyrate
butyrate_assembly_2021,SPIEC-EASI,1,0.738095238095238,0.00996023841111994,5,0.728134999684118,0.748055476506358,Butyrate
carlstrom_phyllosphere_2019,LENS,0,1,0,5,1,1,Carlström
carlstrom_phyllosphere_2019,LENS,0.01,0.81025641025641,0.124458062559093,5,0.685798347697317,0.934714472815504,Carlström
carlstrom_phyllosphere_2019,LENS,0.02,0.81025641025641,0.124458062559093,5,0.685798347697317,0.934714472815504,Carlström
carlstrom_phyllosphere_2019,LENS,0.03,0.81025641025641,0.124458062559093,5,0.685798347697317,0.934714472815504,Carlström
carlstrom_phyllosphere_2019,LENS,0.04,0.81025641025641,0.124458062559093,5,0.685798347697317,0.934714472815504,Carlström
carlstrom_phyllosphere_2019,LENS,0.05,0.517529137529138,0.0583738277205506,5,0.459155309808587,0.575902965249688,Carlström
carlstrom_phyllosphere_2019,LENS,0.06,0.517529137529138,0.0583738277205506,5,0.459155309808587,0.575902965249688,Carlström
carlstrom_phyllosphere_2019,LENS,0.07,0.517529137529138,0.0583738277205506,5,0.459155309808587,0.575902965249688,Carlström
carlstrom_phyllosphere_2019,LENS,0.08,0.517529137529138,0.0583738277205506,5,0.459155309808587,0.575902965249688,Carlström
carlstrom_phyllosphere_2019,LENS,0.09,0.444956673761022,0.0564494494100823,5,0.388507224350939,0.501406123171104,Carlström
carlstrom_phyllosphere_2019,LENS,0.1,0.444956673761022,0.0564494494100823,5,0.388507224350939,0.501406123171104,Carlström
carlstrom_phyllosphere_2019,LENS,0.11,0.444956673761022,0.0564494494100823,5,0.388507224350939,0.501406123171104,Carlström
carlstrom_phyllosphere_2019,LENS,0.12,0.444956673761022,0.0564494494100823,5,0.388507224350939,0.501406123171104,Carlström
carlstrom_phyllosphere_2019,LENS,0.13,0.444956673761022,0.0564494494100823,5,0.388507224350939,0.501406123171104,Carlström
carlstrom_phyllosphere_2019,LENS,0.14,0.444956673761022,0.0564494494100823,5,0.388507224350939,0.501406123171104,Carlström
carlstrom_phyllosphere_2019,LENS,0.15,0.444956673761022,0.0564494494100823,5,0.388507224350939,0.501406123171104,Carlström
carlstrom_phyllosphere_2019,LENS,0.16,0.444956673761022,0.0564494494100823,5,0.388507224350939,0.501406123171104,Carlström
carlstrom_phyllosphere_2019,LENS,0.17,0.428290007094355,0.0548235691209028,5,0.373466437973452,0.483113576215258,Carlström
carlstrom_phyllosphere_2019,LENS,0.18,0.428290007094355,0.0548235691209028,5,0.373466437973452,0.483113576215258,Carlström
carlstrom_phyllosphere_2019,LENS,0.19,0.428290007094355,0.0548235691209028,5,0.373466437973452,0.483113576215258,Carlström
carlstrom_phyllosphere_2019,LENS,0.2,0.428290007094355,0.0548235691209028,5,0.373466437973452,0.483113576215258,Carlström
carlstrom_phyllosphere_2019,LENS,0.21,0.403390739695088,0.067453944770391,5,0.335936794924697,0.470844684465479,Carlström
carlstrom_phyllosphere_2019,LENS,0.22,0.403390739695088,0.067453944770391,5,0.335936794924697,0.470844684465479,Carlström
carlstrom_phyllosphere_2019,LENS,0.23,0.403390739695088,0.067453944770391,5,0.335936794924697,0.470844684465479,Carlström
carlstrom_phyllosphere_2019,LENS,0.24,0.403390739695088,0.067453944770391,5,0.335936794924697,0.470844684465479,Carlström
carlstrom_phyllosphere_2019,LENS,0.25,0.402074950221403,0.0676050596127721,5,0.334469890608631,0.469680009834175,Carlström
carlstrom_phyllosphere_2019,LENS,0.26,0.402074950221403,0.0676050596127721,5,0.334469890608631,0.469680009834175,Carlström
carlstrom_phyllosphere_2019,LENS,0.27,0.402074950221403,0.0676050596127721,5,0.334469890608631,0.469680009834175,Carlström
carlstrom_phyllosphere_2019,LENS,0.28,0.402074950221403,0.0676050596127721,5,0.334469890608631,0.469680009834175,Carlström
carlstrom_phyllosphere_2019,LENS,0.29,0.392390739695088,0.069477937026152,5,0.322912802668936,0.46186867672124,Carlström
carlstrom_phyllosphere_2019,LENS,0.3,0.359235659481184,0.0433817081022432,5,0.315853951378941,0.402617367583427,Carlström
carlstrom_phyllosphere_2019,LENS,0.31,0.359235659481184,0.0433817081022432,5,0.315853951378941,0.402617367583427,Carlström
carlstrom_phyllosphere_2019,LENS,0.32,0.359235659481184,0.0433817081022432,5,0.315853951378941,0.402617367583427,Carlström
carlstrom_phyllosphere_2019,LENS,0.33,0.350235659481184,0.0462550869152093,5,0.303980572565975,0.396490746396393,Carlström
carlstrom_phyllosphere_2019,LENS,0.34,0.314182528551393,0.0356345019414271,5,0.278548026609966,0.34981703049282,Carlström
carlstrom_phyllosphere_2019,LENS,0.35,0.314182528551393,0.0356345019414271,5,0.278548026609966,0.34981703049282,Carlström
carlstrom_phyllosphere_2019,LENS,0.36,0.314182528551393,0.0356345019414271,5,0.278548026609966,0.34981703049282,Carlström
carlstrom_phyllosphere_2019,LENS,0.37,0.314182528551393,0.0356345019414271,5,0.278548026609966,0.34981703049282,Carlström
carlstrom_phyllosphere_2019,LENS,0.38,0.280634920634921,0.0350218140997434,5,0.245613106535177,0.315656734734664,Carlström
carlstrom_phyllosphere_2019,LENS,0.39,0.280634920634921,0.0350218140997434,5,0.245613106535177,0.315656734734664,Carlström
carlstrom_phyllosphere_2019,LENS,0.4,0.280634920634921,0.0350218140997434,5,0.245613106535177,0.315656734734664,Carlström
carlstrom_phyllosphere_2019,LENS,0.41,0.279206349206349,0.0338128305261251,5,0.245393518680224,0.313019179732474,Carlström
carlstrom_phyllosphere_2019,LENS,0.42,0.278080223080223,0.0344162991276863,5,0.243663923952537,0.312496522207909,Carlström
carlstrom_phyllosphere_2019,LENS,0.43,0.278080223080223,0.0344162991276863,5,0.243663923952537,0.312496522207909,Carlström
carlstrom_phyllosphere_2019,LENS,0.44,0.278080223080223,0.0344162991276863,5,0.243663923952537,0.312496522207909,Carlström
carlstrom_phyllosphere_2019,LENS,0.45,0.265720915720916,0.0253221263950528,5,0.240398789325863,0.291043042115969,Carlström
carlstrom_phyllosphere_2019,LENS,0.46,0.263146389975658,0.0244245903768385,5,0.23872179959882,0.287570980352497,Carlström
carlstrom_phyllosphere_2019,LENS,0.47,0.263146389975658,0.0244245903768385,5,0.23872179959882,0.287570980352497,Carlström
carlstrom_phyllosphere_2019,LENS,0.48,0.263146389975658,0.0244245903768385,5,0.23872179959882,0.287570980352497,Carlström
carlstrom_phyllosphere_2019,LENS,0.49,0.25355081011692,0.0248906693505845,5,0.228660140766336,0.278441479467505,Carlström
carlstrom_phyllosphere_2019,LENS,0.5,0.25355081011692,0.0248906693505845,5,0.228660140766336,0.278441479467505,Carlström
carlstrom_phyllosphere_2019,LENS,0.51,0.245923315660158,0.0229887818458408,5,0.222934533814317,0.268912097505999,Carlström
carlstrom_phyllosphere_2019,LENS,0.52,0.245923315660158,0.0229887818458408,5,0.222934533814317,0.268912097505999,Carlström
carlstrom_phyllosphere_2019,LENS,0.53,0.236923315660158,0.0159260481986703,5,0.220997267461487,0.252849363858828,Carlström
carlstrom_phyllosphere_2019,LENS,0.54,0.236923315660158,0.0159260481986703,5,0.220997267461487,0.252849363858828,Carlström
carlstrom_phyllosphere_2019,LENS,0.55,0.236923315660158,0.0159260481986703,5,0.220997267461487,0.252849363858828,Carlström
carlstrom_phyllosphere_2019,LENS,0.56,0.236923315660158,0.0159260481986703,5,0.220997267461487,0.252849363858828,Carlström
carlstrom_phyllosphere_2019,LENS,0.57,0.224401576529723,0.0118631977191328,5,0.21253837881059,0.236264774248856,Carlström
carlstrom_phyllosphere_2019,LENS,0.58,0.224401576529723,0.0118631977191328,5,0.21253837881059,0.236264774248856,Carlström
carlstrom_phyllosphere_2019,LENS,0.59,0.215992485620632,0.0092036386688731,5,0.206788846951759,0.225196124289505,Carlström
carlstrom_phyllosphere_2019,LENS,0.6,0.215992485620632,0.0092036386688731,5,0.206788846951759,0.225196124289505,Carlström
carlstrom_phyllosphere_2019,LENS,0.61,0.209852134743439,0.0134011200742972,5,0.196451014669142,0.223253254817736,Carlström
carlstrom_phyllosphere_2019,LENS,0.62,0.209852134743439,0.0134011200742972,5,0.196451014669142,0.223253254817736,Carlström
carlstrom_phyllosphere_2019,LENS,0.63,0.207947957839262,0.013784875792444,5,0.194163082046818,0.221732833631706,Carlström
carlstrom_phyllosphere_2019,LENS,0.64,0.207947957839262,0.013784875792444,5,0.194163082046818,0.221732833631706,Carlström
carlstrom_phyllosphere_2019,LENS,0.65,0.206519386410691,0.0127289608361281,5,0.193790425574563,0.219248347246819,Carlström
carlstrom_phyllosphere_2019,LENS,0.66,0.206519386410691,0.0127289608361281,5,0.193790425574563,0.219248347246819,Carlström
carlstrom_phyllosphere_2019,LENS,0.67,0.206519386410691,0.0127289608361281,5,0.193790425574563,0.219248347246819,Carlström
carlstrom_phyllosphere_2019,LENS,0.68,0.206519386410691,0.0127289608361281,5,0.193790425574563,0.219248347246819,Carlström
carlstrom_phyllosphere_2019,LENS,0.69,0.204701204592509,0.0115020826396536,5,0.193199121952855,0.216203287232163,Carlström
carlstrom_phyllosphere_2019,LENS,0.7,0.204701204592509,0.0115020826396536,5,0.193199121952855,0.216203287232163,Carlström
carlstrom_phyllosphere_2019,LENS,0.71,0.191186717594272,0.0152083775435037,5,0.175978340050769,0.206395095137776,Carlström
carlstrom_phyllosphere_2019,LENS,0.72,0.191186717594272,0.0152083775435037,5,0.175978340050769,0.206395095137776,Carlström
carlstrom_phyllosphere_2019,LENS,0.73,0.189139353193967,0.0138527454209276,5,0.175286607773039,0.202992098614894,Carlström
carlstrom_phyllosphere_2019,LENS,0.74,0.189139353193967,0.0138527454209276,5,0.175286607773039,0.202992098614894,Carlström
carlstrom_phyllosphere_2019,LENS,0.75,0.189139353193967,0.0138527454209276,5,0.175286607773039,0.202992098614894,Carlström
carlstrom_phyllosphere_2019,LENS,0.76,0.185899742032996,0.0149503399966685,5,0.170949402036327,0.200850082029664,Carlström
carlstrom_phyllosphere_2019,LENS,0.77,0.181970558709181,0.0128461750032016,5,0.169124383705979,0.194816733712382,Carlström
carlstrom_phyllosphere_2019,LENS,0.78,0.181970558709181,0.0128461750032016,5,0.169124383705979,0.194816733712382,Carlström
carlstrom_phyllosphere_2019,LENS,0.79,0.181970558709181,0.0128461750032016,5,0.169124383705979,0.194816733712382,Carlström
carlstrom_phyllosphere_2019,LENS,0.8,0.181785373523996,0.0128692732501243,5,0.168916100273871,0.19465464677412,Carlström
carlstrom_phyllosphere_2019,LENS,0.81,0.178502382181383,0.012107763749968,5,0.166394618431415,0.190610145931351,Carlström
carlstrom_phyllosphere_2019,LENS,0.82,0.178502382181383,0.012107763749968,5,0.166394618431415,0.190610145931351,Carlström
carlstrom_phyllosphere_2019,LENS,0.83,0.178502382181383,0.012107763749968,5,0.166394618431415,0.190610145931351,Carlström
carlstrom_phyllosphere_2019,LENS,0.84,0.178270819130792,0.0122644376184719,5,0.16600638151232,0.190535256749263,Carlström
carlstrom_phyllosphere_2019,LENS,0.85,0.176671096652566,0.0114122658868753,5,0.165258830765691,0.188083362539442,Carlström
carlstrom_phyllosphere_2019,LENS,0.86,0.176671096652566,0.0114122658868753,5,0.165258830765691,0.188083362539442,Carlström
carlstrom_phyllosphere_2019,LENS,0.87,0.176671096652566,0.0114122658868753,5,0.165258830765691,0.188083362539442,Carlström
carlstrom_phyllosphere_2019,LENS,0.88,0.174244040949648,0.0121021251464311,5,0.162141915803217,0.18634616609608,Carlström
carlstrom_phyllosphere_2019,LENS,0.89,0.171287644778224,0.0107532254402382,5,0.160534419337986,0.182040870218462,Carlström
carlstrom_phyllosphere_2019,LENS,0.9,0.171287644778224,0.0107532254402382,5,0.160534419337986,0.182040870218462,Carlström
carlstrom_phyllosphere_2019,LENS,0.91,0.171287644778224,0.0107532254402382,5,0.160534419337986,0.182040870218462,Carlström
carlstrom_phyllosphere_2019,LENS,0.92,0.170989493317282,0.0109650390777772,5,0.160024454239505,0.181954532395059,Carlström
carlstrom_phyllosphere_2019,LENS,0.93,0.166260443829493,0.00836024405145725,5,0.157900199778036,0.17462068788095,Carlström
carlstrom_phyllosphere_2019,LENS,0.94,0.166260443829493,0.00836024405145725,5,0.157900199778036,0.17462068788095,Carlström
carlstrom_phyllosphere_2019,LENS,0.95,0.166260443829493,0.00836024405145725,5,0.157900199778036,0.17462068788095,Carlström
carlstrom_phyllosphere_2019,LENS,0.96,0.165803822824927,0.00836716429871814,5,0.157436658526208,0.174170987123645,Carlström
carlstrom_phyllosphere_2019,LENS,0.97,0.163151412664493,0.00767939854227398,5,0.155472014122219,0.170830811206766,Carlström
carlstrom_phyllosphere_2019,LENS,0.98,0.163151412664493,0.00767939854227398,5,0.155472014122219,0.170830811206766,Carlström
carlstrom_phyllosphere_2019,LENS,0.99,0.163151412664493,0.00767939854227398,5,0.155472014122219,0.170830811206766,Carlström
carlstrom_phyllosphere_2019,LENS,1,0.163151412664493,0.00767939854227398,5,0.155472014122219,0.170830811206766,Carlström
carlstrom_phyllosphere_2019,OneNet,0,1,0,5,1,1,Carlström
carlstrom_phyllosphere_2019,OneNet,0.01,0.351748659803596,0.163346850118785,5,0.188401809684811,0.515095509922381,Carlström
carlstrom_phyllosphere_2019,OneNet,0.02,0.351748659803596,0.163346850118785,5,0.188401809684811,0.515095509922381,Carlström
carlstrom_phyllosphere_2019,OneNet,0.03,0.351748659803596,0.163346850118785,5,0.188401809684811,0.515095509922381,Carlström
carlstrom_phyllosphere_2019,OneNet,0.04,0.351748659803596,0.163346850118785,5,0.188401809684811,0.515095509922381,Carlström
carlstrom_phyllosphere_2019,OneNet,0.05,0.165186690363868,0.0240657239400869,5,0.141120966423781,0.189252414303955,Carlström
carlstrom_phyllosphere_2019,OneNet,0.06,0.165186690363868,0.0240657239400869,5,0.141120966423781,0.189252414303955,Carlström
carlstrom_phyllosphere_2019,OneNet,0.07,0.165186690363868,0.0240657239400869,5,0.141120966423781,0.189252414303955,Carlström
carlstrom_phyllosphere_2019,OneNet,0.08,0.165186690363868,0.0240657239400869,5,0.141120966423781,0.189252414303955,Carlström
carlstrom_phyllosphere_2019,OneNet,0.09,0.165186690363868,0.0240657239400869,5,0.141120966423781,0.189252414303955,Carlström
carlstrom_phyllosphere_2019,OneNet,0.1,0.165186690363868,0.0240657239400869,5,0.141120966423781,0.189252414303955,Carlström
carlstrom_phyllosphere_2019,OneNet,0.11,0.165186690363868,0.0240657239400869,5,0.141120966423781,0.189252414303955,Carlström
carlstrom_phyllosphere_2019,OneNet,0.12,0.165186690363868,0.0240657239400869,5,0.141120966423781,0.189252414303955,Carlström
carlstrom_phyllosphere_2019,OneNet,0.13,0.165186690363868,0.0240657239400869,5,0.141120966423781,0.189252414303955,Carlström
carlstrom_phyllosphere_2019,OneNet,0.14,0.165186690363868,0.0240657239400869,5,0.141120966423781,0.189252414303955,Carlström
carlstrom_phyllosphere_2019,OneNet,0.15,0.165186690363868,0.0240657239400869,5,0.141120966423781,0.189252414303955,Carlström
carlstrom_phyllosphere_2019,OneNet,0.16,0.165186690363868,0.0240657239400869,5,0.141120966423781,0.189252414303955,Carlström
carlstrom_phyllosphere_2019,OneNet,0.17,0.155186690363868,0.0159716160916738,5,0.139215074272194,0.171158306455541,Carlström
carlstrom_phyllosphere_2019,OneNet,0.18,0.155186690363868,0.0159716160916738,5,0.139215074272194,0.171158306455541,Carlström
carlstrom_phyllosphere_2019,OneNet,0.19,0.155186690363868,0.0159716160916738,5,0.139215074272194,0.171158306455541,Carlström
carlstrom_phyllosphere_2019,OneNet,0.2,0.155186690363868,0.0159716160916738,5,0.139215074272194,0.171158306455541,Carlström
carlstrom_phyllosphere_2019,OneNet,0.21,0.142459417636595,0.0114847892831695,5,0.130974628353425,0.153944206919764,Carlström
carlstrom_phyllosphere_2019,OneNet,0.22,0.142459417636595,0.0114847892831695,5,0.130974628353425,0.153944206919764,Carlström
carlstrom_phyllosphere_2019,OneNet,0.23,0.142459417636595,0.0114847892831695,5,0.130974628353425,0.153944206919764,Carlström
carlstrom_phyllosphere_2019,OneNet,0.24,0.142459417636595,0.0114847892831695,5,0.130974628353425,0.153944206919764,Carlström
carlstrom_phyllosphere_2019,OneNet,0.25,0.142052362005659,0.0115458538104177,5,0.130506508195241,0.153598215816076,Carlström
carlstrom_phyllosphere_2019,OneNet,0.26,0.142052362005659,0.0115458538104177,5,0.130506508195241,0.153598215816076,Carlström
carlstrom_phyllosphere_2019,OneNet,0.27,0.142052362005659,0.0115458538104177,5,0.130506508195241,0.153598215816076,Carlström
carlstrom_phyllosphere_2019,OneNet,0.28,0.142052362005659,0.0115458538104177,5,0.130506508195241,0.153598215816076,Carlström
carlstrom_phyllosphere_2019,OneNet,0.29,0.142052362005659,0.0115458538104177,5,0.130506508195241,0.153598215816076,Carlström
carlstrom_phyllosphere_2019,OneNet,0.3,0.142052362005659,0.0115458538104177,5,0.130506508195241,0.153598215816076,Carlström
carlstrom_phyllosphere_2019,OneNet,0.31,0.142052362005659,0.0115458538104177,5,0.130506508195241,0.153598215816076,Carlström
carlstrom_phyllosphere_2019,OneNet,0.32,0.142052362005659,0.0115458538104177,5,0.130506508195241,0.153598215816076,Carlström
carlstrom_phyllosphere_2019,OneNet,0.33,0.142052362005659,0.0115458538104177,5,0.130506508195241,0.153598215816076,Carlström
carlstrom_phyllosphere_2019,OneNet,0.34,0.142052362005659,0.0115458538104177,5,0.130506508195241,0.153598215816076,Carlström
carlstrom_phyllosphere_2019,OneNet,0.35,0.142052362005659,0.0115458538104177,5,0.130506508195241,0.153598215816076,Carlström
carlstrom_phyllosphere_2019,OneNet,0.36,0.142052362005659,0.0115458538104177,5,0.130506508195241,0.153598215816076,Carlström
carlstrom_phyllosphere_2019,OneNet,0.37,0.142052362005659,0.0115458538104177,5,0.130506508195241,0.153598215816076,Carlström
carlstrom_phyllosphere_2019,OneNet,0.38,0.142052362005659,0.0115458538104177,5,0.130506508195241,0.153598215816076,Carlström
carlstrom_phyllosphere_2019,OneNet,0.39,0.142052362005659,0.0115458538104177,5,0.130506508195241,0.153598215816076,Carlström
carlstrom_phyllosphere_2019,OneNet,0.4,0.142052362005659,0.0115458538104177,5,0.130506508195241,0.153598215816076,Carlström
carlstrom_phyllosphere_2019,OneNet,0.41,0.142052362005659,0.0115458538104177,5,0.130506508195241,0.153598215816076,Carlström
carlstrom_phyllosphere_2019,OneNet,0.42,0.142052362005659,0.0115458538104177,5,0.130506508195241,0.153598215816076,Carlström
carlstrom_phyllosphere_2019,OneNet,0.43,0.142052362005659,0.0115458538104177,5,0.130506508195241,0.153598215816076,Carlström
carlstrom_phyllosphere_2019,OneNet,0.44,0.142052362005659,0.0115458538104177,5,0.130506508195241,0.153598215816076,Carlström
carlstrom_phyllosphere_2019,OneNet,0.45,0.142052362005659,0.0115458538104177,5,0.130506508195241,0.153598215816076,Carlström
carlstrom_phyllosphere_2019,OneNet,0.46,0.142052362005659,0.0115458538104177,5,0.130506508195241,0.153598215816076,Carlström
carlstrom_phyllosphere_2019,OneNet,0.47,0.142052362005659,0.0115458538104177,5,0.130506508195241,0.153598215816076,Carlström
carlstrom_phyllosphere_2019,OneNet,0.48,0.142052362005659,0.0115458538104177,5,0.130506508195241,0.153598215816076,Carlström
carlstrom_phyllosphere_2019,OneNet,0.49,0.142052362005659,0.0115458538104177,5,0.130506508195241,0.153598215816076,Carlström
carlstrom_phyllosphere_2019,OneNet,0.5,0.142052362005659,0.0115458538104177,5,0.130506508195241,0.153598215816076,Carlström
carlstrom_phyllosphere_2019,OneNet,0.51,0.142052362005659,0.0115458538104177,5,0.130506508195241,0.153598215816076,Carlström
carlstrom_phyllosphere_2019,OneNet,0.52,0.142052362005659,0.0115458538104177,5,0.130506508195241,0.153598215816076,Carlström
carlstrom_phyllosphere_2019,OneNet,0.53,0.142052362005659,0.0115458538104177,5,0.130506508195241,0.153598215816076,Carlström
carlstrom_phyllosphere_2019,OneNet,0.54,0.142052362005659,0.0115458538104177,5,0.130506508195241,0.153598215816076,Carlström
carlstrom_phyllosphere_2019,OneNet,0.55,0.142052362005659,0.0115458538104177,5,0.130506508195241,0.153598215816076,Carlström
carlstrom_phyllosphere_2019,OneNet,0.56,0.142052362005659,0.0115458538104177,5,0.130506508195241,0.153598215816076,Carlström
carlstrom_phyllosphere_2019,OneNet,0.57,0.142052362005659,0.0115458538104177,5,0.130506508195241,0.153598215816076,Carlström
carlstrom_phyllosphere_2019,OneNet,0.58,0.142052362005659,0.0115458538104177,5,0.130506508195241,0.153598215816076,Carlström
carlstrom_phyllosphere_2019,OneNet,0.59,0.142052362005659,0.0115458538104177,5,0.130506508195241,0.153598215816076,Carlström
carlstrom_phyllosphere_2019,OneNet,0.6,0.142052362005659,0.0115458538104177,5,0.130506508195241,0.153598215816076,Carlström
carlstrom_phyllosphere_2019,OneNet,0.61,0.142052362005659,0.0115458538104177,5,0.130506508195241,0.153598215816076,Carlström
carlstrom_phyllosphere_2019,OneNet,0.62,0.142052362005659,0.0115458538104177,5,0.130506508195241,0.153598215816076,Carlström
carlstrom_phyllosphere_2019,OneNet,0.63,0.142052362005659,0.0115458538104177,5,0.130506508195241,0.153598215816076,Carlström
carlstrom_phyllosphere_2019,OneNet,0.64,0.142052362005659,0.0115458538104177,5,0.130506508195241,0.153598215816076,Carlström
carlstrom_phyllosphere_2019,OneNet,0.65,0.142052362005659,0.0115458538104177,5,0.130506508195241,0.153598215816076,Carlström
carlstrom_phyllosphere_2019,OneNet,0.66,0.142052362005659,0.0115458538104177,5,0.130506508195241,0.153598215816076,Carlström
carlstrom_phyllosphere_2019,OneNet,0.67,0.142052362005659,0.0115458538104177,5,0.130506508195241,0.153598215816076,Carlström
carlstrom_phyllosphere_2019,OneNet,0.68,0.142052362005659,0.0115458538104177,5,0.130506508195241,0.153598215816076,Carlström
carlstrom_phyllosphere_2019,OneNet,0.69,0.142052362005659,0.0115458538104177,5,0.130506508195241,0.153598215816076,Carlström
carlstrom_phyllosphere_2019,OneNet,0.7,0.142052362005659,0.0115458538104177,5,0.130506508195241,0.153598215816076,Carlström
carlstrom_phyllosphere_2019,OneNet,0.71,0.142052362005659,0.0115458538104177,5,0.130506508195241,0.153598215816076,Carlström
carlstrom_phyllosphere_2019,OneNet,0.72,0.142052362005659,0.0115458538104177,5,0.130506508195241,0.153598215816076,Carlström
carlstrom_phyllosphere_2019,OneNet,0.73,0.141924658278306,0.0115678969778858,5,0.13035676130042,0.153492555256192,Carlström
carlstrom_phyllosphere_2019,OneNet,0.74,0.141924658278306,0.0115678969778858,5,0.13035676130042,0.153492555256192,Carlström
carlstrom_phyllosphere_2019,OneNet,0.75,0.141924658278306,0.0115678969778858,5,0.13035676130042,0.153492555256192,Carlström
carlstrom_phyllosphere_2019,OneNet,0.76,0.141924658278306,0.0115678969778858,5,0.13035676130042,0.153492555256192,Carlström
carlstrom_phyllosphere_2019,OneNet,0.77,0.141924658278306,0.0115678969778858,5,0.13035676130042,0.153492555256192,Carlström
carlstrom_phyllosphere_2019,OneNet,0.78,0.141924658278306,0.0115678969778858,5,0.13035676130042,0.153492555256192,Carlström
carlstrom_phyllosphere_2019,OneNet,0.79,0.141924658278306,0.0115678969778858,5,0.13035676130042,0.153492555256192,Carlström
carlstrom_phyllosphere_2019,OneNet,0.8,0.141924658278306,0.0115678969778858,5,0.13035676130042,0.153492555256192,Carlström
carlstrom_phyllosphere_2019,OneNet,0.81,0.141924658278306,0.0115678969778858,5,0.13035676130042,0.153492555256192,Carlström
carlstrom_phyllosphere_2019,OneNet,0.82,0.141924658278306,0.0115678969778858,5,0.13035676130042,0.153492555256192,Carlström
carlstrom_phyllosphere_2019,OneNet,0.83,0.141924658278306,0.0115678969778858,5,0.13035676130042,0.153492555256192,Carlström
carlstrom_phyllosphere_2019,OneNet,0.84,0.135884764290302,0.0058673189255746,5,0.130017445364728,0.141752083215877,Carlström
carlstrom_phyllosphere_2019,OneNet,0.85,0.134759209439319,0.00586626274526355,5,0.128892946694056,0.140625472184583,Carlström
carlstrom_phyllosphere_2019,OneNet,0.86,0.134759209439319,0.00586626274526355,5,0.128892946694056,0.140625472184583,Carlström
carlstrom_phyllosphere_2019,OneNet,0.87,0.134759209439319,0.00586626274526355,5,0.128892946694056,0.140625472184583,Carlström
carlstrom_phyllosphere_2019,OneNet,0.88,0.133760753443437,0.00494452219600228,5,0.128816231247434,0.138705275639439,Carlström
carlstrom_phyllosphere_2019,OneNet,0.89,0.133432739818255,0.00497571350406652,5,0.128457026314189,0.138408453322322,Carlström
carlstrom_phyllosphere_2019,OneNet,0.9,0.133432739818255,0.00497571350406652,5,0.128457026314189,0.138408453322322,Carlström
carlstrom_phyllosphere_2019,OneNet,0.91,0.133432739818255,0.00497571350406652,5,0.128457026314189,0.138408453322322,Carlström
carlstrom_phyllosphere_2019,OneNet,0.92,0.129373626517763,0.00202748538310202,5,0.127346141134661,0.131401111900865,Carlström
carlstrom_phyllosphere_2019,OneNet,0.93,0.129373626517763,0.00202748538310202,5,0.127346141134661,0.131401111900865,Carlström
carlstrom_phyllosphere_2019,OneNet,0.94,0.129373626517763,0.00202748538310202,5,0.127346141134661,0.131401111900865,Carlström
carlstrom_phyllosphere_2019,OneNet,0.95,0.129373626517763,0.00202748538310202,5,0.127346141134661,0.131401111900865,Carlström
carlstrom_phyllosphere_2019,OneNet,0.96,0.128619827125665,0.00197595606984014,5,0.126643871055825,0.130595783195506,Carlström
carlstrom_phyllosphere_2019,OneNet,0.97,0.128323579594395,0.00198269366418389,5,0.126340885930211,0.130306273258579,Carlström
carlstrom_phyllosphere_2019,OneNet,0.98,0.128323579594395,0.00198269366418389,5,0.126340885930211,0.130306273258579,Carlström
carlstrom_phyllosphere_2019,OneNet,0.99,0.128323579594395,0.00198269366418389,5,0.126340885930211,0.130306273258579,Carlström
carlstrom_phyllosphere_2019,OneNet,1,0.128323579594395,0.00198269366418389,5,0.126340885930211,0.130306273258579,Carlström
carlstrom_phyllosphere_2019,SparCC,0,1,0,5,1,1,Carlström
carlstrom_phyllosphere_2019,SparCC,0.01,0.333589743589744,0.166923076923077,5,0.166666666666667,0.500512820512821,Carlström
carlstrom_phyllosphere_2019,SparCC,0.02,0.333589743589744,0.166923076923077,5,0.166666666666667,0.500512820512821,Carlström
carlstrom_phyllosphere_2019,SparCC,0.03,0.333589743589744,0.166923076923077,5,0.166666666666667,0.500512820512821,Carlström
carlstrom_phyllosphere_2019,SparCC,0.04,0.333589743589744,0.166923076923077,5,0.166666666666667,0.500512820512821,Carlström
carlstrom_phyllosphere_2019,SparCC,0.05,0.156853316534845,0.0120998208581324,5,0.144753495676713,0.168953137392978,Carlström
carlstrom_phyllosphere_2019,SparCC,0.06,0.156853316534845,0.0120998208581324,5,0.144753495676713,0.168953137392978,Carlström
carlstrom_phyllosphere_2019,SparCC,0.07,0.156853316534845,0.0120998208581324,5,0.144753495676713,0.168953137392978,Carlström
carlstrom_phyllosphere_2019,SparCC,0.08,0.156853316534845,0.0120998208581324,5,0.144753495676713,0.168953137392978,Carlström
carlstrom_phyllosphere_2019,SparCC,0.09,0.156853316534845,0.0120998208581324,5,0.144753495676713,0.168953137392978,Carlström
carlstrom_phyllosphere_2019,SparCC,0.1,0.156853316534845,0.0120998208581324,5,0.144753495676713,0.168953137392978,Carlström
carlstrom_phyllosphere_2019,SparCC,0.11,0.156853316534845,0.0120998208581324,5,0.144753495676713,0.168953137392978,Carlström
carlstrom_phyllosphere_2019,SparCC,0.12,0.156853316534845,0.0120998208581324,5,0.144753495676713,0.168953137392978,Carlström
carlstrom_phyllosphere_2019,SparCC,0.13,0.142031392949556,0.0066873230173538,5,0.135344069932202,0.14871871596691,Carlström
carlstrom_phyllosphere_2019,SparCC,0.14,0.142031392949556,0.0066873230173538,5,0.135344069932202,0.14871871596691,Carlström
carlstrom_phyllosphere_2019,SparCC,0.15,0.142031392949556,0.0066873230173538,5,0.135344069932202,0.14871871596691,Carlström
carlstrom_phyllosphere_2019,SparCC,0.16,0.142031392949556,0.0066873230173538,5,0.135344069932202,0.14871871596691,Carlström
carlstrom_phyllosphere_2019,SparCC,0.17,0.139948059616223,0.00483723303768636,5,0.135110826578537,0.144785292653909,Carlström
carlstrom_phyllosphere_2019,SparCC,0.18,0.139948059616223,0.00483723303768636,5,0.135110826578537,0.144785292653909,Carlström
carlstrom_phyllosphere_2019,SparCC,0.19,0.139948059616223,0.00483723303768636,5,0.135110826578537,0.144785292653909,Carlström
carlstrom_phyllosphere_2019,SparCC,0.2,0.139948059616223,0.00483723303768636,5,0.135110826578537,0.144785292653909,Carlström
carlstrom_phyllosphere_2019,SparCC,0.21,0.135898059616223,0.00260574253980239,5,0.133292317076421,0.138503802156025,Carlström
carlstrom_phyllosphere_2019,SparCC,0.22,0.135898059616223,0.00260574253980239,5,0.133292317076421,0.138503802156025,Carlström
carlstrom_phyllosphere_2019,SparCC,0.23,0.135898059616223,0.00260574253980239,5,0.133292317076421,0.138503802156025,Carlström
carlstrom_phyllosphere_2019,SparCC,0.24,0.135898059616223,0.00260574253980239,5,0.133292317076421,0.138503802156025,Carlström
carlstrom_phyllosphere_2019,SparCC,0.25,0.135898059616223,0.00260574253980239,5,0.133292317076421,0.138503802156025,Carlström
carlstrom_phyllosphere_2019,SparCC,0.26,0.135898059616223,0.00260574253980239,5,0.133292317076421,0.138503802156025,Carlström
carlstrom_phyllosphere_2019,SparCC,0.27,0.135898059616223,0.00260574253980239,5,0.133292317076421,0.138503802156025,Carlström
carlstrom_phyllosphere_2019,SparCC,0.28,0.135898059616223,0.00260574253980239,5,0.133292317076421,0.138503802156025,Carlström
carlstrom_phyllosphere_2019,SparCC,0.29,0.135898059616223,0.00260574253980239,5,0.133292317076421,0.138503802156025,Carlström
carlstrom_phyllosphere_2019,SparCC,0.3,0.135641649359813,0.00264954447334936,5,0.132992104886463,0.138291193833162,Carlström
carlstrom_phyllosphere_2019,SparCC,0.31,0.135641649359813,0.00264954447334936,5,0.132992104886463,0.138291193833162,Carlström
carlstrom_phyllosphere_2019,SparCC,0.32,0.135641649359813,0.00264954447334936,5,0.132992104886463,0.138291193833162,Carlström
carlstrom_phyllosphere_2019,SparCC,0.33,0.135641649359813,0.00264954447334936,5,0.132992104886463,0.138291193833162,Carlström
carlstrom_phyllosphere_2019,SparCC,0.34,0.135143206992211,0.00280068062491624,5,0.132342526367295,0.137943887617128,Carlström
carlstrom_phyllosphere_2019,SparCC,0.35,0.135143206992211,0.00280068062491624,5,0.132342526367295,0.137943887617128,Carlström
carlstrom_phyllosphere_2019,SparCC,0.36,0.135143206992211,0.00280068062491624,5,0.132342526367295,0.137943887617128,Carlström
carlstrom_phyllosphere_2019,SparCC,0.37,0.135143206992211,0.00280068062491624,5,0.132342526367295,0.137943887617128,Carlström
carlstrom_phyllosphere_2019,SparCC,0.38,0.135143206992211,0.00280068062491624,5,0.132342526367295,0.137943887617128,Carlström
carlstrom_phyllosphere_2019,SparCC,0.39,0.135143206992211,0.00280068062491624,5,0.132342526367295,0.137943887617128,Carlström
carlstrom_phyllosphere_2019,SparCC,0.4,0.135143206992211,0.00280068062491624,5,0.132342526367295,0.137943887617128,Carlström
carlstrom_phyllosphere_2019,SparCC,0.41,0.135143206992211,0.00280068062491624,5,0.132342526367295,0.137943887617128,Carlström
carlstrom_phyllosphere_2019,SparCC,0.42,0.135143206992211,0.00280068062491624,5,0.132342526367295,0.137943887617128,Carlström
carlstrom_phyllosphere_2019,SparCC,0.43,0.135143206992211,0.00280068062491624,5,0.132342526367295,0.137943887617128,Carlström
carlstrom_phyllosphere_2019,SparCC,0.44,0.135143206992211,0.00280068062491624,5,0.132342526367295,0.137943887617128,Carlström
carlstrom_phyllosphere_2019,SparCC,0.45,0.135143206992211,0.00280068062491624,5,0.132342526367295,0.137943887617128,Carlström
carlstrom_phyllosphere_2019,SparCC,0.46,0.135143206992211,0.00280068062491624,5,0.132342526367295,0.137943887617128,Carlström
carlstrom_phyllosphere_2019,SparCC,0.47,0.135143206992211,0.00280068062491624,5,0.132342526367295,0.137943887617128,Carlström
carlstrom_phyllosphere_2019,SparCC,0.48,0.135143206992211,0.00280068062491624,5,0.132342526367295,0.137943887617128,Carlström
carlstrom_phyllosphere_2019,SparCC,0.49,0.135143206992211,0.00280068062491624,5,0.132342526367295,0.137943887617128,Carlström
carlstrom_phyllosphere_2019,SparCC,0.5,0.135143206992211,0.00280068062491624,5,0.132342526367295,0.137943887617128,Carlström
carlstrom_phyllosphere_2019,SparCC,0.51,0.135143206992211,0.00280068062491624,5,0.132342526367295,0.137943887617128,Carlström
carlstrom_phyllosphere_2019,SparCC,0.52,0.135143206992211,0.00280068062491624,5,0.132342526367295,0.137943887617128,Carlström
carlstrom_phyllosphere_2019,SparCC,0.53,0.135143206992211,0.00280068062491624,5,0.132342526367295,0.137943887617128,Carlström
carlstrom_phyllosphere_2019,SparCC,0.54,0.135143206992211,0.00280068062491624,5,0.132342526367295,0.137943887617128,Carlström
carlstrom_phyllosphere_2019,SparCC,0.55,0.135143206992211,0.00280068062491624,5,0.132342526367295,0.137943887617128,Carlström
carlstrom_phyllosphere_2019,SparCC,0.56,0.135143206992211,0.00280068062491624,5,0.132342526367295,0.137943887617128,Carlström
carlstrom_phyllosphere_2019,SparCC,0.57,0.135143206992211,0.00280068062491624,5,0.132342526367295,0.137943887617128,Carlström
carlstrom_phyllosphere_2019,SparCC,0.58,0.135143206992211,0.00280068062491624,5,0.132342526367295,0.137943887617128,Carlström
carlstrom_phyllosphere_2019,SparCC,0.59,0.134673306715492,0.00301253942971197,5,0.13166076728578,0.137685846145204,Carlström
carlstrom_phyllosphere_2019,SparCC,0.6,0.134673306715492,0.00301253942971197,5,0.13166076728578,0.137685846145204,Carlström
carlstrom_phyllosphere_2019,SparCC,0.61,0.134673306715492,0.00301253942971197,5,0.13166076728578,0.137685846145204,Carlström
carlstrom_phyllosphere_2019,SparCC,0.62,0.134673306715492,0.00301253942971197,5,0.13166076728578,0.137685846145204,Carlström
carlstrom_phyllosphere_2019,SparCC,0.63,0.134673306715492,0.00301253942971197,5,0.13166076728578,0.137685846145204,Carlström
carlstrom_phyllosphere_2019,SparCC,0.64,0.134673306715492,0.00301253942971197,5,0.13166076728578,0.137685846145204,Carlström
carlstrom_phyllosphere_2019,SparCC,0.65,0.134673306715492,0.00301253942971197,5,0.13166076728578,0.137685846145204,Carlström
carlstrom_phyllosphere_2019,SparCC,0.66,0.134673306715492,0.00301253942971197,5,0.13166076728578,0.137685846145204,Carlström
carlstrom_phyllosphere_2019,SparCC,0.67,0.134673306715492,0.00301253942971197,5,0.13166076728578,0.137685846145204,Carlström
carlstrom_phyllosphere_2019,SparCC,0.68,0.134673306715492,0.00301253942971197,5,0.13166076728578,0.137685846145204,Carlström
carlstrom_phyllosphere_2019,SparCC,0.69,0.134673306715492,0.00301253942971197,5,0.13166076728578,0.137685846145204,Carlström
carlstrom_phyllosphere_2019,SparCC,0.7,0.134673306715492,0.00301253942971197,5,0.13166076728578,0.137685846145204,Carlström
carlstrom_phyllosphere_2019,SparCC,0.71,0.1326388696294,0.00344453060124344,5,0.129194339028156,0.136083400230643,Carlström
carlstrom_phyllosphere_2019,SparCC,0.72,0.1326388696294,0.00344453060124344,5,0.129194339028156,0.136083400230643,Carlström
carlstrom_phyllosphere_2019,SparCC,0.73,0.1326388696294,0.00344453060124344,5,0.129194339028156,0.136083400230643,Carlström
carlstrom_phyllosphere_2019,SparCC,0.74,0.1326388696294,0.00344453060124344,5,0.129194339028156,0.136083400230643,Carlström
carlstrom_phyllosphere_2019,SparCC,0.75,0.1326388696294,0.00344453060124344,5,0.129194339028156,0.136083400230643,Carlström
carlstrom_phyllosphere_2019,SparCC,0.76,0.1326388696294,0.00344453060124344,5,0.129194339028156,0.136083400230643,Carlström
carlstrom_phyllosphere_2019,SparCC,0.77,0.1326388696294,0.00344453060124344,5,0.129194339028156,0.136083400230643,Carlström
carlstrom_phyllosphere_2019,SparCC,0.78,0.1326388696294,0.00344453060124344,5,0.129194339028156,0.136083400230643,Carlström
carlstrom_phyllosphere_2019,SparCC,0.79,0.1326388696294,0.00344453060124344,5,0.129194339028156,0.136083400230643,Carlström
carlstrom_phyllosphere_2019,SparCC,0.8,0.132473306715492,0.00352931030126438,5,0.128943996414228,0.136002617016757,Carlström
carlstrom_phyllosphere_2019,SparCC,0.81,0.131604512389251,0.00302328373262921,5,0.128581228656622,0.13462779612188,Carlström
carlstrom_phyllosphere_2019,SparCC,0.82,0.131604512389251,0.00302328373262921,5,0.128581228656622,0.13462779612188,Carlström
carlstrom_phyllosphere_2019,SparCC,0.83,0.131604512389251,0.00302328373262921,5,0.128581228656622,0.13462779612188,Carlström
carlstrom_phyllosphere_2019,SparCC,0.84,0.131604512389251,0.00302328373262921,5,0.128581228656622,0.13462779612188,Carlström
carlstrom_phyllosphere_2019,SparCC,0.85,0.131604512389251,0.00302328373262921,5,0.128581228656622,0.13462779612188,Carlström
carlstrom_phyllosphere_2019,SparCC,0.86,0.131604512389251,0.00302328373262921,5,0.128581228656622,0.13462779612188,Carlström
carlstrom_phyllosphere_2019,SparCC,0.87,0.131604512389251,0.00302328373262921,5,0.128581228656622,0.13462779612188,Carlström
carlstrom_phyllosphere_2019,SparCC,0.88,0.130969994622754,0.003411480257747,5,0.127558514365007,0.134381474880501,Carlström
carlstrom_phyllosphere_2019,SparCC,0.89,0.1291377669758,0.00240968608538575,5,0.126728080890415,0.131547453061186,Carlström
carlstrom_phyllosphere_2019,SparCC,0.9,0.1291377669758,0.00240968608538575,5,0.126728080890415,0.131547453061186,Carlström
carlstrom_phyllosphere_2019,SparCC,0.91,0.1291377669758,0.00240968608538575,5,0.126728080890415,0.131547453061186,Carlström
carlstrom_phyllosphere_2019,SparCC,0.92,0.1291377669758,0.00240968608538575,5,0.126728080890415,0.131547453061186,Carlström
carlstrom_phyllosphere_2019,SparCC,0.93,0.1291377669758,0.00240968608538575,5,0.126728080890415,0.131547453061186,Carlström
carlstrom_phyllosphere_2019,SparCC,0.94,0.1291377669758,0.00240968608538575,5,0.126728080890415,0.131547453061186,Carlström
carlstrom_phyllosphere_2019,SparCC,0.95,0.1291377669758,0.00240968608538575,5,0.126728080890415,0.131547453061186,Carlström
carlstrom_phyllosphere_2019,SparCC,0.96,0.12857033300581,0.00251234774275741,5,0.126057985263052,0.131082680748567,Carlström
carlstrom_phyllosphere_2019,SparCC,0.97,0.127431706649134,0.00230566820304982,5,0.125126038446084,0.129737374852184,Carlström
carlstrom_phyllosphere_2019,SparCC,0.98,0.127431706649134,0.00230566820304982,5,0.125126038446084,0.129737374852184,Carlström
carlstrom_phyllosphere_2019,SparCC,0.99,0.127431706649134,0.00230566820304982,5,0.125126038446084,0.129737374852184,Carlström
carlstrom_phyllosphere_2019,SparCC,1,0.127431706649134,0.00230566820304982,5,0.125126038446084,0.129737374852184,Carlström
carlstrom_phyllosphere_2019,PLNNetwork,0,1,0,5,1,1,Carlström
carlstrom_phyllosphere_2019,PLNNetwork,0.01,0.598709677419355,0.171054755702644,5,0.427654921716711,0.769764433121999,Carlström
carlstrom_phyllosphere_2019,PLNNetwork,0.02,0.598709677419355,0.171054755702644,5,0.427654921716711,0.769764433121999,Carlström
carlstrom_phyllosphere_2019,PLNNetwork,0.03,0.598709677419355,0.171054755702644,5,0.427654921716711,0.769764433121999,Carlström
carlstrom_phyllosphere_2019,PLNNetwork,0.04,0.598709677419355,0.171054755702644,5,0.427654921716711,0.769764433121999,Carlström
carlstrom_phyllosphere_2019,PLNNetwork,0.05,0.458709677419355,0.140603722809341,5,0.318105954610014,0.599313400228696,Carlström
carlstrom_phyllosphere_2019,PLNNetwork,0.06,0.458709677419355,0.140603722809341,5,0.318105954610014,0.599313400228696,Carlström
carlstrom_phyllosphere_2019,PLNNetwork,0.07,0.458709677419355,0.140603722809341,5,0.318105954610014,0.599313400228696,Carlström
carlstrom_phyllosphere_2019,PLNNetwork,0.08,0.458709677419355,0.140603722809341,5,0.318105954610014,0.599313400228696,Carlström
carlstrom_phyllosphere_2019,PLNNetwork,0.09,0.27800792303339,0.0238559641122555,5,0.254151958921134,0.301863887145645,Carlström
carlstrom_phyllosphere_2019,PLNNetwork,0.1,0.27800792303339,0.0238559641122555,5,0.254151958921134,0.301863887145645,Carlström
carlstrom_phyllosphere_2019,PLNNetwork,0.11,0.27800792303339,0.0238559641122555,5,0.254151958921134,0.301863887145645,Carlström
carlstrom_phyllosphere_2019,PLNNetwork,0.12,0.27800792303339,0.0238559641122555,5,0.254151958921134,0.301863887145645,Carlström
carlstrom_phyllosphere_2019,PLNNetwork,0.13,0.246469461494928,0.0260484530192398,5,0.220421008475689,0.272517914514168,Carlström
carlstrom_phyllosphere_2019,PLNNetwork,0.14,0.246469461494928,0.0260484530192398,5,0.220421008475689,0.272517914514168,Carlström
carlstrom_phyllosphere_2019,PLNNetwork,0.15,0.246469461494928,0.0260484530192398,5,0.220421008475689,0.272517914514168,Carlström
carlstrom_phyllosphere_2019,PLNNetwork,0.16,0.246469461494928,0.0260484530192398,5,0.220421008475689,0.272517914514168,Carlström
carlstrom_phyllosphere_2019,PLNNetwork,0.17,0.195971949057117,0.0178925071879557,5,0.178079441869162,0.213864456245073,Carlström
carlstrom_phyllosphere_2019,PLNNetwork,0.18,0.195971949057117,0.0178925071879557,5,0.178079441869162,0.213864456245073,Carlström
carlstrom_phyllosphere_2019,PLNNetwork,0.19,0.195971949057117,0.0178925071879557,5,0.178079441869162,0.213864456245073,Carlström
carlstrom_phyllosphere_2019,PLNNetwork,0.2,0.195971949057117,0.0178925071879557,5,0.178079441869162,0.213864456245073,Carlström
carlstrom_phyllosphere_2019,PLNNetwork,0.21,0.194166146753545,0.0175771398680941,5,0.17658900688545,0.211743286621639,Carlström
carlstrom_phyllosphere_2019,PLNNetwork,0.22,0.194166146753545,0.0175771398680941,5,0.17658900688545,0.211743286621639,Carlström
carlstrom_phyllosphere_2019,PLNNetwork,0.23,0.194166146753545,0.0175771398680941,5,0.17658900688545,0.211743286621639,Carlström
carlstrom_phyllosphere_2019,PLNNetwork,0.24,0.194166146753545,0.0175771398680941,5,0.17658900688545,0.211743286621639,Carlström
carlstrom_phyllosphere_2019,PLNNetwork,0.25,0.185742233710066,0.00994817865166946,5,0.175794055058397,0.195690412361736,Carlström
carlstrom_phyllosphere_2019,PLNNetwork,0.26,0.185742233710066,0.00994817865166946,5,0.175794055058397,0.195690412361736,Carlström
carlstrom_phyllosphere_2019,PLNNetwork,0.27,0.185742233710066,0.00994817865166946,5,0.175794055058397,0.195690412361736,Carlström
carlstrom_phyllosphere_2019,PLNNetwork,0.28,0.185742233710066,0.00994817865166946,5,0.175794055058397,0.195690412361736,Carlström
carlstrom_phyllosphere_2019,PLNNetwork,0.29,0.178355870073703,0.00562325029972426,5,0.172732619773978,0.183979120373427,Carlström
carlstrom_phyllosphere_2019,PLNNetwork,0.3,0.178355870073703,0.00562325029972426,5,0.172732619773978,0.183979120373427,Carlström
carlstrom_phyllosphere_2019,PLNNetwork,0.31,0.178355870073703,0.00562325029972426,5,0.172732619773978,0.183979120373427,Carlström
carlstrom_phyllosphere_2019,PLNNetwork,0.32,0.178355870073703,0.00562325029972426,5,0.172732619773978,0.183979120373427,Carlström
carlstrom_phyllosphere_2019,PLNNetwork,0.33,0.178355870073703,0.00562325029972426,5,0.172732619773978,0.183979120373427,Carlström
carlstrom_phyllosphere_2019,PLNNetwork,0.34,0.178355870073703,0.00562325029972426,5,0.172732619773978,0.183979120373427,Carlström
carlstrom_phyllosphere_2019,PLNNetwork,0.35,0.178355870073703,0.00562325029972426,5,0.172732619773978,0.183979120373427,Carlström
carlstrom_phyllosphere_2019,PLNNetwork,0.36,0.178355870073703,0.00562325029972426,5,0.172732619773978,0.183979120373427,Carlström
carlstrom_phyllosphere_2019,PLNNetwork,0.37,0.178355870073703,0.00562325029972426,5,0.172732619773978,0.183979120373427,Carlström
carlstrom_phyllosphere_2019,PLNNetwork,0.38,0.178355870073703,0.00562325029972426,5,0.172732619773978,0.183979120373427,Carlström
carlstrom_phyllosphere_2019,PLNNetwork,0.39,0.178355870073703,0.00562325029972426,5,0.172732619773978,0.183979120373427,Carlström
carlstrom_phyllosphere_2019,PLNNetwork,0.4,0.178355870073703,0.00562325029972426,5,0.172732619773978,0.183979120373427,Carlström
carlstrom_phyllosphere_2019,PLNNetwork,0.41,0.171781072322434,0.00756190085622931,5,0.164219171466205,0.179342973178664,Carlström
carlstrom_phyllosphere_2019,PLNNetwork,0.42,0.171781072322434,0.00756190085622931,5,0.164219171466205,0.179342973178664,Carlström
carlstrom_phyllosphere_2019,PLNNetwork,0.43,0.171781072322434,0.00756190085622931,5,0.164219171466205,0.179342973178664,Carlström
carlstrom_phyllosphere_2019,PLNNetwork,0.44,0.171781072322434,0.00756190085622931,5,0.164219171466205,0.179342973178664,Carlström
carlstrom_phyllosphere_2019,PLNNetwork,0.45,0.169807877981407,0.00842365474455822,5,0.161384223236849,0.178231532725965,Carlström
carlstrom_phyllosphere_2019,PLNNetwork,0.46,0.163059013607623,0.011640405666263,5,0.151418607941361,0.174699419273886,Carlström
carlstrom_phyllosphere_2019,PLNNetwork,0.47,0.163059013607623,0.011640405666263,5,0.151418607941361,0.174699419273886,Carlström
carlstrom_phyllosphere_2019,PLNNetwork,0.48,0.163059013607623,0.011640405666263,5,0.151418607941361,0.174699419273886,Carlström
carlstrom_phyllosphere_2019,PLNNetwork,0.49,0.160929174758931,0.0121637333189609,5,0.14876544143997,0.173092908077891,Carlström
carlstrom_phyllosphere_2019,PLNNetwork,0.5,0.160929174758931,0.0121637333189609,5,0.14876544143997,0.173092908077891,Carlström
carlstrom_phyllosphere_2019,PLNNetwork,0.51,0.160929174758931,0.0121637333189609,5,0.14876544143997,0.173092908077891,Carlström
carlstrom_phyllosphere_2019,PLNNetwork,0.52,0.160929174758931,0.0121637333189609,5,0.14876544143997,0.173092908077891,Carlström
carlstrom_phyllosphere_2019,PLNNetwork,0.53,0.159955148784905,0.0124633315207279,5,0.147491817264177,0.172418480305632,Carlström
carlstrom_phyllosphere_2019,PLNNetwork,0.54,0.159955148784905,0.0124633315207279,5,0.147491817264177,0.172418480305632,Carlström
carlstrom_phyllosphere_2019,PLNNetwork,0.55,0.159955148784905,0.0124633315207279,5,0.147491817264177,0.172418480305632,Carlström
carlstrom_phyllosphere_2019,PLNNetwork,0.56,0.159955148784905,0.0124633315207279,5,0.147491817264177,0.172418480305632,Carlström
carlstrom_phyllosphere_2019,PLNNetwork,0.57,0.156064483705784,0.0137648542667086,5,0.142299629439076,0.169829337972493,Carlström
carlstrom_phyllosphere_2019,PLNNetwork,0.58,0.156064483705784,0.0137648542667086,5,0.142299629439076,0.169829337972493,Carlström
carlstrom_phyllosphere_2019,PLNNetwork,0.59,0.156064483705784,0.0137648542667086,5,0.142299629439076,0.169829337972493,Carlström
carlstrom_phyllosphere_2019,PLNNetwork,0.6,0.156064483705784,0.0137648542667086,5,0.142299629439076,0.169829337972493,Carlström
carlstrom_phyllosphere_2019,PLNNetwork,0.61,0.155563409976364,0.0139519918431483,5,0.141611418133216,0.169515401819513,Carlström
carlstrom_phyllosphere_2019,PLNNetwork,0.62,0.155563409976364,0.0139519918431483,5,0.141611418133216,0.169515401819513,Carlström
carlstrom_phyllosphere_2019,PLNNetwork,0.63,0.155430651927908,0.0140122701535322,5,0.141418381774375,0.16944292208144,Carlström
carlstrom_phyllosphere_2019,PLNNetwork,0.64,0.155430651927908,0.0140122701535322,5,0.141418381774375,0.16944292208144,Carlström
carlstrom_phyllosphere_2019,PLNNetwork,0.65,0.155430651927908,0.0140122701535322,5,0.141418381774375,0.16944292208144,Carlström
carlstrom_phyllosphere_2019,PLNNetwork,0.66,0.155430651927908,0.0140122701535322,5,0.141418381774375,0.16944292208144,Carlström
carlstrom_phyllosphere_2019,PLNNetwork,0.67,0.155430651927908,0.0140122701535322,5,0.141418381774375,0.16944292208144,Carlström
carlstrom_phyllosphere_2019,PLNNetwork,0.68,0.155430651927908,0.0140122701535322,5,0.141418381774375,0.16944292208144,Carlström
carlstrom_phyllosphere_2019,PLNNetwork,0.69,0.154700665051267,0.0143091011032039,5,0.140391563948063,0.169009766154471,Carlström
carlstrom_phyllosphere_2019,PLNNetwork,0.7,0.154700665051267,0.0143091011032039,5,0.140391563948063,0.169009766154471,Carlström
carlstrom_phyllosphere_2019,PLNNetwork,0.71,0.152988890820409,0.0151333251812671,5,0.137855565639142,0.168122216001676,Carlström
carlstrom_phyllosphere_2019,PLNNetwork,0.72,0.152988890820409,0.0151333251812671,5,0.137855565639142,0.168122216001676,Carlström
carlstrom_phyllosphere_2019,PLNNetwork,0.73,0.150109722992788,0.0137988478382509,5,0.136310875154537,0.163908570831038,Carlström
carlstrom_phyllosphere_2019,PLNNetwork,0.74,0.150109722992788,0.0137988478382509,5,0.136310875154537,0.163908570831038,Carlström
carlstrom_phyllosphere_2019,PLNNetwork,0.75,0.150109722992788,0.0137988478382509,5,0.136310875154537,0.163908570831038,Carlström
carlstrom_phyllosphere_2019,PLNNetwork,0.76,0.145588079761467,0.0106135002903307,5,0.134974579471136,0.156201580051798,Carlström
carlstrom_phyllosphere_2019,PLNNetwork,0.77,0.143353845527233,0.00943710134012138,5,0.133916744187111,0.152790946867354,Carlström
carlstrom_phyllosphere_2019,PLNNetwork,0.78,0.143353845527233,0.00943710134012138,5,0.133916744187111,0.152790946867354,Carlström
carlstrom_phyllosphere_2019,PLNNetwork,0.79,0.143353845527233,0.00943710134012138,5,0.133916744187111,0.152790946867354,Carlström
carlstrom_phyllosphere_2019,PLNNetwork,0.8,0.143353845527233,0.00943710134012138,5,0.133916744187111,0.152790946867354,Carlström
carlstrom_phyllosphere_2019,PLNNetwork,0.81,0.139732223905611,0.0084871660992468,5,0.131245057806364,0.148219390004858,Carlström
carlstrom_phyllosphere_2019,PLNNetwork,0.82,0.139732223905611,0.0084871660992468,5,0.131245057806364,0.148219390004858,Carlström
carlstrom_phyllosphere_2019,PLNNetwork,0.83,0.139732223905611,0.0084871660992468,5,0.131245057806364,0.148219390004858,Carlström
carlstrom_phyllosphere_2019,PLNNetwork,0.84,0.135978972326272,0.00524911874187693,5,0.130729853584396,0.141228091068149,Carlström
carlstrom_phyllosphere_2019,PLNNetwork,0.85,0.132853119200419,0.00529931564234238,5,0.127553803558077,0.138152434842762,Carlström
carlstrom_phyllosphere_2019,PLNNetwork,0.86,0.132853119200419,0.00529931564234238,5,0.127553803558077,0.138152434842762,Carlström
carlstrom_phyllosphere_2019,PLNNetwork,0.87,0.132853119200419,0.00529931564234238,5,0.127553803558077,0.138152434842762,Carlström
carlstrom_phyllosphere_2019,PLNNetwork,0.88,0.132555322893094,0.00502937355813809,5,0.127525949334955,0.137584696451232,Carlström
carlstrom_phyllosphere_2019,PLNNetwork,0.89,0.132555322893094,0.00502937355813809,5,0.127525949334955,0.137584696451232,Carlström
carlstrom_phyllosphere_2019,PLNNetwork,0.9,0.132555322893094,0.00502937355813809,5,0.127525949334955,0.137584696451232,Carlström
carlstrom_phyllosphere_2019,PLNNetwork,0.91,0.132555322893094,0.00502937355813809,5,0.127525949334955,0.137584696451232,Carlström
carlstrom_phyllosphere_2019,PLNNetwork,0.92,0.129963246771364,0.00291835471047152,5,0.127044892060893,0.132881601481836,Carlström
carlstrom_phyllosphere_2019,PLNNetwork,0.93,0.129963246771364,0.00291835471047152,5,0.127044892060893,0.132881601481836,Carlström
carlstrom_phyllosphere_2019,PLNNetwork,0.94,0.129963246771364,0.00291835471047152,5,0.127044892060893,0.132881601481836,Carlström
carlstrom_phyllosphere_2019,PLNNetwork,0.95,0.129963246771364,0.00291835471047152,5,0.127044892060893,0.132881601481836,Carlström
carlstrom_phyllosphere_2019,PLNNetwork,0.96,0.127288802912967,0.00230018653379695,5,0.12498861637917,0.129588989446764,Carlström
carlstrom_phyllosphere_2019,PLNNetwork,0.97,0.127288802912967,0.00230018653379695,5,0.12498861637917,0.129588989446764,Carlström
carlstrom_phyllosphere_2019,PLNNetwork,0.98,0.127288802912967,0.00230018653379695,5,0.12498861637917,0.129588989446764,Carlström
carlstrom_phyllosphere_2019,PLNNetwork,0.99,0.127288802912967,0.00230018653379695,5,0.12498861637917,0.129588989446764,Carlström
carlstrom_phyllosphere_2019,PLNNetwork,1,0.127288802912967,0.00230018653379695,5,0.12498861637917,0.129588989446764,Carlström
carlstrom_phyllosphere_2019,SPIEC-EASI,0,1,0,5,1,1,Carlström
carlstrom_phyllosphere_2019,SPIEC-EASI,0.01,0.442591431556949,0.142979296242071,5,0.299612135314878,0.58557072779902,Carlström
carlstrom_phyllosphere_2019,SPIEC-EASI,0.02,0.442591431556949,0.142979296242071,5,0.299612135314878,0.58557072779902,Carlström
carlstrom_phyllosphere_2019,SPIEC-EASI,0.03,0.442591431556949,0.142979296242071,5,0.299612135314878,0.58557072779902,Carlström
carlstrom_phyllosphere_2019,SPIEC-EASI,0.04,0.442591431556949,0.142979296242071,5,0.299612135314878,0.58557072779902,Carlström
carlstrom_phyllosphere_2019,SPIEC-EASI,0.05,0.415924764890282,0.150369428102825,5,0.265555336787457,0.566294192993107,Carlström
carlstrom_phyllosphere_2019,SPIEC-EASI,0.06,0.415924764890282,0.150369428102825,5,0.265555336787457,0.566294192993107,Carlström
carlstrom_phyllosphere_2019,SPIEC-EASI,0.07,0.415924764890282,0.150369428102825,5,0.265555336787457,0.566294192993107,Carlström
carlstrom_phyllosphere_2019,SPIEC-EASI,0.08,0.415924764890282,0.150369428102825,5,0.265555336787457,0.566294192993107,Carlström
carlstrom_phyllosphere_2019,SPIEC-EASI,0.09,0.302078611044128,0.0755590332199496,5,0.226519577824179,0.377637644264078,Carlström
carlstrom_phyllosphere_2019,SPIEC-EASI,0.1,0.302078611044128,0.0755590332199496,5,0.226519577824179,0.377637644264078,Carlström
carlstrom_phyllosphere_2019,SPIEC-EASI,0.11,0.302078611044128,0.0755590332199496,5,0.226519577824179,0.377637644264078,Carlström
carlstrom_phyllosphere_2019,SPIEC-EASI,0.12,0.302078611044128,0.0755590332199496,5,0.226519577824179,0.377637644264078,Carlström
carlstrom_phyllosphere_2019,SPIEC-EASI,0.13,0.254729737695255,0.0488789829589942,5,0.205850754736261,0.303608720654249,Carlström
carlstrom_phyllosphere_2019,SPIEC-EASI,0.14,0.254729737695255,0.0488789829589942,5,0.205850754736261,0.303608720654249,Carlström
carlstrom_phyllosphere_2019,SPIEC-EASI,0.15,0.254729737695255,0.0488789829589942,5,0.205850754736261,0.303608720654249,Carlström
carlstrom_phyllosphere_2019,SPIEC-EASI,0.16,0.254729737695255,0.0488789829589942,5,0.205850754736261,0.303608720654249,Carlström
carlstrom_phyllosphere_2019,SPIEC-EASI,0.17,0.225599746624965,0.0403707664527917,5,0.185228980172174,0.265970513077757,Carlström
carlstrom_phyllosphere_2019,SPIEC-EASI,0.18,0.225599746624965,0.0403707664527917,5,0.185228980172174,0.265970513077757,Carlström
carlstrom_phyllosphere_2019,SPIEC-EASI,0.19,0.225599746624965,0.0403707664527917,5,0.185228980172174,0.265970513077757,Carlström
carlstrom_phyllosphere_2019,SPIEC-EASI,0.2,0.225599746624965,0.0403707664527917,5,0.185228980172174,0.265970513077757,Carlström
carlstrom_phyllosphere_2019,SPIEC-EASI,0.21,0.22271513124035,0.0386859554912231,5,0.184029175749127,0.261401086731573,Carlström
carlstrom_phyllosphere_2019,SPIEC-EASI,0.22,0.22271513124035,0.0386859554912231,5,0.184029175749127,0.261401086731573,Carlström
carlstrom_phyllosphere_2019,SPIEC-EASI,0.23,0.22271513124035,0.0386859554912231,5,0.184029175749127,0.261401086731573,Carlström
carlstrom_phyllosphere_2019,SPIEC-EASI,0.24,0.22271513124035,0.0386859554912231,5,0.184029175749127,0.261401086731573,Carlström
carlstrom_phyllosphere_2019,SPIEC-EASI,0.25,0.175964811404582,0.00500483862156627,5,0.170959972783016,0.180969650026148,Carlström
carlstrom_phyllosphere_2019,SPIEC-EASI,0.26,0.175964811404582,0.00500483862156627,5,0.170959972783016,0.180969650026148,Carlström
carlstrom_phyllosphere_2019,SPIEC-EASI,0.27,0.175964811404582,0.00500483862156627,5,0.170959972783016,0.180969650026148,Carlström
carlstrom_phyllosphere_2019,SPIEC-EASI,0.28,0.175964811404582,0.00500483862156627,5,0.170959972783016,0.180969650026148,Carlström
carlstrom_phyllosphere_2019,SPIEC-EASI,0.29,0.173605464762114,0.00457030374395331,5,0.16903516101816,0.178175768506067,Carlström
carlstrom_phyllosphere_2019,SPIEC-EASI,0.3,0.173605464762114,0.00457030374395331,5,0.16903516101816,0.178175768506067,Carlström
carlstrom_phyllosphere_2019,SPIEC-EASI,0.31,0.173605464762114,0.00457030374395331,5,0.16903516101816,0.178175768506067,Carlström
carlstrom_phyllosphere_2019,SPIEC-EASI,0.32,0.173605464762114,0.00457030374395331,5,0.16903516101816,0.178175768506067,Carlström
carlstrom_phyllosphere_2019,SPIEC-EASI,0.33,0.173605464762114,0.00457030374395331,5,0.16903516101816,0.178175768506067,Carlström
carlstrom_phyllosphere_2019,SPIEC-EASI,0.34,0.173605464762114,0.00457030374395331,5,0.16903516101816,0.178175768506067,Carlström
carlstrom_phyllosphere_2019,SPIEC-EASI,0.35,0.173605464762114,0.00457030374395331,5,0.16903516101816,0.178175768506067,Carlström
carlstrom_phyllosphere_2019,SPIEC-EASI,0.36,0.173605464762114,0.00457030374395331,5,0.16903516101816,0.178175768506067,Carlström
carlstrom_phyllosphere_2019,SPIEC-EASI,0.37,0.173605464762114,0.00457030374395331,5,0.16903516101816,0.178175768506067,Carlström
carlstrom_phyllosphere_2019,SPIEC-EASI,0.38,0.173605464762114,0.00457030374395331,5,0.16903516101816,0.178175768506067,Carlström
carlstrom_phyllosphere_2019,SPIEC-EASI,0.39,0.173605464762114,0.00457030374395331,5,0.16903516101816,0.178175768506067,Carlström
carlstrom_phyllosphere_2019,SPIEC-EASI,0.4,0.173605464762114,0.00457030374395331,5,0.16903516101816,0.178175768506067,Carlström
carlstrom_phyllosphere_2019,SPIEC-EASI,0.41,0.16859962570198,0.00659512575675241,5,0.162004499945228,0.175194751458732,Carlström
carlstrom_phyllosphere_2019,SPIEC-EASI,0.42,0.16859962570198,0.00659512575675241,5,0.162004499945228,0.175194751458732,Carlström
carlstrom_phyllosphere_2019,SPIEC-EASI,0.43,0.16859962570198,0.00659512575675241,5,0.162004499945228,0.175194751458732,Carlström
carlstrom_phyllosphere_2019,SPIEC-EASI,0.44,0.16859962570198,0.00659512575675241,5,0.162004499945228,0.175194751458732,Carlström
carlstrom_phyllosphere_2019,SPIEC-EASI,0.45,0.167095314566408,0.00725692250928793,5,0.159838392057121,0.174352237075696,Carlström
carlstrom_phyllosphere_2019,SPIEC-EASI,0.46,0.160346450192625,0.0103947413545939,5,0.149951708838031,0.170741191547219,Carlström
carlstrom_phyllosphere_2019,SPIEC-EASI,0.47,0.160346450192625,0.0103947413545939,5,0.149951708838031,0.170741191547219,Carlström
carlstrom_phyllosphere_2019,SPIEC-EASI,0.48,0.160346450192625,0.0103947413545939,5,0.149951708838031,0.170741191547219,Carlström
carlstrom_phyllosphere_2019,SPIEC-EASI,0.49,0.15829907773386,0.0108793397680489,5,0.147419737965811,0.169178417501909,Carlström
carlstrom_phyllosphere_2019,SPIEC-EASI,0.5,0.15829907773386,0.0108793397680489,5,0.147419737965811,0.169178417501909,Carlström
carlstrom_phyllosphere_2019,SPIEC-EASI,0.51,0.15829907773386,0.0108793397680489,5,0.147419737965811,0.169178417501909,Carlström
carlstrom_phyllosphere_2019,SPIEC-EASI,0.52,0.15829907773386,0.0108793397680489,5,0.147419737965811,0.169178417501909,Carlström
carlstrom_phyllosphere_2019,SPIEC-EASI,0.53,0.157325051759834,0.011156046195723,5,0.146169005564111,0.168481097955557,Carlström
carlstrom_phyllosphere_2019,SPIEC-EASI,0.54,0.157325051759834,0.011156046195723,5,0.146169005564111,0.168481097955557,Carlström
carlstrom_phyllosphere_2019,SPIEC-EASI,0.55,0.157325051759834,0.011156046195723,5,0.146169005564111,0.168481097955557,Carlström
carlstrom_phyllosphere_2019,SPIEC-EASI,0.56,0.157325051759834,0.011156046195723,5,0.146169005564111,0.168481097955557,Carlström
carlstrom_phyllosphere_2019,SPIEC-EASI,0.57,0.153741404224574,0.0123452405886521,5,0.141396163635922,0.166086644813226,Carlström
carlstrom_phyllosphere_2019,SPIEC-EASI,0.58,0.153741404224574,0.0123452405886521,5,0.141396163635922,0.166086644813226,Carlström
carlstrom_phyllosphere_2019,SPIEC-EASI,0.59,0.153741404224574,0.0123452405886521,5,0.141396163635922,0.166086644813226,Carlström
carlstrom_phyllosphere_2019,SPIEC-EASI,0.6,0.153741404224574,0.0123452405886521,5,0.141396163635922,0.166086644813226,Carlström
carlstrom_phyllosphere_2019,SPIEC-EASI,0.61,0.153240330495154,0.0125303556034758,5,0.140709974891678,0.16577068609863,Carlström
carlstrom_phyllosphere_2019,SPIEC-EASI,0.62,0.153240330495154,0.0125303556034758,5,0.140709974891678,0.16577068609863,Carlström
carlstrom_phyllosphere_2019,SPIEC-EASI,0.63,0.153107572446697,0.0125913163038931,5,0.140516256142804,0.16569888875059,Carlström
carlstrom_phyllosphere_2019,SPIEC-EASI,0.64,0.153107572446697,0.0125913163038931,5,0.140516256142804,0.16569888875059,Carlström
carlstrom_phyllosphere_2019,SPIEC-EASI,0.65,0.153107572446697,0.0125913163038931,5,0.140516256142804,0.16569888875059,Carlström
carlstrom_phyllosphere_2019,SPIEC-EASI,0.66,0.153107572446697,0.0125913163038931,5,0.140516256142804,0.16569888875059,Carlström
carlstrom_phyllosphere_2019,SPIEC-EASI,0.67,0.153107572446697,0.0125913163038931,5,0.140516256142804,0.16569888875059,Carlström
carlstrom_phyllosphere_2019,SPIEC-EASI,0.68,0.153107572446697,0.0125913163038931,5,0.140516256142804,0.16569888875059,Carlström
carlstrom_phyllosphere_2019,SPIEC-EASI,0.69,0.152377585570057,0.0128879787796025,5,0.139489606790454,0.165265564349659,Carlström
carlstrom_phyllosphere_2019,SPIEC-EASI,0.7,0.152377585570057,0.0128879787796025,5,0.139489606790454,0.165265564349659,Carlström
carlstrom_phyllosphere_2019,SPIEC-EASI,0.71,0.150665811339198,0.0137251178460391,5,0.136940693493159,0.164390929185238,Carlström
carlstrom_phyllosphere_2019,SPIEC-EASI,0.72,0.150665811339198,0.0137251178460391,5,0.136940693493159,0.164390929185238,Carlström
carlstrom_phyllosphere_2019,SPIEC-EASI,0.73,0.148294129923269,0.012618163795784,5,0.135675966127485,0.160912293719053,Carlström
carlstrom_phyllosphere_2019,SPIEC-EASI,0.74,0.148294129923269,0.012618163795784,5,0.135675966127485,0.160912293719053,Carlström
carlstrom_phyllosphere_2019,SPIEC-EASI,0.75,0.148294129923269,0.012618163795784,5,0.135675966127485,0.160912293719053,Carlström
carlstrom_phyllosphere_2019,SPIEC-EASI,0.76,0.144407575301421,0.00990633568130457,5,0.134501239620116,0.154313910982725,Carlström
carlstrom_phyllosphere_2019,SPIEC-EASI,0.77,0.142525288463381,0.00890737760973399,5,0.133617910853647,0.151432666073115,Carlström
carlstrom_phyllosphere_2019,SPIEC-EASI,0.78,0.142525288463381,0.00890737760973399,5,0.133617910853647,0.151432666073115,Carlström
carlstrom_phyllosphere_2019,SPIEC-EASI,0.79,0.142525288463381,0.00890737760973399,5,0.133617910853647,0.151432666073115,Carlström
carlstrom_phyllosphere_2019,SPIEC-EASI,0.8,0.142525288463381,0.00890737760973399,5,0.133617910853647,0.151432666073115,Carlström
carlstrom_phyllosphere_2019,SPIEC-EASI,0.81,0.138967176180437,0.00794809190501467,5,0.131019084275422,0.146915268085452,Carlström
carlstrom_phyllosphere_2019,SPIEC-EASI,0.82,0.138967176180437,0.00794809190501467,5,0.131019084275422,0.146915268085452,Carlström
carlstrom_phyllosphere_2019,SPIEC-EASI,0.83,0.138967176180437,0.00794809190501467,5,0.131019084275422,0.146915268085452,Carlström
carlstrom_phyllosphere_2019,SPIEC-EASI,0.84,0.135353730802286,0.00486347926487376,5,0.130490251537412,0.140217210067159,Carlström
carlstrom_phyllosphere_2019,SPIEC-EASI,0.85,0.132418336591724,0.00490628266811246,5,0.127512053923611,0.137324619259836,Carlström
carlstrom_phyllosphere_2019,SPIEC-EASI,0.86,0.132418336591724,0.00490628266811246,5,0.127512053923611,0.137324619259836,Carlström
carlstrom_phyllosphere_2019,SPIEC-EASI,0.87,0.132418336591724,0.00490628266811246,5,0.127512053923611,0.137324619259836,Carlström
carlstrom_phyllosphere_2019,SPIEC-EASI,0.88,0.132148066321453,0.00466569985938175,5,0.127482366462072,0.136813766180835,Carlström
carlstrom_phyllosphere_2019,SPIEC-EASI,0.89,0.132148066321453,0.00466569985938175,5,0.127482366462072,0.136813766180835,Carlström
carlstrom_phyllosphere_2019,SPIEC-EASI,0.9,0.132148066321453,0.00466569985938175,5,0.127482366462072,0.136813766180835,Carlström
carlstrom_phyllosphere_2019,SPIEC-EASI,0.91,0.132148066321453,0.00466569985938175,5,0.127482366462072,0.136813766180835,Carlström
carlstrom_phyllosphere_2019,SPIEC-EASI,0.92,0.129799288972676,0.00281201230546532,5,0.126987276667211,0.132611301278141,Carlström
carlstrom_phyllosphere_2019,SPIEC-EASI,0.93,0.129799288972676,0.00281201230546532,5,0.126987276667211,0.132611301278141,Carlström
carlstrom_phyllosphere_2019,SPIEC-EASI,0.94,0.129799288972676,0.00281201230546532,5,0.126987276667211,0.132611301278141,Carlström
carlstrom_phyllosphere_2019,SPIEC-EASI,0.95,0.129799288972676,0.00281201230546532,5,0.126987276667211,0.132611301278141,Carlström
carlstrom_phyllosphere_2019,SPIEC-EASI,0.96,0.127160604632961,0.00234425215680058,5,0.12481635247616,0.129504856789761,Carlström
carlstrom_phyllosphere_2019,SPIEC-EASI,0.97,0.127160604632961,0.00234425215680058,5,0.12481635247616,0.129504856789761,Carlström
carlstrom_phyllosphere_2019,SPIEC-EASI,0.98,0.127160604632961,0.00234425215680058,5,0.12481635247616,0.129504856789761,Carlström
carlstrom_phyllosphere_2019,SPIEC-EASI,0.99,0.127160604632961,0.00234425215680058,5,0.12481635247616,0.129504856789761,Carlström
carlstrom_phyllosphere_2019,SPIEC-EASI,1,0.127160604632961,0.00234425215680058,5,0.12481635247616,0.129504856789761,Carlström
schafer_phyllosphere_2022,LENS,0,1,0,5,1,1,Schäfer
schafer_phyllosphere_2022,LENS,0.01,0.726666666666667,0.16746475582774,5,0.559201910838927,0.894131422494406,Schäfer
schafer_phyllosphere_2022,LENS,0.02,0.726666666666667,0.16746475582774,5,0.559201910838927,0.894131422494406,Schäfer
schafer_phyllosphere_2022,LENS,0.03,0.726666666666667,0.16746475582774,5,0.559201910838927,0.894131422494406,Schäfer
schafer_phyllosphere_2022,LENS,0.04,0.726666666666667,0.16746475582774,5,0.559201910838927,0.894131422494406,Schäfer
schafer_phyllosphere_2022,LENS,0.05,0.726666666666667,0.16746475582774,5,0.559201910838927,0.894131422494406,Schäfer
schafer_phyllosphere_2022,LENS,0.06,0.726666666666667,0.16746475582774,5,0.559201910838927,0.894131422494406,Schäfer
schafer_phyllosphere_2022,LENS,0.07,0.726666666666667,0.16746475582774,5,0.559201910838927,0.894131422494406,Schäfer
schafer_phyllosphere_2022,LENS,0.08,0.726666666666667,0.16746475582774,5,0.559201910838927,0.894131422494406,Schäfer
schafer_phyllosphere_2022,LENS,0.09,0.726666666666667,0.16746475582774,5,0.559201910838927,0.894131422494406,Schäfer
schafer_phyllosphere_2022,LENS,0.1,0.726666666666667,0.16746475582774,5,0.559201910838927,0.894131422494406,Schäfer
schafer_phyllosphere_2022,LENS,0.11,0.726666666666667,0.16746475582774,5,0.559201910838927,0.894131422494406,Schäfer
schafer_phyllosphere_2022,LENS,0.12,0.726666666666667,0.16746475582774,5,0.559201910838927,0.894131422494406,Schäfer
schafer_phyllosphere_2022,LENS,0.13,0.726666666666667,0.16746475582774,5,0.559201910838927,0.894131422494406,Schäfer
schafer_phyllosphere_2022,LENS,0.14,0.726666666666667,0.16746475582774,5,0.559201910838927,0.894131422494406,Schäfer
schafer_phyllosphere_2022,LENS,0.15,0.726666666666667,0.16746475582774,5,0.559201910838927,0.894131422494406,Schäfer
schafer_phyllosphere_2022,LENS,0.16,0.726666666666667,0.16746475582774,5,0.559201910838927,0.894131422494406,Schäfer
schafer_phyllosphere_2022,LENS,0.17,0.726666666666667,0.16746475582774,5,0.559201910838927,0.894131422494406,Schäfer
schafer_phyllosphere_2022,LENS,0.18,0.726666666666667,0.16746475582774,5,0.559201910838927,0.894131422494406,Schäfer
schafer_phyllosphere_2022,LENS,0.19,0.726666666666667,0.16746475582774,5,0.559201910838927,0.894131422494406,Schäfer
schafer_phyllosphere_2022,LENS,0.2,0.726666666666667,0.16746475582774,5,0.559201910838927,0.894131422494406,Schäfer
schafer_phyllosphere_2022,LENS,0.21,0.726666666666667,0.16746475582774,5,0.559201910838927,0.894131422494406,Schäfer
schafer_phyllosphere_2022,LENS,0.22,0.726666666666667,0.16746475582774,5,0.559201910838927,0.894131422494406,Schäfer
schafer_phyllosphere_2022,LENS,0.23,0.726666666666667,0.16746475582774,5,0.559201910838927,0.894131422494406,Schäfer
schafer_phyllosphere_2022,LENS,0.24,0.726666666666667,0.16746475582774,5,0.559201910838927,0.894131422494406,Schäfer
schafer_phyllosphere_2022,LENS,0.25,0.726666666666667,0.16746475582774,5,0.559201910838927,0.894131422494406,Schäfer
schafer_phyllosphere_2022,LENS,0.26,0.501666666666667,0.129110202712429,5,0.372556463954238,0.630776869379095,Schäfer
schafer_phyllosphere_2022,LENS,0.27,0.501666666666667,0.129110202712429,5,0.372556463954238,0.630776869379095,Schäfer
schafer_phyllosphere_2022,LENS,0.28,0.501666666666667,0.129110202712429,5,0.372556463954238,0.630776869379095,Schäfer
schafer_phyllosphere_2022,LENS,0.29,0.501666666666667,0.129110202712429,5,0.372556463954238,0.630776869379095,Schäfer
schafer_phyllosphere_2022,LENS,0.3,0.501666666666667,0.129110202712429,5,0.372556463954238,0.630776869379095,Schäfer
schafer_phyllosphere_2022,LENS,0.31,0.501666666666667,0.129110202712429,5,0.372556463954238,0.630776869379095,Schäfer
schafer_phyllosphere_2022,LENS,0.32,0.501666666666667,0.129110202712429,5,0.372556463954238,0.630776869379095,Schäfer
schafer_phyllosphere_2022,LENS,0.33,0.501666666666667,0.129110202712429,5,0.372556463954238,0.630776869379095,Schäfer
schafer_phyllosphere_2022,LENS,0.34,0.501666666666667,0.129110202712429,5,0.372556463954238,0.630776869379095,Schäfer
schafer_phyllosphere_2022,LENS,0.35,0.501666666666667,0.129110202712429,5,0.372556463954238,0.630776869379095,Schäfer
schafer_phyllosphere_2022,LENS,0.36,0.501666666666667,0.129110202712429,5,0.372556463954238,0.630776869379095,Schäfer
schafer_phyllosphere_2022,LENS,0.37,0.501666666666667,0.129110202712429,5,0.372556463954238,0.630776869379095,Schäfer
schafer_phyllosphere_2022,LENS,0.38,0.4625,0.138951374832713,5,0.323548625167287,0.601451374832713,Schäfer
schafer_phyllosphere_2022,LENS,0.39,0.4625,0.138951374832713,5,0.323548625167287,0.601451374832713,Schäfer
schafer_phyllosphere_2022,LENS,0.4,0.4625,0.138951374832713,5,0.323548625167287,0.601451374832713,Schäfer
schafer_phyllosphere_2022,LENS,0.41,0.4625,0.138951374832713,5,0.323548625167287,0.601451374832713,Schäfer
schafer_phyllosphere_2022,LENS,0.42,0.4625,0.138951374832713,5,0.323548625167287,0.601451374832713,Schäfer
schafer_phyllosphere_2022,LENS,0.43,0.43219696969697,0.148939010741036,5,0.283257958955934,0.581135980438005,Schäfer
schafer_phyllosphere_2022,LENS,0.44,0.43219696969697,0.148939010741036,5,0.283257958955934,0.581135980438005,Schäfer
schafer_phyllosphere_2022,LENS,0.45,0.43219696969697,0.148939010741036,5,0.283257958955934,0.581135980438005,Schäfer
schafer_phyllosphere_2022,LENS,0.46,0.43219696969697,0.148939010741036,5,0.283257958955934,0.581135980438005,Schäfer
schafer_phyllosphere_2022,LENS,0.47,0.43219696969697,0.148939010741036,5,0.283257958955934,0.581135980438005,Schäfer
schafer_phyllosphere_2022,LENS,0.48,0.43219696969697,0.148939010741036,5,0.283257958955934,0.581135980438005,Schäfer
schafer_phyllosphere_2022,LENS,0.49,0.43219696969697,0.148939010741036,5,0.283257958955934,0.581135980438005,Schäfer
schafer_phyllosphere_2022,LENS,0.5,0.43219696969697,0.148939010741036,5,0.283257958955934,0.581135980438005,Schäfer
schafer_phyllosphere_2022,LENS,0.51,0.387256493506494,0.156032505906008,5,0.231223987600485,0.543288999412502,Schäfer
schafer_phyllosphere_2022,LENS,0.52,0.387256493506494,0.156032505906008,5,0.231223987600485,0.543288999412502,Schäfer
schafer_phyllosphere_2022,LENS,0.53,0.387256493506494,0.156032505906008,5,0.231223987600485,0.543288999412502,Schäfer
schafer_phyllosphere_2022,LENS,0.54,0.387256493506494,0.156032505906008,5,0.231223987600485,0.543288999412502,Schäfer
schafer_phyllosphere_2022,LENS,0.55,0.387256493506494,0.156032505906008,5,0.231223987600485,0.543288999412502,Schäfer
schafer_phyllosphere_2022,LENS,0.56,0.387256493506494,0.156032505906008,5,0.231223987600485,0.543288999412502,Schäfer
schafer_phyllosphere_2022,LENS,0.57,0.387256493506494,0.156032505906008,5,0.231223987600485,0.543288999412502,Schäfer
schafer_phyllosphere_2022,LENS,0.58,0.347862554112554,0.125710474578648,5,0.222152079533906,0.473573028691203,Schäfer
schafer_phyllosphere_2022,LENS,0.59,0.347862554112554,0.125710474578648,5,0.222152079533906,0.473573028691203,Schäfer
schafer_phyllosphere_2022,LENS,0.6,0.347862554112554,0.125710474578648,5,0.222152079533906,0.473573028691203,Schäfer
schafer_phyllosphere_2022,LENS,0.61,0.347862554112554,0.125710474578648,5,0.222152079533906,0.473573028691203,Schäfer
schafer_phyllosphere_2022,LENS,0.62,0.347862554112554,0.125710474578648,5,0.222152079533906,0.473573028691203,Schäfer
schafer_phyllosphere_2022,LENS,0.63,0.329385281385281,0.128987530792774,5,0.200397750592507,0.458372812178056,Schäfer
schafer_phyllosphere_2022,LENS,0.64,0.329385281385281,0.128987530792774,5,0.200397750592507,0.458372812178056,Schäfer
schafer_phyllosphere_2022,LENS,0.65,0.329385281385281,0.128987530792774,5,0.200397750592507,0.458372812178056,Schäfer
schafer_phyllosphere_2022,LENS,0.66,0.329385281385281,0.128987530792774,5,0.200397750592507,0.458372812178056,Schäfer
schafer_phyllosphere_2022,LENS,0.67,0.329385281385281,0.128987530792774,5,0.200397750592507,0.458372812178056,Schäfer
schafer_phyllosphere_2022,LENS,0.68,0.329385281385281,0.128987530792774,5,0.200397750592507,0.458372812178056,Schäfer
schafer_phyllosphere_2022,LENS,0.69,0.329385281385281,0.128987530792774,5,0.200397750592507,0.458372812178056,Schäfer
schafer_phyllosphere_2022,LENS,0.7,0.329385281385281,0.128987530792774,5,0.200397750592507,0.458372812178056,Schäfer
schafer_phyllosphere_2022,LENS,0.71,0.329385281385281,0.128987530792774,5,0.200397750592507,0.458372812178056,Schäfer
schafer_phyllosphere_2022,LENS,0.72,0.304637806637807,0.115899181884605,5,0.188738624753201,0.420536988522412,Schäfer
schafer_phyllosphere_2022,LENS,0.73,0.304637806637807,0.115899181884605,5,0.188738624753201,0.420536988522412,Schäfer
schafer_phyllosphere_2022,LENS,0.74,0.304637806637807,0.115899181884605,5,0.188738624753201,0.420536988522412,Schäfer
schafer_phyllosphere_2022,LENS,0.75,0.304637806637807,0.115899181884605,5,0.188738624753201,0.420536988522412,Schäfer
schafer_phyllosphere_2022,LENS,0.76,0.285495622539515,0.118838658869243,5,0.166656963670271,0.404334281408758,Schäfer
schafer_phyllosphere_2022,LENS,0.77,0.285495622539515,0.118838658869243,5,0.166656963670271,0.404334281408758,Schäfer
schafer_phyllosphere_2022,LENS,0.78,0.285495622539515,0.118838658869243,5,0.166656963670271,0.404334281408758,Schäfer
schafer_phyllosphere_2022,LENS,0.79,0.285495622539515,0.118838658869243,5,0.166656963670271,0.404334281408758,Schäfer
schafer_phyllosphere_2022,LENS,0.8,0.285495622539515,0.118838658869243,5,0.166656963670271,0.404334281408758,Schäfer
schafer_phyllosphere_2022,LENS,0.81,0.285495622539515,0.118838658869243,5,0.166656963670271,0.404334281408758,Schäfer
schafer_phyllosphere_2022,LENS,0.82,0.285495622539515,0.118838658869243,5,0.166656963670271,0.404334281408758,Schäfer
schafer_phyllosphere_2022,LENS,0.83,0.285495622539515,0.118838658869243,5,0.166656963670271,0.404334281408758,Schäfer
schafer_phyllosphere_2022,LENS,0.84,0.285495622539515,0.118838658869243,5,0.166656963670271,0.404334281408758,Schäfer
schafer_phyllosphere_2022,LENS,0.85,0.285495622539515,0.118838658869243,5,0.166656963670271,0.404334281408758,Schäfer
schafer_phyllosphere_2022,LENS,0.86,0.197805286341716,0.0397908246742777,5,0.158014461667438,0.237596111015994,Schäfer
schafer_phyllosphere_2022,LENS,0.87,0.197805286341716,0.0397908246742777,5,0.158014461667438,0.237596111015994,Schäfer
schafer_phyllosphere_2022,LENS,0.88,0.147596452812237,0.0427859173020742,5,0.104810535510163,0.190382370114311,Schäfer
schafer_phyllosphere_2022,LENS,0.89,0.147596452812237,0.0427859173020742,5,0.104810535510163,0.190382370114311,Schäfer
schafer_phyllosphere_2022,LENS,0.9,0.147596452812237,0.0427859173020742,5,0.104810535510163,0.190382370114311,Schäfer
schafer_phyllosphere_2022,LENS,0.91,0.147596452812237,0.0427859173020742,5,0.104810535510163,0.190382370114311,Schäfer
schafer_phyllosphere_2022,LENS,0.92,0.147596452812237,0.0427859173020742,5,0.104810535510163,0.190382370114311,Schäfer
schafer_phyllosphere_2022,LENS,0.93,0.147596452812237,0.0427859173020742,5,0.104810535510163,0.190382370114311,Schäfer
schafer_phyllosphere_2022,LENS,0.94,0.147596452812237,0.0427859173020742,5,0.104810535510163,0.190382370114311,Schäfer
schafer_phyllosphere_2022,LENS,0.95,0.147596452812237,0.0427859173020742,5,0.104810535510163,0.190382370114311,Schäfer
schafer_phyllosphere_2022,LENS,0.96,0.147596452812237,0.0427859173020742,5,0.104810535510163,0.190382370114311,Schäfer
schafer_phyllosphere_2022,LENS,0.97,0.147596452812237,0.0427859173020742,5,0.104810535510163,0.190382370114311,Schäfer
schafer_phyllosphere_2022,LENS,0.98,0.147596452812237,0.0427859173020742,5,0.104810535510163,0.190382370114311,Schäfer
schafer_phyllosphere_2022,LENS,0.99,0.147596452812237,0.0427859173020742,5,0.104810535510163,0.190382370114311,Schäfer
schafer_phyllosphere_2022,LENS,1,0.147596452812237,0.0427859173020742,5,0.104810535510163,0.190382370114311,Schäfer
schafer_phyllosphere_2022,OneNet,0,1,0,5,1,1,Schäfer
schafer_phyllosphere_2022,OneNet,0.01,0.385462735462736,0.156534010207976,5,0.22892872525476,0.541996745670711,Schäfer
schafer_phyllosphere_2022,OneNet,0.02,0.385462735462736,0.156534010207976,5,0.22892872525476,0.541996745670711,Schäfer
schafer_phyllosphere_2022,OneNet,0.03,0.385462735462736,0.156534010207976,5,0.22892872525476,0.541996745670711,Schäfer
schafer_phyllosphere_2022,OneNet,0.04,0.385462735462736,0.156534010207976,5,0.22892872525476,0.541996745670711,Schäfer
schafer_phyllosphere_2022,OneNet,0.05,0.385462735462736,0.156534010207976,5,0.22892872525476,0.541996745670711,Schäfer
schafer_phyllosphere_2022,OneNet,0.06,0.385462735462736,0.156534010207976,5,0.22892872525476,0.541996745670711,Schäfer
schafer_phyllosphere_2022,OneNet,0.07,0.385462735462736,0.156534010207976,5,0.22892872525476,0.541996745670711,Schäfer
schafer_phyllosphere_2022,OneNet,0.08,0.385462735462736,0.156534010207976,5,0.22892872525476,0.541996745670711,Schäfer
schafer_phyllosphere_2022,OneNet,0.09,0.385462735462736,0.156534010207976,5,0.22892872525476,0.541996745670711,Schäfer
schafer_phyllosphere_2022,OneNet,0.1,0.385462735462736,0.156534010207976,5,0.22892872525476,0.541996745670711,Schäfer
schafer_phyllosphere_2022,OneNet,0.11,0.385462735462736,0.156534010207976,5,0.22892872525476,0.541996745670711,Schäfer
schafer_phyllosphere_2022,OneNet,0.12,0.385462735462736,0.156534010207976,5,0.22892872525476,0.541996745670711,Schäfer
schafer_phyllosphere_2022,OneNet,0.13,0.385462735462736,0.156534010207976,5,0.22892872525476,0.541996745670711,Schäfer
schafer_phyllosphere_2022,OneNet,0.14,0.385462735462736,0.156534010207976,5,0.22892872525476,0.541996745670711,Schäfer
schafer_phyllosphere_2022,OneNet,0.15,0.385462735462736,0.156534010207976,5,0.22892872525476,0.541996745670711,Schäfer
schafer_phyllosphere_2022,OneNet,0.16,0.385462735462736,0.156534010207976,5,0.22892872525476,0.541996745670711,Schäfer
schafer_phyllosphere_2022,OneNet,0.17,0.385462735462736,0.156534010207976,5,0.22892872525476,0.541996745670711,Schäfer
schafer_phyllosphere_2022,OneNet,0.18,0.385462735462736,0.156534010207976,5,0.22892872525476,0.541996745670711,Schäfer
schafer_phyllosphere_2022,OneNet,0.19,0.385462735462736,0.156534010207976,5,0.22892872525476,0.541996745670711,Schäfer
schafer_phyllosphere_2022,OneNet,0.2,0.385462735462736,0.156534010207976,5,0.22892872525476,0.541996745670711,Schäfer
schafer_phyllosphere_2022,OneNet,0.21,0.385462735462736,0.156534010207976,5,0.22892872525476,0.541996745670711,Schäfer
schafer_phyllosphere_2022,OneNet,0.22,0.385462735462736,0.156534010207976,5,0.22892872525476,0.541996745670711,Schäfer
schafer_phyllosphere_2022,OneNet,0.23,0.385462735462736,0.156534010207976,5,0.22892872525476,0.541996745670711,Schäfer
schafer_phyllosphere_2022,OneNet,0.24,0.385462735462736,0.156534010207976,5,0.22892872525476,0.541996745670711,Schäfer
schafer_phyllosphere_2022,OneNet,0.25,0.385462735462736,0.156534010207976,5,0.22892872525476,0.541996745670711,Schäfer
schafer_phyllosphere_2022,OneNet,0.26,0.227644553644554,0.0384562278554036,5,0.18918832578915,0.266100781499957,Schäfer
schafer_phyllosphere_2022,OneNet,0.27,0.227644553644554,0.0384562278554036,5,0.18918832578915,0.266100781499957,Schäfer
schafer_phyllosphere_2022,OneNet,0.28,0.227644553644554,0.0384562278554036,5,0.18918832578915,0.266100781499957,Schäfer
schafer_phyllosphere_2022,OneNet,0.29,0.227644553644554,0.0384562278554036,5,0.18918832578915,0.266100781499957,Schäfer
schafer_phyllosphere_2022,OneNet,0.3,0.227644553644554,0.0384562278554036,5,0.18918832578915,0.266100781499957,Schäfer
schafer_phyllosphere_2022,OneNet,0.31,0.227644553644554,0.0384562278554036,5,0.18918832578915,0.266100781499957,Schäfer
schafer_phyllosphere_2022,OneNet,0.32,0.227644553644554,0.0384562278554036,5,0.18918832578915,0.266100781499957,Schäfer
schafer_phyllosphere_2022,OneNet,0.33,0.227644553644554,0.0384562278554036,5,0.18918832578915,0.266100781499957,Schäfer
schafer_phyllosphere_2022,OneNet,0.34,0.227644553644554,0.0384562278554036,5,0.18918832578915,0.266100781499957,Schäfer
schafer_phyllosphere_2022,OneNet,0.35,0.227644553644554,0.0384562278554036,5,0.18918832578915,0.266100781499957,Schäfer
schafer_phyllosphere_2022,OneNet,0.36,0.227644553644554,0.0384562278554036,5,0.18918832578915,0.266100781499957,Schäfer
schafer_phyllosphere_2022,OneNet,0.37,0.227644553644554,0.0384562278554036,5,0.18918832578915,0.266100781499957,Schäfer
schafer_phyllosphere_2022,OneNet,0.38,0.193622908622909,0.0437082605370714,5,0.149914648085837,0.23733116915998,Schäfer
schafer_phyllosphere_2022,OneNet,0.39,0.193622908622909,0.0437082605370714,5,0.149914648085837,0.23733116915998,Schäfer
schafer_phyllosphere_2022,OneNet,0.4,0.193622908622909,0.0437082605370714,5,0.149914648085837,0.23733116915998,Schäfer
schafer_phyllosphere_2022,OneNet,0.41,0.193622908622909,0.0437082605370714,5,0.149914648085837,0.23733116915998,Schäfer
schafer_phyllosphere_2022,OneNet,0.42,0.193622908622909,0.0437082605370714,5,0.149914648085837,0.23733116915998,Schäfer
schafer_phyllosphere_2022,OneNet,0.43,0.193622908622909,0.0437082605370714,5,0.149914648085837,0.23733116915998,Schäfer
schafer_phyllosphere_2022,OneNet,0.44,0.193622908622909,0.0437082605370714,5,0.149914648085837,0.23733116915998,Schäfer
schafer_phyllosphere_2022,OneNet,0.45,0.193622908622909,0.0437082605370714,5,0.149914648085837,0.23733116915998,Schäfer
schafer_phyllosphere_2022,OneNet,0.46,0.193622908622909,0.0437082605370714,5,0.149914648085837,0.23733116915998,Schäfer
schafer_phyllosphere_2022,OneNet,0.47,0.193622908622909,0.0437082605370714,5,0.149914648085837,0.23733116915998,Schäfer
schafer_phyllosphere_2022,OneNet,0.48,0.193622908622909,0.0437082605370714,5,0.149914648085837,0.23733116915998,Schäfer
schafer_phyllosphere_2022,OneNet,0.49,0.193622908622909,0.0437082605370714,5,0.149914648085837,0.23733116915998,Schäfer
schafer_phyllosphere_2022,OneNet,0.5,0.193622908622909,0.0437082605370714,5,0.149914648085837,0.23733116915998,Schäfer
schafer_phyllosphere_2022,OneNet,0.51,0.176857232055252,0.0519316638458754,5,0.124925568209377,0.228788895901127,Schäfer
schafer_phyllosphere_2022,OneNet,0.52,0.176857232055252,0.0519316638458754,5,0.124925568209377,0.228788895901127,Schäfer
schafer_phyllosphere_2022,OneNet,0.53,0.176857232055252,0.0519316638458754,5,0.124925568209377,0.228788895901127,Schäfer
schafer_phyllosphere_2022,OneNet,0.54,0.176857232055252,0.0519316638458754,5,0.124925568209377,0.228788895901127,Schäfer
schafer_phyllosphere_2022,OneNet,0.55,0.176857232055252,0.0519316638458754,5,0.124925568209377,0.228788895901127,Schäfer
schafer_phyllosphere_2022,OneNet,0.56,0.176857232055252,0.0519316638458754,5,0.124925568209377,0.228788895901127,Schäfer
schafer_phyllosphere_2022,OneNet,0.57,0.176857232055252,0.0519316638458754,5,0.124925568209377,0.228788895901127,Schäfer
schafer_phyllosphere_2022,OneNet,0.58,0.165746120944141,0.044170610434511,5,0.12157551050963,0.209916731378652,Schäfer
schafer_phyllosphere_2022,OneNet,0.59,0.165746120944141,0.044170610434511,5,0.12157551050963,0.209916731378652,Schäfer
schafer_phyllosphere_2022,OneNet,0.6,0.165746120944141,0.044170610434511,5,0.12157551050963,0.209916731378652,Schäfer
schafer_phyllosphere_2022,OneNet,0.61,0.165746120944141,0.044170610434511,5,0.12157551050963,0.209916731378652,Schäfer
schafer_phyllosphere_2022,OneNet,0.62,0.165746120944141,0.044170610434511,5,0.12157551050963,0.209916731378652,Schäfer
schafer_phyllosphere_2022,OneNet,0.63,0.129292335814075,0.0419019933636343,5,0.0873903424504406,0.171194329177709,Schäfer
schafer_phyllosphere_2022,OneNet,0.64,0.129292335814075,0.0419019933636343,5,0.0873903424504406,0.171194329177709,Schäfer
schafer_phyllosphere_2022,OneNet,0.65,0.129292335814075,0.0419019933636343,5,0.0873903424504406,0.171194329177709,Schäfer
schafer_phyllosphere_2022,OneNet,0.66,0.129292335814075,0.0419019933636343,5,0.0873903424504406,0.171194329177709,Schäfer
schafer_phyllosphere_2022,OneNet,0.67,0.129292335814075,0.0419019933636343,5,0.0873903424504406,0.171194329177709,Schäfer
schafer_phyllosphere_2022,OneNet,0.68,0.129292335814075,0.0419019933636343,5,0.0873903424504406,0.171194329177709,Schäfer
schafer_phyllosphere_2022,OneNet,0.69,0.129292335814075,0.0419019933636343,5,0.0873903424504406,0.171194329177709,Schäfer
schafer_phyllosphere_2022,OneNet,0.7,0.129292335814075,0.0419019933636343,5,0.0873903424504406,0.171194329177709,Schäfer
schafer_phyllosphere_2022,OneNet,0.71,0.129292335814075,0.0419019933636343,5,0.0873903424504406,0.171194329177709,Schäfer
schafer_phyllosphere_2022,OneNet,0.72,0.121736780258519,0.035382459844182,5,0.0863543204143374,0.157119240102701,Schäfer
schafer_phyllosphere_2022,OneNet,0.73,0.121736780258519,0.035382459844182,5,0.0863543204143374,0.157119240102701,Schäfer
schafer_phyllosphere_2022,OneNet,0.74,0.121736780258519,0.035382459844182,5,0.0863543204143374,0.157119240102701,Schäfer
schafer_phyllosphere_2022,OneNet,0.75,0.121736780258519,0.035382459844182,5,0.0863543204143374,0.157119240102701,Schäfer
schafer_phyllosphere_2022,OneNet,0.76,0.120437429933682,0.0357239785857393,5,0.0847134513479425,0.156161408519421,Schäfer
schafer_phyllosphere_2022,OneNet,0.77,0.120437429933682,0.0357239785857393,5,0.0847134513479425,0.156161408519421,Schäfer
schafer_phyllosphere_2022,OneNet,0.78,0.120437429933682,0.0357239785857393,5,0.0847134513479425,0.156161408519421,Schäfer
schafer_phyllosphere_2022,OneNet,0.79,0.120437429933682,0.0357239785857393,5,0.0847134513479425,0.156161408519421,Schäfer
schafer_phyllosphere_2022,OneNet,0.8,0.120437429933682,0.0357239785857393,5,0.0847134513479425,0.156161408519421,Schäfer
schafer_phyllosphere_2022,OneNet,0.81,0.120437429933682,0.0357239785857393,5,0.0847134513479425,0.156161408519421,Schäfer
schafer_phyllosphere_2022,OneNet,0.82,0.120437429933682,0.0357239785857393,5,0.0847134513479425,0.156161408519421,Schäfer
schafer_phyllosphere_2022,OneNet,0.83,0.120437429933682,0.0357239785857393,5,0.0847134513479425,0.156161408519421,Schäfer
schafer_phyllosphere_2022,OneNet,0.84,0.120437429933682,0.0357239785857393,5,0.0847134513479425,0.156161408519421,Schäfer
schafer_phyllosphere_2022,OneNet,0.85,0.120437429933682,0.0357239785857393,5,0.0847134513479425,0.156161408519421,Schäfer
schafer_phyllosphere_2022,OneNet,0.86,0.0827482191918395,0.0127731088595612,5,0.0699751103322783,0.0955213280514007,Schäfer
schafer_phyllosphere_2022,OneNet,0.87,0.0827482191918395,0.0127731088595612,5,0.0699751103322783,0.0955213280514007,Schäfer
schafer_phyllosphere_2022,OneNet,0.88,0.0719909597628732,0.0163243402808229,5,0.0556666194820502,0.0883153000436961,Schäfer
schafer_phyllosphere_2022,OneNet,0.89,0.0719909597628732,0.0163243402808229,5,0.0556666194820502,0.0883153000436961,Schäfer
schafer_phyllosphere_2022,OneNet,0.9,0.0719909597628732,0.0163243402808229,5,0.0556666194820502,0.0883153000436961,Schäfer
schafer_phyllosphere_2022,OneNet,0.91,0.0719909597628732,0.0163243402808229,5,0.0556666194820502,0.0883153000436961,Schäfer
schafer_phyllosphere_2022,OneNet,0.92,0.0719909597628732,0.0163243402808229,5,0.0556666194820502,0.0883153000436961,Schäfer
schafer_phyllosphere_2022,OneNet,0.93,0.0719909597628732,0.0163243402808229,5,0.0556666194820502,0.0883153000436961,Schäfer
schafer_phyllosphere_2022,OneNet,0.94,0.0719909597628732,0.0163243402808229,5,0.0556666194820502,0.0883153000436961,Schäfer
schafer_phyllosphere_2022,OneNet,0.95,0.0719909597628732,0.0163243402808229,5,0.0556666194820502,0.0883153000436961,Schäfer
schafer_phyllosphere_2022,OneNet,0.96,0.0719909597628732,0.0163243402808229,5,0.0556666194820502,0.0883153000436961,Schäfer
schafer_phyllosphere_2022,OneNet,0.97,0.0719909597628732,0.0163243402808229,5,0.0556666194820502,0.0883153000436961,Schäfer
schafer_phyllosphere_2022,OneNet,0.98,0.0719909597628732,0.0163243402808229,5,0.0556666194820502,0.0883153000436961,Schäfer
schafer_phyllosphere_2022,OneNet,0.99,0.0719909597628732,0.0163243402808229,5,0.0556666194820502,0.0883153000436961,Schäfer
schafer_phyllosphere_2022,OneNet,1,0.0719909597628732,0.0163243402808229,5,0.0556666194820502,0.0883153000436961,Schäfer
schafer_phyllosphere_2022,SparCC,0,1,0,5,1,1,Schäfer
schafer_phyllosphere_2022,SparCC,0.01,0.206449275362319,0.0123328990539866,5,0.194116376308332,0.218782174416305,Schäfer
schafer_phyllosphere_2022,SparCC,0.02,0.206449275362319,0.0123328990539866,5,0.194116376308332,0.218782174416305,Schäfer
schafer_phyllosphere_2022,SparCC,0.03,0.206449275362319,0.0123328990539866,5,0.194116376308332,0.218782174416305,Schäfer
schafer_phyllosphere_2022,SparCC,0.04,0.206449275362319,0.0123328990539866,5,0.194116376308332,0.218782174416305,Schäfer
schafer_phyllosphere_2022,SparCC,0.05,0.206449275362319,0.0123328990539866,5,0.194116376308332,0.218782174416305,Schäfer
schafer_phyllosphere_2022,SparCC,0.06,0.206449275362319,0.0123328990539866,5,0.194116376308332,0.218782174416305,Schäfer
schafer_phyllosphere_2022,SparCC,0.07,0.206449275362319,0.0123328990539866,5,0.194116376308332,0.218782174416305,Schäfer
schafer_phyllosphere_2022,SparCC,0.08,0.206449275362319,0.0123328990539866,5,0.194116376308332,0.218782174416305,Schäfer
schafer_phyllosphere_2022,SparCC,0.09,0.206449275362319,0.0123328990539866,5,0.194116376308332,0.218782174416305,Schäfer
schafer_phyllosphere_2022,SparCC,0.1,0.206449275362319,0.0123328990539866,5,0.194116376308332,0.218782174416305,Schäfer
schafer_phyllosphere_2022,SparCC,0.11,0.206449275362319,0.0123328990539866,5,0.194116376308332,0.218782174416305,Schäfer
schafer_phyllosphere_2022,SparCC,0.12,0.206449275362319,0.0123328990539866,5,0.194116376308332,0.218782174416305,Schäfer
schafer_phyllosphere_2022,SparCC,0.13,0.206449275362319,0.0123328990539866,5,0.194116376308332,0.218782174416305,Schäfer
schafer_phyllosphere_2022,SparCC,0.14,0.206449275362319,0.0123328990539866,5,0.194116376308332,0.218782174416305,Schäfer
schafer_phyllosphere_2022,SparCC,0.15,0.206449275362319,0.0123328990539866,5,0.194116376308332,0.218782174416305,Schäfer
schafer_phyllosphere_2022,SparCC,0.16,0.206449275362319,0.0123328990539866,5,0.194116376308332,0.218782174416305,Schäfer
schafer_phyllosphere_2022,SparCC,0.17,0.206449275362319,0.0123328990539866,5,0.194116376308332,0.218782174416305,Schäfer
schafer_phyllosphere_2022,SparCC,0.18,0.206449275362319,0.0123328990539866,5,0.194116376308332,0.218782174416305,Schäfer
schafer_phyllosphere_2022,SparCC,0.19,0.206449275362319,0.0123328990539866,5,0.194116376308332,0.218782174416305,Schäfer
schafer_phyllosphere_2022,SparCC,0.2,0.206449275362319,0.0123328990539866,5,0.194116376308332,0.218782174416305,Schäfer
schafer_phyllosphere_2022,SparCC,0.21,0.206449275362319,0.0123328990539866,5,0.194116376308332,0.218782174416305,Schäfer
schafer_phyllosphere_2022,SparCC,0.22,0.206449275362319,0.0123328990539866,5,0.194116376308332,0.218782174416305,Schäfer
schafer_phyllosphere_2022,SparCC,0.23,0.206449275362319,0.0123328990539866,5,0.194116376308332,0.218782174416305,Schäfer
schafer_phyllosphere_2022,SparCC,0.24,0.206449275362319,0.0123328990539866,5,0.194116376308332,0.218782174416305,Schäfer
schafer_phyllosphere_2022,SparCC,0.25,0.206449275362319,0.0123328990539866,5,0.194116376308332,0.218782174416305,Schäfer
schafer_phyllosphere_2022,SparCC,0.26,0.206449275362319,0.0123328990539866,5,0.194116376308332,0.218782174416305,Schäfer
schafer_phyllosphere_2022,SparCC,0.27,0.206449275362319,0.0123328990539866,5,0.194116376308332,0.218782174416305,Schäfer
schafer_phyllosphere_2022,SparCC,0.28,0.206449275362319,0.0123328990539866,5,0.194116376308332,0.218782174416305,Schäfer
schafer_phyllosphere_2022,SparCC,0.29,0.206449275362319,0.0123328990539866,5,0.194116376308332,0.218782174416305,Schäfer
schafer_phyllosphere_2022,SparCC,0.3,0.206449275362319,0.0123328990539866,5,0.194116376308332,0.218782174416305,Schäfer
schafer_phyllosphere_2022,SparCC,0.31,0.206449275362319,0.0123328990539866,5,0.194116376308332,0.218782174416305,Schäfer
schafer_phyllosphere_2022,SparCC,0.32,0.206449275362319,0.0123328990539866,5,0.194116376308332,0.218782174416305,Schäfer
schafer_phyllosphere_2022,SparCC,0.33,0.206449275362319,0.0123328990539866,5,0.194116376308332,0.218782174416305,Schäfer
schafer_phyllosphere_2022,SparCC,0.34,0.206449275362319,0.0123328990539866,5,0.194116376308332,0.218782174416305,Schäfer
schafer_phyllosphere_2022,SparCC,0.35,0.206449275362319,0.0123328990539866,5,0.194116376308332,0.218782174416305,Schäfer
schafer_phyllosphere_2022,SparCC,0.36,0.206449275362319,0.0123328990539866,5,0.194116376308332,0.218782174416305,Schäfer
schafer_phyllosphere_2022,SparCC,0.37,0.206449275362319,0.0123328990539866,5,0.194116376308332,0.218782174416305,Schäfer
schafer_phyllosphere_2022,SparCC,0.38,0.201231884057971,0.0140052050215576,5,0.187226679036413,0.215237089079529,Schäfer
schafer_phyllosphere_2022,SparCC,0.39,0.201231884057971,0.0140052050215576,5,0.187226679036413,0.215237089079529,Schäfer
schafer_phyllosphere_2022,SparCC,0.4,0.201231884057971,0.0140052050215576,5,0.187226679036413,0.215237089079529,Schäfer
schafer_phyllosphere_2022,SparCC,0.41,0.201231884057971,0.0140052050215576,5,0.187226679036413,0.215237089079529,Schäfer
schafer_phyllosphere_2022,SparCC,0.42,0.201231884057971,0.0140052050215576,5,0.187226679036413,0.215237089079529,Schäfer
schafer_phyllosphere_2022,SparCC,0.43,0.201231884057971,0.0140052050215576,5,0.187226679036413,0.215237089079529,Schäfer
schafer_phyllosphere_2022,SparCC,0.44,0.201231884057971,0.0140052050215576,5,0.187226679036413,0.215237089079529,Schäfer
schafer_phyllosphere_2022,SparCC,0.45,0.201231884057971,0.0140052050215576,5,0.187226679036413,0.215237089079529,Schäfer
schafer_phyllosphere_2022,SparCC,0.46,0.201231884057971,0.0140052050215576,5,0.187226679036413,0.215237089079529,Schäfer
schafer_phyllosphere_2022,SparCC,0.47,0.201231884057971,0.0140052050215576,5,0.187226679036413,0.215237089079529,Schäfer
schafer_phyllosphere_2022,SparCC,0.48,0.201231884057971,0.0140052050215576,5,0.187226679036413,0.215237089079529,Schäfer
schafer_phyllosphere_2022,SparCC,0.49,0.201231884057971,0.0140052050215576,5,0.187226679036413,0.215237089079529,Schäfer
schafer_phyllosphere_2022,SparCC,0.5,0.201231884057971,0.0140052050215576,5,0.187226679036413,0.215237089079529,Schäfer
schafer_phyllosphere_2022,SparCC,0.51,0.196752305665349,0.0166553545221254,5,0.180096951143224,0.213407660187475,Schäfer
schafer_phyllosphere_2022,SparCC,0.52,0.196752305665349,0.0166553545221254,5,0.180096951143224,0.213407660187475,Schäfer
schafer_phyllosphere_2022,SparCC,0.53,0.196752305665349,0.0166553545221254,5,0.180096951143224,0.213407660187475,Schäfer
schafer_phyllosphere_2022,SparCC,0.54,0.196752305665349,0.0166553545221254,5,0.180096951143224,0.213407660187475,Schäfer
schafer_phyllosphere_2022,SparCC,0.55,0.196752305665349,0.0166553545221254,5,0.180096951143224,0.213407660187475,Schäfer
schafer_phyllosphere_2022,SparCC,0.56,0.196752305665349,0.0166553545221254,5,0.180096951143224,0.213407660187475,Schäfer
schafer_phyllosphere_2022,SparCC,0.57,0.196752305665349,0.0166553545221254,5,0.180096951143224,0.213407660187475,Schäfer
schafer_phyllosphere_2022,SparCC,0.58,0.192738927738928,0.0184211653267831,5,0.174317762412145,0.211160093065711,Schäfer
schafer_phyllosphere_2022,SparCC,0.59,0.192738927738928,0.0184211653267831,5,0.174317762412145,0.211160093065711,Schäfer
schafer_phyllosphere_2022,SparCC,0.6,0.192738927738928,0.0184211653267831,5,0.174317762412145,0.211160093065711,Schäfer
schafer_phyllosphere_2022,SparCC,0.61,0.192738927738928,0.0184211653267831,5,0.174317762412145,0.211160093065711,Schäfer
schafer_phyllosphere_2022,SparCC,0.62,0.192738927738928,0.0184211653267831,5,0.174317762412145,0.211160093065711,Schäfer
schafer_phyllosphere_2022,SparCC,0.63,0.192435897435897,0.0185923959204241,5,0.173843501515473,0.211028293356322,Schäfer
schafer_phyllosphere_2022,SparCC,0.64,0.192435897435897,0.0185923959204241,5,0.173843501515473,0.211028293356322,Schäfer
schafer_phyllosphere_2022,SparCC,0.65,0.192435897435897,0.0185923959204241,5,0.173843501515473,0.211028293356322,Schäfer
schafer_phyllosphere_2022,SparCC,0.66,0.192435897435897,0.0185923959204241,5,0.173843501515473,0.211028293356322,Schäfer
schafer_phyllosphere_2022,SparCC,0.67,0.192435897435897,0.0185923959204241,5,0.173843501515473,0.211028293356322,Schäfer
schafer_phyllosphere_2022,SparCC,0.68,0.192435897435897,0.0185923959204241,5,0.173843501515473,0.211028293356322,Schäfer
schafer_phyllosphere_2022,SparCC,0.69,0.192435897435897,0.0185923959204241,5,0.173843501515473,0.211028293356322,Schäfer
schafer_phyllosphere_2022,SparCC,0.7,0.192435897435897,0.0185923959204241,5,0.173843501515473,0.211028293356322,Schäfer
schafer_phyllosphere_2022,SparCC,0.71,0.192435897435897,0.0185923959204241,5,0.173843501515473,0.211028293356322,Schäfer
schafer_phyllosphere_2022,SparCC,0.72,0.180037523452158,0.0200211309791182,5,0.160016392473039,0.200058654431276,Schäfer
schafer_phyllosphere_2022,SparCC,0.73,0.180037523452158,0.0200211309791182,5,0.160016392473039,0.200058654431276,Schäfer
schafer_phyllosphere_2022,SparCC,0.74,0.180037523452158,0.0200211309791182,5,0.160016392473039,0.200058654431276,Schäfer
schafer_phyllosphere_2022,SparCC,0.75,0.180037523452158,0.0200211309791182,5,0.160016392473039,0.200058654431276,Schäfer
schafer_phyllosphere_2022,SparCC,0.76,0.121483365861328,0.0183847309797755,5,0.103098634881553,0.139868096841104,Schäfer
schafer_phyllosphere_2022,SparCC,0.77,0.121483365861328,0.0183847309797755,5,0.103098634881553,0.139868096841104,Schäfer
schafer_phyllosphere_2022,SparCC,0.78,0.121483365861328,0.0183847309797755,5,0.103098634881553,0.139868096841104,Schäfer
schafer_phyllosphere_2022,SparCC,0.79,0.121483365861328,0.0183847309797755,5,0.103098634881553,0.139868096841104,Schäfer
schafer_phyllosphere_2022,SparCC,0.8,0.121483365861328,0.0183847309797755,5,0.103098634881553,0.139868096841104,Schäfer
schafer_phyllosphere_2022,SparCC,0.81,0.121483365861328,0.0183847309797755,5,0.103098634881553,0.139868096841104,Schäfer
schafer_phyllosphere_2022,SparCC,0.82,0.121483365861328,0.0183847309797755,5,0.103098634881553,0.139868096841104,Schäfer
schafer_phyllosphere_2022,SparCC,0.83,0.121483365861328,0.0183847309797755,5,0.103098634881553,0.139868096841104,Schäfer
schafer_phyllosphere_2022,SparCC,0.84,0.121483365861328,0.0183847309797755,5,0.103098634881553,0.139868096841104,Schäfer
schafer_phyllosphere_2022,SparCC,0.85,0.121483365861328,0.0183847309797755,5,0.103098634881553,0.139868096841104,Schäfer
schafer_phyllosphere_2022,SparCC,0.86,0.118063489467994,0.0171433312077169,5,0.100920158260277,0.135206820675711,Schäfer
schafer_phyllosphere_2022,SparCC,0.87,0.118063489467994,0.0171433312077169,5,0.100920158260277,0.135206820675711,Schäfer
schafer_phyllosphere_2022,SparCC,0.88,0.0931600961039206,0.0206475721949373,5,0.0725125239089833,0.113807668298858,Schäfer
schafer_phyllosphere_2022,SparCC,0.89,0.0931600961039206,0.0206475721949373,5,0.0725125239089833,0.113807668298858,Schäfer
schafer_phyllosphere_2022,SparCC,0.9,0.0931600961039206,0.0206475721949373,5,0.0725125239089833,0.113807668298858,Schäfer
schafer_phyllosphere_2022,SparCC,0.91,0.0931600961039206,0.0206475721949373,5,0.0725125239089833,0.113807668298858,Schäfer
schafer_phyllosphere_2022,SparCC,0.92,0.0931600961039206,0.0206475721949373,5,0.0725125239089833,0.113807668298858,Schäfer
schafer_phyllosphere_2022,SparCC,0.93,0.0931600961039206,0.0206475721949373,5,0.0725125239089833,0.113807668298858,Schäfer
schafer_phyllosphere_2022,SparCC,0.94,0.0931600961039206,0.0206475721949373,5,0.0725125239089833,0.113807668298858,Schäfer
schafer_phyllosphere_2022,SparCC,0.95,0.0931600961039206,0.0206475721949373,5,0.0725125239089833,0.113807668298858,Schäfer
schafer_phyllosphere_2022,SparCC,0.96,0.0931600961039206,0.0206475721949373,5,0.0725125239089833,0.113807668298858,Schäfer
schafer_phyllosphere_2022,SparCC,0.97,0.0931600961039206,0.0206475721949373,5,0.0725125239089833,0.113807668298858,Schäfer
schafer_phyllosphere_2022,SparCC,0.98,0.0931600961039206,0.0206475721949373,5,0.0725125239089833,0.113807668298858,Schäfer
schafer_phyllosphere_2022,SparCC,0.99,0.0931600961039206,0.0206475721949373,5,0.0725125239089833,0.113807668298858,Schäfer
schafer_phyllosphere_2022,SparCC,1,0.0931600961039206,0.0206475721949373,5,0.0725125239089833,0.113807668298858,Schäfer
schafer_phyllosphere_2022,PLNNetwork,0,1,0,5,1,1,Schäfer
schafer_phyllosphere_2022,PLNNetwork,0.01,0.367460317460317,0.162976919968531,5,0.204483397491787,0.530437237428848,Schäfer
schafer_phyllosphere_2022,PLNNetwork,0.02,0.367460317460317,0.162976919968531,5,0.204483397491787,0.530437237428848,Schäfer
schafer_phyllosphere_2022,PLNNetwork,0.03,0.367460317460317,0.162976919968531,5,0.204483397491787,0.530437237428848,Schäfer
schafer_phyllosphere_2022,PLNNetwork,0.04,0.367460317460317,0.162976919968531,5,0.204483397491787,0.530437237428848,Schäfer
schafer_phyllosphere_2022,PLNNetwork,0.05,0.367460317460317,0.162976919968531,5,0.204483397491787,0.530437237428848,Schäfer
schafer_phyllosphere_2022,PLNNetwork,0.06,0.367460317460317,0.162976919968531,5,0.204483397491787,0.530437237428848,Schäfer
schafer_phyllosphere_2022,PLNNetwork,0.07,0.367460317460317,0.162976919968531,5,0.204483397491787,0.530437237428848,Schäfer
schafer_phyllosphere_2022,PLNNetwork,0.08,0.367460317460317,0.162976919968531,5,0.204483397491787,0.530437237428848,Schäfer
schafer_phyllosphere_2022,PLNNetwork,0.09,0.367460317460317,0.162976919968531,5,0.204483397491787,0.530437237428848,Schäfer
schafer_phyllosphere_2022,PLNNetwork,0.1,0.367460317460317,0.162976919968531,5,0.204483397491787,0.530437237428848,Schäfer
schafer_phyllosphere_2022,PLNNetwork,0.11,0.367460317460317,0.162976919968531,5,0.204483397491787,0.530437237428848,Schäfer
schafer_phyllosphere_2022,PLNNetwork,0.12,0.367460317460317,0.162976919968531,5,0.204483397491787,0.530437237428848,Schäfer
schafer_phyllosphere_2022,PLNNetwork,0.13,0.355910165484634,0.16730804778472,5,0.188602117699914,0.523218213269353,Schäfer
schafer_phyllosphere_2022,PLNNetwork,0.14,0.355910165484634,0.16730804778472,5,0.188602117699914,0.523218213269353,Schäfer
schafer_phyllosphere_2022,PLNNetwork,0.15,0.355910165484634,0.16730804778472,5,0.188602117699914,0.523218213269353,Schäfer
schafer_phyllosphere_2022,PLNNetwork,0.16,0.355910165484634,0.16730804778472,5,0.188602117699914,0.523218213269353,Schäfer
schafer_phyllosphere_2022,PLNNetwork,0.17,0.355910165484634,0.16730804778472,5,0.188602117699914,0.523218213269353,Schäfer
schafer_phyllosphere_2022,PLNNetwork,0.18,0.355910165484634,0.16730804778472,5,0.188602117699914,0.523218213269353,Schäfer
schafer_phyllosphere_2022,PLNNetwork,0.19,0.355910165484634,0.16730804778472,5,0.188602117699914,0.523218213269353,Schäfer
schafer_phyllosphere_2022,PLNNetwork,0.2,0.355910165484634,0.16730804778472,5,0.188602117699914,0.523218213269353,Schäfer
schafer_phyllosphere_2022,PLNNetwork,0.21,0.355910165484634,0.16730804778472,5,0.188602117699914,0.523218213269353,Schäfer
schafer_phyllosphere_2022,PLNNetwork,0.22,0.355910165484634,0.16730804778472,5,0.188602117699914,0.523218213269353,Schäfer
schafer_phyllosphere_2022,PLNNetwork,0.23,0.355910165484634,0.16730804778472,5,0.188602117699914,0.523218213269353,Schäfer
schafer_phyllosphere_2022,PLNNetwork,0.24,0.355910165484634,0.16730804778472,5,0.188602117699914,0.523218213269353,Schäfer
schafer_phyllosphere_2022,PLNNetwork,0.25,0.355910165484634,0.16730804778472,5,0.188602117699914,0.523218213269353,Schäfer
schafer_phyllosphere_2022,PLNNetwork,0.26,0.305910165484634,0.119957229839014,5,0.18595293564562,0.425867395323647,Schäfer
schafer_phyllosphere_2022,PLNNetwork,0.27,0.305910165484634,0.119957229839014,5,0.18595293564562,0.425867395323647,Schäfer
schafer_phyllosphere_2022,PLNNetwork,0.28,0.305910165484634,0.119957229839014,5,0.18595293564562,0.425867395323647,Schäfer
schafer_phyllosphere_2022,PLNNetwork,0.29,0.289243498817967,0.120162341728549,5,0.169081157089418,0.409405840546516,Schäfer
schafer_phyllosphere_2022,PLNNetwork,0.3,0.289243498817967,0.120162341728549,5,0.169081157089418,0.409405840546516,Schäfer
schafer_phyllosphere_2022,PLNNetwork,0.31,0.289243498817967,0.120162341728549,5,0.169081157089418,0.409405840546516,Schäfer
schafer_phyllosphere_2022,PLNNetwork,0.32,0.289243498817967,0.120162341728549,5,0.169081157089418,0.409405840546516,Schäfer
schafer_phyllosphere_2022,PLNNetwork,0.33,0.289243498817967,0.120162341728549,5,0.169081157089418,0.409405840546516,Schäfer
schafer_phyllosphere_2022,PLNNetwork,0.34,0.289243498817967,0.120162341728549,5,0.169081157089418,0.409405840546516,Schäfer
schafer_phyllosphere_2022,PLNNetwork,0.35,0.289243498817967,0.120162341728549,5,0.169081157089418,0.409405840546516,Schäfer
schafer_phyllosphere_2022,PLNNetwork,0.36,0.289243498817967,0.120162341728549,5,0.169081157089418,0.409405840546516,Schäfer
schafer_phyllosphere_2022,PLNNetwork,0.37,0.289243498817967,0.120162341728549,5,0.169081157089418,0.409405840546516,Schäfer
schafer_phyllosphere_2022,PLNNetwork,0.38,0.224568446407065,0.0810901211983707,5,0.143478325208695,0.305658567605436,Schäfer
schafer_phyllosphere_2022,PLNNetwork,0.39,0.224568446407065,0.0810901211983707,5,0.143478325208695,0.305658567605436,Schäfer
schafer_phyllosphere_2022,PLNNetwork,0.4,0.224568446407065,0.0810901211983707,5,0.143478325208695,0.305658567605436,Schäfer
schafer_phyllosphere_2022,PLNNetwork,0.41,0.224568446407065,0.0810901211983707,5,0.143478325208695,0.305658567605436,Schäfer
schafer_phyllosphere_2022,PLNNetwork,0.42,0.224568446407065,0.0810901211983707,5,0.143478325208695,0.305658567605436,Schäfer
schafer_phyllosphere_2022,PLNNetwork,0.43,0.17381087064949,0.0830461845230766,5,0.0907646861264131,0.256857055172566,Schäfer
schafer_phyllosphere_2022,PLNNetwork,0.44,0.17381087064949,0.0830461845230766,5,0.0907646861264131,0.256857055172566,Schäfer
schafer_phyllosphere_2022,PLNNetwork,0.45,0.17381087064949,0.0830461845230766,5,0.0907646861264131,0.256857055172566,Schäfer
schafer_phyllosphere_2022,PLNNetwork,0.46,0.17381087064949,0.0830461845230766,5,0.0907646861264131,0.256857055172566,Schäfer
schafer_phyllosphere_2022,PLNNetwork,0.47,0.17381087064949,0.0830461845230766,5,0.0907646861264131,0.256857055172566,Schäfer
schafer_phyllosphere_2022,PLNNetwork,0.48,0.17381087064949,0.0830461845230766,5,0.0907646861264131,0.256857055172566,Schäfer
schafer_phyllosphere_2022,PLNNetwork,0.49,0.17381087064949,0.0830461845230766,5,0.0907646861264131,0.256857055172566,Schäfer
schafer_phyllosphere_2022,PLNNetwork,0.5,0.17381087064949,0.0830461845230766,5,0.0907646861264131,0.256857055172566,Schäfer
schafer_phyllosphere_2022,PLNNetwork,0.51,0.104232540649189,0.0307143393707932,5,0.0735182012783958,0.134946880019982,Schäfer
schafer_phyllosphere_2022,PLNNetwork,0.52,0.104232540649189,0.0307143393707932,5,0.0735182012783958,0.134946880019982,Schäfer
schafer_phyllosphere_2022,PLNNetwork,0.53,0.104232540649189,0.0307143393707932,5,0.0735182012783958,0.134946880019982,Schäfer
schafer_phyllosphere_2022,PLNNetwork,0.54,0.104232540649189,0.0307143393707932,5,0.0735182012783958,0.134946880019982,Schäfer
schafer_phyllosphere_2022,PLNNetwork,0.55,0.104232540649189,0.0307143393707932,5,0.0735182012783958,0.134946880019982,Schäfer
schafer_phyllosphere_2022,PLNNetwork,0.56,0.104232540649189,0.0307143393707932,5,0.0735182012783958,0.134946880019982,Schäfer
schafer_phyllosphere_2022,PLNNetwork,0.57,0.104232540649189,0.0307143393707932,5,0.0735182012783958,0.134946880019982,Schäfer
schafer_phyllosphere_2022,PLNNetwork,0.58,0.0751290052956537,0.0319760874424101,5,0.0431529178532435,0.107105092738064,Schäfer
schafer_phyllosphere_2022,PLNNetwork,0.59,0.0751290052956537,0.0319760874424101,5,0.0431529178532435,0.107105092738064,Schäfer
schafer_phyllosphere_2022,PLNNetwork,0.6,0.0751290052956537,0.0319760874424101,5,0.0431529178532435,0.107105092738064,Schäfer
schafer_phyllosphere_2022,PLNNetwork,0.61,0.0751290052956537,0.0319760874424101,5,0.0431529178532435,0.107105092738064,Schäfer
schafer_phyllosphere_2022,PLNNetwork,0.62,0.0751290052956537,0.0319760874424101,5,0.0431529178532435,0.107105092738064,Schäfer
schafer_phyllosphere_2022,PLNNetwork,0.63,0.0724195906432749,0.0327870223111796,5,0.0396325683320953,0.105206612954454,Schäfer
schafer_phyllosphere_2022,PLNNetwork,0.64,0.0724195906432749,0.0327870223111796,5,0.0396325683320953,0.105206612954454,Schäfer
schafer_phyllosphere_2022,PLNNetwork,0.65,0.0724195906432749,0.0327870223111796,5,0.0396325683320953,0.105206612954454,Schäfer
schafer_phyllosphere_2022,PLNNetwork,0.66,0.0724195906432749,0.0327870223111796,5,0.0396325683320953,0.105206612954454,Schäfer
schafer_phyllosphere_2022,PLNNetwork,0.67,0.0724195906432749,0.0327870223111796,5,0.0396325683320953,0.105206612954454,Schäfer
schafer_phyllosphere_2022,PLNNetwork,0.68,0.0724195906432749,0.0327870223111796,5,0.0396325683320953,0.105206612954454,Schäfer
schafer_phyllosphere_2022,PLNNetwork,0.69,0.0724195906432749,0.0327870223111796,5,0.0396325683320953,0.105206612954454,Schäfer
schafer_phyllosphere_2022,PLNNetwork,0.7,0.0724195906432749,0.0327870223111796,5,0.0396325683320953,0.105206612954454,Schäfer
schafer_phyllosphere_2022,PLNNetwork,0.71,0.0724195906432749,0.0327870223111796,5,0.0396325683320953,0.105206612954454,Schäfer
schafer_phyllosphere_2022,PLNNetwork,0.72,0.0680545112781955,0.0331743293004928,5,0.0348801819777027,0.101228840578688,Schäfer
schafer_phyllosphere_2022,PLNNetwork,0.73,0.0680545112781955,0.0331743293004928,5,0.0348801819777027,0.101228840578688,Schäfer
schafer_phyllosphere_2022,PLNNetwork,0.74,0.0680545112781955,0.0331743293004928,5,0.0348801819777027,0.101228840578688,Schäfer
schafer_phyllosphere_2022,PLNNetwork,0.75,0.0680545112781955,0.0331743293004928,5,0.0348801819777027,0.101228840578688,Schäfer
schafer_phyllosphere_2022,PLNNetwork,0.76,0.0317795773680777,0.00406251110425109,5,0.0277170662638266,0.0358420884723288,Schäfer
schafer_phyllosphere_2022,PLNNetwork,0.77,0.0317795773680777,0.00406251110425109,5,0.0277170662638266,0.0358420884723288,Schäfer
schafer_phyllosphere_2022,PLNNetwork,0.78,0.0317795773680777,0.00406251110425109,5,0.0277170662638266,0.0358420884723288,Schäfer
schafer_phyllosphere_2022,PLNNetwork,0.79,0.0317795773680777,0.00406251110425109,5,0.0277170662638266,0.0358420884723288,Schäfer
schafer_phyllosphere_2022,PLNNetwork,0.8,0.0317795773680777,0.00406251110425109,5,0.0277170662638266,0.0358420884723288,Schäfer
schafer_phyllosphere_2022,PLNNetwork,0.81,0.0317795773680777,0.00406251110425109,5,0.0277170662638266,0.0358420884723288,Schäfer
schafer_phyllosphere_2022,PLNNetwork,0.82,0.0317795773680777,0.00406251110425109,5,0.0277170662638266,0.0358420884723288,Schäfer
schafer_phyllosphere_2022,PLNNetwork,0.83,0.0317795773680777,0.00406251110425109,5,0.0277170662638266,0.0358420884723288,Schäfer
schafer_phyllosphere_2022,PLNNetwork,0.84,0.0317795773680777,0.00406251110425109,5,0.0277170662638266,0.0358420884723288,Schäfer
schafer_phyllosphere_2022,PLNNetwork,0.85,0.0317795773680777,0.00406251110425109,5,0.0277170662638266,0.0358420884723288,Schäfer
schafer_phyllosphere_2022,PLNNetwork,0.86,0.0256287837172841,0.00067572562960813,5,0.024953058087676,0.0263045093468922,Schäfer
schafer_phyllosphere_2022,PLNNetwork,0.87,0.0256287837172841,0.00067572562960813,5,0.024953058087676,0.0263045093468922,Schäfer
schafer_phyllosphere_2022,PLNNetwork,0.88,0.0256287837172841,0.00067572562960813,5,0.024953058087676,0.0263045093468922,Schäfer
schafer_phyllosphere_2022,PLNNetwork,0.89,0.0256287837172841,0.00067572562960813,5,0.024953058087676,0.0263045093468922,Schäfer
schafer_phyllosphere_2022,PLNNetwork,0.9,0.0256287837172841,0.00067572562960813,5,0.024953058087676,0.0263045093468922,Schäfer
schafer_phyllosphere_2022,PLNNetwork,0.91,0.0256287837172841,0.00067572562960813,5,0.024953058087676,0.0263045093468922,Schäfer
schafer_phyllosphere_2022,PLNNetwork,0.92,0.0256287837172841,0.00067572562960813,5,0.024953058087676,0.0263045093468922,Schäfer
schafer_phyllosphere_2022,PLNNetwork,0.93,0.0256287837172841,0.00067572562960813,5,0.024953058087676,0.0263045093468922,Schäfer
schafer_phyllosphere_2022,PLNNetwork,0.94,0.0256287837172841,0.00067572562960813,5,0.024953058087676,0.0263045093468922,Schäfer
schafer_phyllosphere_2022,PLNNetwork,0.95,0.0256287837172841,0.00067572562960813,5,0.024953058087676,0.0263045093468922,Schäfer
schafer_phyllosphere_2022,PLNNetwork,0.96,0.0256287837172841,0.00067572562960813,5,0.024953058087676,0.0263045093468922,Schäfer
schafer_phyllosphere_2022,PLNNetwork,0.97,0.0256287837172841,0.00067572562960813,5,0.024953058087676,0.0263045093468922,Schäfer
schafer_phyllosphere_2022,PLNNetwork,0.98,0.0256287837172841,0.00067572562960813,5,0.024953058087676,0.0263045093468922,Schäfer
schafer_phyllosphere_2022,PLNNetwork,0.99,0.0256287837172841,0.00067572562960813,5,0.024953058087676,0.0263045093468922,Schäfer
schafer_phyllosphere_2022,PLNNetwork,1,0.0256287837172841,0.00067572562960813,5,0.024953058087676,0.0263045093468922,Schäfer
schafer_phyllosphere_2022,SPIEC-EASI,0,1,0,5,1,1,Schäfer
schafer_phyllosphere_2022,SPIEC-EASI,0.01,0.124848484848485,0.0260178962526906,5,0.0988305885957942,0.150866381101176,Schäfer
schafer_phyllosphere_2022,SPIEC-EASI,0.02,0.124848484848485,0.0260178962526906,5,0.0988305885957942,0.150866381101176,Schäfer
schafer_phyllosphere_2022,SPIEC-EASI,0.03,0.124848484848485,0.0260178962526906,5,0.0988305885957942,0.150866381101176,Schäfer
schafer_phyllosphere_2022,SPIEC-EASI,0.04,0.124848484848485,0.0260178962526906,5,0.0988305885957942,0.150866381101176,Schäfer
schafer_phyllosphere_2022,SPIEC-EASI,0.05,0.124848484848485,0.0260178962526906,5,0.0988305885957942,0.150866381101176,Schäfer
schafer_phyllosphere_2022,SPIEC-EASI,0.06,0.124848484848485,0.0260178962526906,5,0.0988305885957942,0.150866381101176,Schäfer
schafer_phyllosphere_2022,SPIEC-EASI,0.07,0.124848484848485,0.0260178962526906,5,0.0988305885957942,0.150866381101176,Schäfer
schafer_phyllosphere_2022,SPIEC-EASI,0.08,0.124848484848485,0.0260178962526906,5,0.0988305885957942,0.150866381101176,Schäfer
schafer_phyllosphere_2022,SPIEC-EASI,0.09,0.124848484848485,0.0260178962526906,5,0.0988305885957942,0.150866381101176,Schäfer
schafer_phyllosphere_2022,SPIEC-EASI,0.1,0.124848484848485,0.0260178962526906,5,0.0988305885957942,0.150866381101176,Schäfer
schafer_phyllosphere_2022,SPIEC-EASI,0.11,0.124848484848485,0.0260178962526906,5,0.0988305885957942,0.150866381101176,Schäfer
schafer_phyllosphere_2022,SPIEC-EASI,0.12,0.124848484848485,0.0260178962526906,5,0.0988305885957942,0.150866381101176,Schäfer
schafer_phyllosphere_2022,SPIEC-EASI,0.13,0.124848484848485,0.0260178962526906,5,0.0988305885957942,0.150866381101176,Schäfer
schafer_phyllosphere_2022,SPIEC-EASI,0.14,0.124848484848485,0.0260178962526906,5,0.0988305885957942,0.150866381101176,Schäfer
schafer_phyllosphere_2022,SPIEC-EASI,0.15,0.124848484848485,0.0260178962526906,5,0.0988305885957942,0.150866381101176,Schäfer
schafer_phyllosphere_2022,SPIEC-EASI,0.16,0.124848484848485,0.0260178962526906,5,0.0988305885957942,0.150866381101176,Schäfer
schafer_phyllosphere_2022,SPIEC-EASI,0.17,0.124848484848485,0.0260178962526906,5,0.0988305885957942,0.150866381101176,Schäfer
schafer_phyllosphere_2022,SPIEC-EASI,0.18,0.124848484848485,0.0260178962526906,5,0.0988305885957942,0.150866381101176,Schäfer
schafer_phyllosphere_2022,SPIEC-EASI,0.19,0.124848484848485,0.0260178962526906,5,0.0988305885957942,0.150866381101176,Schäfer
schafer_phyllosphere_2022,SPIEC-EASI,0.2,0.124848484848485,0.0260178962526906,5,0.0988305885957942,0.150866381101176,Schäfer
schafer_phyllosphere_2022,SPIEC-EASI,0.21,0.124848484848485,0.0260178962526906,5,0.0988305885957942,0.150866381101176,Schäfer
schafer_phyllosphere_2022,SPIEC-EASI,0.22,0.124848484848485,0.0260178962526906,5,0.0988305885957942,0.150866381101176,Schäfer
schafer_phyllosphere_2022,SPIEC-EASI,0.23,0.124848484848485,0.0260178962526906,5,0.0988305885957942,0.150866381101176,Schäfer
schafer_phyllosphere_2022,SPIEC-EASI,0.24,0.124848484848485,0.0260178962526906,5,0.0988305885957942,0.150866381101176,Schäfer
schafer_phyllosphere_2022,SPIEC-EASI,0.25,0.124848484848485,0.0260178962526906,5,0.0988305885957942,0.150866381101176,Schäfer
schafer_phyllosphere_2022,SPIEC-EASI,0.26,0.124848484848485,0.0260178962526906,5,0.0988305885957942,0.150866381101176,Schäfer
schafer_phyllosphere_2022,SPIEC-EASI,0.27,0.124848484848485,0.0260178962526906,5,0.0988305885957942,0.150866381101176,Schäfer
schafer_phyllosphere_2022,SPIEC-EASI,0.28,0.124848484848485,0.0260178962526906,5,0.0988305885957942,0.150866381101176,Schäfer
schafer_phyllosphere_2022,SPIEC-EASI,0.29,0.110221560846561,0.0333741130688136,5,0.0768474477777473,0.143595673915374,Schäfer
schafer_phyllosphere_2022,SPIEC-EASI,0.3,0.110221560846561,0.0333741130688136,5,0.0768474477777473,0.143595673915374,Schäfer
schafer_phyllosphere_2022,SPIEC-EASI,0.31,0.110221560846561,0.0333741130688136,5,0.0768474477777473,0.143595673915374,Schäfer
schafer_phyllosphere_2022,SPIEC-EASI,0.32,0.110221560846561,0.0333741130688136,5,0.0768474477777473,0.143595673915374,Schäfer
schafer_phyllosphere_2022,SPIEC-EASI,0.33,0.110221560846561,0.0333741130688136,5,0.0768474477777473,0.143595673915374,Schäfer
schafer_phyllosphere_2022,SPIEC-EASI,0.34,0.110221560846561,0.0333741130688136,5,0.0768474477777473,0.143595673915374,Schäfer
schafer_phyllosphere_2022,SPIEC-EASI,0.35,0.110221560846561,0.0333741130688136,5,0.0768474477777473,0.143595673915374,Schäfer
schafer_phyllosphere_2022,SPIEC-EASI,0.36,0.110221560846561,0.0333741130688136,5,0.0768474477777473,0.143595673915374,Schäfer
schafer_phyllosphere_2022,SPIEC-EASI,0.37,0.110221560846561,0.0333741130688136,5,0.0768474477777473,0.143595673915374,Schäfer
schafer_phyllosphere_2022,SPIEC-EASI,0.38,0.078991027687487,0.0275688276716171,5,0.05142220001587,0.106559855359104,Schäfer
schafer_phyllosphere_2022,SPIEC-EASI,0.39,0.078991027687487,0.0275688276716171,5,0.05142220001587,0.106559855359104,Schäfer
schafer_phyllosphere_2022,SPIEC-EASI,0.4,0.078991027687487,0.0275688276716171,5,0.05142220001587,0.106559855359104,Schäfer
schafer_phyllosphere_2022,SPIEC-EASI,0.41,0.078991027687487,0.0275688276716171,5,0.05142220001587,0.106559855359104,Schäfer
schafer_phyllosphere_2022,SPIEC-EASI,0.42,0.078991027687487,0.0275688276716171,5,0.05142220001587,0.106559855359104,Schäfer
schafer_phyllosphere_2022,SPIEC-EASI,0.43,0.0788467969182563,0.0276111774720151,5,0.0512356194462412,0.106457974390271,Schäfer
schafer_phyllosphere_2022,SPIEC-EASI,0.44,0.0788467969182563,0.0276111774720151,5,0.0512356194462412,0.106457974390271,Schäfer
schafer_phyllosphere_2022,SPIEC-EASI,0.45,0.0788467969182563,0.0276111774720151,5,0.0512356194462412,0.106457974390271,Schäfer
schafer_phyllosphere_2022,SPIEC-EASI,0.46,0.0788467969182563,0.0276111774720151,5,0.0512356194462412,0.106457974390271,Schäfer
schafer_phyllosphere_2022,SPIEC-EASI,0.47,0.0788467969182563,0.0276111774720151,5,0.0512356194462412,0.106457974390271,Schäfer
schafer_phyllosphere_2022,SPIEC-EASI,0.48,0.0788467969182563,0.0276111774720151,5,0.0512356194462412,0.106457974390271,Schäfer
schafer_phyllosphere_2022,SPIEC-EASI,0.49,0.0788467969182563,0.0276111774720151,5,0.0512356194462412,0.106457974390271,Schäfer
schafer_phyllosphere_2022,SPIEC-EASI,0.5,0.0788467969182563,0.0276111774720151,5,0.0512356194462412,0.106457974390271,Schäfer
schafer_phyllosphere_2022,SPIEC-EASI,0.51,0.0372318464630133,0.00385465950762391,5,0.0333771869553894,0.0410865059706372,Schäfer
schafer_phyllosphere_2022,SPIEC-EASI,0.52,0.0372318464630133,0.00385465950762391,5,0.0333771869553894,0.0410865059706372,Schäfer
schafer_phyllosphere_2022,SPIEC-EASI,0.53,0.0372318464630133,0.00385465950762391,5,0.0333771869553894,0.0410865059706372,Schäfer
schafer_phyllosphere_2022,SPIEC-EASI,0.54,0.0372318464630133,0.00385465950762391,5,0.0333771869553894,0.0410865059706372,Schäfer
schafer_phyllosphere_2022,SPIEC-EASI,0.55,0.0372318464630133,0.00385465950762391,5,0.0333771869553894,0.0410865059706372,Schäfer
schafer_phyllosphere_2022,SPIEC-EASI,0.56,0.0372318464630133,0.00385465950762391,5,0.0333771869553894,0.0410865059706372,Schäfer
schafer_phyllosphere_2022,SPIEC-EASI,0.57,0.0372318464630133,0.00385465950762391,5,0.0333771869553894,0.0410865059706372,Schäfer
schafer_phyllosphere_2022,SPIEC-EASI,0.58,0.0372318464630133,0.00385465950762391,5,0.0333771869553894,0.0410865059706372,Schäfer
schafer_phyllosphere_2022,SPIEC-EASI,0.59,0.0372318464630133,0.00385465950762391,5,0.0333771869553894,0.0410865059706372,Schäfer
schafer_phyllosphere_2022,SPIEC-EASI,0.6,0.0372318464630133,0.00385465950762391,5,0.0333771869553894,0.0410865059706372,Schäfer
schafer_phyllosphere_2022,SPIEC-EASI,0.61,0.0372318464630133,0.00385465950762391,5,0.0333771869553894,0.0410865059706372,Schäfer
schafer_phyllosphere_2022,SPIEC-EASI,0.62,0.0372318464630133,0.00385465950762391,5,0.0333771869553894,0.0410865059706372,Schäfer
schafer_phyllosphere_2022,SPIEC-EASI,0.63,0.0321909474541054,0.0039326340084755,5,0.0282583134456299,0.0361235814625808,Schäfer
schafer_phyllosphere_2022,SPIEC-EASI,0.64,0.0321909474541054,0.0039326340084755,5,0.0282583134456299,0.0361235814625808,Schäfer
schafer_phyllosphere_2022,SPIEC-EASI,0.65,0.0321909474541054,0.0039326340084755,5,0.0282583134456299,0.0361235814625808,Schäfer
schafer_phyllosphere_2022,SPIEC-EASI,0.66,0.0321909474541054,0.0039326340084755,5,0.0282583134456299,0.0361235814625808,Schäfer
schafer_phyllosphere_2022,SPIEC-EASI,0.67,0.0321909474541054,0.0039326340084755,5,0.0282583134456299,0.0361235814625808,Schäfer
schafer_phyllosphere_2022,SPIEC-EASI,0.68,0.0321909474541054,0.0039326340084755,5,0.0282583134456299,0.0361235814625808,Schäfer
schafer_phyllosphere_2022,SPIEC-EASI,0.69,0.0321909474541054,0.0039326340084755,5,0.0282583134456299,0.0361235814625808,Schäfer
schafer_phyllosphere_2022,SPIEC-EASI,0.7,0.0321909474541054,0.0039326340084755,5,0.0282583134456299,0.0361235814625808,Schäfer
schafer_phyllosphere_2022,SPIEC-EASI,0.71,0.0321909474541054,0.0039326340084755,5,0.0282583134456299,0.0361235814625808,Schäfer
schafer_phyllosphere_2022,SPIEC-EASI,0.72,0.0314901060975263,0.00423872317789473,5,0.0272513829196316,0.035728829275421,Schäfer
schafer_phyllosphere_2022,SPIEC-EASI,0.73,0.0314901060975263,0.00423872317789473,5,0.0272513829196316,0.035728829275421,Schäfer
schafer_phyllosphere_2022,SPIEC-EASI,0.74,0.0314901060975263,0.00423872317789473,5,0.0272513829196316,0.035728829275421,Schäfer
schafer_phyllosphere_2022,SPIEC-EASI,0.75,0.0314901060975263,0.00423872317789473,5,0.0272513829196316,0.035728829275421,Schäfer
schafer_phyllosphere_2022,SPIEC-EASI,0.76,0.0298267010094637,0.00414975056263754,5,0.0256769504468261,0.0339764515721012,Schäfer
schafer_phyllosphere_2022,SPIEC-EASI,0.77,0.0298267010094637,0.00414975056263754,5,0.0256769504468261,0.0339764515721012,Schäfer
schafer_phyllosphere_2022,SPIEC-EASI,0.78,0.0298267010094637,0.00414975056263754,5,0.0256769504468261,0.0339764515721012,Schäfer
schafer_phyllosphere_2022,SPIEC-EASI,0.79,0.0298267010094637,0.00414975056263754,5,0.0256769504468261,0.0339764515721012,Schäfer
schafer_phyllosphere_2022,SPIEC-EASI,0.8,0.0298267010094637,0.00414975056263754,5,0.0256769504468261,0.0339764515721012,Schäfer
schafer_phyllosphere_2022,SPIEC-EASI,0.81,0.0298267010094637,0.00414975056263754,5,0.0256769504468261,0.0339764515721012,Schäfer
schafer_phyllosphere_2022,SPIEC-EASI,0.82,0.0298267010094637,0.00414975056263754,5,0.0256769504468261,0.0339764515721012,Schäfer
schafer_phyllosphere_2022,SPIEC-EASI,0.83,0.0298267010094637,0.00414975056263754,5,0.0256769504468261,0.0339764515721012,Schäfer
schafer_phyllosphere_2022,SPIEC-EASI,0.84,0.0298267010094637,0.00414975056263754,5,0.0256769504468261,0.0339764515721012,Schäfer
schafer_phyllosphere_2022,SPIEC-EASI,0.85,0.0298267010094637,0.00414975056263754,5,0.0256769504468261,0.0339764515721012,Schäfer
schafer_phyllosphere_2022,SPIEC-EASI,0.86,0.0254739805591822,0.00079552232405846,5,0.0246784582351238,0.0262695028832407,Schäfer
schafer_phyllosphere_2022,SPIEC-EASI,0.87,0.0254739805591822,0.00079552232405846,5,0.0246784582351238,0.0262695028832407,Schäfer
schafer_phyllosphere_2022,SPIEC-EASI,0.88,0.0254739805591822,0.00079552232405846,5,0.0246784582351238,0.0262695028832407,Schäfer
schafer_phyllosphere_2022,SPIEC-EASI,0.89,0.0254739805591822,0.00079552232405846,5,0.0246784582351238,0.0262695028832407,Schäfer
schafer_phyllosphere_2022,SPIEC-EASI,0.9,0.0254739805591822,0.00079552232405846,5,0.0246784582351238,0.0262695028832407,Schäfer
schafer_phyllosphere_2022,SPIEC-EASI,0.91,0.0254739805591822,0.00079552232405846,5,0.0246784582351238,0.0262695028832407,Schäfer
schafer_phyllosphere_2022,SPIEC-EASI,0.92,0.0254739805591822,0.00079552232405846,5,0.0246784582351238,0.0262695028832407,Schäfer
schafer_phyllosphere_2022,SPIEC-EASI,0.93,0.0254739805591822,0.00079552232405846,5,0.0246784582351238,0.0262695028832407,Schäfer
schafer_phyllosphere_2022,SPIEC-EASI,0.94,0.0254739805591822,0.00079552232405846,5,0.0246784582351238,0.0262695028832407,Schäfer
schafer_phyllosphere_2022,SPIEC-EASI,0.95,0.0254739805591822,0.00079552232405846,5,0.0246784582351238,0.0262695028832407,Schäfer
schafer_phyllosphere_2022,SPIEC-EASI,0.96,0.0254739805591822,0.00079552232405846,5,0.0246784582351238,0.0262695028832407,Schäfer
schafer_phyllosphere_2022,SPIEC-EASI,0.97,0.0254739805591822,0.00079552232405846,5,0.0246784582351238,0.0262695028832407,Schäfer
schafer_phyllosphere_2022,SPIEC-EASI,0.98,0.0254739805591822,0.00079552232405846,5,0.0246784582351238,0.0262695028832407,Schäfer
schafer_phyllosphere_2022,SPIEC-EASI,0.99,0.0254739805591822,0.00079552232405846,5,0.0246784582351238,0.0262695028832407,Schäfer
schafer_phyllosphere_2022,SPIEC-EASI,1,0.0254739805591822,0.00079552232405846,5,0.0246784582351238,0.0262695028832407,Schäfer
