analysis_set,repeat,budget_fraction,budget_pairs,calibration_pool_pairs,calibration_taxa,test_taxa,test_pairs,test_positives,method,auprc,auroc,model_fitted
butyrate_assembly_2021,0,0.0,0,50,16,10,9,2,PLNNetwork,0.2222222222222222,0.2142857142857143,False
butyrate_assembly_2021,0,0.0,0,50,16,10,9,2,Poisson GLMNet,0.5833333333333333,0.8571428571428572,False
butyrate_assembly_2021,0,0.0,0,50,16,10,9,2,SparCC,0.1736111111111111,0.0,False
butyrate_assembly_2021,0,0.0,0,50,16,10,9,2,Mean rank,0.24285714285714285,0.35714285714285715,False
butyrate_assembly_2021,0,0.0,0,50,16,10,9,2,SPIEC-EASI,0.2222222222222222,0.5,False
butyrate_assembly_2021,0,0.2,10,50,16,10,9,2,Supervised combined,0.39285714285714285,0.5714285714285714,True
butyrate_assembly_2021,0,0.4,20,50,16,10,9,2,Supervised combined,0.6428571428571428,0.6428571428571428,True
butyrate_assembly_2021,0,0.6,30,50,16,10,9,2,Supervised combined,0.45,0.7142857142857142,True
butyrate_assembly_2021,0,0.8,40,50,16,10,9,2,Supervised combined,0.41666666666666663,0.6428571428571429,True
butyrate_assembly_2021,1,0.0,0,49,16,10,8,4,PLNNetwork,0.4583333333333333,0.21875,False
butyrate_assembly_2021,1,0.0,0,49,16,10,8,4,Poisson GLMNet,0.4583333333333333,0.3125,False
butyrate_assembly_2021,1,0.0,0,49,16,10,8,4,SparCC,0.5,0.375,False
butyrate_assembly_2021,1,0.0,0,49,16,10,8,4,Mean rank,0.47619047619047616,0.375,False
butyrate_assembly_2021,1,0.0,0,49,16,10,8,4,SPIEC-EASI,0.5,0.5,False
butyrate_assembly_2021,1,0.2,10,49,16,10,8,4,Supervised combined,0.7708333333333333,0.75,True
butyrate_assembly_2021,1,0.4,20,49,16,10,8,4,Supervised combined,0.5249999999999999,0.5,True
butyrate_assembly_2021,1,0.6,30,49,16,10,8,4,Supervised combined,0.5666666666666667,0.5625,True
butyrate_assembly_2021,1,0.8,40,49,16,10,8,4,Supervised combined,0.6083333333333333,0.625,True
butyrate_assembly_2021,2,0.0,0,39,16,10,14,13,PLNNetwork,0.9890109890109888,0.9230769230769231,False
butyrate_assembly_2021,2,0.0,0,39,16,10,14,13,Poisson GLMNet,0.9826007326007324,0.7692307692307693,False
butyrate_assembly_2021,2,0.0,0,39,16,10,14,13,SparCC,0.9945054945054943,0.9230769230769231,False
butyrate_assembly_2021,2,0.0,0,39,16,10,14,13,Mean rank,0.9999999999999998,1.0,False
butyrate_assembly_2021,2,0.0,0,39,16,10,14,13,SPIEC-EASI,0.9285714285714286,0.5,False
butyrate_assembly_2021,2,0.2,8,39,16,10,14,13,Supervised combined,0.8268028979567441,0.0,True
butyrate_assembly_2021,2,0.4,16,39,16,10,14,13,Supervised combined,0.9101362312900774,0.23076923076923078,True
butyrate_assembly_2021,2,0.6,24,39,16,10,14,13,Supervised combined,0.9751850713389172,0.6923076923076923,True
butyrate_assembly_2021,2,0.8,32,39,16,10,14,13,Supervised combined,0.9674927636466095,0.6153846153846154,True
butyrate_assembly_2021,3,0.0,0,37,16,10,14,12,PLNNetwork,0.8342261904761905,0.33333333333333337,False
butyrate_assembly_2021,3,0.0,0,37,16,10,14,12,Poisson GLMNet,0.9613858363858364,0.75,False
butyrate_assembly_2021,3,0.0,0,37,16,10,14,12,SparCC,0.9437932437932438,0.6666666666666667,False
butyrate_assembly_2021,3,0.0,0,37,16,10,14,12,Mean rank,0.9396897084397086,0.6666666666666667,False
butyrate_assembly_2021,3,0.0,0,37,16,10,14,12,SPIEC-EASI,0.8571428571428571,0.5,False
butyrate_assembly_2021,3,0.2,8,37,16,10,14,12,Supervised combined,0.8280795593295595,0.33333333333333337,True
butyrate_assembly_2021,3,0.4,15,37,16,10,14,12,Supervised combined,0.7775173900173901,0.125,True
butyrate_assembly_2021,3,0.6,23,37,16,10,14,12,Supervised combined,0.8289062789062789,0.25,True
butyrate_assembly_2021,3,0.8,30,37,16,10,14,12,Supervised combined,0.9501063751063753,0.7083333333333334,True
butyrate_assembly_2021,4,0.0,0,28,16,10,20,12,PLNNetwork,0.6471771284271285,0.53125,False
butyrate_assembly_2021,4,0.0,0,28,16,10,20,12,Poisson GLMNet,0.6661871693121694,0.453125,False
butyrate_assembly_2021,4,0.0,0,28,16,10,20,12,SparCC,0.727965431254905,0.5625,False
butyrate_assembly_2021,4,0.0,0,28,16,10,20,12,Mean rank,0.6768217678434397,0.5208333333333333,False
butyrate_assembly_2021,4,0.0,0,28,16,10,20,12,SPIEC-EASI,0.6,0.5,False
butyrate_assembly_2021,4,0.2,6,28,16,10,20,12,Supervised combined,0.6,0.5,False
butyrate_assembly_2021,4,0.4,12,28,16,10,20,12,Supervised combined,0.6780885712871008,0.4375,True
butyrate_assembly_2021,4,0.6,17,28,16,10,20,12,Supervised combined,0.6127429154809186,0.3541666666666667,True
butyrate_assembly_2021,4,0.8,23,28,16,10,20,12,Supervised combined,0.7461212269842301,0.5520833333333334,True
butyrate_assembly_2021,5,0.0,0,45,16,10,9,4,PLNNetwork,0.4583333333333333,0.425,False
butyrate_assembly_2021,5,0.0,0,45,16,10,9,4,Poisson GLMNet,0.8541666666666666,0.85,False
butyrate_assembly_2021,5,0.0,0,45,16,10,9,4,SparCC,0.40128968253968256,0.2,False
butyrate_assembly_2021,5,0.0,0,45,16,10,9,4,Mean rank,0.42658730158730157,0.3,False
butyrate_assembly_2021,5,0.0,0,45,16,10,9,4,SPIEC-EASI,0.4444444444444444,0.5,False
butyrate_assembly_2021,5,0.2,9,45,16,10,9,4,Supervised combined,0.7333333333333333,0.75,True
butyrate_assembly_2021,5,0.4,18,45,16,10,9,4,Supervised combined,0.9166666666666666,0.9,True
butyrate_assembly_2021,5,0.6,27,45,16,10,9,4,Supervised combined,0.5,0.49999999999999994,True
butyrate_assembly_2021,5,0.8,36,45,16,10,9,4,Supervised combined,0.6220238095238095,0.7,True
butyrate_assembly_2021,6,0.0,0,46,16,10,9,4,PLNNetwork,0.5138888888888888,0.5,False
butyrate_assembly_2021,6,0.0,0,46,16,10,9,4,Poisson GLMNet,0.7333333333333333,0.75,False
butyrate_assembly_2021,6,0.0,0,46,16,10,9,4,SparCC,0.49652777777777773,0.4,False
butyrate_assembly_2021,6,0.0,0,46,16,10,9,4,Mean rank,0.6488095238095238,0.55,False
butyrate_assembly_2021,6,0.0,0,46,16,10,9,4,SPIEC-EASI,0.4444444444444444,0.5,False
butyrate_assembly_2021,6,0.2,10,46,16,10,9,4,Supervised combined,0.4154761904761905,0.35,True
butyrate_assembly_2021,6,0.4,19,46,16,10,9,4,Supervised combined,0.5666666666666667,0.6,True
butyrate_assembly_2021,6,0.6,28,46,16,10,9,4,Supervised combined,0.6083333333333333,0.7,True
butyrate_assembly_2021,6,0.8,37,46,16,10,9,4,Supervised combined,0.6458333333333333,0.75,True
butyrate_assembly_2021,7,0.0,0,38,16,10,15,14,PLNNetwork,0.9402468563182849,0.35714285714285715,False
butyrate_assembly_2021,7,0.0,0,38,16,10,15,14,Poisson GLMNet,0.958189033189033,0.5,False
butyrate_assembly_2021,7,0.0,0,38,16,10,15,14,SparCC,0.9650528043385185,0.5714285714285714,False
butyrate_assembly_2021,7,0.0,0,38,16,10,15,14,Mean rank,0.9571162964020106,0.5,False
butyrate_assembly_2021,7,0.0,0,38,16,10,15,14,SPIEC-EASI,0.9333333333333333,0.5,False
butyrate_assembly_2021,7,0.2,8,38,16,10,15,14,Supervised combined,0.937983643340786,0.35714285714285715,True
butyrate_assembly_2021,7,0.4,16,38,16,10,15,14,Supervised combined,0.937983643340786,0.35714285714285715,True
butyrate_assembly_2021,7,0.6,23,38,16,10,15,14,Supervised combined,0.937983643340786,0.35714285714285715,True
butyrate_assembly_2021,7,0.8,31,38,16,10,15,14,Supervised combined,0.9481877249734392,0.42857142857142855,True
butyrate_assembly_2021,8,0.0,0,40,16,10,14,13,PLNNetwork,0.9688311688311686,0.6153846153846154,False
butyrate_assembly_2021,8,0.0,0,40,16,10,14,13,Poisson GLMNet,0.9505494505494505,0.6538461538461539,False
butyrate_assembly_2021,8,0.0,0,40,16,10,14,13,SparCC,0.9751850713389172,0.6923076923076923,False
butyrate_assembly_2021,8,0.0,0,40,16,10,14,13,Mean rank,0.9751850713389172,0.6923076923076923,False
butyrate_assembly_2021,8,0.0,0,40,16,10,14,13,SPIEC-EASI,0.9340659340659341,0.5384615384615384,False
butyrate_assembly_2021,8,0.2,8,40,16,10,14,13,Supervised combined,0.9945054945054943,0.9230769230769231,True
butyrate_assembly_2021,8,0.4,16,40,16,10,14,13,Supervised combined,0.9885883347421807,0.8461538461538461,True
butyrate_assembly_2021,8,0.6,24,40,16,10,14,13,Supervised combined,0.9885883347421807,0.8461538461538461,True
butyrate_assembly_2021,8,0.8,32,40,16,10,14,13,Supervised combined,0.9945054945054943,0.9230769230769231,True
butyrate_assembly_2021,9,0.0,0,52,16,10,7,6,PLNNetwork,0.9150793650793649,0.5,False
butyrate_assembly_2021,9,0.0,0,52,16,10,7,6,Poisson GLMNet,0.9285714285714285,0.75,False
butyrate_assembly_2021,9,0.0,0,52,16,10,7,6,SparCC,0.976190476190476,0.8333333333333334,False
butyrate_assembly_2021,9,0.0,0,52,16,10,7,6,Mean rank,0.976190476190476,0.8333333333333334,False
butyrate_assembly_2021,9,0.0,0,52,16,10,7,6,SPIEC-EASI,0.8809523809523809,0.5833333333333334,False
butyrate_assembly_2021,9,0.2,11,52,16,10,7,6,Supervised combined,0.8178571428571427,0.16666666666666666,True
butyrate_assembly_2021,9,0.4,21,52,16,10,7,6,Supervised combined,0.8734126984126983,0.3333333333333333,True
butyrate_assembly_2021,9,0.6,32,52,16,10,7,6,Supervised combined,0.8734126984126983,0.3333333333333333,True
butyrate_assembly_2021,9,0.8,42,52,16,10,7,6,Supervised combined,0.8734126984126983,0.3333333333333333,True
butyrate_assembly_2021,10,0.0,0,40,16,10,13,12,PLNNetwork,0.9620111370111372,0.5833333333333334,False
butyrate_assembly_2021,10,0.0,0,40,16,10,13,12,Poisson GLMNet,0.9871794871794873,0.9166666666666667,False
butyrate_assembly_2021,10,0.0,0,40,16,10,13,12,SparCC,0.9707362082362084,0.6666666666666666,False
butyrate_assembly_2021,10,0.0,0,40,16,10,13,12,Mean rank,0.9707362082362084,0.6666666666666666,False
butyrate_assembly_2021,10,0.0,0,40,16,10,13,12,SPIEC-EASI,0.9230769230769231,0.5,False
butyrate_assembly_2021,10,0.2,8,40,16,10,13,12,Supervised combined,0.9252666315166315,0.3333333333333333,True
butyrate_assembly_2021,10,0.4,16,40,16,10,13,12,Supervised combined,0.9252666315166315,0.3333333333333333,True
butyrate_assembly_2021,10,0.6,24,40,16,10,13,12,Supervised combined,0.9252666315166315,0.3333333333333333,True
butyrate_assembly_2021,10,0.8,32,40,16,10,13,12,Supervised combined,0.9510602823102824,0.5,True
butyrate_assembly_2021,11,0.0,0,51,16,10,9,1,PLNNetwork,0.1111111111111111,0.25,False
butyrate_assembly_2021,11,0.0,0,51,16,10,9,1,Poisson GLMNet,0.5,0.875,False
butyrate_assembly_2021,11,0.0,0,51,16,10,9,1,SparCC,0.1111111111111111,0.0,False
butyrate_assembly_2021,11,0.0,0,51,16,10,9,1,Mean rank,0.14285714285714285,0.25,False
butyrate_assembly_2021,11,0.0,0,51,16,10,9,1,SPIEC-EASI,0.1111111111111111,0.5,False
butyrate_assembly_2021,11,0.2,11,51,16,10,9,1,Supervised combined,0.5,0.875,True
butyrate_assembly_2021,11,0.4,21,51,16,10,9,1,Supervised combined,1.0,1.0,True
butyrate_assembly_2021,11,0.6,31,51,16,10,9,1,Supervised combined,1.0,1.0,True
butyrate_assembly_2021,11,0.8,41,51,16,10,9,1,Supervised combined,0.5,0.875,True
butyrate_assembly_2021,12,0.0,0,49,16,10,8,7,PLNNetwork,0.8345238095238094,0.14285714285714285,False
butyrate_assembly_2021,12,0.0,0,49,16,10,8,7,Poisson GLMNet,0.8260204081632654,0.14285714285714285,False
butyrate_assembly_2021,12,0.0,0,49,16,10,8,7,SparCC,0.754591836734694,0.0,False
butyrate_assembly_2021,12,0.0,0,49,16,10,8,7,Mean rank,0.754591836734694,0.0,False
butyrate_assembly_2021,12,0.0,0,49,16,10,8,7,SPIEC-EASI,0.875,0.5,False
butyrate_assembly_2021,12,0.2,10,49,16,10,8,7,Supervised combined,0.754591836734694,0.0,True
butyrate_assembly_2021,12,0.4,20,49,16,10,8,7,Supervised combined,0.754591836734694,0.0,True
butyrate_assembly_2021,12,0.6,30,49,16,10,8,7,Supervised combined,0.754591836734694,0.0,True
butyrate_assembly_2021,12,0.8,40,49,16,10,8,7,Supervised combined,0.754591836734694,0.0,True
butyrate_assembly_2021,13,0.0,0,25,16,10,24,23,PLNNetwork,0.9726952821262284,0.4782608695652174,False
butyrate_assembly_2021,13,0.0,0,25,16,10,24,23,Poisson GLMNet,0.9266510708074175,0.13043478260869565,False
butyrate_assembly_2021,13,0.0,0,25,16,10,24,23,SparCC,0.9772001803829922,0.5652173913043478,False
butyrate_assembly_2021,13,0.0,0,25,16,10,24,23,Mean rank,0.9539956071784189,0.30434782608695654,False
butyrate_assembly_2021,13,0.0,0,25,16,10,24,23,SPIEC-EASI,0.9583333333333334,0.5,False
butyrate_assembly_2021,13,0.2,5,25,16,10,24,23,Supervised combined,0.8793061661846302,0.0,True
butyrate_assembly_2021,13,0.4,10,25,16,10,24,23,Supervised combined,0.9264076154599925,0.13043478260869565,True
butyrate_assembly_2021,13,0.6,15,25,16,10,24,23,Supervised combined,0.9155380502426012,0.08695652173913043,True
butyrate_assembly_2021,13,0.8,20,25,16,10,24,23,Supervised combined,0.9155380502426012,0.08695652173913043,True
butyrate_assembly_2021,14,0.0,0,37,16,10,17,11,PLNNetwork,0.7497241320770733,0.6212121212121213,False
butyrate_assembly_2021,14,0.0,0,37,16,10,17,11,Poisson GLMNet,0.6451773271291988,0.5151515151515151,False
butyrate_assembly_2021,14,0.0,0,37,16,10,17,11,SparCC,0.8792127361646078,0.7424242424242423,False
butyrate_assembly_2021,14,0.0,0,37,16,10,17,11,Mean rank,0.8081070444706809,0.6666666666666667,False
butyrate_assembly_2021,14,0.0,0,37,16,10,17,11,SPIEC-EASI,0.6470588235294118,0.5,False
butyrate_assembly_2021,14,0.2,8,37,16,10,17,11,Supervised combined,0.7645594601476955,0.49999999999999994,True
butyrate_assembly_2021,14,0.4,15,37,16,10,17,11,Supervised combined,0.85636058831246,0.6666666666666666,True
butyrate_assembly_2021,14,0.6,23,37,16,10,17,11,Supervised combined,0.7999392318911036,0.5757575757575757,True
butyrate_assembly_2021,14,0.8,30,37,16,10,17,11,Supervised combined,0.9008610373583635,0.7878787878787878,True
butyrate_assembly_2021,15,0.0,0,37,16,10,16,10,PLNNetwork,0.7892316017316017,0.6000000000000001,False
butyrate_assembly_2021,15,0.0,0,37,16,10,16,10,Poisson GLMNet,0.7084415584415584,0.6333333333333333,False
butyrate_assembly_2021,15,0.0,0,37,16,10,16,10,SparCC,0.8320129870129871,0.6833333333333333,False
butyrate_assembly_2021,15,0.0,0,37,16,10,16,10,Mean rank,0.8337301587301588,0.6833333333333333,False
butyrate_assembly_2021,15,0.0,0,37,16,10,16,10,SPIEC-EASI,0.625,0.5,False
butyrate_assembly_2021,15,0.2,8,37,16,10,16,10,Supervised combined,0.6316575091575092,0.4666666666666667,True
butyrate_assembly_2021,15,0.4,15,37,16,10,16,10,Supervised combined,0.8214818514818515,0.6833333333333333,True
butyrate_assembly_2021,15,0.6,23,37,16,10,16,10,Supervised combined,0.8298151848151849,0.7,True
butyrate_assembly_2021,15,0.8,30,37,16,10,16,10,Supervised combined,0.8693578643578643,0.8,True
butyrate_assembly_2021,16,0.0,0,38,16,10,16,9,PLNNetwork,0.6087962962962963,0.35714285714285715,False
butyrate_assembly_2021,16,0.0,0,38,16,10,16,9,Poisson GLMNet,0.4956976665309999,0.34920634920634924,False
butyrate_assembly_2021,16,0.0,0,38,16,10,16,9,SparCC,0.5607603815937149,0.4444444444444444,False
butyrate_assembly_2021,16,0.0,0,38,16,10,16,9,Mean rank,0.4680315055315055,0.2698412698412699,False
butyrate_assembly_2021,16,0.0,0,38,16,10,16,9,SPIEC-EASI,0.5625,0.5,False
butyrate_assembly_2021,16,0.2,8,38,16,10,16,9,Supervised combined,0.45251461501461504,0.19047619047619047,True
butyrate_assembly_2021,16,0.4,16,38,16,10,16,9,Supervised combined,0.5407828282828282,0.3333333333333333,True
butyrate_assembly_2021,16,0.6,23,38,16,10,16,9,Supervised combined,0.5655623697290364,0.31746031746031744,True
butyrate_assembly_2021,16,0.8,31,38,16,10,16,9,Supervised combined,0.48059764309764313,0.25396825396825395,True
butyrate_assembly_2021,17,0.0,0,23,16,10,24,16,PLNNetwork,0.7172619047619048,0.515625,False
butyrate_assembly_2021,17,0.0,0,23,16,10,24,16,Poisson GLMNet,0.5422910809520717,0.27734375,False
butyrate_assembly_2021,17,0.0,0,23,16,10,24,16,SparCC,0.8218133015029048,0.6484375,False
butyrate_assembly_2021,17,0.0,0,23,16,10,24,16,Mean rank,0.6868474590102878,0.51171875,False
butyrate_assembly_2021,17,0.0,0,23,16,10,24,16,SPIEC-EASI,0.6666666666666666,0.5,False
butyrate_assembly_2021,17,0.2,5,23,16,10,24,16,Supervised combined,0.8125676919722005,0.7109375,True
butyrate_assembly_2021,17,0.4,10,23,16,10,24,16,Supervised combined,0.7707913614163615,0.6953125,True
butyrate_assembly_2021,17,0.6,14,23,16,10,24,16,Supervised combined,0.7007342617561019,0.5703125,True
butyrate_assembly_2021,17,0.8,19,23,16,10,24,16,Supervised combined,0.7907287070790108,0.71875,True
butyrate_assembly_2021,18,0.0,0,36,16,10,16,12,PLNNetwork,0.692361111111111,0.30208333333333337,False
butyrate_assembly_2021,18,0.0,0,36,16,10,16,12,Poisson GLMNet,0.7886213323713324,0.625,False
butyrate_assembly_2021,18,0.0,0,36,16,10,16,12,SparCC,0.8454147704147703,0.5208333333333334,False
butyrate_assembly_2021,18,0.0,0,36,16,10,16,12,Mean rank,0.7827982202982202,0.5,False
butyrate_assembly_2021,18,0.0,0,36,16,10,16,12,SPIEC-EASI,0.75,0.5,False
butyrate_assembly_2021,18,0.2,8,36,16,10,16,12,Supervised combined,0.6339368964368963,0.20833333333333334,True
butyrate_assembly_2021,18,0.4,15,36,16,10,16,12,Supervised combined,0.6567904317904317,0.29166666666666663,True
butyrate_assembly_2021,18,0.6,22,36,16,10,16,12,Supervised combined,0.6830840455840456,0.3958333333333333,True
butyrate_assembly_2021,18,0.8,29,36,16,10,16,12,Supervised combined,0.8038991101491101,0.6875,True
butyrate_assembly_2021,19,0.0,0,51,16,10,9,1,PLNNetwork,0.1111111111111111,0.25,False
butyrate_assembly_2021,19,0.0,0,51,16,10,9,1,Poisson GLMNet,0.3333333333333333,0.75,False
butyrate_assembly_2021,19,0.0,0,51,16,10,9,1,SparCC,0.1111111111111111,0.0,False
butyrate_assembly_2021,19,0.0,0,51,16,10,9,1,Mean rank,0.125,0.125,False
butyrate_assembly_2021,19,0.0,0,51,16,10,9,1,SPIEC-EASI,0.1111111111111111,0.5,False
butyrate_assembly_2021,19,0.2,11,51,16,10,9,1,Supervised combined,0.1111111111111111,0.5,False
butyrate_assembly_2021,19,0.4,21,51,16,10,9,1,Supervised combined,0.5,0.875,True
butyrate_assembly_2021,19,0.6,31,51,16,10,9,1,Supervised combined,0.5,0.875,True
butyrate_assembly_2021,19,0.8,41,51,16,10,9,1,Supervised combined,0.5,0.875,True
butyrate_assembly_2021,20,0.0,0,38,16,10,15,13,PLNNetwork,0.9093101343101342,0.5,False
butyrate_assembly_2021,20,0.0,0,38,16,10,15,13,Poisson GLMNet,0.9331196581196579,0.5769230769230769,False
butyrate_assembly_2021,20,0.0,0,38,16,10,15,13,SparCC,0.8884043307120228,0.38461538461538464,False
butyrate_assembly_2021,20,0.0,0,38,16,10,15,13,Mean rank,0.8981418154495076,0.46153846153846156,False
butyrate_assembly_2021,20,0.0,0,38,16,10,15,13,SPIEC-EASI,0.8666666666666667,0.5,False
butyrate_assembly_2021,20,0.2,8,38,16,10,15,13,Supervised combined,0.9315667238744159,0.5769230769230769,True
butyrate_assembly_2021,20,0.4,16,38,16,10,15,13,Supervised combined,0.9219513392590313,0.5384615384615385,True
butyrate_assembly_2021,20,0.6,23,38,16,10,15,13,Supervised combined,0.9109623282700203,0.5,True
butyrate_assembly_2021,20,0.8,31,38,16,10,15,13,Supervised combined,0.9109623282700203,0.5,True
butyrate_assembly_2021,21,0.0,0,49,16,10,9,7,PLNNetwork,0.9047619047619047,0.7857142857142857,False
butyrate_assembly_2021,21,0.0,0,49,16,10,9,7,Poisson GLMNet,0.9682539682539681,0.8571428571428571,False
butyrate_assembly_2021,21,0.0,0,49,16,10,9,7,SparCC,0.9240362811791383,0.7142857142857142,False
butyrate_assembly_2021,21,0.0,0,49,16,10,9,7,Mean rank,1.0,1.0,False
butyrate_assembly_2021,21,0.0,0,49,16,10,9,7,SPIEC-EASI,0.7777777777777778,0.5,False
butyrate_assembly_2021,21,0.2,10,49,16,10,9,7,Supervised combined,0.9240362811791383,0.7142857142857142,True
butyrate_assembly_2021,21,0.4,20,49,16,10,9,7,Supervised combined,0.859750566893424,0.5714285714285714,True
butyrate_assembly_2021,21,0.6,30,49,16,10,9,7,Supervised combined,0.7393424036281178,0.21428571428571427,True
butyrate_assembly_2021,21,0.8,40,49,16,10,9,7,Supervised combined,0.6679138321995465,0.14285714285714285,True
butyrate_assembly_2021,22,0.0,0,37,16,10,16,7,PLNNetwork,0.525854700854701,0.49206349206349204,False
butyrate_assembly_2021,22,0.0,0,37,16,10,16,7,Poisson GLMNet,0.39420995670995673,0.2777777777777778,False
butyrate_assembly_2021,22,0.0,0,37,16,10,16,7,SparCC,0.620439084724799,0.6984126984126984,False
butyrate_assembly_2021,22,0.0,0,37,16,10,16,7,Mean rank,0.482766439909297,0.5079365079365079,False
butyrate_assembly_2021,22,0.0,0,37,16,10,16,7,SPIEC-EASI,0.4375,0.5,False
butyrate_assembly_2021,22,0.2,8,37,16,10,16,7,Supervised combined,0.6182299843014128,0.5396825396825397,True
butyrate_assembly_2021,22,0.4,15,37,16,10,16,7,Supervised combined,0.6103483817769532,0.6349206349206349,True
butyrate_assembly_2021,22,0.6,23,37,16,10,16,7,Supervised combined,0.6445905285191,0.6190476190476191,True
butyrate_assembly_2021,22,0.8,30,37,16,10,16,7,Supervised combined,0.5033860980289552,0.41269841269841273,True
butyrate_assembly_2021,23,0.0,0,28,16,10,22,20,PLNNetwork,0.9103466957878723,0.35,False
butyrate_assembly_2021,23,0.0,0,28,16,10,22,20,Poisson GLMNet,0.945378787878788,0.5875,False
butyrate_assembly_2021,23,0.0,0,28,16,10,22,20,SparCC,0.9568313448247661,0.625,False
butyrate_assembly_2021,23,0.0,0,28,16,10,22,20,Mean rank,0.9522287537883516,0.575,False
butyrate_assembly_2021,23,0.0,0,28,16,10,22,20,SPIEC-EASI,0.9090909090909091,0.5,False
butyrate_assembly_2021,23,0.2,6,28,16,10,22,20,Supervised combined,0.9468300939256824,0.6,True
butyrate_assembly_2021,23,0.4,12,28,16,10,22,20,Supervised combined,0.9251039034494917,0.525,True
butyrate_assembly_2021,23,0.6,17,28,16,10,22,20,Supervised combined,0.9251039034494917,0.525,True
butyrate_assembly_2021,23,0.8,23,28,16,10,22,20,Supervised combined,0.9251039034494917,0.525,True
butyrate_assembly_2021,24,0.0,0,38,16,10,17,14,PLNNetwork,0.8168413286060345,0.35714285714285715,False
butyrate_assembly_2021,24,0.0,0,38,16,10,17,14,Poisson GLMNet,0.8015076543437888,0.5119047619047619,False
butyrate_assembly_2021,24,0.0,0,38,16,10,17,14,SparCC,0.925824881234545,0.6666666666666666,False
butyrate_assembly_2021,24,0.0,0,38,16,10,17,14,Mean rank,0.8011456913767838,0.511904761904762,False
butyrate_assembly_2021,24,0.0,0,38,16,10,17,14,SPIEC-EASI,0.8235294117647058,0.5,False
butyrate_assembly_2021,24,0.2,8,38,16,10,17,14,Supervised combined,0.8612564023278309,0.5238095238095238,True
butyrate_assembly_2021,24,0.4,16,38,16,10,17,14,Supervised combined,0.883195177838035,0.5714285714285714,True
butyrate_assembly_2021,24,0.6,23,38,16,10,17,14,Supervised combined,0.8452659560327627,0.40476190476190477,True
butyrate_assembly_2021,24,0.8,31,38,16,10,17,14,Supervised combined,0.8578020310688377,0.4285714285714286,True
butyrate_assembly_2021,25,0.0,0,26,16,10,20,16,PLNNetwork,0.8720021298146299,0.578125,False
butyrate_assembly_2021,25,0.0,0,26,16,10,20,16,Poisson GLMNet,0.8457966359620771,0.453125,False
butyrate_assembly_2021,25,0.0,0,26,16,10,20,16,SparCC,0.8815391463756401,0.5625,False
butyrate_assembly_2021,25,0.0,0,26,16,10,20,16,Mean rank,0.8514902277697363,0.515625,False
butyrate_assembly_2021,25,0.0,0,26,16,10,20,16,SPIEC-EASI,0.8,0.5,False
butyrate_assembly_2021,25,0.2,6,26,16,10,20,16,Supervised combined,0.9634098030237737,0.859375,True
butyrate_assembly_2021,25,0.4,11,26,16,10,20,16,Supervised combined,0.9641316597489198,0.859375,True
butyrate_assembly_2021,25,0.6,16,26,16,10,20,16,Supervised combined,0.9577279848419554,0.84375,True
butyrate_assembly_2021,25,0.8,21,26,16,10,20,16,Supervised combined,0.9383775489861017,0.75,True
butyrate_assembly_2021,26,0.0,0,36,16,10,16,13,PLNNetwork,0.7373168498168499,0.29487179487179493,False
butyrate_assembly_2021,26,0.0,0,36,16,10,16,13,Poisson GLMNet,0.7591460889537812,0.3846153846153847,False
butyrate_assembly_2021,26,0.0,0,36,16,10,16,13,SparCC,0.8969712979328364,0.5641025641025641,False
butyrate_assembly_2021,26,0.0,0,36,16,10,16,13,Mean rank,0.8014537812614736,0.3846153846153847,False
butyrate_assembly_2021,26,0.0,0,36,16,10,16,13,SPIEC-EASI,0.8125,0.5,False
butyrate_assembly_2021,26,0.2,8,36,16,10,16,13,Supervised combined,0.9897435897435898,0.9487179487179488,True
butyrate_assembly_2021,26,0.4,15,36,16,10,16,13,Supervised combined,0.6647035656651041,0.07692307692307694,True
butyrate_assembly_2021,26,0.6,22,36,16,10,16,13,Supervised combined,0.9115176490176491,0.6153846153846154,True
butyrate_assembly_2021,26,0.8,29,36,16,10,16,13,Supervised combined,0.8702618962234347,0.48717948717948717,True
butyrate_assembly_2021,27,0.0,0,51,16,10,8,7,PLNNetwork,0.8285714285714285,0.14285714285714285,False
butyrate_assembly_2021,27,0.0,0,51,16,10,8,7,Poisson GLMNet,0.754591836734694,0.0,False
butyrate_assembly_2021,27,0.0,0,51,16,10,8,7,SparCC,0.9617346938775511,0.7142857142857143,False
butyrate_assembly_2021,27,0.0,0,51,16,10,8,7,Mean rank,0.754591836734694,0.0,False
butyrate_assembly_2021,27,0.0,0,51,16,10,8,7,SPIEC-EASI,0.875,0.5,False
butyrate_assembly_2021,27,0.2,11,51,16,10,8,7,Supervised combined,1.0,1.0,True
butyrate_assembly_2021,27,0.4,21,51,16,10,8,7,Supervised combined,1.0,1.0,True
butyrate_assembly_2021,27,0.6,31,51,16,10,8,7,Supervised combined,1.0,1.0,True
butyrate_assembly_2021,27,0.8,41,51,16,10,8,7,Supervised combined,1.0,1.0,True
butyrate_assembly_2021,28,0.0,0,37,16,10,17,7,PLNNetwork,0.4638655462184873,0.5571428571428572,False
butyrate_assembly_2021,28,0.0,0,37,16,10,17,7,Poisson GLMNet,0.4916466586634654,0.5571428571428572,False
butyrate_assembly_2021,28,0.0,0,37,16,10,17,7,SparCC,0.4850913092509731,0.41428571428571426,False
butyrate_assembly_2021,28,0.0,0,37,16,10,17,7,Mean rank,0.4716880341880342,0.5,False
butyrate_assembly_2021,28,0.0,0,37,16,10,17,7,SPIEC-EASI,0.4117647058823529,0.5,False
butyrate_assembly_2021,28,0.2,8,37,16,10,17,7,Supervised combined,0.4117647058823529,0.5,False
butyrate_assembly_2021,28,0.4,15,37,16,10,17,7,Supervised combined,0.7537724180581322,0.7571428571428571,True
butyrate_assembly_2021,28,0.6,23,37,16,10,17,7,Supervised combined,0.7161564625850341,0.7285714285714285,True
butyrate_assembly_2021,28,0.8,30,37,16,10,17,7,Supervised combined,0.6942460317460317,0.7,True
butyrate_assembly_2021,29,0.0,0,27,16,10,22,20,PLNNetwork,0.9616690071624283,0.65,False
butyrate_assembly_2021,29,0.0,0,27,16,10,22,20,Poisson GLMNet,0.970814393939394,0.7625,False
butyrate_assembly_2021,29,0.0,0,27,16,10,22,20,SparCC,0.949528537338135,0.575,False
butyrate_assembly_2021,29,0.0,0,27,16,10,22,20,Mean rank,0.9609980114914327,0.65,False
butyrate_assembly_2021,29,0.0,0,27,16,10,22,20,SPIEC-EASI,0.9090909090909091,0.5,False
butyrate_assembly_2021,29,0.2,6,27,16,10,22,20,Supervised combined,0.9710299729939826,0.7250000000000001,True
butyrate_assembly_2021,29,0.4,11,27,16,10,22,20,Supervised combined,0.9656582409678387,0.675,True
butyrate_assembly_2021,29,0.6,17,27,16,10,22,20,Supervised combined,0.9540739918835897,0.6,True
butyrate_assembly_2021,29,0.8,22,27,16,10,22,20,Supervised combined,0.9472858902793115,0.575,True
butyrate_assembly_2021,30,0.0,0,39,16,10,15,8,PLNNetwork,0.6412202380952381,0.5714285714285714,False
butyrate_assembly_2021,30,0.0,0,39,16,10,15,8,Poisson GLMNet,0.6873397435897437,0.6964285714285714,False
butyrate_assembly_2021,30,0.0,0,39,16,10,15,8,SparCC,0.8644345238095238,0.875,False
butyrate_assembly_2021,30,0.0,0,39,16,10,15,8,Mean rank,0.7697781385281385,0.75,False
butyrate_assembly_2021,30,0.0,0,39,16,10,15,8,SPIEC-EASI,0.5333333333333333,0.5,False
butyrate_assembly_2021,30,0.2,8,39,16,10,15,8,Supervised combined,0.416437382062382,0.2142857142857143,True
butyrate_assembly_2021,30,0.4,16,39,16,10,15,8,Supervised combined,0.4396599927849928,0.2857142857142857,True
butyrate_assembly_2021,30,0.6,24,39,16,10,15,8,Supervised combined,0.4500766594516595,0.3035714285714286,True
butyrate_assembly_2021,30,0.8,32,39,16,10,15,8,Supervised combined,0.45602904040404046,0.3214285714285714,True
butyrate_assembly_2021,31,0.0,0,29,16,10,20,18,PLNNetwork,0.9722222222222223,0.7916666666666667,False
butyrate_assembly_2021,31,0.0,0,29,16,10,20,18,Poisson GLMNet,0.9300224466891135,0.41666666666666663,False
butyrate_assembly_2021,31,0.0,0,29,16,10,20,18,SparCC,0.9853285173718611,0.8611111111111112,False
butyrate_assembly_2021,31,0.0,0,29,16,10,20,18,Mean rank,0.980914124909223,0.8333333333333333,False
butyrate_assembly_2021,31,0.0,0,29,16,10,20,18,SPIEC-EASI,0.9,0.5,False
butyrate_assembly_2021,31,0.2,6,29,16,10,20,18,Supervised combined,0.988090050835149,0.8888888888888888,True
butyrate_assembly_2021,31,0.4,12,29,16,10,20,18,Supervised combined,0.9824236517218974,0.8333333333333334,True
butyrate_assembly_2021,31,0.6,18,29,16,10,20,18,Supervised combined,0.9758877040094791,0.7777777777777778,True
butyrate_assembly_2021,31,0.8,24,29,16,10,20,18,Supervised combined,0.9913580246913581,0.9166666666666666,True
butyrate_assembly_2021,32,0.0,0,36,16,10,16,14,PLNNetwork,0.9265563801278085,0.625,False
butyrate_assembly_2021,32,0.0,0,36,16,10,16,14,Poisson GLMNet,0.9219122147693577,0.6071428571428572,False
butyrate_assembly_2021,32,0.0,0,36,16,10,16,14,SparCC,0.9650528043385187,0.7857142857142857,False
butyrate_assembly_2021,32,0.0,0,36,16,10,16,14,Mean rank,0.9379836433407862,0.6785714285714286,False
butyrate_assembly_2021,32,0.0,0,36,16,10,16,14,SPIEC-EASI,0.875,0.5,False
butyrate_assembly_2021,32,0.2,8,36,16,10,16,14,Supervised combined,0.8344122147693576,0.5,True
butyrate_assembly_2021,32,0.4,15,36,16,10,16,14,Supervised combined,0.8344122147693576,0.5,True
butyrate_assembly_2021,32,0.6,22,36,16,10,16,14,Supervised combined,0.8344122147693576,0.5,True
butyrate_assembly_2021,32,0.8,29,36,16,10,16,14,Supervised combined,0.8701265004836434,0.5357142857142857,True
butyrate_assembly_2021,33,0.0,0,38,16,10,16,9,PLNNetwork,0.6143518518518518,0.5396825396825397,False
butyrate_assembly_2021,33,0.0,0,38,16,10,16,9,Poisson GLMNet,0.7838945005611673,0.7777777777777778,False
butyrate_assembly_2021,33,0.0,0,38,16,10,16,9,SparCC,0.769551282051282,0.5873015873015873,False
butyrate_assembly_2021,33,0.0,0,38,16,10,16,9,Mean rank,0.7694684944684944,0.6031746031746033,False
butyrate_assembly_2021,33,0.0,0,38,16,10,16,9,SPIEC-EASI,0.5625,0.5,False
butyrate_assembly_2021,33,0.2,8,38,16,10,16,9,Supervised combined,0.9575757575757576,0.9365079365079365,True
butyrate_assembly_2021,33,0.4,16,38,16,10,16,9,Supervised combined,0.9092953342953344,0.8888888888888888,True
butyrate_assembly_2021,33,0.6,23,38,16,10,16,9,Supervised combined,0.8592953342953342,0.8571428571428572,True
butyrate_assembly_2021,33,0.8,31,38,16,10,16,9,Supervised combined,0.9436868686868687,0.9206349206349207,True
butyrate_assembly_2021,34,0.0,0,27,16,10,21,18,PLNNetwork,0.8351834213353821,0.3703703703703704,False
butyrate_assembly_2021,34,0.0,0,27,16,10,21,18,Poisson GLMNet,0.824292528459195,0.5185185185185186,False
butyrate_assembly_2021,34,0.0,0,27,16,10,21,18,SparCC,0.922159792773828,0.6111111111111112,False
butyrate_assembly_2021,34,0.0,0,27,16,10,21,18,Mean rank,0.8605744110646072,0.46296296296296297,False
butyrate_assembly_2021,34,0.0,0,27,16,10,21,18,SPIEC-EASI,0.865079365079365,0.5277777777777778,False
butyrate_assembly_2021,34,0.2,6,27,16,10,21,18,Supervised combined,0.923311113932889,0.6111111111111112,True
butyrate_assembly_2021,34,0.4,11,27,16,10,21,18,Supervised combined,0.9278565684783435,0.6296296296296297,True
butyrate_assembly_2021,34,0.6,17,27,16,10,21,18,Supervised combined,0.9419384401002049,0.7407407407407407,True
butyrate_assembly_2021,34,0.8,22,27,16,10,21,18,Supervised combined,0.934001932163697,0.7222222222222222,True
butyrate_assembly_2021,35,0.0,0,38,16,10,16,7,PLNNetwork,0.3958333333333333,0.33333333333333326,False
butyrate_assembly_2021,35,0.0,0,38,16,10,16,7,Poisson GLMNet,0.4936507936507937,0.5714285714285714,False
butyrate_assembly_2021,35,0.0,0,38,16,10,16,7,SparCC,0.50254329004329,0.3968253968253968,False
butyrate_assembly_2021,35,0.0,0,38,16,10,16,7,Mean rank,0.5171245421245422,0.4444444444444444,False
butyrate_assembly_2021,35,0.0,0,38,16,10,16,7,SPIEC-EASI,0.4375,0.5,False
butyrate_assembly_2021,35,0.2,8,38,16,10,16,7,Supervised combined,0.7155328798185941,0.8095238095238095,True
butyrate_assembly_2021,35,0.4,16,38,16,10,16,7,Supervised combined,0.7155328798185941,0.8095238095238095,True
butyrate_assembly_2021,35,0.6,23,38,16,10,16,7,Supervised combined,0.6756802721088435,0.746031746031746,True
butyrate_assembly_2021,35,0.8,31,38,16,10,16,7,Supervised combined,0.6797619047619048,0.761904761904762,True
butyrate_assembly_2021,36,0.0,0,25,16,10,21,13,PLNNetwork,0.6820589666743513,0.5913461538461539,False
butyrate_assembly_2021,36,0.0,0,25,16,10,21,13,Poisson GLMNet,0.7306904435566022,0.5625,False
butyrate_assembly_2021,36,0.0,0,25,16,10,21,13,SparCC,0.7568743473720849,0.6153846153846154,False
butyrate_assembly_2021,36,0.0,0,25,16,10,21,13,Mean rank,0.6747962732274474,0.5865384615384616,False
butyrate_assembly_2021,36,0.0,0,25,16,10,21,13,SPIEC-EASI,0.6190476190476191,0.5,False
butyrate_assembly_2021,36,0.2,5,25,16,10,21,13,Supervised combined,0.6190476190476191,0.5,False
butyrate_assembly_2021,36,0.4,10,25,16,10,21,13,Supervised combined,0.6712787777833027,0.5480769230769231,True
butyrate_assembly_2021,36,0.6,15,25,16,10,21,13,Supervised combined,0.6881273138626081,0.5865384615384616,True
butyrate_assembly_2021,36,0.8,20,25,16,10,21,13,Supervised combined,0.6881273138626081,0.5865384615384616,True
butyrate_assembly_2021,37,0.0,0,35,16,10,17,11,PLNNetwork,0.7514260249554368,0.5909090909090909,False
butyrate_assembly_2021,37,0.0,0,35,16,10,17,11,Poisson GLMNet,0.6810164879683597,0.5757575757575757,False
butyrate_assembly_2021,37,0.0,0,35,16,10,17,11,SparCC,0.8481675187557541,0.6818181818181819,False
butyrate_assembly_2021,37,0.0,0,35,16,10,17,11,Mean rank,0.8259813715696068,0.6666666666666666,False
butyrate_assembly_2021,37,0.0,0,35,16,10,17,11,SPIEC-EASI,0.6470588235294118,0.5,False
butyrate_assembly_2021,37,0.2,7,35,16,10,17,11,Supervised combined,0.6470588235294118,0.5,False
butyrate_assembly_2021,37,0.4,14,35,16,10,17,11,Supervised combined,0.6470588235294118,0.5,False
butyrate_assembly_2021,37,0.6,21,35,16,10,17,11,Supervised combined,0.6470588235294118,0.5,False
butyrate_assembly_2021,37,0.8,28,35,16,10,17,11,Supervised combined,0.6470588235294118,0.5,False
butyrate_assembly_2021,38,0.0,0,26,16,10,22,16,PLNNetwork,0.7667795745920746,0.5104166666666666,False
butyrate_assembly_2021,38,0.0,0,26,16,10,22,16,Poisson GLMNet,0.6642105065020119,0.34375,False
butyrate_assembly_2021,38,0.0,0,26,16,10,22,16,SparCC,0.7998678727103651,0.5520833333333333,False
butyrate_assembly_2021,38,0.0,0,26,16,10,22,16,Mean rank,0.6921234469971891,0.4166666666666667,False
butyrate_assembly_2021,38,0.0,0,26,16,10,22,16,SPIEC-EASI,0.7272727272727273,0.5,False
butyrate_assembly_2021,38,0.2,6,26,16,10,22,16,Supervised combined,0.7272727272727273,0.5,False
butyrate_assembly_2021,38,0.4,11,26,16,10,22,16,Supervised combined,0.7135727506712414,0.3854166666666667,True
butyrate_assembly_2021,38,0.6,16,26,16,10,22,16,Supervised combined,0.8247416100841023,0.5520833333333333,True
butyrate_assembly_2021,38,0.8,21,26,16,10,22,16,Supervised combined,0.8143384575950365,0.5104166666666666,True
butyrate_assembly_2021,39,0.0,0,52,16,10,7,5,PLNNetwork,0.6861904761904761,0.4,False
butyrate_assembly_2021,39,0.0,0,52,16,10,7,5,Poisson GLMNet,0.7142857142857143,0.25,False
butyrate_assembly_2021,39,0.0,0,52,16,10,7,5,SparCC,0.7595238095238095,0.4,False
butyrate_assembly_2021,39,0.0,0,52,16,10,7,5,Mean rank,0.6961904761904762,0.2,False
butyrate_assembly_2021,39,0.0,0,52,16,10,7,5,SPIEC-EASI,0.7142857142857143,0.5,False
butyrate_assembly_2021,39,0.2,11,52,16,10,7,5,Supervised combined,0.8528571428571428,0.6000000000000001,True
butyrate_assembly_2021,39,0.4,21,52,16,10,7,5,Supervised combined,0.7961904761904761,0.4,True
butyrate_assembly_2021,39,0.6,32,52,16,10,7,5,Supervised combined,0.7295238095238095,0.30000000000000004,True
butyrate_assembly_2021,39,0.8,42,52,16,10,7,5,Supervised combined,0.6961904761904762,0.2,True
butyrate_assembly_2021,40,0.0,0,27,16,10,19,9,PLNNetwork,0.5651559454191033,0.4222222222222222,False
butyrate_assembly_2021,40,0.0,0,27,16,10,19,9,Poisson GLMNet,0.49136234708990134,0.44999999999999996,False
butyrate_assembly_2021,40,0.0,0,27,16,10,19,9,SparCC,0.6481220543398045,0.5222222222222221,False
butyrate_assembly_2021,40,0.0,0,27,16,10,19,9,Mean rank,0.508641975308642,0.5111111111111111,False
butyrate_assembly_2021,40,0.0,0,27,16,10,19,9,SPIEC-EASI,0.47368421052631576,0.5,False
butyrate_assembly_2021,40,0.2,6,27,16,10,19,9,Supervised combined,0.48244631185807657,0.4777777777777778,True
butyrate_assembly_2021,40,0.4,11,27,16,10,19,9,Supervised combined,0.5981481481481481,0.4888888888888889,True
butyrate_assembly_2021,40,0.6,17,27,16,10,19,9,Supervised combined,0.6643840240331469,0.6,True
butyrate_assembly_2021,40,0.8,22,27,16,10,19,9,Supervised combined,0.6266365805581493,0.6222222222222222,True
butyrate_assembly_2021,41,0.0,0,37,16,10,17,8,PLNNetwork,0.5954248366013072,0.5555555555555556,False
butyrate_assembly_2021,41,0.0,0,37,16,10,17,8,Poisson GLMNet,0.3734885620915033,0.18055555555555555,False
butyrate_assembly_2021,41,0.0,0,37,16,10,17,8,SparCC,0.6063223847231201,0.5416666666666666,False
butyrate_assembly_2021,41,0.0,0,37,16,10,17,8,Mean rank,0.44593253968253965,0.4444444444444445,False
butyrate_assembly_2021,41,0.0,0,37,16,10,17,8,SPIEC-EASI,0.5367647058823529,0.5625,False
butyrate_assembly_2021,41,0.2,8,37,16,10,17,8,Supervised combined,0.47058823529411764,0.5,False
butyrate_assembly_2021,41,0.4,15,37,16,10,17,8,Supervised combined,0.4538880135387488,0.3888888888888889,True
butyrate_assembly_2021,41,0.6,23,37,16,10,17,8,Supervised combined,0.4312308096315449,0.33333333333333337,True
butyrate_assembly_2021,41,0.8,30,37,16,10,17,8,Supervised combined,0.5741013071895424,0.513888888888889,True
butyrate_assembly_2021,42,0.0,0,47,16,10,8,5,PLNNetwork,0.7416666666666667,0.5666666666666667,False
butyrate_assembly_2021,42,0.0,0,47,16,10,8,5,Poisson GLMNet,0.5726190476190476,0.2666666666666667,False
butyrate_assembly_2021,42,0.0,0,47,16,10,8,5,SparCC,0.8392857142857143,0.6,False
butyrate_assembly_2021,42,0.0,0,47,16,10,8,5,Mean rank,0.7226190476190476,0.4666666666666667,False
butyrate_assembly_2021,42,0.0,0,47,16,10,8,5,SPIEC-EASI,0.625,0.5,False
butyrate_assembly_2021,42,0.2,10,47,16,10,8,5,Supervised combined,0.4859523809523809,0.06666666666666668,True
butyrate_assembly_2021,42,0.4,19,47,16,10,8,5,Supervised combined,0.5059523809523809,0.13333333333333336,True
butyrate_assembly_2021,42,0.6,29,47,16,10,8,5,Supervised combined,0.6861904761904762,0.6000000000000001,True
butyrate_assembly_2021,42,0.8,38,47,16,10,8,5,Supervised combined,0.5726190476190476,0.2666666666666667,True
butyrate_assembly_2021,43,0.0,0,24,16,10,23,16,PLNNetwork,0.7690344528659746,0.5401785714285714,False
butyrate_assembly_2021,43,0.0,0,24,16,10,23,16,Poisson GLMNet,0.5867959400486069,0.25,False
butyrate_assembly_2021,43,0.0,0,24,16,10,23,16,SparCC,0.8177094116632161,0.5982142857142857,False
butyrate_assembly_2021,43,0.0,0,24,16,10,23,16,Mean rank,0.6857505173905638,0.48214285714285715,False
butyrate_assembly_2021,43,0.0,0,24,16,10,23,16,SPIEC-EASI,0.6956521739130435,0.5,False
butyrate_assembly_2021,43,0.2,5,24,16,10,23,16,Supervised combined,0.6621230301117609,0.41964285714285715,True
butyrate_assembly_2021,43,0.4,10,24,16,10,23,16,Supervised combined,0.6211461178234129,0.3392857142857143,True
butyrate_assembly_2021,43,0.6,15,24,16,10,23,16,Supervised combined,0.8567309939480026,0.7410714285714286,True
butyrate_assembly_2021,43,0.8,20,24,16,10,23,16,Supervised combined,0.8642119358861813,0.7589285714285714,True
butyrate_assembly_2021,44,0.0,0,34,16,10,17,9,PLNNetwork,0.5545181035377114,0.4166666666666667,False
butyrate_assembly_2021,44,0.0,0,34,16,10,17,9,Poisson GLMNet,0.4402334774883795,0.3055555555555556,False
butyrate_assembly_2021,44,0.0,0,34,16,10,17,9,SparCC,0.71257215007215,0.6527777777777778,False
butyrate_assembly_2021,44,0.0,0,34,16,10,17,9,Mean rank,0.47911918328584996,0.3888888888888889,False
butyrate_assembly_2021,44,0.0,0,34,16,10,17,9,SPIEC-EASI,0.5294117647058824,0.5,False
butyrate_assembly_2021,44,0.2,7,34,16,10,17,9,Supervised combined,0.8065374440374442,0.7222222222222222,True
butyrate_assembly_2021,44,0.4,14,34,16,10,17,9,Supervised combined,0.6667388167388167,0.6805555555555556,True
butyrate_assembly_2021,44,0.6,21,34,16,10,17,9,Supervised combined,0.7523148148148149,0.6944444444444444,True
butyrate_assembly_2021,44,0.8,28,34,16,10,17,9,Supervised combined,0.754030229030229,0.6805555555555556,True
butyrate_assembly_2021,45,0.0,0,26,16,10,23,16,PLNNetwork,0.7052565640880858,0.53125,False
butyrate_assembly_2021,45,0.0,0,26,16,10,23,16,Poisson GLMNet,0.6104772319006654,0.3125,False
butyrate_assembly_2021,45,0.0,0,26,16,10,23,16,SparCC,0.752310620299351,0.5267857142857142,False
butyrate_assembly_2021,45,0.0,0,26,16,10,23,16,Mean rank,0.6838769192194114,0.45535714285714285,False
butyrate_assembly_2021,45,0.0,0,26,16,10,23,16,SPIEC-EASI,0.7146739130434783,0.53125,False
butyrate_assembly_2021,45,0.2,6,26,16,10,23,16,Supervised combined,0.795617025796159,0.5267857142857144,True
butyrate_assembly_2021,45,0.4,11,26,16,10,23,16,Supervised combined,0.7962832693192601,0.5357142857142857,True
butyrate_assembly_2021,45,0.6,16,26,16,10,23,16,Supervised combined,0.7988108428486718,0.5446428571428572,True
butyrate_assembly_2021,45,0.8,21,26,16,10,23,16,Supervised combined,0.7996586201573623,0.5625,True
butyrate_assembly_2021,46,0.0,0,37,16,10,16,10,PLNNetwork,0.6963095238095238,0.5166666666666667,False
butyrate_assembly_2021,46,0.0,0,37,16,10,16,10,Poisson GLMNet,0.8151495726495727,0.6499999999999999,False
butyrate_assembly_2021,46,0.0,0,37,16,10,16,10,SparCC,0.8462301587301587,0.6833333333333333,False
butyrate_assembly_2021,46,0.0,0,37,16,10,16,10,Mean rank,0.750605228105228,0.5666666666666667,False
butyrate_assembly_2021,46,0.0,0,37,16,10,16,10,SPIEC-EASI,0.625,0.5,False
butyrate_assembly_2021,46,0.2,8,37,16,10,16,10,Supervised combined,0.625,0.5,False
butyrate_assembly_2021,46,0.4,15,37,16,10,16,10,Supervised combined,0.775465367965368,0.6333333333333333,True
butyrate_assembly_2021,46,0.6,23,37,16,10,16,10,Supervised combined,0.8552669552669553,0.75,True
butyrate_assembly_2021,46,0.8,30,37,16,10,16,10,Supervised combined,0.7744122544122545,0.6666666666666666,True
butyrate_assembly_2021,47,0.0,0,40,16,10,15,14,PLNNetwork,0.9849816849816848,0.7857142857142857,False
butyrate_assembly_2021,47,0.0,0,40,16,10,15,14,Poisson GLMNet,0.9809523809523808,0.7142857142857143,False
butyrate_assembly_2021,47,0.0,0,40,16,10,15,14,SparCC,0.9481877249734392,0.42857142857142855,False
butyrate_assembly_2021,47,0.0,0,40,16,10,15,14,Mean rank,0.9650528043385185,0.5714285714285714,False
butyrate_assembly_2021,47,0.0,0,40,16,10,15,14,SPIEC-EASI,0.9333333333333333,0.5,False
butyrate_assembly_2021,47,0.2,8,40,16,10,15,14,Supervised combined,0.8939360242931671,0.14285714285714285,True
butyrate_assembly_2021,47,0.4,16,40,16,10,15,14,Supervised combined,0.9571162964020106,0.5,True
butyrate_assembly_2021,47,0.6,24,40,16,10,15,14,Supervised combined,0.9650528043385185,0.5714285714285714,True
butyrate_assembly_2021,47,0.8,32,40,16,10,15,14,Supervised combined,0.9721956614813756,0.6428571428571429,True
butyrate_assembly_2021,48,0.0,0,35,16,10,16,12,PLNNetwork,0.7581349206349207,0.3854166666666667,False
butyrate_assembly_2021,48,0.0,0,35,16,10,16,12,Poisson GLMNet,0.8289744977244977,0.5833333333333334,False
butyrate_assembly_2021,48,0.0,0,35,16,10,16,12,SparCC,0.8435999185999186,0.5833333333333333,False
butyrate_assembly_2021,48,0.0,0,35,16,10,16,12,Mean rank,0.8137658637658638,0.5625,False
butyrate_assembly_2021,48,0.0,0,35,16,10,16,12,SPIEC-EASI,0.75,0.5,False
butyrate_assembly_2021,48,0.2,7,35,16,10,16,12,Supervised combined,0.75,0.5,False
butyrate_assembly_2021,48,0.4,14,35,16,10,16,12,Supervised combined,0.8835588023088023,0.6875,True
butyrate_assembly_2021,48,0.6,21,35,16,10,16,12,Supervised combined,0.8881014818514819,0.6458333333333334,True
butyrate_assembly_2021,48,0.8,28,35,16,10,16,12,Supervised combined,0.8337902837902837,0.6041666666666667,True
butyrate_assembly_2021,49,0.0,0,40,16,10,15,8,PLNNetwork,0.5942279942279942,0.5089285714285714,False
butyrate_assembly_2021,49,0.0,0,40,16,10,15,8,Poisson GLMNet,0.4225378787878788,0.10714285714285715,False
butyrate_assembly_2021,49,0.0,0,40,16,10,15,8,SparCC,0.6376945970695971,0.5535714285714286,False
butyrate_assembly_2021,49,0.0,0,40,16,10,15,8,Mean rank,0.4645299145299145,0.3392857142857143,False
butyrate_assembly_2021,49,0.0,0,40,16,10,15,8,SPIEC-EASI,0.5916666666666667,0.5625,False
butyrate_assembly_2021,49,0.2,8,40,16,10,15,8,Supervised combined,0.7961465617715617,0.6785714285714286,True
butyrate_assembly_2021,49,0.4,16,40,16,10,15,8,Supervised combined,0.765521978021978,0.625,True
butyrate_assembly_2021,49,0.6,24,40,16,10,15,8,Supervised combined,0.6656565656565656,0.5357142857142857,True
butyrate_assembly_2021,49,0.8,32,40,16,10,15,8,Supervised combined,0.6695707070707071,0.5,True
butyrate_assembly_2021,50,0.0,0,44,16,10,9,2,PLNNetwork,0.2777777777777778,0.5,False
butyrate_assembly_2021,50,0.0,0,44,16,10,9,2,Poisson GLMNet,0.3666666666666667,0.6428571428571428,False
butyrate_assembly_2021,50,0.0,0,44,16,10,9,2,SparCC,0.30952380952380953,0.5,False
butyrate_assembly_2021,50,0.0,0,44,16,10,9,2,Mean rank,0.3333333333333333,0.5714285714285714,False
butyrate_assembly_2021,50,0.0,0,44,16,10,9,2,SPIEC-EASI,0.2222222222222222,0.5,False
butyrate_assembly_2021,50,0.2,9,44,16,10,9,2,Supervised combined,0.2222222222222222,0.5,False
butyrate_assembly_2021,50,0.4,18,44,16,10,9,2,Supervised combined,0.29166666666666663,0.5,True
butyrate_assembly_2021,50,0.6,27,44,16,10,9,2,Supervised combined,0.41666666666666663,0.7142857142857143,True
butyrate_assembly_2021,50,0.8,36,44,16,10,9,2,Supervised combined,0.41666666666666663,0.7142857142857143,True
butyrate_assembly_2021,51,0.0,0,40,16,10,14,12,PLNNetwork,0.8526394901394903,0.29166666666666663,False
butyrate_assembly_2021,51,0.0,0,40,16,10,14,12,Poisson GLMNet,0.7328703703703702,0.041666666666666664,False
butyrate_assembly_2021,51,0.0,0,40,16,10,14,12,SparCC,0.8011285011285011,0.20833333333333331,False
butyrate_assembly_2021,51,0.0,0,40,16,10,14,12,Mean rank,0.7219618344618344,0.041666666666666664,False
butyrate_assembly_2021,51,0.0,0,40,16,10,14,12,SPIEC-EASI,0.8571428571428571,0.5,False
butyrate_assembly_2021,51,0.2,8,40,16,10,14,12,Supervised combined,0.8280795593295595,0.33333333333333337,True
butyrate_assembly_2021,51,0.4,16,40,16,10,14,12,Supervised combined,0.9295676545676547,0.5833333333333334,True
butyrate_assembly_2021,51,0.6,24,40,16,10,14,12,Supervised combined,0.9295676545676547,0.5833333333333334,True
butyrate_assembly_2021,51,0.8,32,40,16,10,14,12,Supervised combined,0.9214718152218154,0.5833333333333334,True
butyrate_assembly_2021,52,0.0,0,50,16,10,8,7,PLNNetwork,0.8345238095238094,0.14285714285714285,False
butyrate_assembly_2021,52,0.0,0,50,16,10,8,7,Poisson GLMNet,0.9821428571428572,0.8571428571428571,False
butyrate_assembly_2021,52,0.0,0,50,16,10,8,7,SparCC,0.9379251700680272,0.5714285714285714,False
butyrate_assembly_2021,52,0.0,0,50,16,10,8,7,Mean rank,0.9379251700680272,0.5714285714285714,False
butyrate_assembly_2021,52,0.0,0,50,16,10,8,7,SPIEC-EASI,0.875,0.5,False
butyrate_assembly_2021,52,0.2,10,50,16,10,8,7,Supervised combined,0.9093537414965986,0.42857142857142855,True
butyrate_assembly_2021,52,0.4,20,50,16,10,8,7,Supervised combined,0.8736394557823131,0.2857142857142857,True
butyrate_assembly_2021,52,0.6,30,50,16,10,8,7,Supervised combined,0.8736394557823131,0.2857142857142857,True
butyrate_assembly_2021,52,0.8,40,50,16,10,8,7,Supervised combined,0.754591836734694,0.0,True
butyrate_assembly_2021,53,0.0,0,37,16,10,15,12,PLNNetwork,0.8274410774410775,0.4444444444444444,False
butyrate_assembly_2021,53,0.0,0,37,16,10,15,12,Poisson GLMNet,0.7405002405002404,0.3055555555555556,False
butyrate_assembly_2021,53,0.0,0,37,16,10,15,12,SparCC,0.8776848151848152,0.5,False
butyrate_assembly_2021,53,0.0,0,37,16,10,15,12,Mean rank,0.732578995078995,0.3055555555555556,False
butyrate_assembly_2021,53,0.0,0,37,16,10,15,12,SPIEC-EASI,0.8166666666666668,0.5416666666666666,False
butyrate_assembly_2021,53,0.2,8,37,16,10,15,12,Supervised combined,0.8852554852554854,0.6111111111111112,True
butyrate_assembly_2021,53,0.4,15,37,16,10,15,12,Supervised combined,0.8852554852554854,0.6111111111111112,True
butyrate_assembly_2021,53,0.6,23,37,16,10,15,12,Supervised combined,0.8596602471602472,0.5555555555555556,True
butyrate_assembly_2021,53,0.8,30,37,16,10,15,12,Supervised combined,0.8902158027158028,0.6111111111111112,True
butyrate_assembly_2021,54,0.0,0,48,16,10,8,7,PLNNetwork,0.9821428571428572,0.8571428571428571,False
butyrate_assembly_2021,54,0.0,0,48,16,10,8,7,Poisson GLMNet,0.9464285714285712,0.7857142857142857,False
butyrate_assembly_2021,54,0.0,0,48,16,10,8,7,SparCC,0.9093537414965986,0.42857142857142855,False
butyrate_assembly_2021,54,0.0,0,48,16,10,8,7,Mean rank,0.9821428571428572,0.8571428571428571,False
butyrate_assembly_2021,54,0.0,0,48,16,10,8,7,SPIEC-EASI,0.875,0.5,False
butyrate_assembly_2021,54,0.2,10,48,16,10,8,7,Supervised combined,0.9617346938775511,0.7142857142857143,True
butyrate_assembly_2021,54,0.4,20,48,16,10,8,7,Supervised combined,0.8736394557823131,0.2857142857142857,True
butyrate_assembly_2021,54,0.6,29,48,16,10,8,7,Supervised combined,0.754591836734694,0.0,True
butyrate_assembly_2021,54,0.8,39,48,16,10,8,7,Supervised combined,0.8260204081632654,0.14285714285714285,True
butyrate_assembly_2021,55,0.0,0,26,16,10,20,14,PLNNetwork,0.8145975056689342,0.7083333333333334,False
butyrate_assembly_2021,55,0.0,0,26,16,10,20,14,Poisson GLMNet,0.6960942069135346,0.3928571428571429,False
butyrate_assembly_2021,55,0.0,0,26,16,10,20,14,SparCC,0.8047191112980585,0.5833333333333333,False
butyrate_assembly_2021,55,0.0,0,26,16,10,20,14,Mean rank,0.7446052780086394,0.5476190476190477,False
butyrate_assembly_2021,55,0.0,0,26,16,10,20,14,SPIEC-EASI,0.7,0.5,False
butyrate_assembly_2021,55,0.2,6,26,16,10,20,14,Supervised combined,0.8079972057526236,0.5238095238095238,True
butyrate_assembly_2021,55,0.4,11,26,16,10,20,14,Supervised combined,0.7243797086372274,0.40476190476190477,True
butyrate_assembly_2021,55,0.6,16,26,16,10,20,14,Supervised combined,0.7796525345508096,0.5,True
butyrate_assembly_2021,55,0.8,21,26,16,10,20,14,Supervised combined,0.7765990404258869,0.4761904761904763,True
butyrate_assembly_2021,56,0.0,0,51,16,10,8,7,PLNNetwork,0.763095238095238,0.0,False
butyrate_assembly_2021,56,0.0,0,51,16,10,8,7,Poisson GLMNet,0.9617346938775511,0.7142857142857143,False
butyrate_assembly_2021,56,0.0,0,51,16,10,8,7,SparCC,0.9379251700680272,0.5714285714285714,False
butyrate_assembly_2021,56,0.0,0,51,16,10,8,7,Mean rank,0.9379251700680272,0.5714285714285714,False
butyrate_assembly_2021,56,0.0,0,51,16,10,8,7,SPIEC-EASI,0.875,0.5,False
butyrate_assembly_2021,56,0.2,11,51,16,10,8,7,Supervised combined,0.9821428571428572,0.8571428571428571,True
butyrate_assembly_2021,56,0.4,21,51,16,10,8,7,Supervised combined,1.0,1.0,True
butyrate_assembly_2021,56,0.6,31,51,16,10,8,7,Supervised combined,0.9821428571428572,0.8571428571428571,True
butyrate_assembly_2021,56,0.8,41,51,16,10,8,7,Supervised combined,0.9093537414965986,0.42857142857142855,True
butyrate_assembly_2021,57,0.0,0,46,16,10,9,2,PLNNetwork,0.6111111111111112,0.6785714285714286,False
butyrate_assembly_2021,57,0.0,0,46,16,10,9,2,Poisson GLMNet,0.75,0.8571428571428572,False
butyrate_assembly_2021,57,0.0,0,46,16,10,9,2,SparCC,0.3611111111111111,0.4285714285714286,False
butyrate_assembly_2021,57,0.0,0,46,16,10,9,2,Mean rank,0.41666666666666663,0.6428571428571429,False
butyrate_assembly_2021,57,0.0,0,46,16,10,9,2,SPIEC-EASI,0.2222222222222222,0.5,False
butyrate_assembly_2021,57,0.2,10,46,16,10,9,2,Supervised combined,1.0,1.0,True
butyrate_assembly_2021,57,0.4,19,46,16,10,9,2,Supervised combined,0.5833333333333333,0.8571428571428572,True
butyrate_assembly_2021,57,0.6,28,46,16,10,9,2,Supervised combined,0.5833333333333333,0.8571428571428572,True
butyrate_assembly_2021,57,0.8,37,46,16,10,9,2,Supervised combined,1.0,1.0,True
butyrate_assembly_2021,58,0.0,0,47,16,10,8,6,PLNNetwork,0.875,0.625,False
butyrate_assembly_2021,58,0.0,0,47,16,10,8,6,Poisson GLMNet,0.9107142857142857,0.6666666666666666,False
butyrate_assembly_2021,58,0.0,0,47,16,10,8,6,SparCC,0.9107142857142857,0.6666666666666666,False
butyrate_assembly_2021,58,0.0,0,47,16,10,8,6,Mean rank,0.9107142857142857,0.6666666666666666,False
butyrate_assembly_2021,58,0.0,0,47,16,10,8,6,SPIEC-EASI,0.75,0.5,False
butyrate_assembly_2021,58,0.2,10,47,16,10,8,6,Supervised combined,1.0,1.0,True
butyrate_assembly_2021,58,0.4,19,47,16,10,8,6,Supervised combined,0.6746031746031745,0.25,True
butyrate_assembly_2021,58,0.6,29,47,16,10,8,6,Supervised combined,0.8773809523809524,0.5833333333333333,True
butyrate_assembly_2021,58,0.8,38,47,16,10,8,6,Supervised combined,0.6496031746031745,0.16666666666666666,True
butyrate_assembly_2021,59,0.0,0,23,16,10,23,13,PLNNetwork,0.5297002514393818,0.4076923076923077,False
butyrate_assembly_2021,59,0.0,0,23,16,10,23,13,Poisson GLMNet,0.5831962352029242,0.5153846153846153,False
butyrate_assembly_2021,59,0.0,0,23,16,10,23,13,SparCC,0.6154069692176591,0.47692307692307695,False
butyrate_assembly_2021,59,0.0,0,23,16,10,23,13,Mean rank,0.6123152739668576,0.5230769230769231,False
butyrate_assembly_2021,59,0.0,0,23,16,10,23,13,SPIEC-EASI,0.5652173913043478,0.5,False
butyrate_assembly_2021,59,0.2,5,23,16,10,23,13,Supervised combined,0.5652173913043478,0.5,False
butyrate_assembly_2021,59,0.4,10,23,16,10,23,13,Supervised combined,0.512095019769466,0.3538461538461538,True
butyrate_assembly_2021,59,0.6,14,23,16,10,23,13,Supervised combined,0.47828204581002864,0.29230769230769227,True
butyrate_assembly_2021,59,0.8,19,23,16,10,23,13,Supervised combined,0.4307068088953268,0.2,True
butyrate_assembly_2021,60,0.0,0,50,16,10,9,4,PLNNetwork,0.5138888888888888,0.5,False
butyrate_assembly_2021,60,0.0,0,50,16,10,9,4,Poisson GLMNet,0.8041666666666667,0.8500000000000001,False
butyrate_assembly_2021,60,0.0,0,50,16,10,9,4,SparCC,0.42658730158730157,0.35,False
butyrate_assembly_2021,60,0.0,0,50,16,10,9,4,Mean rank,0.5178571428571428,0.55,False
butyrate_assembly_2021,60,0.0,0,50,16,10,9,4,SPIEC-EASI,0.4444444444444444,0.5,False
butyrate_assembly_2021,60,0.2,10,50,16,10,9,4,Supervised combined,0.4444444444444444,0.5,False
butyrate_assembly_2021,60,0.4,20,50,16,10,9,4,Supervised combined,0.8875,0.9,True
butyrate_assembly_2021,60,0.6,30,50,16,10,9,4,Supervised combined,1.0,1.0,True
butyrate_assembly_2021,60,0.8,40,50,16,10,9,4,Supervised combined,0.6083333333333333,0.7,True
butyrate_assembly_2021,61,0.0,0,50,16,10,7,6,PLNNetwork,0.9150793650793649,0.5,False
butyrate_assembly_2021,61,0.0,0,50,16,10,7,6,Poisson GLMNet,0.9523809523809523,0.8333333333333333,False
butyrate_assembly_2021,61,0.0,0,50,16,10,7,6,SparCC,0.9150793650793649,0.5,False
butyrate_assembly_2021,61,0.0,0,50,16,10,7,6,Mean rank,0.9150793650793649,0.5,False
butyrate_assembly_2021,61,0.0,0,50,16,10,7,6,SPIEC-EASI,0.8571428571428571,0.5,False
butyrate_assembly_2021,61,0.2,10,50,16,10,7,6,Supervised combined,0.7345238095238095,0.0,True
butyrate_assembly_2021,61,0.4,20,50,16,10,7,6,Supervised combined,0.8734126984126983,0.3333333333333333,True
butyrate_assembly_2021,61,0.6,30,50,16,10,7,6,Supervised combined,0.8178571428571427,0.16666666666666666,True
butyrate_assembly_2021,61,0.8,40,50,16,10,7,6,Supervised combined,0.8178571428571427,0.16666666666666666,True
butyrate_assembly_2021,62,0.0,0,38,16,10,15,13,PLNNetwork,0.9627308588847048,0.7884615384615385,False
butyrate_assembly_2021,62,0.0,0,38,16,10,15,13,Poisson GLMNet,0.9512820512820512,0.7307692307692308,False
butyrate_assembly_2021,62,0.0,0,38,16,10,15,13,SparCC,0.958945755099601,0.7692307692307692,False
butyrate_assembly_2021,62,0.0,0,38,16,10,15,13,Mean rank,0.9751850713389172,0.8461538461538461,False
butyrate_assembly_2021,62,0.0,0,38,16,10,15,13,SPIEC-EASI,0.8666666666666667,0.5,False
butyrate_assembly_2021,62,0.2,8,38,16,10,15,13,Supervised combined,0.9156870906870904,0.5769230769230769,True
butyrate_assembly_2021,62,0.4,16,38,16,10,15,13,Supervised combined,0.7202724625801549,0.0,True
butyrate_assembly_2021,62,0.6,23,38,16,10,15,13,Supervised combined,0.7330929754006676,0.038461538461538464,True
butyrate_assembly_2021,62,0.8,31,38,16,10,15,13,Supervised combined,0.7959134882211807,0.15384615384615385,True
butyrate_assembly_2021,63,0.0,0,36,16,10,16,13,PLNNetwork,0.7822429707045092,0.4358974358974359,False
butyrate_assembly_2021,63,0.0,0,36,16,10,16,13,Poisson GLMNet,0.8178743265281727,0.6410256410256411,False
butyrate_assembly_2021,63,0.0,0,36,16,10,16,13,SparCC,0.940549728049728,0.7435897435897436,False
butyrate_assembly_2021,63,0.0,0,36,16,10,16,13,Mean rank,0.8635264308341232,0.5897435897435898,False
butyrate_assembly_2021,63,0.0,0,36,16,10,16,13,SPIEC-EASI,0.8125,0.5,False
butyrate_assembly_2021,63,0.2,8,36,16,10,16,13,Supervised combined,0.9383413594952057,0.7948717948717949,True
butyrate_assembly_2021,63,0.4,15,36,16,10,16,13,Supervised combined,0.9255208466746928,0.7692307692307693,True
butyrate_assembly_2021,63,0.6,22,36,16,10,16,13,Supervised combined,0.9589457550996012,0.8461538461538463,True
butyrate_assembly_2021,63,0.8,29,36,16,10,16,13,Supervised combined,0.9493303704842166,0.8205128205128206,True
butyrate_assembly_2021,64,0.0,0,38,16,10,17,14,PLNNetwork,0.9226375048854039,0.7380952380952382,False
butyrate_assembly_2021,64,0.0,0,38,16,10,17,14,Poisson GLMNet,0.8860928870382652,0.6666666666666667,False
butyrate_assembly_2021,64,0.0,0,38,16,10,17,14,SparCC,0.9351051842648481,0.7142857142857143,False
butyrate_assembly_2021,64,0.0,0,38,16,10,17,14,Mean rank,0.9260788814360243,0.761904761904762,False
butyrate_assembly_2021,64,0.0,0,38,16,10,17,14,SPIEC-EASI,0.8235294117647058,0.5,False
butyrate_assembly_2021,64,0.2,8,38,16,10,17,14,Supervised combined,0.8015625247768104,0.4285714285714286,True
butyrate_assembly_2021,64,0.4,16,38,16,10,17,14,Supervised combined,0.8633622446647657,0.5,True
butyrate_assembly_2021,64,0.6,23,38,16,10,17,14,Supervised combined,0.8967664396761035,0.5714285714285714,True
butyrate_assembly_2021,64,0.8,31,38,16,10,17,14,Supervised combined,0.88063801278087,0.6428571428571428,True
butyrate_assembly_2021,65,0.0,0,38,16,10,16,13,PLNNetwork,0.7543040293040293,0.20512820512820518,False
butyrate_assembly_2021,65,0.0,0,38,16,10,16,13,Poisson GLMNet,0.9309343434343434,0.7179487179487181,False
butyrate_assembly_2021,65,0.0,0,38,16,10,16,13,SparCC,0.7884195932272855,0.4871794871794872,False
butyrate_assembly_2021,65,0.0,0,38,16,10,16,13,Mean rank,0.826881131688824,0.5128205128205129,False
butyrate_assembly_2021,65,0.0,0,38,16,10,16,13,SPIEC-EASI,0.8125,0.5,False
butyrate_assembly_2021,65,0.2,8,38,16,10,16,13,Supervised combined,0.802003231810924,0.43589743589743596,True
butyrate_assembly_2021,65,0.4,16,38,16,10,16,13,Supervised combined,0.7373512171589094,0.33333333333333337,True
butyrate_assembly_2021,65,0.6,23,38,16,10,16,13,Supervised combined,0.7417468215545138,0.35897435897435903,True
butyrate_assembly_2021,65,0.8,31,38,16,10,16,13,Supervised combined,0.780940960748653,0.4615384615384616,True
butyrate_assembly_2021,66,0.0,0,49,16,10,7,5,PLNNetwork,0.6714285714285715,0.3,False
butyrate_assembly_2021,66,0.0,0,49,16,10,7,5,Poisson GLMNet,0.6861904761904761,0.4,False
butyrate_assembly_2021,66,0.0,0,49,16,10,7,5,SparCC,0.7861904761904761,0.5,False
butyrate_assembly_2021,66,0.0,0,49,16,10,7,5,Mean rank,0.71,0.5,False
butyrate_assembly_2021,66,0.0,0,49,16,10,7,5,SPIEC-EASI,0.7142857142857143,0.5,False
butyrate_assembly_2021,66,0.2,10,49,16,10,7,5,Supervised combined,1.0,1.0,True
butyrate_assembly_2021,66,0.4,20,49,16,10,7,5,Supervised combined,1.0,1.0,True
butyrate_assembly_2021,66,0.6,30,49,16,10,7,5,Supervised combined,1.0,1.0,True
butyrate_assembly_2021,66,0.8,40,49,16,10,7,5,Supervised combined,1.0,1.0,True
butyrate_assembly_2021,67,0.0,0,36,16,10,16,6,PLNNetwork,0.4041305916305916,0.5333333333333333,False
butyrate_assembly_2021,67,0.0,0,36,16,10,16,6,Poisson GLMNet,0.3333333333333333,0.09166666666666667,False
butyrate_assembly_2021,67,0.0,0,36,16,10,16,6,SparCC,0.5942760942760943,0.6166666666666667,False
butyrate_assembly_2021,67,0.0,0,36,16,10,16,6,Mean rank,0.3597374847374848,0.41666666666666663,False
butyrate_assembly_2021,67,0.0,0,36,16,10,16,6,SPIEC-EASI,0.47916666666666663,0.5833333333333334,False
butyrate_assembly_2021,67,0.2,8,36,16,10,16,6,Supervised combined,0.375,0.5,False
butyrate_assembly_2021,67,0.4,15,36,16,10,16,6,Supervised combined,0.32620851370851367,0.29999999999999993,True
butyrate_assembly_2021,67,0.6,22,36,16,10,16,6,Supervised combined,0.32025613275613274,0.2833333333333333,True
butyrate_assembly_2021,67,0.8,29,36,16,10,16,6,Supervised combined,0.34376040626040627,0.2833333333333333,True
butyrate_assembly_2021,68,0.0,0,13,16,10,28,23,PLNNetwork,0.8676537320533819,0.5608695652173913,False
butyrate_assembly_2021,68,0.0,0,13,16,10,28,23,Poisson GLMNet,0.8165206953199953,0.3739130434782609,False
butyrate_assembly_2021,68,0.0,0,13,16,10,28,23,SparCC,0.8564365090059051,0.5304347826086956,False
butyrate_assembly_2021,68,0.0,0,13,16,10,28,23,Mean rank,0.8036392433896048,0.4956521739130434,False
butyrate_assembly_2021,68,0.0,0,13,16,10,28,23,SPIEC-EASI,0.8214285714285714,0.5,False
butyrate_assembly_2021,68,0.2,3,13,16,10,28,23,Supervised combined,0.8425271707955022,0.4869565217391304,True
butyrate_assembly_2021,68,0.4,6,13,16,10,28,23,Supervised combined,0.8195593348992777,0.43478260869565216,True
butyrate_assembly_2021,68,0.6,8,13,16,10,28,23,Supervised combined,0.8403499774290506,0.4434782608695652,True
butyrate_assembly_2021,68,0.8,11,13,16,10,28,23,Supervised combined,0.8364741431184335,0.42608695652173906,True
butyrate_assembly_2021,69,0.0,0,52,16,10,8,7,PLNNetwork,0.9617346938775511,0.7142857142857143,False
butyrate_assembly_2021,69,0.0,0,52,16,10,8,7,Poisson GLMNet,0.9464285714285712,0.7857142857142857,False
butyrate_assembly_2021,69,0.0,0,52,16,10,8,7,SparCC,0.9617346938775511,0.7142857142857143,False
butyrate_assembly_2021,69,0.0,0,52,16,10,8,7,Mean rank,0.9617346938775511,0.7142857142857143,False
butyrate_assembly_2021,69,0.0,0,52,16,10,8,7,SPIEC-EASI,0.875,0.5,False
butyrate_assembly_2021,69,0.2,11,52,16,10,8,7,Supervised combined,0.8260204081632654,0.14285714285714285,True
butyrate_assembly_2021,69,0.4,21,52,16,10,8,7,Supervised combined,0.8736394557823131,0.2857142857142857,True
butyrate_assembly_2021,69,0.6,32,52,16,10,8,7,Supervised combined,0.8260204081632654,0.14285714285714285,True
butyrate_assembly_2021,69,0.8,42,52,16,10,8,7,Supervised combined,0.8736394557823131,0.2857142857142857,True
butyrate_assembly_2021,70,0.0,0,47,16,10,7,6,PLNNetwork,0.919047619047619,0.5,False
butyrate_assembly_2021,70,0.0,0,47,16,10,7,6,Poisson GLMNet,0.9523809523809523,0.8333333333333333,False
butyrate_assembly_2021,70,0.0,0,47,16,10,7,6,SparCC,0.9484126984126984,0.6666666666666666,False
butyrate_assembly_2021,70,0.0,0,47,16,10,7,6,Mean rank,1.0,1.0,False
butyrate_assembly_2021,70,0.0,0,47,16,10,7,6,SPIEC-EASI,0.8571428571428571,0.5,False
butyrate_assembly_2021,70,0.2,10,47,16,10,7,6,Supervised combined,0.7345238095238095,0.0,True
butyrate_assembly_2021,70,0.4,19,47,16,10,7,6,Supervised combined,1.0,1.0,True
butyrate_assembly_2021,70,0.6,29,47,16,10,7,6,Supervised combined,1.0,1.0,True
butyrate_assembly_2021,70,0.8,38,47,16,10,7,6,Supervised combined,1.0,1.0,True
butyrate_assembly_2021,71,0.0,0,14,16,10,28,19,PLNNetwork,0.8413174890667963,0.7192982456140351,False
butyrate_assembly_2021,71,0.0,0,14,16,10,28,19,Poisson GLMNet,0.5934372601942262,0.32163742690058483,False
butyrate_assembly_2021,71,0.0,0,14,16,10,28,19,SparCC,0.8348173058892074,0.6432748538011697,False
butyrate_assembly_2021,71,0.0,0,14,16,10,28,19,Mean rank,0.7450971167666054,0.6257309941520468,False
butyrate_assembly_2021,71,0.0,0,14,16,10,28,19,SPIEC-EASI,0.6954887218045114,0.5263157894736842,False
butyrate_assembly_2021,71,0.2,3,14,16,10,28,19,Supervised combined,0.6785714285714286,0.5,False
butyrate_assembly_2021,71,0.4,6,14,16,10,28,19,Supervised combined,0.6785714285714286,0.5,False
butyrate_assembly_2021,71,0.6,9,14,16,10,28,19,Supervised combined,0.6785714285714286,0.5,False
butyrate_assembly_2021,71,0.8,12,14,16,10,28,19,Supervised combined,0.7166775527160505,0.47953216374269003,True
butyrate_assembly_2021,72,0.0,0,39,16,10,16,15,PLNNetwork,0.9379514004514005,0.3333333333333333,False
butyrate_assembly_2021,72,0.0,0,39,16,10,16,15,Poisson GLMNet,0.9833333333333333,0.8666666666666667,False
butyrate_assembly_2021,72,0.0,0,39,16,10,16,15,SparCC,0.9913888888888889,0.8666666666666667,False
butyrate_assembly_2021,72,0.0,0,39,16,10,16,15,Mean rank,0.9698826173826173,0.6,False
butyrate_assembly_2021,72,0.0,0,39,16,10,16,15,SPIEC-EASI,0.9375,0.5,False
butyrate_assembly_2021,72,0.2,8,39,16,10,16,15,Supervised combined,0.913506956006956,0.2,True
butyrate_assembly_2021,72,0.4,16,39,16,10,16,15,Supervised combined,0.9632159507159506,0.5333333333333333,True
butyrate_assembly_2021,72,0.6,24,39,16,10,16,15,Supervised combined,0.9698826173826173,0.6,True
butyrate_assembly_2021,72,0.8,32,39,16,10,16,15,Supervised combined,0.9632159507159506,0.5333333333333333,True
butyrate_assembly_2021,73,0.0,0,42,16,10,12,11,PLNNetwork,0.9079725829725831,0.2727272727272727,False
butyrate_assembly_2021,73,0.0,0,42,16,10,12,11,Poisson GLMNet,0.946969696969697,0.6818181818181819,False
butyrate_assembly_2021,73,0.0,0,42,16,10,12,11,SparCC,0.9750688705234161,0.7272727272727273,False
butyrate_assembly_2021,73,0.0,0,42,16,10,12,11,Mean rank,0.9536042240587697,0.5454545454545454,False
butyrate_assembly_2021,73,0.0,0,42,16,10,12,11,SPIEC-EASI,0.9166666666666666,0.5,False
butyrate_assembly_2021,73,0.2,9,42,16,10,12,11,Supervised combined,0.9254656959202414,0.36363636363636365,True
butyrate_assembly_2021,73,0.4,17,42,16,10,12,11,Supervised combined,0.85425357470812,0.09090909090909091,True
butyrate_assembly_2021,73,0.6,26,42,16,10,12,11,Supervised combined,0.9536042240587697,0.5454545454545454,True
butyrate_assembly_2021,73,0.8,34,42,16,10,12,11,Supervised combined,0.9649678604224059,0.6363636363636364,True
butyrate_assembly_2021,74,0.0,0,52,16,10,8,6,PLNNetwork,0.9583333333333334,0.8333333333333334,False
butyrate_assembly_2021,74,0.0,0,52,16,10,8,6,Poisson GLMNet,0.875,0.75,False
butyrate_assembly_2021,74,0.0,0,52,16,10,8,6,SparCC,0.915079365079365,0.75,False
butyrate_assembly_2021,74,0.0,0,52,16,10,8,6,Mean rank,0.9583333333333334,0.8333333333333334,False
butyrate_assembly_2021,74,0.0,0,52,16,10,8,6,SPIEC-EASI,0.75,0.5,False
butyrate_assembly_2021,74,0.2,11,52,16,10,8,6,Supervised combined,0.8357142857142856,0.5,True
butyrate_assembly_2021,74,0.4,21,52,16,10,8,6,Supervised combined,0.8551587301587301,0.5,True
butyrate_assembly_2021,74,0.6,32,52,16,10,8,6,Supervised combined,0.9305555555555556,0.75,True
butyrate_assembly_2021,74,0.8,42,52,16,10,8,6,Supervised combined,0.915079365079365,0.75,True
butyrate_assembly_2021,75,0.0,0,27,16,10,23,22,PLNNetwork,0.9901185770750986,0.7727272727272727,False
butyrate_assembly_2021,75,0.0,0,27,16,10,23,22,Poisson GLMNet,0.9861660079051383,0.6818181818181818,False
butyrate_assembly_2021,75,0.0,0,27,16,10,23,22,SparCC,0.9748110110930412,0.5454545454545454,False
butyrate_assembly_2021,75,0.0,0,27,16,10,23,22,Mean rank,0.9839289764610066,0.6818181818181818,False
butyrate_assembly_2021,75,0.0,0,27,16,10,23,22,SPIEC-EASI,0.9565217391304348,0.5,False
butyrate_assembly_2021,75,0.2,6,27,16,10,23,22,Supervised combined,0.9866027732524505,0.7272727272727273,True
butyrate_assembly_2021,75,0.4,11,27,16,10,23,22,Supervised combined,0.9891280257777031,0.7727272727272727,True
butyrate_assembly_2021,75,0.6,17,27,16,10,23,22,Supervised combined,0.993793097548038,0.8636363636363636,True
butyrate_assembly_2021,75,0.8,22,27,16,10,23,22,Supervised combined,0.9891280257777031,0.7727272727272727,True
butyrate_assembly_2021,76,0.0,0,14,16,10,27,20,PLNNetwork,0.8355473559091982,0.6178571428571429,False
butyrate_assembly_2021,76,0.0,0,14,16,10,27,20,Poisson GLMNet,0.7051095020677065,0.425,False
butyrate_assembly_2021,76,0.0,0,14,16,10,27,20,SparCC,0.860742901434078,0.6500000000000001,False
butyrate_assembly_2021,76,0.0,0,14,16,10,27,20,Mean rank,0.790115621476757,0.6285714285714286,False
butyrate_assembly_2021,76,0.0,0,14,16,10,27,20,SPIEC-EASI,0.7537037037037037,0.525,False
butyrate_assembly_2021,76,0.2,3,14,16,10,27,20,Supervised combined,0.8792291636681024,0.6857142857142857,True
butyrate_assembly_2021,76,0.4,6,14,16,10,27,20,Supervised combined,0.8880112726522069,0.7000000000000001,True
butyrate_assembly_2021,76,0.6,9,14,16,10,27,20,Supervised combined,0.8835188628880581,0.6928571428571428,True
butyrate_assembly_2021,76,0.8,12,14,16,10,27,20,Supervised combined,0.8667120404834097,0.6571428571428571,True
butyrate_assembly_2021,77,0.0,0,48,16,10,5,4,PLNNetwork,0.95,0.75,False
butyrate_assembly_2021,77,0.0,0,48,16,10,5,4,Poisson GLMNet,0.8500000000000001,0.25,False
butyrate_assembly_2021,77,0.0,0,48,16,10,5,4,SparCC,0.8041666666666667,0.25,False
butyrate_assembly_2021,77,0.0,0,48,16,10,5,4,Mean rank,0.8041666666666667,0.25,False
butyrate_assembly_2021,77,0.0,0,48,16,10,5,4,SPIEC-EASI,0.8,0.5,False
butyrate_assembly_2021,77,0.2,10,48,16,10,5,4,Supervised combined,1.0,1.0,True
butyrate_assembly_2021,77,0.4,20,48,16,10,5,4,Supervised combined,0.6791666666666667,0.0,True
butyrate_assembly_2021,77,0.6,29,48,16,10,5,4,Supervised combined,0.6791666666666667,0.0,True
butyrate_assembly_2021,77,0.8,39,48,16,10,5,4,Supervised combined,0.8041666666666667,0.25,True
butyrate_assembly_2021,78,0.0,0,35,16,10,16,7,PLNNetwork,0.431547619047619,0.42063492063492064,False
butyrate_assembly_2021,78,0.0,0,35,16,10,16,7,Poisson GLMNet,0.48511904761904767,0.523809523809524,False
butyrate_assembly_2021,78,0.0,0,35,16,10,16,7,SparCC,0.5751460840746555,0.5555555555555556,False
butyrate_assembly_2021,78,0.0,0,35,16,10,16,7,Mean rank,0.5690785405071119,0.5714285714285714,False
butyrate_assembly_2021,78,0.0,0,35,16,10,16,7,SPIEC-EASI,0.4375,0.5,False
butyrate_assembly_2021,78,0.2,7,35,16,10,16,7,Supervised combined,0.4375,0.5,False
butyrate_assembly_2021,78,0.4,14,35,16,10,16,7,Supervised combined,0.8520408163265306,0.873015873015873,True
butyrate_assembly_2021,78,0.6,21,35,16,10,16,7,Supervised combined,0.8429499072356215,0.8571428571428572,True
butyrate_assembly_2021,78,0.8,28,35,16,10,16,7,Supervised combined,0.8329931972789115,0.8571428571428572,True
butyrate_assembly_2021,79,0.0,0,45,16,10,9,3,PLNNetwork,0.3888888888888889,0.5,False
butyrate_assembly_2021,79,0.0,0,45,16,10,9,3,Poisson GLMNet,0.47619047619047616,0.6111111111111112,False
butyrate_assembly_2021,79,0.0,0,45,16,10,9,3,SparCC,0.3611111111111111,0.2777777777777778,False
butyrate_assembly_2021,79,0.0,0,45,16,10,9,3,Mean rank,0.38690476190476186,0.38888888888888884,False
butyrate_assembly_2021,79,0.0,0,45,16,10,9,3,SPIEC-EASI,0.3333333333333333,0.5,False
butyrate_assembly_2021,79,0.2,9,45,16,10,9,3,Supervised combined,0.5333333333333333,0.7222222222222223,True
butyrate_assembly_2021,79,0.4,18,45,16,10,9,3,Supervised combined,0.33134920634920634,0.33333333333333326,True
butyrate_assembly_2021,79,0.6,27,45,16,10,9,3,Supervised combined,0.33134920634920634,0.33333333333333326,True
butyrate_assembly_2021,79,0.8,36,45,16,10,9,3,Supervised combined,0.5277777777777778,0.3333333333333333,True
butyrate_assembly_2021,80,0.0,0,25,16,10,23,12,PLNNetwork,0.6143598249576511,0.5303030303030303,False
butyrate_assembly_2021,80,0.0,0,25,16,10,23,12,Poisson GLMNet,0.5519812959508746,0.45075757575757575,False
butyrate_assembly_2021,80,0.0,0,25,16,10,23,12,SparCC,0.6850563518961857,0.5757575757575758,False
butyrate_assembly_2021,80,0.0,0,25,16,10,23,12,Mean rank,0.6462415927295958,0.5530303030303031,False
butyrate_assembly_2021,80,0.0,0,25,16,10,23,12,SPIEC-EASI,0.5217391304347826,0.5,False
butyrate_assembly_2021,80,0.2,5,25,16,10,23,12,Supervised combined,0.6436832258965117,0.5227272727272727,True
butyrate_assembly_2021,80,0.4,10,25,16,10,23,12,Supervised combined,0.6246147213016913,0.49242424242424243,True
butyrate_assembly_2021,80,0.6,15,25,16,10,23,12,Supervised combined,0.6266624420994121,0.49242424242424243,True
butyrate_assembly_2021,80,0.8,20,25,16,10,23,12,Supervised combined,0.6246783151152852,0.48484848484848486,True
butyrate_assembly_2021,81,0.0,0,49,16,10,7,6,PLNNetwork,0.8734126984126983,0.3333333333333333,False
butyrate_assembly_2021,81,0.0,0,49,16,10,7,6,Poisson GLMNet,0.9047619047619048,0.6666666666666666,False
butyrate_assembly_2021,81,0.0,0,49,16,10,7,6,SparCC,0.976190476190476,0.8333333333333334,False
butyrate_assembly_2021,81,0.0,0,49,16,10,7,6,Mean rank,0.976190476190476,0.8333333333333334,False
butyrate_assembly_2021,81,0.0,0,49,16,10,7,6,SPIEC-EASI,0.8809523809523809,0.5833333333333334,False
butyrate_assembly_2021,81,0.2,10,49,16,10,7,6,Supervised combined,0.8734126984126983,0.3333333333333333,True
butyrate_assembly_2021,81,0.4,20,49,16,10,7,6,Supervised combined,0.9150793650793649,0.5,True
butyrate_assembly_2021,81,0.6,30,49,16,10,7,6,Supervised combined,0.8734126984126983,0.3333333333333333,True
butyrate_assembly_2021,81,0.8,40,49,16,10,7,6,Supervised combined,0.8178571428571427,0.16666666666666666,True
butyrate_assembly_2021,82,0.0,0,26,16,10,22,18,PLNNetwork,0.8247617442470384,0.49999999999999994,False
butyrate_assembly_2021,82,0.0,0,26,16,10,22,18,Poisson GLMNet,0.7359984516782763,0.3055555555555555,False
butyrate_assembly_2021,82,0.0,0,26,16,10,22,18,SparCC,0.9002482314917817,0.5555555555555556,False
butyrate_assembly_2021,82,0.0,0,26,16,10,22,18,Mean rank,0.7963009668827523,0.41666666666666663,False
butyrate_assembly_2021,82,0.0,0,26,16,10,22,18,SPIEC-EASI,0.8282828282828283,0.5277777777777778,False
butyrate_assembly_2021,82,0.2,6,26,16,10,22,18,Supervised combined,0.9351354981256943,0.7361111111111112,True
butyrate_assembly_2021,82,0.4,11,26,16,10,22,18,Supervised combined,0.8530086743322036,0.5694444444444444,True
butyrate_assembly_2021,82,0.6,16,26,16,10,22,18,Supervised combined,0.8720562933798228,0.5833333333333333,True
butyrate_assembly_2021,82,0.8,21,26,16,10,22,18,Supervised combined,0.8950581372149999,0.6527777777777778,True
butyrate_assembly_2021,83,0.0,0,13,16,10,28,20,PLNNetwork,0.8414428087822052,0.6875,False
butyrate_assembly_2021,83,0.0,0,13,16,10,28,20,Poisson GLMNet,0.6907176028306059,0.3375,False
butyrate_assembly_2021,83,0.0,0,13,16,10,28,20,SparCC,0.8349068497734201,0.68125,False
butyrate_assembly_2021,83,0.0,0,13,16,10,28,20,Mean rank,0.801251887890904,0.68125,False
butyrate_assembly_2021,83,0.0,0,13,16,10,28,20,SPIEC-EASI,0.7142857142857143,0.5,False
butyrate_assembly_2021,83,0.2,3,13,16,10,28,20,Supervised combined,0.7759646387112737,0.44375,True
butyrate_assembly_2021,83,0.4,6,13,16,10,28,20,Supervised combined,0.6819181561547291,0.34375,True
butyrate_assembly_2021,83,0.6,8,13,16,10,28,20,Supervised combined,0.6780204763921113,0.3375,True
butyrate_assembly_2021,83,0.8,11,13,16,10,28,20,Supervised combined,0.6853048586764935,0.3375,True
butyrate_assembly_2021,84,0.0,0,38,16,10,16,10,PLNNetwork,0.8979365079365079,0.8583333333333333,False
butyrate_assembly_2021,84,0.0,0,38,16,10,16,10,Poisson GLMNet,0.5358333333333334,0.15,False
butyrate_assembly_2021,84,0.0,0,38,16,10,16,10,SparCC,0.8385606060606061,0.6833333333333333,False
butyrate_assembly_2021,84,0.0,0,38,16,10,16,10,Mean rank,0.7107242757242757,0.5666666666666667,False
butyrate_assembly_2021,84,0.0,0,38,16,10,16,10,SPIEC-EASI,0.625,0.5,False
butyrate_assembly_2021,84,0.2,8,38,16,10,16,10,Supervised combined,0.5675521700521701,0.25,True
butyrate_assembly_2021,84,0.4,16,38,16,10,16,10,Supervised combined,0.5363888888888888,0.2833333333333333,True
butyrate_assembly_2021,84,0.6,23,38,16,10,16,10,Supervised combined,0.5937065712065712,0.33333333333333337,True
butyrate_assembly_2021,84,0.8,31,38,16,10,16,10,Supervised combined,0.5451773226773227,0.2833333333333333,True
butyrate_assembly_2021,85,0.0,0,28,16,10,23,20,PLNNetwork,0.9049987723629028,0.44999999999999996,False
butyrate_assembly_2021,85,0.0,0,28,16,10,23,20,Poisson GLMNet,0.9398132664437016,0.6333333333333333,False
butyrate_assembly_2021,85,0.0,0,28,16,10,23,20,SparCC,0.881389462370163,0.38333333333333336,False
butyrate_assembly_2021,85,0.0,0,28,16,10,23,20,Mean rank,0.9024839928396937,0.4666666666666667,False
butyrate_assembly_2021,85,0.0,0,28,16,10,23,20,SPIEC-EASI,0.8695652173913043,0.5,False
butyrate_assembly_2021,85,0.2,6,28,16,10,23,20,Supervised combined,0.92215496729008,0.55,True
butyrate_assembly_2021,85,0.4,12,28,16,10,23,20,Supervised combined,0.8976165685972695,0.44999999999999996,True
butyrate_assembly_2021,85,0.6,17,28,16,10,23,20,Supervised combined,0.8957555741995102,0.4666666666666666,True
butyrate_assembly_2021,85,0.8,23,28,16,10,23,20,Supervised combined,0.8857823121674246,0.44999999999999996,True
butyrate_assembly_2021,86,0.0,0,39,16,10,14,9,PLNNetwork,0.7992063492063493,0.6555555555555554,False
butyrate_assembly_2021,86,0.0,0,39,16,10,14,9,Poisson GLMNet,0.5637806637806638,0.24444444444444444,False
butyrate_assembly_2021,86,0.0,0,39,16,10,14,9,SparCC,0.7097781847781848,0.4222222222222222,False
butyrate_assembly_2021,86,0.0,0,39,16,10,14,9,Mean rank,0.5987765321098655,0.37777777777777777,False
butyrate_assembly_2021,86,0.0,0,39,16,10,14,9,SPIEC-EASI,0.6428571428571429,0.5,False
butyrate_assembly_2021,86,0.2,8,39,16,10,14,9,Supervised combined,0.7096699596699596,0.3555555555555555,True
butyrate_assembly_2021,86,0.4,16,39,16,10,14,9,Supervised combined,0.572240105573439,0.3333333333333333,True
butyrate_assembly_2021,86,0.6,24,39,16,10,14,9,Supervised combined,0.762820512820513,0.5999999999999999,True
butyrate_assembly_2021,86,0.8,32,39,16,10,14,9,Supervised combined,0.6790302290302291,0.5111111111111111,True
butyrate_assembly_2021,87,0.0,0,53,16,10,6,5,PLNNetwork,0.81,0.2,False
butyrate_assembly_2021,87,0.0,0,53,16,10,6,5,Poisson GLMNet,0.8666666666666667,0.6,False
butyrate_assembly_2021,87,0.0,0,53,16,10,6,5,SparCC,0.8766666666666667,0.4,False
butyrate_assembly_2021,87,0.0,0,53,16,10,6,5,Mean rank,0.81,0.2,False
butyrate_assembly_2021,87,0.0,0,53,16,10,6,5,SPIEC-EASI,0.8333333333333334,0.5,False
butyrate_assembly_2021,87,0.2,11,53,16,10,6,5,Supervised combined,0.9666666666666666,0.8,True
butyrate_assembly_2021,87,0.4,22,53,16,10,6,5,Supervised combined,0.8766666666666667,0.4,True
butyrate_assembly_2021,87,0.6,32,53,16,10,6,5,Supervised combined,0.81,0.2,True
butyrate_assembly_2021,87,0.8,43,53,16,10,6,5,Supervised combined,0.8766666666666667,0.4,True
butyrate_assembly_2021,88,0.0,0,37,16,10,15,13,PLNNetwork,0.8887001887001886,0.38461538461538464,False
butyrate_assembly_2021,88,0.0,0,37,16,10,15,13,Poisson GLMNet,0.9660839160839159,0.8076923076923077,False
butyrate_assembly_2021,88,0.0,0,37,16,10,15,13,SparCC,0.8838255761332683,0.38461538461538464,False
butyrate_assembly_2021,88,0.0,0,37,16,10,15,13,Mean rank,0.924729117036809,0.5384615384615384,False
butyrate_assembly_2021,88,0.0,0,37,16,10,15,13,SPIEC-EASI,0.8666666666666667,0.5,False
butyrate_assembly_2021,88,0.2,8,37,16,10,15,13,Supervised combined,0.8755838178915101,0.34615384615384615,True
butyrate_assembly_2021,88,0.4,15,37,16,10,15,13,Supervised combined,0.8827572000648922,0.42307692307692313,True
butyrate_assembly_2021,88,0.6,23,37,16,10,15,13,Supervised combined,0.8890509063585985,0.46153846153846156,True
butyrate_assembly_2021,88,0.8,30,37,16,10,15,13,Supervised combined,0.8948784121861044,0.5,True
butyrate_assembly_2021,89,0.0,0,15,16,10,28,26,PLNNetwork,0.9528479427375256,0.5192307692307693,False
butyrate_assembly_2021,89,0.0,0,15,16,10,28,26,Poisson GLMNet,0.8884794075720747,0.17307692307692307,False
butyrate_assembly_2021,89,0.0,0,15,16,10,28,26,SparCC,0.9396728006656223,0.4807692307692307,False
butyrate_assembly_2021,89,0.0,0,15,16,10,28,26,Mean rank,0.878161612831203,0.22115384615384617,False
butyrate_assembly_2021,89,0.0,0,15,16,10,28,26,SPIEC-EASI,0.9285714285714286,0.5,False
butyrate_assembly_2021,89,0.2,3,15,16,10,28,26,Supervised combined,0.9285714285714286,0.5,False
butyrate_assembly_2021,89,0.4,6,15,16,10,28,26,Supervised combined,0.9739030092453784,0.6923076923076923,True
butyrate_assembly_2021,89,0.6,9,15,16,10,28,26,Supervised combined,0.9470140705068921,0.5,True
butyrate_assembly_2021,89,0.8,12,15,16,10,28,26,Supervised combined,0.9223289839216507,0.34615384615384615,True
butyrate_assembly_2021,90,0.0,0,35,16,10,16,8,PLNNetwork,0.5895833333333333,0.65625,False
butyrate_assembly_2021,90,0.0,0,35,16,10,16,8,Poisson GLMNet,0.5370535714285715,0.5625,False
butyrate_assembly_2021,90,0.0,0,35,16,10,16,8,SparCC,0.7376945970695971,0.640625,False
butyrate_assembly_2021,90,0.0,0,35,16,10,16,8,Mean rank,0.7537518037518037,0.703125,False
butyrate_assembly_2021,90,0.0,0,35,16,10,16,8,SPIEC-EASI,0.5,0.5,False
butyrate_assembly_2021,90,0.2,7,35,16,10,16,8,Supervised combined,0.5,0.5,False
butyrate_assembly_2021,90,0.4,14,35,16,10,16,8,Supervised combined,0.8269230769230769,0.796875,True
butyrate_assembly_2021,90,0.6,21,35,16,10,16,8,Supervised combined,0.740625,0.734375,True
butyrate_assembly_2021,90,0.8,28,35,16,10,16,8,Supervised combined,0.8148674242424242,0.796875,True
butyrate_assembly_2021,91,0.0,0,44,16,10,9,2,PLNNetwork,0.2777777777777778,0.5,False
butyrate_assembly_2021,91,0.0,0,44,16,10,9,2,Poisson GLMNet,0.26785714285714285,0.4285714285714286,False
butyrate_assembly_2021,91,0.0,0,44,16,10,9,2,SparCC,0.3611111111111111,0.4285714285714286,False
butyrate_assembly_2021,91,0.0,0,44,16,10,9,2,Mean rank,0.375,0.5,False
butyrate_assembly_2021,91,0.0,0,44,16,10,9,2,SPIEC-EASI,0.2222222222222222,0.5,False
butyrate_assembly_2021,91,0.2,9,44,16,10,9,2,Supervised combined,0.20833333333333331,0.2142857142857143,True
butyrate_assembly_2021,91,0.4,18,44,16,10,9,2,Supervised combined,0.26785714285714285,0.4285714285714286,True
butyrate_assembly_2021,91,0.6,27,44,16,10,9,2,Supervised combined,0.5,0.7857142857142857,True
butyrate_assembly_2021,91,0.8,36,44,16,10,9,2,Supervised combined,0.75,0.8571428571428572,True
butyrate_assembly_2021,92,0.0,0,50,16,10,9,3,PLNNetwork,0.3333333333333333,0.25,False
butyrate_assembly_2021,92,0.0,0,50,16,10,9,3,Poisson GLMNet,0.6095238095238096,0.6111111111111112,False
butyrate_assembly_2021,92,0.0,0,50,16,10,9,3,SparCC,0.24206349206349206,0.0,False
butyrate_assembly_2021,92,0.0,0,50,16,10,9,3,Mean rank,0.24206349206349206,0.0,False
butyrate_assembly_2021,92,0.0,0,50,16,10,9,3,SPIEC-EASI,0.3333333333333333,0.5,False
butyrate_assembly_2021,92,0.2,10,50,16,10,9,3,Supervised combined,0.4777777777777778,0.6666666666666667,True
butyrate_assembly_2021,92,0.4,20,50,16,10,9,3,Supervised combined,0.8666666666666667,0.888888888888889,True
butyrate_assembly_2021,92,0.6,30,50,16,10,9,3,Supervised combined,0.8666666666666667,0.888888888888889,True
butyrate_assembly_2021,92,0.8,40,50,16,10,9,3,Supervised combined,0.3595238095238096,0.4444444444444444,True
butyrate_assembly_2021,93,0.0,0,25,16,10,23,14,PLNNetwork,0.7055046919953752,0.6031746031746033,False
butyrate_assembly_2021,93,0.0,0,25,16,10,23,14,Poisson GLMNet,0.5999381900322712,0.48809523809523814,False
butyrate_assembly_2021,93,0.0,0,25,16,10,23,14,SparCC,0.7143808643351939,0.5158730158730158,False
butyrate_assembly_2021,93,0.0,0,25,16,10,23,14,Mean rank,0.6581855386615448,0.5873015873015873,False
butyrate_assembly_2021,93,0.0,0,25,16,10,23,14,SPIEC-EASI,0.6086956521739131,0.5,False
butyrate_assembly_2021,93,0.2,5,25,16,10,23,14,Supervised combined,0.6086956521739131,0.5,False
butyrate_assembly_2021,93,0.4,10,25,16,10,23,14,Supervised combined,0.6086956521739131,0.5,False
butyrate_assembly_2021,93,0.6,15,25,16,10,23,14,Supervised combined,0.6086956521739131,0.5,False
butyrate_assembly_2021,93,0.8,20,25,16,10,23,14,Supervised combined,0.7881791352904798,0.6984126984126984,True
butyrate_assembly_2021,94,0.0,0,46,16,10,9,1,PLNNetwork,0.1111111111111111,0.1875,False
butyrate_assembly_2021,94,0.0,0,46,16,10,9,1,Poisson GLMNet,0.3333333333333333,0.75,False
butyrate_assembly_2021,94,0.0,0,46,16,10,9,1,SparCC,0.125,0.125,False
butyrate_assembly_2021,94,0.0,0,46,16,10,9,1,Mean rank,0.125,0.125,False
butyrate_assembly_2021,94,0.0,0,46,16,10,9,1,SPIEC-EASI,0.1111111111111111,0.5,False
butyrate_assembly_2021,94,0.2,10,46,16,10,9,1,Supervised combined,1.0,1.0,True
butyrate_assembly_2021,94,0.4,19,46,16,10,9,1,Supervised combined,0.1111111111111111,0.0,True
butyrate_assembly_2021,94,0.6,28,46,16,10,9,1,Supervised combined,0.16666666666666666,0.375,True
butyrate_assembly_2021,94,0.8,37,46,16,10,9,1,Supervised combined,0.25,0.625,True
butyrate_assembly_2021,95,0.0,0,26,16,10,23,16,PLNNetwork,0.7814654328780768,0.5446428571428572,False
butyrate_assembly_2021,95,0.0,0,26,16,10,23,16,Poisson GLMNet,0.6788379635444348,0.35714285714285715,False
butyrate_assembly_2021,95,0.0,0,26,16,10,23,16,SparCC,0.7178531914944959,0.5,False
butyrate_assembly_2021,95,0.0,0,26,16,10,23,16,Mean rank,0.6600552806634967,0.4017857142857143,False
butyrate_assembly_2021,95,0.0,0,26,16,10,23,16,SPIEC-EASI,0.6956521739130435,0.5,False
butyrate_assembly_2021,95,0.2,6,26,16,10,23,16,Supervised combined,0.6719037000244934,0.3928571428571429,True
butyrate_assembly_2021,95,0.4,11,26,16,10,23,16,Supervised combined,0.6829507310163774,0.4017857142857143,True
butyrate_assembly_2021,95,0.6,16,26,16,10,23,16,Supervised combined,0.6771616365324301,0.39285714285714285,True
butyrate_assembly_2021,95,0.8,21,26,16,10,23,16,Supervised combined,0.759559018562165,0.45535714285714285,True
butyrate_assembly_2021,96,0.0,0,26,16,10,23,21,PLNNetwork,0.9213329587096486,0.40476190476190477,False
butyrate_assembly_2021,96,0.0,0,26,16,10,23,21,Poisson GLMNet,0.9010236353764616,0.2857142857142857,False
butyrate_assembly_2021,96,0.0,0,26,16,10,23,21,SparCC,0.9317858625672601,0.47619047619047616,False
butyrate_assembly_2021,96,0.0,0,26,16,10,23,21,Mean rank,0.8797874641402901,0.2738095238095238,False
butyrate_assembly_2021,96,0.0,0,26,16,10,23,21,SPIEC-EASI,0.9130434782608695,0.5,False
butyrate_assembly_2021,96,0.2,6,26,16,10,23,21,Supervised combined,0.8268928719599835,0.07142857142857142,True
butyrate_assembly_2021,96,0.4,11,26,16,10,23,21,Supervised combined,0.840384935452047,0.11904761904761904,True
butyrate_assembly_2021,96,0.6,16,26,16,10,23,21,Supervised combined,0.855785540138366,0.19047619047619047,True
butyrate_assembly_2021,96,0.8,21,26,16,10,23,21,Supervised combined,0.840384935452047,0.11904761904761904,True
butyrate_assembly_2021,97,0.0,0,24,16,10,23,15,PLNNetwork,0.7791803001393793,0.6833333333333333,False
butyrate_assembly_2021,97,0.0,0,24,16,10,23,15,Poisson GLMNet,0.6716867278312291,0.55,False
butyrate_assembly_2021,97,0.0,0,24,16,10,23,15,SparCC,0.8209455158368203,0.7083333333333334,False
butyrate_assembly_2021,97,0.0,0,24,16,10,23,15,Mean rank,0.7887992671816201,0.7416666666666667,False
butyrate_assembly_2021,97,0.0,0,24,16,10,23,15,SPIEC-EASI,0.6521739130434783,0.5,False
butyrate_assembly_2021,97,0.2,5,24,16,10,23,15,Supervised combined,0.6521739130434783,0.5,False
butyrate_assembly_2021,97,0.4,10,24,16,10,23,15,Supervised combined,0.7873540457363986,0.7166666666666667,True
butyrate_assembly_2021,97,0.6,15,24,16,10,23,15,Supervised combined,0.8347916897916898,0.7916666666666666,True
butyrate_assembly_2021,97,0.8,20,24,16,10,23,15,Supervised combined,0.7967479851303381,0.7333333333333334,True
butyrate_assembly_2021,98,0.0,0,35,16,10,16,10,PLNNetwork,0.8240476190476189,0.7333333333333334,False
butyrate_assembly_2021,98,0.0,0,35,16,10,16,10,Poisson GLMNet,0.6693073593073592,0.39999999999999997,False
butyrate_assembly_2021,98,0.0,0,35,16,10,16,10,SparCC,0.7260714285714285,0.49999999999999994,False
butyrate_assembly_2021,98,0.0,0,35,16,10,16,10,Mean rank,0.6878671328671329,0.5833333333333334,False
butyrate_assembly_2021,98,0.0,0,35,16,10,16,10,SPIEC-EASI,0.625,0.5,False
butyrate_assembly_2021,98,0.2,7,35,16,10,16,10,Supervised combined,0.6757328782328782,0.3833333333333333,True
butyrate_assembly_2021,98,0.4,14,35,16,10,16,10,Supervised combined,0.6556102231102231,0.33333333333333337,True
butyrate_assembly_2021,98,0.6,21,35,16,10,16,10,Supervised combined,0.7088347763347763,0.43333333333333335,True
butyrate_assembly_2021,98,0.8,28,35,16,10,16,10,Supervised combined,0.8052777777777778,0.6333333333333333,True
butyrate_assembly_2021,99,0.0,0,29,16,10,20,18,PLNNetwork,0.9095265845265845,0.3611111111111111,False
butyrate_assembly_2021,99,0.0,0,29,16,10,20,18,Poisson GLMNet,0.8471354263020928,0.4305555555555556,False
butyrate_assembly_2021,99,0.0,0,29,16,10,20,18,SparCC,0.9183935006819425,0.5,False
butyrate_assembly_2021,99,0.0,0,29,16,10,20,18,Mean rank,0.8438564636449052,0.3611111111111111,False
butyrate_assembly_2021,99,0.0,0,29,16,10,20,18,SPIEC-EASI,0.9,0.5,False
butyrate_assembly_2021,99,0.2,6,29,16,10,20,18,Supervised combined,0.864532084320526,0.33333333333333337,True
butyrate_assembly_2021,99,0.4,12,29,16,10,20,18,Supervised combined,0.9080506028390446,0.4166666666666667,True
butyrate_assembly_2021,99,0.6,18,29,16,10,20,18,Supervised combined,0.864532084320526,0.33333333333333337,True
butyrate_assembly_2021,99,0.8,24,29,16,10,20,18,Supervised combined,0.8791332239216656,0.33333333333333337,True
butyrate_assembly_2021,100,0.0,0,25,16,10,21,10,PLNNetwork,0.5285714285714286,0.5,False
butyrate_assembly_2021,100,0.0,0,25,16,10,21,10,Poisson GLMNet,0.47598655730234685,0.4909090909090909,False
butyrate_assembly_2021,100,0.0,0,25,16,10,21,10,SparCC,0.7055008798391151,0.6909090909090909,False
butyrate_assembly_2021,100,0.0,0,25,16,10,21,10,Mean rank,0.5239471639471639,0.5727272727272728,False
butyrate_assembly_2021,100,0.0,0,25,16,10,21,10,SPIEC-EASI,0.47619047619047616,0.5,False
butyrate_assembly_2021,100,0.2,5,25,16,10,21,10,Supervised combined,0.47619047619047616,0.5,False
butyrate_assembly_2021,100,0.4,10,25,16,10,21,10,Supervised combined,0.6487157287157287,0.6363636363636364,True
butyrate_assembly_2021,100,0.6,15,25,16,10,21,10,Supervised combined,0.42155534008475193,0.4090909090909091,True
butyrate_assembly_2021,100,0.8,20,25,16,10,21,10,Supervised combined,0.5299759012916908,0.4727272727272727,True
butyrate_assembly_2021,101,0.0,0,35,16,10,17,8,PLNNetwork,0.6202205882352941,0.7222222222222222,False
butyrate_assembly_2021,101,0.0,0,35,16,10,17,8,Poisson GLMNet,0.45681818181818185,0.43055555555555564,False
butyrate_assembly_2021,101,0.0,0,35,16,10,17,8,SparCC,0.7209145021645021,0.763888888888889,False
butyrate_assembly_2021,101,0.0,0,35,16,10,17,8,Mean rank,0.7727564102564103,0.7638888888888888,False
butyrate_assembly_2021,101,0.0,0,35,16,10,17,8,SPIEC-EASI,0.47058823529411764,0.5,False
butyrate_assembly_2021,101,0.2,7,35,16,10,17,8,Supervised combined,0.6245763529770882,0.513888888888889,True
butyrate_assembly_2021,101,0.4,14,35,16,10,17,8,Supervised combined,0.7207656926406926,0.7361111111111112,True
butyrate_assembly_2021,101,0.6,21,35,16,10,17,8,Supervised combined,0.7355654761904762,0.7361111111111112,True
butyrate_assembly_2021,101,0.8,28,35,16,10,17,8,Supervised combined,0.6569264069264069,0.7361111111111112,True
butyrate_assembly_2021,102,0.0,0,26,16,10,20,14,PLNNetwork,0.6918290043290044,0.5059523809523809,False
butyrate_assembly_2021,102,0.0,0,26,16,10,20,14,Poisson GLMNet,0.6176135372563945,0.2857142857142857,False
butyrate_assembly_2021,102,0.0,0,26,16,10,20,14,SparCC,0.762551754844988,0.5357142857142857,False
butyrate_assembly_2021,102,0.0,0,26,16,10,20,14,Mean rank,0.6734354307911363,0.38095238095238093,False
butyrate_assembly_2021,102,0.0,0,26,16,10,20,14,SPIEC-EASI,0.7214285714285714,0.5357142857142857,False
butyrate_assembly_2021,102,0.2,6,26,16,10,20,14,Supervised combined,0.8520629172414886,0.7142857142857143,True
butyrate_assembly_2021,102,0.4,11,26,16,10,20,14,Supervised combined,0.843101640423069,0.7261904761904763,True
butyrate_assembly_2021,102,0.6,16,26,16,10,20,14,Supervised combined,0.8812897088660023,0.7023809523809524,True
butyrate_assembly_2021,102,0.8,21,26,16,10,20,14,Supervised combined,0.8656248182011117,0.6666666666666666,True
butyrate_assembly_2021,103,0.0,0,26,16,10,22,18,PLNNetwork,0.8949783241449909,0.625,False
butyrate_assembly_2021,103,0.0,0,26,16,10,22,18,Poisson GLMNet,0.7616662059322018,0.3888888888888889,False
butyrate_assembly_2021,103,0.0,0,26,16,10,22,18,SparCC,0.9175051800051801,0.6527777777777778,False
butyrate_assembly_2021,103,0.0,0,26,16,10,22,18,Mean rank,0.8885808036801329,0.5972222222222222,False
butyrate_assembly_2021,103,0.0,0,26,16,10,22,18,SPIEC-EASI,0.8181818181818182,0.5,False
butyrate_assembly_2021,103,0.2,6,26,16,10,22,18,Supervised combined,0.9370124044724151,0.7777777777777778,True
butyrate_assembly_2021,103,0.4,11,26,16,10,22,18,Supervised combined,0.9087635757011403,0.6944444444444444,True
butyrate_assembly_2021,103,0.6,16,26,16,10,22,18,Supervised combined,0.9913580246913583,0.9583333333333333,True
butyrate_assembly_2021,103,0.8,21,26,16,10,22,18,Supervised combined,0.9944444444444447,0.9722222222222222,True
butyrate_assembly_2021,104,0.0,0,48,16,10,9,3,PLNNetwork,0.3333333333333333,0.25,False
butyrate_assembly_2021,104,0.0,0,48,16,10,9,3,Poisson GLMNet,0.4206349206349206,0.5,False
butyrate_assembly_2021,104,0.0,0,48,16,10,9,3,SparCC,0.24206349206349206,0.0,False
butyrate_assembly_2021,104,0.0,0,48,16,10,9,3,Mean rank,0.2757936507936508,0.16666666666666663,False
butyrate_assembly_2021,104,0.0,0,48,16,10,9,3,SPIEC-EASI,0.3333333333333333,0.5,False
butyrate_assembly_2021,104,0.2,10,48,16,10,9,3,Supervised combined,1.0,1.0,True
butyrate_assembly_2021,104,0.4,20,48,16,10,9,3,Supervised combined,0.9166666666666665,0.9444444444444444,True
butyrate_assembly_2021,104,0.6,29,48,16,10,9,3,Supervised combined,0.9166666666666665,0.9444444444444444,True
butyrate_assembly_2021,104,0.8,39,48,16,10,9,3,Supervised combined,0.6388888888888888,0.8333333333333334,True
butyrate_assembly_2021,105,0.0,0,23,16,10,24,16,PLNNetwork,0.9000324328449328,0.8203125,False
butyrate_assembly_2021,105,0.0,0,23,16,10,24,16,Poisson GLMNet,0.7813723186643078,0.5390625,False
butyrate_assembly_2021,105,0.0,0,23,16,10,24,16,SparCC,0.8830874499919585,0.765625,False
butyrate_assembly_2021,105,0.0,0,23,16,10,24,16,Mean rank,0.9242584896277352,0.8203125,False
butyrate_assembly_2021,105,0.0,0,23,16,10,24,16,SPIEC-EASI,0.6666666666666666,0.5,False
butyrate_assembly_2021,105,0.2,5,23,16,10,24,16,Supervised combined,0.8895470558638128,0.7734375,True
butyrate_assembly_2021,105,0.4,10,23,16,10,24,16,Supervised combined,0.8388733902285104,0.734375,True
butyrate_assembly_2021,105,0.6,14,23,16,10,24,16,Supervised combined,0.8020413614163615,0.703125,True
butyrate_assembly_2021,105,0.8,19,23,16,10,24,16,Supervised combined,0.7912929763473242,0.6171875,True
butyrate_assembly_2021,106,0.0,0,29,16,10,20,18,PLNNetwork,0.9564814814814816,0.6805555555555556,False
butyrate_assembly_2021,106,0.0,0,29,16,10,20,18,Poisson GLMNet,0.957763532763533,0.6944444444444444,False
butyrate_assembly_2021,106,0.0,0,29,16,10,20,18,SparCC,0.9560718716936469,0.6388888888888888,False
butyrate_assembly_2021,106,0.0,0,29,16,10,20,18,Mean rank,0.9769458709409691,0.8055555555555556,False
butyrate_assembly_2021,106,0.0,0,29,16,10,20,18,SPIEC-EASI,0.9055555555555556,0.5277777777777778,False
butyrate_assembly_2021,106,0.2,6,29,16,10,20,18,Supervised combined,0.9846178286129268,0.8611111111111112,True
butyrate_assembly_2021,106,0.4,12,29,16,10,20,18,Supervised combined,0.9392929715814133,0.5555555555555556,True
butyrate_assembly_2021,106,0.6,18,29,16,10,20,18,Supervised combined,0.9652812035745474,0.7222222222222222,True
butyrate_assembly_2021,106,0.8,24,29,16,10,20,18,Supervised combined,0.9680427370378353,0.75,True
butyrate_assembly_2021,107,0.0,0,36,16,10,17,11,PLNNetwork,0.6764260249554367,0.4696969696969697,False
butyrate_assembly_2021,107,0.0,0,36,16,10,17,11,Poisson GLMNet,0.6257649213531566,0.46969696969696967,False
butyrate_assembly_2021,107,0.0,0,36,16,10,17,11,SparCC,0.7576691282573637,0.6060606060606061,False
butyrate_assembly_2021,107,0.0,0,36,16,10,17,11,Mean rank,0.6794338237520056,0.4696969696969697,False
butyrate_assembly_2021,107,0.0,0,36,16,10,17,11,SPIEC-EASI,0.6470588235294118,0.5,False
butyrate_assembly_2021,107,0.2,8,36,16,10,17,11,Supervised combined,0.8818837727928638,0.7727272727272727,True
butyrate_assembly_2021,107,0.4,15,36,16,10,17,11,Supervised combined,0.6916419735938453,0.5,True
butyrate_assembly_2021,107,0.6,22,36,16,10,17,11,Supervised combined,0.6769955089473807,0.4696969696969697,True
butyrate_assembly_2021,107,0.8,29,36,16,10,17,11,Supervised combined,0.792915417915418,0.696969696969697,True
butyrate_assembly_2021,108,0.0,0,49,16,10,8,5,PLNNetwork,0.7033333333333334,0.46666666666666673,False
butyrate_assembly_2021,108,0.0,0,49,16,10,8,5,Poisson GLMNet,0.7861904761904762,0.6666666666666667,False
butyrate_assembly_2021,108,0.0,0,49,16,10,8,5,SparCC,0.6226190476190476,0.4,False
butyrate_assembly_2021,108,0.0,0,49,16,10,8,5,Mean rank,0.6595238095238095,0.5333333333333333,False
butyrate_assembly_2021,108,0.0,0,49,16,10,8,5,SPIEC-EASI,0.625,0.5,False
butyrate_assembly_2021,108,0.2,10,49,16,10,8,5,Supervised combined,0.625,0.5,False
butyrate_assembly_2021,108,0.4,20,49,16,10,8,5,Supervised combined,0.5961904761904762,0.4,True
butyrate_assembly_2021,108,0.6,30,49,16,10,8,5,Supervised combined,0.852857142857143,0.7333333333333334,True
butyrate_assembly_2021,108,0.8,40,49,16,10,8,5,Supervised combined,0.71,0.6666666666666667,True
butyrate_assembly_2021,109,0.0,0,27,16,10,19,13,PLNNetwork,0.7336220459702241,0.42948717948717946,False
butyrate_assembly_2021,109,0.0,0,27,16,10,19,13,Poisson GLMNet,0.6115859174563628,0.28205128205128205,False
butyrate_assembly_2021,109,0.0,0,27,16,10,19,13,SparCC,0.8338241294838102,0.641025641025641,False
butyrate_assembly_2021,109,0.0,0,27,16,10,19,13,Mean rank,0.6424744284056024,0.4294871794871795,False
butyrate_assembly_2021,109,0.0,0,27,16,10,19,13,SPIEC-EASI,0.7085020242914981,0.5384615384615384,False
butyrate_assembly_2021,109,0.2,6,27,16,10,19,13,Supervised combined,0.702120871705892,0.4358974358974359,True
butyrate_assembly_2021,109,0.4,11,27,16,10,19,13,Supervised combined,0.711929972861147,0.4871794871794872,True
butyrate_assembly_2021,109,0.6,17,27,16,10,19,13,Supervised combined,0.8100389717054397,0.5641025641025641,True
butyrate_assembly_2021,109,0.8,22,27,16,10,19,13,Supervised combined,0.7989090759601594,0.5641025641025641,True
butyrate_assembly_2021,110,0.0,0,42,16,10,14,11,PLNNetwork,0.8241702741702743,0.4696969696969697,False
butyrate_assembly_2021,110,0.0,0,42,16,10,14,11,Poisson GLMNet,0.7935064935064935,0.43939393939393945,False
butyrate_assembly_2021,110,0.0,0,42,16,10,14,11,SparCC,0.8254374413465323,0.5757575757575758,False
butyrate_assembly_2021,110,0.0,0,42,16,10,14,11,Mean rank,0.7505817414908322,0.4545454545454546,False
butyrate_assembly_2021,110,0.0,0,42,16,10,14,11,SPIEC-EASI,0.7857142857142857,0.5,False
butyrate_assembly_2021,110,0.2,9,42,16,10,14,11,Supervised combined,0.7209401709401708,0.33333333333333337,True
butyrate_assembly_2021,110,0.4,17,42,16,10,14,11,Supervised combined,0.7073038073038074,0.3030303030303031,True
butyrate_assembly_2021,110,0.6,26,42,16,10,14,11,Supervised combined,0.7586648200284564,0.24242424242424243,True
butyrate_assembly_2021,110,0.8,34,42,16,10,14,11,Supervised combined,0.7496326905417815,0.36363636363636365,True
butyrate_assembly_2021,111,0.0,0,52,16,10,6,5,PLNNetwork,0.9666666666666666,0.8,False
butyrate_assembly_2021,111,0.0,0,52,16,10,6,5,Poisson GLMNet,0.8666666666666667,0.2,False
butyrate_assembly_2021,111,0.0,0,52,16,10,6,5,SparCC,0.8766666666666667,0.4,False
butyrate_assembly_2021,111,0.0,0,52,16,10,6,5,Mean rank,0.8766666666666667,0.4,False
butyrate_assembly_2021,111,0.0,0,52,16,10,6,5,SPIEC-EASI,0.8333333333333334,0.5,False
butyrate_assembly_2021,111,0.2,11,52,16,10,6,5,Supervised combined,0.9666666666666666,0.8,True
butyrate_assembly_2021,111,0.4,21,52,16,10,6,5,Supervised combined,0.9266666666666665,0.6,True
butyrate_assembly_2021,111,0.6,32,52,16,10,6,5,Supervised combined,0.8766666666666667,0.4,True
butyrate_assembly_2021,111,0.8,42,52,16,10,6,5,Supervised combined,0.81,0.2,True
butyrate_assembly_2021,112,0.0,0,52,16,10,8,6,PLNNetwork,0.7861111111111111,0.41666666666666663,False
butyrate_assembly_2021,112,0.0,0,52,16,10,8,6,Poisson GLMNet,0.75,0.25,False
butyrate_assembly_2021,112,0.0,0,52,16,10,8,6,SparCC,0.8134920634920635,0.41666666666666663,False
butyrate_assembly_2021,112,0.0,0,52,16,10,8,6,Mean rank,0.8551587301587301,0.5,False
butyrate_assembly_2021,112,0.0,0,52,16,10,8,6,SPIEC-EASI,0.7916666666666666,0.5833333333333334,False
butyrate_assembly_2021,112,0.2,11,52,16,10,8,6,Supervised combined,0.7884920634920635,0.3333333333333333,True
butyrate_assembly_2021,112,0.4,21,52,16,10,8,6,Supervised combined,0.8551587301587301,0.5,True
butyrate_assembly_2021,112,0.6,32,52,16,10,8,6,Supervised combined,0.8134920634920635,0.41666666666666663,True
butyrate_assembly_2021,112,0.8,42,52,16,10,8,6,Supervised combined,0.8134920634920635,0.41666666666666663,True
butyrate_assembly_2021,113,0.0,0,35,16,10,17,7,PLNNetwork,0.49661531279178334,0.5,False
butyrate_assembly_2021,113,0.0,0,35,16,10,17,7,Poisson GLMNet,0.3932030387912741,0.41428571428571426,False
butyrate_assembly_2021,113,0.0,0,35,16,10,17,7,SparCC,0.5867146858743497,0.5714285714285714,False
butyrate_assembly_2021,113,0.0,0,35,16,10,17,7,Mean rank,0.41655071119356835,0.4714285714285714,False
butyrate_assembly_2021,113,0.0,0,35,16,10,17,7,SPIEC-EASI,0.4117647058823529,0.5,False
butyrate_assembly_2021,113,0.2,7,35,16,10,17,7,Supervised combined,0.4117647058823529,0.5,False
butyrate_assembly_2021,113,0.4,14,35,16,10,17,7,Supervised combined,0.6094714809000523,0.6285714285714286,True
butyrate_assembly_2021,113,0.6,21,35,16,10,17,7,Supervised combined,0.5548229548229549,0.5857142857142857,True
butyrate_assembly_2021,113,0.8,28,35,16,10,17,7,Supervised combined,0.3615699776414062,0.34285714285714286,True
butyrate_assembly_2021,114,0.0,0,50,16,10,8,6,PLNNetwork,0.9583333333333334,0.8333333333333334,False
butyrate_assembly_2021,114,0.0,0,50,16,10,8,6,Poisson GLMNet,0.9166666666666665,0.8333333333333333,False
butyrate_assembly_2021,114,0.0,0,50,16,10,8,6,SparCC,0.8972222222222223,0.6666666666666667,False
butyrate_assembly_2021,114,0.0,0,50,16,10,8,6,Mean rank,0.9761904761904762,0.9166666666666667,False
butyrate_assembly_2021,114,0.0,0,50,16,10,8,6,SPIEC-EASI,0.75,0.5,False
butyrate_assembly_2021,114,0.2,10,50,16,10,8,6,Supervised combined,0.9484126984126984,0.8333333333333333,True
butyrate_assembly_2021,114,0.4,20,50,16,10,8,6,Supervised combined,0.9484126984126984,0.8333333333333333,True
butyrate_assembly_2021,114,0.6,30,50,16,10,8,6,Supervised combined,0.8178571428571428,0.5833333333333334,True
butyrate_assembly_2021,114,0.8,40,50,16,10,8,6,Supervised combined,0.8178571428571428,0.5833333333333334,True
butyrate_assembly_2021,115,0.0,0,26,16,10,22,17,PLNNetwork,0.8517430282136165,0.6588235294117647,False
butyrate_assembly_2021,115,0.0,0,26,16,10,22,17,Poisson GLMNet,0.8163377472201001,0.4764705882352941,False
butyrate_assembly_2021,115,0.0,0,26,16,10,22,17,SparCC,0.8836118372814786,0.6235294117647059,False
butyrate_assembly_2021,115,0.0,0,26,16,10,22,17,Mean rank,0.8569984180210005,0.5882352941176471,False
butyrate_assembly_2021,115,0.0,0,26,16,10,22,17,SPIEC-EASI,0.7727272727272727,0.5,False
butyrate_assembly_2021,115,0.2,6,26,16,10,22,17,Supervised combined,0.7202271827203532,0.388235294117647,True
butyrate_assembly_2021,115,0.4,11,26,16,10,22,17,Supervised combined,0.7683889126818465,0.3411764705882353,True
butyrate_assembly_2021,115,0.6,16,26,16,10,22,17,Supervised combined,0.7479730540306937,0.3058823529411765,True
butyrate_assembly_2021,115,0.8,21,26,16,10,22,17,Supervised combined,0.7532251548710298,0.3176470588235294,True
butyrate_assembly_2021,116,0.0,0,15,16,10,24,22,PLNNetwork,0.9619483865807392,0.6363636363636364,False
butyrate_assembly_2021,116,0.0,0,15,16,10,24,22,Poisson GLMNet,0.888114438763538,0.38636363636363635,False
butyrate_assembly_2021,116,0.0,0,15,16,10,24,22,SparCC,0.9583882559523169,0.5909090909090909,False
butyrate_assembly_2021,116,0.0,0,15,16,10,24,22,Mean rank,0.9392871290637569,0.5,False
butyrate_assembly_2021,116,0.0,0,15,16,10,24,22,SPIEC-EASI,0.9166666666666666,0.5,False
butyrate_assembly_2021,116,0.2,3,15,16,10,24,22,Supervised combined,0.8814637915278526,0.25,True
butyrate_assembly_2021,116,0.4,6,15,16,10,24,22,Supervised combined,0.9792764731671993,0.7954545454545454,True
butyrate_assembly_2021,116,0.6,9,15,16,10,24,22,Supervised combined,0.9780577643397947,0.7954545454545454,True
butyrate_assembly_2021,116,0.8,12,15,16,10,24,22,Supervised combined,0.9780577643397947,0.7954545454545454,True
butyrate_assembly_2021,117,0.0,0,24,16,10,24,13,PLNNetwork,0.6012750070442378,0.5804195804195804,False
butyrate_assembly_2021,117,0.0,0,24,16,10,24,13,Poisson GLMNet,0.5902847152847153,0.5874125874125874,False
butyrate_assembly_2021,117,0.0,0,24,16,10,24,13,SparCC,0.750247195259983,0.6713286713286714,False
butyrate_assembly_2021,117,0.0,0,24,16,10,24,13,Mean rank,0.6530699870899919,0.6503496503496504,False
butyrate_assembly_2021,117,0.0,0,24,16,10,24,13,SPIEC-EASI,0.5416666666666666,0.5,False
butyrate_assembly_2021,117,0.2,5,24,16,10,24,13,Supervised combined,0.5416666666666666,0.5,False
butyrate_assembly_2021,117,0.4,10,24,16,10,24,13,Supervised combined,0.5416666666666666,0.5,False
butyrate_assembly_2021,117,0.6,15,24,16,10,24,13,Supervised combined,0.6295835141810373,0.5734265734265734,True
butyrate_assembly_2021,117,0.8,20,24,16,10,24,13,Supervised combined,0.7209770621535327,0.6153846153846154,True
butyrate_assembly_2021,118,0.0,0,13,16,10,28,21,PLNNetwork,0.8262607958981247,0.5510204081632653,False
butyrate_assembly_2021,118,0.0,0,13,16,10,28,21,Poisson GLMNet,0.751193435147534,0.48299319727891155,False
butyrate_assembly_2021,118,0.0,0,13,16,10,28,21,SparCC,0.8230188563832457,0.5646258503401361,False
butyrate_assembly_2021,118,0.0,0,13,16,10,28,21,Mean rank,0.7830199939952263,0.5170068027210885,False
butyrate_assembly_2021,118,0.0,0,13,16,10,28,21,SPIEC-EASI,0.75,0.5,False
butyrate_assembly_2021,118,0.2,3,13,16,10,28,21,Supervised combined,0.7482407481729316,0.35374149659863946,True
butyrate_assembly_2021,118,0.4,6,13,16,10,28,21,Supervised combined,0.7881271559390772,0.4285714285714286,True
butyrate_assembly_2021,118,0.6,8,13,16,10,28,21,Supervised combined,0.7652991153865782,0.39455782312925175,True
butyrate_assembly_2021,118,0.8,11,13,16,10,28,21,Supervised combined,0.8788832889592944,0.7142857142857143,True
butyrate_assembly_2021,119,0.0,0,50,16,10,7,4,PLNNetwork,0.5773809523809523,0.41666666666666663,False
butyrate_assembly_2021,119,0.0,0,50,16,10,7,4,Poisson GLMNet,0.6220238095238095,0.5,False
butyrate_assembly_2021,119,0.0,0,50,16,10,7,4,SparCC,0.6458333333333333,0.5833333333333334,False
butyrate_assembly_2021,119,0.0,0,50,16,10,7,4,Mean rank,0.6458333333333333,0.5833333333333334,False
butyrate_assembly_2021,119,0.0,0,50,16,10,7,4,SPIEC-EASI,0.5714285714285714,0.5,False
butyrate_assembly_2021,119,0.2,10,50,16,10,7,4,Supervised combined,0.4928571428571429,0.16666666666666669,True
butyrate_assembly_2021,119,0.4,20,50,16,10,7,4,Supervised combined,0.6791666666666667,0.6666666666666667,True
butyrate_assembly_2021,119,0.6,30,50,16,10,7,4,Supervised combined,0.8875,0.8333333333333334,True
butyrate_assembly_2021,119,0.8,40,50,16,10,7,4,Supervised combined,0.8041666666666667,0.7500000000000001,True
butyrate_assembly_2021,120,0.0,0,27,16,10,23,18,PLNNetwork,0.8785751620896549,0.5888888888888888,False
butyrate_assembly_2021,120,0.0,0,27,16,10,23,18,Poisson GLMNet,0.8566906890116609,0.5666666666666667,False
butyrate_assembly_2021,120,0.0,0,27,16,10,23,18,SparCC,0.9118699366077323,0.6666666666666667,False
butyrate_assembly_2021,120,0.0,0,27,16,10,23,18,Mean rank,0.8757109657673888,0.6333333333333333,False
butyrate_assembly_2021,120,0.0,0,27,16,10,23,18,SPIEC-EASI,0.782608695652174,0.5,False
butyrate_assembly_2021,120,0.2,6,27,16,10,23,18,Supervised combined,0.8408173157679597,0.5111111111111111,True
butyrate_assembly_2021,120,0.4,11,27,16,10,23,18,Supervised combined,0.8694287222302434,0.5777777777777777,True
butyrate_assembly_2021,120,0.6,17,27,16,10,23,18,Supervised combined,0.8241947066853401,0.5777777777777777,True
butyrate_assembly_2021,120,0.8,22,27,16,10,23,18,Supervised combined,0.8071779961379277,0.5555555555555556,True
butyrate_assembly_2021,121,0.0,0,51,16,10,6,5,PLNNetwork,0.81,0.2,False
butyrate_assembly_2021,121,0.0,0,51,16,10,6,5,Poisson GLMNet,0.8666666666666667,0.6,False
butyrate_assembly_2021,121,0.0,0,51,16,10,6,5,SparCC,0.8766666666666667,0.4,False
butyrate_assembly_2021,121,0.0,0,51,16,10,6,5,Mean rank,0.81,0.2,False
butyrate_assembly_2021,121,0.0,0,51,16,10,6,5,SPIEC-EASI,0.8333333333333334,0.5,False
butyrate_assembly_2021,121,0.2,11,51,16,10,6,5,Supervised combined,0.9666666666666666,0.8,True
butyrate_assembly_2021,121,0.4,21,51,16,10,6,5,Supervised combined,0.8766666666666667,0.4,True
butyrate_assembly_2021,121,0.6,31,51,16,10,6,5,Supervised combined,0.9666666666666666,0.8,True
butyrate_assembly_2021,121,0.8,41,51,16,10,6,5,Supervised combined,0.8766666666666667,0.4,True
butyrate_assembly_2021,122,0.0,0,15,16,10,28,24,PLNNetwork,0.8437321427211133,0.4010416666666667,False
butyrate_assembly_2021,122,0.0,0,15,16,10,28,24,Poisson GLMNet,0.8324047140223612,0.5104166666666666,False
butyrate_assembly_2021,122,0.0,0,15,16,10,28,24,SparCC,0.9266511422452384,0.5833333333333333,False
butyrate_assembly_2021,122,0.0,0,15,16,10,28,24,Mean rank,0.8436668573759423,0.5208333333333334,False
butyrate_assembly_2021,122,0.0,0,15,16,10,28,24,SPIEC-EASI,0.863095238095238,0.5208333333333334,False
butyrate_assembly_2021,122,0.2,3,15,16,10,28,24,Supervised combined,0.7737742093083211,0.19791666666666666,True
butyrate_assembly_2021,122,0.4,6,15,16,10,28,24,Supervised combined,0.9707040121714033,0.8333333333333334,True
butyrate_assembly_2021,122,0.6,9,15,16,10,28,24,Supervised combined,0.9750436174978507,0.8541666666666666,True
butyrate_assembly_2021,122,0.8,12,15,16,10,28,24,Supervised combined,0.9732398656940989,0.84375,True
butyrate_assembly_2021,123,0.0,0,46,16,10,9,7,PLNNetwork,0.6933106575963719,0.21428571428571427,False
butyrate_assembly_2021,123,0.0,0,46,16,10,9,7,Poisson GLMNet,0.7253968253968254,0.35714285714285715,False
butyrate_assembly_2021,123,0.0,0,46,16,10,9,7,SparCC,0.9325396825396826,0.7142857142857143,False
butyrate_assembly_2021,123,0.0,0,46,16,10,9,7,Mean rank,0.8444444444444443,0.5,False
butyrate_assembly_2021,123,0.0,0,46,16,10,9,7,SPIEC-EASI,0.7777777777777778,0.5,False
butyrate_assembly_2021,123,0.2,10,46,16,10,9,7,Supervised combined,0.8260204081632654,0.5714285714285714,True
butyrate_assembly_2021,123,0.4,19,46,16,10,9,7,Supervised combined,0.7545918367346939,0.5,True
butyrate_assembly_2021,123,0.6,28,46,16,10,9,7,Supervised combined,0.7253968253968254,0.35714285714285715,True
butyrate_assembly_2021,123,0.8,37,46,16,10,9,7,Supervised combined,0.8736394557823128,0.6428571428571428,True
butyrate_assembly_2021,124,0.0,0,38,16,10,14,10,PLNNetwork,0.844047619047619,0.575,False
butyrate_assembly_2021,124,0.0,0,38,16,10,14,10,Poisson GLMNet,0.9290262515262514,0.825,False
butyrate_assembly_2021,124,0.0,0,38,16,10,14,10,SparCC,0.9669230769230769,0.9,False
butyrate_assembly_2021,124,0.0,0,38,16,10,14,10,Mean rank,0.9290262515262514,0.825,False
butyrate_assembly_2021,124,0.0,0,38,16,10,14,10,SPIEC-EASI,0.7142857142857143,0.5,False
butyrate_assembly_2021,124,0.2,8,38,16,10,14,10,Supervised combined,0.9809090909090908,0.95,True
butyrate_assembly_2021,124,0.4,16,38,16,10,14,10,Supervised combined,0.8986832611832611,0.75,True
butyrate_assembly_2021,124,0.6,23,38,16,10,14,10,Supervised combined,0.769057609057609,0.4,True
butyrate_assembly_2021,124,0.8,31,38,16,10,14,10,Supervised combined,0.8037545787545787,0.5,True
butyrate_assembly_2021,125,0.0,0,38,16,10,16,11,PLNNetwork,0.8298160173160173,0.6909090909090909,False
butyrate_assembly_2021,125,0.0,0,38,16,10,16,11,Poisson GLMNet,0.7026875901875902,0.5272727272727273,False
butyrate_assembly_2021,125,0.0,0,38,16,10,16,11,SparCC,0.8995425029515939,0.7454545454545455,False
butyrate_assembly_2021,125,0.0,0,38,16,10,16,11,Mean rank,0.8605505605505606,0.7090909090909091,False
butyrate_assembly_2021,125,0.0,0,38,16,10,16,11,SPIEC-EASI,0.6875,0.5,False
butyrate_assembly_2021,125,0.2,8,38,16,10,16,11,Supervised combined,0.9298094582185491,0.8181818181818182,True
butyrate_assembly_2021,125,0.4,16,38,16,10,16,11,Supervised combined,0.8973780007870917,0.7636363636363637,True
butyrate_assembly_2021,125,0.6,23,38,16,10,16,11,Supervised combined,0.8762921422012331,0.7636363636363637,True
butyrate_assembly_2021,125,0.8,31,38,16,10,16,11,Supervised combined,0.7752511377511377,0.6909090909090909,True
butyrate_assembly_2021,126,0.0,0,39,16,10,17,13,PLNNetwork,0.8832166199813256,0.6923076923076923,False
butyrate_assembly_2021,126,0.0,0,39,16,10,17,13,Poisson GLMNet,0.796591405075568,0.6346153846153846,False
butyrate_assembly_2021,126,0.0,0,39,16,10,17,13,SparCC,0.8787935166894443,0.6730769230769231,False
butyrate_assembly_2021,126,0.0,0,39,16,10,17,13,Mean rank,0.8128024753024752,0.6923076923076923,False
butyrate_assembly_2021,126,0.0,0,39,16,10,17,13,SPIEC-EASI,0.7647058823529411,0.5,False
butyrate_assembly_2021,126,0.2,8,39,16,10,17,13,Supervised combined,0.8060293150790887,0.4807692307692307,True
butyrate_assembly_2021,126,0.4,16,39,16,10,17,13,Supervised combined,0.9390234765234766,0.7884615384615385,True
butyrate_assembly_2021,126,0.6,24,39,16,10,17,13,Supervised combined,0.9493303704842166,0.8653846153846154,True
butyrate_assembly_2021,126,0.8,32,39,16,10,17,13,Supervised combined,0.8356168404245328,0.6538461538461539,True
butyrate_assembly_2021,127,0.0,0,40,16,10,15,14,PLNNetwork,0.9809523809523808,0.7142857142857143,False
butyrate_assembly_2021,127,0.0,0,40,16,10,15,14,Poisson GLMNet,0.9619047619047619,0.42857142857142855,False
butyrate_assembly_2021,127,0.0,0,40,16,10,15,14,SparCC,0.937983643340786,0.35714285714285715,False
butyrate_assembly_2021,127,0.0,0,40,16,10,15,14,Mean rank,0.9650528043385185,0.5714285714285714,False
butyrate_assembly_2021,127,0.0,0,40,16,10,15,14,SPIEC-EASI,0.9333333333333333,0.5,False
butyrate_assembly_2021,127,0.2,8,40,16,10,15,14,Supervised combined,0.8701265004836434,0.07142857142857142,True
butyrate_assembly_2021,127,0.4,16,40,16,10,15,14,Supervised combined,0.9117931671503099,0.21428571428571427,True
butyrate_assembly_2021,127,0.6,24,40,16,10,15,14,Supervised combined,0.9260788814360241,0.2857142857142857,True
butyrate_assembly_2021,127,0.8,32,40,16,10,15,14,Supervised combined,0.9786891679748821,0.7142857142857143,True
butyrate_assembly_2021,128,0.0,0,14,16,10,28,22,PLNNetwork,0.91597335745063,0.7575757575757576,False
butyrate_assembly_2021,128,0.0,0,14,16,10,28,22,Poisson GLMNet,0.7653837843677415,0.428030303030303,False
butyrate_assembly_2021,128,0.0,0,14,16,10,28,22,SparCC,0.8772046523056842,0.6136363636363635,False
butyrate_assembly_2021,128,0.0,0,14,16,10,28,22,Mean rank,0.8809100882838476,0.6590909090909091,False
butyrate_assembly_2021,128,0.0,0,14,16,10,28,22,SPIEC-EASI,0.7857142857142857,0.5,False
butyrate_assembly_2021,128,0.2,3,14,16,10,28,22,Supervised combined,0.7694684383785907,0.4015151515151515,True
butyrate_assembly_2021,128,0.4,6,14,16,10,28,22,Supervised combined,0.7233782712906905,0.2878787878787879,True
butyrate_assembly_2021,128,0.6,9,14,16,10,28,22,Supervised combined,0.7416863520987713,0.30303030303030304,True
butyrate_assembly_2021,128,0.8,12,14,16,10,28,22,Supervised combined,0.7573421412153682,0.32575757575757575,True
butyrate_assembly_2021,129,0.0,0,24,16,10,23,19,PLNNetwork,0.8192155162406878,0.4605263157894737,False
butyrate_assembly_2021,129,0.0,0,24,16,10,23,19,Poisson GLMNet,0.8315297724362307,0.42105263157894735,False
butyrate_assembly_2021,129,0.0,0,24,16,10,23,19,SparCC,0.8989606141399253,0.5789473684210527,False
butyrate_assembly_2021,129,0.0,0,24,16,10,23,19,Mean rank,0.8637471949481781,0.4473684210526316,False
butyrate_assembly_2021,129,0.0,0,24,16,10,23,19,SPIEC-EASI,0.8260869565217391,0.5,False
butyrate_assembly_2021,129,0.2,5,24,16,10,23,19,Supervised combined,0.8260869565217391,0.5,False
butyrate_assembly_2021,129,0.4,10,24,16,10,23,19,Supervised combined,0.90453086011991,0.6578947368421053,True
butyrate_assembly_2021,129,0.6,15,24,16,10,23,19,Supervised combined,0.8845722193254266,0.5657894736842105,True
butyrate_assembly_2021,129,0.8,20,24,16,10,23,19,Supervised combined,0.8778184253038308,0.5526315789473684,True
butyrate_assembly_2021,130,0.0,0,27,16,10,22,20,PLNNetwork,0.9341082324538208,0.55,False
butyrate_assembly_2021,130,0.0,0,27,16,10,22,20,Poisson GLMNet,0.9636363636363638,0.7,False
butyrate_assembly_2021,130,0.0,0,27,16,10,22,20,SparCC,0.949528537338135,0.575,False
butyrate_assembly_2021,130,0.0,0,27,16,10,22,20,Mean rank,0.9591701457297435,0.625,False
butyrate_assembly_2021,130,0.0,0,27,16,10,22,20,SPIEC-EASI,0.9090909090909091,0.5,False
butyrate_assembly_2021,130,0.2,6,27,16,10,22,20,Supervised combined,0.9689915743011721,0.7,True
butyrate_assembly_2021,130,0.4,11,27,16,10,22,20,Supervised combined,0.9823421074969065,0.825,True
butyrate_assembly_2021,130,0.6,17,27,16,10,22,20,Supervised combined,0.9846040122588113,0.85,True
butyrate_assembly_2021,130,0.8,22,27,16,10,22,20,Supervised combined,0.9846040122588113,0.85,True
butyrate_assembly_2021,131,0.0,0,48,16,10,9,6,PLNNetwork,0.7222222222222222,0.5,False
butyrate_assembly_2021,131,0.0,0,48,16,10,9,6,Poisson GLMNet,0.7166666666666667,0.6111111111111112,False
butyrate_assembly_2021,131,0.0,0,48,16,10,9,6,SparCC,0.6357142857142857,0.38888888888888895,False
butyrate_assembly_2021,131,0.0,0,48,16,10,9,6,Mean rank,0.6746031746031745,0.5,False
butyrate_assembly_2021,131,0.0,0,48,16,10,9,6,SPIEC-EASI,0.6666666666666666,0.5,False
butyrate_assembly_2021,131,0.2,10,48,16,10,9,6,Supervised combined,0.6666666666666666,0.5,False
butyrate_assembly_2021,131,0.4,20,48,16,10,9,6,Supervised combined,0.6218253968253968,0.38888888888888895,True
butyrate_assembly_2021,131,0.6,29,48,16,10,9,6,Supervised combined,0.6496031746031745,0.4444444444444445,True
butyrate_assembly_2021,131,0.8,39,48,16,10,9,6,Supervised combined,0.6746031746031745,0.5,True
butyrate_assembly_2021,132,0.0,0,37,16,10,15,8,PLNNetwork,0.640625,0.6071428571428571,False
butyrate_assembly_2021,132,0.0,0,37,16,10,15,8,Poisson GLMNet,0.5639880952380951,0.3035714285714286,False
butyrate_assembly_2021,132,0.0,0,37,16,10,15,8,SparCC,0.5769307081807081,0.48214285714285715,False
butyrate_assembly_2021,132,0.0,0,37,16,10,15,8,Mean rank,0.5221882284382284,0.4642857142857143,False
butyrate_assembly_2021,132,0.0,0,37,16,10,15,8,SPIEC-EASI,0.5333333333333333,0.5,False
butyrate_assembly_2021,132,0.2,8,37,16,10,15,8,Supervised combined,0.5441506410256409,0.2857142857142857,True
butyrate_assembly_2021,132,0.4,15,37,16,10,15,8,Supervised combined,0.4675137362637362,0.26785714285714285,True
butyrate_assembly_2021,132,0.6,23,37,16,10,15,8,Supervised combined,0.6097485847485847,0.375,True
butyrate_assembly_2021,132,0.8,30,37,16,10,15,8,Supervised combined,0.6050137362637362,0.35714285714285715,True
butyrate_assembly_2021,133,0.0,0,27,16,10,23,20,PLNNetwork,0.9398132664437016,0.7000000000000001,False
butyrate_assembly_2021,133,0.0,0,27,16,10,23,20,Poisson GLMNet,0.9557246376811595,0.6833333333333333,False
butyrate_assembly_2021,133,0.0,0,27,16,10,23,20,SparCC,0.9376977730824987,0.6666666666666667,False
butyrate_assembly_2021,133,0.0,0,27,16,10,23,20,Mean rank,0.9641804774602765,0.8166666666666668,False
butyrate_assembly_2021,133,0.0,0,27,16,10,23,20,SPIEC-EASI,0.8695652173913043,0.5,False
butyrate_assembly_2021,133,0.2,6,27,16,10,23,20,Supervised combined,0.9028226256551064,0.5333333333333333,True
butyrate_assembly_2021,133,0.4,11,27,16,10,23,20,Supervised combined,0.8842730961941992,0.6166666666666668,True
butyrate_assembly_2021,133,0.6,17,27,16,10,23,20,Supervised combined,0.8308397474222283,0.33333333333333337,True
butyrate_assembly_2021,133,0.8,22,27,16,10,23,20,Supervised combined,0.828109057059959,0.38333333333333336,True
butyrate_assembly_2021,134,0.0,0,45,16,10,9,8,PLNNetwork,0.7770833333333333,0.0,False
butyrate_assembly_2021,134,0.0,0,45,16,10,9,8,Poisson GLMNet,0.7713789682539682,0.0,False
butyrate_assembly_2021,134,0.0,0,45,16,10,9,8,SparCC,0.9861111111111112,0.875,False
butyrate_assembly_2021,134,0.0,0,45,16,10,9,8,Mean rank,0.8338789682539682,0.125,False
butyrate_assembly_2021,134,0.0,0,45,16,10,9,8,SPIEC-EASI,0.8888888888888888,0.5,False
butyrate_assembly_2021,134,0.2,9,45,16,10,9,8,Supervised combined,1.0,1.0,True
butyrate_assembly_2021,134,0.4,18,45,16,10,9,8,Supervised combined,1.0,1.0,True
butyrate_assembly_2021,134,0.6,27,45,16,10,9,8,Supervised combined,1.0,1.0,True
butyrate_assembly_2021,134,0.8,36,45,16,10,9,8,Supervised combined,1.0,1.0,True
butyrate_assembly_2021,135,0.0,0,38,16,10,16,9,PLNNetwork,0.531084656084656,0.47619047619047616,False
butyrate_assembly_2021,135,0.0,0,38,16,10,16,9,Poisson GLMNet,0.8369488536155203,0.7301587301587301,False
butyrate_assembly_2021,135,0.0,0,38,16,10,16,9,SparCC,0.6099426807760141,0.42857142857142855,False
butyrate_assembly_2021,135,0.0,0,38,16,10,16,9,Mean rank,0.6237793071126405,0.5079365079365079,False
butyrate_assembly_2021,135,0.0,0,38,16,10,16,9,SPIEC-EASI,0.5625,0.5,False
butyrate_assembly_2021,135,0.2,8,38,16,10,16,9,Supervised combined,0.8419753086419753,0.7777777777777778,True
butyrate_assembly_2021,135,0.4,16,38,16,10,16,9,Supervised combined,0.8984928651595318,0.873015873015873,True
butyrate_assembly_2021,135,0.6,23,38,16,10,16,9,Supervised combined,0.9060405643738978,0.9047619047619049,True
butyrate_assembly_2021,135,0.8,31,38,16,10,16,9,Supervised combined,0.8782627865961199,0.888888888888889,True
butyrate_assembly_2021,136,0.0,0,37,16,10,14,11,PLNNetwork,0.7372294372294372,0.37878787878787884,False
butyrate_assembly_2021,136,0.0,0,37,16,10,14,11,Poisson GLMNet,0.7271385180476089,0.36363636363636365,False
butyrate_assembly_2021,136,0.0,0,37,16,10,14,11,SparCC,0.9273743932834844,0.7272727272727272,False
butyrate_assembly_2021,136,0.0,0,37,16,10,14,11,Mean rank,0.8142181051271961,0.48484848484848486,False
butyrate_assembly_2021,136,0.0,0,37,16,10,14,11,SPIEC-EASI,0.7857142857142857,0.5,False
butyrate_assembly_2021,136,0.2,8,37,16,10,14,11,Supervised combined,0.6207860321496684,0.030303030303030307,True
butyrate_assembly_2021,136,0.4,15,37,16,10,14,11,Supervised combined,0.6298769412405775,0.060606060606060615,True
butyrate_assembly_2021,136,0.6,23,37,16,10,14,11,Supervised combined,0.6298769412405775,0.060606060606060615,True
butyrate_assembly_2021,136,0.8,30,37,16,10,14,11,Supervised combined,0.6936215299851662,0.24242424242424243,True
butyrate_assembly_2021,137,0.0,0,24,16,10,24,18,PLNNetwork,0.8140392015392016,0.5925925925925926,False
butyrate_assembly_2021,137,0.0,0,24,16,10,24,18,Poisson GLMNet,0.6820377181725725,0.39814814814814814,False
butyrate_assembly_2021,137,0.0,0,24,16,10,24,18,SparCC,0.7979383972883547,0.5555555555555556,False
butyrate_assembly_2021,137,0.0,0,24,16,10,24,18,Mean rank,0.7930350190886042,0.5555555555555556,False
butyrate_assembly_2021,137,0.0,0,24,16,10,24,18,SPIEC-EASI,0.75,0.5,False
butyrate_assembly_2021,137,0.2,5,24,16,10,24,18,Supervised combined,0.75,0.5,False
butyrate_assembly_2021,137,0.4,10,24,16,10,24,18,Supervised combined,0.7845844381526618,0.39814814814814814,True
butyrate_assembly_2021,137,0.6,15,24,16,10,24,18,Supervised combined,0.7947119649468553,0.39814814814814814,True
butyrate_assembly_2021,137,0.8,20,24,16,10,24,18,Supervised combined,0.7994515446348354,0.4814814814814815,True
butyrate_assembly_2021,138,0.0,0,40,16,10,14,7,PLNNetwork,0.5875850340136055,0.5918367346938775,False
butyrate_assembly_2021,138,0.0,0,40,16,10,14,7,Poisson GLMNet,0.6232993197278911,0.5306122448979592,False
butyrate_assembly_2021,138,0.0,0,40,16,10,14,7,SparCC,0.6073172858887145,0.3877551020408163,False
butyrate_assembly_2021,138,0.0,0,40,16,10,14,7,Mean rank,0.5547008547008547,0.4285714285714286,False
butyrate_assembly_2021,138,0.0,0,40,16,10,14,7,SPIEC-EASI,0.5,0.5,False
butyrate_assembly_2021,138,0.2,8,40,16,10,14,7,Supervised combined,0.604029304029304,0.46938775510204084,True
butyrate_assembly_2021,138,0.4,16,40,16,10,14,7,Supervised combined,0.5881562881562881,0.4693877551020408,True
butyrate_assembly_2021,138,0.6,24,40,16,10,14,7,Supervised combined,0.5722832722832722,0.4285714285714286,True
butyrate_assembly_2021,138,0.8,32,40,16,10,14,7,Supervised combined,0.5261072261072262,0.4285714285714286,True
butyrate_assembly_2021,139,0.0,0,41,16,10,12,10,PLNNetwork,0.9065476190476189,0.55,False
butyrate_assembly_2021,139,0.0,0,41,16,10,12,10,Poisson GLMNet,0.8666666666666667,0.4,False
butyrate_assembly_2021,139,0.0,0,41,16,10,12,10,SparCC,0.941540404040404,0.7,False
butyrate_assembly_2021,139,0.0,0,41,16,10,12,10,Mean rank,0.9086435786435786,0.55,False
butyrate_assembly_2021,139,0.0,0,41,16,10,12,10,SPIEC-EASI,0.8333333333333334,0.5,False
butyrate_assembly_2021,139,0.2,9,41,16,10,12,10,Supervised combined,0.8333333333333334,0.5,False
butyrate_assembly_2021,139,0.4,17,41,16,10,12,10,Supervised combined,0.9809090909090908,0.9,True
butyrate_assembly_2021,139,0.6,25,41,16,10,12,10,Supervised combined,0.9909090909090909,0.95,True
butyrate_assembly_2021,139,0.8,33,41,16,10,12,10,Supervised combined,0.9651515151515152,0.8,True
butyrate_assembly_2021,140,0.0,0,38,16,10,15,13,PLNNetwork,0.9050366300366299,0.4230769230769231,False
butyrate_assembly_2021,140,0.0,0,38,16,10,15,13,Poisson GLMNet,0.7948967698967699,0.2692307692307692,False
butyrate_assembly_2021,140,0.0,0,38,16,10,15,13,SparCC,0.9230835403912325,0.576923076923077,False
butyrate_assembly_2021,140,0.0,0,38,16,10,15,13,Mean rank,0.8635264308341231,0.38461538461538464,False
butyrate_assembly_2021,140,0.0,0,38,16,10,15,13,SPIEC-EASI,0.8666666666666667,0.5,False
butyrate_assembly_2021,140,0.2,8,38,16,10,15,13,Supervised combined,0.9999999999999998,1.0,True
butyrate_assembly_2021,140,0.4,16,38,16,10,15,13,Supervised combined,0.9576590076590075,0.7307692307692308,True
butyrate_assembly_2021,140,0.6,23,38,16,10,15,13,Supervised combined,0.9897435897435896,0.9230769230769231,True
butyrate_assembly_2021,140,0.8,31,38,16,10,15,13,Supervised combined,0.9999999999999998,1.0,True
butyrate_assembly_2021,141,0.0,0,26,16,10,22,19,PLNNetwork,0.8723061295429717,0.6140350877192984,False
butyrate_assembly_2021,141,0.0,0,26,16,10,22,19,Poisson GLMNet,0.801936887501903,0.29824561403508776,False
butyrate_assembly_2021,141,0.0,0,26,16,10,22,19,SparCC,0.9563832474986129,0.736842105263158,False
butyrate_assembly_2021,141,0.0,0,26,16,10,22,19,Mean rank,0.8821024328540217,0.631578947368421,False
butyrate_assembly_2021,141,0.0,0,26,16,10,22,19,SPIEC-EASI,0.8708133971291867,0.5263157894736842,False
butyrate_assembly_2021,141,0.2,6,26,16,10,22,19,Supervised combined,0.9453285127596678,0.7017543859649122,True
butyrate_assembly_2021,141,0.4,11,26,16,10,22,19,Supervised combined,0.8895926496240167,0.6842105263157896,True
butyrate_assembly_2021,141,0.6,16,26,16,10,22,19,Supervised combined,0.8644849411266229,0.5263157894736843,True
butyrate_assembly_2021,141,0.8,21,26,16,10,22,19,Supervised combined,0.8918273355742803,0.5964912280701754,True
butyrate_assembly_2021,142,0.0,0,49,16,10,8,6,PLNNetwork,0.6,0.0,False
butyrate_assembly_2021,142,0.0,0,49,16,10,8,6,Poisson GLMNet,0.7166666666666667,0.4166666666666667,False
butyrate_assembly_2021,142,0.0,0,49,16,10,8,6,SparCC,0.7884920634920635,0.3333333333333333,False
butyrate_assembly_2021,142,0.0,0,49,16,10,8,6,Mean rank,0.6496031746031745,0.16666666666666666,False
butyrate_assembly_2021,142,0.0,0,49,16,10,8,6,SPIEC-EASI,0.75,0.5,False
butyrate_assembly_2021,142,0.2,10,49,16,10,8,6,Supervised combined,0.7345238095238095,0.5,True
butyrate_assembly_2021,142,0.4,20,49,16,10,8,6,Supervised combined,0.6218253968253968,0.08333333333333333,True
butyrate_assembly_2021,142,0.6,30,49,16,10,8,6,Supervised combined,0.7345238095238095,0.5,True
butyrate_assembly_2021,142,0.8,40,49,16,10,8,6,Supervised combined,0.7166666666666667,0.4166666666666667,True
butyrate_assembly_2021,143,0.0,0,48,16,10,9,6,PLNNetwork,0.736111111111111,0.4722222222222222,False
butyrate_assembly_2021,143,0.0,0,48,16,10,9,6,Poisson GLMNet,0.8178571428571427,0.7222222222222223,False
butyrate_assembly_2021,143,0.0,0,48,16,10,9,6,SparCC,0.682936507936508,0.5,False
butyrate_assembly_2021,143,0.0,0,48,16,10,9,6,Mean rank,0.7027777777777777,0.5555555555555557,False
butyrate_assembly_2021,143,0.0,0,48,16,10,9,6,SPIEC-EASI,0.6666666666666666,0.5,False
butyrate_assembly_2021,143,0.2,10,48,16,10,9,6,Supervised combined,0.5801587301587302,0.27777777777777785,True
butyrate_assembly_2021,143,0.4,20,48,16,10,9,6,Supervised combined,0.607936507936508,0.33333333333333337,True
butyrate_assembly_2021,143,0.6,29,48,16,10,9,6,Supervised combined,0.6357142857142857,0.38888888888888895,True
butyrate_assembly_2021,143,0.8,39,48,16,10,9,6,Supervised combined,0.560515873015873,0.16666666666666669,True
butyrate_assembly_2021,144,0.0,0,40,16,10,14,12,PLNNetwork,0.8661646224146224,0.41666666666666663,False
butyrate_assembly_2021,144,0.0,0,40,16,10,14,12,Poisson GLMNet,0.9642857142857144,0.8125,False
butyrate_assembly_2021,144,0.0,0,40,16,10,14,12,SparCC,0.9007647445147445,0.5,False
butyrate_assembly_2021,144,0.0,0,40,16,10,14,12,Mean rank,0.8991443741443742,0.45833333333333337,False
butyrate_assembly_2021,144,0.0,0,40,16,10,14,12,SPIEC-EASI,0.8571428571428571,0.5,False
butyrate_assembly_2021,144,0.2,8,40,16,10,14,12,Supervised combined,0.9462343212343213,0.6666666666666666,True
butyrate_assembly_2021,144,0.4,16,40,16,10,14,12,Supervised combined,0.9295676545676547,0.5833333333333334,True
butyrate_assembly_2021,144,0.6,24,40,16,10,14,12,Supervised combined,0.9295676545676547,0.5833333333333334,True
butyrate_assembly_2021,144,0.8,32,40,16,10,14,12,Supervised combined,0.9295676545676547,0.5833333333333334,True
butyrate_assembly_2021,145,0.0,0,28,16,10,21,17,PLNNetwork,0.90555343349461,0.6764705882352942,False
butyrate_assembly_2021,145,0.0,0,28,16,10,21,17,Poisson GLMNet,0.8831168831168832,0.49264705882352944,False
butyrate_assembly_2021,145,0.0,0,28,16,10,21,17,SparCC,0.9200878369996017,0.7647058823529411,False
butyrate_assembly_2021,145,0.0,0,28,16,10,21,17,Mean rank,0.931452812854197,0.75,False
butyrate_assembly_2021,145,0.0,0,28,16,10,21,17,SPIEC-EASI,0.8095238095238095,0.5,False
butyrate_assembly_2021,145,0.2,6,28,16,10,21,17,Supervised combined,0.8095238095238095,0.5,False
butyrate_assembly_2021,145,0.4,12,28,16,10,21,17,Supervised combined,0.8258924168366892,0.5147058823529411,True
butyrate_assembly_2021,145,0.6,17,28,16,10,21,17,Supervised combined,0.8949074954265266,0.6617647058823529,True
butyrate_assembly_2021,145,0.8,23,28,16,10,21,17,Supervised combined,0.8900946612019277,0.6470588235294118,True
butyrate_assembly_2021,146,0.0,0,29,16,10,19,18,PLNNetwork,0.9846003898635478,0.7222222222222222,False
butyrate_assembly_2021,146,0.0,0,29,16,10,19,18,Poisson GLMNet,0.9846003898635478,0.7222222222222222,False
butyrate_assembly_2021,146,0.0,0,29,16,10,19,18,SparCC,0.9538954158729702,0.3888888888888889,False
butyrate_assembly_2021,146,0.0,0,29,16,10,19,18,Mean rank,0.9795774498883376,0.6666666666666666,False
butyrate_assembly_2021,146,0.0,0,29,16,10,19,18,SPIEC-EASI,0.9473684210526315,0.5,False
butyrate_assembly_2021,146,0.2,6,29,16,10,19,18,Supervised combined,0.9939896036387266,0.8888888888888888,True
butyrate_assembly_2021,146,0.4,12,29,16,10,19,18,Supervised combined,0.9872494075602951,0.7777777777777778,True
butyrate_assembly_2021,146,0.6,18,29,16,10,19,18,Supervised combined,0.9872494075602951,0.7777777777777778,True
butyrate_assembly_2021,146,0.8,24,29,16,10,19,18,Supervised combined,0.9872494075602951,0.7777777777777778,True
butyrate_assembly_2021,147,0.0,0,26,16,10,22,16,PLNNetwork,0.7891747141747141,0.5208333333333333,False
butyrate_assembly_2021,147,0.0,0,26,16,10,22,16,Poisson GLMNet,0.8516845864296523,0.65625,False
butyrate_assembly_2021,147,0.0,0,26,16,10,22,16,SparCC,0.8515370760775173,0.6145833333333334,False
butyrate_assembly_2021,147,0.0,0,26,16,10,22,16,Mean rank,0.8405723007212945,0.6041666666666667,False
butyrate_assembly_2021,147,0.0,0,26,16,10,22,16,SPIEC-EASI,0.7272727272727273,0.5,False
butyrate_assembly_2021,147,0.2,6,26,16,10,22,16,Supervised combined,0.7272727272727273,0.5,False
butyrate_assembly_2021,147,0.4,11,26,16,10,22,16,Supervised combined,0.7994404216032506,0.4583333333333333,True
butyrate_assembly_2021,147,0.6,16,26,16,10,22,16,Supervised combined,0.766587798435225,0.42708333333333326,True
butyrate_assembly_2021,147,0.8,21,26,16,10,22,16,Supervised combined,0.7389901219888642,0.46875,True
butyrate_assembly_2021,148,0.0,0,37,16,10,16,4,PLNNetwork,0.2375,0.375,False
butyrate_assembly_2021,148,0.0,0,37,16,10,16,4,Poisson GLMNet,0.2708333333333333,0.4375,False
butyrate_assembly_2021,148,0.0,0,37,16,10,16,4,SparCC,0.4714285714285714,0.5416666666666667,False
butyrate_assembly_2021,148,0.0,0,37,16,10,16,4,Mean rank,0.2805555555555555,0.4375,False
butyrate_assembly_2021,148,0.0,0,37,16,10,16,4,SPIEC-EASI,0.25,0.5,False
butyrate_assembly_2021,148,0.2,8,37,16,10,16,4,Supervised combined,0.5769230769230769,0.7083333333333334,True
butyrate_assembly_2021,148,0.4,15,37,16,10,16,4,Supervised combined,0.6950757575757576,0.8125,True
butyrate_assembly_2021,148,0.6,23,37,16,10,16,4,Supervised combined,0.675595238095238,0.75,True
butyrate_assembly_2021,148,0.8,30,37,16,10,16,4,Supervised combined,0.6810897435897436,0.7708333333333334,True
butyrate_assembly_2021,149,0.0,0,36,16,10,17,13,PLNNetwork,0.7322452057746176,0.34615384615384615,False
butyrate_assembly_2021,149,0.0,0,36,16,10,17,13,Poisson GLMNet,0.9098720723720723,0.7307692307692308,False
butyrate_assembly_2021,149,0.0,0,36,16,10,17,13,SparCC,0.779374791874792,0.5769230769230769,False
butyrate_assembly_2021,149,0.0,0,36,16,10,17,13,Mean rank,0.8150068948145872,0.5961538461538463,False
butyrate_assembly_2021,149,0.0,0,36,16,10,17,13,SPIEC-EASI,0.7647058823529411,0.5,False
butyrate_assembly_2021,149,0.2,8,36,16,10,17,13,Supervised combined,0.7004349094846833,0.38461538461538464,True
butyrate_assembly_2021,149,0.4,15,36,16,10,17,13,Supervised combined,0.7318146408644146,0.42307692307692313,True
butyrate_assembly_2021,149,0.6,22,36,16,10,17,13,Supervised combined,0.7632887223384961,0.5192307692307693,True
butyrate_assembly_2021,149,0.8,29,36,16,10,17,13,Supervised combined,0.7632887223384961,0.5192307692307693,True
butyrate_assembly_2021,150,0.0,0,35,16,10,17,10,PLNNetwork,0.6940102707749766,0.6285714285714286,False
butyrate_assembly_2021,150,0.0,0,35,16,10,17,10,Poisson GLMNet,0.5630551311433665,0.4714285714285714,False
butyrate_assembly_2021,150,0.0,0,35,16,10,17,10,SparCC,0.8679501054501055,0.7714285714285715,False
butyrate_assembly_2021,150,0.0,0,35,16,10,17,10,Mean rank,0.7398656898656898,0.6857142857142857,False
butyrate_assembly_2021,150,0.0,0,35,16,10,17,10,SPIEC-EASI,0.5882352941176471,0.5,False
butyrate_assembly_2021,150,0.2,7,35,16,10,17,10,Supervised combined,0.5882352941176471,0.5,False
butyrate_assembly_2021,150,0.4,14,35,16,10,17,10,Supervised combined,0.7095539101421454,0.5142857142857142,True
butyrate_assembly_2021,150,0.6,21,35,16,10,17,10,Supervised combined,0.8374908424908424,0.7142857142857142,True
butyrate_assembly_2021,150,0.8,28,35,16,10,17,10,Supervised combined,0.860103785103785,0.7714285714285715,True
butyrate_assembly_2021,151,0.0,0,36,16,10,17,14,PLNNetwork,0.8410171644415343,0.5952380952380953,False
butyrate_assembly_2021,151,0.0,0,36,16,10,17,14,Poisson GLMNet,0.8069898472209397,0.523809523809524,False
butyrate_assembly_2021,151,0.0,0,36,16,10,17,14,SparCC,0.933761389171053,0.6904761904761905,False
butyrate_assembly_2021,151,0.0,0,36,16,10,17,14,Mean rank,0.8615380651094937,0.6428571428571429,False
butyrate_assembly_2021,151,0.0,0,36,16,10,17,14,SPIEC-EASI,0.8235294117647058,0.5,False
butyrate_assembly_2021,151,0.2,8,36,16,10,17,14,Supervised combined,0.7602602870985223,0.2380952380952381,True
butyrate_assembly_2021,151,0.4,15,36,16,10,17,14,Supervised combined,0.8124011026321951,0.5476190476190477,True
butyrate_assembly_2021,151,0.6,22,36,16,10,17,14,Supervised combined,0.7417795614749396,0.23809523809523814,True
butyrate_assembly_2021,151,0.8,29,36,16,10,17,14,Supervised combined,0.7332761601143954,0.2142857142857143,True
butyrate_assembly_2021,152,0.0,0,41,16,10,13,11,PLNNetwork,0.9442325351416261,0.6818181818181819,False
butyrate_assembly_2021,152,0.0,0,41,16,10,13,11,Poisson GLMNet,0.8881118881118881,0.6363636363636364,False
butyrate_assembly_2021,152,0.0,0,41,16,10,13,11,SparCC,0.9585576040121495,0.7727272727272727,False
butyrate_assembly_2021,152,0.0,0,41,16,10,13,11,Mean rank,0.9516705516705517,0.7272727272727273,False
butyrate_assembly_2021,152,0.0,0,41,16,10,13,11,SPIEC-EASI,0.8601398601398601,0.5454545454545454,False
butyrate_assembly_2021,152,0.2,9,41,16,10,13,11,Supervised combined,0.8784677443768354,0.45454545454545453,True
butyrate_assembly_2021,152,0.4,17,41,16,10,13,11,Supervised combined,0.878146348600894,0.5454545454545454,True
butyrate_assembly_2021,152,0.6,25,41,16,10,13,11,Supervised combined,0.8865485524576433,0.5,True
butyrate_assembly_2021,152,0.8,33,41,16,10,13,11,Supervised combined,0.9121683871683872,0.5909090909090909,True
butyrate_assembly_2021,153,0.0,0,41,16,10,14,13,PLNNetwork,0.9751850713389172,0.6923076923076923,False
butyrate_assembly_2021,153,0.0,0,41,16,10,14,13,Poisson GLMNet,0.956043956043956,0.6923076923076923,False
butyrate_assembly_2021,153,0.0,0,41,16,10,14,13,SparCC,0.958945755099601,0.5384615384615384,False
butyrate_assembly_2021,153,0.0,0,41,16,10,14,13,Mean rank,0.9751850713389172,0.6923076923076923,False
butyrate_assembly_2021,153,0.0,0,41,16,10,14,13,SPIEC-EASI,0.9285714285714286,0.5,False
butyrate_assembly_2021,153,0.2,9,41,16,10,14,13,Supervised combined,0.9493303704842164,0.46153846153846156,True
butyrate_assembly_2021,153,0.4,17,41,16,10,14,13,Supervised combined,0.958945755099601,0.5384615384615384,True
butyrate_assembly_2021,153,0.6,25,41,16,10,14,13,Supervised combined,0.9493303704842164,0.46153846153846156,True
butyrate_assembly_2021,153,0.8,33,41,16,10,14,13,Supervised combined,0.9383413594952055,0.38461538461538464,True
butyrate_assembly_2021,154,0.0,0,45,16,10,9,2,PLNNetwork,0.6111111111111112,0.7142857142857143,False
butyrate_assembly_2021,154,0.0,0,45,16,10,9,2,Poisson GLMNet,0.3666666666666667,0.6428571428571428,False
butyrate_assembly_2021,154,0.0,0,45,16,10,9,2,SparCC,0.6111111111111112,0.5,False
butyrate_assembly_2021,154,0.0,0,45,16,10,9,2,Mean rank,0.6428571428571428,0.6428571428571428,False
butyrate_assembly_2021,154,0.0,0,45,16,10,9,2,SPIEC-EASI,0.2222222222222222,0.5,False
butyrate_assembly_2021,154,0.2,9,45,16,10,9,2,Supervised combined,0.7,0.7857142857142857,True
butyrate_assembly_2021,154,0.4,18,45,16,10,9,2,Supervised combined,1.0,1.0,True
butyrate_assembly_2021,154,0.6,27,45,16,10,9,2,Supervised combined,1.0,1.0,True
butyrate_assembly_2021,154,0.8,36,45,16,10,9,2,Supervised combined,0.8333333333333333,0.9285714285714286,True
butyrate_assembly_2021,155,0.0,0,40,16,10,15,11,PLNNetwork,0.8335760199396562,0.5568181818181819,False
butyrate_assembly_2021,155,0.0,0,40,16,10,15,11,Poisson GLMNet,0.6937229437229436,0.375,False
butyrate_assembly_2021,155,0.0,0,40,16,10,15,11,SparCC,0.8636792500428865,0.6363636363636364,False
butyrate_assembly_2021,155,0.0,0,40,16,10,15,11,Mean rank,0.8059591923228286,0.5454545454545454,False
butyrate_assembly_2021,155,0.0,0,40,16,10,15,11,SPIEC-EASI,0.7333333333333333,0.5,False
butyrate_assembly_2021,155,0.2,8,40,16,10,15,11,Supervised combined,0.7403747767384131,0.43181818181818177,True
butyrate_assembly_2021,155,0.4,16,40,16,10,15,11,Supervised combined,0.7614042523133431,0.6136363636363636,True
butyrate_assembly_2021,155,0.6,24,40,16,10,15,11,Supervised combined,0.7096726505817414,0.5227272727272727,True
butyrate_assembly_2021,155,0.8,32,40,16,10,15,11,Supervised combined,0.8672484081574992,0.6818181818181819,True
butyrate_assembly_2021,156,0.0,0,29,16,10,18,16,PLNNetwork,0.9458100926850926,0.671875,False
butyrate_assembly_2021,156,0.0,0,29,16,10,18,16,Poisson GLMNet,0.8273561507936508,0.28125,False
butyrate_assembly_2021,156,0.0,0,29,16,10,18,16,SparCC,0.9481793737308444,0.65625,False
butyrate_assembly_2021,156,0.0,0,29,16,10,18,16,Mean rank,0.9277363006682859,0.625,False
butyrate_assembly_2021,156,0.0,0,29,16,10,18,16,SPIEC-EASI,0.8888888888888888,0.5,False
butyrate_assembly_2021,156,0.2,6,29,16,10,18,16,Supervised combined,1.0,1.0,True
butyrate_assembly_2021,156,0.4,12,29,16,10,18,16,Supervised combined,0.9924172794117647,0.9375,True
butyrate_assembly_2021,156,0.6,18,29,16,10,18,16,Supervised combined,1.0,1.0,True
butyrate_assembly_2021,156,0.8,24,29,16,10,18,16,Supervised combined,1.0,1.0,True
butyrate_assembly_2021,157,0.0,0,39,16,10,15,13,PLNNetwork,0.951282051282051,0.6538461538461539,False
butyrate_assembly_2021,157,0.0,0,39,16,10,15,13,Poisson GLMNet,0.9172161172161173,0.5576923076923077,False
butyrate_assembly_2021,157,0.0,0,39,16,10,15,13,SparCC,0.9522349445426366,0.6923076923076923,False
butyrate_assembly_2021,157,0.0,0,39,16,10,15,13,Mean rank,0.9522349445426366,0.6923076923076923,False
butyrate_assembly_2021,157,0.0,0,39,16,10,15,13,SPIEC-EASI,0.8769230769230769,0.5384615384615384,False
butyrate_assembly_2021,157,0.2,8,39,16,10,15,13,Supervised combined,0.9340725513802435,0.6153846153846154,True
butyrate_assembly_2021,157,0.4,16,39,16,10,15,13,Supervised combined,0.9627308588847048,0.7692307692307693,True
butyrate_assembly_2021,157,0.6,24,39,16,10,15,13,Supervised combined,0.9669202592279513,0.7692307692307693,True
butyrate_assembly_2021,157,0.8,32,39,16,10,15,13,Supervised combined,0.9774161735700195,0.8461538461538463,True
butyrate_assembly_2021,158,0.0,0,38,16,10,15,14,PLNNetwork,0.9809523809523808,0.8571428571428572,False
butyrate_assembly_2021,158,0.0,0,38,16,10,15,14,Poisson GLMNet,0.9690476190476189,0.5714285714285714,False
butyrate_assembly_2021,158,0.0,0,38,16,10,15,14,SparCC,0.9846415489272631,0.7857142857142857,False
butyrate_assembly_2021,158,0.0,0,38,16,10,15,14,Mean rank,0.9999999999999998,1.0,False
butyrate_assembly_2021,158,0.0,0,38,16,10,15,14,SPIEC-EASI,0.9333333333333333,0.5,False
butyrate_assembly_2021,158,0.2,8,38,16,10,15,14,Supervised combined,0.9260788814360241,0.2857142857142857,True
butyrate_assembly_2021,158,0.4,16,38,16,10,15,14,Supervised combined,0.937983643340786,0.35714285714285715,True
butyrate_assembly_2021,158,0.6,23,38,16,10,15,14,Supervised combined,0.9260788814360241,0.2857142857142857,True
butyrate_assembly_2021,158,0.8,31,38,16,10,15,14,Supervised combined,0.9571162964020106,0.5,True
butyrate_assembly_2021,159,0.0,0,41,16,10,12,11,PLNNetwork,0.9841597796143251,0.8181818181818182,False
butyrate_assembly_2021,159,0.0,0,41,16,10,12,11,Poisson GLMNet,0.9393939393939394,0.6363636363636364,False
butyrate_assembly_2021,159,0.0,0,41,16,10,12,11,SparCC,0.9924242424242424,0.9090909090909091,False
butyrate_assembly_2021,159,0.0,0,41,16,10,12,11,Mean rank,0.9924242424242424,0.9090909090909091,False
butyrate_assembly_2021,159,0.0,0,41,16,10,12,11,SPIEC-EASI,0.9242424242424242,0.5454545454545454,False
butyrate_assembly_2021,159,0.2,9,41,16,10,12,11,Supervised combined,0.9924242424242424,0.9090909090909091,True
butyrate_assembly_2021,159,0.4,17,41,16,10,12,11,Supervised combined,0.9924242424242424,0.9090909090909091,True
butyrate_assembly_2021,159,0.6,25,41,16,10,12,11,Supervised combined,0.9924242424242424,0.9090909090909091,True
butyrate_assembly_2021,159,0.8,33,41,16,10,12,11,Supervised combined,0.9924242424242424,0.9090909090909091,True
butyrate_assembly_2021,160,0.0,0,39,16,10,16,9,PLNNetwork,0.5426587301587302,0.4603174603174603,False
butyrate_assembly_2021,160,0.0,0,39,16,10,16,9,Poisson GLMNet,0.5480880230880231,0.4920634920634921,False
butyrate_assembly_2021,160,0.0,0,39,16,10,16,9,SparCC,0.6948158323158323,0.5396825396825398,False
butyrate_assembly_2021,160,0.0,0,39,16,10,16,9,Mean rank,0.634361317694651,0.5079365079365079,False
butyrate_assembly_2021,160,0.0,0,39,16,10,16,9,SPIEC-EASI,0.5625,0.5,False
butyrate_assembly_2021,160,0.2,8,39,16,10,16,9,Supervised combined,0.8727072310405644,0.8253968253968252,True
butyrate_assembly_2021,160,0.4,16,39,16,10,16,9,Supervised combined,0.8685405643738977,0.8095238095238095,True
butyrate_assembly_2021,160,0.6,24,39,16,10,16,9,Supervised combined,0.8774691358024691,0.8412698412698413,True
butyrate_assembly_2021,160,0.8,32,39,16,10,16,9,Supervised combined,0.8727072310405644,0.8253968253968252,True
butyrate_assembly_2021,161,0.0,0,27,16,10,20,19,PLNNetwork,0.9610915400389084,0.42105263157894735,False
butyrate_assembly_2021,161,0.0,0,27,16,10,20,19,Poisson GLMNet,0.9586656034024452,0.3684210526315789,False
butyrate_assembly_2021,161,0.0,0,27,16,10,20,19,SparCC,0.9780207419994773,0.631578947368421,False
butyrate_assembly_2021,161,0.0,0,27,16,10,20,19,Mean rank,0.959538347201293,0.42105263157894735,False
butyrate_assembly_2021,161,0.0,0,27,16,10,20,19,SPIEC-EASI,0.95,0.5,False
butyrate_assembly_2021,161,0.2,6,27,16,10,20,19,Supervised combined,0.9916743613419512,0.8421052631578947,True
butyrate_assembly_2021,161,0.4,11,27,16,10,20,19,Supervised combined,0.9202944040099814,0.15789473684210525,True
butyrate_assembly_2021,161,0.6,17,27,16,10,20,19,Supervised combined,0.9202944040099814,0.15789473684210525,True
butyrate_assembly_2021,161,0.8,22,27,16,10,20,19,Supervised combined,0.9308207197994551,0.21052631578947367,True
butyrate_assembly_2021,162,0.0,0,24,16,10,24,15,PLNNetwork,0.6942490842490843,0.6074074074074074,False
butyrate_assembly_2021,162,0.0,0,24,16,10,24,15,Poisson GLMNet,0.5859433640548192,0.45185185185185184,False
butyrate_assembly_2021,162,0.0,0,24,16,10,24,15,SparCC,0.749269823743508,0.6518518518518519,False
butyrate_assembly_2021,162,0.0,0,24,16,10,24,15,Mean rank,0.7150472512237218,0.6592592592592592,False
butyrate_assembly_2021,162,0.0,0,24,16,10,24,15,SPIEC-EASI,0.625,0.5,False
butyrate_assembly_2021,162,0.2,5,24,16,10,24,15,Supervised combined,0.7742870582576464,0.6666666666666667,True
butyrate_assembly_2021,162,0.4,10,24,16,10,24,15,Supervised combined,0.6839193829905905,0.6370370370370371,True
butyrate_assembly_2021,162,0.6,15,24,16,10,24,15,Supervised combined,0.7566982581688464,0.6518518518518519,True
butyrate_assembly_2021,162,0.8,20,24,16,10,24,15,Supervised combined,0.7333234358234358,0.7185185185185186,True
butyrate_assembly_2021,163,0.0,0,24,16,10,23,17,PLNNetwork,0.7675266336391655,0.5196078431372549,False
butyrate_assembly_2021,163,0.0,0,24,16,10,23,17,Poisson GLMNet,0.9099376054096426,0.7107843137254901,False
butyrate_assembly_2021,163,0.0,0,24,16,10,23,17,SparCC,0.7879763152747404,0.47058823529411764,False
butyrate_assembly_2021,163,0.0,0,24,16,10,23,17,Mean rank,0.8384721730241672,0.5882352941176471,False
butyrate_assembly_2021,163,0.0,0,24,16,10,23,17,SPIEC-EASI,0.7391304347826086,0.5,False
butyrate_assembly_2021,163,0.2,5,24,16,10,23,17,Supervised combined,0.7348421944935608,0.4901960784313726,True
butyrate_assembly_2021,163,0.4,10,24,16,10,23,17,Supervised combined,0.7227209823723486,0.4607843137254902,True
butyrate_assembly_2021,163,0.6,15,24,16,10,23,17,Supervised combined,0.7146017816151948,0.3137254901960784,True
butyrate_assembly_2021,163,0.8,20,24,16,10,23,17,Supervised combined,0.7627525419518046,0.5588235294117647,True
butyrate_assembly_2021,164,0.0,0,47,16,10,9,7,PLNNetwork,0.8373015873015872,0.5,False
butyrate_assembly_2021,164,0.0,0,47,16,10,9,7,Poisson GLMNet,0.9325396825396826,0.7142857142857143,False
butyrate_assembly_2021,164,0.0,0,47,16,10,9,7,SparCC,0.8441043083900226,0.42857142857142855,False
butyrate_assembly_2021,164,0.0,0,47,16,10,9,7,Mean rank,0.8441043083900226,0.42857142857142855,False
butyrate_assembly_2021,164,0.0,0,47,16,10,9,7,SPIEC-EASI,0.7777777777777778,0.5,False
butyrate_assembly_2021,164,0.2,10,47,16,10,9,7,Supervised combined,0.9617346938775511,0.8571428571428572,True
butyrate_assembly_2021,164,0.4,19,47,16,10,9,7,Supervised combined,0.715532879818594,0.14285714285714285,True
butyrate_assembly_2021,164,0.6,29,47,16,10,9,7,Supervised combined,0.7393424036281178,0.21428571428571427,True
butyrate_assembly_2021,164,0.8,38,47,16,10,9,7,Supervised combined,0.982142857142857,0.9285714285714286,True
butyrate_assembly_2021,165,0.0,0,40,16,10,13,11,PLNNetwork,0.9133338883338884,0.6363636363636365,False
butyrate_assembly_2021,165,0.0,0,40,16,10,13,11,Poisson GLMNet,0.7748529248529248,0.2727272727272727,False
butyrate_assembly_2021,165,0.0,0,40,16,10,13,11,SparCC,0.9403069153069155,0.6818181818181819,False
butyrate_assembly_2021,165,0.0,0,40,16,10,13,11,Mean rank,0.8845566050111504,0.5909090909090909,False
butyrate_assembly_2021,165,0.0,0,40,16,10,13,11,SPIEC-EASI,0.8461538461538461,0.5,False
butyrate_assembly_2021,165,0.2,8,40,16,10,13,11,Supervised combined,0.9254656959202414,0.6818181818181819,True
butyrate_assembly_2021,165,0.4,16,40,16,10,13,11,Supervised combined,0.986013986013986,0.9090909090909091,True
butyrate_assembly_2021,165,0.6,24,40,16,10,13,11,Supervised combined,0.9924242424242424,0.9545454545454546,True
butyrate_assembly_2021,165,0.8,32,40,16,10,13,11,Supervised combined,0.986013986013986,0.9090909090909091,True
butyrate_assembly_2021,166,0.0,0,51,16,10,7,6,PLNNetwork,0.9150793650793649,0.5,False
butyrate_assembly_2021,166,0.0,0,51,16,10,7,6,Poisson GLMNet,0.9047619047619048,0.6666666666666666,False
butyrate_assembly_2021,166,0.0,0,51,16,10,7,6,SparCC,0.9484126984126984,0.6666666666666666,False
butyrate_assembly_2021,166,0.0,0,51,16,10,7,6,Mean rank,0.9150793650793649,0.5,False
butyrate_assembly_2021,166,0.0,0,51,16,10,7,6,SPIEC-EASI,0.8571428571428571,0.5,False
butyrate_assembly_2021,166,0.2,11,51,16,10,7,6,Supervised combined,0.8734126984126983,0.3333333333333333,True
butyrate_assembly_2021,166,0.4,21,51,16,10,7,6,Supervised combined,0.8734126984126983,0.3333333333333333,True
butyrate_assembly_2021,166,0.6,31,51,16,10,7,6,Supervised combined,0.8734126984126983,0.3333333333333333,True
butyrate_assembly_2021,166,0.8,41,51,16,10,7,6,Supervised combined,0.8734126984126983,0.3333333333333333,True
butyrate_assembly_2021,167,0.0,0,24,16,10,21,14,PLNNetwork,0.6499999999999998,0.47959183673469385,False
butyrate_assembly_2021,167,0.0,0,24,16,10,21,14,Poisson GLMNet,0.6423174572859446,0.47959183673469385,False
butyrate_assembly_2021,167,0.0,0,24,16,10,21,14,SparCC,0.8236282100252688,0.653061224489796,False
butyrate_assembly_2021,167,0.0,0,24,16,10,21,14,Mean rank,0.7194846196974679,0.5204081632653061,False
butyrate_assembly_2021,167,0.0,0,24,16,10,21,14,SPIEC-EASI,0.6666666666666666,0.5,False
butyrate_assembly_2021,167,0.2,5,24,16,10,21,14,Supervised combined,0.8122567285410054,0.6122448979591837,True
butyrate_assembly_2021,167,0.4,10,24,16,10,21,14,Supervised combined,0.7941882055852643,0.5816326530612245,True
butyrate_assembly_2021,167,0.6,15,24,16,10,21,14,Supervised combined,0.773997681823312,0.5204081632653061,True
butyrate_assembly_2021,167,0.8,20,24,16,10,21,14,Supervised combined,0.790989023814654,0.5612244897959184,True
butyrate_assembly_2021,168,0.0,0,39,16,10,17,15,PLNNetwork,0.8816813796225561,0.4833333333333333,False
butyrate_assembly_2021,168,0.0,0,39,16,10,17,15,Poisson GLMNet,0.9342749298631651,0.6333333333333333,False
butyrate_assembly_2021,168,0.0,0,39,16,10,17,15,SparCC,0.8709415965298317,0.5,False
butyrate_assembly_2021,168,0.0,0,39,16,10,17,15,Mean rank,0.8746180671180671,0.5333333333333333,False
butyrate_assembly_2021,168,0.0,0,39,16,10,17,15,SPIEC-EASI,0.8823529411764706,0.5,False
butyrate_assembly_2021,168,0.2,8,39,16,10,17,15,Supervised combined,0.8746180671180671,0.5333333333333333,True
butyrate_assembly_2021,168,0.4,16,39,16,10,17,15,Supervised combined,0.9598552754435107,0.7,True
butyrate_assembly_2021,168,0.6,24,39,16,10,17,15,Supervised combined,0.926259056847292,0.5666666666666667,True
butyrate_assembly_2021,168,0.8,32,39,16,10,17,15,Supervised combined,0.9018146124028477,0.5,True
butyrate_assembly_2021,169,0.0,0,15,16,10,28,24,PLNNetwork,0.8623687187861369,0.5,False
butyrate_assembly_2021,169,0.0,0,15,16,10,28,24,Poisson GLMNet,0.8289956231132702,0.49999999999999994,False
butyrate_assembly_2021,169,0.0,0,15,16,10,28,24,SparCC,0.9448206073332407,0.6770833333333334,False
butyrate_assembly_2021,169,0.0,0,15,16,10,28,24,Mean rank,0.8598845486136144,0.609375,False
butyrate_assembly_2021,169,0.0,0,15,16,10,28,24,SPIEC-EASI,0.863095238095238,0.5208333333333334,False
butyrate_assembly_2021,169,0.2,3,15,16,10,28,24,Supervised combined,0.9353987905662087,0.6666666666666667,True
butyrate_assembly_2021,169,0.4,6,15,16,10,28,24,Supervised combined,0.9570761512767081,0.7916666666666666,True
butyrate_assembly_2021,169,0.6,9,15,16,10,28,24,Supervised combined,0.9892399267399266,0.9270833333333334,True
butyrate_assembly_2021,169,0.8,12,15,16,10,28,24,Supervised combined,0.983873765123765,0.8958333333333334,True
butyrate_assembly_2021,170,0.0,0,39,16,10,16,9,PLNNetwork,0.5781746031746032,0.36507936507936506,False
butyrate_assembly_2021,170,0.0,0,39,16,10,16,9,Poisson GLMNet,0.4971153846153846,0.2857142857142857,False
butyrate_assembly_2021,170,0.0,0,39,16,10,16,9,SparCC,0.6282407407407408,0.4444444444444444,False
butyrate_assembly_2021,170,0.0,0,39,16,10,16,9,Mean rank,0.4909425451092118,0.2698412698412698,False
butyrate_assembly_2021,170,0.0,0,39,16,10,16,9,SPIEC-EASI,0.5625,0.5,False
butyrate_assembly_2021,170,0.2,8,39,16,10,16,9,Supervised combined,0.5625,0.5,False
butyrate_assembly_2021,170,0.4,16,39,16,10,16,9,Supervised combined,0.7945156695156694,0.7142857142857143,True
butyrate_assembly_2021,170,0.6,24,39,16,10,16,9,Supervised combined,0.7797008547008546,0.6984126984126984,True
butyrate_assembly_2021,170,0.8,32,39,16,10,16,9,Supervised combined,0.6329645662978995,0.5238095238095238,True
butyrate_assembly_2021,171,0.0,0,26,16,10,22,14,PLNNetwork,0.7922869614046084,0.6964285714285714,False
butyrate_assembly_2021,171,0.0,0,26,16,10,22,14,Poisson GLMNet,0.6105394605394605,0.3303571428571428,False
butyrate_assembly_2021,171,0.0,0,26,16,10,22,14,SparCC,0.7309249856242338,0.6428571428571429,False
butyrate_assembly_2021,171,0.0,0,26,16,10,22,14,Mean rank,0.7539961399232741,0.6964285714285714,False
butyrate_assembly_2021,171,0.0,0,26,16,10,22,14,SPIEC-EASI,0.6363636363636364,0.5,False
butyrate_assembly_2021,171,0.2,6,26,16,10,22,14,Supervised combined,0.6043049102231987,0.2589285714285714,True
butyrate_assembly_2021,171,0.4,11,26,16,10,22,14,Supervised combined,0.6050906950315398,0.2857142857142857,True
butyrate_assembly_2021,171,0.6,16,26,16,10,22,14,Supervised combined,0.6051549582536977,0.2857142857142857,True
butyrate_assembly_2021,171,0.8,21,26,16,10,22,14,Supervised combined,0.602407705506445,0.27678571428571425,True
butyrate_assembly_2021,172,0.0,0,39,16,10,15,7,PLNNetwork,0.6971088435374149,0.6607142857142857,False
butyrate_assembly_2021,172,0.0,0,39,16,10,15,7,Poisson GLMNet,0.5714285714285714,0.3125,False
butyrate_assembly_2021,172,0.0,0,39,16,10,15,7,SparCC,0.6256235827664399,0.5,False
butyrate_assembly_2021,172,0.0,0,39,16,10,15,7,Mean rank,0.496969696969697,0.5178571428571428,False
butyrate_assembly_2021,172,0.0,0,39,16,10,15,7,SPIEC-EASI,0.4666666666666667,0.5,False
butyrate_assembly_2021,172,0.2,8,39,16,10,15,7,Supervised combined,0.4666666666666667,0.5,False
butyrate_assembly_2021,172,0.4,16,39,16,10,15,7,Supervised combined,0.8421768707482993,0.7142857142857143,True
butyrate_assembly_2021,172,0.6,24,39,16,10,15,7,Supervised combined,0.8670995670995671,0.8392857142857143,True
butyrate_assembly_2021,172,0.8,32,39,16,10,15,7,Supervised combined,0.4510204081632653,0.39285714285714285,True
butyrate_assembly_2021,173,0.0,0,26,16,10,22,17,PLNNetwork,0.7804835687188628,0.49411764705882355,False
butyrate_assembly_2021,173,0.0,0,26,16,10,22,17,Poisson GLMNet,0.7663391203183592,0.49411764705882355,False
butyrate_assembly_2021,173,0.0,0,26,16,10,22,17,SparCC,0.8924432019951962,0.6235294117647059,False
butyrate_assembly_2021,173,0.0,0,26,16,10,22,17,Mean rank,0.8042761547018513,0.611764705882353,False
butyrate_assembly_2021,173,0.0,0,26,16,10,22,17,SPIEC-EASI,0.786096256684492,0.5294117647058824,False
butyrate_assembly_2021,173,0.2,6,26,16,10,22,17,Supervised combined,0.7326734206423697,0.4,True
butyrate_assembly_2021,173,0.4,11,26,16,10,22,17,Supervised combined,0.6954369832397514,0.3529411764705882,True
butyrate_assembly_2021,173,0.6,16,26,16,10,22,17,Supervised combined,0.8680754129215248,0.5764705882352941,True
butyrate_assembly_2021,173,0.8,21,26,16,10,22,17,Supervised combined,0.8167535321878794,0.5058823529411764,True
butyrate_assembly_2021,174,0.0,0,49,16,10,8,7,PLNNetwork,0.763095238095238,0.0,False
butyrate_assembly_2021,174,0.0,0,49,16,10,8,7,Poisson GLMNet,0.9821428571428572,0.8571428571428571,False
butyrate_assembly_2021,174,0.0,0,49,16,10,8,7,SparCC,0.8736394557823131,0.2857142857142857,False
butyrate_assembly_2021,174,0.0,0,49,16,10,8,7,Mean rank,0.9093537414965986,0.42857142857142855,False
butyrate_assembly_2021,174,0.0,0,49,16,10,8,7,SPIEC-EASI,0.875,0.5,False
butyrate_assembly_2021,174,0.2,10,49,16,10,8,7,Supervised combined,0.8736394557823131,0.2857142857142857,True
butyrate_assembly_2021,174,0.4,20,49,16,10,8,7,Supervised combined,0.8736394557823131,0.2857142857142857,True
butyrate_assembly_2021,174,0.6,30,49,16,10,8,7,Supervised combined,0.8736394557823131,0.2857142857142857,True
butyrate_assembly_2021,174,0.8,40,49,16,10,8,7,Supervised combined,0.8736394557823131,0.2857142857142857,True
butyrate_assembly_2021,175,0.0,0,48,16,10,9,8,PLNNetwork,0.8338789682539682,0.125,False
butyrate_assembly_2021,175,0.0,0,48,16,10,9,8,Poisson GLMNet,0.7713789682539682,0.0,False
butyrate_assembly_2021,175,0.0,0,48,16,10,9,8,SparCC,0.9704861111111112,0.75,False
butyrate_assembly_2021,175,0.0,0,48,16,10,9,8,Mean rank,0.8755456349206349,0.25,False
butyrate_assembly_2021,175,0.0,0,48,16,10,9,8,SPIEC-EASI,0.8888888888888888,0.5,False
butyrate_assembly_2021,175,0.2,10,48,16,10,9,8,Supervised combined,0.7713789682539682,0.0,True
butyrate_assembly_2021,175,0.4,20,48,16,10,9,8,Supervised combined,0.9067956349206349,0.375,True
butyrate_assembly_2021,175,0.6,29,48,16,10,9,8,Supervised combined,1.0,1.0,True
butyrate_assembly_2021,175,0.8,39,48,16,10,9,8,Supervised combined,1.0,1.0,True
butyrate_assembly_2021,176,0.0,0,27,16,10,19,16,PLNNetwork,0.8309413448393711,0.42708333333333337,False
butyrate_assembly_2021,176,0.0,0,27,16,10,19,16,Poisson GLMNet,0.7967645567152146,0.375,False
butyrate_assembly_2021,176,0.0,0,27,16,10,19,16,SparCC,0.8652303619046072,0.375,False
butyrate_assembly_2021,176,0.0,0,27,16,10,19,16,Mean rank,0.7894275189142642,0.3541666666666667,False
butyrate_assembly_2021,176,0.0,0,27,16,10,19,16,SPIEC-EASI,0.8519736842105263,0.53125,False
butyrate_assembly_2021,176,0.2,6,27,16,10,19,16,Supervised combined,0.7448666977909432,0.25,True
butyrate_assembly_2021,176,0.4,11,27,16,10,19,16,Supervised combined,0.8640813628236229,0.5208333333333334,True
butyrate_assembly_2021,176,0.6,17,27,16,10,19,16,Supervised combined,0.88263033943181,0.5625,True
butyrate_assembly_2021,176,0.8,22,27,16,10,19,16,Supervised combined,0.820035642462113,0.5208333333333334,True
butyrate_assembly_2021,177,0.0,0,38,16,10,16,10,PLNNetwork,0.6263888888888889,0.43333333333333335,False
butyrate_assembly_2021,177,0.0,0,38,16,10,16,10,Poisson GLMNet,0.5891558441558441,0.45,False
butyrate_assembly_2021,177,0.0,0,38,16,10,16,10,SparCC,0.6952272727272727,0.5833333333333334,False
butyrate_assembly_2021,177,0.0,0,38,16,10,16,10,Mean rank,0.6800160950160951,0.48333333333333334,False
butyrate_assembly_2021,177,0.0,0,38,16,10,16,10,SPIEC-EASI,0.625,0.5,False
butyrate_assembly_2021,177,0.2,8,38,16,10,16,10,Supervised combined,0.625,0.5,False
butyrate_assembly_2021,177,0.4,16,38,16,10,16,10,Supervised combined,0.7267957042957043,0.5666666666666667,True
butyrate_assembly_2021,177,0.6,23,38,16,10,16,10,Supervised combined,0.6899891774891775,0.6166666666666667,True
butyrate_assembly_2021,177,0.8,31,38,16,10,16,10,Supervised combined,0.7758444333444333,0.7833333333333333,True
butyrate_assembly_2021,178,0.0,0,22,16,10,23,18,PLNNetwork,0.8263053237690919,0.5111111111111112,False
butyrate_assembly_2021,178,0.0,0,22,16,10,23,18,Poisson GLMNet,0.67965676579162,0.27777777777777773,False
butyrate_assembly_2021,178,0.0,0,22,16,10,23,18,SparCC,0.8839819216776637,0.5666666666666667,False
butyrate_assembly_2021,178,0.0,0,22,16,10,23,18,Mean rank,0.8184702184208624,0.4444444444444444,False
butyrate_assembly_2021,178,0.0,0,22,16,10,23,18,SPIEC-EASI,0.782608695652174,0.5,False
butyrate_assembly_2021,178,0.2,5,22,16,10,23,18,Supervised combined,0.9435125030864702,0.7888888888888889,True
butyrate_assembly_2021,178,0.4,9,22,16,10,23,18,Supervised combined,0.9528096702009747,0.8,True
butyrate_assembly_2021,178,0.6,14,22,16,10,23,18,Supervised combined,0.943297532012366,0.7777777777777777,True
butyrate_assembly_2021,178,0.8,18,22,16,10,23,18,Supervised combined,0.94997742619226,0.7999999999999999,True
butyrate_assembly_2021,179,0.0,0,40,16,10,12,10,PLNNetwork,0.9375,0.725,False
butyrate_assembly_2021,179,0.0,0,40,16,10,12,10,Poisson GLMNet,0.9375,0.725,False
butyrate_assembly_2021,179,0.0,0,40,16,10,12,10,SparCC,0.891976911976912,0.5,False
butyrate_assembly_2021,179,0.0,0,40,16,10,12,10,Mean rank,0.941540404040404,0.7,False
butyrate_assembly_2021,179,0.0,0,40,16,10,12,10,SPIEC-EASI,0.8333333333333334,0.5,False
butyrate_assembly_2021,179,0.2,8,40,16,10,12,10,Supervised combined,0.7276911976911977,0.15,True
butyrate_assembly_2021,179,0.4,16,40,16,10,12,10,Supervised combined,0.8813455988455987,0.6,True
butyrate_assembly_2021,179,0.6,24,40,16,10,12,10,Supervised combined,0.8737698412698411,0.55,True
butyrate_assembly_2021,179,0.8,32,40,16,10,12,10,Supervised combined,0.9572979797979798,0.8,True
butyrate_assembly_2021,180,0.0,0,37,16,10,15,9,PLNNetwork,0.9293209876543211,0.8981481481481481,False
butyrate_assembly_2021,180,0.0,0,37,16,10,15,9,Poisson GLMNet,0.6046296296296296,0.2222222222222222,False
butyrate_assembly_2021,180,0.0,0,37,16,10,15,9,SparCC,0.8911206077872746,0.8148148148148149,False
butyrate_assembly_2021,180,0.0,0,37,16,10,15,9,Mean rank,0.8175805675805676,0.7222222222222222,False
butyrate_assembly_2021,180,0.0,0,37,16,10,15,9,SPIEC-EASI,0.6,0.5,False
butyrate_assembly_2021,180,0.2,8,37,16,10,15,9,Supervised combined,0.7697811447811449,0.5925925925925926,True
butyrate_assembly_2021,180,0.4,15,37,16,10,15,9,Supervised combined,0.542653334320001,0.20370370370370372,True
butyrate_assembly_2021,180,0.6,23,37,16,10,15,9,Supervised combined,0.530616297282964,0.25925925925925924,True
butyrate_assembly_2021,180,0.8,30,37,16,10,15,9,Supervised combined,0.6201224701224701,0.33333333333333337,True
butyrate_assembly_2021,181,0.0,0,46,16,10,8,6,PLNNetwork,0.9166666666666665,0.6666666666666666,False
butyrate_assembly_2021,181,0.0,0,46,16,10,8,6,Poisson GLMNet,0.9583333333333333,0.9166666666666667,False
butyrate_assembly_2021,181,0.0,0,46,16,10,8,6,SparCC,0.8555555555555556,0.5833333333333334,False
butyrate_assembly_2021,181,0.0,0,46,16,10,8,6,Mean rank,0.9484126984126984,0.8333333333333333,False
butyrate_assembly_2021,181,0.0,0,46,16,10,8,6,SPIEC-EASI,0.75,0.5,False
butyrate_assembly_2021,181,0.2,10,46,16,10,8,6,Supervised combined,0.9761904761904762,0.9166666666666667,True
butyrate_assembly_2021,181,0.4,19,46,16,10,8,6,Supervised combined,1.0,1.0,True
butyrate_assembly_2021,181,0.6,28,46,16,10,8,6,Supervised combined,0.9484126984126984,0.8333333333333333,True
butyrate_assembly_2021,181,0.8,37,46,16,10,8,6,Supervised combined,1.0,1.0,True
butyrate_assembly_2021,182,0.0,0,28,16,10,22,16,PLNNetwork,0.7541125541125541,0.421875,False
butyrate_assembly_2021,182,0.0,0,28,16,10,22,16,Poisson GLMNet,0.6744966838716839,0.3854166666666667,False
butyrate_assembly_2021,182,0.0,0,28,16,10,22,16,SparCC,0.8079576995501919,0.5416666666666667,False
butyrate_assembly_2021,182,0.0,0,28,16,10,22,16,Mean rank,0.6901195481182902,0.41666666666666663,False
butyrate_assembly_2021,182,0.0,0,28,16,10,22,16,SPIEC-EASI,0.7272727272727273,0.5,False
butyrate_assembly_2021,182,0.2,6,28,16,10,22,16,Supervised combined,0.9639069264069264,0.8854166666666667,True
butyrate_assembly_2021,182,0.4,12,28,16,10,22,16,Supervised combined,0.7987605469972924,0.6979166666666667,True
butyrate_assembly_2021,182,0.6,17,28,16,10,22,16,Supervised combined,0.9043851307468761,0.7708333333333334,True
butyrate_assembly_2021,182,0.8,23,28,16,10,22,16,Supervised combined,0.8751220236054795,0.71875,True
butyrate_assembly_2021,183,0.0,0,35,16,10,16,8,PLNNetwork,0.69375,0.6875,False
butyrate_assembly_2021,183,0.0,0,35,16,10,16,8,Poisson GLMNet,0.5058035714285715,0.5,False
butyrate_assembly_2021,183,0.0,0,35,16,10,16,8,SparCC,0.63883547008547,0.5625,False
butyrate_assembly_2021,183,0.0,0,35,16,10,16,8,Mean rank,0.6744248806748806,0.65625,False
butyrate_assembly_2021,183,0.0,0,35,16,10,16,8,SPIEC-EASI,0.5,0.5,False
butyrate_assembly_2021,183,0.2,7,35,16,10,16,8,Supervised combined,0.41465999278499277,0.296875,True
butyrate_assembly_2021,183,0.4,14,35,16,10,16,8,Supervised combined,0.629788961038961,0.578125,True
butyrate_assembly_2021,183,0.6,21,35,16,10,16,8,Supervised combined,0.8020833333333334,0.71875,True
butyrate_assembly_2021,183,0.8,28,35,16,10,16,8,Supervised combined,0.8270833333333334,0.734375,True
butyrate_assembly_2021,184,0.0,0,49,16,10,8,6,PLNNetwork,0.8178571428571428,0.5833333333333334,False
butyrate_assembly_2021,184,0.0,0,49,16,10,8,6,Poisson GLMNet,0.7916666666666666,0.375,False
butyrate_assembly_2021,184,0.0,0,49,16,10,8,6,SparCC,0.8972222222222223,0.6666666666666667,False
butyrate_assembly_2021,184,0.0,0,49,16,10,8,6,Mean rank,0.9107142857142857,0.6666666666666666,False
butyrate_assembly_2021,184,0.0,0,49,16,10,8,6,SPIEC-EASI,0.75,0.5,False
butyrate_assembly_2021,184,0.2,10,49,16,10,8,6,Supervised combined,0.8357142857142856,0.5,True
butyrate_assembly_2021,184,0.4,20,49,16,10,8,6,Supervised combined,0.8773809523809524,0.5833333333333333,True
butyrate_assembly_2021,184,0.6,30,49,16,10,8,6,Supervised combined,0.8551587301587301,0.5,True
butyrate_assembly_2021,184,0.8,40,49,16,10,8,6,Supervised combined,0.8134920634920635,0.41666666666666663,True
butyrate_assembly_2021,185,0.0,0,41,16,10,13,11,PLNNetwork,0.9580419580419581,0.7272727272727273,False
butyrate_assembly_2021,185,0.0,0,41,16,10,13,11,Poisson GLMNet,0.9020979020979021,0.5227272727272727,False
butyrate_assembly_2021,185,0.0,0,41,16,10,13,11,SparCC,0.9617715617715619,0.7727272727272727,False
butyrate_assembly_2021,185,0.0,0,41,16,10,13,11,Mean rank,0.9750688705234161,0.8636363636363636,False
butyrate_assembly_2021,185,0.0,0,41,16,10,13,11,SPIEC-EASI,0.8601398601398601,0.5454545454545454,False
butyrate_assembly_2021,185,0.2,9,41,16,10,13,11,Supervised combined,0.9328688987779898,0.6363636363636364,True
butyrate_assembly_2021,185,0.4,17,41,16,10,13,11,Supervised combined,0.9516705516705517,0.7272727272727273,True
butyrate_assembly_2021,185,0.6,25,41,16,10,13,11,Supervised combined,0.9471939676485133,0.7272727272727273,True
butyrate_assembly_2021,185,0.8,33,41,16,10,13,11,Supervised combined,0.9471939676485133,0.7272727272727273,True
butyrate_assembly_2021,186,0.0,0,26,16,10,22,15,PLNNetwork,0.7154040893746776,0.47619047619047616,False
butyrate_assembly_2021,186,0.0,0,26,16,10,22,15,Poisson GLMNet,0.6622943722943722,0.4380952380952381,False
butyrate_assembly_2021,186,0.0,0,26,16,10,22,15,SparCC,0.689329208802893,0.4761904761904762,False
butyrate_assembly_2021,186,0.0,0,26,16,10,22,15,Mean rank,0.6608114869879574,0.5142857142857143,False
butyrate_assembly_2021,186,0.0,0,26,16,10,22,15,SPIEC-EASI,0.703030303030303,0.5333333333333333,False
butyrate_assembly_2021,186,0.2,6,26,16,10,22,15,Supervised combined,0.7472204990858242,0.5142857142857142,True
butyrate_assembly_2021,186,0.4,11,26,16,10,22,15,Supervised combined,0.7416649435302687,0.5047619047619047,True
butyrate_assembly_2021,186,0.6,16,26,16,10,22,15,Supervised combined,0.736827850798439,0.49523809523809526,True
butyrate_assembly_2021,186,0.8,21,26,16,10,22,15,Supervised combined,0.7416649435302687,0.5047619047619047,True
butyrate_assembly_2021,187,0.0,0,28,16,10,22,19,PLNNetwork,0.8240162777945896,0.4035087719298246,False
butyrate_assembly_2021,187,0.0,0,28,16,10,22,19,Poisson GLMNet,0.8350168837010943,0.543859649122807,False
butyrate_assembly_2021,187,0.0,0,28,16,10,22,19,SparCC,0.927192063182775,0.6315789473684211,False
butyrate_assembly_2021,187,0.0,0,28,16,10,22,19,Mean rank,0.8892198553352211,0.5263157894736843,False
butyrate_assembly_2021,187,0.0,0,28,16,10,22,19,SPIEC-EASI,0.8708133971291867,0.5263157894736842,False
butyrate_assembly_2021,187,0.2,6,28,16,10,22,19,Supervised combined,0.9058590609144623,0.5614035087719298,True
butyrate_assembly_2021,187,0.4,12,28,16,10,22,19,Supervised combined,0.9027295912133779,0.5964912280701755,True
butyrate_assembly_2021,187,0.6,17,28,16,10,22,19,Supervised combined,0.9184140228807818,0.6491228070175439,True
butyrate_assembly_2021,187,0.8,23,28,16,10,22,19,Supervised combined,0.9295466338198941,0.6491228070175439,True
butyrate_assembly_2021,188,0.0,0,38,16,10,16,10,PLNNetwork,0.6738095238095237,0.4916666666666667,False
butyrate_assembly_2021,188,0.0,0,38,16,10,16,10,Poisson GLMNet,0.615,0.4666666666666667,False
butyrate_assembly_2021,188,0.0,0,38,16,10,16,10,SparCC,0.6900641025641026,0.5833333333333334,False
butyrate_assembly_2021,188,0.0,0,38,16,10,16,10,Mean rank,0.6353274503274503,0.5,False
butyrate_assembly_2021,188,0.0,0,38,16,10,16,10,SPIEC-EASI,0.625,0.5,False
butyrate_assembly_2021,188,0.2,8,38,16,10,16,10,Supervised combined,0.6778671328671328,0.5,True
butyrate_assembly_2021,188,0.4,16,38,16,10,16,10,Supervised combined,0.8829761904761906,0.8,True
butyrate_assembly_2021,188,0.6,23,38,16,10,16,10,Supervised combined,0.8891117216117216,0.7833333333333333,True
butyrate_assembly_2021,188,0.8,31,38,16,10,16,10,Supervised combined,0.8952888777888778,0.8333333333333333,True
butyrate_assembly_2021,189,0.0,0,41,16,10,14,10,PLNNetwork,0.8857142857142858,0.7,False
butyrate_assembly_2021,189,0.0,0,41,16,10,14,10,Poisson GLMNet,0.8082142857142857,0.42500000000000004,False
butyrate_assembly_2021,189,0.0,0,41,16,10,14,10,SparCC,0.8996428571428571,0.725,False
butyrate_assembly_2021,189,0.0,0,41,16,10,14,10,Mean rank,0.9165190365190364,0.775,False
butyrate_assembly_2021,189,0.0,0,41,16,10,14,10,SPIEC-EASI,0.7142857142857143,0.5,False
butyrate_assembly_2021,189,0.2,9,41,16,10,14,10,Supervised combined,0.8803646353646354,0.675,True
butyrate_assembly_2021,189,0.4,17,41,16,10,14,10,Supervised combined,0.8803646353646354,0.675,True
butyrate_assembly_2021,189,0.6,25,41,16,10,14,10,Supervised combined,0.9451515151515152,0.85,True
butyrate_assembly_2021,189,0.8,33,41,16,10,14,10,Supervised combined,0.8737698412698411,0.775,True
butyrate_assembly_2021,190,0.0,0,28,16,10,20,19,PLNNetwork,0.9868421052631575,0.868421052631579,False
butyrate_assembly_2021,190,0.0,0,28,16,10,20,19,Poisson GLMNet,0.9662679425837319,0.42105263157894735,False
butyrate_assembly_2021,190,0.0,0,28,16,10,20,19,SparCC,0.9916743613419512,0.8421052631578947,False
butyrate_assembly_2021,190,0.0,0,28,16,10,20,19,Mean rank,0.9999999999999998,1.0,False
butyrate_assembly_2021,190,0.0,0,28,16,10,20,19,SPIEC-EASI,0.95,0.5,False
butyrate_assembly_2021,190,0.2,6,28,16,10,20,19,Supervised combined,0.973972159003526,0.5789473684210527,True
butyrate_assembly_2021,190,0.4,12,28,16,10,20,19,Supervised combined,0.973972159003526,0.5789473684210527,True
butyrate_assembly_2021,190,0.6,17,28,16,10,20,19,Supervised combined,0.9695861940912454,0.5263157894736842,True
butyrate_assembly_2021,190,0.8,23,28,16,10,20,19,Supervised combined,0.9945983379501384,0.8947368421052632,True
butyrate_assembly_2021,191,0.0,0,28,16,10,23,18,PLNNetwork,0.717571870561001,0.2777777777777778,False
butyrate_assembly_2021,191,0.0,0,28,16,10,23,18,Poisson GLMNet,0.7774737541041888,0.5444444444444445,False
butyrate_assembly_2021,191,0.0,0,28,16,10,23,18,SparCC,0.8598157133589784,0.5666666666666667,False
butyrate_assembly_2021,191,0.0,0,28,16,10,23,18,Mean rank,0.7535530855212732,0.4222222222222222,False
butyrate_assembly_2021,191,0.0,0,28,16,10,23,18,SPIEC-EASI,0.7946859903381643,0.5277777777777778,False
butyrate_assembly_2021,191,0.2,6,28,16,10,23,18,Supervised combined,0.8680738359553364,0.6444444444444444,True
butyrate_assembly_2021,191,0.4,12,28,16,10,23,18,Supervised combined,0.8845584769497814,0.6333333333333333,True
butyrate_assembly_2021,191,0.6,17,28,16,10,23,18,Supervised combined,0.8723009813589524,0.6222222222222222,True
butyrate_assembly_2021,191,0.8,23,28,16,10,23,18,Supervised combined,0.8750242929057933,0.6333333333333333,True
butyrate_assembly_2021,192,0.0,0,37,16,10,16,15,PLNNetwork,0.9506986531986532,0.4,False
butyrate_assembly_2021,192,0.0,0,37,16,10,16,15,Poisson GLMNet,0.9817765567765566,0.7333333333333333,False
butyrate_assembly_2021,192,0.0,0,37,16,10,16,15,SparCC,0.9698826173826173,0.6,False
butyrate_assembly_2021,192,0.0,0,37,16,10,16,15,Mean rank,0.9759432234432234,0.6666666666666666,False
butyrate_assembly_2021,192,0.0,0,37,16,10,16,15,SPIEC-EASI,0.9375,0.5,False
butyrate_assembly_2021,192,0.2,8,37,16,10,16,15,Supervised combined,0.9379514004514005,0.3333333333333333,True
butyrate_assembly_2021,192,0.4,15,37,16,10,16,15,Supervised combined,0.94747520997521,0.4,True
butyrate_assembly_2021,192,0.6,23,37,16,10,16,15,Supervised combined,0.94747520997521,0.4,True
butyrate_assembly_2021,192,0.8,30,37,16,10,16,15,Supervised combined,0.9698826173826173,0.6,True
butyrate_assembly_2021,193,0.0,0,36,16,10,15,12,PLNNetwork,0.7814967439967441,0.36111111111111116,False
butyrate_assembly_2021,193,0.0,0,36,16,10,15,12,Poisson GLMNet,0.7824344636844637,0.5138888888888888,False
butyrate_assembly_2021,193,0.0,0,36,16,10,15,12,SparCC,0.933994708994709,0.7222222222222223,False
butyrate_assembly_2021,193,0.0,0,36,16,10,15,12,Mean rank,0.8233176545676546,0.5416666666666667,False
butyrate_assembly_2021,193,0.0,0,36,16,10,15,12,SPIEC-EASI,0.8,0.5,False
butyrate_assembly_2021,193,0.2,8,36,16,10,15,12,Supervised combined,0.9559824434824437,0.8333333333333334,True
butyrate_assembly_2021,193,0.4,15,36,16,10,15,12,Supervised combined,0.8776848151848152,0.5,True
butyrate_assembly_2021,193,0.6,22,36,16,10,15,12,Supervised combined,0.9144272394272396,0.6388888888888888,True
butyrate_assembly_2021,193,0.8,29,36,16,10,15,12,Supervised combined,0.9593656343656344,0.8333333333333334,True
butyrate_assembly_2021,194,0.0,0,40,16,10,16,6,PLNNetwork,0.32400793650793647,0.35000000000000003,False
butyrate_assembly_2021,194,0.0,0,40,16,10,16,6,Poisson GLMNet,0.5220238095238094,0.4666666666666667,False
butyrate_assembly_2021,194,0.0,0,40,16,10,16,6,SparCC,0.4623015873015873,0.39999999999999997,False
butyrate_assembly_2021,194,0.0,0,40,16,10,16,6,Mean rank,0.34335941835941836,0.36666666666666664,False
butyrate_assembly_2021,194,0.0,0,40,16,10,16,6,SPIEC-EASI,0.375,0.5,False
butyrate_assembly_2021,194,0.2,8,40,16,10,16,6,Supervised combined,0.4184213934213934,0.55,True
butyrate_assembly_2021,194,0.4,16,40,16,10,16,6,Supervised combined,0.6680916305916306,0.7666666666666666,True
butyrate_assembly_2021,194,0.6,24,40,16,10,16,6,Supervised combined,0.7160714285714285,0.7833333333333333,True
butyrate_assembly_2021,194,0.8,32,40,16,10,16,6,Supervised combined,0.7044973544973545,0.7666666666666666,True
butyrate_assembly_2021,195,0.0,0,28,16,10,23,17,PLNNetwork,0.8410798706834512,0.607843137254902,False
butyrate_assembly_2021,195,0.0,0,28,16,10,23,17,Poisson GLMNet,0.7917881777216815,0.4950980392156863,False
butyrate_assembly_2021,195,0.0,0,28,16,10,23,17,SparCC,0.9116522366522367,0.7549019607843136,False
butyrate_assembly_2021,195,0.0,0,28,16,10,23,17,Mean rank,0.9079420306519196,0.7254901960784313,False
butyrate_assembly_2021,195,0.0,0,28,16,10,23,17,SPIEC-EASI,0.7544757033248082,0.5294117647058824,False
butyrate_assembly_2021,195,0.2,6,28,16,10,23,17,Supervised combined,0.7784363439245341,0.5098039215686274,True
butyrate_assembly_2021,195,0.4,12,28,16,10,23,17,Supervised combined,0.6938014026400753,0.3137254901960784,True
butyrate_assembly_2021,195,0.6,17,28,16,10,23,17,Supervised combined,0.8088086115608424,0.607843137254902,True
butyrate_assembly_2021,195,0.8,23,28,16,10,23,17,Supervised combined,0.8720446703077372,0.696078431372549,True
butyrate_assembly_2021,196,0.0,0,27,16,10,22,20,PLNNetwork,0.9195682198778177,0.425,False
butyrate_assembly_2021,196,0.0,0,27,16,10,22,20,Poisson GLMNet,0.9636363636363638,0.8,False
butyrate_assembly_2021,196,0.0,0,27,16,10,22,20,SparCC,0.9499002693642788,0.6000000000000001,False
butyrate_assembly_2021,196,0.0,0,27,16,10,22,20,Mean rank,0.9553239918835896,0.6000000000000001,False
butyrate_assembly_2021,196,0.0,0,27,16,10,22,20,SPIEC-EASI,0.9090909090909091,0.5,False
butyrate_assembly_2021,196,0.2,6,27,16,10,22,20,Supervised combined,0.9684661917459907,0.7250000000000001,True
butyrate_assembly_2021,196,0.4,11,27,16,10,22,20,Supervised combined,0.9597540705338696,0.675,True
butyrate_assembly_2021,196,0.6,17,27,16,10,22,20,Supervised combined,0.9597540705338696,0.675,True
butyrate_assembly_2021,196,0.8,22,27,16,10,22,20,Supervised combined,0.9547540705338695,0.65,True
butyrate_assembly_2021,197,0.0,0,48,16,10,8,5,PLNNetwork,0.8,0.6666666666666667,False
butyrate_assembly_2021,197,0.0,0,48,16,10,8,5,Poisson GLMNet,0.7783333333333333,0.5333333333333334,False
butyrate_assembly_2021,197,0.0,0,48,16,10,8,5,SparCC,0.6592857142857143,0.33333333333333337,False
butyrate_assembly_2021,197,0.0,0,48,16,10,8,5,Mean rank,0.6961904761904761,0.4666666666666667,False
butyrate_assembly_2021,197,0.0,0,48,16,10,8,5,SPIEC-EASI,0.625,0.5,False
butyrate_assembly_2021,197,0.2,10,48,16,10,8,5,Supervised combined,0.7595238095238095,0.6000000000000001,True
butyrate_assembly_2021,197,0.4,20,48,16,10,8,5,Supervised combined,0.852857142857143,0.7333333333333334,True
butyrate_assembly_2021,197,0.6,29,48,16,10,8,5,Supervised combined,0.71,0.6666666666666667,True
butyrate_assembly_2021,197,0.8,39,48,16,10,8,5,Supervised combined,0.6595238095238095,0.5333333333333333,True
butyrate_assembly_2021,198,0.0,0,40,16,10,16,13,PLNNetwork,0.8636696636696635,0.5128205128205128,False
butyrate_assembly_2021,198,0.0,0,40,16,10,16,13,Poisson GLMNet,0.8880494505494505,0.6153846153846154,False
butyrate_assembly_2021,198,0.0,0,40,16,10,16,13,SparCC,0.8277569652569653,0.4358974358974359,False
butyrate_assembly_2021,198,0.0,0,40,16,10,16,13,Mean rank,0.8842479102094487,0.5128205128205129,False
butyrate_assembly_2021,198,0.0,0,40,16,10,16,13,SPIEC-EASI,0.8125,0.5,False
butyrate_assembly_2021,198,0.2,8,40,16,10,16,13,Supervised combined,0.8125,0.5,False
butyrate_assembly_2021,198,0.4,16,40,16,10,16,13,Supervised combined,0.9065514613591537,0.6153846153846154,True
butyrate_assembly_2021,198,0.6,24,40,16,10,16,13,Supervised combined,0.8780927405927407,0.5384615384615384,True
butyrate_assembly_2021,198,0.8,32,40,16,10,16,13,Supervised combined,0.8709084718700104,0.5384615384615385,True
butyrate_assembly_2021,199,0.0,0,46,16,10,7,6,PLNNetwork,0.9523809523809523,0.6666666666666666,False
butyrate_assembly_2021,199,0.0,0,46,16,10,7,6,Poisson GLMNet,0.9285714285714285,0.75,False
butyrate_assembly_2021,199,0.0,0,46,16,10,7,6,SparCC,0.8734126984126983,0.3333333333333333,False
butyrate_assembly_2021,199,0.0,0,46,16,10,7,6,Mean rank,0.9484126984126984,0.6666666666666666,False
butyrate_assembly_2021,199,0.0,0,46,16,10,7,6,SPIEC-EASI,0.8571428571428571,0.5,False
butyrate_assembly_2021,199,0.2,10,46,16,10,7,6,Supervised combined,0.9484126984126984,0.6666666666666666,True
butyrate_assembly_2021,199,0.4,19,46,16,10,7,6,Supervised combined,0.8734126984126983,0.3333333333333333,True
butyrate_assembly_2021,199,0.6,28,46,16,10,7,6,Supervised combined,0.8178571428571427,0.16666666666666666,True
butyrate_assembly_2021,199,0.8,37,46,16,10,7,6,Supervised combined,0.8734126984126983,0.3333333333333333,True
carlstrom_phyllosphere_2019,0,0.0,0,392,33,22,126,14,PLNNetwork,0.1111111111111111,0.5,False
carlstrom_phyllosphere_2019,0,0.0,0,392,33,22,126,14,Poisson GLMNet,0.1111111111111111,0.45982142857142855,False
carlstrom_phyllosphere_2019,0,0.0,0,392,33,22,126,14,SparCC,0.09269694171458036,0.3852040816326531,False
carlstrom_phyllosphere_2019,0,0.0,0,392,33,22,126,14,Mean rank,0.08931988908460808,0.3737244897959184,False
carlstrom_phyllosphere_2019,0,0.0,0,392,33,22,126,14,SPIEC-EASI,0.1746031746031746,0.5357142857142857,False
carlstrom_phyllosphere_2019,0,0.2,79,392,33,22,126,14,Supervised combined,0.18260960959158817,0.503188775510204,True
carlstrom_phyllosphere_2019,0,0.4,157,392,33,22,126,14,Supervised combined,0.17247769180613892,0.5140306122448979,True
carlstrom_phyllosphere_2019,0,0.6,236,392,33,22,126,14,Supervised combined,0.16781441216049556,0.5191326530612245,True
carlstrom_phyllosphere_2019,0,0.8,314,392,33,22,126,14,Supervised combined,0.1617159274494259,0.5210459183673469,True
carlstrom_phyllosphere_2019,1,0.0,0,357,33,22,153,16,PLNNetwork,0.10457516339869281,0.5,False
carlstrom_phyllosphere_2019,1,0.0,0,357,33,22,153,16,Poisson GLMNet,0.1605392156862745,0.53125,False
carlstrom_phyllosphere_2019,1,0.0,0,357,33,22,153,16,SparCC,0.10482626791262782,0.38458029197080296,False
carlstrom_phyllosphere_2019,1,0.0,0,357,33,22,153,16,Mean rank,0.1092728061186962,0.41514598540145986,False
carlstrom_phyllosphere_2019,1,0.0,0,357,33,22,153,16,SPIEC-EASI,0.10457516339869281,0.5,False
carlstrom_phyllosphere_2019,1,0.2,72,357,33,22,153,16,Supervised combined,0.12751462241848774,0.4908759124087591,True
carlstrom_phyllosphere_2019,1,0.4,143,357,33,22,153,16,Supervised combined,0.25067827462581105,0.6514598540145985,True
carlstrom_phyllosphere_2019,1,0.6,215,357,33,22,153,16,Supervised combined,0.19384793220193358,0.6729014598540146,True
carlstrom_phyllosphere_2019,1,0.8,286,357,33,22,153,16,Supervised combined,0.19869725920023523,0.7071167883211679,True
carlstrom_phyllosphere_2019,2,0.0,0,318,33,22,176,13,PLNNetwork,0.07386363636363637,0.5,False
carlstrom_phyllosphere_2019,2,0.0,0,318,33,22,176,13,Poisson GLMNet,0.07386363636363637,0.49079754601226994,False
carlstrom_phyllosphere_2019,2,0.0,0,318,33,22,176,13,SparCC,0.07981570135069242,0.4535158093440302,False
carlstrom_phyllosphere_2019,2,0.0,0,318,33,22,176,13,Mean rank,0.07733711956096512,0.4502123643227937,False
carlstrom_phyllosphere_2019,2,0.0,0,318,33,22,176,13,SPIEC-EASI,0.10664335664335665,0.5351580934403021,False
carlstrom_phyllosphere_2019,2,0.2,64,318,33,22,176,13,Supervised combined,0.12761311864292296,0.53704577630958,True
carlstrom_phyllosphere_2019,2,0.4,128,318,33,22,176,13,Supervised combined,0.11692215696035926,0.6300141576215197,True
carlstrom_phyllosphere_2019,2,0.6,191,318,33,22,176,13,Supervised combined,0.1259054580077868,0.608305804624823,True
carlstrom_phyllosphere_2019,2,0.8,255,318,33,22,176,13,Supervised combined,0.12144099294409721,0.6191599811231713,True
carlstrom_phyllosphere_2019,3,0.0,0,357,33,22,153,18,PLNNetwork,0.11764705882352941,0.5,False
carlstrom_phyllosphere_2019,3,0.0,0,357,33,22,153,18,Poisson GLMNet,0.11764705882352941,0.5,False
carlstrom_phyllosphere_2019,3,0.0,0,357,33,22,153,18,SparCC,0.10937729875252103,0.4604938271604938,False
carlstrom_phyllosphere_2019,3,0.0,0,357,33,22,153,18,Mean rank,0.10937729875252103,0.4604938271604938,False
carlstrom_phyllosphere_2019,3,0.0,0,357,33,22,153,18,SPIEC-EASI,0.11764705882352941,0.48518518518518516,False
carlstrom_phyllosphere_2019,3,0.2,72,357,33,22,153,18,Supervised combined,0.16907866949203207,0.622633744855967,True
carlstrom_phyllosphere_2019,3,0.4,143,357,33,22,153,18,Supervised combined,0.2008158129540044,0.577366255144033,True
carlstrom_phyllosphere_2019,3,0.6,215,357,33,22,153,18,Supervised combined,0.2068744243430714,0.58559670781893,True
carlstrom_phyllosphere_2019,3,0.8,286,357,33,22,153,18,Supervised combined,0.2046733117621346,0.6074074074074074,True
carlstrom_phyllosphere_2019,4,0.0,0,357,33,22,153,19,PLNNetwork,0.12418300653594772,0.5,False
carlstrom_phyllosphere_2019,4,0.0,0,357,33,22,153,19,Poisson GLMNet,0.2151014791881665,0.5710919088766693,False
carlstrom_phyllosphere_2019,4,0.0,0,357,33,22,153,19,SparCC,0.18787119341763975,0.5231736056559309,False
carlstrom_phyllosphere_2019,4,0.0,0,357,33,22,153,19,Mean rank,0.2477745412666582,0.5428122545168892,False
carlstrom_phyllosphere_2019,4,0.0,0,357,33,22,153,19,SPIEC-EASI,0.21637426900584794,0.5426158680282795,False
carlstrom_phyllosphere_2019,4,0.2,72,357,33,22,153,19,Supervised combined,0.1847195859697558,0.5129615082482325,True
carlstrom_phyllosphere_2019,4,0.4,143,357,33,22,153,19,Supervised combined,0.3078511389735847,0.6461115475255303,True
carlstrom_phyllosphere_2019,4,0.6,215,357,33,22,153,19,Supervised combined,0.34310481241214646,0.6932443047918303,True
carlstrom_phyllosphere_2019,4,0.8,286,357,33,22,153,19,Supervised combined,0.2857432610576827,0.6472898664571878,True
carlstrom_phyllosphere_2019,5,0.0,0,357,33,22,153,11,PLNNetwork,0.0718954248366013,0.5,False
carlstrom_phyllosphere_2019,5,0.0,0,357,33,22,153,11,Poisson GLMNet,0.0718954248366013,0.4823943661971831,False
carlstrom_phyllosphere_2019,5,0.0,0,357,33,22,153,11,SparCC,0.10207191168990026,0.5505761843790012,False
carlstrom_phyllosphere_2019,5,0.0,0,357,33,22,153,11,Mean rank,0.09651129583516677,0.5454545454545454,False
carlstrom_phyllosphere_2019,5,0.0,0,357,33,22,153,11,SPIEC-EASI,0.0718954248366013,0.4894366197183099,False
carlstrom_phyllosphere_2019,5,0.2,72,357,33,22,153,11,Supervised combined,0.15601808432908992,0.5377720870678616,True
carlstrom_phyllosphere_2019,5,0.4,143,357,33,22,153,11,Supervised combined,0.28350454170395695,0.6011523687580026,True
carlstrom_phyllosphere_2019,5,0.6,215,357,33,22,153,11,Supervised combined,0.14729009821460565,0.6043533930857875,True
carlstrom_phyllosphere_2019,5,0.8,286,357,33,22,153,11,Supervised combined,0.14543186593764387,0.6670934699103713,True
carlstrom_phyllosphere_2019,6,0.0,0,357,33,22,153,16,PLNNetwork,0.10457516339869281,0.5,False
carlstrom_phyllosphere_2019,6,0.0,0,357,33,22,153,16,Poisson GLMNet,0.15722601540616246,0.5994525547445255,False
carlstrom_phyllosphere_2019,6,0.0,0,357,33,22,153,16,SparCC,0.15898551721155038,0.4867700729927007,False
carlstrom_phyllosphere_2019,6,0.0,0,357,33,22,153,16,Mean rank,0.1696199893081818,0.5697992700729927,False
carlstrom_phyllosphere_2019,6,0.0,0,357,33,22,153,16,SPIEC-EASI,0.10457516339869281,0.4927007299270073,False
carlstrom_phyllosphere_2019,6,0.2,72,357,33,22,153,16,Supervised combined,0.3518348228503189,0.6852189781021898,True
carlstrom_phyllosphere_2019,6,0.4,143,357,33,22,153,16,Supervised combined,0.23361544257434322,0.6843065693430657,True
carlstrom_phyllosphere_2019,6,0.6,215,357,33,22,153,16,Supervised combined,0.24646474591231501,0.6920620437956204,True
carlstrom_phyllosphere_2019,6,0.8,286,357,33,22,153,16,Supervised combined,0.2456865265148377,0.698905109489051,True
carlstrom_phyllosphere_2019,7,0.0,0,318,33,22,176,30,PLNNetwork,0.17045454545454544,0.5,False
carlstrom_phyllosphere_2019,7,0.0,0,318,33,22,176,30,Poisson GLMNet,0.2534090909090909,0.55,False
carlstrom_phyllosphere_2019,7,0.0,0,318,33,22,176,30,SparCC,0.1589450990909807,0.4714611872146119,False
carlstrom_phyllosphere_2019,7,0.0,0,318,33,22,176,30,Mean rank,0.23427020162833434,0.49908675799086766,False
carlstrom_phyllosphere_2019,7,0.0,0,318,33,22,176,30,SPIEC-EASI,0.17045454545454544,0.4897260273972603,False
carlstrom_phyllosphere_2019,7,0.2,64,318,33,22,176,30,Supervised combined,0.26038562782298524,0.593607305936073,True
carlstrom_phyllosphere_2019,7,0.4,128,318,33,22,176,30,Supervised combined,0.3260540783719801,0.6575342465753424,True
carlstrom_phyllosphere_2019,7,0.6,191,318,33,22,176,30,Supervised combined,0.34606394378424027,0.6737442922374429,True
carlstrom_phyllosphere_2019,7,0.8,255,318,33,22,176,30,Supervised combined,0.3098963344696466,0.6616438356164384,True
carlstrom_phyllosphere_2019,8,0.0,0,357,33,22,153,20,PLNNetwork,0.13071895424836602,0.5,False
carlstrom_phyllosphere_2019,8,0.0,0,357,33,22,153,20,Poisson GLMNet,0.13071895424836602,0.4924812030075188,False
carlstrom_phyllosphere_2019,8,0.0,0,357,33,22,153,20,SparCC,0.11098274256386698,0.3661654135338346,False
carlstrom_phyllosphere_2019,8,0.0,0,357,33,22,153,20,Mean rank,0.10758968674087475,0.36390977443609024,False
carlstrom_phyllosphere_2019,8,0.0,0,357,33,22,153,20,SPIEC-EASI,0.13071895424836602,0.4924812030075188,False
carlstrom_phyllosphere_2019,8,0.2,72,357,33,22,153,20,Supervised combined,0.19530708437192812,0.6699248120300751,True
carlstrom_phyllosphere_2019,8,0.4,143,357,33,22,153,20,Supervised combined,0.21660350452820615,0.693233082706767,True
carlstrom_phyllosphere_2019,8,0.6,215,357,33,22,153,20,Supervised combined,0.22677357739692638,0.6913533834586466,True
carlstrom_phyllosphere_2019,8,0.8,286,357,33,22,153,20,Supervised combined,0.2599512281876196,0.737218045112782,True
carlstrom_phyllosphere_2019,9,0.0,0,357,33,22,153,12,PLNNetwork,0.0784313725490196,0.5,False
carlstrom_phyllosphere_2019,9,0.0,0,357,33,22,153,12,Poisson GLMNet,0.15522875816993464,0.5416666666666666,False
carlstrom_phyllosphere_2019,9,0.0,0,357,33,22,153,12,SparCC,0.0830692975827943,0.45567375886524825,False
carlstrom_phyllosphere_2019,9,0.0,0,357,33,22,153,12,Mean rank,0.09772083672103812,0.4964539007092199,False
carlstrom_phyllosphere_2019,9,0.0,0,357,33,22,153,12,SPIEC-EASI,0.11356209150326796,0.5280732860520094,False
carlstrom_phyllosphere_2019,9,0.2,72,357,33,22,153,12,Supervised combined,0.11965264497631294,0.5750591016548463,True
carlstrom_phyllosphere_2019,9,0.4,143,357,33,22,153,12,Supervised combined,0.1256299699118848,0.5939716312056738,True
carlstrom_phyllosphere_2019,9,0.6,215,357,33,22,153,12,Supervised combined,0.14958457008351236,0.6052009456264775,True
carlstrom_phyllosphere_2019,9,0.8,286,357,33,22,153,12,Supervised combined,0.151667943176677,0.6465721040189125,True
carlstrom_phyllosphere_2019,10,0.0,0,338,33,22,165,28,PLNNetwork,0.1696969696969697,0.5,False
carlstrom_phyllosphere_2019,10,0.0,0,338,33,22,165,28,Poisson GLMNet,0.30858843537414965,0.6029718456725756,False
carlstrom_phyllosphere_2019,10,0.0,0,338,33,22,165,28,SparCC,0.1896245650320496,0.5143378519290928,False
carlstrom_phyllosphere_2019,10,0.0,0,338,33,22,165,28,Mean rank,0.30872113245405036,0.6040145985401459,False
carlstrom_phyllosphere_2019,10,0.0,0,338,33,22,165,28,SPIEC-EASI,0.17256493506493506,0.5029979144942649,False
carlstrom_phyllosphere_2019,10,0.2,68,338,33,22,165,28,Supervised combined,0.20677354086377264,0.5690823774765381,True
carlstrom_phyllosphere_2019,10,0.4,136,338,33,22,165,28,Supervised combined,0.3001621533395516,0.6402502606882169,True
carlstrom_phyllosphere_2019,10,0.6,203,338,33,22,165,28,Supervised combined,0.3329474718065231,0.6438998957247133,True
carlstrom_phyllosphere_2019,10,0.8,271,338,33,22,165,28,Supervised combined,0.3013950503198429,0.6128779979144943,True
carlstrom_phyllosphere_2019,11,0.0,0,318,33,22,176,21,PLNNetwork,0.11931818181818182,0.5,False
carlstrom_phyllosphere_2019,11,0.0,0,318,33,22,176,21,Poisson GLMNet,0.11931818181818182,0.47096774193548385,False
carlstrom_phyllosphere_2019,11,0.0,0,318,33,22,176,21,SparCC,0.1081893745809846,0.4506912442396313,False
carlstrom_phyllosphere_2019,11,0.0,0,318,33,22,176,21,Mean rank,0.10494053573061278,0.44055299539170506,False
carlstrom_phyllosphere_2019,11,0.0,0,318,33,22,176,21,SPIEC-EASI,0.13744588744588743,0.5112135176651307,False
carlstrom_phyllosphere_2019,11,0.2,64,318,33,22,176,21,Supervised combined,0.12120358418149682,0.5139784946236559,True
carlstrom_phyllosphere_2019,11,0.4,128,318,33,22,176,21,Supervised combined,0.12381604768230789,0.525652841781874,True
carlstrom_phyllosphere_2019,11,0.6,191,318,33,22,176,21,Supervised combined,0.1301720188234684,0.5622119815668203,True
carlstrom_phyllosphere_2019,11,0.8,255,318,33,22,176,21,Supervised combined,0.12777789469569203,0.5551459293394778,True
carlstrom_phyllosphere_2019,12,0.0,0,357,33,22,153,12,PLNNetwork,0.0784313725490196,0.5,False
carlstrom_phyllosphere_2019,12,0.0,0,357,33,22,153,12,Poisson GLMNet,0.09967320261437908,0.527482269503546,False
carlstrom_phyllosphere_2019,12,0.0,0,357,33,22,153,12,SparCC,0.11826256666616777,0.45390070921985815,False
carlstrom_phyllosphere_2019,12,0.0,0,357,33,22,153,12,Mean rank,0.09587611471949456,0.48758865248226946,False
carlstrom_phyllosphere_2019,12,0.0,0,357,33,22,153,12,SPIEC-EASI,0.0784313725490196,0.5,False
carlstrom_phyllosphere_2019,12,0.2,72,357,33,22,153,12,Supervised combined,0.30215290264982775,0.7074468085106383,True
carlstrom_phyllosphere_2019,12,0.4,143,357,33,22,153,12,Supervised combined,0.2399340458370711,0.7151300236406619,True
carlstrom_phyllosphere_2019,12,0.6,215,357,33,22,153,12,Supervised combined,0.1379626010089241,0.6335697399527187,True
carlstrom_phyllosphere_2019,12,0.8,286,357,33,22,153,12,Supervised combined,0.19058448204838774,0.7015366430260047,True
carlstrom_phyllosphere_2019,13,0.0,0,297,33,22,186,31,PLNNetwork,0.16666666666666666,0.5,False
carlstrom_phyllosphere_2019,13,0.0,0,297,33,22,186,31,Poisson GLMNet,0.17204301075268816,0.5094693028095734,False
carlstrom_phyllosphere_2019,13,0.0,0,297,33,22,186,31,SparCC,0.13944918577078433,0.4133194588969823,False
carlstrom_phyllosphere_2019,13,0.0,0,297,33,22,186,31,Mean rank,0.1553879907416806,0.41914672216441207,False
carlstrom_phyllosphere_2019,13,0.0,0,297,33,22,186,31,SPIEC-EASI,0.16666666666666666,0.49032258064516127,False
carlstrom_phyllosphere_2019,13,0.2,60,297,33,22,186,31,Supervised combined,0.22500827304835325,0.5565036420395422,True
carlstrom_phyllosphere_2019,13,0.4,119,297,33,22,186,31,Supervised combined,0.2046448520969526,0.5340270551508844,True
carlstrom_phyllosphere_2019,13,0.6,179,297,33,22,186,31,Supervised combined,0.24202491215615304,0.5544224765868886,True
carlstrom_phyllosphere_2019,13,0.8,238,297,33,22,186,31,Supervised combined,0.24728909955579997,0.581477627471384,True
carlstrom_phyllosphere_2019,14,0.0,0,338,33,22,165,14,PLNNetwork,0.08484848484848485,0.5,False
carlstrom_phyllosphere_2019,14,0.0,0,338,33,22,165,14,Poisson GLMNet,0.17987012987012987,0.5619678334910122,False
carlstrom_phyllosphere_2019,14,0.0,0,338,33,22,165,14,SparCC,0.16402612868923788,0.39829706717123936,False
carlstrom_phyllosphere_2019,14,0.0,0,338,33,22,165,14,Mean rank,0.19081184297495218,0.4091769157994324,False
carlstrom_phyllosphere_2019,14,0.0,0,338,33,22,165,14,SPIEC-EASI,0.15021645021645022,0.5295648060548722,False
carlstrom_phyllosphere_2019,14,0.2,68,338,33,22,165,14,Supervised combined,0.13966765089536604,0.6395458845789972,True
carlstrom_phyllosphere_2019,14,0.4,136,338,33,22,165,14,Supervised combined,0.2472520200307817,0.6613055818353831,True
carlstrom_phyllosphere_2019,14,0.6,203,338,33,22,165,14,Supervised combined,0.24452014186211513,0.6778618732261117,True
carlstrom_phyllosphere_2019,14,0.8,271,338,33,22,165,14,Supervised combined,0.2573570534384038,0.7194891201513718,True
carlstrom_phyllosphere_2019,15,0.0,0,357,33,22,153,28,PLNNetwork,0.1830065359477124,0.5,False
carlstrom_phyllosphere_2019,15,0.0,0,357,33,22,153,28,Poisson GLMNet,0.1830065359477124,0.46799999999999997,False
carlstrom_phyllosphere_2019,15,0.0,0,357,33,22,153,28,SparCC,0.14957178647765118,0.39428571428571424,False
carlstrom_phyllosphere_2019,15,0.0,0,357,33,22,153,28,Mean rank,0.1464718920703414,0.38542857142857134,False
carlstrom_phyllosphere_2019,15,0.0,0,357,33,22,153,28,SPIEC-EASI,0.19432773109243695,0.5098571428571429,False
carlstrom_phyllosphere_2019,15,0.2,72,357,33,22,153,28,Supervised combined,0.2532011986899827,0.5837142857142856,True
carlstrom_phyllosphere_2019,15,0.4,143,357,33,22,153,28,Supervised combined,0.1741242808725419,0.48800000000000004,True
carlstrom_phyllosphere_2019,15,0.6,215,357,33,22,153,28,Supervised combined,0.17697801318033254,0.49942857142857144,True
carlstrom_phyllosphere_2019,15,0.8,286,357,33,22,153,28,Supervised combined,0.1985022755391164,0.5428571428571429,True
carlstrom_phyllosphere_2019,16,0.0,0,357,33,22,153,26,PLNNetwork,0.16993464052287582,0.5,False
carlstrom_phyllosphere_2019,16,0.0,0,357,33,22,153,26,Poisson GLMNet,0.16993464052287582,0.48031496062992124,False
carlstrom_phyllosphere_2019,16,0.0,0,357,33,22,153,26,SparCC,0.14561461566839307,0.4258025439127801,False
carlstrom_phyllosphere_2019,16,0.0,0,357,33,22,153,26,Mean rank,0.14142409443505677,0.4112658994548758,False
carlstrom_phyllosphere_2019,16,0.0,0,357,33,22,153,26,SPIEC-EASI,0.17621920563097035,0.5072683222289521,False
carlstrom_phyllosphere_2019,16,0.2,72,357,33,22,153,26,Supervised combined,0.2875546676559536,0.5569351907934585,True
carlstrom_phyllosphere_2019,16,0.4,143,357,33,22,153,26,Supervised combined,0.2507706180657703,0.5869170199878861,True
carlstrom_phyllosphere_2019,16,0.6,215,357,33,22,153,26,Supervised combined,0.2900208783697651,0.6205330102967899,True
carlstrom_phyllosphere_2019,16,0.8,286,357,33,22,153,26,Supervised combined,0.3132730873197732,0.6223500908540278,True
carlstrom_phyllosphere_2019,17,0.0,0,357,33,22,153,18,PLNNetwork,0.11764705882352941,0.5,False
carlstrom_phyllosphere_2019,17,0.0,0,357,33,22,153,18,Poisson GLMNet,0.11764705882352941,0.4666666666666667,False
carlstrom_phyllosphere_2019,17,0.0,0,357,33,22,153,18,SparCC,0.12185912956780649,0.45925925925925926,False
carlstrom_phyllosphere_2019,17,0.0,0,357,33,22,153,18,Mean rank,0.1100860129424272,0.4444444444444445,False
carlstrom_phyllosphere_2019,17,0.0,0,357,33,22,153,18,SPIEC-EASI,0.11764705882352941,0.5,False
carlstrom_phyllosphere_2019,17,0.2,72,357,33,22,153,18,Supervised combined,0.10598644873859575,0.46378600823045263,True
carlstrom_phyllosphere_2019,17,0.4,143,357,33,22,153,18,Supervised combined,0.09065112451134726,0.36255144032921816,True
carlstrom_phyllosphere_2019,17,0.6,215,357,33,22,153,18,Supervised combined,0.0888767527773574,0.34897119341563787,True
carlstrom_phyllosphere_2019,17,0.8,286,357,33,22,153,18,Supervised combined,0.08895039894411073,0.34732510288065843,True
carlstrom_phyllosphere_2019,18,0.0,0,338,33,22,165,23,PLNNetwork,0.1393939393939394,0.5,False
carlstrom_phyllosphere_2019,18,0.0,0,338,33,22,165,23,Poisson GLMNet,0.2354413702239789,0.5793018983466013,False
carlstrom_phyllosphere_2019,18,0.0,0,338,33,22,165,23,SparCC,0.20722073886450354,0.5584813227189223,False
carlstrom_phyllosphere_2019,18,0.0,0,338,33,22,165,23,Mean rank,0.2860275055162822,0.619718309859155,False
carlstrom_phyllosphere_2019,18,0.0,0,338,33,22,165,23,SPIEC-EASI,0.1393939393939394,0.4964788732394366,False
carlstrom_phyllosphere_2019,18,0.2,68,338,33,22,165,23,Supervised combined,0.1990004287166432,0.54470300061237,True
carlstrom_phyllosphere_2019,18,0.4,136,338,33,22,165,23,Supervised combined,0.24165373779667645,0.5691977954684629,True
carlstrom_phyllosphere_2019,18,0.6,203,338,33,22,165,23,Supervised combined,0.2501306128881184,0.5869565217391304,True
carlstrom_phyllosphere_2019,18,0.8,271,338,33,22,165,23,Supervised combined,0.2058198105348411,0.5437844458052664,True
carlstrom_phyllosphere_2019,19,0.0,0,338,33,22,165,16,PLNNetwork,0.09696969696969697,0.5,False
carlstrom_phyllosphere_2019,19,0.0,0,338,33,22,165,16,Poisson GLMNet,0.09696969696969697,0.46308724832214765,False
carlstrom_phyllosphere_2019,19,0.0,0,338,33,22,165,16,SparCC,0.08516952974610749,0.37961409395973156,False
carlstrom_phyllosphere_2019,19,0.0,0,338,33,22,165,16,Mean rank,0.07804436942077708,0.3674496644295302,False
carlstrom_phyllosphere_2019,19,0.0,0,338,33,22,165,16,SPIEC-EASI,0.09696969696969697,0.49328859060402686,False
carlstrom_phyllosphere_2019,19,0.2,68,338,33,22,165,16,Supervised combined,0.16027824238164667,0.6707214765100671,True
carlstrom_phyllosphere_2019,19,0.4,136,338,33,22,165,16,Supervised combined,0.13408439521940768,0.6182885906040269,True
carlstrom_phyllosphere_2019,19,0.6,203,338,33,22,165,16,Supervised combined,0.13311155549396256,0.6199664429530201,True
carlstrom_phyllosphere_2019,19,0.8,271,338,33,22,165,16,Supervised combined,0.14316262394645346,0.6329697986577181,True
carlstrom_phyllosphere_2019,20,0.0,0,357,33,22,153,29,PLNNetwork,0.1895424836601307,0.5,False
carlstrom_phyllosphere_2019,20,0.0,0,357,33,22,153,29,Poisson GLMNet,0.2858124859139058,0.5649332591768632,False
carlstrom_phyllosphere_2019,20,0.0,0,357,33,22,153,29,SparCC,0.1746578993704288,0.45995550611790875,False
carlstrom_phyllosphere_2019,20,0.0,0,357,33,22,153,29,Mean rank,0.254792759928799,0.4988876529477197,False
carlstrom_phyllosphere_2019,20,0.0,0,357,33,22,153,29,SPIEC-EASI,0.21748929456840205,0.5094549499443827,False
carlstrom_phyllosphere_2019,20,0.2,72,357,33,22,153,29,Supervised combined,0.17380219956735649,0.47024471635150167,True
carlstrom_phyllosphere_2019,20,0.4,143,357,33,22,153,29,Supervised combined,0.24369924494645356,0.5400444938820912,True
carlstrom_phyllosphere_2019,20,0.6,215,357,33,22,153,29,Supervised combined,0.26288204158850903,0.5917686318131257,True
carlstrom_phyllosphere_2019,20,0.8,286,357,33,22,153,29,Supervised combined,0.29145065943939086,0.6554505005561735,True
carlstrom_phyllosphere_2019,21,0.0,0,375,33,22,140,17,PLNNetwork,0.12142857142857143,0.5,False
carlstrom_phyllosphere_2019,21,0.0,0,375,33,22,140,17,Poisson GLMNet,0.19518128929893636,0.5767575322812052,False
carlstrom_phyllosphere_2019,21,0.0,0,375,33,22,140,17,SparCC,0.1747622782936674,0.4734576757532281,False
carlstrom_phyllosphere_2019,21,0.0,0,375,33,22,140,17,Mean rank,0.21370447909446744,0.5141080822572932,False
carlstrom_phyllosphere_2019,21,0.0,0,375,33,22,140,17,SPIEC-EASI,0.173109243697479,0.5179340028694405,False
carlstrom_phyllosphere_2019,21,0.2,75,375,33,22,140,17,Supervised combined,0.2533481721143978,0.6116690578670493,True
carlstrom_phyllosphere_2019,21,0.4,150,375,33,22,140,17,Supervised combined,0.2732620823845673,0.624103299856528,True
carlstrom_phyllosphere_2019,21,0.6,225,375,33,22,140,17,Supervised combined,0.34581237394743003,0.643711142993783,True
carlstrom_phyllosphere_2019,21,0.8,300,375,33,22,140,17,Supervised combined,0.3018677822606134,0.6480153036824485,True
carlstrom_phyllosphere_2019,22,0.0,0,392,33,22,126,10,PLNNetwork,0.07936507936507936,0.5,False
carlstrom_phyllosphere_2019,22,0.0,0,392,33,22,126,10,Poisson GLMNet,0.07936507936507936,0.46120689655172414,False
carlstrom_phyllosphere_2019,22,0.0,0,392,33,22,126,10,SparCC,0.06485516931007665,0.36465517241379314,False
carlstrom_phyllosphere_2019,22,0.0,0,392,33,22,126,10,Mean rank,0.06429165105157017,0.35775862068965514,False
carlstrom_phyllosphere_2019,22,0.0,0,392,33,22,126,10,SPIEC-EASI,0.07936507936507936,0.5,False
carlstrom_phyllosphere_2019,22,0.2,79,392,33,22,126,10,Supervised combined,0.09148112044335188,0.5025862068965518,True
carlstrom_phyllosphere_2019,22,0.4,157,392,33,22,126,10,Supervised combined,0.14601059289718804,0.6,True
carlstrom_phyllosphere_2019,22,0.6,236,392,33,22,126,10,Supervised combined,0.14238112476512488,0.5922413793103448,True
carlstrom_phyllosphere_2019,22,0.8,314,392,33,22,126,10,Supervised combined,0.1609931023598279,0.6336206896551724,True
carlstrom_phyllosphere_2019,23,0.0,0,318,33,22,176,9,PLNNetwork,0.05113636363636364,0.5,False
carlstrom_phyllosphere_2019,23,0.0,0,318,33,22,176,9,Poisson GLMNet,0.05113636363636364,0.4820359281437126,False
carlstrom_phyllosphere_2019,23,0.0,0,318,33,22,176,9,SparCC,0.06097761476289813,0.5562208915502329,False
carlstrom_phyllosphere_2019,23,0.0,0,318,33,22,176,9,Mean rank,0.058979590554372754,0.5455755156353959,False
carlstrom_phyllosphere_2019,23,0.0,0,318,33,22,176,9,SPIEC-EASI,0.05113636363636364,0.5,False
carlstrom_phyllosphere_2019,23,0.2,64,318,33,22,176,9,Supervised combined,0.07337505104695857,0.5535595475715236,True
carlstrom_phyllosphere_2019,23,0.4,128,318,33,22,176,9,Supervised combined,0.14043978669897417,0.633399866932801,True
carlstrom_phyllosphere_2019,23,0.6,191,318,33,22,176,9,Supervised combined,0.09459574917590186,0.614105123087159,True
carlstrom_phyllosphere_2019,23,0.8,255,318,33,22,176,9,Supervised combined,0.08979996419905248,0.6134397870924817,True
carlstrom_phyllosphere_2019,24,0.0,0,338,33,22,165,22,PLNNetwork,0.13333333333333333,0.5,False
carlstrom_phyllosphere_2019,24,0.0,0,338,33,22,165,22,Poisson GLMNet,0.15075757575757573,0.5340114431023522,False
carlstrom_phyllosphere_2019,24,0.0,0,338,33,22,165,22,SparCC,0.13751713899331952,0.46853146853146854,False
carlstrom_phyllosphere_2019,24,0.0,0,338,33,22,165,22,Mean rank,0.1693721240598485,0.49936427209154477,False
carlstrom_phyllosphere_2019,24,0.0,0,338,33,22,165,22,SPIEC-EASI,0.13333333333333333,0.486013986013986,False
carlstrom_phyllosphere_2019,24,0.2,68,338,33,22,165,22,Supervised combined,0.349356019677813,0.6465352828989193,True
carlstrom_phyllosphere_2019,24,0.4,136,338,33,22,165,22,Supervised combined,0.4614748415976851,0.7317228226319136,True
carlstrom_phyllosphere_2019,24,0.6,203,338,33,22,165,22,Supervised combined,0.35805915861002724,0.7005721551176096,True
carlstrom_phyllosphere_2019,24,0.8,271,338,33,22,165,22,Supervised combined,0.4611412091882861,0.7237762237762237,True
carlstrom_phyllosphere_2019,25,0.0,0,392,33,22,126,18,PLNNetwork,0.14285714285714285,0.5,False
carlstrom_phyllosphere_2019,25,0.0,0,392,33,22,126,18,Poisson GLMNet,0.19867724867724865,0.572530864197531,False
carlstrom_phyllosphere_2019,25,0.0,0,392,33,22,126,18,SparCC,0.1639769836607206,0.5056584362139918,False
carlstrom_phyllosphere_2019,25,0.0,0,392,33,22,126,18,Mean rank,0.21278035427289288,0.5637860082304527,False
carlstrom_phyllosphere_2019,25,0.0,0,392,33,22,126,18,SPIEC-EASI,0.14285714285714285,0.49074074074074076,False
carlstrom_phyllosphere_2019,25,0.2,79,392,33,22,126,18,Supervised combined,0.18248207380165407,0.6162551440329218,True
carlstrom_phyllosphere_2019,25,0.4,157,392,33,22,126,18,Supervised combined,0.2386316835401688,0.6301440329218106,True
carlstrom_phyllosphere_2019,25,0.6,236,392,33,22,126,18,Supervised combined,0.25364882235630215,0.6419753086419753,True
carlstrom_phyllosphere_2019,25,0.8,314,392,33,22,126,18,Supervised combined,0.2388491443692209,0.6136831275720165,True
carlstrom_phyllosphere_2019,26,0.0,0,392,33,22,126,10,PLNNetwork,0.07936507936507936,0.5,False
carlstrom_phyllosphere_2019,26,0.0,0,392,33,22,126,10,Poisson GLMNet,0.07936507936507936,0.4956896551724138,False
carlstrom_phyllosphere_2019,26,0.0,0,392,33,22,126,10,SparCC,0.06744274158182452,0.3948275862068965,False
carlstrom_phyllosphere_2019,26,0.0,0,392,33,22,126,10,Mean rank,0.06720475820430627,0.393103448275862,False
carlstrom_phyllosphere_2019,26,0.0,0,392,33,22,126,10,SPIEC-EASI,0.07936507936507936,0.49137931034482757,False
carlstrom_phyllosphere_2019,26,0.2,79,392,33,22,126,10,Supervised combined,0.1741004579228148,0.4913793103448276,True
carlstrom_phyllosphere_2019,26,0.4,157,392,33,22,126,10,Supervised combined,0.2174633922032298,0.5767241379310345,True
carlstrom_phyllosphere_2019,26,0.6,236,392,33,22,126,10,Supervised combined,0.2295532724499618,0.6577586206896552,True
carlstrom_phyllosphere_2019,26,0.8,314,392,33,22,126,10,Supervised combined,0.24241523211659227,0.6448275862068966,True
carlstrom_phyllosphere_2019,27,0.0,0,392,33,22,126,20,PLNNetwork,0.15873015873015872,0.5,False
carlstrom_phyllosphere_2019,27,0.0,0,392,33,22,126,20,Poisson GLMNet,0.24325396825396822,0.5610849056603774,False
carlstrom_phyllosphere_2019,27,0.0,0,392,33,22,126,20,SparCC,0.21006757690279199,0.564622641509434,False
carlstrom_phyllosphere_2019,27,0.0,0,392,33,22,126,20,Mean rank,0.25672133374180595,0.6108490566037735,False
carlstrom_phyllosphere_2019,27,0.0,0,392,33,22,126,20,SPIEC-EASI,0.2007936507936508,0.5115566037735849,False
carlstrom_phyllosphere_2019,27,0.2,79,392,33,22,126,20,Supervised combined,0.18697847043700516,0.510377358490566,True
carlstrom_phyllosphere_2019,27,0.4,157,392,33,22,126,20,Supervised combined,0.1808349113733664,0.5297169811320754,True
carlstrom_phyllosphere_2019,27,0.6,236,392,33,22,126,20,Supervised combined,0.18308347251436613,0.5452830188679244,True
carlstrom_phyllosphere_2019,27,0.8,314,392,33,22,126,20,Supervised combined,0.1676567540749398,0.5127358490566039,True
carlstrom_phyllosphere_2019,28,0.0,0,357,33,22,153,17,PLNNetwork,0.1111111111111111,0.5,False
carlstrom_phyllosphere_2019,28,0.0,0,357,33,22,153,17,Poisson GLMNet,0.1241830065359477,0.5216262975778547,False
carlstrom_phyllosphere_2019,28,0.0,0,357,33,22,153,17,SparCC,0.09814610461044435,0.3754325259515571,False
carlstrom_phyllosphere_2019,28,0.0,0,357,33,22,153,17,Mean rank,0.10167242284255945,0.40138408304498263,False
carlstrom_phyllosphere_2019,28,0.0,0,357,33,22,153,17,SPIEC-EASI,0.1111111111111111,0.4963235294117647,False
carlstrom_phyllosphere_2019,28,0.2,72,357,33,22,153,17,Supervised combined,0.2041689002964854,0.726643598615917,True
carlstrom_phyllosphere_2019,28,0.4,143,357,33,22,153,17,Supervised combined,0.2829364972588361,0.6591695501730104,True
carlstrom_phyllosphere_2019,28,0.6,215,357,33,22,153,17,Supervised combined,0.24116095942551946,0.6583044982698962,True
carlstrom_phyllosphere_2019,28,0.8,286,357,33,22,153,17,Supervised combined,0.2244220360597026,0.6695501730103807,True
carlstrom_phyllosphere_2019,29,0.0,0,357,33,22,153,21,PLNNetwork,0.13725490196078433,0.5,False
carlstrom_phyllosphere_2019,29,0.0,0,357,33,22,153,21,Poisson GLMNet,0.19672869147659064,0.5483405483405484,False
carlstrom_phyllosphere_2019,29,0.0,0,357,33,22,153,21,SparCC,0.1847556565251715,0.47005772005772006,False
carlstrom_phyllosphere_2019,29,0.0,0,357,33,22,153,21,Mean rank,0.1994395260426238,0.5068542568542569,False
carlstrom_phyllosphere_2019,29,0.0,0,357,33,22,153,21,SPIEC-EASI,0.1908496732026144,0.5294011544011544,False
carlstrom_phyllosphere_2019,29,0.2,72,357,33,22,153,21,Supervised combined,0.3469734271864006,0.6955266955266955,True
carlstrom_phyllosphere_2019,29,0.4,143,357,33,22,153,21,Supervised combined,0.32405248643433215,0.6356421356421356,True
carlstrom_phyllosphere_2019,29,0.6,215,357,33,22,153,21,Supervised combined,0.3003048219691915,0.625901875901876,True
carlstrom_phyllosphere_2019,29,0.8,286,357,33,22,153,21,Supervised combined,0.28435013420585326,0.6168831168831168,True
carlstrom_phyllosphere_2019,30,0.0,0,357,33,22,153,10,PLNNetwork,0.06535947712418301,0.5,False
carlstrom_phyllosphere_2019,30,0.0,0,357,33,22,153,10,Poisson GLMNet,0.06535947712418301,0.4755244755244755,False
carlstrom_phyllosphere_2019,30,0.0,0,357,33,22,153,10,SparCC,0.05410784953906786,0.3699300699300699,False
carlstrom_phyllosphere_2019,30,0.0,0,357,33,22,153,10,Mean rank,0.053794520455140556,0.3657342657342657,False
carlstrom_phyllosphere_2019,30,0.0,0,357,33,22,153,10,SPIEC-EASI,0.06535947712418301,0.48951048951048953,False
carlstrom_phyllosphere_2019,30,0.2,72,357,33,22,153,10,Supervised combined,0.11508776117609892,0.676923076923077,True
carlstrom_phyllosphere_2019,30,0.4,143,357,33,22,153,10,Supervised combined,0.1112213533210698,0.6496503496503496,True
carlstrom_phyllosphere_2019,30,0.6,215,357,33,22,153,10,Supervised combined,0.1201673482671867,0.6909090909090909,True
carlstrom_phyllosphere_2019,30,0.8,286,357,33,22,153,10,Supervised combined,0.09522752654365566,0.6447552447552448,True
carlstrom_phyllosphere_2019,31,0.0,0,297,33,22,186,23,PLNNetwork,0.12365591397849462,0.5,False
carlstrom_phyllosphere_2019,31,0.0,0,297,33,22,186,23,Poisson GLMNet,0.12365591397849462,0.46932515337423314,False
carlstrom_phyllosphere_2019,31,0.0,0,297,33,22,186,23,SparCC,0.10731338714051014,0.4265137369965324,False
carlstrom_phyllosphere_2019,31,0.0,0,297,33,22,186,23,Mean rank,0.10464535209803194,0.41664443851693783,False
carlstrom_phyllosphere_2019,31,0.0,0,297,33,22,186,23,SPIEC-EASI,0.12365591397849462,0.49693251533742333,False
carlstrom_phyllosphere_2019,31,0.2,60,297,33,22,186,23,Supervised combined,0.21005958539636185,0.6465724193118165,True
carlstrom_phyllosphere_2019,31,0.4,119,297,33,22,186,23,Supervised combined,0.16403471329126884,0.6289677247265937,True
carlstrom_phyllosphere_2019,31,0.6,179,297,33,22,186,23,Supervised combined,0.17175151606386418,0.644705254734596,True
carlstrom_phyllosphere_2019,31,0.8,238,297,33,22,186,23,Supervised combined,0.17949772173413725,0.6636436383035476,True
carlstrom_phyllosphere_2019,32,0.0,0,357,33,22,153,22,PLNNetwork,0.1437908496732026,0.5,False
carlstrom_phyllosphere_2019,32,0.0,0,357,33,22,153,22,Poisson GLMNet,0.18067033976124883,0.582234559333796,False
carlstrom_phyllosphere_2019,32,0.0,0,357,33,22,153,22,SparCC,0.1221027870419714,0.4201943095072866,False
carlstrom_phyllosphere_2019,32,0.0,0,357,33,22,153,22,Mean rank,0.15085178596842846,0.49687716863289383,False
carlstrom_phyllosphere_2019,32,0.0,0,357,33,22,153,22,SPIEC-EASI,0.1437908496732026,0.4847328244274809,False
carlstrom_phyllosphere_2019,32,0.2,72,357,33,22,153,22,Supervised combined,0.15242125024914766,0.5017349063150589,True
carlstrom_phyllosphere_2019,32,0.4,143,357,33,22,153,22,Supervised combined,0.1496686326890671,0.47050659264399725,True
carlstrom_phyllosphere_2019,32,0.6,215,357,33,22,153,22,Supervised combined,0.16565785948072528,0.48854961832061067,True
carlstrom_phyllosphere_2019,32,0.8,286,357,33,22,153,22,Supervised combined,0.18209737786487623,0.5093684941013186,True
carlstrom_phyllosphere_2019,33,0.0,0,318,33,22,176,29,PLNNetwork,0.16477272727272727,0.5,False
carlstrom_phyllosphere_2019,33,0.0,0,318,33,22,176,29,Poisson GLMNet,0.1677115987460815,0.49354914379544923,False
carlstrom_phyllosphere_2019,33,0.0,0,318,33,22,176,29,SparCC,0.13472635861013962,0.3793103448275862,False
carlstrom_phyllosphere_2019,33,0.0,0,318,33,22,176,29,Mean rank,0.13651010847876732,0.38939713816561106,False
carlstrom_phyllosphere_2019,33,0.0,0,318,33,22,176,29,SPIEC-EASI,0.22237460815047022,0.5313159746657283,False
carlstrom_phyllosphere_2019,33,0.2,64,318,33,22,176,29,Supervised combined,0.1953601949089776,0.5285010555946517,True
carlstrom_phyllosphere_2019,33,0.4,128,318,33,22,176,29,Supervised combined,0.2033016082285833,0.5137227304714989,True
carlstrom_phyllosphere_2019,33,0.6,191,318,33,22,176,29,Supervised combined,0.22739953669867594,0.5890218156228009,True
carlstrom_phyllosphere_2019,33,0.8,255,318,33,22,176,29,Supervised combined,0.29240088761730676,0.6091954022988506,True
carlstrom_phyllosphere_2019,34,0.0,0,338,33,22,165,12,PLNNetwork,0.07272727272727272,0.5,False
carlstrom_phyllosphere_2019,34,0.0,0,338,33,22,165,12,Poisson GLMNet,0.08213383838383839,0.5370370370370371,False
carlstrom_phyllosphere_2019,34,0.0,0,338,33,22,165,12,SparCC,0.06086427883576821,0.3818082788671024,False
carlstrom_phyllosphere_2019,34,0.0,0,338,33,22,165,12,Mean rank,0.06909596764933636,0.44825708061002173,False
carlstrom_phyllosphere_2019,34,0.0,0,338,33,22,165,12,SPIEC-EASI,0.07272727272727272,0.49673202614379086,False
carlstrom_phyllosphere_2019,34,0.2,68,338,33,22,165,12,Supervised combined,0.20918556169930944,0.7303921568627451,True
carlstrom_phyllosphere_2019,34,0.4,136,338,33,22,165,12,Supervised combined,0.1298329709408333,0.6514161220043573,True
carlstrom_phyllosphere_2019,34,0.6,203,338,33,22,165,12,Supervised combined,0.19819697745763826,0.6802832244008714,True
carlstrom_phyllosphere_2019,34,0.8,271,338,33,22,165,12,Supervised combined,0.12170234804302238,0.6737472766884531,True
carlstrom_phyllosphere_2019,35,0.0,0,318,33,22,176,18,PLNNetwork,0.10227272727272728,0.5,False
carlstrom_phyllosphere_2019,35,0.0,0,318,33,22,176,18,Poisson GLMNet,0.17424242424242425,0.5464135021097046,False
carlstrom_phyllosphere_2019,35,0.0,0,318,33,22,176,18,SparCC,0.10779948399191483,0.5059774964838255,False
carlstrom_phyllosphere_2019,35,0.0,0,318,33,22,176,18,Mean rank,0.1380183934354717,0.5555555555555556,False
carlstrom_phyllosphere_2019,35,0.0,0,318,33,22,176,18,SPIEC-EASI,0.11047979797979798,0.5117791842475388,False
carlstrom_phyllosphere_2019,35,0.2,64,318,33,22,176,18,Supervised combined,0.24002868882076106,0.5977496483825597,True
carlstrom_phyllosphere_2019,35,0.4,128,318,33,22,176,18,Supervised combined,0.09394853453463989,0.4535864978902953,True
carlstrom_phyllosphere_2019,35,0.6,191,318,33,22,176,18,Supervised combined,0.09635454587001041,0.48980309423347396,True
carlstrom_phyllosphere_2019,35,0.8,255,318,33,22,176,18,Supervised combined,0.1014964493496289,0.5168776371308017,True
carlstrom_phyllosphere_2019,36,0.0,0,357,33,22,153,19,PLNNetwork,0.12418300653594772,0.5,False
carlstrom_phyllosphere_2019,36,0.0,0,357,33,22,153,19,Poisson GLMNet,0.14812152931347977,0.5573448546739984,False
carlstrom_phyllosphere_2019,36,0.0,0,357,33,22,153,19,SparCC,0.14725906884840803,0.5471327572663001,False
carlstrom_phyllosphere_2019,36,0.0,0,357,33,22,153,19,Mean rank,0.18297671674321672,0.5958366064414768,False
carlstrom_phyllosphere_2019,36,0.0,0,357,33,22,153,19,SPIEC-EASI,0.12418300653594772,0.48507462686567165,False
carlstrom_phyllosphere_2019,36,0.2,72,357,33,22,153,19,Supervised combined,0.2022016328570161,0.605655930871956,True
carlstrom_phyllosphere_2019,36,0.4,143,357,33,22,153,19,Supervised combined,0.25701720264979655,0.697172034564022,True
carlstrom_phyllosphere_2019,36,0.6,215,357,33,22,153,19,Supervised combined,0.20541712433512446,0.6484681853888452,True
carlstrom_phyllosphere_2019,36,0.8,286,357,33,22,153,19,Supervised combined,0.17802636303978753,0.6237234878240376,True
carlstrom_phyllosphere_2019,37,0.0,0,357,33,22,153,13,PLNNetwork,0.08496732026143791,0.5,False
carlstrom_phyllosphere_2019,37,0.0,0,357,33,22,153,13,Poisson GLMNet,0.08496732026143791,0.4785714285714286,False
carlstrom_phyllosphere_2019,37,0.0,0,357,33,22,153,13,SparCC,0.09062768586966154,0.45,False
carlstrom_phyllosphere_2019,37,0.0,0,357,33,22,153,13,Mean rank,0.08359944829386406,0.439010989010989,False
carlstrom_phyllosphere_2019,37,0.0,0,357,33,22,153,13,SPIEC-EASI,0.09766214177978885,0.5203296703296703,False
carlstrom_phyllosphere_2019,37,0.2,72,357,33,22,153,13,Supervised combined,0.21908825447789762,0.6263736263736264,True
carlstrom_phyllosphere_2019,37,0.4,143,357,33,22,153,13,Supervised combined,0.1495698141116184,0.6148351648351649,True
carlstrom_phyllosphere_2019,37,0.6,215,357,33,22,153,13,Supervised combined,0.13693004654954097,0.6181318681318682,True
carlstrom_phyllosphere_2019,37,0.8,286,357,33,22,153,13,Supervised combined,0.15148454728462557,0.643956043956044,True
carlstrom_phyllosphere_2019,38,0.0,0,375,33,22,140,18,PLNNetwork,0.12857142857142856,0.5,False
carlstrom_phyllosphere_2019,38,0.0,0,375,33,22,140,18,Poisson GLMNet,0.12857142857142856,0.47950819672131145,False
carlstrom_phyllosphere_2019,38,0.0,0,375,33,22,140,18,SparCC,0.10692512664164694,0.40209471766848814,False
carlstrom_phyllosphere_2019,38,0.0,0,375,33,22,140,18,Mean rank,0.10558653552537592,0.39617486338797814,False
carlstrom_phyllosphere_2019,38,0.0,0,375,33,22,140,18,SPIEC-EASI,0.12857142857142856,0.5,False
carlstrom_phyllosphere_2019,38,0.2,75,375,33,22,140,18,Supervised combined,0.10973875900768582,0.41302367941712204,True
carlstrom_phyllosphere_2019,38,0.4,150,375,33,22,140,18,Supervised combined,0.14073303712792268,0.47632058287796,True
carlstrom_phyllosphere_2019,38,0.6,225,375,33,22,140,18,Supervised combined,0.16338326363383743,0.5323315118397085,True
carlstrom_phyllosphere_2019,38,0.8,300,375,33,22,140,18,Supervised combined,0.14164368103288627,0.5177595628415301,True
carlstrom_phyllosphere_2019,39,0.0,0,423,33,22,95,7,PLNNetwork,0.07368421052631578,0.5,False
carlstrom_phyllosphere_2019,39,0.0,0,423,33,22,95,7,Poisson GLMNet,0.07368421052631578,0.4602272727272727,False
carlstrom_phyllosphere_2019,39,0.0,0,423,33,22,95,7,SparCC,0.08585292614759127,0.5340909090909091,False
carlstrom_phyllosphere_2019,39,0.0,0,423,33,22,95,7,Mean rank,0.080825510982425,0.5097402597402596,False
carlstrom_phyllosphere_2019,39,0.0,0,423,33,22,95,7,SPIEC-EASI,0.07368421052631578,0.5,False
carlstrom_phyllosphere_2019,39,0.2,85,423,33,22,95,7,Supervised combined,0.12091114265027308,0.6688311688311688,True
carlstrom_phyllosphere_2019,39,0.4,170,423,33,22,95,7,Supervised combined,0.10965930217379398,0.6087662337662337,True
carlstrom_phyllosphere_2019,39,0.6,254,423,33,22,95,7,Supervised combined,0.09341536969569314,0.5876623376623377,True
carlstrom_phyllosphere_2019,39,0.8,339,423,33,22,95,7,Supervised combined,0.08262477188592096,0.5275974025974026,True
carlstrom_phyllosphere_2019,40,0.0,0,375,33,22,140,15,PLNNetwork,0.10714285714285714,0.5,False
carlstrom_phyllosphere_2019,40,0.0,0,375,33,22,140,15,Poisson GLMNet,0.26111111111111107,0.6208,False
carlstrom_phyllosphere_2019,40,0.0,0,375,33,22,140,15,SparCC,0.1620158136257811,0.5269333333333334,False
carlstrom_phyllosphere_2019,40,0.0,0,375,33,22,140,15,Mean rank,0.21360576858465966,0.6202666666666667,False
carlstrom_phyllosphere_2019,40,0.0,0,375,33,22,140,15,SPIEC-EASI,0.10714285714285714,0.496,False
carlstrom_phyllosphere_2019,40,0.2,75,375,33,22,140,15,Supervised combined,0.1571101042984473,0.5114666666666666,True
carlstrom_phyllosphere_2019,40,0.4,150,375,33,22,140,15,Supervised combined,0.14280081748779888,0.5781333333333333,True
carlstrom_phyllosphere_2019,40,0.6,225,375,33,22,140,15,Supervised combined,0.16211805933667722,0.6629333333333334,True
carlstrom_phyllosphere_2019,40,0.8,300,375,33,22,140,15,Supervised combined,0.1530623343087529,0.6506666666666667,True
carlstrom_phyllosphere_2019,41,0.0,0,338,33,22,165,15,PLNNetwork,0.09090909090909091,0.5,False
carlstrom_phyllosphere_2019,41,0.0,0,338,33,22,165,15,Poisson GLMNet,0.15151515151515152,0.5208888888888888,False
carlstrom_phyllosphere_2019,41,0.0,0,338,33,22,165,15,SparCC,0.09700223188118293,0.5106666666666667,False
carlstrom_phyllosphere_2019,41,0.0,0,338,33,22,165,15,Mean rank,0.11013396601313173,0.5355555555555555,False
carlstrom_phyllosphere_2019,41,0.0,0,338,33,22,165,15,SPIEC-EASI,0.15151515151515152,0.5239999999999999,False
carlstrom_phyllosphere_2019,41,0.2,68,338,33,22,165,15,Supervised combined,0.11237059521656342,0.5364444444444445,True
carlstrom_phyllosphere_2019,41,0.4,136,338,33,22,165,15,Supervised combined,0.12037640137759834,0.5573333333333332,True
carlstrom_phyllosphere_2019,41,0.6,203,338,33,22,165,15,Supervised combined,0.10205897152567947,0.5257777777777778,True
carlstrom_phyllosphere_2019,41,0.8,271,338,33,22,165,15,Supervised combined,0.1073813055501002,0.5675555555555556,True
carlstrom_phyllosphere_2019,42,0.0,0,275,33,22,195,23,PLNNetwork,0.11794871794871795,0.5,False
carlstrom_phyllosphere_2019,42,0.0,0,275,33,22,195,23,Poisson GLMNet,0.16756190669234147,0.5412032355915066,False
carlstrom_phyllosphere_2019,42,0.0,0,275,33,22,195,23,SparCC,0.10143780241458808,0.4236602628918099,False
carlstrom_phyllosphere_2019,42,0.0,0,275,33,22,195,23,Mean rank,0.11818383969600742,0.48154701718907983,False
carlstrom_phyllosphere_2019,42,0.0,0,275,33,22,195,23,SPIEC-EASI,0.15841694537346712,0.5403185035389282,False
carlstrom_phyllosphere_2019,42,0.2,55,275,33,22,195,23,Supervised combined,0.10150284356078569,0.42972699696663297,True
carlstrom_phyllosphere_2019,42,0.4,110,275,33,22,195,23,Supervised combined,0.10980002413535203,0.48230535894843274,True
carlstrom_phyllosphere_2019,42,0.6,165,275,33,22,195,23,Supervised combined,0.1152661509722811,0.4984833164812943,True
carlstrom_phyllosphere_2019,42,0.8,220,275,33,22,195,23,Supervised combined,0.12589063849929488,0.5449949443882709,True
carlstrom_phyllosphere_2019,43,0.0,0,375,33,22,140,9,PLNNetwork,0.06428571428571428,0.5,False
carlstrom_phyllosphere_2019,43,0.0,0,375,33,22,140,9,Poisson GLMNet,0.1,0.5818490245971163,False
carlstrom_phyllosphere_2019,43,0.0,0,375,33,22,140,9,SparCC,0.11044417622800912,0.6072943172179813,False
carlstrom_phyllosphere_2019,43,0.0,0,375,33,22,140,9,Mean rank,0.1377619609525943,0.6692111959287532,False
carlstrom_phyllosphere_2019,43,0.0,0,375,33,22,140,9,SPIEC-EASI,0.06428571428571428,0.4961832061068702,False
carlstrom_phyllosphere_2019,43,0.2,75,375,33,22,140,9,Supervised combined,0.07799601499688485,0.5063613231552162,True
carlstrom_phyllosphere_2019,43,0.4,150,375,33,22,140,9,Supervised combined,0.0973208341498273,0.4741306191687871,True
carlstrom_phyllosphere_2019,43,0.6,225,375,33,22,140,9,Supervised combined,0.13309326749554454,0.7039864291772688,True
carlstrom_phyllosphere_2019,43,0.8,300,375,33,22,140,9,Supervised combined,0.1427204389378905,0.7065309584393554,True
carlstrom_phyllosphere_2019,44,0.0,0,392,33,22,126,16,PLNNetwork,0.12698412698412698,0.5,False
carlstrom_phyllosphere_2019,44,0.0,0,392,33,22,126,16,Poisson GLMNet,0.21527777777777776,0.5579545454545455,False
carlstrom_phyllosphere_2019,44,0.0,0,392,33,22,126,16,SparCC,0.22133339654458395,0.49715909090909094,False
carlstrom_phyllosphere_2019,44,0.0,0,392,33,22,126,16,Mean rank,0.22179748808692681,0.5255681818181818,False
carlstrom_phyllosphere_2019,44,0.0,0,392,33,22,126,16,SPIEC-EASI,0.18154761904761904,0.53125,False
carlstrom_phyllosphere_2019,44,0.2,79,392,33,22,126,16,Supervised combined,0.23468529269792326,0.5994318181818182,True
carlstrom_phyllosphere_2019,44,0.4,157,392,33,22,126,16,Supervised combined,0.1956500429227996,0.63125,True
carlstrom_phyllosphere_2019,44,0.6,236,392,33,22,126,16,Supervised combined,0.21748666070256908,0.6426136363636363,True
carlstrom_phyllosphere_2019,44,0.8,314,392,33,22,126,16,Supervised combined,0.20846533600664438,0.6545454545454545,True
carlstrom_phyllosphere_2019,45,0.0,0,338,33,22,165,24,PLNNetwork,0.14545454545454545,0.5,False
carlstrom_phyllosphere_2019,45,0.0,0,338,33,22,165,24,Poisson GLMNet,0.2226010101010101,0.5756501182033097,False
carlstrom_phyllosphere_2019,45,0.0,0,338,33,22,165,24,SparCC,0.16328667242569922,0.5313238770685579,False
carlstrom_phyllosphere_2019,45,0.0,0,338,33,22,165,24,Mean rank,0.2209074909073122,0.5768321513002365,False
carlstrom_phyllosphere_2019,45,0.0,0,338,33,22,165,24,SPIEC-EASI,0.14545454545454545,0.5,False
carlstrom_phyllosphere_2019,45,0.2,68,338,33,22,165,24,Supervised combined,0.15428147059520914,0.5295508274231678,True
carlstrom_phyllosphere_2019,45,0.4,136,338,33,22,165,24,Supervised combined,0.139884343384092,0.47074468085106386,True
carlstrom_phyllosphere_2019,45,0.6,203,338,33,22,165,24,Supervised combined,0.1474980297488419,0.4852245862884161,True
carlstrom_phyllosphere_2019,45,0.8,271,338,33,22,165,24,Supervised combined,0.14261618697735917,0.4754728132387707,True
carlstrom_phyllosphere_2019,46,0.0,0,338,33,22,165,24,PLNNetwork,0.14545454545454545,0.5,False
carlstrom_phyllosphere_2019,46,0.0,0,338,33,22,165,24,Poisson GLMNet,0.14545454545454545,0.48936170212765956,False
carlstrom_phyllosphere_2019,46,0.0,0,338,33,22,165,24,SparCC,0.1184311767767458,0.4001182033096927,False
carlstrom_phyllosphere_2019,46,0.0,0,338,33,22,165,24,Mean rank,0.11796393346798482,0.39834515366430256,False
carlstrom_phyllosphere_2019,46,0.0,0,338,33,22,165,24,SPIEC-EASI,0.14545454545454545,0.48936170212765956,False
carlstrom_phyllosphere_2019,46,0.2,68,338,33,22,165,24,Supervised combined,0.15387747648676126,0.5233451536643027,True
carlstrom_phyllosphere_2019,46,0.4,136,338,33,22,165,24,Supervised combined,0.15740572799427724,0.5357565011820331,True
carlstrom_phyllosphere_2019,46,0.6,203,338,33,22,165,24,Supervised combined,0.16072079649149218,0.5452127659574468,True
carlstrom_phyllosphere_2019,46,0.8,271,338,33,22,165,24,Supervised combined,0.162821356729796,0.541371158392435,True
carlstrom_phyllosphere_2019,47,0.0,0,275,33,22,195,30,PLNNetwork,0.15384615384615385,0.5,False
carlstrom_phyllosphere_2019,47,0.0,0,275,33,22,195,30,Poisson GLMNet,0.19619528619528617,0.544040404040404,False
carlstrom_phyllosphere_2019,47,0.0,0,275,33,22,195,30,SparCC,0.13147749520718474,0.401010101010101,False
carlstrom_phyllosphere_2019,47,0.0,0,275,33,22,195,30,Mean rank,0.1578954855977338,0.4486868686868687,False
carlstrom_phyllosphere_2019,47,0.0,0,275,33,22,195,30,SPIEC-EASI,0.16538461538461538,0.5076767676767677,False
carlstrom_phyllosphere_2019,47,0.2,55,275,33,22,195,30,Supervised combined,0.2194900478326203,0.4682828282828283,True
carlstrom_phyllosphere_2019,47,0.4,110,275,33,22,195,30,Supervised combined,0.30614976012089273,0.6117171717171717,True
carlstrom_phyllosphere_2019,47,0.6,165,275,33,22,195,30,Supervised combined,0.27296557958821,0.5965656565656565,True
carlstrom_phyllosphere_2019,47,0.8,220,275,33,22,195,30,Supervised combined,0.24898370459753183,0.593939393939394,True
carlstrom_phyllosphere_2019,48,0.0,0,392,33,22,126,13,PLNNetwork,0.10317460317460317,0.5,False
carlstrom_phyllosphere_2019,48,0.0,0,392,33,22,126,13,Poisson GLMNet,0.10317460317460317,0.4690265486725664,False
carlstrom_phyllosphere_2019,48,0.0,0,392,33,22,126,13,SparCC,0.07676128266234325,0.3213070115724983,False
carlstrom_phyllosphere_2019,48,0.0,0,392,33,22,126,13,Mean rank,0.07577791623605165,0.3117767188563649,False
carlstrom_phyllosphere_2019,48,0.0,0,392,33,22,126,13,SPIEC-EASI,0.10317460317460317,0.48672566371681414,False
carlstrom_phyllosphere_2019,48,0.2,79,392,33,22,126,13,Supervised combined,0.14345760472960964,0.4989788972089857,True
carlstrom_phyllosphere_2019,48,0.4,157,392,33,22,126,13,Supervised combined,0.13456395325335208,0.5139550714771954,True
carlstrom_phyllosphere_2019,48,0.6,236,392,33,22,126,13,Supervised combined,0.20066672223534018,0.6010891763104153,True
carlstrom_phyllosphere_2019,48,0.8,314,392,33,22,126,13,Supervised combined,0.1845726398998391,0.5901974132062627,True
carlstrom_phyllosphere_2019,49,0.0,0,357,33,22,153,23,PLNNetwork,0.1503267973856209,0.5,False
carlstrom_phyllosphere_2019,49,0.0,0,357,33,22,153,23,Poisson GLMNet,0.22421142369991476,0.5434782608695652,False
carlstrom_phyllosphere_2019,49,0.0,0,357,33,22,153,23,SparCC,0.1840348408097065,0.5608695652173913,False
carlstrom_phyllosphere_2019,49,0.0,0,357,33,22,153,23,Mean rank,0.23874993248406373,0.5826086956521739,False
carlstrom_phyllosphere_2019,49,0.0,0,357,33,22,153,23,SPIEC-EASI,0.1546604148905939,0.5060200668896321,False
carlstrom_phyllosphere_2019,49,0.2,72,357,33,22,153,23,Supervised combined,0.37015432073528687,0.6484949832775919,True
carlstrom_phyllosphere_2019,49,0.4,143,357,33,22,153,23,Supervised combined,0.27756894258451115,0.57123745819398,True
carlstrom_phyllosphere_2019,49,0.6,215,357,33,22,153,23,Supervised combined,0.23119348487767746,0.5936454849498327,True
carlstrom_phyllosphere_2019,49,0.8,286,357,33,22,153,23,Supervised combined,0.3448319000897548,0.6929765886287625,True
carlstrom_phyllosphere_2019,50,0.0,0,375,33,22,140,18,PLNNetwork,0.12857142857142856,0.5,False
carlstrom_phyllosphere_2019,50,0.0,0,375,33,22,140,18,Poisson GLMNet,0.19206349206349205,0.5359744990892532,False
carlstrom_phyllosphere_2019,50,0.0,0,375,33,22,140,18,SparCC,0.09472877714513989,0.29781420765027317,False
carlstrom_phyllosphere_2019,50,0.0,0,375,33,22,140,18,Mean rank,0.11833777540896237,0.3638433515482696,False
carlstrom_phyllosphere_2019,50,0.0,0,375,33,22,140,18,SPIEC-EASI,0.14920634920634918,0.5195810564663024,False
carlstrom_phyllosphere_2019,50,0.2,75,375,33,22,140,18,Supervised combined,0.1550575328612854,0.5300546448087431,True
carlstrom_phyllosphere_2019,50,0.4,150,375,33,22,140,18,Supervised combined,0.14929617720870086,0.5259562841530054,True
carlstrom_phyllosphere_2019,50,0.6,225,375,33,22,140,18,Supervised combined,0.2235662035620647,0.5883424408014571,True
carlstrom_phyllosphere_2019,50,0.8,300,375,33,22,140,18,Supervised combined,0.24404420843761881,0.6001821493624772,True
carlstrom_phyllosphere_2019,51,0.0,0,318,33,22,176,25,PLNNetwork,0.14204545454545456,0.5,False
carlstrom_phyllosphere_2019,51,0.0,0,318,33,22,176,25,Poisson GLMNet,0.14969696969696972,0.513112582781457,False
carlstrom_phyllosphere_2019,51,0.0,0,318,33,22,176,25,SparCC,0.12195895635968099,0.4082119205298013,False
carlstrom_phyllosphere_2019,51,0.0,0,318,33,22,176,25,Mean rank,0.12543781618844013,0.4262251655629139,False
carlstrom_phyllosphere_2019,51,0.0,0,318,33,22,176,25,SPIEC-EASI,0.14204545454545456,0.5,False
carlstrom_phyllosphere_2019,51,0.2,64,318,33,22,176,25,Supervised combined,0.18037395680683027,0.42966887417218547,True
carlstrom_phyllosphere_2019,51,0.4,128,318,33,22,176,25,Supervised combined,0.1946906395014928,0.5192052980132451,True
carlstrom_phyllosphere_2019,51,0.6,191,318,33,22,176,25,Supervised combined,0.19783995648911776,0.49536423841059607,True
carlstrom_phyllosphere_2019,51,0.8,255,318,33,22,176,25,Supervised combined,0.21439793289880488,0.48635761589403975,True
carlstrom_phyllosphere_2019,52,0.0,0,297,33,22,186,36,PLNNetwork,0.1935483870967742,0.5,False
carlstrom_phyllosphere_2019,52,0.0,0,297,33,22,186,36,Poisson GLMNet,0.21057347670250895,0.5209259259259259,False
carlstrom_phyllosphere_2019,52,0.0,0,297,33,22,186,36,SparCC,0.18594989232012432,0.43740740740740747,False
carlstrom_phyllosphere_2019,52,0.0,0,297,33,22,186,36,Mean rank,0.2125369623090264,0.452037037037037,False
carlstrom_phyllosphere_2019,52,0.0,0,297,33,22,186,36,SPIEC-EASI,0.1935483870967742,0.49333333333333335,False
carlstrom_phyllosphere_2019,52,0.2,60,297,33,22,186,36,Supervised combined,0.19351270868482853,0.43166666666666664,True
carlstrom_phyllosphere_2019,52,0.4,119,297,33,22,186,36,Supervised combined,0.23322388304257452,0.5814814814814815,True
carlstrom_phyllosphere_2019,52,0.6,179,297,33,22,186,36,Supervised combined,0.27271520320133374,0.6357407407407407,True
carlstrom_phyllosphere_2019,52,0.8,238,297,33,22,186,36,Supervised combined,0.2737556324775202,0.6962962962962963,True
carlstrom_phyllosphere_2019,53,0.0,0,357,33,22,153,9,PLNNetwork,0.058823529411764705,0.5,False
carlstrom_phyllosphere_2019,53,0.0,0,357,33,22,153,9,Poisson GLMNet,0.16408906997142292,0.6917438271604938,False
carlstrom_phyllosphere_2019,53,0.0,0,357,33,22,153,9,SparCC,0.0509679093208128,0.37962962962962965,False
carlstrom_phyllosphere_2019,53,0.0,0,357,33,22,153,9,Mean rank,0.11761541841434234,0.5570987654320988,False
carlstrom_phyllosphere_2019,53,0.0,0,357,33,22,153,9,SPIEC-EASI,0.058823529411764705,0.4861111111111111,False
carlstrom_phyllosphere_2019,53,0.2,72,357,33,22,153,9,Supervised combined,0.09428770658166599,0.5578703703703705,True
carlstrom_phyllosphere_2019,53,0.4,143,357,33,22,153,9,Supervised combined,0.08840041360256992,0.5949074074074073,True
carlstrom_phyllosphere_2019,53,0.6,215,357,33,22,153,9,Supervised combined,0.0796443678438312,0.5640432098765432,True
carlstrom_phyllosphere_2019,53,0.8,286,357,33,22,153,9,Supervised combined,0.0874404324402327,0.5540123456790124,True
carlstrom_phyllosphere_2019,54,0.0,0,392,33,22,126,18,PLNNetwork,0.14285714285714285,0.5,False
carlstrom_phyllosphere_2019,54,0.0,0,392,33,22,126,18,Poisson GLMNet,0.19047619047619047,0.5015432098765432,False
carlstrom_phyllosphere_2019,54,0.0,0,392,33,22,126,18,SparCC,0.12076517884812527,0.36008230452674894,False
carlstrom_phyllosphere_2019,54,0.0,0,392,33,22,126,18,Mean rank,0.1287525797417394,0.37911522633744854,False
carlstrom_phyllosphere_2019,54,0.0,0,392,33,22,126,18,SPIEC-EASI,0.14285714285714285,0.49537037037037035,False
carlstrom_phyllosphere_2019,54,0.2,79,392,33,22,126,18,Supervised combined,0.16935654197522618,0.5781893004115226,True
carlstrom_phyllosphere_2019,54,0.4,157,392,33,22,126,18,Supervised combined,0.21745813996671057,0.5833333333333334,True
carlstrom_phyllosphere_2019,54,0.6,236,392,33,22,126,18,Supervised combined,0.20134409418878144,0.6208847736625515,True
carlstrom_phyllosphere_2019,54,0.8,314,392,33,22,126,18,Supervised combined,0.24339628174807826,0.6286008230452675,True
carlstrom_phyllosphere_2019,55,0.0,0,375,33,22,140,14,PLNNetwork,0.1,0.5,False
carlstrom_phyllosphere_2019,55,0.0,0,375,33,22,140,14,Poisson GLMNet,0.1898886827458256,0.5748299319727891,False
carlstrom_phyllosphere_2019,55,0.0,0,375,33,22,140,14,SparCC,0.15234720017858774,0.41383219954648526,False
carlstrom_phyllosphere_2019,55,0.0,0,375,33,22,140,14,Mean rank,0.16399276570320043,0.46598639455782315,False
carlstrom_phyllosphere_2019,55,0.0,0,375,33,22,140,14,SPIEC-EASI,0.16428571428571428,0.5246598639455782,False
carlstrom_phyllosphere_2019,55,0.2,75,375,33,22,140,14,Supervised combined,0.22666451000059679,0.6377551020408163,True
carlstrom_phyllosphere_2019,55,0.4,150,375,33,22,140,14,Supervised combined,0.36207076210357714,0.7046485260770976,True
carlstrom_phyllosphere_2019,55,0.6,225,375,33,22,140,14,Supervised combined,0.3585981879878882,0.7352607709750566,True
carlstrom_phyllosphere_2019,55,0.8,300,375,33,22,140,14,Supervised combined,0.35531058789609654,0.7244897959183674,True
carlstrom_phyllosphere_2019,56,0.0,0,408,33,22,111,16,PLNNetwork,0.14414414414414414,0.5,False
carlstrom_phyllosphere_2019,56,0.0,0,408,33,22,111,16,Poisson GLMNet,0.28154560810810814,0.5743421052631579,False
carlstrom_phyllosphere_2019,56,0.0,0,408,33,22,111,16,SparCC,0.22869809457901435,0.55,False
carlstrom_phyllosphere_2019,56,0.0,0,408,33,22,111,16,Mean rank,0.2493638906341072,0.611842105263158,False
carlstrom_phyllosphere_2019,56,0.0,0,408,33,22,111,16,SPIEC-EASI,0.23029279279279277,0.5572368421052631,False
carlstrom_phyllosphere_2019,56,0.2,82,408,33,22,111,16,Supervised combined,0.2319692308445851,0.5177631578947369,True
carlstrom_phyllosphere_2019,56,0.4,164,408,33,22,111,16,Supervised combined,0.16934016259006168,0.46513157894736845,True
carlstrom_phyllosphere_2019,56,0.6,245,408,33,22,111,16,Supervised combined,0.24758183784170984,0.5184210526315789,True
carlstrom_phyllosphere_2019,56,0.8,327,408,33,22,111,16,Supervised combined,0.19924208119659476,0.5157894736842106,True
carlstrom_phyllosphere_2019,57,0.0,0,275,33,22,195,30,PLNNetwork,0.15384615384615385,0.5,False
carlstrom_phyllosphere_2019,57,0.0,0,275,33,22,195,30,Poisson GLMNet,0.19381868131868132,0.528888888888889,False
carlstrom_phyllosphere_2019,57,0.0,0,275,33,22,195,30,SparCC,0.17028108537651648,0.4422222222222223,False
carlstrom_phyllosphere_2019,57,0.0,0,275,33,22,195,30,Mean rank,0.18294656821634453,0.47090909090909094,False
carlstrom_phyllosphere_2019,57,0.0,0,275,33,22,195,30,SPIEC-EASI,0.18205128205128204,0.5078787878787879,False
carlstrom_phyllosphere_2019,57,0.2,55,275,33,22,195,30,Supervised combined,0.2454844638471287,0.656969696969697,True
carlstrom_phyllosphere_2019,57,0.4,110,275,33,22,195,30,Supervised combined,0.2715065593738271,0.6096969696969697,True
carlstrom_phyllosphere_2019,57,0.6,165,275,33,22,195,30,Supervised combined,0.31602009965375144,0.6361616161616162,True
carlstrom_phyllosphere_2019,57,0.8,220,275,33,22,195,30,Supervised combined,0.23012521522113377,0.5834343434343434,True
carlstrom_phyllosphere_2019,58,0.0,0,392,33,22,126,20,PLNNetwork,0.15873015873015872,0.5,False
carlstrom_phyllosphere_2019,58,0.0,0,392,33,22,126,20,Poisson GLMNet,0.23992063492063492,0.5650943396226416,False
carlstrom_phyllosphere_2019,58,0.0,0,392,33,22,126,20,SparCC,0.25395814769349795,0.5773584905660377,False
carlstrom_phyllosphere_2019,58,0.0,0,392,33,22,126,20,Mean rank,0.3576788805898006,0.6066037735849056,False
carlstrom_phyllosphere_2019,58,0.0,0,392,33,22,126,20,SPIEC-EASI,0.15873015873015872,0.4858490566037736,False
carlstrom_phyllosphere_2019,58,0.2,79,392,33,22,126,20,Supervised combined,0.2550958703797105,0.6061320754716981,True
carlstrom_phyllosphere_2019,58,0.4,157,392,33,22,126,20,Supervised combined,0.1689451414625495,0.5377358490566038,True
carlstrom_phyllosphere_2019,58,0.6,236,392,33,22,126,20,Supervised combined,0.20415503540802937,0.6117924528301886,True
carlstrom_phyllosphere_2019,58,0.8,314,392,33,22,126,20,Supervised combined,0.2050815954622208,0.618867924528302,True
carlstrom_phyllosphere_2019,59,0.0,0,375,33,22,140,10,PLNNetwork,0.07142857142857142,0.5,False
carlstrom_phyllosphere_2019,59,0.0,0,375,33,22,140,10,Poisson GLMNet,0.32499999999999996,0.6465384615384615,False
carlstrom_phyllosphere_2019,59,0.0,0,375,33,22,140,10,SparCC,0.16247006481153597,0.6746153846153846,False
carlstrom_phyllosphere_2019,59,0.0,0,375,33,22,140,10,Mean rank,0.35357733436833805,0.7784615384615385,False
carlstrom_phyllosphere_2019,59,0.0,0,375,33,22,140,10,SPIEC-EASI,0.16428571428571428,0.55,False
carlstrom_phyllosphere_2019,59,0.2,75,375,33,22,140,10,Supervised combined,0.1209438058938394,0.5238461538461539,True
carlstrom_phyllosphere_2019,59,0.4,150,375,33,22,140,10,Supervised combined,0.09712183982270028,0.4730769230769231,True
carlstrom_phyllosphere_2019,59,0.6,225,375,33,22,140,10,Supervised combined,0.10681593404139544,0.45153846153846156,True
carlstrom_phyllosphere_2019,59,0.8,300,375,33,22,140,10,Supervised combined,0.0716852449811494,0.4253846153846154,True
carlstrom_phyllosphere_2019,60,0.0,0,338,33,22,165,22,PLNNetwork,0.13333333333333333,0.5,False
carlstrom_phyllosphere_2019,60,0.0,0,338,33,22,165,22,Poisson GLMNet,0.14545454545454545,0.530197075651621,False
carlstrom_phyllosphere_2019,60,0.0,0,338,33,22,165,22,SparCC,0.13865824363184912,0.4694850603941513,False
carlstrom_phyllosphere_2019,60,0.0,0,338,33,22,165,22,Mean rank,0.15810664133445568,0.5158931977113795,False
carlstrom_phyllosphere_2019,60,0.0,0,338,33,22,165,22,SPIEC-EASI,0.13333333333333333,0.479020979020979,False
carlstrom_phyllosphere_2019,60,0.2,68,338,33,22,165,22,Supervised combined,0.27366527361403614,0.5397329942784488,True
carlstrom_phyllosphere_2019,60,0.4,136,338,33,22,165,22,Supervised combined,0.16593551656674918,0.5673871582962492,True
carlstrom_phyllosphere_2019,60,0.6,203,338,33,22,165,22,Supervised combined,0.1815896157016464,0.5804195804195804,True
carlstrom_phyllosphere_2019,60,0.8,271,338,33,22,165,22,Supervised combined,0.2529594400059323,0.6706929434202162,True
carlstrom_phyllosphere_2019,61,0.0,0,408,33,22,111,7,PLNNetwork,0.06306306306306306,0.5,False
carlstrom_phyllosphere_2019,61,0.0,0,408,33,22,111,7,Poisson GLMNet,0.06306306306306306,0.5,False
carlstrom_phyllosphere_2019,61,0.0,0,408,33,22,111,7,SparCC,0.11962978065505574,0.3914835164835165,False
carlstrom_phyllosphere_2019,61,0.0,0,408,33,22,111,7,Mean rank,0.11962978065505574,0.3914835164835165,False
carlstrom_phyllosphere_2019,61,0.0,0,408,33,22,111,7,SPIEC-EASI,0.06306306306306306,0.5,False
carlstrom_phyllosphere_2019,61,0.2,82,408,33,22,111,7,Supervised combined,0.11418740323302148,0.6771978021978021,True
carlstrom_phyllosphere_2019,61,0.4,164,408,33,22,111,7,Supervised combined,0.1453872815223246,0.7513736263736264,True
carlstrom_phyllosphere_2019,61,0.6,245,408,33,22,111,7,Supervised combined,0.15227804533338068,0.782967032967033,True
carlstrom_phyllosphere_2019,61,0.8,327,408,33,22,111,7,Supervised combined,0.16727951174955785,0.7870879120879122,True
carlstrom_phyllosphere_2019,62,0.0,0,338,33,22,165,15,PLNNetwork,0.09090909090909091,0.5,False
carlstrom_phyllosphere_2019,62,0.0,0,338,33,22,165,15,Poisson GLMNet,0.09318181818181819,0.5053333333333333,False
carlstrom_phyllosphere_2019,62,0.0,0,338,33,22,165,15,SparCC,0.07498112955566552,0.3973333333333333,False
carlstrom_phyllosphere_2019,62,0.0,0,338,33,22,165,15,Mean rank,0.0773243800795335,0.41644444444444445,False
carlstrom_phyllosphere_2019,62,0.0,0,338,33,22,165,15,SPIEC-EASI,0.09090909090909091,0.5,False
carlstrom_phyllosphere_2019,62,0.2,68,338,33,22,165,15,Supervised combined,0.10337061439952346,0.5271111111111111,True
carlstrom_phyllosphere_2019,62,0.4,136,338,33,22,165,15,Supervised combined,0.10841941720366835,0.5528888888888889,True
carlstrom_phyllosphere_2019,62,0.6,203,338,33,22,165,15,Supervised combined,0.10714905529357852,0.556,True
carlstrom_phyllosphere_2019,62,0.8,271,338,33,22,165,15,Supervised combined,0.10697343923003547,0.5635555555555556,True
carlstrom_phyllosphere_2019,63,0.0,0,338,33,22,165,15,PLNNetwork,0.09090909090909091,0.5,False
carlstrom_phyllosphere_2019,63,0.0,0,338,33,22,165,15,Poisson GLMNet,0.21272727272727276,0.5902222222222222,False
carlstrom_phyllosphere_2019,63,0.0,0,338,33,22,165,15,SparCC,0.202511844606395,0.5786666666666667,False
carlstrom_phyllosphere_2019,63,0.0,0,338,33,22,165,15,Mean rank,0.2566492619425071,0.6137777777777778,False
carlstrom_phyllosphere_2019,63,0.0,0,338,33,22,165,15,SPIEC-EASI,0.15151515151515152,0.5208888888888888,False
carlstrom_phyllosphere_2019,63,0.2,68,338,33,22,165,15,Supervised combined,0.1344822642988864,0.5244444444444445,True
carlstrom_phyllosphere_2019,63,0.4,136,338,33,22,165,15,Supervised combined,0.13774622356984076,0.6102222222222222,True
carlstrom_phyllosphere_2019,63,0.6,203,338,33,22,165,15,Supervised combined,0.2847845403552514,0.6684444444444445,True
carlstrom_phyllosphere_2019,63,0.8,271,338,33,22,165,15,Supervised combined,0.23878875487232748,0.708,True
carlstrom_phyllosphere_2019,64,0.0,0,338,33,22,165,35,PLNNetwork,0.21212121212121213,0.5,False
carlstrom_phyllosphere_2019,64,0.0,0,338,33,22,165,35,Poisson GLMNet,0.22380952380952382,0.5204395604395605,False
carlstrom_phyllosphere_2019,64,0.0,0,338,33,22,165,35,SparCC,0.18714537230573888,0.44813186813186817,False
carlstrom_phyllosphere_2019,64,0.0,0,338,33,22,165,35,Mean rank,0.1953572470023935,0.4674725274725275,False
carlstrom_phyllosphere_2019,64,0.0,0,338,33,22,165,35,SPIEC-EASI,0.21212121212121213,0.49615384615384617,False
carlstrom_phyllosphere_2019,64,0.2,68,338,33,22,165,35,Supervised combined,0.2190727242558458,0.4868131868131868,True
carlstrom_phyllosphere_2019,64,0.4,136,338,33,22,165,35,Supervised combined,0.22045064474632953,0.5219780219780219,True
carlstrom_phyllosphere_2019,64,0.6,203,338,33,22,165,35,Supervised combined,0.25362056752424,0.5762637362637362,True
carlstrom_phyllosphere_2019,64,0.8,271,338,33,22,165,35,Supervised combined,0.2575851111066313,0.559120879120879,True
carlstrom_phyllosphere_2019,65,0.0,0,392,33,22,126,10,PLNNetwork,0.07936507936507936,0.5,False
carlstrom_phyllosphere_2019,65,0.0,0,392,33,22,126,10,Poisson GLMNet,0.17142857142857143,0.5461206896551725,False
carlstrom_phyllosphere_2019,65,0.0,0,392,33,22,126,10,SparCC,0.06665706941097987,0.3905172413793104,False
carlstrom_phyllosphere_2019,65,0.0,0,392,33,22,126,10,Mean rank,0.07358461747873171,0.44396551724137934,False
carlstrom_phyllosphere_2019,65,0.0,0,392,33,22,126,10,SPIEC-EASI,0.07936507936507936,0.49137931034482757,False
carlstrom_phyllosphere_2019,65,0.2,79,392,33,22,126,10,Supervised combined,0.09071151992484158,0.5456896551724137,True
carlstrom_phyllosphere_2019,65,0.4,157,392,33,22,126,10,Supervised combined,0.11544649829765764,0.6086206896551725,True
carlstrom_phyllosphere_2019,65,0.6,236,392,33,22,126,10,Supervised combined,0.1266189558086767,0.6362068965517241,True
carlstrom_phyllosphere_2019,65,0.8,314,392,33,22,126,10,Supervised combined,0.12599954951570885,0.6499999999999999,True
carlstrom_phyllosphere_2019,66,0.0,0,338,33,22,165,25,PLNNetwork,0.15151515151515152,0.5,False
carlstrom_phyllosphere_2019,66,0.0,0,338,33,22,165,25,Poisson GLMNet,0.2731168831168831,0.5925714285714285,False
carlstrom_phyllosphere_2019,66,0.0,0,338,33,22,165,25,SparCC,0.12569806173927958,0.3974285714285714,False
carlstrom_phyllosphere_2019,66,0.0,0,338,33,22,165,25,Mean rank,0.19111415146244964,0.49114285714285716,False
carlstrom_phyllosphere_2019,66,0.0,0,338,33,22,165,25,SPIEC-EASI,0.15151515151515152,0.48928571428571427,False
carlstrom_phyllosphere_2019,66,0.2,68,338,33,22,165,25,Supervised combined,0.24071058868717066,0.5434285714285715,True
carlstrom_phyllosphere_2019,66,0.4,136,338,33,22,165,25,Supervised combined,0.22736120119457165,0.4965714285714286,True
carlstrom_phyllosphere_2019,66,0.6,203,338,33,22,165,25,Supervised combined,0.1475499945151694,0.45714285714285713,True
carlstrom_phyllosphere_2019,66,0.8,271,338,33,22,165,25,Supervised combined,0.14129063027372057,0.4591428571428572,True
carlstrom_phyllosphere_2019,67,0.0,0,357,33,22,153,27,PLNNetwork,0.17647058823529413,0.5,False
carlstrom_phyllosphere_2019,67,0.0,0,357,33,22,153,27,Poisson GLMNet,0.17647058823529413,0.5,False
carlstrom_phyllosphere_2019,67,0.0,0,357,33,22,153,27,SparCC,0.1600631255957914,0.4570840681951793,False
carlstrom_phyllosphere_2019,67,0.0,0,357,33,22,153,27,Mean rank,0.1600631255957914,0.4570840681951793,False
carlstrom_phyllosphere_2019,67,0.0,0,357,33,22,153,27,SPIEC-EASI,0.17647058823529413,0.4880952380952381,False
carlstrom_phyllosphere_2019,67,0.2,72,357,33,22,153,27,Supervised combined,0.25817684231762456,0.583774250440917,True
carlstrom_phyllosphere_2019,67,0.4,143,357,33,22,153,27,Supervised combined,0.27876333398508046,0.6084656084656085,True
carlstrom_phyllosphere_2019,67,0.6,215,357,33,22,153,27,Supervised combined,0.2603180114002931,0.5975896531452087,True
carlstrom_phyllosphere_2019,67,0.8,286,357,33,22,153,27,Supervised combined,0.2666326055001008,0.5946502057613169,True
carlstrom_phyllosphere_2019,68,0.0,0,357,33,22,153,24,PLNNetwork,0.1568627450980392,0.5,False
carlstrom_phyllosphere_2019,68,0.0,0,357,33,22,153,24,Poisson GLMNet,0.17197712418300654,0.5373062015503877,False
carlstrom_phyllosphere_2019,68,0.0,0,357,33,22,153,24,SparCC,0.16783501195893463,0.4964470284237726,False
carlstrom_phyllosphere_2019,68,0.0,0,357,33,22,153,24,Mean rank,0.18853161141271968,0.5297157622739018,False
carlstrom_phyllosphere_2019,68,0.0,0,357,33,22,153,24,SPIEC-EASI,0.19199346405228757,0.5171188630490957,False
carlstrom_phyllosphere_2019,68,0.2,72,357,33,22,153,24,Supervised combined,0.26917509840469545,0.6295219638242895,True
carlstrom_phyllosphere_2019,68,0.4,143,357,33,22,153,24,Supervised combined,0.22689215814979652,0.571705426356589,True
carlstrom_phyllosphere_2019,68,0.6,215,357,33,22,153,24,Supervised combined,0.24629050384079926,0.525516795865633,True
carlstrom_phyllosphere_2019,68,0.8,286,357,33,22,153,24,Supervised combined,0.20668318429946608,0.47674418604651164,True
carlstrom_phyllosphere_2019,69,0.0,0,375,33,22,140,11,PLNNetwork,0.07857142857142857,0.5,False
carlstrom_phyllosphere_2019,69,0.0,0,375,33,22,140,11,Poisson GLMNet,0.10173160173160173,0.5229034531360113,False
carlstrom_phyllosphere_2019,69,0.0,0,375,33,22,140,11,SparCC,0.07881598140611007,0.4665257223396758,False
carlstrom_phyllosphere_2019,69,0.0,0,375,33,22,140,11,Mean rank,0.09000685326359896,0.5095137420718816,False
carlstrom_phyllosphere_2019,69,0.0,0,375,33,22,140,11,SPIEC-EASI,0.07857142857142857,0.4883720930232558,False
carlstrom_phyllosphere_2019,69,0.2,75,375,33,22,140,11,Supervised combined,0.10697111042570678,0.6250880902043693,True
carlstrom_phyllosphere_2019,69,0.4,150,375,33,22,140,11,Supervised combined,0.10766957046987147,0.6088794926004228,True
carlstrom_phyllosphere_2019,69,0.6,225,375,33,22,140,11,Supervised combined,0.10516098845641095,0.6074700493305145,True
carlstrom_phyllosphere_2019,69,0.8,300,375,33,22,140,11,Supervised combined,0.1003756739543884,0.5997181113460183,True
carlstrom_phyllosphere_2019,70,0.0,0,338,33,22,165,16,PLNNetwork,0.09696969696969697,0.5,False
carlstrom_phyllosphere_2019,70,0.0,0,338,33,22,165,16,Poisson GLMNet,0.09696969696969697,0.47651006711409394,False
carlstrom_phyllosphere_2019,70,0.0,0,338,33,22,165,16,SparCC,0.08430297302784089,0.4190436241610738,False
carlstrom_phyllosphere_2019,70,0.0,0,338,33,22,165,16,Mean rank,0.08221223207512579,0.40645973154362414,False
carlstrom_phyllosphere_2019,70,0.0,0,338,33,22,165,16,SPIEC-EASI,0.09696969696969697,0.49328859060402686,False
carlstrom_phyllosphere_2019,70,0.2,68,338,33,22,165,16,Supervised combined,0.268431570051213,0.6879194630872483,True
carlstrom_phyllosphere_2019,70,0.4,136,338,33,22,165,16,Supervised combined,0.16111226069940981,0.6753355704697986,True
carlstrom_phyllosphere_2019,70,0.6,203,338,33,22,165,16,Supervised combined,0.161787197561265,0.6635906040268456,True
carlstrom_phyllosphere_2019,70,0.8,271,338,33,22,165,16,Supervised combined,0.18950476217335377,0.7164429530201342,True
carlstrom_phyllosphere_2019,71,0.0,0,392,33,22,126,6,PLNNetwork,0.047619047619047616,0.5,False
carlstrom_phyllosphere_2019,71,0.0,0,392,33,22,126,6,Poisson GLMNet,0.073015873015873,0.5569444444444445,False
carlstrom_phyllosphere_2019,71,0.0,0,392,33,22,126,6,SparCC,0.0468581605530982,0.4305555555555555,False
carlstrom_phyllosphere_2019,71,0.0,0,392,33,22,126,6,Mean rank,0.05307244958261459,0.49722222222222223,False
carlstrom_phyllosphere_2019,71,0.0,0,392,33,22,126,6,SPIEC-EASI,0.047619047619047616,0.4875,False
carlstrom_phyllosphere_2019,71,0.2,79,392,33,22,126,6,Supervised combined,0.05991523500540478,0.5513888888888889,True
carlstrom_phyllosphere_2019,71,0.4,157,392,33,22,126,6,Supervised combined,0.05328683056823421,0.44027777777777777,True
carlstrom_phyllosphere_2019,71,0.6,236,392,33,22,126,6,Supervised combined,0.08807824449082767,0.6194444444444445,True
carlstrom_phyllosphere_2019,71,0.8,314,392,33,22,126,6,Supervised combined,0.1498315390749601,0.6319444444444444,True
carlstrom_phyllosphere_2019,72,0.0,0,375,33,22,140,24,PLNNetwork,0.17142857142857143,0.5,False
carlstrom_phyllosphere_2019,72,0.0,0,375,33,22,140,24,Poisson GLMNet,0.29077380952380955,0.5790229885057472,False
carlstrom_phyllosphere_2019,72,0.0,0,375,33,22,140,24,SparCC,0.21321135752494713,0.4888649425287356,False
carlstrom_phyllosphere_2019,72,0.0,0,375,33,22,140,24,Mean rank,0.28776309914454223,0.5161637931034483,False
carlstrom_phyllosphere_2019,72,0.0,0,375,33,22,140,24,SPIEC-EASI,0.20595238095238094,0.5208333333333334,False
carlstrom_phyllosphere_2019,72,0.2,75,375,33,22,140,24,Supervised combined,0.19926313022441655,0.5545977011494253,True
carlstrom_phyllosphere_2019,72,0.4,150,375,33,22,140,24,Supervised combined,0.21419356270209333,0.5517241379310345,True
carlstrom_phyllosphere_2019,72,0.6,225,375,33,22,140,24,Supervised combined,0.20453383750409554,0.5535201149425287,True
carlstrom_phyllosphere_2019,72,0.8,300,375,33,22,140,24,Supervised combined,0.19732120963793964,0.555316091954023,True
carlstrom_phyllosphere_2019,73,0.0,0,318,33,22,176,32,PLNNetwork,0.18181818181818182,0.5,False
carlstrom_phyllosphere_2019,73,0.0,0,318,33,22,176,32,Poisson GLMNet,0.22367424242424241,0.5407986111111112,False
carlstrom_phyllosphere_2019,73,0.0,0,318,33,22,176,32,SparCC,0.1678525266640648,0.4353298611111111,False
carlstrom_phyllosphere_2019,73,0.0,0,318,33,22,176,32,Mean rank,0.1960191700150897,0.4815538194444445,False
carlstrom_phyllosphere_2019,73,0.0,0,318,33,22,176,32,SPIEC-EASI,0.23295454545454547,0.5279947916666667,False
carlstrom_phyllosphere_2019,73,0.2,64,318,33,22,176,32,Supervised combined,0.21843603480365745,0.5023871527777778,True
carlstrom_phyllosphere_2019,73,0.4,128,318,33,22,176,32,Supervised combined,0.23552400563963993,0.5546875,True
carlstrom_phyllosphere_2019,73,0.6,191,318,33,22,176,32,Supervised combined,0.2790908248280815,0.5822482638888888,True
carlstrom_phyllosphere_2019,73,0.8,255,318,33,22,176,32,Supervised combined,0.3401773649118519,0.6284722222222223,True
carlstrom_phyllosphere_2019,74,0.0,0,375,33,22,140,16,PLNNetwork,0.11428571428571428,0.5,False
carlstrom_phyllosphere_2019,74,0.0,0,375,33,22,140,16,Poisson GLMNet,0.1875,0.5433467741935484,False
carlstrom_phyllosphere_2019,74,0.0,0,375,33,22,140,16,SparCC,0.10555509612453338,0.44808467741935487,False
carlstrom_phyllosphere_2019,74,0.0,0,375,33,22,140,16,Mean rank,0.12843851170508008,0.5040322580645161,False
carlstrom_phyllosphere_2019,74,0.0,0,375,33,22,140,16,SPIEC-EASI,0.12276785714285714,0.5070564516129032,False
carlstrom_phyllosphere_2019,74,0.2,75,375,33,22,140,16,Supervised combined,0.1346575337432964,0.5221774193548386,True
carlstrom_phyllosphere_2019,74,0.4,150,375,33,22,140,16,Supervised combined,0.349690365751382,0.7227822580645161,True
carlstrom_phyllosphere_2019,74,0.6,225,375,33,22,140,16,Supervised combined,0.45049369323027383,0.752016129032258,True
carlstrom_phyllosphere_2019,74,0.8,300,375,33,22,140,16,Supervised combined,0.39155747188417644,0.7358870967741935,True
carlstrom_phyllosphere_2019,75,0.0,0,338,33,22,165,16,PLNNetwork,0.09696969696969697,0.5,False
carlstrom_phyllosphere_2019,75,0.0,0,338,33,22,165,16,Poisson GLMNet,0.09696969696969697,0.4899328859060403,False
carlstrom_phyllosphere_2019,75,0.0,0,338,33,22,165,16,SparCC,0.09626815163606042,0.48447986577181207,False
carlstrom_phyllosphere_2019,75,0.0,0,338,33,22,165,16,Mean rank,0.09539240504103648,0.4823825503355704,False
carlstrom_phyllosphere_2019,75,0.0,0,338,33,22,165,16,SPIEC-EASI,0.09696969696969697,0.4966442953020134,False
carlstrom_phyllosphere_2019,75,0.2,68,338,33,22,165,16,Supervised combined,0.13912569405405228,0.6073825503355704,True
carlstrom_phyllosphere_2019,75,0.4,136,338,33,22,165,16,Supervised combined,0.1577373371255213,0.6556208053691275,True
carlstrom_phyllosphere_2019,75,0.6,203,338,33,22,165,16,Supervised combined,0.15583338434441374,0.6212248322147651,True
carlstrom_phyllosphere_2019,75,0.8,271,338,33,22,165,16,Supervised combined,0.15697912066115552,0.6321308724832215,True
carlstrom_phyllosphere_2019,76,0.0,0,338,33,22,165,30,PLNNetwork,0.18181818181818182,0.5,False
carlstrom_phyllosphere_2019,76,0.0,0,338,33,22,165,30,Poisson GLMNet,0.19242424242424241,0.5128395061728396,False
carlstrom_phyllosphere_2019,76,0.0,0,338,33,22,165,30,SparCC,0.18329748876338944,0.4291358024691358,False
carlstrom_phyllosphere_2019,76,0.0,0,338,33,22,165,30,Mean rank,0.1929243107706357,0.4498765432098766,False
carlstrom_phyllosphere_2019,76,0.0,0,338,33,22,165,30,SPIEC-EASI,0.19242424242424241,0.5128395061728396,False
carlstrom_phyllosphere_2019,76,0.2,68,338,33,22,165,30,Supervised combined,0.16967792902771694,0.4508641975308642,True
carlstrom_phyllosphere_2019,76,0.4,136,338,33,22,165,30,Supervised combined,0.21172906353432291,0.4940740740740741,True
carlstrom_phyllosphere_2019,76,0.6,203,338,33,22,165,30,Supervised combined,0.15748279664304143,0.4054320987654321,True
carlstrom_phyllosphere_2019,76,0.8,271,338,33,22,165,30,Supervised combined,0.13607660160372012,0.34790123456790123,True
carlstrom_phyllosphere_2019,77,0.0,0,338,33,22,165,29,PLNNetwork,0.17575757575757575,0.5,False
carlstrom_phyllosphere_2019,77,0.0,0,338,33,22,165,29,Poisson GLMNet,0.17575757575757575,0.4889705882352941,False
carlstrom_phyllosphere_2019,77,0.0,0,338,33,22,165,29,SparCC,0.1532603105093536,0.449290060851927,False
carlstrom_phyllosphere_2019,77,0.0,0,338,33,22,165,29,Mean rank,0.152367106161519,0.44497971602434083,False
carlstrom_phyllosphere_2019,77,0.0,0,338,33,22,165,29,SPIEC-EASI,0.20417972831765935,0.5030425963488845,False
carlstrom_phyllosphere_2019,77,0.2,68,338,33,22,165,29,Supervised combined,0.34559768761754706,0.6143509127789046,True
carlstrom_phyllosphere_2019,77,0.4,136,338,33,22,165,29,Supervised combined,0.3053227497314736,0.5509634888438133,True
carlstrom_phyllosphere_2019,77,0.6,203,338,33,22,165,29,Supervised combined,0.33544213817429336,0.6539046653144016,True
carlstrom_phyllosphere_2019,77,0.8,271,338,33,22,165,29,Supervised combined,0.3537793663621652,0.6691176470588235,True
carlstrom_phyllosphere_2019,78,0.0,0,297,33,22,186,20,PLNNetwork,0.10752688172043011,0.5,False
carlstrom_phyllosphere_2019,78,0.0,0,297,33,22,186,20,Poisson GLMNet,0.18014784946236556,0.559789156626506,False
carlstrom_phyllosphere_2019,78,0.0,0,297,33,22,186,20,SparCC,0.17352442752718167,0.5135542168674698,False
carlstrom_phyllosphere_2019,78,0.0,0,297,33,22,186,20,Mean rank,0.2010363131348221,0.5433734939759036,False
carlstrom_phyllosphere_2019,78,0.0,0,297,33,22,186,20,SPIEC-EASI,0.18010752688172044,0.541566265060241,False
carlstrom_phyllosphere_2019,78,0.2,60,297,33,22,186,20,Supervised combined,0.14844014703695918,0.5858433734939759,True
carlstrom_phyllosphere_2019,78,0.4,119,297,33,22,186,20,Supervised combined,0.20037032653621237,0.5933734939759037,True
carlstrom_phyllosphere_2019,78,0.6,179,297,33,22,186,20,Supervised combined,0.22117846959357867,0.6448795180722892,True
carlstrom_phyllosphere_2019,78,0.8,238,297,33,22,186,20,Supervised combined,0.22080783348200728,0.700301204819277,True
carlstrom_phyllosphere_2019,79,0.0,0,318,33,22,176,9,PLNNetwork,0.05113636363636364,0.5,False
carlstrom_phyllosphere_2019,79,0.0,0,318,33,22,176,9,Poisson GLMNet,0.05113636363636364,0.4880239520958084,False
carlstrom_phyllosphere_2019,79,0.0,0,318,33,22,176,9,SparCC,0.041031340373119674,0.33067198935462405,False
carlstrom_phyllosphere_2019,79,0.0,0,318,33,22,176,9,Mean rank,0.041031340373119674,0.33067198935462405,False
carlstrom_phyllosphere_2019,79,0.0,0,318,33,22,176,9,SPIEC-EASI,0.05113636363636364,0.49101796407185627,False
carlstrom_phyllosphere_2019,79,0.2,64,318,33,22,176,9,Supervised combined,0.05812834012977189,0.520292747837658,True
carlstrom_phyllosphere_2019,79,0.4,128,318,33,22,176,9,Supervised combined,0.04789750861150399,0.41650033266799735,True
carlstrom_phyllosphere_2019,79,0.6,191,318,33,22,176,9,Supervised combined,0.05082437969102278,0.45109780439121755,True
carlstrom_phyllosphere_2019,79,0.8,255,318,33,22,176,9,Supervised combined,0.0533380208230326,0.49500998003992014,True
carlstrom_phyllosphere_2019,80,0.0,0,408,33,22,111,12,PLNNetwork,0.10810810810810811,0.5,False
carlstrom_phyllosphere_2019,80,0.0,0,408,33,22,111,12,Poisson GLMNet,0.18243243243243243,0.5416666666666666,False
carlstrom_phyllosphere_2019,80,0.0,0,408,33,22,111,12,SparCC,0.10919587358772971,0.48989898989898994,False
carlstrom_phyllosphere_2019,80,0.0,0,408,33,22,111,12,Mean rank,0.12438562110714715,0.5227272727272727,False
carlstrom_phyllosphere_2019,80,0.0,0,408,33,22,111,12,SPIEC-EASI,0.10810810810810811,0.4797979797979798,False
carlstrom_phyllosphere_2019,80,0.2,82,408,33,22,111,12,Supervised combined,0.2549265277206454,0.7146464646464646,True
carlstrom_phyllosphere_2019,80,0.4,164,408,33,22,111,12,Supervised combined,0.24812297389071308,0.7828282828282829,True
carlstrom_phyllosphere_2019,80,0.6,245,408,33,22,111,12,Supervised combined,0.2577006838191049,0.813973063973064,True
carlstrom_phyllosphere_2019,80,0.8,327,408,33,22,111,12,Supervised combined,0.23961748157000715,0.8072390572390572,True
carlstrom_phyllosphere_2019,81,0.0,0,375,33,22,140,11,PLNNetwork,0.07857142857142857,0.5,False
carlstrom_phyllosphere_2019,81,0.0,0,375,33,22,140,11,Poisson GLMNet,0.07857142857142857,0.4883720930232558,False
carlstrom_phyllosphere_2019,81,0.0,0,375,33,22,140,11,SparCC,0.09426312432196308,0.3298097251585624,False
carlstrom_phyllosphere_2019,81,0.0,0,375,33,22,140,11,Mean rank,0.08214191220075097,0.328400281888654,False
carlstrom_phyllosphere_2019,81,0.0,0,375,33,22,140,11,SPIEC-EASI,0.07857142857142857,0.49612403100775193,False
carlstrom_phyllosphere_2019,81,0.2,75,375,33,22,140,11,Supervised combined,0.1302379787570455,0.602536997885835,True
carlstrom_phyllosphere_2019,81,0.4,150,375,33,22,140,11,Supervised combined,0.18902162668592437,0.7237491190979563,True
carlstrom_phyllosphere_2019,81,0.6,225,375,33,22,140,11,Supervised combined,0.2796712238204607,0.7477096546863988,True
carlstrom_phyllosphere_2019,81,0.8,300,375,33,22,140,11,Supervised combined,0.26334863028934175,0.770260747004933,True
carlstrom_phyllosphere_2019,82,0.0,0,408,33,22,111,9,PLNNetwork,0.08108108108108109,0.5,False
carlstrom_phyllosphere_2019,82,0.0,0,408,33,22,111,9,Poisson GLMNet,0.2852852852852853,0.6111111111111112,False
carlstrom_phyllosphere_2019,82,0.0,0,408,33,22,111,9,SparCC,0.09225745880153925,0.4422657952069717,False
carlstrom_phyllosphere_2019,82,0.0,0,408,33,22,111,9,Mean rank,0.2156969087424508,0.5130718954248366,False
carlstrom_phyllosphere_2019,82,0.0,0,408,33,22,111,9,SPIEC-EASI,0.08108108108108109,0.4950980392156863,False
carlstrom_phyllosphere_2019,82,0.2,82,408,33,22,111,9,Supervised combined,0.19280543637248068,0.5305010893246187,True
carlstrom_phyllosphere_2019,82,0.4,164,408,33,22,111,9,Supervised combined,0.24326702197850655,0.5359477124183007,True
carlstrom_phyllosphere_2019,82,0.6,245,408,33,22,111,9,Supervised combined,0.37400048387597906,0.6274509803921569,True
carlstrom_phyllosphere_2019,82,0.8,327,408,33,22,111,9,Supervised combined,0.32361446521393866,0.6328976034858389,True
carlstrom_phyllosphere_2019,83,0.0,0,357,33,22,153,19,PLNNetwork,0.12418300653594772,0.5,False
carlstrom_phyllosphere_2019,83,0.0,0,357,33,22,153,19,Poisson GLMNet,0.18978819598014646,0.5557737627651218,False
carlstrom_phyllosphere_2019,83,0.0,0,357,33,22,153,19,SparCC,0.19707885597072905,0.4783974862529458,False
carlstrom_phyllosphere_2019,83,0.0,0,357,33,22,153,19,Mean rank,0.19604156805886724,0.5219952867242734,False
carlstrom_phyllosphere_2019,83,0.0,0,357,33,22,153,19,SPIEC-EASI,0.17027863777089786,0.5157109190887668,False
carlstrom_phyllosphere_2019,83,0.2,72,357,33,22,153,19,Supervised combined,0.18066943749062947,0.5200314218381775,True
carlstrom_phyllosphere_2019,83,0.4,143,357,33,22,153,19,Supervised combined,0.23548861556812592,0.6441476826394343,True
carlstrom_phyllosphere_2019,83,0.6,215,357,33,22,153,19,Supervised combined,0.2850184166627172,0.6594658287509818,True
carlstrom_phyllosphere_2019,83,0.8,286,357,33,22,153,19,Supervised combined,0.26376178209068174,0.6653574234092694,True
carlstrom_phyllosphere_2019,84,0.0,0,338,33,22,165,23,PLNNetwork,0.1393939393939394,0.5,False
carlstrom_phyllosphere_2019,84,0.0,0,338,33,22,165,23,Poisson GLMNet,0.138768115942029,0.49601959583588484,False
carlstrom_phyllosphere_2019,84,0.0,0,338,33,22,165,23,SparCC,0.1296951250886011,0.4519289650949173,False
carlstrom_phyllosphere_2019,84,0.0,0,338,33,22,165,23,Mean rank,0.1320356361901606,0.4641763625229639,False
carlstrom_phyllosphere_2019,84,0.0,0,338,33,22,165,23,SPIEC-EASI,0.1393939393939394,0.4964788732394366,False
carlstrom_phyllosphere_2019,84,0.2,68,338,33,22,165,23,Supervised combined,0.2741844890131405,0.6414574402939375,True
carlstrom_phyllosphere_2019,84,0.4,136,338,33,22,165,23,Supervised combined,0.2000566032742946,0.5995101041028782,True
carlstrom_phyllosphere_2019,84,0.6,203,338,33,22,165,23,Supervised combined,0.21741287238597445,0.6282914880587875,True
carlstrom_phyllosphere_2019,84,0.8,271,338,33,22,165,23,Supervised combined,0.2415120528275101,0.6405388854868339,True
carlstrom_phyllosphere_2019,85,0.0,0,375,33,22,140,10,PLNNetwork,0.07142857142857142,0.5,False
carlstrom_phyllosphere_2019,85,0.0,0,375,33,22,140,10,Poisson GLMNet,0.07142857142857142,0.4769230769230769,False
carlstrom_phyllosphere_2019,85,0.0,0,375,33,22,140,10,SparCC,0.07066758196133494,0.4623076923076923,False
carlstrom_phyllosphere_2019,85,0.0,0,375,33,22,140,10,Mean rank,0.06812011613019295,0.4469230769230769,False
carlstrom_phyllosphere_2019,85,0.0,0,375,33,22,140,10,SPIEC-EASI,0.07142857142857142,0.49230769230769234,False
carlstrom_phyllosphere_2019,85,0.2,75,375,33,22,140,10,Supervised combined,0.08397296076485569,0.5046153846153846,True
carlstrom_phyllosphere_2019,85,0.4,150,375,33,22,140,10,Supervised combined,0.07354114392591629,0.5076923076923077,True
carlstrom_phyllosphere_2019,85,0.6,225,375,33,22,140,10,Supervised combined,0.07506522793577945,0.5,True
carlstrom_phyllosphere_2019,85,0.8,300,375,33,22,140,10,Supervised combined,0.0850695453165464,0.5776923076923077,True
carlstrom_phyllosphere_2019,86,0.0,0,318,33,22,176,27,PLNNetwork,0.1534090909090909,0.5,False
carlstrom_phyllosphere_2019,86,0.0,0,318,33,22,176,27,Poisson GLMNet,0.1534090909090909,0.4697986577181208,False
carlstrom_phyllosphere_2019,86,0.0,0,318,33,22,176,27,SparCC,0.1213719612386546,0.36738752174993783,False
carlstrom_phyllosphere_2019,86,0.0,0,318,33,22,176,27,Mean rank,0.11754067197137144,0.35893611732537906,False
carlstrom_phyllosphere_2019,86,0.0,0,318,33,22,176,27,SPIEC-EASI,0.156986531986532,0.5016157096694009,False
carlstrom_phyllosphere_2019,86,0.2,64,318,33,22,176,27,Supervised combined,0.13873102423060915,0.457370121799652,True
carlstrom_phyllosphere_2019,86,0.4,128,318,33,22,176,27,Supervised combined,0.15042176334934795,0.4916728809346259,True
carlstrom_phyllosphere_2019,86,0.6,191,318,33,22,176,27,Supervised combined,0.15048985804253573,0.48545861297539145,True
carlstrom_phyllosphere_2019,86,0.8,255,318,33,22,176,27,Supervised combined,0.14419012164036743,0.4829729057916977,True
carlstrom_phyllosphere_2019,87,0.0,0,357,33,22,153,23,PLNNetwork,0.1503267973856209,0.5,False
carlstrom_phyllosphere_2019,87,0.0,0,357,33,22,153,23,Poisson GLMNet,0.1503267973856209,0.49615384615384617,False
carlstrom_phyllosphere_2019,87,0.0,0,357,33,22,153,23,SparCC,0.1505714498364779,0.4424749163879598,False
carlstrom_phyllosphere_2019,87,0.0,0,357,33,22,153,23,Mean rank,0.14687582538044125,0.44080267558528424,False
carlstrom_phyllosphere_2019,87,0.0,0,357,33,22,153,23,SPIEC-EASI,0.1503267973856209,0.49615384615384617,False
carlstrom_phyllosphere_2019,87,0.2,72,357,33,22,153,23,Supervised combined,0.2653028966903055,0.5852842809364549,True
carlstrom_phyllosphere_2019,87,0.4,143,357,33,22,153,23,Supervised combined,0.2929688588712173,0.6434782608695653,True
carlstrom_phyllosphere_2019,87,0.6,215,357,33,22,153,23,Supervised combined,0.3687780889251968,0.6785953177257525,True
carlstrom_phyllosphere_2019,87,0.8,286,357,33,22,153,23,Supervised combined,0.34139494711561635,0.6862876254180602,True
carlstrom_phyllosphere_2019,88,0.0,0,318,33,22,176,20,PLNNetwork,0.11363636363636363,0.5,False
carlstrom_phyllosphere_2019,88,0.0,0,318,33,22,176,20,Poisson GLMNet,0.17727272727272728,0.5349358974358974,False
carlstrom_phyllosphere_2019,88,0.0,0,318,33,22,176,20,SparCC,0.09767610332281357,0.4150641025641026,False
carlstrom_phyllosphere_2019,88,0.0,0,318,33,22,176,20,Mean rank,0.1170234489387895,0.46762820512820513,False
carlstrom_phyllosphere_2019,88,0.0,0,318,33,22,176,20,SPIEC-EASI,0.1246212121212121,0.5091346153846154,False
carlstrom_phyllosphere_2019,88,0.2,64,318,33,22,176,20,Supervised combined,0.11458168980410219,0.46282051282051284,True
carlstrom_phyllosphere_2019,88,0.4,128,318,33,22,176,20,Supervised combined,0.12790238280380672,0.5346153846153846,True
carlstrom_phyllosphere_2019,88,0.6,191,318,33,22,176,20,Supervised combined,0.2473725510598273,0.6237179487179487,True
carlstrom_phyllosphere_2019,88,0.8,255,318,33,22,176,20,Supervised combined,0.20644374932408155,0.583974358974359,True
carlstrom_phyllosphere_2019,89,0.0,0,338,33,22,165,28,PLNNetwork,0.1696969696969697,0.5,False
carlstrom_phyllosphere_2019,89,0.0,0,338,33,22,165,28,Poisson GLMNet,0.19935064935064933,0.48970281543274247,False
carlstrom_phyllosphere_2019,89,0.0,0,338,33,22,165,28,SparCC,0.13698388013682947,0.37982273201251304,False
carlstrom_phyllosphere_2019,89,0.0,0,338,33,22,165,28,Mean rank,0.14226995681512986,0.38998957247132426,False
carlstrom_phyllosphere_2019,89,0.0,0,338,33,22,165,28,SPIEC-EASI,0.18149350649350648,0.5070385818561002,False
carlstrom_phyllosphere_2019,89,0.2,68,338,33,22,165,28,Supervised combined,0.2461929835540879,0.6222627737226277,True
carlstrom_phyllosphere_2019,89,0.4,136,338,33,22,165,28,Supervised combined,0.469436033598124,0.7254953076120959,True
carlstrom_phyllosphere_2019,89,0.6,203,338,33,22,165,28,Supervised combined,0.2701549680495285,0.6418143899895724,True
carlstrom_phyllosphere_2019,89,0.8,271,338,33,22,165,28,Supervised combined,0.21941196085155834,0.6084462982273201,True
carlstrom_phyllosphere_2019,90,0.0,0,338,33,22,165,13,PLNNetwork,0.07878787878787878,0.5,False
carlstrom_phyllosphere_2019,90,0.0,0,338,33,22,165,13,Poisson GLMNet,0.10146520146520147,0.5579453441295545,False
carlstrom_phyllosphere_2019,90,0.0,0,338,33,22,165,13,SparCC,0.08666076095275374,0.42864372469635625,False
carlstrom_phyllosphere_2019,90,0.0,0,338,33,22,165,13,Mean rank,0.11219361639201968,0.47469635627530365,False
carlstrom_phyllosphere_2019,90,0.0,0,338,33,22,165,13,SPIEC-EASI,0.07878787878787878,0.4967105263157895,False
carlstrom_phyllosphere_2019,90,0.2,68,338,33,22,165,13,Supervised combined,0.2786878648808897,0.79251012145749,True
carlstrom_phyllosphere_2019,90,0.4,136,338,33,22,165,13,Supervised combined,0.2799748989521878,0.7601214574898786,True
carlstrom_phyllosphere_2019,90,0.6,203,338,33,22,165,13,Supervised combined,0.26150115099491583,0.7090080971659919,True
carlstrom_phyllosphere_2019,90,0.8,271,338,33,22,165,13,Supervised combined,0.41546201131798954,0.826923076923077,True
carlstrom_phyllosphere_2019,91,0.0,0,375,33,22,140,30,PLNNetwork,0.21428571428571427,0.5,False
carlstrom_phyllosphere_2019,91,0.0,0,375,33,22,140,30,Poisson GLMNet,0.21141774891774892,0.5056060606060606,False
carlstrom_phyllosphere_2019,91,0.0,0,375,33,22,140,30,SparCC,0.2009671413078178,0.4784848484848485,False
carlstrom_phyllosphere_2019,91,0.0,0,375,33,22,140,30,Mean rank,0.21057756372628328,0.4945454545454545,False
carlstrom_phyllosphere_2019,91,0.0,0,375,33,22,140,30,SPIEC-EASI,0.21825396825396823,0.49848484848484853,False
carlstrom_phyllosphere_2019,91,0.2,75,375,33,22,140,30,Supervised combined,0.23448794282497037,0.5254545454545454,True
carlstrom_phyllosphere_2019,91,0.4,150,375,33,22,140,30,Supervised combined,0.29497246274151745,0.6027272727272728,True
carlstrom_phyllosphere_2019,91,0.6,225,375,33,22,140,30,Supervised combined,0.27476881272207765,0.5527272727272727,True
carlstrom_phyllosphere_2019,91,0.8,300,375,33,22,140,30,Supervised combined,0.27971103873689246,0.5257575757575756,True
carlstrom_phyllosphere_2019,92,0.0,0,297,33,22,186,29,PLNNetwork,0.15591397849462366,0.5,False
carlstrom_phyllosphere_2019,92,0.0,0,297,33,22,186,29,Poisson GLMNet,0.15591397849462366,0.47770700636942676,False
carlstrom_phyllosphere_2019,92,0.0,0,297,33,22,186,29,SparCC,0.1284855052315803,0.4047880518339556,False
carlstrom_phyllosphere_2019,92,0.0,0,297,33,22,186,29,Mean rank,0.12608259863854535,0.39841862508236325,False
carlstrom_phyllosphere_2019,92,0.0,0,297,33,22,186,29,SPIEC-EASI,0.15591397849462366,0.4872611464968153,False
carlstrom_phyllosphere_2019,92,0.2,60,297,33,22,186,29,Supervised combined,0.17303521378529002,0.539863826048759,True
carlstrom_phyllosphere_2019,92,0.4,119,297,33,22,186,29,Supervised combined,0.17081604313620383,0.5260267955194378,True
carlstrom_phyllosphere_2019,92,0.6,179,297,33,22,186,29,Supervised combined,0.15696582982143542,0.4906654952778388,True
carlstrom_phyllosphere_2019,92,0.8,238,297,33,22,186,29,Supervised combined,0.15055384407902292,0.46035580935646825,True
carlstrom_phyllosphere_2019,93,0.0,0,357,33,22,153,15,PLNNetwork,0.09803921568627451,0.5,False
carlstrom_phyllosphere_2019,93,0.0,0,357,33,22,153,15,Poisson GLMNet,0.09803921568627451,0.4891304347826087,False
carlstrom_phyllosphere_2019,93,0.0,0,357,33,22,153,15,SparCC,0.07258262904422366,0.29082125603864734,False
carlstrom_phyllosphere_2019,93,0.0,0,357,33,22,153,15,Mean rank,0.07147151793311254,0.28985507246376807,False
carlstrom_phyllosphere_2019,93,0.0,0,357,33,22,153,15,SPIEC-EASI,0.15816993464052287,0.529951690821256,False
carlstrom_phyllosphere_2019,93,0.2,72,357,33,22,153,15,Supervised combined,0.1146345333567416,0.5193236714975845,True
carlstrom_phyllosphere_2019,93,0.4,143,357,33,22,153,15,Supervised combined,0.14111396568789786,0.5772946859903381,True
carlstrom_phyllosphere_2019,93,0.6,215,357,33,22,153,15,Supervised combined,0.13028251299514132,0.5323671497584541,True
carlstrom_phyllosphere_2019,93,0.8,286,357,33,22,153,15,Supervised combined,0.11823703749874845,0.5289855072463768,True
carlstrom_phyllosphere_2019,94,0.0,0,375,33,22,140,30,PLNNetwork,0.21428571428571427,0.5,False
carlstrom_phyllosphere_2019,94,0.0,0,375,33,22,140,30,Poisson GLMNet,0.24047619047619045,0.5166666666666667,False
carlstrom_phyllosphere_2019,94,0.0,0,375,33,22,140,30,SparCC,0.21074492992351557,0.46333333333333326,False
carlstrom_phyllosphere_2019,94,0.0,0,375,33,22,140,30,Mean rank,0.25392914467267785,0.48060606060606054,False
carlstrom_phyllosphere_2019,94,0.0,0,375,33,22,140,30,SPIEC-EASI,0.2238095238095238,0.5031818181818183,False
carlstrom_phyllosphere_2019,94,0.2,75,375,33,22,140,30,Supervised combined,0.6021886119619466,0.7584848484848485,True
carlstrom_phyllosphere_2019,94,0.4,150,375,33,22,140,30,Supervised combined,0.5085758574664745,0.7509090909090909,True
carlstrom_phyllosphere_2019,94,0.6,225,375,33,22,140,30,Supervised combined,0.40600062024721995,0.7466666666666667,True
carlstrom_phyllosphere_2019,94,0.8,300,375,33,22,140,30,Supervised combined,0.3170692926884287,0.673030303030303,True
carlstrom_phyllosphere_2019,95,0.0,0,357,33,22,153,11,PLNNetwork,0.0718954248366013,0.5,False
carlstrom_phyllosphere_2019,95,0.0,0,357,33,22,153,11,Poisson GLMNet,0.1562685680332739,0.5422535211267605,False
carlstrom_phyllosphere_2019,95,0.0,0,357,33,22,153,11,SparCC,0.07022166639896718,0.4513444302176696,False
carlstrom_phyllosphere_2019,95,0.0,0,357,33,22,153,11,Mean rank,0.07509383668325056,0.4910371318822023,False
carlstrom_phyllosphere_2019,95,0.0,0,357,33,22,153,11,SPIEC-EASI,0.0718954248366013,0.4894366197183099,False
carlstrom_phyllosphere_2019,95,0.2,72,357,33,22,153,11,Supervised combined,0.11486767160716593,0.5800256081946222,True
carlstrom_phyllosphere_2019,95,0.4,143,357,33,22,153,11,Supervised combined,0.11692359568236525,0.6235595390524967,True
carlstrom_phyllosphere_2019,95,0.6,215,357,33,22,153,11,Supervised combined,0.11954890998178602,0.6344430217669654,True
carlstrom_phyllosphere_2019,95,0.8,286,357,33,22,153,11,Supervised combined,0.13617586644564292,0.6856594110115236,True
carlstrom_phyllosphere_2019,96,0.0,0,392,33,22,126,14,PLNNetwork,0.1111111111111111,0.5,False
carlstrom_phyllosphere_2019,96,0.0,0,392,33,22,126,14,Poisson GLMNet,0.1111111111111111,0.5,False
carlstrom_phyllosphere_2019,96,0.0,0,392,33,22,126,14,SparCC,0.09181205567171644,0.36224489795918363,False
carlstrom_phyllosphere_2019,96,0.0,0,392,33,22,126,14,Mean rank,0.09181205567171644,0.36224489795918363,False
carlstrom_phyllosphere_2019,96,0.0,0,392,33,22,126,14,SPIEC-EASI,0.1746031746031746,0.5274234693877551,False
carlstrom_phyllosphere_2019,96,0.2,79,392,33,22,126,14,Supervised combined,0.11265543083706964,0.5019132653061225,True
carlstrom_phyllosphere_2019,96,0.4,157,392,33,22,126,14,Supervised combined,0.12249722392961959,0.559311224489796,True
carlstrom_phyllosphere_2019,96,0.6,236,392,33,22,126,14,Supervised combined,0.117074786391161,0.5389030612244898,True
carlstrom_phyllosphere_2019,96,0.8,314,392,33,22,126,14,Supervised combined,0.1172904699873594,0.5395408163265305,True
carlstrom_phyllosphere_2019,97,0.0,0,375,33,22,140,13,PLNNetwork,0.09285714285714286,0.5,False
carlstrom_phyllosphere_2019,97,0.0,0,375,33,22,140,13,Poisson GLMNet,0.09285714285714286,0.48031496062992124,False
carlstrom_phyllosphere_2019,97,0.0,0,375,33,22,140,13,SparCC,0.07581996263346112,0.38946093276801935,False
carlstrom_phyllosphere_2019,97,0.0,0,375,33,22,140,13,Mean rank,0.07544593209990916,0.38643246517262264,False
carlstrom_phyllosphere_2019,97,0.0,0,375,33,22,140,13,SPIEC-EASI,0.09285714285714286,0.4881889763779528,False
carlstrom_phyllosphere_2019,97,0.2,75,375,33,22,140,13,Supervised combined,0.1254483896670399,0.6087219866747426,True
carlstrom_phyllosphere_2019,97,0.4,150,375,33,22,140,13,Supervised combined,0.1203143015240635,0.6256814052089643,True
carlstrom_phyllosphere_2019,97,0.6,225,375,33,22,140,13,Supervised combined,0.11687754320746647,0.61114476075106,True
carlstrom_phyllosphere_2019,97,0.8,300,375,33,22,140,13,Supervised combined,0.1290864489496589,0.6474863718958207,True
carlstrom_phyllosphere_2019,98,0.0,0,297,33,22,186,28,PLNNetwork,0.15053763440860216,0.5,False
carlstrom_phyllosphere_2019,98,0.0,0,297,33,22,186,28,Poisson GLMNet,0.197376413908672,0.5479204339963833,False
carlstrom_phyllosphere_2019,98,0.0,0,297,33,22,186,28,SparCC,0.16517502022124791,0.4170433996383363,False
carlstrom_phyllosphere_2019,98,0.0,0,297,33,22,186,28,Mean rank,0.18117341390936878,0.45411392405063283,False
carlstrom_phyllosphere_2019,98,0.0,0,297,33,22,186,28,SPIEC-EASI,0.18087557603686638,0.5087025316455697,False
carlstrom_phyllosphere_2019,98,0.2,60,297,33,22,186,28,Supervised combined,0.2018709910762784,0.5874773960216998,True
carlstrom_phyllosphere_2019,98,0.4,119,297,33,22,186,28,Supervised combined,0.15841323736866036,0.47920433996383366,True
carlstrom_phyllosphere_2019,98,0.6,179,297,33,22,186,28,Supervised combined,0.21406364772173955,0.6094032549728753,True
carlstrom_phyllosphere_2019,98,0.8,238,297,33,22,186,28,Supervised combined,0.20022786572129825,0.5791139240506329,True
carlstrom_phyllosphere_2019,99,0.0,0,338,33,22,165,39,PLNNetwork,0.23636363636363636,0.5,False
carlstrom_phyllosphere_2019,99,0.0,0,338,33,22,165,39,Poisson GLMNet,0.3248640248640249,0.5602360602360602,False
carlstrom_phyllosphere_2019,99,0.0,0,338,33,22,165,39,SparCC,0.23468633801795857,0.45726495726495725,False
carlstrom_phyllosphere_2019,99,0.0,0,338,33,22,165,39,Mean rank,0.30837600146412913,0.5069190069190069,False
carlstrom_phyllosphere_2019,99,0.0,0,338,33,22,165,39,SPIEC-EASI,0.23636363636363636,0.48412698412698413,False
carlstrom_phyllosphere_2019,99,0.2,68,338,33,22,165,39,Supervised combined,0.2700868338548025,0.47435897435897434,True
carlstrom_phyllosphere_2019,99,0.4,136,338,33,22,165,39,Supervised combined,0.4094165800859315,0.5966625966625967,True
carlstrom_phyllosphere_2019,99,0.6,203,338,33,22,165,39,Supervised combined,0.37794171353213357,0.5811965811965812,True
carlstrom_phyllosphere_2019,99,0.8,271,338,33,22,165,39,Supervised combined,0.45417939907538196,0.6733821733821734,True
carlstrom_phyllosphere_2019,100,0.0,0,357,33,22,153,17,PLNNetwork,0.1111111111111111,0.5,False
carlstrom_phyllosphere_2019,100,0.0,0,357,33,22,153,17,Poisson GLMNet,0.11928104575163398,0.5073529411764707,False
carlstrom_phyllosphere_2019,100,0.0,0,357,33,22,153,17,SparCC,0.10441656846737758,0.4576124567474048,False
carlstrom_phyllosphere_2019,100,0.0,0,357,33,22,153,17,Mean rank,0.10877995599246945,0.4744809688581315,False
carlstrom_phyllosphere_2019,100,0.0,0,357,33,22,153,17,SPIEC-EASI,0.1633986928104575,0.5224913494809689,False
carlstrom_phyllosphere_2019,100,0.2,72,357,33,22,153,17,Supervised combined,0.3000866052303697,0.6505190311418685,True
carlstrom_phyllosphere_2019,100,0.4,143,357,33,22,153,17,Supervised combined,0.2445632466940415,0.6574394463667821,True
carlstrom_phyllosphere_2019,100,0.6,215,357,33,22,153,17,Supervised combined,0.28248243273601303,0.731401384083045,True
carlstrom_phyllosphere_2019,100,0.8,286,357,33,22,153,17,Supervised combined,0.16705885419511857,0.6583044982698962,True
carlstrom_phyllosphere_2019,101,0.0,0,338,33,22,165,20,PLNNetwork,0.12121212121212122,0.5,False
carlstrom_phyllosphere_2019,101,0.0,0,338,33,22,165,20,Poisson GLMNet,0.12121212121212122,0.49310344827586206,False
carlstrom_phyllosphere_2019,101,0.0,0,338,33,22,165,20,SparCC,0.1195726953180378,0.46310344827586203,False
carlstrom_phyllosphere_2019,101,0.0,0,338,33,22,165,20,Mean rank,0.11838221912756161,0.4627586206896551,False
carlstrom_phyllosphere_2019,101,0.0,0,338,33,22,165,20,SPIEC-EASI,0.12121212121212122,0.5,False
carlstrom_phyllosphere_2019,101,0.2,68,338,33,22,165,20,Supervised combined,0.14773321049561244,0.5072413793103449,True
carlstrom_phyllosphere_2019,101,0.4,136,338,33,22,165,20,Supervised combined,0.16688045602675478,0.5062068965517241,True
carlstrom_phyllosphere_2019,101,0.6,203,338,33,22,165,20,Supervised combined,0.17577040214508055,0.5389655172413793,True
carlstrom_phyllosphere_2019,101,0.8,271,338,33,22,165,20,Supervised combined,0.16228464402975679,0.5320689655172414,True
carlstrom_phyllosphere_2019,102,0.0,0,318,33,22,176,23,PLNNetwork,0.13068181818181818,0.5,False
carlstrom_phyllosphere_2019,102,0.0,0,318,33,22,176,23,Poisson GLMNet,0.17521880293619424,0.5271383915885195,False
carlstrom_phyllosphere_2019,102,0.0,0,318,33,22,176,23,SparCC,0.10783302886755494,0.41545893719806765,False
carlstrom_phyllosphere_2019,102,0.0,0,318,33,22,176,23,Mean rank,0.12320851487719017,0.45865302642796246,False
carlstrom_phyllosphere_2019,102,0.0,0,318,33,22,176,23,SPIEC-EASI,0.1467391304347826,0.5152031827223643,False
carlstrom_phyllosphere_2019,102,0.2,64,318,33,22,176,23,Supervised combined,0.16356791217881525,0.5947712418300654,True
carlstrom_phyllosphere_2019,102,0.4,128,318,33,22,176,23,Supervised combined,0.1433911881999922,0.5203182722364308,True
carlstrom_phyllosphere_2019,102,0.6,191,318,33,22,176,23,Supervised combined,0.14169466200331016,0.5427678317703893,True
carlstrom_phyllosphere_2019,102,0.8,255,318,33,22,176,23,Supervised combined,0.1489415845002386,0.5177607274793976,True
carlstrom_phyllosphere_2019,103,0.0,0,318,33,22,176,28,PLNNetwork,0.1590909090909091,0.5,False
carlstrom_phyllosphere_2019,103,0.0,0,318,33,22,176,28,Poisson GLMNet,0.1590909090909091,0.47635135135135137,False
carlstrom_phyllosphere_2019,103,0.0,0,318,33,22,176,28,SparCC,0.14428882411125374,0.4432915057915058,False
carlstrom_phyllosphere_2019,103,0.0,0,318,33,22,176,28,Mean rank,0.14046729612875342,0.4333976833976834,False
carlstrom_phyllosphere_2019,103,0.0,0,318,33,22,176,28,SPIEC-EASI,0.18912337662337664,0.5145994208494209,False
carlstrom_phyllosphere_2019,103,0.2,64,318,33,22,176,28,Supervised combined,0.2000612820768281,0.48262548262548266,True
carlstrom_phyllosphere_2019,103,0.4,128,318,33,22,176,28,Supervised combined,0.28605091191195997,0.5453667953667953,True
carlstrom_phyllosphere_2019,103,0.6,191,318,33,22,176,28,Supervised combined,0.3252165179257168,0.5772200772200772,True
carlstrom_phyllosphere_2019,103,0.8,255,318,33,22,176,28,Supervised combined,0.3168554945490448,0.6394787644787645,True
carlstrom_phyllosphere_2019,104,0.0,0,375,33,22,140,14,PLNNetwork,0.1,0.5,False
carlstrom_phyllosphere_2019,104,0.0,0,375,33,22,140,14,Poisson GLMNet,0.32499999999999996,0.6388888888888888,False
carlstrom_phyllosphere_2019,104,0.0,0,375,33,22,140,14,SparCC,0.1696117496257391,0.6281179138321995,False
carlstrom_phyllosphere_2019,104,0.0,0,375,33,22,140,14,Mean rank,0.3507386316926492,0.7086167800453514,False
carlstrom_phyllosphere_2019,104,0.0,0,375,33,22,140,14,SPIEC-EASI,0.1,0.4880952380952381,False
carlstrom_phyllosphere_2019,104,0.2,75,375,33,22,140,14,Supervised combined,0.17120194725656002,0.6247165532879818,True
carlstrom_phyllosphere_2019,104,0.4,150,375,33,22,140,14,Supervised combined,0.0954470683136382,0.3973922902494331,True
carlstrom_phyllosphere_2019,104,0.6,225,375,33,22,140,14,Supervised combined,0.0956756025755342,0.4506802721088434,True
carlstrom_phyllosphere_2019,104,0.8,300,375,33,22,140,14,Supervised combined,0.09964464337386941,0.47108843537414963,True
carlstrom_phyllosphere_2019,105,0.0,0,375,33,22,140,12,PLNNetwork,0.08571428571428572,0.5,False
carlstrom_phyllosphere_2019,105,0.0,0,375,33,22,140,12,Poisson GLMNet,0.08571428571428572,0.5,False
carlstrom_phyllosphere_2019,105,0.0,0,375,33,22,140,12,SparCC,0.09605209071610282,0.5091145833333333,False
carlstrom_phyllosphere_2019,105,0.0,0,375,33,22,140,12,Mean rank,0.09605209071610282,0.5091145833333333,False
carlstrom_phyllosphere_2019,105,0.0,0,375,33,22,140,12,SPIEC-EASI,0.08571428571428572,0.48046875,False
carlstrom_phyllosphere_2019,105,0.2,75,375,33,22,140,12,Supervised combined,0.13984785013266857,0.578125,True
carlstrom_phyllosphere_2019,105,0.4,150,375,33,22,140,12,Supervised combined,0.1470970838973557,0.595703125,True
carlstrom_phyllosphere_2019,105,0.6,225,375,33,22,140,12,Supervised combined,0.20103240493891122,0.6881510416666666,True
carlstrom_phyllosphere_2019,105,0.8,300,375,33,22,140,12,Supervised combined,0.15712508781175616,0.67578125,True
carlstrom_phyllosphere_2019,106,0.0,0,357,33,22,153,18,PLNNetwork,0.11764705882352941,0.5,False
carlstrom_phyllosphere_2019,106,0.0,0,357,33,22,153,18,Poisson GLMNet,0.11764705882352941,0.4740740740740741,False
carlstrom_phyllosphere_2019,106,0.0,0,357,33,22,153,18,SparCC,0.11559624958708388,0.45967078189300414,False
carlstrom_phyllosphere_2019,106,0.0,0,357,33,22,153,18,Mean rank,0.10953115191858726,0.45267489711934156,False
carlstrom_phyllosphere_2019,106,0.0,0,357,33,22,153,18,SPIEC-EASI,0.11764705882352941,0.48518518518518516,False
carlstrom_phyllosphere_2019,106,0.2,72,357,33,22,153,18,Supervised combined,0.14390408125342063,0.5127572016460905,True
carlstrom_phyllosphere_2019,106,0.4,143,357,33,22,153,18,Supervised combined,0.13967636601436886,0.5127572016460905,True
carlstrom_phyllosphere_2019,106,0.6,215,357,33,22,153,18,Supervised combined,0.16497287550944686,0.5609053497942387,True
carlstrom_phyllosphere_2019,106,0.8,286,357,33,22,153,18,Supervised combined,0.16113494575434917,0.5921810699588477,True
carlstrom_phyllosphere_2019,107,0.0,0,338,33,22,165,19,PLNNetwork,0.11515151515151516,0.5,False
carlstrom_phyllosphere_2019,107,0.0,0,338,33,22,165,19,Poisson GLMNet,0.11515151515151516,0.4931506849315068,False
carlstrom_phyllosphere_2019,107,0.0,0,338,33,22,165,19,SparCC,0.09366498551151241,0.3886085075702956,False
carlstrom_phyllosphere_2019,107,0.0,0,338,33,22,165,19,Mean rank,0.0929110513496943,0.38608507570295597,False
carlstrom_phyllosphere_2019,107,0.0,0,338,33,22,165,19,SPIEC-EASI,0.11515151515151516,0.4931506849315068,False
carlstrom_phyllosphere_2019,107,0.2,68,338,33,22,165,19,Supervised combined,0.1542564227130384,0.5731795241528479,True
carlstrom_phyllosphere_2019,107,0.4,136,338,33,22,165,19,Supervised combined,0.15000825318017336,0.5432588320115357,True
carlstrom_phyllosphere_2019,107,0.6,203,338,33,22,165,19,Supervised combined,0.15647711384329785,0.5652487382840663,True
carlstrom_phyllosphere_2019,107,0.8,271,338,33,22,165,19,Supervised combined,0.18631240133126709,0.5785868781542898,True
carlstrom_phyllosphere_2019,108,0.0,0,392,33,22,126,16,PLNNetwork,0.12698412698412698,0.5,False
carlstrom_phyllosphere_2019,108,0.0,0,392,33,22,126,16,Poisson GLMNet,0.12698412698412698,0.4863636363636364,False
carlstrom_phyllosphere_2019,108,0.0,0,392,33,22,126,16,SparCC,0.09318940960068507,0.31306818181818186,False
carlstrom_phyllosphere_2019,108,0.0,0,392,33,22,126,16,Mean rank,0.09318940960068507,0.31306818181818186,False
carlstrom_phyllosphere_2019,108,0.0,0,392,33,22,126,16,SPIEC-EASI,0.12698412698412698,0.4909090909090909,False
carlstrom_phyllosphere_2019,108,0.2,79,392,33,22,126,16,Supervised combined,0.12015384654247732,0.45170454545454547,True
carlstrom_phyllosphere_2019,108,0.4,157,392,33,22,126,16,Supervised combined,0.15835403540963716,0.6039772727272728,True
carlstrom_phyllosphere_2019,108,0.6,236,392,33,22,126,16,Supervised combined,0.1908334656949575,0.6914772727272727,True
carlstrom_phyllosphere_2019,108,0.8,314,392,33,22,126,16,Supervised combined,0.23683216853231423,0.7494318181818183,True
carlstrom_phyllosphere_2019,109,0.0,0,252,33,22,203,34,PLNNetwork,0.16748768472906403,0.5,False
carlstrom_phyllosphere_2019,109,0.0,0,252,33,22,203,34,Poisson GLMNet,0.21447406548826425,0.5380264531848241,False
carlstrom_phyllosphere_2019,109,0.0,0,252,33,22,203,34,SparCC,0.1685161243306016,0.46675948485903235,False
carlstrom_phyllosphere_2019,109,0.0,0,252,33,22,203,34,Mean rank,0.20192263550712328,0.512008353637313,False
carlstrom_phyllosphere_2019,109,0.0,0,252,33,22,203,34,SPIEC-EASI,0.17726745870762098,0.5030455969369996,False
carlstrom_phyllosphere_2019,109,0.2,51,252,33,22,203,34,Supervised combined,0.3416224021298023,0.6209537069265577,True
carlstrom_phyllosphere_2019,109,0.4,101,252,33,22,203,34,Supervised combined,0.31631215293549,0.591715976331361,True
carlstrom_phyllosphere_2019,109,0.6,152,252,33,22,203,34,Supervised combined,0.31353339533326285,0.6077271145144449,True
carlstrom_phyllosphere_2019,109,0.8,202,252,33,22,203,34,Supervised combined,0.3230867172882014,0.623042116254786,True
carlstrom_phyllosphere_2019,110,0.0,0,297,33,22,186,13,PLNNetwork,0.06989247311827956,0.5,False
carlstrom_phyllosphere_2019,110,0.0,0,297,33,22,186,13,Poisson GLMNet,0.10034857615502776,0.5562472209871053,False
carlstrom_phyllosphere_2019,110,0.0,0,297,33,22,186,13,SparCC,0.05884676108151099,0.3815028901734104,False
carlstrom_phyllosphere_2019,110,0.0,0,297,33,22,186,13,Mean rank,0.0695387730035486,0.45887060915962646,False
carlstrom_phyllosphere_2019,110,0.0,0,297,33,22,186,13,SPIEC-EASI,0.06989247311827956,0.49421965317919075,False
carlstrom_phyllosphere_2019,110,0.2,60,297,33,22,186,13,Supervised combined,0.12777020892381769,0.562916851934193,True
carlstrom_phyllosphere_2019,110,0.4,119,297,33,22,186,13,Supervised combined,0.10523033572013371,0.5971542907959093,True
carlstrom_phyllosphere_2019,110,0.6,179,297,33,22,186,13,Supervised combined,0.10879508896327564,0.6256113828368164,True
carlstrom_phyllosphere_2019,110,0.8,238,297,33,22,186,13,Supervised combined,0.11638906759885873,0.6336149399733215,True
carlstrom_phyllosphere_2019,111,0.0,0,318,33,22,176,22,PLNNetwork,0.125,0.5,False
carlstrom_phyllosphere_2019,111,0.0,0,318,33,22,176,22,Poisson GLMNet,0.1647727272727273,0.5227272727272727,False
carlstrom_phyllosphere_2019,111,0.0,0,318,33,22,176,22,SparCC,0.1236438585300868,0.46280991735537186,False
carlstrom_phyllosphere_2019,111,0.0,0,318,33,22,176,22,Mean rank,0.12904542499351576,0.48288075560802834,False
carlstrom_phyllosphere_2019,111,0.0,0,318,33,22,176,22,SPIEC-EASI,0.125,0.4935064935064935,False
carlstrom_phyllosphere_2019,111,0.2,64,318,33,22,176,22,Supervised combined,0.26342963017695475,0.7461629279811097,True
carlstrom_phyllosphere_2019,111,0.4,128,318,33,22,176,22,Supervised combined,0.37314763987068916,0.7768595041322315,True
carlstrom_phyllosphere_2019,111,0.6,191,318,33,22,176,22,Supervised combined,0.301923834618053,0.78099173553719,True
carlstrom_phyllosphere_2019,111,0.8,255,318,33,22,176,22,Supervised combined,0.29514594563085494,0.7774498229043684,True
carlstrom_phyllosphere_2019,112,0.0,0,318,33,22,176,28,PLNNetwork,0.1590909090909091,0.5,False
carlstrom_phyllosphere_2019,112,0.0,0,318,33,22,176,28,Poisson GLMNet,0.18912337662337664,0.4885376447876448,False
carlstrom_phyllosphere_2019,112,0.0,0,318,33,22,176,28,SparCC,0.1947393960243835,0.5,False
carlstrom_phyllosphere_2019,112,0.0,0,318,33,22,176,28,Mean rank,0.18762630186793372,0.48503861003861,False
carlstrom_phyllosphere_2019,112,0.0,0,318,33,22,176,28,SPIEC-EASI,0.21915584415584416,0.53257722007722,False
carlstrom_phyllosphere_2019,112,0.2,64,318,33,22,176,28,Supervised combined,0.19846027803969646,0.5125482625482625,True
carlstrom_phyllosphere_2019,112,0.4,128,318,33,22,176,28,Supervised combined,0.3115185501592444,0.5984555984555985,True
carlstrom_phyllosphere_2019,112,0.6,191,318,33,22,176,28,Supervised combined,0.18830711901361025,0.5171332046332047,True
carlstrom_phyllosphere_2019,112,0.8,255,318,33,22,176,28,Supervised combined,0.1714534150828501,0.48214285714285715,True
carlstrom_phyllosphere_2019,113,0.0,0,338,33,22,165,20,PLNNetwork,0.12121212121212122,0.5,False
carlstrom_phyllosphere_2019,113,0.0,0,338,33,22,165,20,Poisson GLMNet,0.17575757575757578,0.5362068965517242,False
carlstrom_phyllosphere_2019,113,0.0,0,338,33,22,165,20,SparCC,0.16283469024134484,0.42965517241379314,False
carlstrom_phyllosphere_2019,113,0.0,0,338,33,22,165,20,Mean rank,0.1675706678927959,0.44965517241379316,False
carlstrom_phyllosphere_2019,113,0.0,0,338,33,22,165,20,SPIEC-EASI,0.16515151515151516,0.5151724137931035,False
carlstrom_phyllosphere_2019,113,0.2,68,338,33,22,165,20,Supervised combined,0.30652619553939237,0.6410344827586207,True
carlstrom_phyllosphere_2019,113,0.4,136,338,33,22,165,20,Supervised combined,0.23371446465119416,0.6217241379310345,True
carlstrom_phyllosphere_2019,113,0.6,203,338,33,22,165,20,Supervised combined,0.23131299053981197,0.6389655172413793,True
carlstrom_phyllosphere_2019,113,0.8,271,338,33,22,165,20,Supervised combined,0.1963740733918881,0.5648275862068965,True
carlstrom_phyllosphere_2019,114,0.0,0,392,33,22,126,11,PLNNetwork,0.0873015873015873,0.5,False
carlstrom_phyllosphere_2019,114,0.0,0,392,33,22,126,11,Poisson GLMNet,0.22294372294372294,0.5865612648221344,False
carlstrom_phyllosphere_2019,114,0.0,0,392,33,22,126,11,SparCC,0.06651889138904592,0.32727272727272727,False
carlstrom_phyllosphere_2019,114,0.0,0,392,33,22,126,11,Mean rank,0.11918357617154988,0.41027667984189725,False
carlstrom_phyllosphere_2019,114,0.0,0,392,33,22,126,11,SPIEC-EASI,0.0873015873015873,0.5,False
carlstrom_phyllosphere_2019,114,0.2,79,392,33,22,126,11,Supervised combined,0.35016742831213543,0.7557312252964427,True
carlstrom_phyllosphere_2019,114,0.4,157,392,33,22,126,11,Supervised combined,0.1904300499610714,0.7517786561264822,True
carlstrom_phyllosphere_2019,114,0.6,236,392,33,22,126,11,Supervised combined,0.2659670091497628,0.7533596837944664,True
carlstrom_phyllosphere_2019,114,0.8,314,392,33,22,126,11,Supervised combined,0.2802058978001066,0.7399209486166007,True
carlstrom_phyllosphere_2019,115,0.0,0,357,33,22,153,20,PLNNetwork,0.13071895424836602,0.5,False
carlstrom_phyllosphere_2019,115,0.0,0,357,33,22,153,20,Poisson GLMNet,0.13132586367880486,0.4977443609022557,False
carlstrom_phyllosphere_2019,115,0.0,0,357,33,22,153,20,SparCC,0.10203119836538786,0.36052631578947375,False
carlstrom_phyllosphere_2019,115,0.0,0,357,33,22,153,20,Mean rank,0.10695329894577418,0.37819548872180453,False
carlstrom_phyllosphere_2019,115,0.0,0,357,33,22,153,20,SPIEC-EASI,0.13071895424836602,0.4887218045112782,False
carlstrom_phyllosphere_2019,115,0.2,72,357,33,22,153,20,Supervised combined,0.20362537161434763,0.6379699248120301,True
carlstrom_phyllosphere_2019,115,0.4,143,357,33,22,153,20,Supervised combined,0.2384358094791731,0.6409774436090225,True
carlstrom_phyllosphere_2019,115,0.6,215,357,33,22,153,20,Supervised combined,0.24870866666355482,0.6676691729323309,True
carlstrom_phyllosphere_2019,115,0.8,286,357,33,22,153,20,Supervised combined,0.22756076149473176,0.7086466165413534,True
carlstrom_phyllosphere_2019,116,0.0,0,375,33,22,140,25,PLNNetwork,0.17857142857142858,0.5,False
carlstrom_phyllosphere_2019,116,0.0,0,375,33,22,140,25,Poisson GLMNet,0.22028571428571428,0.5269565217391305,False
carlstrom_phyllosphere_2019,116,0.0,0,375,33,22,140,25,SparCC,0.2033659515342854,0.45321739130434785,False
carlstrom_phyllosphere_2019,116,0.0,0,375,33,22,140,25,Mean rank,0.20932564607201223,0.46956521739130436,False
carlstrom_phyllosphere_2019,116,0.0,0,375,33,22,140,25,SPIEC-EASI,0.21142857142857144,0.5116521739130435,False
carlstrom_phyllosphere_2019,116,0.2,75,375,33,22,140,25,Supervised combined,0.2357044241855533,0.5196521739130434,True
carlstrom_phyllosphere_2019,116,0.4,150,375,33,22,140,25,Supervised combined,0.19877929545648398,0.4817391304347826,True
carlstrom_phyllosphere_2019,116,0.6,225,375,33,22,140,25,Supervised combined,0.1852455587361724,0.4358260869565217,True
carlstrom_phyllosphere_2019,116,0.8,300,375,33,22,140,25,Supervised combined,0.23866237317769443,0.4768695652173913,True
carlstrom_phyllosphere_2019,117,0.0,0,392,33,22,126,8,PLNNetwork,0.06349206349206349,0.5,False
carlstrom_phyllosphere_2019,117,0.0,0,392,33,22,126,8,Poisson GLMNet,0.06349206349206349,0.4661016949152542,False
carlstrom_phyllosphere_2019,117,0.0,0,392,33,22,126,8,SparCC,0.05453311790049503,0.3707627118644068,False
carlstrom_phyllosphere_2019,117,0.0,0,392,33,22,126,8,Mean rank,0.05362221172077665,0.3633474576271186,False
carlstrom_phyllosphere_2019,117,0.0,0,392,33,22,126,8,SPIEC-EASI,0.06349206349206349,0.4957627118644068,False
carlstrom_phyllosphere_2019,117,0.2,79,392,33,22,126,8,Supervised combined,0.13332594574970394,0.5635593220338984,True
carlstrom_phyllosphere_2019,117,0.4,157,392,33,22,126,8,Supervised combined,0.07434506874277086,0.5180084745762712,True
carlstrom_phyllosphere_2019,117,0.6,236,392,33,22,126,8,Supervised combined,0.0730976088018174,0.45868644067796616,True
carlstrom_phyllosphere_2019,117,0.8,314,392,33,22,126,8,Supervised combined,0.060325356245650025,0.4396186440677966,True
carlstrom_phyllosphere_2019,118,0.0,0,318,33,22,176,18,PLNNetwork,0.10227272727272728,0.5,False
carlstrom_phyllosphere_2019,118,0.0,0,318,33,22,176,18,Poisson GLMNet,0.10353535353535354,0.504395218002813,False
carlstrom_phyllosphere_2019,118,0.0,0,318,33,22,176,18,SparCC,0.09882747731946424,0.45218002812939523,False
carlstrom_phyllosphere_2019,118,0.0,0,318,33,22,176,18,Mean rank,0.09632699077846667,0.46765119549929673,False
carlstrom_phyllosphere_2019,118,0.0,0,318,33,22,176,18,SPIEC-EASI,0.10227272727272728,0.4936708860759494,False
carlstrom_phyllosphere_2019,118,0.2,64,318,33,22,176,18,Supervised combined,0.11399448999037895,0.5618846694796062,True
carlstrom_phyllosphere_2019,118,0.4,128,318,33,22,176,18,Supervised combined,0.11552042705342662,0.5678621659634318,True
carlstrom_phyllosphere_2019,118,0.6,191,318,33,22,176,18,Supervised combined,0.11041622374436885,0.55098452883263,True
carlstrom_phyllosphere_2019,118,0.8,255,318,33,22,176,18,Supervised combined,0.10887528392176424,0.5443037974683544,True
carlstrom_phyllosphere_2019,119,0.0,0,318,33,22,176,36,PLNNetwork,0.20454545454545456,0.5,False
carlstrom_phyllosphere_2019,119,0.0,0,318,33,22,176,36,Poisson GLMNet,0.20454545454545456,0.4857142857142857,False
carlstrom_phyllosphere_2019,119,0.0,0,318,33,22,176,36,SparCC,0.17228086661486725,0.4287698412698413,False
carlstrom_phyllosphere_2019,119,0.0,0,318,33,22,176,36,Mean rank,0.17127436063282564,0.42599206349206353,False
carlstrom_phyllosphere_2019,119,0.0,0,318,33,22,176,36,SPIEC-EASI,0.20454545454545456,0.48928571428571427,False
carlstrom_phyllosphere_2019,119,0.2,64,318,33,22,176,36,Supervised combined,0.2379429876744363,0.5569444444444445,True
carlstrom_phyllosphere_2019,119,0.4,128,318,33,22,176,36,Supervised combined,0.22753482219609994,0.543452380952381,True
carlstrom_phyllosphere_2019,119,0.6,191,318,33,22,176,36,Supervised combined,0.221153524366059,0.5349206349206349,True
carlstrom_phyllosphere_2019,119,0.8,255,318,33,22,176,36,Supervised combined,0.23742887596163886,0.5466269841269841,True
carlstrom_phyllosphere_2019,120,0.0,0,338,33,22,165,18,PLNNetwork,0.10909090909090909,0.5,False
carlstrom_phyllosphere_2019,120,0.0,0,338,33,22,165,18,Poisson GLMNet,0.1714646464646465,0.5513983371126229,False
carlstrom_phyllosphere_2019,120,0.0,0,338,33,22,165,18,SparCC,0.1730596681665999,0.5154950869236583,False
carlstrom_phyllosphere_2019,120,0.0,0,338,33,22,165,18,Mean rank,0.19178418153608906,0.5415721844293273,False
carlstrom_phyllosphere_2019,120,0.0,0,338,33,22,165,18,SPIEC-EASI,0.15858585858585858,0.514928193499622,False
carlstrom_phyllosphere_2019,120,0.2,68,338,33,22,165,18,Supervised combined,0.29300195598730516,0.6730914588057445,True
carlstrom_phyllosphere_2019,120,0.4,136,338,33,22,165,18,Supervised combined,0.2439307546127884,0.636432350718065,True
carlstrom_phyllosphere_2019,120,0.6,203,338,33,22,165,18,Supervised combined,0.3066716843078115,0.6972789115646258,True
carlstrom_phyllosphere_2019,120,0.8,271,338,33,22,165,18,Supervised combined,0.2752064811047573,0.6609977324263038,True
carlstrom_phyllosphere_2019,121,0.0,0,408,33,22,111,12,PLNNetwork,0.10810810810810811,0.5,False
carlstrom_phyllosphere_2019,121,0.0,0,408,33,22,111,12,Poisson GLMNet,0.18243243243243243,0.5185185185185185,False
carlstrom_phyllosphere_2019,121,0.0,0,408,33,22,111,12,SparCC,0.10587923492027769,0.4882154882154882,False
carlstrom_phyllosphere_2019,121,0.0,0,408,33,22,111,12,Mean rank,0.12065824082240031,0.5210437710437711,False
carlstrom_phyllosphere_2019,121,0.0,0,408,33,22,111,12,SPIEC-EASI,0.10810810810810811,0.4898989898989899,False
carlstrom_phyllosphere_2019,121,0.2,82,408,33,22,111,12,Supervised combined,0.12021873846628775,0.5606060606060606,True
carlstrom_phyllosphere_2019,121,0.4,164,408,33,22,111,12,Supervised combined,0.11562496055153658,0.4974747474747474,True
carlstrom_phyllosphere_2019,121,0.6,245,408,33,22,111,12,Supervised combined,0.12881475412834342,0.5446127946127945,True
carlstrom_phyllosphere_2019,121,0.8,327,408,33,22,111,12,Supervised combined,0.12894647380919283,0.5101010101010102,True
carlstrom_phyllosphere_2019,122,0.0,0,357,33,22,153,32,PLNNetwork,0.20915032679738563,0.5,False
carlstrom_phyllosphere_2019,122,0.0,0,357,33,22,153,32,Poisson GLMNet,0.24816176470588236,0.5271177685950413,False
carlstrom_phyllosphere_2019,122,0.0,0,357,33,22,153,32,SparCC,0.18317880444804968,0.39359504132231404,False
carlstrom_phyllosphere_2019,122,0.0,0,357,33,22,153,32,Mean rank,0.19904153346308795,0.4266528925619835,False
carlstrom_phyllosphere_2019,122,0.0,0,357,33,22,153,32,SPIEC-EASI,0.23386437908496732,0.5036157024793388,False
carlstrom_phyllosphere_2019,122,0.2,72,357,33,22,153,32,Supervised combined,0.2045113101101519,0.4837293388429752,True
carlstrom_phyllosphere_2019,122,0.4,143,357,33,22,153,32,Supervised combined,0.20376650597187496,0.47210743801652894,True
carlstrom_phyllosphere_2019,122,0.6,215,357,33,22,153,32,Supervised combined,0.23192869264548457,0.5005165289256199,True
carlstrom_phyllosphere_2019,122,0.8,286,357,33,22,153,32,Supervised combined,0.24099568017140083,0.525051652892562,True
carlstrom_phyllosphere_2019,123,0.0,0,392,33,22,126,13,PLNNetwork,0.10317460317460317,0.5,False
carlstrom_phyllosphere_2019,123,0.0,0,392,33,22,126,13,Poisson GLMNet,0.10317460317460317,0.49557522123893805,False
carlstrom_phyllosphere_2019,123,0.0,0,392,33,22,126,13,SparCC,0.09372365165006871,0.4315861130020422,False
carlstrom_phyllosphere_2019,123,0.0,0,392,33,22,126,13,Mean rank,0.09372365165006871,0.4315861130020422,False
carlstrom_phyllosphere_2019,123,0.0,0,392,33,22,126,13,SPIEC-EASI,0.12087912087912087,0.5166780122532335,False
carlstrom_phyllosphere_2019,123,0.2,79,392,33,22,126,13,Supervised combined,0.29834430453134275,0.6848196051735875,True
carlstrom_phyllosphere_2019,123,0.4,157,392,33,22,126,13,Supervised combined,0.18347719124663434,0.7093260721579306,True
carlstrom_phyllosphere_2019,123,0.6,236,392,33,22,126,13,Supervised combined,0.1804333822653252,0.6643975493533016,True
carlstrom_phyllosphere_2019,123,0.8,314,392,33,22,126,13,Supervised combined,0.1565233576243408,0.65214431586113,True
carlstrom_phyllosphere_2019,124,0.0,0,275,33,22,195,16,PLNNetwork,0.08205128205128205,0.5,False
carlstrom_phyllosphere_2019,124,0.0,0,275,33,22,195,16,Poisson GLMNet,0.15929487179487178,0.5418994413407822,False
carlstrom_phyllosphere_2019,124,0.0,0,275,33,22,195,16,SparCC,0.06797123614000737,0.39769553072625696,False
carlstrom_phyllosphere_2019,124,0.0,0,275,33,22,195,16,Mean rank,0.08567993115935965,0.45530726256983234,False
carlstrom_phyllosphere_2019,124,0.0,0,275,33,22,195,16,SPIEC-EASI,0.08205128205128205,0.4888268156424581,False
carlstrom_phyllosphere_2019,124,0.2,55,275,33,22,195,16,Supervised combined,0.3126207074194348,0.75768156424581,True
carlstrom_phyllosphere_2019,124,0.4,110,275,33,22,195,16,Supervised combined,0.30024188785982314,0.7664106145251397,True
carlstrom_phyllosphere_2019,124,0.6,165,275,33,22,195,16,Supervised combined,0.24022798768789297,0.7391759776536313,True
carlstrom_phyllosphere_2019,124,0.8,220,275,33,22,195,16,Supervised combined,0.2613798299238235,0.7482541899441342,True
carlstrom_phyllosphere_2019,125,0.0,0,375,33,22,140,4,PLNNetwork,0.02857142857142857,0.5,False
carlstrom_phyllosphere_2019,125,0.0,0,375,33,22,140,4,Poisson GLMNet,0.02857142857142857,0.48161764705882354,False
carlstrom_phyllosphere_2019,125,0.0,0,375,33,22,140,4,SparCC,0.0883295715530213,0.49264705882352944,False
carlstrom_phyllosphere_2019,125,0.0,0,375,33,22,140,4,Mean rank,0.06130231137358721,0.48529411764705876,False
carlstrom_phyllosphere_2019,125,0.0,0,375,33,22,140,4,SPIEC-EASI,0.02857142857142857,0.4852941176470588,False
carlstrom_phyllosphere_2019,125,0.2,75,375,33,22,140,4,Supervised combined,0.10864414181277092,0.6746323529411765,True
carlstrom_phyllosphere_2019,125,0.4,150,375,33,22,140,4,Supervised combined,0.11727408354646207,0.6856617647058824,True
carlstrom_phyllosphere_2019,125,0.6,225,375,33,22,140,4,Supervised combined,0.07209456699346405,0.6838235294117647,True
carlstrom_phyllosphere_2019,125,0.8,300,375,33,22,140,4,Supervised combined,0.06707857008995502,0.6268382352941175,True
carlstrom_phyllosphere_2019,126,0.0,0,357,33,22,153,16,PLNNetwork,0.10457516339869281,0.5,False
carlstrom_phyllosphere_2019,126,0.0,0,357,33,22,153,16,Poisson GLMNet,0.10457516339869281,0.48175182481751827,False
carlstrom_phyllosphere_2019,126,0.0,0,357,33,22,153,16,SparCC,0.10307037986261772,0.4876824817518248,False
carlstrom_phyllosphere_2019,126,0.0,0,357,33,22,153,16,Mean rank,0.10243210371882687,0.4867700729927007,False
carlstrom_phyllosphere_2019,126,0.0,0,357,33,22,153,16,SPIEC-EASI,0.10457516339869281,0.48905109489051096,False
carlstrom_phyllosphere_2019,126,0.2,72,357,33,22,153,16,Supervised combined,0.12387409355239869,0.5989963503649636,True
carlstrom_phyllosphere_2019,126,0.4,143,357,33,22,153,16,Supervised combined,0.17644833199497514,0.7135036496350364,True
carlstrom_phyllosphere_2019,126,0.6,215,357,33,22,153,16,Supervised combined,0.18788705419938193,0.7449817518248175,True
carlstrom_phyllosphere_2019,126,0.8,286,357,33,22,153,16,Supervised combined,0.19841203623147546,0.7577554744525548,True
carlstrom_phyllosphere_2019,127,0.0,0,318,33,22,176,39,PLNNetwork,0.2215909090909091,0.5,False
carlstrom_phyllosphere_2019,127,0.0,0,318,33,22,176,39,Poisson GLMNet,0.21957209457209456,0.4903612202882276,False
carlstrom_phyllosphere_2019,127,0.0,0,318,33,22,176,39,SparCC,0.1775538479336402,0.39378626239940107,False
carlstrom_phyllosphere_2019,127,0.0,0,318,33,22,176,39,Mean rank,0.17866914096396286,0.397716638592551,False
carlstrom_phyllosphere_2019,127,0.0,0,318,33,22,176,39,SPIEC-EASI,0.2215909090909091,0.4927007299270073,False
carlstrom_phyllosphere_2019,127,0.2,64,318,33,22,176,39,Supervised combined,0.22937926466281142,0.4995320980722441,True
carlstrom_phyllosphere_2019,127,0.4,128,318,33,22,176,39,Supervised combined,0.2140331515897127,0.4710836608646828,True
carlstrom_phyllosphere_2019,127,0.6,191,318,33,22,176,39,Supervised combined,0.1900272882258547,0.4519932622122403,True
carlstrom_phyllosphere_2019,127,0.8,255,318,33,22,176,39,Supervised combined,0.19724287689793837,0.4744525547445255,True
carlstrom_phyllosphere_2019,128,0.0,0,275,33,22,195,25,PLNNetwork,0.1282051282051282,0.5,False
carlstrom_phyllosphere_2019,128,0.0,0,275,33,22,195,25,Poisson GLMNet,0.1346153846153846,0.5211764705882354,False
carlstrom_phyllosphere_2019,128,0.0,0,275,33,22,195,25,SparCC,0.1398958293429749,0.5131764705882353,False
carlstrom_phyllosphere_2019,128,0.0,0,275,33,22,195,25,Mean rank,0.14939507231141577,0.5463529411764706,False
carlstrom_phyllosphere_2019,128,0.0,0,275,33,22,195,25,SPIEC-EASI,0.1364102564102564,0.5054117647058824,False
carlstrom_phyllosphere_2019,128,0.2,55,275,33,22,195,25,Supervised combined,0.3488270214651094,0.7647058823529412,True
carlstrom_phyllosphere_2019,128,0.4,110,275,33,22,195,25,Supervised combined,0.3692626849466247,0.7291764705882353,True
carlstrom_phyllosphere_2019,128,0.6,165,275,33,22,195,25,Supervised combined,0.2980828497269917,0.7068235294117646,True
carlstrom_phyllosphere_2019,128,0.8,220,275,33,22,195,25,Supervised combined,0.31514968310515107,0.7082352941176471,True
carlstrom_phyllosphere_2019,129,0.0,0,338,33,22,165,36,PLNNetwork,0.21818181818181817,0.5,False
carlstrom_phyllosphere_2019,129,0.0,0,338,33,22,165,36,Poisson GLMNet,0.26161616161616164,0.5241171403962102,False
carlstrom_phyllosphere_2019,129,0.0,0,338,33,22,165,36,SparCC,0.20871697243828774,0.4892334194659776,False
carlstrom_phyllosphere_2019,129,0.0,0,338,33,22,165,36,Mean rank,0.2294347223980617,0.5137812230835487,False
carlstrom_phyllosphere_2019,129,0.0,0,338,33,22,165,36,SPIEC-EASI,0.226010101010101,0.5061369509043927,False
carlstrom_phyllosphere_2019,129,0.2,68,338,33,22,165,36,Supervised combined,0.32153680173158905,0.6098191214470284,True
carlstrom_phyllosphere_2019,129,0.4,136,338,33,22,165,36,Supervised combined,0.3433580980395391,0.6453488372093024,True
carlstrom_phyllosphere_2019,129,0.6,203,338,33,22,165,36,Supervised combined,0.3643786770831438,0.6608527131782946,True
carlstrom_phyllosphere_2019,129,0.8,271,338,33,22,165,36,Supervised combined,0.39282999126721757,0.702842377260982,True
carlstrom_phyllosphere_2019,130,0.0,0,357,33,22,153,18,PLNNetwork,0.11764705882352941,0.5,False
carlstrom_phyllosphere_2019,130,0.0,0,357,33,22,153,18,Poisson GLMNet,0.1693899782135076,0.5481481481481482,False
carlstrom_phyllosphere_2019,130,0.0,0,357,33,22,153,18,SparCC,0.10179743157671373,0.43662551440329217,False
carlstrom_phyllosphere_2019,130,0.0,0,357,33,22,153,18,Mean rank,0.11387226853967704,0.4893004115226337,False
carlstrom_phyllosphere_2019,130,0.0,0,357,33,22,153,18,SPIEC-EASI,0.11764705882352941,0.48518518518518516,False
carlstrom_phyllosphere_2019,130,0.2,72,357,33,22,153,18,Supervised combined,0.1631369891944925,0.594238683127572,True
carlstrom_phyllosphere_2019,130,0.4,143,357,33,22,153,18,Supervised combined,0.1792789652707028,0.6008230452674896,True
carlstrom_phyllosphere_2019,130,0.6,215,357,33,22,153,18,Supervised combined,0.20357442387249686,0.565432098765432,True
carlstrom_phyllosphere_2019,130,0.8,286,357,33,22,153,18,Supervised combined,0.21872122858453533,0.5938271604938272,True
carlstrom_phyllosphere_2019,131,0.0,0,338,33,22,165,35,PLNNetwork,0.21212121212121213,0.5,False
carlstrom_phyllosphere_2019,131,0.0,0,338,33,22,165,35,Poisson GLMNet,0.23333333333333334,0.5245054945054946,False
carlstrom_phyllosphere_2019,131,0.0,0,338,33,22,165,35,SparCC,0.21143549033380443,0.4859340659340659,False
carlstrom_phyllosphere_2019,131,0.0,0,338,33,22,165,35,Mean rank,0.22458725455165957,0.5125274725274725,False
carlstrom_phyllosphere_2019,131,0.0,0,338,33,22,165,35,SPIEC-EASI,0.21212121212121213,0.49615384615384617,False
carlstrom_phyllosphere_2019,131,0.2,68,338,33,22,165,35,Supervised combined,0.27420202671625116,0.5428571428571428,True
carlstrom_phyllosphere_2019,131,0.4,136,338,33,22,165,35,Supervised combined,0.28503771403122535,0.6105494505494505,True
carlstrom_phyllosphere_2019,131,0.6,203,338,33,22,165,35,Supervised combined,0.38570648954999853,0.7041758241758241,True
carlstrom_phyllosphere_2019,131,0.8,271,338,33,22,165,35,Supervised combined,0.34520871961367194,0.6879120879120879,True
carlstrom_phyllosphere_2019,132,0.0,0,338,33,22,165,7,PLNNetwork,0.04242424242424243,0.5,False
carlstrom_phyllosphere_2019,132,0.0,0,338,33,22,165,7,Poisson GLMNet,0.04242424242424243,0.4936708860759494,False
carlstrom_phyllosphere_2019,132,0.0,0,338,33,22,165,7,SparCC,0.06088264684367515,0.3842676311030741,False
carlstrom_phyllosphere_2019,132,0.0,0,338,33,22,165,7,Mean rank,0.05271938153755269,0.38245931283905965,False
carlstrom_phyllosphere_2019,132,0.0,0,338,33,22,165,7,SPIEC-EASI,0.04242424242424243,0.49683544303797467,False
carlstrom_phyllosphere_2019,132,0.2,68,338,33,22,165,7,Supervised combined,0.11647583506388734,0.554249547920434,True
carlstrom_phyllosphere_2019,132,0.4,136,338,33,22,165,7,Supervised combined,0.0712156499690431,0.574141048824593,True
carlstrom_phyllosphere_2019,132,0.6,203,338,33,22,165,7,Supervised combined,0.07347126882007753,0.6030741410488245,True
carlstrom_phyllosphere_2019,132,0.8,271,338,33,22,165,7,Supervised combined,0.07040442277510518,0.6003616636528029,True
carlstrom_phyllosphere_2019,133,0.0,0,392,33,22,126,11,PLNNetwork,0.0873015873015873,0.5,False
carlstrom_phyllosphere_2019,133,0.0,0,392,33,22,126,11,Poisson GLMNet,0.17027417027417027,0.5296442687747035,False
carlstrom_phyllosphere_2019,133,0.0,0,392,33,22,126,11,SparCC,0.08602901138367539,0.4158102766798419,False
carlstrom_phyllosphere_2019,133,0.0,0,392,33,22,126,11,Mean rank,0.10515371206169997,0.45612648221343877,False
carlstrom_phyllosphere_2019,133,0.0,0,392,33,22,126,11,SPIEC-EASI,0.0873015873015873,0.49130434782608695,False
carlstrom_phyllosphere_2019,133,0.2,79,392,33,22,126,11,Supervised combined,0.09349345178488969,0.5059288537549407,True
carlstrom_phyllosphere_2019,133,0.4,157,392,33,22,126,11,Supervised combined,0.08755774672251787,0.4735177865612648,True
carlstrom_phyllosphere_2019,133,0.6,236,392,33,22,126,11,Supervised combined,0.08723944371258567,0.43399209486166007,True
carlstrom_phyllosphere_2019,133,0.8,314,392,33,22,126,11,Supervised combined,0.09290442833595311,0.4624505928853755,True
carlstrom_phyllosphere_2019,134,0.0,0,375,33,22,140,24,PLNNetwork,0.17142857142857143,0.5,False
carlstrom_phyllosphere_2019,134,0.0,0,375,33,22,140,24,Poisson GLMNet,0.19464285714285715,0.5283764367816092,False
carlstrom_phyllosphere_2019,134,0.0,0,375,33,22,140,24,SparCC,0.15531078980037913,0.4367816091954023,False
carlstrom_phyllosphere_2019,134,0.0,0,375,33,22,140,24,Mean rank,0.1977578972828344,0.4561781609195402,False
carlstrom_phyllosphere_2019,134,0.0,0,375,33,22,140,24,SPIEC-EASI,0.18511904761904763,0.5080818965517242,False
carlstrom_phyllosphere_2019,134,0.2,75,375,33,22,140,24,Supervised combined,0.29792572958453045,0.6346982758620691,True
carlstrom_phyllosphere_2019,134,0.4,150,375,33,22,140,24,Supervised combined,0.3456832445225574,0.7015086206896551,True
carlstrom_phyllosphere_2019,134,0.6,225,375,33,22,140,24,Supervised combined,0.3452325275827907,0.6853448275862069,True
carlstrom_phyllosphere_2019,134,0.8,300,375,33,22,140,24,Supervised combined,0.3569312617934396,0.7058189655172413,True
carlstrom_phyllosphere_2019,135,0.0,0,375,33,22,140,14,PLNNetwork,0.1,0.5,False
carlstrom_phyllosphere_2019,135,0.0,0,375,33,22,140,14,Poisson GLMNet,0.1,0.49603174603174605,False
carlstrom_phyllosphere_2019,135,0.0,0,375,33,22,140,14,SparCC,0.08653124071822815,0.42460317460317454,False
carlstrom_phyllosphere_2019,135,0.0,0,375,33,22,140,14,Mean rank,0.08653124071822815,0.42460317460317454,False
carlstrom_phyllosphere_2019,135,0.0,0,375,33,22,140,14,SPIEC-EASI,0.1,0.49603174603174605,False
carlstrom_phyllosphere_2019,135,0.2,75,375,33,22,140,14,Supervised combined,0.20562050313930014,0.6678004535147393,True
carlstrom_phyllosphere_2019,135,0.4,150,375,33,22,140,14,Supervised combined,0.26646922288220737,0.6933106575963719,True
carlstrom_phyllosphere_2019,135,0.6,225,375,33,22,140,14,Supervised combined,0.2538599345858567,0.6729024943310657,True
carlstrom_phyllosphere_2019,135,0.8,300,375,33,22,140,14,Supervised combined,0.2625517793493689,0.687641723356009,True
carlstrom_phyllosphere_2019,136,0.0,0,375,33,22,140,15,PLNNetwork,0.10714285714285714,0.5,False
carlstrom_phyllosphere_2019,136,0.0,0,375,33,22,140,15,Poisson GLMNet,0.10714285714285714,0.5,False
carlstrom_phyllosphere_2019,136,0.0,0,375,33,22,140,15,SparCC,0.15097539517545594,0.3834666666666667,False
carlstrom_phyllosphere_2019,136,0.0,0,375,33,22,140,15,Mean rank,0.15097539517545594,0.3834666666666667,False
carlstrom_phyllosphere_2019,136,0.0,0,375,33,22,140,15,SPIEC-EASI,0.10714285714285714,0.492,False
carlstrom_phyllosphere_2019,136,0.2,75,375,33,22,140,15,Supervised combined,0.4149247286408853,0.7685333333333333,True
carlstrom_phyllosphere_2019,136,0.4,150,375,33,22,140,15,Supervised combined,0.2424002928082349,0.7504,True
carlstrom_phyllosphere_2019,136,0.6,225,375,33,22,140,15,Supervised combined,0.25408369233081085,0.7525333333333333,True
carlstrom_phyllosphere_2019,136,0.8,300,375,33,22,140,15,Supervised combined,0.23918468558356346,0.768,True
carlstrom_phyllosphere_2019,137,0.0,0,357,33,22,153,23,PLNNetwork,0.1503267973856209,0.5,False
carlstrom_phyllosphere_2019,137,0.0,0,357,33,22,153,23,Poisson GLMNet,0.1503267973856209,0.5,False
carlstrom_phyllosphere_2019,137,0.0,0,357,33,22,153,23,SparCC,0.14113470084138519,0.4742474916387959,False
carlstrom_phyllosphere_2019,137,0.0,0,357,33,22,153,23,Mean rank,0.14113470084138519,0.4742474916387959,False
carlstrom_phyllosphere_2019,137,0.0,0,357,33,22,153,23,SPIEC-EASI,0.1503267973856209,0.5,False
carlstrom_phyllosphere_2019,137,0.2,72,357,33,22,153,23,Supervised combined,0.1992088789167382,0.6177257525083613,True
carlstrom_phyllosphere_2019,137,0.4,143,357,33,22,153,23,Supervised combined,0.20366619170363415,0.6197324414715719,True
carlstrom_phyllosphere_2019,137,0.6,215,357,33,22,153,23,Supervised combined,0.1983146544158966,0.6100334448160536,True
carlstrom_phyllosphere_2019,137,0.8,286,357,33,22,153,23,Supervised combined,0.255709458804833,0.577257525083612,True
carlstrom_phyllosphere_2019,138,0.0,0,318,33,22,176,23,PLNNetwork,0.13068181818181818,0.5,False
carlstrom_phyllosphere_2019,138,0.0,0,318,33,22,176,23,Poisson GLMNet,0.13068181818181818,0.4738562091503268,False
carlstrom_phyllosphere_2019,138,0.0,0,318,33,22,176,23,SparCC,0.15788727103399755,0.5677749360613811,False
carlstrom_phyllosphere_2019,138,0.0,0,318,33,22,176,23,Mean rank,0.14863104006930355,0.5515771526001705,False
carlstrom_phyllosphere_2019,138,0.0,0,318,33,22,176,23,SPIEC-EASI,0.16847826086956522,0.5186132423984086,False
carlstrom_phyllosphere_2019,138,0.2,64,318,33,22,176,23,Supervised combined,0.21799410914241013,0.6561523159988633,True
carlstrom_phyllosphere_2019,138,0.4,128,318,33,22,176,23,Supervised combined,0.26244781372285875,0.6487638533674338,True
carlstrom_phyllosphere_2019,138,0.6,191,318,33,22,176,23,Supervised combined,0.2785115435743689,0.6234725774367718,True
carlstrom_phyllosphere_2019,138,0.8,255,318,33,22,176,23,Supervised combined,0.2523751921117318,0.5987496447854503,True
carlstrom_phyllosphere_2019,139,0.0,0,375,33,22,140,6,PLNNetwork,0.04285714285714286,0.5,False
carlstrom_phyllosphere_2019,139,0.0,0,375,33,22,140,6,Poisson GLMNet,0.04285714285714286,0.5,False
carlstrom_phyllosphere_2019,139,0.0,0,375,33,22,140,6,SparCC,0.04302825624965175,0.4552238805970149,False
carlstrom_phyllosphere_2019,139,0.0,0,375,33,22,140,6,Mean rank,0.04302825624965175,0.4552238805970149,False
carlstrom_phyllosphere_2019,139,0.0,0,375,33,22,140,6,SPIEC-EASI,0.04285714285714286,0.48134328358208955,False
carlstrom_phyllosphere_2019,139,0.2,75,375,33,22,140,6,Supervised combined,0.23942030192030192,0.7985074626865671,True
carlstrom_phyllosphere_2019,139,0.4,150,375,33,22,140,6,Supervised combined,0.12577800059417704,0.7898009950248757,True
carlstrom_phyllosphere_2019,139,0.6,225,375,33,22,140,6,Supervised combined,0.1251524356025297,0.8072139303482587,True
carlstrom_phyllosphere_2019,139,0.8,300,375,33,22,140,6,Supervised combined,0.11393653452380667,0.7960199004975124,True
carlstrom_phyllosphere_2019,140,0.0,0,338,33,22,165,16,PLNNetwork,0.09696969696969697,0.5,False
carlstrom_phyllosphere_2019,140,0.0,0,338,33,22,165,16,Poisson GLMNet,0.09696969696969697,0.4966442953020134,False
carlstrom_phyllosphere_2019,140,0.0,0,338,33,22,165,16,SparCC,0.11610450478375846,0.4169463087248323,False
carlstrom_phyllosphere_2019,140,0.0,0,338,33,22,165,16,Mean rank,0.11017016134941503,0.41568791946308725,False
carlstrom_phyllosphere_2019,140,0.0,0,338,33,22,165,16,SPIEC-EASI,0.09696969696969697,0.4899328859060403,False
carlstrom_phyllosphere_2019,140,0.2,68,338,33,22,165,16,Supervised combined,0.1669155395549645,0.6837248322147651,True
carlstrom_phyllosphere_2019,140,0.4,136,338,33,22,165,16,Supervised combined,0.22797591185373656,0.6799496644295303,True
carlstrom_phyllosphere_2019,140,0.6,203,338,33,22,165,16,Supervised combined,0.25265500050512385,0.6929530201342281,True
carlstrom_phyllosphere_2019,140,0.8,271,338,33,22,165,16,Supervised combined,0.24342481199126142,0.6690436241610738,True
carlstrom_phyllosphere_2019,141,0.0,0,375,33,22,140,8,PLNNetwork,0.05714285714285714,0.5,False
carlstrom_phyllosphere_2019,141,0.0,0,375,33,22,140,8,Poisson GLMNet,0.05714285714285714,0.5,False
carlstrom_phyllosphere_2019,141,0.0,0,375,33,22,140,8,SparCC,0.051336197250096784,0.39109848484848486,False
carlstrom_phyllosphere_2019,141,0.0,0,375,33,22,140,8,Mean rank,0.051336197250096784,0.39109848484848486,False
carlstrom_phyllosphere_2019,141,0.0,0,375,33,22,140,8,SPIEC-EASI,0.05714285714285714,0.49242424242424243,False
carlstrom_phyllosphere_2019,141,0.2,75,375,33,22,140,8,Supervised combined,0.06523972975732925,0.48579545454545453,True
carlstrom_phyllosphere_2019,141,0.4,150,375,33,22,140,8,Supervised combined,0.0709892071168369,0.47537878787878785,True
carlstrom_phyllosphere_2019,141,0.6,225,375,33,22,140,8,Supervised combined,0.06663707285207844,0.5142045454545455,True
carlstrom_phyllosphere_2019,141,0.8,300,375,33,22,140,8,Supervised combined,0.06772003508774005,0.5009469696969697,True
carlstrom_phyllosphere_2019,142,0.0,0,357,33,22,153,17,PLNNetwork,0.1111111111111111,0.5,False
carlstrom_phyllosphere_2019,142,0.0,0,357,33,22,153,17,Poisson GLMNet,0.1111111111111111,0.4963235294117647,False
carlstrom_phyllosphere_2019,142,0.0,0,357,33,22,153,17,SparCC,0.11781154269941371,0.5488754325259515,False
carlstrom_phyllosphere_2019,142,0.0,0,357,33,22,153,17,Mean rank,0.11781154269941371,0.5488754325259515,False
carlstrom_phyllosphere_2019,142,0.0,0,357,33,22,153,17,SPIEC-EASI,0.1633986928104575,0.5224913494809689,False
carlstrom_phyllosphere_2019,142,0.2,72,357,33,22,153,17,Supervised combined,0.3017011632904577,0.6738754325259516,True
carlstrom_phyllosphere_2019,142,0.4,143,357,33,22,153,17,Supervised combined,0.37760677173949564,0.6552768166089965,True
carlstrom_phyllosphere_2019,142,0.6,215,357,33,22,153,17,Supervised combined,0.37952919112632877,0.6708477508650519,True
carlstrom_phyllosphere_2019,142,0.8,286,357,33,22,153,17,Supervised combined,0.3281423900933102,0.6820934256055363,True
carlstrom_phyllosphere_2019,143,0.0,0,357,33,22,153,19,PLNNetwork,0.12418300653594772,0.5,False
carlstrom_phyllosphere_2019,143,0.0,0,357,33,22,153,19,Poisson GLMNet,0.14396284829721362,0.5223880597014925,False
carlstrom_phyllosphere_2019,143,0.0,0,357,33,22,153,19,SparCC,0.11199409154581787,0.4096622152395915,False
carlstrom_phyllosphere_2019,143,0.0,0,357,33,22,153,19,Mean rank,0.11692745640150679,0.4347996857816182,False
carlstrom_phyllosphere_2019,143,0.0,0,357,33,22,153,19,SPIEC-EASI,0.13519091847265224,0.5149253731343284,False
carlstrom_phyllosphere_2019,143,0.2,72,357,33,22,153,19,Supervised combined,0.17209291206146424,0.4846818538884524,True
carlstrom_phyllosphere_2019,143,0.4,143,357,33,22,153,19,Supervised combined,0.17916433482775643,0.5153181461115475,True
carlstrom_phyllosphere_2019,143,0.6,215,357,33,22,153,19,Supervised combined,0.16146335267043593,0.49175176747839744,True
carlstrom_phyllosphere_2019,143,0.8,286,357,33,22,153,19,Supervised combined,0.18979622611669558,0.5062843676355067,True
carlstrom_phyllosphere_2019,144,0.0,0,375,33,22,140,20,PLNNetwork,0.14285714285714285,0.5,False
carlstrom_phyllosphere_2019,144,0.0,0,375,33,22,140,20,Poisson GLMNet,0.14285714285714285,0.5,False
carlstrom_phyllosphere_2019,144,0.0,0,375,33,22,140,20,SparCC,0.12386905025495969,0.43833333333333335,False
carlstrom_phyllosphere_2019,144,0.0,0,375,33,22,140,20,Mean rank,0.12386905025495969,0.43833333333333335,False
carlstrom_phyllosphere_2019,144,0.0,0,375,33,22,140,20,SPIEC-EASI,0.14285714285714285,0.49583333333333335,False
carlstrom_phyllosphere_2019,144,0.2,75,375,33,22,140,20,Supervised combined,0.19726372928366803,0.62,True
carlstrom_phyllosphere_2019,144,0.4,150,375,33,22,140,20,Supervised combined,0.19085699046367433,0.5900000000000001,True
carlstrom_phyllosphere_2019,144,0.6,225,375,33,22,140,20,Supervised combined,0.19616035412089566,0.5904166666666666,True
carlstrom_phyllosphere_2019,144,0.8,300,375,33,22,140,20,Supervised combined,0.21042510113494783,0.5820833333333333,True
carlstrom_phyllosphere_2019,145,0.0,0,338,33,22,165,16,PLNNetwork,0.09696969696969697,0.5,False
carlstrom_phyllosphere_2019,145,0.0,0,338,33,22,165,16,Poisson GLMNet,0.19441287878787877,0.5994127516778524,False
carlstrom_phyllosphere_2019,145,0.0,0,338,33,22,165,16,SparCC,0.20332956122147633,0.636744966442953,False
carlstrom_phyllosphere_2019,145,0.0,0,338,33,22,165,16,Mean rank,0.25759835972542894,0.7126677852348994,False
carlstrom_phyllosphere_2019,145,0.0,0,338,33,22,165,16,SPIEC-EASI,0.09696969696969697,0.49328859060402686,False
carlstrom_phyllosphere_2019,145,0.2,68,338,33,22,165,16,Supervised combined,0.1415307924097612,0.5465604026845637,True
carlstrom_phyllosphere_2019,145,0.4,136,338,33,22,165,16,Supervised combined,0.1364715749113829,0.48028523489932884,True
carlstrom_phyllosphere_2019,145,0.6,203,338,33,22,165,16,Supervised combined,0.16408062868333576,0.5591442953020135,True
carlstrom_phyllosphere_2019,145,0.8,271,338,33,22,165,16,Supervised combined,0.16043712317056288,0.5801174496644296,True
carlstrom_phyllosphere_2019,146,0.0,0,338,33,22,165,23,PLNNetwork,0.1393939393939394,0.5,False
carlstrom_phyllosphere_2019,146,0.0,0,338,33,22,165,23,Poisson GLMNet,0.17681159420289858,0.5217391304347826,False
carlstrom_phyllosphere_2019,146,0.0,0,338,33,22,165,23,SparCC,0.11398384694079577,0.39406001224739745,False
carlstrom_phyllosphere_2019,146,0.0,0,338,33,22,165,23,Mean rank,0.1192269754948911,0.41518677281077776,False
carlstrom_phyllosphere_2019,146,0.0,0,338,33,22,165,23,SPIEC-EASI,0.1393939393939394,0.4894366197183099,False
carlstrom_phyllosphere_2019,146,0.2,68,338,33,22,165,23,Supervised combined,0.2672067962663769,0.6454378444580526,True
carlstrom_phyllosphere_2019,146,0.4,136,338,33,22,165,23,Supervised combined,0.2831092440505644,0.6751377832210654,True
carlstrom_phyllosphere_2019,146,0.6,203,338,33,22,165,23,Supervised combined,0.2718716758047946,0.7072872014696877,True
carlstrom_phyllosphere_2019,146,0.8,271,338,33,22,165,23,Supervised combined,0.2485288166732314,0.6781996325780771,True
carlstrom_phyllosphere_2019,147,0.0,0,375,33,22,140,16,PLNNetwork,0.11428571428571428,0.5,False
carlstrom_phyllosphere_2019,147,0.0,0,375,33,22,140,16,Poisson GLMNet,0.36815476190476193,0.6524697580645161,False
carlstrom_phyllosphere_2019,147,0.0,0,375,33,22,140,16,SparCC,0.20283591258468914,0.606350806451613,False
carlstrom_phyllosphere_2019,147,0.0,0,375,33,22,140,16,Mean rank,0.3940521943448035,0.7076612903225806,False
carlstrom_phyllosphere_2019,147,0.0,0,375,33,22,140,16,SPIEC-EASI,0.13839285714285715,0.5231854838709677,False
carlstrom_phyllosphere_2019,147,0.2,75,375,33,22,140,16,Supervised combined,0.2041609492922772,0.4798387096774193,True
carlstrom_phyllosphere_2019,147,0.4,150,375,33,22,140,16,Supervised combined,0.23938264055491892,0.7167338709677419,True
carlstrom_phyllosphere_2019,147,0.6,225,375,33,22,140,16,Supervised combined,0.19265579804025945,0.6345766129032258,True
carlstrom_phyllosphere_2019,147,0.8,300,375,33,22,140,16,Supervised combined,0.1480395836952194,0.516633064516129,True
carlstrom_phyllosphere_2019,148,0.0,0,338,33,22,165,10,PLNNetwork,0.06060606060606061,0.5,False
carlstrom_phyllosphere_2019,148,0.0,0,338,33,22,165,10,Poisson GLMNet,0.06060606060606061,0.4774193548387097,False
carlstrom_phyllosphere_2019,148,0.0,0,338,33,22,165,10,SparCC,0.04887619377222903,0.35806451612903223,False
carlstrom_phyllosphere_2019,148,0.0,0,338,33,22,165,10,Mean rank,0.04807244751878984,0.3503225806451613,False
carlstrom_phyllosphere_2019,148,0.0,0,338,33,22,165,10,SPIEC-EASI,0.06060606060606061,0.4870967741935484,False
carlstrom_phyllosphere_2019,148,0.2,68,338,33,22,165,10,Supervised combined,0.10651169901705348,0.6529032258064517,True
carlstrom_phyllosphere_2019,148,0.4,136,338,33,22,165,10,Supervised combined,0.1656428718247198,0.7961290322580645,True
carlstrom_phyllosphere_2019,148,0.6,203,338,33,22,165,10,Supervised combined,0.1446762870495958,0.7625806451612904,True
carlstrom_phyllosphere_2019,148,0.8,271,338,33,22,165,10,Supervised combined,0.15532183249813797,0.7496774193548388,True
carlstrom_phyllosphere_2019,149,0.0,0,318,33,22,176,27,PLNNetwork,0.1534090909090909,0.5,False
carlstrom_phyllosphere_2019,149,0.0,0,318,33,22,176,27,Poisson GLMNet,0.1534090909090909,0.49328859060402686,False
carlstrom_phyllosphere_2019,149,0.0,0,318,33,22,176,27,SparCC,0.12310071335954295,0.3629132488192891,False
carlstrom_phyllosphere_2019,149,0.0,0,318,33,22,176,27,Mean rank,0.12186614545830839,0.36266467810091974,False
carlstrom_phyllosphere_2019,149,0.0,0,318,33,22,176,27,SPIEC-EASI,0.1534090909090909,0.49328859060402686,False
carlstrom_phyllosphere_2019,149,0.2,64,318,33,22,176,27,Supervised combined,0.2631043258738221,0.6408153119562514,True
carlstrom_phyllosphere_2019,149,0.4,128,318,33,22,176,27,Supervised combined,0.2151511524837971,0.6169525229927916,True
carlstrom_phyllosphere_2019,149,0.6,191,318,33,22,176,27,Supervised combined,0.25126202158329614,0.676858066119811,True
carlstrom_phyllosphere_2019,149,0.8,255,318,33,22,176,27,Supervised combined,0.29640295359014124,0.7305493412875963,True
carlstrom_phyllosphere_2019,150,0.0,0,338,33,22,165,21,PLNNetwork,0.12727272727272726,0.5,False
carlstrom_phyllosphere_2019,150,0.0,0,338,33,22,165,21,Poisson GLMNet,0.12727272727272726,0.4895833333333333,False
carlstrom_phyllosphere_2019,150,0.0,0,338,33,22,165,21,SparCC,0.10455839309569781,0.39914021164021163,False
carlstrom_phyllosphere_2019,150,0.0,0,338,33,22,165,21,Mean rank,0.10407029755689119,0.39781746031746035,False
carlstrom_phyllosphere_2019,150,0.0,0,338,33,22,165,21,SPIEC-EASI,0.145021645021645,0.5168650793650794,False
carlstrom_phyllosphere_2019,150,0.2,68,338,33,22,165,21,Supervised combined,0.2001975407308546,0.6997354497354498,True
carlstrom_phyllosphere_2019,150,0.4,136,338,33,22,165,21,Supervised combined,0.2058500947653666,0.6385582010582012,True
carlstrom_phyllosphere_2019,150,0.6,203,338,33,22,165,21,Supervised combined,0.20488380011992974,0.6610449735449735,True
carlstrom_phyllosphere_2019,150,0.8,271,338,33,22,165,21,Supervised combined,0.22451862968314396,0.6722883597883597,True
carlstrom_phyllosphere_2019,151,0.0,0,338,33,22,165,17,PLNNetwork,0.10303030303030303,0.5,False
carlstrom_phyllosphere_2019,151,0.0,0,338,33,22,165,17,Poisson GLMNet,0.13404634581105168,0.5478934817170111,False
carlstrom_phyllosphere_2019,151,0.0,0,338,33,22,165,17,SparCC,0.16339966542541867,0.5592209856915739,False
carlstrom_phyllosphere_2019,151,0.0,0,338,33,22,165,17,Mean rank,0.21415319223462675,0.5894276629570747,False
carlstrom_phyllosphere_2019,151,0.0,0,338,33,22,165,17,SPIEC-EASI,0.10303030303030303,0.4864864864864865,False
carlstrom_phyllosphere_2019,151,0.2,68,338,33,22,165,17,Supervised combined,0.1629249512319667,0.629570747217806,True
carlstrom_phyllosphere_2019,151,0.4,136,338,33,22,165,17,Supervised combined,0.24648332353423863,0.6899841017488076,True
carlstrom_phyllosphere_2019,151,0.6,203,338,33,22,165,17,Supervised combined,0.268666212216746,0.6868044515103339,True
carlstrom_phyllosphere_2019,151,0.8,271,338,33,22,165,17,Supervised combined,0.2214216060447179,0.6617647058823529,True
carlstrom_phyllosphere_2019,152,0.0,0,275,33,22,195,15,PLNNetwork,0.07692307692307693,0.5,False
carlstrom_phyllosphere_2019,152,0.0,0,275,33,22,195,15,Poisson GLMNet,0.16,0.5462962962962963,False
carlstrom_phyllosphere_2019,152,0.0,0,275,33,22,195,15,SparCC,0.11154998394953,0.5800000000000001,False
carlstrom_phyllosphere_2019,152,0.0,0,275,33,22,195,15,Mean rank,0.13230368598148262,0.6385185185185185,False
carlstrom_phyllosphere_2019,152,0.0,0,275,33,22,195,15,SPIEC-EASI,0.2,0.5618518518518519,False
carlstrom_phyllosphere_2019,152,0.2,55,275,33,22,195,15,Supervised combined,0.08541692442130719,0.5533333333333333,True
carlstrom_phyllosphere_2019,152,0.4,110,275,33,22,195,15,Supervised combined,0.11369539776092139,0.6722222222222223,True
carlstrom_phyllosphere_2019,152,0.6,165,275,33,22,195,15,Supervised combined,0.10953185638724419,0.6518518518518519,True
carlstrom_phyllosphere_2019,152,0.8,220,275,33,22,195,15,Supervised combined,0.10466955396257957,0.6274074074074074,True
carlstrom_phyllosphere_2019,153,0.0,0,392,33,22,126,11,PLNNetwork,0.0873015873015873,0.5,False
carlstrom_phyllosphere_2019,153,0.0,0,392,33,22,126,11,Poisson GLMNet,0.22294372294372294,0.5652173913043479,False
carlstrom_phyllosphere_2019,153,0.0,0,392,33,22,126,11,SparCC,0.09081815013308508,0.5185770750988142,False
carlstrom_phyllosphere_2019,153,0.0,0,392,33,22,126,11,Mean rank,0.11936846274381288,0.6015810276679843,False
carlstrom_phyllosphere_2019,153,0.0,0,392,33,22,126,11,SPIEC-EASI,0.0873015873015873,0.5,False
carlstrom_phyllosphere_2019,153,0.2,79,392,33,22,126,11,Supervised combined,0.08148248601984368,0.4324110671936759,True
carlstrom_phyllosphere_2019,153,0.4,157,392,33,22,126,11,Supervised combined,0.08786040751162266,0.4774703557312253,True
carlstrom_phyllosphere_2019,153,0.6,236,392,33,22,126,11,Supervised combined,0.11060562278182398,0.4790513833992095,True
carlstrom_phyllosphere_2019,153,0.8,314,392,33,22,126,11,Supervised combined,0.10620801294696774,0.5146245059288537,True
carlstrom_phyllosphere_2019,154,0.0,0,318,33,22,176,29,PLNNetwork,0.16477272727272727,0.5,False
carlstrom_phyllosphere_2019,154,0.0,0,318,33,22,176,29,Poisson GLMNet,0.22588819226750262,0.5449214168425991,False
carlstrom_phyllosphere_2019,154,0.0,0,318,33,22,176,29,SparCC,0.16942237945420976,0.4119164907342247,False
carlstrom_phyllosphere_2019,154,0.0,0,318,33,22,176,29,Mean rank,0.19388060312432892,0.427633122214403,False
carlstrom_phyllosphere_2019,154,0.0,0,318,33,22,176,29,SPIEC-EASI,0.19357366771159873,0.5041050903119868,False
carlstrom_phyllosphere_2019,154,0.2,64,318,33,22,176,29,Supervised combined,0.18073876299683583,0.5348346235045742,True
carlstrom_phyllosphere_2019,154,0.4,128,318,33,22,176,29,Supervised combined,0.1696325116703168,0.48228946751114243,True
carlstrom_phyllosphere_2019,154,0.6,191,318,33,22,176,29,Supervised combined,0.1776256686699798,0.48815388224255224,True
carlstrom_phyllosphere_2019,154,0.8,255,318,33,22,176,29,Supervised combined,0.1815482196086243,0.5019939010086794,True
carlstrom_phyllosphere_2019,155,0.0,0,408,33,22,111,15,PLNNetwork,0.13513513513513514,0.5,False
carlstrom_phyllosphere_2019,155,0.0,0,408,33,22,111,15,Poisson GLMNet,0.24810810810810813,0.5888888888888888,False
carlstrom_phyllosphere_2019,155,0.0,0,408,33,22,111,15,SparCC,0.21648316129862671,0.4791666666666667,False
carlstrom_phyllosphere_2019,155,0.0,0,408,33,22,111,15,Mean rank,0.2571848693839578,0.517361111111111,False
carlstrom_phyllosphere_2019,155,0.0,0,408,33,22,111,15,SPIEC-EASI,0.19279279279279282,0.5333333333333333,False
carlstrom_phyllosphere_2019,155,0.2,82,408,33,22,111,15,Supervised combined,0.2014353295061321,0.5493055555555555,True
carlstrom_phyllosphere_2019,155,0.4,164,408,33,22,111,15,Supervised combined,0.21859773192281443,0.5701388888888888,True
carlstrom_phyllosphere_2019,155,0.6,245,408,33,22,111,15,Supervised combined,0.20043384320654484,0.5472222222222223,True
carlstrom_phyllosphere_2019,155,0.8,327,408,33,22,111,15,Supervised combined,0.22570240955627469,0.5319444444444444,True
carlstrom_phyllosphere_2019,156,0.0,0,297,33,22,186,11,PLNNetwork,0.05913978494623656,0.5,False
carlstrom_phyllosphere_2019,156,0.0,0,297,33,22,186,11,Poisson GLMNet,0.05913978494623656,0.4742857142857143,False
carlstrom_phyllosphere_2019,156,0.0,0,297,33,22,186,11,SparCC,0.06587722115623841,0.4914285714285715,False
carlstrom_phyllosphere_2019,156,0.0,0,297,33,22,186,11,Mean rank,0.06151682836939497,0.4831168831168831,False
carlstrom_phyllosphere_2019,156,0.0,0,297,33,22,186,11,SPIEC-EASI,0.05913978494623656,0.4857142857142857,False
carlstrom_phyllosphere_2019,156,0.2,60,297,33,22,186,11,Supervised combined,0.10098097870828526,0.5537662337662337,True
carlstrom_phyllosphere_2019,156,0.4,119,297,33,22,186,11,Supervised combined,0.19891014131160073,0.6446753246753246,True
carlstrom_phyllosphere_2019,156,0.6,179,297,33,22,186,11,Supervised combined,0.189917130179499,0.6488311688311689,True
carlstrom_phyllosphere_2019,156,0.8,238,297,33,22,186,11,Supervised combined,0.12550459692849586,0.6587012987012987,True
carlstrom_phyllosphere_2019,157,0.0,0,357,33,22,153,17,PLNNetwork,0.1111111111111111,0.5,False
carlstrom_phyllosphere_2019,157,0.0,0,357,33,22,153,17,Poisson GLMNet,0.3006535947712418,0.6055363321799309,False
carlstrom_phyllosphere_2019,157,0.0,0,357,33,22,153,17,SparCC,0.18468651661390528,0.5315743944636678,False
carlstrom_phyllosphere_2019,157,0.0,0,357,33,22,153,17,Mean rank,0.22023356270770741,0.6020761245674741,False
carlstrom_phyllosphere_2019,157,0.0,0,357,33,22,153,17,SPIEC-EASI,0.1633986928104575,0.5190311418685122,False
carlstrom_phyllosphere_2019,157,0.2,72,357,33,22,153,17,Supervised combined,0.19464233980719703,0.5929930795847751,True
carlstrom_phyllosphere_2019,157,0.4,143,357,33,22,153,17,Supervised combined,0.20621876370493603,0.6366782006920415,True
carlstrom_phyllosphere_2019,157,0.6,215,357,33,22,153,17,Supervised combined,0.18043156562249504,0.6141868512110726,True
carlstrom_phyllosphere_2019,157,0.8,286,357,33,22,153,17,Supervised combined,0.18175675193986573,0.6120242214532872,True
carlstrom_phyllosphere_2019,158,0.0,0,338,33,22,165,17,PLNNetwork,0.10303030303030303,0.5,False
carlstrom_phyllosphere_2019,158,0.0,0,338,33,22,165,17,Poisson GLMNet,0.10303030303030303,0.47635135135135137,False
carlstrom_phyllosphere_2019,158,0.0,0,338,33,22,165,17,SparCC,0.07777894409282679,0.3370429252782194,False
carlstrom_phyllosphere_2019,158,0.0,0,338,33,22,165,17,Mean rank,0.07647324250047777,0.3279014308426073,False
carlstrom_phyllosphere_2019,158,0.0,0,338,33,22,165,17,SPIEC-EASI,0.10303030303030303,0.49324324324324326,False
carlstrom_phyllosphere_2019,158,0.2,68,338,33,22,165,17,Supervised combined,0.11892195852626838,0.5580286168521462,True
carlstrom_phyllosphere_2019,158,0.4,136,338,33,22,165,17,Supervised combined,0.19635860087520227,0.6001589825119237,True
carlstrom_phyllosphere_2019,158,0.6,203,338,33,22,165,17,Supervised combined,0.14917692644819086,0.5842607313195549,True
carlstrom_phyllosphere_2019,158,0.8,271,338,33,22,165,17,Supervised combined,0.12232987220258398,0.5659777424483307,True
carlstrom_phyllosphere_2019,159,0.0,0,297,33,22,186,27,PLNNetwork,0.14516129032258066,0.5,False
carlstrom_phyllosphere_2019,159,0.0,0,297,33,22,186,27,Poisson GLMNet,0.14516129032258066,0.49056603773584906,False
carlstrom_phyllosphere_2019,159,0.0,0,297,33,22,186,27,SparCC,0.13023250804452835,0.4612159329140461,False
carlstrom_phyllosphere_2019,159,0.0,0,297,33,22,186,27,Mean rank,0.12953216824361216,0.4593524341952015,False
carlstrom_phyllosphere_2019,159,0.0,0,297,33,22,186,27,SPIEC-EASI,0.14516129032258066,0.5,False
carlstrom_phyllosphere_2019,159,0.2,60,297,33,22,186,27,Supervised combined,0.1602683537834092,0.5676682972280456,True
carlstrom_phyllosphere_2019,159,0.4,119,297,33,22,186,27,Supervised combined,0.1636285180260222,0.5769857908222689,True
carlstrom_phyllosphere_2019,159,0.6,179,297,33,22,186,27,Supervised combined,0.16519104603708806,0.5765199161425576,True
carlstrom_phyllosphere_2019,159,0.8,238,297,33,22,186,27,Supervised combined,0.1716872132088899,0.5667365478686233,True
carlstrom_phyllosphere_2019,160,0.0,0,357,33,22,153,26,PLNNetwork,0.16993464052287582,0.5,False
carlstrom_phyllosphere_2019,160,0.0,0,357,33,22,153,26,Poisson GLMNet,0.2107088989441931,0.5266505148394912,False
carlstrom_phyllosphere_2019,160,0.0,0,357,33,22,153,26,SparCC,0.17460398732703322,0.4996971532404603,False
carlstrom_phyllosphere_2019,160,0.0,0,357,33,22,153,26,Mean rank,0.18947328734160498,0.5293761356753484,False
carlstrom_phyllosphere_2019,160,0.0,0,357,33,22,153,26,SPIEC-EASI,0.18262946204122676,0.5037855844942459,False
carlstrom_phyllosphere_2019,160,0.2,72,357,33,22,153,26,Supervised combined,0.30786477967417497,0.6826165960024229,True
carlstrom_phyllosphere_2019,160,0.4,143,357,33,22,153,26,Supervised combined,0.2547445515265728,0.6471835251362811,True
carlstrom_phyllosphere_2019,160,0.6,215,357,33,22,153,26,Supervised combined,0.2368790078402998,0.6620230163537251,True
carlstrom_phyllosphere_2019,160,0.8,286,357,33,22,153,26,Supervised combined,0.2257240458235078,0.5996365838885525,True
carlstrom_phyllosphere_2019,161,0.0,0,252,33,22,203,39,PLNNetwork,0.1921182266009852,0.5,False
carlstrom_phyllosphere_2019,161,0.0,0,252,33,22,203,39,Poisson GLMNet,0.22648520062313168,0.5351782363977485,False
carlstrom_phyllosphere_2019,161,0.0,0,252,33,22,203,39,SparCC,0.17206002450418661,0.4285490931832395,False
carlstrom_phyllosphere_2019,161,0.0,0,252,33,22,203,39,Mean rank,0.20846634622036636,0.4537210756722952,False
carlstrom_phyllosphere_2019,161,0.0,0,252,33,22,203,39,SPIEC-EASI,0.1921182266009852,0.49390243902439024,False
carlstrom_phyllosphere_2019,161,0.2,51,252,33,22,203,39,Supervised combined,0.2041554388476558,0.5175109443402126,True
carlstrom_phyllosphere_2019,161,0.4,101,252,33,22,203,39,Supervised combined,0.24265324371624425,0.5126641651031896,True
carlstrom_phyllosphere_2019,161,0.6,152,252,33,22,203,39,Supervised combined,0.288325177097328,0.5678549093183239,True
carlstrom_phyllosphere_2019,161,0.8,202,252,33,22,203,39,Supervised combined,0.2723311505527598,0.6097560975609756,True
carlstrom_phyllosphere_2019,162,0.0,0,357,33,22,153,20,PLNNetwork,0.13071895424836602,0.5,False
carlstrom_phyllosphere_2019,162,0.0,0,357,33,22,153,20,Poisson GLMNet,0.14084967320261438,0.5171052631578947,False
carlstrom_phyllosphere_2019,162,0.0,0,357,33,22,153,20,SparCC,0.1519798930148617,0.4327067669172932,False
carlstrom_phyllosphere_2019,162,0.0,0,357,33,22,153,20,Mean rank,0.1550820666650354,0.45714285714285713,False
carlstrom_phyllosphere_2019,162,0.0,0,357,33,22,153,20,SPIEC-EASI,0.1491830065359477,0.5174812030075188,False
carlstrom_phyllosphere_2019,162,0.2,72,357,33,22,153,20,Supervised combined,0.24149308716876472,0.6733082706766916,True
carlstrom_phyllosphere_2019,162,0.4,143,357,33,22,153,20,Supervised combined,0.30266591254880687,0.6507518796992482,True
carlstrom_phyllosphere_2019,162,0.6,215,357,33,22,153,20,Supervised combined,0.2698274864010084,0.6507518796992482,True
carlstrom_phyllosphere_2019,162,0.8,286,357,33,22,153,20,Supervised combined,0.31531148979081375,0.6563909774436091,True
carlstrom_phyllosphere_2019,163,0.0,0,357,33,22,153,12,PLNNetwork,0.0784313725490196,0.5,False
carlstrom_phyllosphere_2019,163,0.0,0,357,33,22,153,12,Poisson GLMNet,0.09967320261437908,0.5209810874704491,False
carlstrom_phyllosphere_2019,163,0.0,0,357,33,22,153,12,SparCC,0.10200201023314236,0.48817966903073284,False
carlstrom_phyllosphere_2019,163,0.0,0,357,33,22,153,12,Mean rank,0.10316571840585032,0.5195035460992907,False
carlstrom_phyllosphere_2019,163,0.0,0,357,33,22,153,12,SPIEC-EASI,0.15522875816993464,0.5384160756501182,False
carlstrom_phyllosphere_2019,163,0.2,72,357,33,22,153,12,Supervised combined,0.2641837514877936,0.5726950354609929,True
carlstrom_phyllosphere_2019,163,0.4,143,357,33,22,153,12,Supervised combined,0.34058806603129305,0.7257683215130024,True
carlstrom_phyllosphere_2019,163,0.6,215,357,33,22,153,12,Supervised combined,0.32789588759983496,0.7228132387706856,True
carlstrom_phyllosphere_2019,163,0.8,286,357,33,22,153,12,Supervised combined,0.32206025318049386,0.7635933806146572,True
carlstrom_phyllosphere_2019,164,0.0,0,357,33,22,153,18,PLNNetwork,0.11764705882352941,0.5,False
carlstrom_phyllosphere_2019,164,0.0,0,357,33,22,153,18,Poisson GLMNet,0.11764705882352941,0.5,False
carlstrom_phyllosphere_2019,164,0.0,0,357,33,22,153,18,SparCC,0.08889872924427025,0.34485596707818933,False
carlstrom_phyllosphere_2019,164,0.0,0,357,33,22,153,18,Mean rank,0.08889872924427025,0.34485596707818933,False
carlstrom_phyllosphere_2019,164,0.0,0,357,33,22,153,18,SPIEC-EASI,0.11764705882352941,0.4925925925925926,False
carlstrom_phyllosphere_2019,164,0.2,72,357,33,22,153,18,Supervised combined,0.18612110556660016,0.637448559670782,True
carlstrom_phyllosphere_2019,164,0.4,143,357,33,22,153,18,Supervised combined,0.1708632055722832,0.6098765432098766,True
carlstrom_phyllosphere_2019,164,0.6,215,357,33,22,153,18,Supervised combined,0.15004975009634247,0.5448559670781893,True
carlstrom_phyllosphere_2019,164,0.8,286,357,33,22,153,18,Supervised combined,0.16117300358282693,0.5732510288065844,True
carlstrom_phyllosphere_2019,165,0.0,0,297,33,22,186,40,PLNNetwork,0.21505376344086022,0.5,False
carlstrom_phyllosphere_2019,165,0.0,0,297,33,22,186,40,Poisson GLMNet,0.2935483870967742,0.55,False
carlstrom_phyllosphere_2019,165,0.0,0,297,33,22,186,40,SparCC,0.2157930136466856,0.48356164383561645,False
carlstrom_phyllosphere_2019,165,0.0,0,297,33,22,186,40,Mean rank,0.27597855075906497,0.5251712328767124,False
carlstrom_phyllosphere_2019,165,0.0,0,297,33,22,186,40,SPIEC-EASI,0.2346774193548387,0.5091609589041095,False
carlstrom_phyllosphere_2019,165,0.2,60,297,33,22,186,40,Supervised combined,0.21405442218161036,0.49726027397260275,True
carlstrom_phyllosphere_2019,165,0.4,119,297,33,22,186,40,Supervised combined,0.21310362817240486,0.48304794520547945,True
carlstrom_phyllosphere_2019,165,0.6,179,297,33,22,186,40,Supervised combined,0.23367056682623333,0.49297945205479454,True
carlstrom_phyllosphere_2019,165,0.8,238,297,33,22,186,40,Supervised combined,0.21463637957306522,0.48184931506849316,True
carlstrom_phyllosphere_2019,166,0.0,0,375,33,22,140,5,PLNNetwork,0.03571428571428571,0.5,False
carlstrom_phyllosphere_2019,166,0.0,0,375,33,22,140,5,Poisson GLMNet,0.03571428571428571,0.48518518518518516,False
carlstrom_phyllosphere_2019,166,0.0,0,375,33,22,140,5,SparCC,0.0356140350877193,0.41481481481481486,False
carlstrom_phyllosphere_2019,166,0.0,0,375,33,22,140,5,Mean rank,0.034853801169590644,0.40740740740740744,False
carlstrom_phyllosphere_2019,166,0.0,0,375,33,22,140,5,SPIEC-EASI,0.03571428571428571,0.5,False
carlstrom_phyllosphere_2019,166,0.2,75,375,33,22,140,5,Supervised combined,0.13221632961151247,0.45925925925925926,True
carlstrom_phyllosphere_2019,166,0.4,150,375,33,22,140,5,Supervised combined,0.049008511073359635,0.46370370370370373,True
carlstrom_phyllosphere_2019,166,0.6,225,375,33,22,140,5,Supervised combined,0.06642821788012351,0.562962962962963,True
carlstrom_phyllosphere_2019,166,0.8,300,375,33,22,140,5,Supervised combined,0.10585821657497661,0.5777777777777778,True
carlstrom_phyllosphere_2019,167,0.0,0,318,33,22,176,34,PLNNetwork,0.19318181818181818,0.5,False
carlstrom_phyllosphere_2019,167,0.0,0,318,33,22,176,34,Poisson GLMNet,0.22795709192768016,0.5296188898094448,False
carlstrom_phyllosphere_2019,167,0.0,0,318,33,22,176,34,SparCC,0.1949476353667533,0.5136702568351285,False
carlstrom_phyllosphere_2019,167,0.0,0,318,33,22,176,34,Mean rank,0.23317590130525567,0.5399751449875725,False
carlstrom_phyllosphere_2019,167,0.0,0,318,33,22,176,34,SPIEC-EASI,0.21691176470588236,0.507870753935377,False
carlstrom_phyllosphere_2019,167,0.2,64,318,33,22,176,34,Supervised combined,0.27784574473137946,0.551781275890638,True
carlstrom_phyllosphere_2019,167,0.4,128,318,33,22,176,34,Supervised combined,0.29711346165450253,0.6056338028169014,True
carlstrom_phyllosphere_2019,167,0.6,191,318,33,22,176,34,Supervised combined,0.28667200042838975,0.6184755592377796,True
carlstrom_phyllosphere_2019,167,0.8,255,318,33,22,176,34,Supervised combined,0.32866986745165766,0.6166114333057167,True
carlstrom_phyllosphere_2019,168,0.0,0,338,33,22,165,21,PLNNetwork,0.12727272727272726,0.5,False
carlstrom_phyllosphere_2019,168,0.0,0,338,33,22,165,21,Poisson GLMNet,0.1688311688311688,0.5205026455026455,False
carlstrom_phyllosphere_2019,168,0.0,0,338,33,22,165,21,SparCC,0.12681584969607904,0.4966931216931217,False
carlstrom_phyllosphere_2019,168,0.0,0,338,33,22,165,21,Mean rank,0.13213525490661454,0.517526455026455,False
carlstrom_phyllosphere_2019,168,0.0,0,338,33,22,165,21,SPIEC-EASI,0.12727272727272726,0.4930555555555556,False
carlstrom_phyllosphere_2019,168,0.2,68,338,33,22,165,21,Supervised combined,0.22023913415922763,0.6944444444444444,True
carlstrom_phyllosphere_2019,168,0.4,136,338,33,22,165,21,Supervised combined,0.24644823502763857,0.6977513227513228,True
carlstrom_phyllosphere_2019,168,0.6,203,338,33,22,165,21,Supervised combined,0.2504250010756166,0.7258597883597884,True
carlstrom_phyllosphere_2019,168,0.8,271,338,33,22,165,21,Supervised combined,0.2845923827017488,0.7027116402116402,True
carlstrom_phyllosphere_2019,169,0.0,0,338,33,22,165,24,PLNNetwork,0.14545454545454545,0.5,False
carlstrom_phyllosphere_2019,169,0.0,0,338,33,22,165,24,Poisson GLMNet,0.14534632034632036,0.49187352245862886,False
carlstrom_phyllosphere_2019,169,0.0,0,338,33,22,165,24,SparCC,0.13760917743272796,0.4943853427895981,False
carlstrom_phyllosphere_2019,169,0.0,0,338,33,22,165,24,Mean rank,0.13998908222674505,0.5056146572104019,False
carlstrom_phyllosphere_2019,169,0.0,0,338,33,22,165,24,SPIEC-EASI,0.14545454545454545,0.4929078014184397,False
carlstrom_phyllosphere_2019,169,0.2,68,338,33,22,165,24,Supervised combined,0.13267336434708232,0.47310874704491723,True
carlstrom_phyllosphere_2019,169,0.4,136,338,33,22,165,24,Supervised combined,0.14628532208902142,0.499113475177305,True
carlstrom_phyllosphere_2019,169,0.6,203,338,33,22,165,24,Supervised combined,0.15311559297351238,0.5192080378250591,True
carlstrom_phyllosphere_2019,169,0.8,271,338,33,22,165,24,Supervised combined,0.15162634880627957,0.5215721040189125,True
carlstrom_phyllosphere_2019,170,0.0,0,357,33,22,153,34,PLNNetwork,0.2222222222222222,0.5,False
carlstrom_phyllosphere_2019,170,0.0,0,357,33,22,153,34,Poisson GLMNet,0.2834967320261438,0.5400395452298566,False
carlstrom_phyllosphere_2019,170,0.0,0,357,33,22,153,34,SparCC,0.2599543901821288,0.5479485912011863,False
carlstrom_phyllosphere_2019,170,0.0,0,357,33,22,153,34,Mean rank,0.29407121952630255,0.5887296094908552,False
carlstrom_phyllosphere_2019,170,0.0,0,357,33,22,153,34,SPIEC-EASI,0.2222222222222222,0.48739495798319327,False
carlstrom_phyllosphere_2019,170,0.2,72,357,33,22,153,34,Supervised combined,0.30524579382042294,0.5687098368759268,True
carlstrom_phyllosphere_2019,170,0.4,143,357,33,22,153,34,Supervised combined,0.2815569001000586,0.5642609985170539,True
carlstrom_phyllosphere_2019,170,0.6,215,357,33,22,153,34,Supervised combined,0.31028596273194914,0.6458230350963915,True
carlstrom_phyllosphere_2019,170,0.8,286,357,33,22,153,34,Supervised combined,0.3744451822556481,0.6977261492832427,True
carlstrom_phyllosphere_2019,171,0.0,0,338,33,22,165,29,PLNNetwork,0.17575757575757575,0.5,False
carlstrom_phyllosphere_2019,171,0.0,0,338,33,22,165,29,Poisson GLMNet,0.20417972831765935,0.5172413793103449,False
carlstrom_phyllosphere_2019,171,0.0,0,338,33,22,165,29,SparCC,0.16202426006471973,0.4553752535496957,False
carlstrom_phyllosphere_2019,171,0.0,0,338,33,22,165,29,Mean rank,0.17294934656730132,0.473630831643002,False
carlstrom_phyllosphere_2019,171,0.0,0,338,33,22,165,29,SPIEC-EASI,0.18693834900731454,0.5098884381338743,False
carlstrom_phyllosphere_2019,171,0.2,68,338,33,22,165,29,Supervised combined,0.27131173945769393,0.6594827586206897,True
carlstrom_phyllosphere_2019,171,0.4,136,338,33,22,165,29,Supervised combined,0.2927218156448722,0.6227180527383367,True
carlstrom_phyllosphere_2019,171,0.6,203,338,33,22,165,29,Supervised combined,0.2724820723755593,0.6716531440162271,True
carlstrom_phyllosphere_2019,171,0.8,271,338,33,22,165,29,Supervised combined,0.3708022455398899,0.6759634888438134,True
carlstrom_phyllosphere_2019,172,0.0,0,375,33,22,140,11,PLNNetwork,0.07857142857142857,0.5,False
carlstrom_phyllosphere_2019,172,0.0,0,375,33,22,140,11,Poisson GLMNet,0.09415584415584416,0.5292459478505989,False
carlstrom_phyllosphere_2019,172,0.0,0,375,33,22,140,11,SparCC,0.07447274262376924,0.45665961945031713,False
carlstrom_phyllosphere_2019,172,0.0,0,375,33,22,140,11,Mean rank,0.08188733506087849,0.49612403100775193,False
carlstrom_phyllosphere_2019,172,0.0,0,375,33,22,140,11,SPIEC-EASI,0.07857142857142857,0.4806201550387597,False
carlstrom_phyllosphere_2019,172,0.2,75,375,33,22,140,11,Supervised combined,0.15713991382422798,0.6723044397463003,True
carlstrom_phyllosphere_2019,172,0.4,150,375,33,22,140,11,Supervised combined,0.10580764478429527,0.6272022551092318,True
carlstrom_phyllosphere_2019,172,0.6,225,375,33,22,140,11,Supervised combined,0.10841738505886003,0.6420014094432699,True
carlstrom_phyllosphere_2019,172,0.8,300,375,33,22,140,11,Supervised combined,0.1132262740550724,0.6666666666666666,True
carlstrom_phyllosphere_2019,173,0.0,0,357,33,22,153,20,PLNNetwork,0.13071895424836602,0.5,False
carlstrom_phyllosphere_2019,173,0.0,0,357,33,22,153,20,Poisson GLMNet,0.3297058823529412,0.6214285714285714,False
carlstrom_phyllosphere_2019,173,0.0,0,357,33,22,153,20,SparCC,0.24551895542841534,0.6127819548872181,False
carlstrom_phyllosphere_2019,173,0.0,0,357,33,22,153,20,Mean rank,0.3450011883414103,0.6676691729323309,False
carlstrom_phyllosphere_2019,173,0.0,0,357,33,22,153,20,SPIEC-EASI,0.1741830065359477,0.5214285714285714,False
carlstrom_phyllosphere_2019,173,0.2,72,357,33,22,153,20,Supervised combined,0.19666487238986854,0.618796992481203,True
carlstrom_phyllosphere_2019,173,0.4,143,357,33,22,153,20,Supervised combined,0.31314828954968216,0.7492481203007518,True
carlstrom_phyllosphere_2019,173,0.6,215,357,33,22,153,20,Supervised combined,0.21222688300788245,0.6845864661654135,True
carlstrom_phyllosphere_2019,173,0.8,286,357,33,22,153,20,Supervised combined,0.1905054521127707,0.6597744360902256,True
carlstrom_phyllosphere_2019,174,0.0,0,357,33,22,153,20,PLNNetwork,0.13071895424836602,0.5,False
carlstrom_phyllosphere_2019,174,0.0,0,357,33,22,153,20,Poisson GLMNet,0.21764705882352942,0.55,False
carlstrom_phyllosphere_2019,174,0.0,0,357,33,22,153,20,SparCC,0.1754948995267552,0.5300751879699248,False
carlstrom_phyllosphere_2019,174,0.0,0,357,33,22,153,20,Mean rank,0.23378645660639003,0.556766917293233,False
carlstrom_phyllosphere_2019,174,0.0,0,357,33,22,153,20,SPIEC-EASI,0.13071895424836602,0.5,False
carlstrom_phyllosphere_2019,174,0.2,72,357,33,22,153,20,Supervised combined,0.21016628696301246,0.5605263157894738,True
carlstrom_phyllosphere_2019,174,0.4,143,357,33,22,153,20,Supervised combined,0.17046466590161272,0.530827067669173,True
carlstrom_phyllosphere_2019,174,0.6,215,357,33,22,153,20,Supervised combined,0.19474125493333896,0.6075187969924811,True
carlstrom_phyllosphere_2019,174,0.8,286,357,33,22,153,20,Supervised combined,0.21719946229147352,0.6233082706766917,True
carlstrom_phyllosphere_2019,175,0.0,0,338,33,22,165,9,PLNNetwork,0.05454545454545454,0.5,False
carlstrom_phyllosphere_2019,175,0.0,0,338,33,22,165,9,Poisson GLMNet,0.05454545454545454,0.48717948717948717,False
carlstrom_phyllosphere_2019,175,0.0,0,338,33,22,165,9,SparCC,0.05303052446999505,0.45797720797720803,False
carlstrom_phyllosphere_2019,175,0.0,0,338,33,22,165,9,Mean rank,0.05280654215676325,0.4565527065527065,False
carlstrom_phyllosphere_2019,175,0.0,0,338,33,22,165,9,SPIEC-EASI,0.05454545454545454,0.4967948717948718,False
carlstrom_phyllosphere_2019,175,0.2,68,338,33,22,165,9,Supervised combined,0.10079203798741512,0.5641025641025641,True
carlstrom_phyllosphere_2019,175,0.4,136,338,33,22,165,9,Supervised combined,0.09374880033083657,0.5555555555555556,True
carlstrom_phyllosphere_2019,175,0.6,203,338,33,22,165,9,Supervised combined,0.1062601340275259,0.665954415954416,True
carlstrom_phyllosphere_2019,175,0.8,271,338,33,22,165,9,Supervised combined,0.11131625595002959,0.646011396011396,True
carlstrom_phyllosphere_2019,176,0.0,0,338,33,22,165,30,PLNNetwork,0.18181818181818182,0.5,False
carlstrom_phyllosphere_2019,176,0.0,0,338,33,22,165,30,Poisson GLMNet,0.24419191919191918,0.5461728395061728,False
carlstrom_phyllosphere_2019,176,0.0,0,338,33,22,165,30,SparCC,0.21626814310723624,0.4876543209876543,False
carlstrom_phyllosphere_2019,176,0.0,0,338,33,22,165,30,Mean rank,0.2265708457359475,0.5155555555555555,False
carlstrom_phyllosphere_2019,176,0.0,0,338,33,22,165,30,SPIEC-EASI,0.20909090909090908,0.5059259259259259,False
carlstrom_phyllosphere_2019,176,0.2,68,338,33,22,165,30,Supervised combined,0.24711601893188367,0.5674074074074075,True
carlstrom_phyllosphere_2019,176,0.4,136,338,33,22,165,30,Supervised combined,0.31950106300877595,0.6404938271604939,True
carlstrom_phyllosphere_2019,176,0.6,203,338,33,22,165,30,Supervised combined,0.22616055821516592,0.5824691358024691,True
carlstrom_phyllosphere_2019,176,0.8,271,338,33,22,165,30,Supervised combined,0.1861867445741619,0.5098765432098765,True
carlstrom_phyllosphere_2019,177,0.0,0,392,33,22,126,14,PLNNetwork,0.1111111111111111,0.5,False
carlstrom_phyllosphere_2019,177,0.0,0,392,33,22,126,14,Poisson GLMNet,0.1111111111111111,0.48660714285714285,False
carlstrom_phyllosphere_2019,177,0.0,0,392,33,22,126,14,SparCC,0.1424560008443368,0.5274234693877551,False
carlstrom_phyllosphere_2019,177,0.0,0,392,33,22,126,14,Mean rank,0.13838247749560334,0.5242346938775511,False
carlstrom_phyllosphere_2019,177,0.0,0,392,33,22,126,14,SPIEC-EASI,0.12103174603174602,0.5130739795918368,False
carlstrom_phyllosphere_2019,177,0.2,79,392,33,22,126,14,Supervised combined,0.14592493354845448,0.5752551020408163,True
carlstrom_phyllosphere_2019,177,0.4,157,392,33,22,126,14,Supervised combined,0.12623621876612962,0.5631377551020408,True
carlstrom_phyllosphere_2019,177,0.6,236,392,33,22,126,14,Supervised combined,0.13580203521571835,0.5829081632653061,True
carlstrom_phyllosphere_2019,177,0.8,314,392,33,22,126,14,Supervised combined,0.1463580786489931,0.579719387755102,True
carlstrom_phyllosphere_2019,178,0.0,0,338,33,22,165,32,PLNNetwork,0.19393939393939394,0.5,False
carlstrom_phyllosphere_2019,178,0.0,0,338,33,22,165,32,Poisson GLMNet,0.19393939393939394,0.5,False
carlstrom_phyllosphere_2019,178,0.0,0,338,33,22,165,32,SparCC,0.17461602814026794,0.47203947368421056,False
carlstrom_phyllosphere_2019,178,0.0,0,338,33,22,165,32,Mean rank,0.17461602814026794,0.47203947368421056,False
carlstrom_phyllosphere_2019,178,0.0,0,338,33,22,165,32,SPIEC-EASI,0.19393939393939394,0.48120300751879697,False
carlstrom_phyllosphere_2019,178,0.2,68,338,33,22,165,32,Supervised combined,0.32555422717589383,0.6266447368421053,True
carlstrom_phyllosphere_2019,178,0.4,136,338,33,22,165,32,Supervised combined,0.26299889412588556,0.606437969924812,True
carlstrom_phyllosphere_2019,178,0.6,203,338,33,22,165,32,Supervised combined,0.27144028438414003,0.6118421052631579,True
carlstrom_phyllosphere_2019,178,0.8,271,338,33,22,165,32,Supervised combined,0.2636700695706426,0.6097274436090226,True
carlstrom_phyllosphere_2019,179,0.0,0,338,33,22,165,15,PLNNetwork,0.09090909090909091,0.5,False
carlstrom_phyllosphere_2019,179,0.0,0,338,33,22,165,15,Poisson GLMNet,0.15151515151515152,0.5115555555555555,False
carlstrom_phyllosphere_2019,179,0.0,0,338,33,22,165,15,SparCC,0.10561447501920554,0.5297777777777778,False
carlstrom_phyllosphere_2019,179,0.0,0,338,33,22,165,15,Mean rank,0.11968517915047894,0.5497777777777777,False
carlstrom_phyllosphere_2019,179,0.0,0,338,33,22,165,15,SPIEC-EASI,0.1181818181818182,0.5235555555555556,False
carlstrom_phyllosphere_2019,179,0.2,68,338,33,22,165,15,Supervised combined,0.22933230898880003,0.68,True
carlstrom_phyllosphere_2019,179,0.4,136,338,33,22,165,15,Supervised combined,0.13864744594726508,0.615111111111111,True
carlstrom_phyllosphere_2019,179,0.6,203,338,33,22,165,15,Supervised combined,0.14828270083272893,0.6551111111111111,True
carlstrom_phyllosphere_2019,179,0.8,271,338,33,22,165,15,Supervised combined,0.22052295316244588,0.7168888888888889,True
carlstrom_phyllosphere_2019,180,0.0,0,318,33,22,176,25,PLNNetwork,0.14204545454545456,0.5,False
carlstrom_phyllosphere_2019,180,0.0,0,318,33,22,176,25,Poisson GLMNet,0.26131818181818184,0.5766887417218542,False
carlstrom_phyllosphere_2019,180,0.0,0,318,33,22,176,25,SparCC,0.1334734323188887,0.46966887417218545,False
carlstrom_phyllosphere_2019,180,0.0,0,318,33,22,176,25,Mean rank,0.19246063954833234,0.5207947019867549,False
carlstrom_phyllosphere_2019,180,0.0,0,318,33,22,176,25,SPIEC-EASI,0.1763636363636364,0.5104635761589404,False
carlstrom_phyllosphere_2019,180,0.2,64,318,33,22,176,25,Supervised combined,0.2243134400935648,0.5131125827814569,True
carlstrom_phyllosphere_2019,180,0.4,128,318,33,22,176,25,Supervised combined,0.27682385743336013,0.5501986754966888,True
carlstrom_phyllosphere_2019,180,0.6,191,318,33,22,176,25,Supervised combined,0.2909139931023764,0.6354966887417218,True
carlstrom_phyllosphere_2019,180,0.8,255,318,33,22,176,25,Supervised combined,0.3063073951737812,0.6500662251655629,True
carlstrom_phyllosphere_2019,181,0.0,0,392,33,22,126,24,PLNNetwork,0.19047619047619047,0.5,False
carlstrom_phyllosphere_2019,181,0.0,0,392,33,22,126,24,Poisson GLMNet,0.24404761904761904,0.5367647058823529,False
carlstrom_phyllosphere_2019,181,0.0,0,392,33,22,126,24,SparCC,0.20655537087761586,0.3929738562091503,False
carlstrom_phyllosphere_2019,181,0.0,0,392,33,22,126,24,Mean rank,0.21060344720656177,0.4129901960784314,False
carlstrom_phyllosphere_2019,181,0.0,0,392,33,22,126,24,SPIEC-EASI,0.2242063492063492,0.511437908496732,False
carlstrom_phyllosphere_2019,181,0.2,79,392,33,22,126,24,Supervised combined,0.3404726210804485,0.6482843137254901,True
carlstrom_phyllosphere_2019,181,0.4,157,392,33,22,126,24,Supervised combined,0.32623628436416463,0.6429738562091504,True
carlstrom_phyllosphere_2019,181,0.6,236,392,33,22,126,24,Supervised combined,0.33442006008881237,0.6233660130718954,True
carlstrom_phyllosphere_2019,181,0.8,314,392,33,22,126,24,Supervised combined,0.33780324983819177,0.6156045751633987,True
carlstrom_phyllosphere_2019,182,0.0,0,375,33,22,140,18,PLNNetwork,0.12857142857142856,0.5,False
carlstrom_phyllosphere_2019,182,0.0,0,375,33,22,140,18,Poisson GLMNet,0.17698412698412697,0.5277777777777778,False
carlstrom_phyllosphere_2019,182,0.0,0,375,33,22,140,18,SparCC,0.14043166514646999,0.48360655737704916,False
carlstrom_phyllosphere_2019,182,0.0,0,375,33,22,140,18,Mean rank,0.1890427762575811,0.48679417122040075,False
carlstrom_phyllosphere_2019,182,0.0,0,375,33,22,140,18,SPIEC-EASI,0.17698412698412697,0.5277777777777778,False
carlstrom_phyllosphere_2019,182,0.2,75,375,33,22,140,18,Supervised combined,0.23322543181516936,0.5223132969034608,True
carlstrom_phyllosphere_2019,182,0.4,150,375,33,22,140,18,Supervised combined,0.35557581728562615,0.6370673952641165,True
carlstrom_phyllosphere_2019,182,0.6,225,375,33,22,140,18,Supervised combined,0.34855523720133846,0.7185792349726777,True
carlstrom_phyllosphere_2019,182,0.8,300,375,33,22,140,18,Supervised combined,0.39642977882534597,0.7144808743169399,True
carlstrom_phyllosphere_2019,183,0.0,0,338,33,22,165,27,PLNNetwork,0.16363636363636364,0.5,False
carlstrom_phyllosphere_2019,183,0.0,0,338,33,22,165,27,Poisson GLMNet,0.24450857784191118,0.5632045088566828,False
carlstrom_phyllosphere_2019,183,0.0,0,338,33,22,165,27,SparCC,0.1378907999121565,0.3982823403113258,False
carlstrom_phyllosphere_2019,183,0.0,0,338,33,22,165,27,Mean rank,0.19011169526462068,0.46323134728931825,False
carlstrom_phyllosphere_2019,183,0.0,0,338,33,22,165,27,SPIEC-EASI,0.16363636363636364,0.4891304347826087,False
carlstrom_phyllosphere_2019,183,0.2,68,338,33,22,165,27,Supervised combined,0.27011198137097736,0.6792807300053677,True
carlstrom_phyllosphere_2019,183,0.4,136,338,33,22,165,27,Supervised combined,0.2558958833255909,0.666129898013956,True
carlstrom_phyllosphere_2019,183,0.6,203,338,33,22,165,27,Supervised combined,0.2343032074721519,0.6277509393451423,True
carlstrom_phyllosphere_2019,183,0.8,271,338,33,22,165,27,Supervised combined,0.29532842225228434,0.6607622114868492,True
carlstrom_phyllosphere_2019,184,0.0,0,338,33,22,165,22,PLNNetwork,0.13333333333333333,0.5,False
carlstrom_phyllosphere_2019,184,0.0,0,338,33,22,165,22,Poisson GLMNet,0.17068903318903317,0.5708836617927527,False
carlstrom_phyllosphere_2019,184,0.0,0,338,33,22,165,22,SparCC,0.11490198865780728,0.4214876033057851,False
carlstrom_phyllosphere_2019,184,0.0,0,338,33,22,165,22,Mean rank,0.15176092172286346,0.4834710743801653,False
carlstrom_phyllosphere_2019,184,0.0,0,338,33,22,165,22,SPIEC-EASI,0.13333333333333333,0.493006993006993,False
carlstrom_phyllosphere_2019,184,0.2,68,338,33,22,165,22,Supervised combined,0.12174042266842763,0.4752066115702479,True
carlstrom_phyllosphere_2019,184,0.4,136,338,33,22,165,22,Supervised combined,0.24795452233961457,0.6980292434837889,True
carlstrom_phyllosphere_2019,184,0.6,203,338,33,22,165,22,Supervised combined,0.3637896477458357,0.7155117609663064,True
carlstrom_phyllosphere_2019,184,0.8,271,338,33,22,165,22,Supervised combined,0.2798433241396641,0.6567069294342022,True
carlstrom_phyllosphere_2019,185,0.0,0,408,33,22,111,8,PLNNetwork,0.07207207207207207,0.5,False
carlstrom_phyllosphere_2019,185,0.0,0,408,33,22,111,8,Poisson GLMNet,0.0809202059202059,0.516990291262136,False
carlstrom_phyllosphere_2019,185,0.0,0,408,33,22,111,8,SparCC,0.06008280496496859,0.37014563106796117,False
carlstrom_phyllosphere_2019,185,0.0,0,408,33,22,111,8,Mean rank,0.0639496500072817,0.4053398058252427,False
carlstrom_phyllosphere_2019,185,0.0,0,408,33,22,111,8,SPIEC-EASI,0.07207207207207207,0.5,False
carlstrom_phyllosphere_2019,185,0.2,82,408,33,22,111,8,Supervised combined,0.08535194583800178,0.5436893203883496,True
carlstrom_phyllosphere_2019,185,0.4,164,408,33,22,111,8,Supervised combined,0.13843981633406552,0.6359223300970874,True
carlstrom_phyllosphere_2019,185,0.6,245,408,33,22,111,8,Supervised combined,0.11585463899866513,0.6092233009708737,True
carlstrom_phyllosphere_2019,185,0.8,327,408,33,22,111,8,Supervised combined,0.11719668186423504,0.6177184466019418,True
carlstrom_phyllosphere_2019,186,0.0,0,338,33,22,165,27,PLNNetwork,0.16363636363636364,0.5,False
carlstrom_phyllosphere_2019,186,0.0,0,338,33,22,165,27,Poisson GLMNet,0.2132435465768799,0.5334138486312399,False
carlstrom_phyllosphere_2019,186,0.0,0,338,33,22,165,27,SparCC,0.22926368727771412,0.5179817498658078,False
carlstrom_phyllosphere_2019,186,0.0,0,338,33,22,165,27,Mean rank,0.2499189579329848,0.5206655931293612,False
carlstrom_phyllosphere_2019,186,0.0,0,338,33,22,165,27,SPIEC-EASI,0.2132435465768799,0.5334138486312399,False
carlstrom_phyllosphere_2019,186,0.2,68,338,33,22,165,27,Supervised combined,0.22430440418223918,0.5241545893719807,True
carlstrom_phyllosphere_2019,186,0.4,136,338,33,22,165,27,Supervised combined,0.27033304257339735,0.6065485775630703,True
carlstrom_phyllosphere_2019,186,0.6,203,338,33,22,165,27,Supervised combined,0.260527638169535,0.6078904991948471,True
carlstrom_phyllosphere_2019,186,0.8,271,338,33,22,165,27,Supervised combined,0.253221685388365,0.6009125067096082,True
carlstrom_phyllosphere_2019,187,0.0,0,375,33,22,140,22,PLNNetwork,0.15714285714285714,0.5,False
carlstrom_phyllosphere_2019,187,0.0,0,375,33,22,140,22,Poisson GLMNet,0.16515151515151516,0.5138674884437596,False
carlstrom_phyllosphere_2019,187,0.0,0,375,33,22,140,22,SparCC,0.1960882913214977,0.5312018489984591,False
carlstrom_phyllosphere_2019,187,0.0,0,375,33,22,140,22,Mean rank,0.19289779408932625,0.5500770416024653,False
carlstrom_phyllosphere_2019,187,0.0,0,375,33,22,140,22,SPIEC-EASI,0.19545454545454544,0.5186825885978429,False
carlstrom_phyllosphere_2019,187,0.2,75,375,33,22,140,22,Supervised combined,0.2632131772172377,0.6798921417565486,True
carlstrom_phyllosphere_2019,187,0.4,150,375,33,22,140,22,Supervised combined,0.332159501084789,0.686055469953775,True
carlstrom_phyllosphere_2019,187,0.6,225,375,33,22,140,22,Supervised combined,0.2806433183541325,0.6856702619414484,True
carlstrom_phyllosphere_2019,187,0.8,300,375,33,22,140,22,Supervised combined,0.31622786883060194,0.6879815100154083,True
carlstrom_phyllosphere_2019,188,0.0,0,318,33,22,176,14,PLNNetwork,0.07954545454545454,0.5,False
carlstrom_phyllosphere_2019,188,0.0,0,318,33,22,176,14,Poisson GLMNet,0.07954545454545454,0.47530864197530864,False
carlstrom_phyllosphere_2019,188,0.0,0,318,33,22,176,14,SparCC,0.07174143708644673,0.2980599647266314,False
carlstrom_phyllosphere_2019,188,0.0,0,318,33,22,176,14,Mean rank,0.06139419615192224,0.2901234567901234,False
carlstrom_phyllosphere_2019,188,0.0,0,318,33,22,176,14,SPIEC-EASI,0.07954545454545454,0.49382716049382713,False
carlstrom_phyllosphere_2019,188,0.2,64,318,33,22,176,14,Supervised combined,0.23090335436615161,0.7054673721340388,True
carlstrom_phyllosphere_2019,188,0.4,128,318,33,22,176,14,Supervised combined,0.1927723185221984,0.6587301587301587,True
carlstrom_phyllosphere_2019,188,0.6,191,318,33,22,176,14,Supervised combined,0.23606159031471521,0.7076719576719577,True
carlstrom_phyllosphere_2019,188,0.8,255,318,33,22,176,14,Supervised combined,0.24845374186157096,0.7513227513227513,True
carlstrom_phyllosphere_2019,189,0.0,0,357,33,22,153,24,PLNNetwork,0.1568627450980392,0.5,False
carlstrom_phyllosphere_2019,189,0.0,0,357,33,22,153,24,Poisson GLMNet,0.1541146761734997,0.48045865633074936,False
carlstrom_phyllosphere_2019,189,0.0,0,357,33,22,153,24,SparCC,0.14458687506474646,0.4583333333333333,False
carlstrom_phyllosphere_2019,189,0.0,0,357,33,22,153,24,Mean rank,0.1430312975466902,0.455749354005168,False
carlstrom_phyllosphere_2019,189,0.0,0,357,33,22,153,24,SPIEC-EASI,0.19199346405228757,0.5096899224806202,False
carlstrom_phyllosphere_2019,189,0.2,72,357,33,22,153,24,Supervised combined,0.22045595093808656,0.588501291989664,True
carlstrom_phyllosphere_2019,189,0.4,143,357,33,22,153,24,Supervised combined,0.24490549748525342,0.6159560723514211,True
carlstrom_phyllosphere_2019,189,0.6,215,357,33,22,153,24,Supervised combined,0.27740452167271223,0.6324289405684754,True
carlstrom_phyllosphere_2019,189,0.8,286,357,33,22,153,24,Supervised combined,0.2405804783434458,0.6217700258397933,True
carlstrom_phyllosphere_2019,190,0.0,0,357,33,22,153,15,PLNNetwork,0.09803921568627451,0.5,False
carlstrom_phyllosphere_2019,190,0.0,0,357,33,22,153,15,Poisson GLMNet,0.09803921568627451,0.47101449275362317,False
carlstrom_phyllosphere_2019,190,0.0,0,357,33,22,153,15,SparCC,0.08825711215999738,0.4285024154589372,False
carlstrom_phyllosphere_2019,190,0.0,0,357,33,22,153,15,Mean rank,0.08481784419130606,0.41835748792270533,False
carlstrom_phyllosphere_2019,190,0.0,0,357,33,22,153,15,SPIEC-EASI,0.09803921568627451,0.4963768115942029,False
carlstrom_phyllosphere_2019,190,0.2,72,357,33,22,153,15,Supervised combined,0.10122567335300975,0.4077294685990338,True
carlstrom_phyllosphere_2019,190,0.4,143,357,33,22,153,15,Supervised combined,0.13789162446090777,0.48743961352657,True
carlstrom_phyllosphere_2019,190,0.6,215,357,33,22,153,15,Supervised combined,0.12465150942446593,0.5019323671497585,True
carlstrom_phyllosphere_2019,190,0.8,286,357,33,22,153,15,Supervised combined,0.11770656491660071,0.538647342995169,True
carlstrom_phyllosphere_2019,191,0.0,0,338,33,22,165,23,PLNNetwork,0.1393939393939394,0.5,False
carlstrom_phyllosphere_2019,191,0.0,0,338,33,22,165,23,Poisson GLMNet,0.2354413702239789,0.5731781996325781,False
carlstrom_phyllosphere_2019,191,0.0,0,338,33,22,165,23,SparCC,0.20731895229248884,0.5088793631353338,False
carlstrom_phyllosphere_2019,191,0.0,0,338,33,22,165,23,Mean rank,0.24083714660460853,0.5505205143906919,False
carlstrom_phyllosphere_2019,191,0.0,0,338,33,22,165,23,SPIEC-EASI,0.17681159420289858,0.5116350275566441,False
carlstrom_phyllosphere_2019,191,0.2,68,338,33,22,165,23,Supervised combined,0.28444800615740967,0.7149418248622168,True
carlstrom_phyllosphere_2019,191,0.4,136,338,33,22,165,23,Supervised combined,0.3809471403463454,0.7636252296387017,True
carlstrom_phyllosphere_2019,191,0.6,203,338,33,22,165,23,Supervised combined,0.4031317303079946,0.769748928352725,True
carlstrom_phyllosphere_2019,191,0.8,271,338,33,22,165,23,Supervised combined,0.3692992375054917,0.7581139007960809,True
carlstrom_phyllosphere_2019,192,0.0,0,338,33,22,165,31,PLNNetwork,0.18787878787878787,0.5,False
carlstrom_phyllosphere_2019,192,0.0,0,338,33,22,165,31,Poisson GLMNet,0.24281524926686215,0.5409244102070293,False
carlstrom_phyllosphere_2019,192,0.0,0,338,33,22,165,31,SparCC,0.17437120811258072,0.4378911892152143,False
carlstrom_phyllosphere_2019,192,0.0,0,338,33,22,165,31,Mean rank,0.209110297660918,0.48796340876263844,False
carlstrom_phyllosphere_2019,192,0.0,0,338,33,22,165,31,SPIEC-EASI,0.19794721407624633,0.5122773230621088,False
carlstrom_phyllosphere_2019,192,0.2,68,338,33,22,165,31,Supervised combined,0.28209552242606317,0.5943668753009148,True
carlstrom_phyllosphere_2019,192,0.4,136,338,33,22,165,31,Supervised combined,0.23609693788412944,0.5450168512277324,True
carlstrom_phyllosphere_2019,192,0.6,203,338,33,22,165,31,Supervised combined,0.22384904140804723,0.5349061145883486,True
carlstrom_phyllosphere_2019,192,0.8,271,338,33,22,165,31,Supervised combined,0.2914437678890822,0.6104959075589794,True
carlstrom_phyllosphere_2019,193,0.0,0,338,33,22,165,21,PLNNetwork,0.12727272727272726,0.5,False
carlstrom_phyllosphere_2019,193,0.0,0,338,33,22,165,21,Poisson GLMNet,0.1688311688311688,0.5238095238095238,False
carlstrom_phyllosphere_2019,193,0.0,0,338,33,22,165,21,SparCC,0.11606331869524786,0.37830687830687826,False
carlstrom_phyllosphere_2019,193,0.0,0,338,33,22,165,21,Mean rank,0.12540224128798463,0.4037698412698413,False
carlstrom_phyllosphere_2019,193,0.0,0,338,33,22,165,21,SPIEC-EASI,0.13708513708513706,0.5132275132275131,False
carlstrom_phyllosphere_2019,193,0.2,68,338,33,22,165,21,Supervised combined,0.15837037195963322,0.5958994708994709,True
carlstrom_phyllosphere_2019,193,0.4,136,338,33,22,165,21,Supervised combined,0.1837836911812269,0.6160714285714286,True
carlstrom_phyllosphere_2019,193,0.6,203,338,33,22,165,21,Supervised combined,0.18180828958293296,0.5972222222222223,True
carlstrom_phyllosphere_2019,193,0.8,271,338,33,22,165,21,Supervised combined,0.21543753341931704,0.603174603174603,True
carlstrom_phyllosphere_2019,194,0.0,0,357,33,22,153,16,PLNNetwork,0.10457516339869281,0.5,False
carlstrom_phyllosphere_2019,194,0.0,0,357,33,22,153,16,Poisson GLMNet,0.10457516339869281,0.4708029197080292,False
carlstrom_phyllosphere_2019,194,0.0,0,357,33,22,153,16,SparCC,0.08542121971428206,0.3813868613138686,False
carlstrom_phyllosphere_2019,194,0.0,0,357,33,22,153,16,Mean rank,0.08395074235877868,0.3727189781021898,False
carlstrom_phyllosphere_2019,194,0.0,0,357,33,22,153,16,SPIEC-EASI,0.10457516339869281,0.49635036496350365,False
carlstrom_phyllosphere_2019,194,0.2,72,357,33,22,153,16,Supervised combined,0.11364532862607385,0.49954379562043794,True
carlstrom_phyllosphere_2019,194,0.4,143,357,33,22,153,16,Supervised combined,0.1127425407397403,0.48996350364963503,True
carlstrom_phyllosphere_2019,194,0.6,215,357,33,22,153,16,Supervised combined,0.12418820550107414,0.5542883211678833,True
carlstrom_phyllosphere_2019,194,0.8,286,357,33,22,153,16,Supervised combined,0.12291055210586518,0.5638686131386861,True
carlstrom_phyllosphere_2019,195,0.0,0,297,33,22,186,18,PLNNetwork,0.0967741935483871,0.5,False
carlstrom_phyllosphere_2019,195,0.0,0,297,33,22,186,18,Poisson GLMNet,0.09933435739887352,0.5033068783068784,False
carlstrom_phyllosphere_2019,195,0.0,0,297,33,22,186,18,SparCC,0.07304634234238974,0.34887566137566134,False
carlstrom_phyllosphere_2019,195,0.0,0,297,33,22,186,18,Mean rank,0.07590419318236233,0.369047619047619,False
carlstrom_phyllosphere_2019,195,0.0,0,297,33,22,186,18,SPIEC-EASI,0.0967741935483871,0.49702380952380953,False
carlstrom_phyllosphere_2019,195,0.2,60,297,33,22,186,18,Supervised combined,0.1457197315410242,0.6547619047619047,True
carlstrom_phyllosphere_2019,195,0.4,119,297,33,22,186,18,Supervised combined,0.13452140137526383,0.6170634920634921,True
carlstrom_phyllosphere_2019,195,0.6,179,297,33,22,186,18,Supervised combined,0.13099097959550088,0.6240079365079365,True
carlstrom_phyllosphere_2019,195,0.8,238,297,33,22,186,18,Supervised combined,0.1334724191162486,0.6309523809523809,True
carlstrom_phyllosphere_2019,196,0.0,0,375,33,22,140,3,PLNNetwork,0.02142857142857143,0.5,False
carlstrom_phyllosphere_2019,196,0.0,0,375,33,22,140,3,Poisson GLMNet,0.02142857142857143,0.48905109489051096,False
carlstrom_phyllosphere_2019,196,0.0,0,375,33,22,140,3,SparCC,0.020748186757121978,0.32846715328467146,False
carlstrom_phyllosphere_2019,196,0.0,0,375,33,22,140,3,Mean rank,0.020748186757121978,0.32846715328467146,False
carlstrom_phyllosphere_2019,196,0.0,0,375,33,22,140,3,SPIEC-EASI,0.02142857142857143,0.49635036496350365,False
carlstrom_phyllosphere_2019,196,0.2,75,375,33,22,140,3,Supervised combined,0.021336334803827066,0.35036496350364965,True
carlstrom_phyllosphere_2019,196,0.4,150,375,33,22,140,3,Supervised combined,0.028801169590643275,0.49148418491484186,True
carlstrom_phyllosphere_2019,196,0.6,225,375,33,22,140,3,Supervised combined,0.02702020202020202,0.4695863746958638,True
carlstrom_phyllosphere_2019,196,0.8,300,375,33,22,140,3,Supervised combined,0.03135090809306837,0.5425790754257908,True
carlstrom_phyllosphere_2019,197,0.0,0,357,33,22,153,23,PLNNetwork,0.1503267973856209,0.5,False
carlstrom_phyllosphere_2019,197,0.0,0,357,33,22,153,23,Poisson GLMNet,0.22202330207445295,0.557190635451505,False
carlstrom_phyllosphere_2019,197,0.0,0,357,33,22,153,23,SparCC,0.17042859750622252,0.557190635451505,False
carlstrom_phyllosphere_2019,197,0.0,0,357,33,22,153,23,Mean rank,0.2126842190947136,0.6123745819397993,False
carlstrom_phyllosphere_2019,197,0.0,0,357,33,22,153,23,SPIEC-EASI,0.1503267973856209,0.49615384615384617,False
carlstrom_phyllosphere_2019,197,0.2,72,357,33,22,153,23,Supervised combined,0.15011776469219834,0.4193979933110368,True
carlstrom_phyllosphere_2019,197,0.4,143,357,33,22,153,23,Supervised combined,0.12780120076019247,0.3869565217391304,True
carlstrom_phyllosphere_2019,197,0.6,215,357,33,22,153,23,Supervised combined,0.1512240065937075,0.44949832775919735,True
carlstrom_phyllosphere_2019,197,0.8,286,357,33,22,153,23,Supervised combined,0.1495808691824292,0.4474916387959866,True
carlstrom_phyllosphere_2019,198,0.0,0,338,33,22,165,14,PLNNetwork,0.08484848484848485,0.5,False
carlstrom_phyllosphere_2019,198,0.0,0,338,33,22,165,14,Poisson GLMNet,0.08484848484848485,0.4966887417218543,False
carlstrom_phyllosphere_2019,198,0.0,0,338,33,22,165,14,SparCC,0.08111035076128773,0.4422894985808893,False
carlstrom_phyllosphere_2019,198,0.0,0,338,33,22,165,14,Mean rank,0.08111035076128773,0.4422894985808893,False
carlstrom_phyllosphere_2019,198,0.0,0,338,33,22,165,14,SPIEC-EASI,0.08484848484848485,0.4900662251655629,False
carlstrom_phyllosphere_2019,198,0.2,68,338,33,22,165,14,Supervised combined,0.08778671563519999,0.5118259224219489,True
carlstrom_phyllosphere_2019,198,0.4,136,338,33,22,165,14,Supervised combined,0.09714701906552618,0.5752128666035952,True
carlstrom_phyllosphere_2019,198,0.6,203,338,33,22,165,14,Supervised combined,0.17968589188251244,0.7256385998107853,True
carlstrom_phyllosphere_2019,198,0.8,271,338,33,22,165,14,Supervised combined,0.14808198938415346,0.6816461684011352,True
carlstrom_phyllosphere_2019,199,0.0,0,338,33,22,165,28,PLNNetwork,0.1696969696969697,0.5,False
carlstrom_phyllosphere_2019,199,0.0,0,338,33,22,165,28,Poisson GLMNet,0.25702432488146776,0.5744264859228363,False
carlstrom_phyllosphere_2019,199,0.0,0,338,33,22,165,28,SparCC,0.17093308015738756,0.4880083420229405,False
carlstrom_phyllosphere_2019,199,0.0,0,338,33,22,165,28,Mean rank,0.22203238827011548,0.5612617309697602,False
carlstrom_phyllosphere_2019,199,0.0,0,338,33,22,165,28,SPIEC-EASI,0.19924242424242425,0.5284150156412931,False
carlstrom_phyllosphere_2019,199,0.2,68,338,33,22,165,28,Supervised combined,0.23680186800340244,0.5516162669447341,True
carlstrom_phyllosphere_2019,199,0.4,136,338,33,22,165,28,Supervised combined,0.23463179935218695,0.5495307612095934,True
carlstrom_phyllosphere_2019,199,0.6,203,338,33,22,165,28,Supervised combined,0.28985755332745206,0.5920229405630866,True
carlstrom_phyllosphere_2019,199,0.8,271,338,33,22,165,28,Supervised combined,0.2770732525978324,0.5883733055265902,True
schafer_phyllosphere_2022,0,0.0,0,417,76,51,325,8,PLNNetwork,0.11955128205128204,0.6723186119873816,False
schafer_phyllosphere_2022,0,0.0,0,417,76,51,325,8,Poisson GLMNet,0.4056954156954157,0.7843059936908517,False
schafer_phyllosphere_2022,0,0.0,0,417,76,51,325,8,SparCC,0.12655549163662755,0.9081230283911671,False
schafer_phyllosphere_2022,0,0.0,0,417,76,51,325,8,Mean rank,0.38550482917181206,0.9574132492113565,False
schafer_phyllosphere_2022,0,0.0,0,417,76,51,325,8,SPIEC-EASI,0.024615384615384615,0.4968454258675079,False
schafer_phyllosphere_2022,0,0.2,84,417,76,51,325,8,Supervised combined,0.07296745528977293,0.6608832807570978,True
schafer_phyllosphere_2022,0,0.4,167,417,76,51,325,8,Supervised combined,0.3628347790642873,0.9526813880126183,True
schafer_phyllosphere_2022,0,0.6,251,417,76,51,325,8,Supervised combined,0.37792151351473385,0.9566246056782335,True
schafer_phyllosphere_2022,0,0.8,334,417,76,51,325,8,Supervised combined,0.45842625511743157,0.9605678233438486,True
schafer_phyllosphere_2022,1,0.0,0,489,76,51,280,1,PLNNetwork,0.0035714285714285713,0.492831541218638,False
schafer_phyllosphere_2022,1,0.0,0,489,76,51,280,1,Poisson GLMNet,0.3333333333333333,0.9928315412186379,False
schafer_phyllosphere_2022,1,0.0,0,489,76,51,280,1,SparCC,0.05263157894736842,0.935483870967742,False
schafer_phyllosphere_2022,1,0.0,0,489,76,51,280,1,Mean rank,0.2,0.985663082437276,False
schafer_phyllosphere_2022,1,0.0,0,489,76,51,280,1,SPIEC-EASI,0.0035714285714285713,0.4982078853046595,False
schafer_phyllosphere_2022,1,0.2,98,489,76,51,280,1,Supervised combined,0.1111111111111111,0.9713261648745519,True
schafer_phyllosphere_2022,1,0.4,196,489,76,51,280,1,Supervised combined,0.125,0.974910394265233,True
schafer_phyllosphere_2022,1,0.6,294,489,76,51,280,1,Supervised combined,0.3333333333333333,0.992831541218638,True
schafer_phyllosphere_2022,1,0.8,392,489,76,51,280,1,Supervised combined,0.5,0.996415770609319,True
schafer_phyllosphere_2022,2,0.0,0,560,76,51,232,9,PLNNetwork,0.07646871008939975,0.5899352267065272,False
schafer_phyllosphere_2022,2,0.0,0,560,76,51,232,9,Poisson GLMNet,0.09498722860791826,0.5774788241155955,False
schafer_phyllosphere_2022,2,0.0,0,560,76,51,232,9,SparCC,0.13075012642513206,0.8201295465869456,False
schafer_phyllosphere_2022,2,0.0,0,560,76,51,232,9,Mean rank,0.15555950038161298,0.8525161933233683,False
schafer_phyllosphere_2022,2,0.0,0,560,76,51,232,9,SPIEC-EASI,0.03879310344827586,0.5,False
schafer_phyllosphere_2022,2,0.2,112,560,76,51,232,9,Supervised combined,0.1527493763297503,0.7842551071250622,True
schafer_phyllosphere_2022,2,0.4,224,560,76,51,232,9,Supervised combined,0.09732354257374685,0.7015445939212754,True
schafer_phyllosphere_2022,2,0.6,336,560,76,51,232,9,Supervised combined,0.12511139316594092,0.7673143996013951,True
schafer_phyllosphere_2022,2,0.8,448,560,76,51,232,9,Supervised combined,0.12020396142418677,0.755854509217738,True
schafer_phyllosphere_2022,3,0.0,0,550,76,51,239,4,PLNNetwork,0.42503486750348674,0.7436170212765958,False
schafer_phyllosphere_2022,3,0.0,0,550,76,51,239,4,Poisson GLMNet,0.08614597861459786,0.7117021276595745,False
schafer_phyllosphere_2022,3,0.0,0,550,76,51,239,4,SparCC,0.12435897435897436,0.9117021276595745,False
schafer_phyllosphere_2022,3,0.0,0,550,76,51,239,4,Mean rank,0.40870098039215685,0.9510638297872341,False
schafer_phyllosphere_2022,3,0.0,0,550,76,51,239,4,SPIEC-EASI,0.016736401673640166,0.4978723404255319,False
schafer_phyllosphere_2022,3,0.2,110,550,76,51,239,4,Supervised combined,0.1986071142142756,0.8595744680851063,True
schafer_phyllosphere_2022,3,0.4,220,550,76,51,239,4,Supervised combined,0.16639344262295083,0.9138297872340426,True
schafer_phyllosphere_2022,3,0.6,330,550,76,51,239,4,Supervised combined,0.16635338345864661,0.9138297872340425,True
schafer_phyllosphere_2022,3,0.8,440,550,76,51,239,4,Supervised combined,0.3871714959568733,0.9287234042553192,True
schafer_phyllosphere_2022,4,0.0,0,558,76,51,229,11,PLNNetwork,0.3433725905341626,0.7185154295246038,False
schafer_phyllosphere_2022,4,0.0,0,558,76,51,229,11,Poisson GLMNet,0.1851131401349742,0.6353211009174312,False
schafer_phyllosphere_2022,4,0.0,0,558,76,51,229,11,SparCC,0.3597042024684466,0.9232693911592994,False
schafer_phyllosphere_2022,4,0.0,0,558,76,51,229,11,Mean rank,0.49335417108144375,0.9286905754795662,False
schafer_phyllosphere_2022,4,0.0,0,558,76,51,229,11,SPIEC-EASI,0.048034934497816595,0.5,False
schafer_phyllosphere_2022,4,0.2,112,558,76,51,229,11,Supervised combined,0.2594812985479581,0.7243536280233528,True
schafer_phyllosphere_2022,4,0.4,224,558,76,51,229,11,Supervised combined,0.40696639828677583,0.8623853211009174,True
schafer_phyllosphere_2022,4,0.6,335,558,76,51,229,11,Supervised combined,0.4039128896393931,0.8669724770642202,True
schafer_phyllosphere_2022,4,0.8,447,558,76,51,229,11,Supervised combined,0.4154289594244923,0.8632193494578815,True
schafer_phyllosphere_2022,5,0.0,0,685,76,51,147,3,PLNNetwork,0.3469387755102041,0.6643518518518517,False
schafer_phyllosphere_2022,5,0.0,0,685,76,51,147,3,Poisson GLMNet,0.09693877551020408,0.6481481481481481,False
schafer_phyllosphere_2022,5,0.0,0,685,76,51,147,3,SparCC,0.47857142857142854,0.9490740740740741,False
schafer_phyllosphere_2022,5,0.0,0,685,76,51,147,3,Mean rank,0.44545454545454544,0.9375,False
schafer_phyllosphere_2022,5,0.0,0,685,76,51,147,3,SPIEC-EASI,0.02040816326530612,0.5,False
schafer_phyllosphere_2022,5,0.2,137,685,76,51,147,3,Supervised combined,0.37368024132730016,0.7939814814814815,True
schafer_phyllosphere_2022,5,0.4,274,685,76,51,147,3,Supervised combined,0.3848932676518883,0.8634259259259259,True
schafer_phyllosphere_2022,5,0.6,411,685,76,51,147,3,Supervised combined,0.3849673202614379,0.8634259259259259,True
schafer_phyllosphere_2022,5,0.8,548,685,76,51,147,3,Supervised combined,0.3886346300533943,0.8703703703703703,True
schafer_phyllosphere_2022,6,0.0,0,686,76,51,145,2,PLNNetwork,0.013793103448275862,0.4825174825174825,False
schafer_phyllosphere_2022,6,0.0,0,686,76,51,145,2,Poisson GLMNet,0.6666666666666666,0.986013986013986,False
schafer_phyllosphere_2022,6,0.0,0,686,76,51,145,2,SparCC,0.09761904761904762,0.9020979020979021,False
schafer_phyllosphere_2022,6,0.0,0,686,76,51,145,2,Mean rank,0.2159090909090909,0.958041958041958,False
schafer_phyllosphere_2022,6,0.0,0,686,76,51,145,2,SPIEC-EASI,0.013793103448275862,0.5,False
schafer_phyllosphere_2022,6,0.2,138,686,76,51,145,2,Supervised combined,0.09583333333333333,0.9020979020979021,True
schafer_phyllosphere_2022,6,0.4,275,686,76,51,145,2,Supervised combined,0.07631578947368421,0.8741258741258742,True
schafer_phyllosphere_2022,6,0.6,412,686,76,51,145,2,Supervised combined,0.0804093567251462,0.8811188811188811,True
schafer_phyllosphere_2022,6,0.8,549,686,76,51,145,2,Supervised combined,0.09583333333333333,0.9020979020979021,True
schafer_phyllosphere_2022,7,0.0,0,499,76,51,274,14,PLNNetwork,0.1511257577146524,0.6553571428571429,False
schafer_phyllosphere_2022,7,0.0,0,499,76,51,274,14,Poisson GLMNet,0.10859836635384079,0.5826923076923076,False
schafer_phyllosphere_2022,7,0.0,0,499,76,51,274,14,SparCC,0.3639630610291203,0.9434065934065935,False
schafer_phyllosphere_2022,7,0.0,0,499,76,51,274,14,Mean rank,0.38223287830651825,0.9219780219780219,False
schafer_phyllosphere_2022,7,0.0,0,499,76,51,274,14,SPIEC-EASI,0.051094890510948905,0.4980769230769231,False
schafer_phyllosphere_2022,7,0.2,100,499,76,51,274,14,Supervised combined,0.33429888015449805,0.9046703296703296,True
schafer_phyllosphere_2022,7,0.4,200,499,76,51,274,14,Supervised combined,0.3404875139614913,0.9249999999999998,True
schafer_phyllosphere_2022,7,0.6,300,499,76,51,274,14,Supervised combined,0.32350504929204754,0.9153846153846152,True
schafer_phyllosphere_2022,7,0.8,400,499,76,51,274,14,Supervised combined,0.4755590975501966,0.9313186813186813,True
schafer_phyllosphere_2022,8,0.0,0,485,76,51,282,4,PLNNetwork,0.05230496453900709,0.6016187050359711,False
schafer_phyllosphere_2022,8,0.0,0,485,76,51,282,4,Poisson GLMNet,0.12375886524822695,0.7032374100719424,False
schafer_phyllosphere_2022,8,0.0,0,485,76,51,282,4,SparCC,0.08269322914444557,0.8821942446043165,False
schafer_phyllosphere_2022,8,0.0,0,485,76,51,282,4,Mean rank,0.18816137566137564,0.9316546762589928,False
schafer_phyllosphere_2022,8,0.0,0,485,76,51,282,4,SPIEC-EASI,0.014184397163120567,0.5,False
schafer_phyllosphere_2022,8,0.2,97,485,76,51,282,4,Supervised combined,0.25790816326530613,0.9433453237410072,True
schafer_phyllosphere_2022,8,0.4,194,485,76,51,282,4,Supervised combined,0.17776429341963323,0.8911870503597122,True
schafer_phyllosphere_2022,8,0.6,291,485,76,51,282,4,Supervised combined,0.19027777777777777,0.9064748201438848,True
schafer_phyllosphere_2022,8,0.8,388,485,76,51,282,4,Supervised combined,0.16345187864175206,0.9118705035971223,True
schafer_phyllosphere_2022,9,0.0,0,357,76,51,365,9,PLNNetwork,0.09668526974463047,0.6432584269662921,False
schafer_phyllosphere_2022,9,0.0,0,357,76,51,365,9,Poisson GLMNet,0.08406900050735668,0.6660424469413233,False
schafer_phyllosphere_2022,9,0.0,0,357,76,51,365,9,SparCC,0.1407776836842743,0.920099875156055,False
schafer_phyllosphere_2022,9,0.0,0,357,76,51,365,9,Mean rank,0.2872137733765959,0.9041822721598003,False
schafer_phyllosphere_2022,9,0.0,0,357,76,51,365,9,SPIEC-EASI,0.024657534246575342,0.49719101123595505,False
schafer_phyllosphere_2022,9,0.2,72,357,76,51,365,9,Supervised combined,0.024657534246575342,0.5,False
schafer_phyllosphere_2022,9,0.4,143,357,76,51,365,9,Supervised combined,0.2841980825556475,0.8573657927590511,True
schafer_phyllosphere_2022,9,0.6,215,357,76,51,365,9,Supervised combined,0.22711817912678745,0.8211610486891386,True
schafer_phyllosphere_2022,9,0.8,286,357,76,51,365,9,Supervised combined,0.2367936414636815,0.8199126092384519,True
schafer_phyllosphere_2022,10,0.0,0,502,76,51,275,5,PLNNetwork,0.15535353535353535,0.6829629629629629,False
schafer_phyllosphere_2022,10,0.0,0,502,76,51,275,5,Poisson GLMNet,0.01818181818181818,0.4648148148148148,False
schafer_phyllosphere_2022,10,0.0,0,502,76,51,275,5,SparCC,0.1596986346986347,0.9414814814814815,False
schafer_phyllosphere_2022,10,0.0,0,502,76,51,275,5,Mean rank,0.21247907142991518,0.9185185185185185,False
schafer_phyllosphere_2022,10,0.0,0,502,76,51,275,5,SPIEC-EASI,0.01818181818181818,0.5,False
schafer_phyllosphere_2022,10,0.2,101,502,76,51,275,5,Supervised combined,0.0888479309224118,0.7562962962962962,True
schafer_phyllosphere_2022,10,0.4,201,502,76,51,275,5,Supervised combined,0.15432567292149835,0.8681481481481481,True
schafer_phyllosphere_2022,10,0.6,302,502,76,51,275,5,Supervised combined,0.33409545227386306,0.9266666666666666,True
schafer_phyllosphere_2022,10,0.8,402,502,76,51,275,5,Supervised combined,0.42353267810539175,0.9496296296296296,True
schafer_phyllosphere_2022,11,0.0,0,559,76,51,235,10,PLNNetwork,0.12404255319148937,0.584,False
schafer_phyllosphere_2022,11,0.0,0,559,76,51,235,10,Poisson GLMNet,0.7030457444099496,0.9326666666666665,False
schafer_phyllosphere_2022,11,0.0,0,559,76,51,235,10,SparCC,0.29928710264623576,0.8937777777777778,False
schafer_phyllosphere_2022,11,0.0,0,559,76,51,235,10,Mean rank,0.5245221445221445,0.9582222222222223,False
schafer_phyllosphere_2022,11,0.0,0,559,76,51,235,10,SPIEC-EASI,0.0425531914893617,0.5,False
schafer_phyllosphere_2022,11,0.2,112,559,76,51,235,10,Supervised combined,0.16835219311333433,0.8355555555555556,True
schafer_phyllosphere_2022,11,0.4,224,559,76,51,235,10,Supervised combined,0.12824954409095426,0.8302222222222222,True
schafer_phyllosphere_2022,11,0.6,336,559,76,51,235,10,Supervised combined,0.29240534571487303,0.8168888888888889,True
schafer_phyllosphere_2022,11,0.8,448,559,76,51,235,10,Supervised combined,0.289310188642587,0.768,True
schafer_phyllosphere_2022,12,0.0,0,501,76,51,271,11,PLNNetwork,0.14677749288618125,0.6538461538461539,False
schafer_phyllosphere_2022,12,0.0,0,501,76,51,271,11,Poisson GLMNet,0.07650037539336432,0.5277972027972028,False
schafer_phyllosphere_2022,12,0.0,0,501,76,51,271,11,SparCC,0.19601466486057276,0.886013986013986,False
schafer_phyllosphere_2022,12,0.0,0,501,76,51,271,11,Mean rank,0.23745654750325473,0.8807692307692307,False
schafer_phyllosphere_2022,12,0.0,0,501,76,51,271,11,SPIEC-EASI,0.04059040590405904,0.4980769230769231,False
schafer_phyllosphere_2022,12,0.2,101,501,76,51,271,11,Supervised combined,0.0902210576238448,0.7027972027972028,True
schafer_phyllosphere_2022,12,0.4,201,501,76,51,271,11,Supervised combined,0.17397424193388372,0.8062937062937063,True
schafer_phyllosphere_2022,12,0.6,301,501,76,51,271,11,Supervised combined,0.17478843525559298,0.8111888111888113,True
schafer_phyllosphere_2022,12,0.8,401,501,76,51,271,11,Supervised combined,0.21699186978836268,0.8321678321678321,True
schafer_phyllosphere_2022,13,0.0,0,493,76,51,278,5,PLNNetwork,0.0343884892086331,0.5787545787545787,False
schafer_phyllosphere_2022,13,0.0,0,493,76,51,278,5,Poisson GLMNet,0.03105515587529976,0.5611721611721612,False
schafer_phyllosphere_2022,13,0.0,0,493,76,51,278,5,SparCC,0.09469592640948139,0.9003663003663004,False
schafer_phyllosphere_2022,13,0.0,0,493,76,51,278,5,Mean rank,0.0995400432900433,0.906959706959707,False
schafer_phyllosphere_2022,13,0.0,0,493,76,51,278,5,SPIEC-EASI,0.017985611510791366,0.4981684981684982,False
schafer_phyllosphere_2022,13,0.2,99,493,76,51,278,5,Supervised combined,0.017985611510791366,0.5,False
schafer_phyllosphere_2022,13,0.4,198,493,76,51,278,5,Supervised combined,0.1322239465739323,0.8175824175824176,True
schafer_phyllosphere_2022,13,0.6,296,493,76,51,278,5,Supervised combined,0.19491876750700282,0.8131868131868132,True
schafer_phyllosphere_2022,13,0.8,395,493,76,51,278,5,Supervised combined,0.12780428958884507,0.8615384615384616,True
schafer_phyllosphere_2022,14,0.0,0,561,76,51,236,14,PLNNetwork,0.0925141242937853,0.5556628056628056,False
schafer_phyllosphere_2022,14,0.0,0,561,76,51,236,14,Poisson GLMNet,0.10084745762711865,0.5357142857142857,False
schafer_phyllosphere_2022,14,0.0,0,561,76,51,236,14,SparCC,0.2928692727160518,0.9095881595881594,False
schafer_phyllosphere_2022,14,0.0,0,561,76,51,236,14,Mean rank,0.26310886567076613,0.8944658944658945,False
schafer_phyllosphere_2022,14,0.0,0,561,76,51,236,14,SPIEC-EASI,0.059322033898305086,0.4954954954954955,False
schafer_phyllosphere_2022,14,0.2,113,561,76,51,236,14,Supervised combined,0.09073702265156758,0.48906048906048905,True
schafer_phyllosphere_2022,14,0.4,225,561,76,51,236,14,Supervised combined,0.1108159055231273,0.6061776061776062,True
schafer_phyllosphere_2022,14,0.6,337,561,76,51,236,14,Supervised combined,0.1208112523078296,0.6161518661518661,True
schafer_phyllosphere_2022,14,0.8,449,561,76,51,236,14,Supervised combined,0.11275684326040336,0.5868725868725868,True
schafer_phyllosphere_2022,15,0.0,0,293,76,51,406,11,PLNNetwork,0.054552918346021786,0.6108170310701956,False
schafer_phyllosphere_2022,15,0.0,0,293,76,51,406,11,Poisson GLMNet,0.12606359158083297,0.5653624856156503,False
schafer_phyllosphere_2022,15,0.0,0,293,76,51,406,11,SparCC,0.10660890891550487,0.8568469505178367,False
schafer_phyllosphere_2022,15,0.0,0,293,76,51,406,11,Mean rank,0.13133295961596755,0.8851553509781358,False
schafer_phyllosphere_2022,15,0.0,0,293,76,51,406,11,SPIEC-EASI,0.027093596059113302,0.5,False
schafer_phyllosphere_2022,15,0.2,59,293,76,51,406,11,Supervised combined,0.027093596059113302,0.5,False
schafer_phyllosphere_2022,15,0.4,118,293,76,51,406,11,Supervised combined,0.027093596059113302,0.5,False
schafer_phyllosphere_2022,15,0.6,176,293,76,51,406,11,Supervised combined,0.027093596059113302,0.5,False
schafer_phyllosphere_2022,15,0.8,235,293,76,51,406,11,Supervised combined,0.18916480163992755,0.7346375143843499,True
schafer_phyllosphere_2022,16,0.0,0,491,76,51,276,7,PLNNetwork,0.13036083998816916,0.6317047265002654,False
schafer_phyllosphere_2022,16,0.0,0,491,76,51,276,7,Poisson GLMNet,0.0943064182194617,0.6003717472118959,False
schafer_phyllosphere_2022,16,0.0,0,491,76,51,276,7,SparCC,0.1967074592074592,0.9272437599575146,False
schafer_phyllosphere_2022,16,0.0,0,491,76,51,276,7,Mean rank,0.27526920711999625,0.9134360063728094,False
schafer_phyllosphere_2022,16,0.0,0,491,76,51,276,7,SPIEC-EASI,0.025362318840579712,0.49814126394052044,False
schafer_phyllosphere_2022,16,0.2,99,491,76,51,276,7,Supervised combined,0.18581360792546683,0.6999468932554435,True
schafer_phyllosphere_2022,16,0.4,197,491,76,51,276,7,Supervised combined,0.1810006280748815,0.6579925650557621,True
schafer_phyllosphere_2022,16,0.6,295,491,76,51,276,7,Supervised combined,0.22094354937742292,0.7976633032395114,True
schafer_phyllosphere_2022,16,0.8,393,491,76,51,276,7,Supervised combined,0.216399021831959,0.8050982474774298,True
schafer_phyllosphere_2022,17,0.0,0,422,76,51,326,8,PLNNetwork,0.07465490797546012,0.6092767295597484,False
schafer_phyllosphere_2022,17,0.0,0,422,76,51,326,8,Poisson GLMNet,0.37139692277729086,0.7197327044025157,False
schafer_phyllosphere_2022,17,0.0,0,422,76,51,326,8,SparCC,0.1208843519831423,0.8608490566037736,False
schafer_phyllosphere_2022,17,0.0,0,422,76,51,326,8,Mean rank,0.2161236802413273,0.9339622641509435,False
schafer_phyllosphere_2022,17,0.0,0,422,76,51,326,8,SPIEC-EASI,0.024539877300613498,0.4968553459119497,False
schafer_phyllosphere_2022,17,0.2,85,422,76,51,326,8,Supervised combined,0.04148808680949756,0.60062893081761,True
schafer_phyllosphere_2022,17,0.4,169,422,76,51,326,8,Supervised combined,0.23661460959061578,0.8565251572327044,True
schafer_phyllosphere_2022,17,0.6,254,422,76,51,326,8,Supervised combined,0.16740626394881714,0.8525943396226415,True
schafer_phyllosphere_2022,17,0.8,338,422,76,51,326,8,Supervised combined,0.2255738486771694,0.854559748427673,True
schafer_phyllosphere_2022,18,0.0,0,560,76,51,229,10,PLNNetwork,0.126401018922853,0.6333333333333333,False
schafer_phyllosphere_2022,18,0.0,0,560,76,51,229,10,Poisson GLMNet,0.14009149511332913,0.6310502283105023,False
schafer_phyllosphere_2022,18,0.0,0,560,76,51,229,10,SparCC,0.3309075152178601,0.9168949771689497,False
schafer_phyllosphere_2022,18,0.0,0,560,76,51,229,10,Mean rank,0.3351498407430611,0.9356164383561645,False
schafer_phyllosphere_2022,18,0.0,0,560,76,51,229,10,SPIEC-EASI,0.043668122270742356,0.5,False
schafer_phyllosphere_2022,18,0.2,112,560,76,51,229,10,Supervised combined,0.17991859573297378,0.7968036529680366,True
schafer_phyllosphere_2022,18,0.4,224,560,76,51,229,10,Supervised combined,0.20858272445090878,0.8036529680365297,True
schafer_phyllosphere_2022,18,0.6,336,560,76,51,229,10,Supervised combined,0.22507958793125032,0.876255707762557,True
schafer_phyllosphere_2022,18,0.8,448,560,76,51,229,10,Supervised combined,0.3108961304870045,0.8753424657534247,True
schafer_phyllosphere_2022,19,0.0,0,696,76,51,136,10,PLNNetwork,0.1776610644257703,0.626984126984127,False
schafer_phyllosphere_2022,19,0.0,0,696,76,51,136,10,Poisson GLMNet,0.07867647058823529,0.47301587301587306,False
schafer_phyllosphere_2022,19,0.0,0,696,76,51,136,10,SparCC,0.40005455515539545,0.888888888888889,False
schafer_phyllosphere_2022,19,0.0,0,696,76,51,136,10,Mean rank,0.23614445413866822,0.8452380952380952,False
schafer_phyllosphere_2022,19,0.0,0,696,76,51,136,10,SPIEC-EASI,0.07352941176470588,0.5,False
schafer_phyllosphere_2022,19,0.2,140,696,76,51,136,10,Supervised combined,0.07352941176470588,0.5,False
schafer_phyllosphere_2022,19,0.4,279,696,76,51,136,10,Supervised combined,0.07352941176470588,0.5,False
schafer_phyllosphere_2022,19,0.6,418,696,76,51,136,10,Supervised combined,0.09183267645724708,0.5595238095238095,True
schafer_phyllosphere_2022,19,0.8,557,696,76,51,136,10,Supervised combined,0.1006881915883116,0.5761904761904763,True
schafer_phyllosphere_2022,20,0.0,0,288,76,51,401,5,PLNNetwork,0.22630328939555872,0.8828282828282829,False
schafer_phyllosphere_2022,20,0.0,0,288,76,51,401,5,Poisson GLMNet,0.3408146300914381,0.6714646464646464,False
schafer_phyllosphere_2022,20,0.0,0,288,76,51,401,5,SparCC,0.060852320852320854,0.7277777777777777,False
schafer_phyllosphere_2022,20,0.0,0,288,76,51,401,5,Mean rank,0.3454179922234005,0.952020202020202,False
schafer_phyllosphere_2022,20,0.0,0,288,76,51,401,5,SPIEC-EASI,0.012468827930174564,0.5,False
schafer_phyllosphere_2022,20,0.2,58,288,76,51,401,5,Supervised combined,0.011193718200033956,0.352020202020202,True
schafer_phyllosphere_2022,20,0.4,116,288,76,51,401,5,Supervised combined,0.03475233162140183,0.7974747474747474,True
schafer_phyllosphere_2022,20,0.6,173,288,76,51,401,5,Supervised combined,0.03488133608524257,0.7974747474747474,True
schafer_phyllosphere_2022,20,0.8,231,288,76,51,401,5,Supervised combined,0.2592977836295809,0.9030303030303031,True
schafer_phyllosphere_2022,21,0.0,0,553,76,51,237,5,PLNNetwork,0.11649742662400889,0.7681034482758622,False
schafer_phyllosphere_2022,21,0.0,0,553,76,51,237,5,Poisson GLMNet,0.02109704641350211,0.4396551724137931,False
schafer_phyllosphere_2022,21,0.0,0,553,76,51,237,5,SparCC,0.14893265993265994,0.9215517241379311,False
schafer_phyllosphere_2022,21,0.0,0,553,76,51,237,5,Mean rank,0.10662371615312792,0.881896551724138,False
schafer_phyllosphere_2022,21,0.0,0,553,76,51,237,5,SPIEC-EASI,0.02109704641350211,0.5,False
schafer_phyllosphere_2022,21,0.2,111,553,76,51,237,5,Supervised combined,0.05169745953446018,0.7353448275862069,True
schafer_phyllosphere_2022,21,0.4,222,553,76,51,237,5,Supervised combined,0.04178939423656832,0.6801724137931034,True
schafer_phyllosphere_2022,21,0.6,332,553,76,51,237,5,Supervised combined,0.03869880628767769,0.6232758620689656,True
schafer_phyllosphere_2022,21,0.8,443,553,76,51,237,5,Supervised combined,0.08375990475293611,0.8405172413793103,True
schafer_phyllosphere_2022,22,0.0,0,560,76,51,233,2,PLNNetwork,0.1709585121602289,0.7305194805194806,False
schafer_phyllosphere_2022,22,0.0,0,560,76,51,233,2,Poisson GLMNet,0.05984740104911779,0.7012987012987013,False
schafer_phyllosphere_2022,22,0.0,0,560,76,51,233,2,SparCC,0.13392857142857142,0.9588744588744589,False
schafer_phyllosphere_2022,22,0.0,0,560,76,51,233,2,Mean rank,0.5294117647058824,0.9307359307359307,False
schafer_phyllosphere_2022,22,0.0,0,560,76,51,233,2,SPIEC-EASI,0.008583690987124463,0.5,False
schafer_phyllosphere_2022,22,0.2,112,560,76,51,233,2,Supervised combined,0.05892857142857143,0.7424242424242424,True
schafer_phyllosphere_2022,22,0.4,224,560,76,51,233,2,Supervised combined,0.5074074074074074,0.7121212121212122,True
schafer_phyllosphere_2022,22,0.6,336,560,76,51,233,2,Supervised combined,0.5089285714285714,0.7619047619047619,True
schafer_phyllosphere_2022,22,0.8,448,560,76,51,233,2,Supervised combined,0.5117647058823529,0.8203463203463204,True
schafer_phyllosphere_2022,23,0.0,0,562,76,51,234,10,PLNNetwork,0.17516483516483516,0.6794642857142856,False
schafer_phyllosphere_2022,23,0.0,0,562,76,51,234,10,Poisson GLMNet,0.17491452991452994,0.5986607142857142,False
schafer_phyllosphere_2022,23,0.0,0,562,76,51,234,10,SparCC,0.18194496178508418,0.8629464285714287,False
schafer_phyllosphere_2022,23,0.0,0,562,76,51,234,10,Mean rank,0.3498660507433443,0.8700892857142857,False
schafer_phyllosphere_2022,23,0.0,0,562,76,51,234,10,SPIEC-EASI,0.042735042735042736,0.5,False
schafer_phyllosphere_2022,23,0.2,113,562,76,51,234,10,Supervised combined,0.042735042735042736,0.5,False
schafer_phyllosphere_2022,23,0.4,225,562,76,51,234,10,Supervised combined,0.042735042735042736,0.5,False
schafer_phyllosphere_2022,23,0.6,338,562,76,51,234,10,Supervised combined,0.3312812565765559,0.8325892857142857,True
schafer_phyllosphere_2022,23,0.8,450,562,76,51,234,10,Supervised combined,0.350147541680094,0.8450892857142858,True
schafer_phyllosphere_2022,24,0.0,0,555,76,51,236,3,PLNNetwork,0.47619047619047616,0.9899856938483548,False
schafer_phyllosphere_2022,24,0.0,0,555,76,51,236,3,Poisson GLMNet,0.028082419408441344,0.5879828326180256,False
schafer_phyllosphere_2022,24,0.0,0,555,76,51,236,3,SparCC,0.1797619047619048,0.9628040057224606,False
schafer_phyllosphere_2022,24,0.0,0,555,76,51,236,3,Mean rank,0.5535714285714286,0.9856938483547926,False
schafer_phyllosphere_2022,24,0.0,0,555,76,51,236,3,SPIEC-EASI,0.012711864406779662,0.5,False
schafer_phyllosphere_2022,24,0.2,111,555,76,51,236,3,Supervised combined,0.024091807265541876,0.6180257510729613,True
schafer_phyllosphere_2022,24,0.4,222,555,76,51,236,3,Supervised combined,0.4246031746031746,0.949928469241774,True
schafer_phyllosphere_2022,24,0.6,333,555,76,51,236,3,Supervised combined,0.48739495798319327,0.9728183118741058,True
schafer_phyllosphere_2022,24,0.8,444,555,76,51,236,3,Supervised combined,0.47916666666666663,0.9728183118741058,True
schafer_phyllosphere_2022,25,0.0,0,433,76,51,321,11,PLNNetwork,0.03426791277258567,0.4806451612903226,False
schafer_phyllosphere_2022,25,0.0,0,433,76,51,321,11,Poisson GLMNet,0.2324906930409454,0.7416422287390029,False
schafer_phyllosphere_2022,25,0.0,0,433,76,51,321,11,SparCC,0.218177898187749,0.9038123167155425,False
schafer_phyllosphere_2022,25,0.0,0,433,76,51,321,11,Mean rank,0.18837800771653365,0.892375366568915,False
schafer_phyllosphere_2022,25,0.0,0,433,76,51,321,11,SPIEC-EASI,0.03426791277258567,0.5,False
schafer_phyllosphere_2022,25,0.2,87,433,76,51,321,11,Supervised combined,0.03426791277258567,0.5,False
schafer_phyllosphere_2022,25,0.4,174,433,76,51,321,11,Supervised combined,0.04638022515646597,0.6343108504398828,True
schafer_phyllosphere_2022,25,0.6,260,433,76,51,321,11,Supervised combined,0.07978726009892351,0.7524926686217008,True
schafer_phyllosphere_2022,25,0.8,347,433,76,51,321,11,Supervised combined,0.08242163210707841,0.7609970674486803,True
schafer_phyllosphere_2022,26,0.0,0,623,76,51,191,9,PLNNetwork,0.10146402947450069,0.594017094017094,False
schafer_phyllosphere_2022,26,0.0,0,623,76,51,191,9,Poisson GLMNet,0.25887143688190806,0.6025641025641025,False
schafer_phyllosphere_2022,26,0.0,0,623,76,51,191,9,SparCC,0.24857529218583982,0.8571428571428571,False
schafer_phyllosphere_2022,26,0.0,0,623,76,51,191,9,Mean rank,0.3499023851965029,0.9432234432234433,False
schafer_phyllosphere_2022,26,0.0,0,623,76,51,191,9,SPIEC-EASI,0.04712041884816754,0.5,False
schafer_phyllosphere_2022,26,0.2,125,623,76,51,191,9,Supervised combined,0.1159627974725615,0.45482295482295476,True
schafer_phyllosphere_2022,26,0.4,250,623,76,51,191,9,Supervised combined,0.1762756679559144,0.764957264957265,True
schafer_phyllosphere_2022,26,0.6,374,623,76,51,191,9,Supervised combined,0.2565285692414849,0.8547008547008548,True
schafer_phyllosphere_2022,26,0.8,499,623,76,51,191,9,Supervised combined,0.3874185224113773,0.9267399267399268,True
schafer_phyllosphere_2022,27,0.0,0,499,76,51,275,12,PLNNetwork,0.04925925925925926,0.5147338403041825,False
schafer_phyllosphere_2022,27,0.0,0,499,76,51,275,12,Poisson GLMNet,0.05858585858585859,0.5456273764258556,False
schafer_phyllosphere_2022,27,0.0,0,499,76,51,275,12,SparCC,0.185203524896795,0.8894169835234473,False
schafer_phyllosphere_2022,27,0.0,0,499,76,51,275,12,Mean rank,0.1513569092437138,0.8653358681875792,False
schafer_phyllosphere_2022,27,0.0,0,499,76,51,275,12,SPIEC-EASI,0.04363636363636364,0.49809885931558934,False
schafer_phyllosphere_2022,27,0.2,100,499,76,51,275,12,Supervised combined,0.10124816459928893,0.7604562737642585,True
schafer_phyllosphere_2022,27,0.4,200,499,76,51,275,12,Supervised combined,0.09584523416968509,0.7626742712294043,True
schafer_phyllosphere_2022,27,0.6,300,499,76,51,275,12,Supervised combined,0.12673857867717442,0.8219264892268694,True
schafer_phyllosphere_2022,27,0.8,400,499,76,51,275,12,Supervised combined,0.13202722855745908,0.8304816223067174,True
schafer_phyllosphere_2022,28,0.0,0,496,76,51,280,15,PLNNetwork,0.08904761904761904,0.580125786163522,False
schafer_phyllosphere_2022,28,0.0,0,496,76,51,280,15,Poisson GLMNet,0.06716931216931217,0.5233962264150943,False
schafer_phyllosphere_2022,28,0.0,0,496,76,51,280,15,SparCC,0.19024394956744478,0.8669182389937107,False
schafer_phyllosphere_2022,28,0.0,0,496,76,51,280,15,Mean rank,0.27368123013170925,0.8213836477987422,False
schafer_phyllosphere_2022,28,0.0,0,496,76,51,280,15,SPIEC-EASI,0.05357142857142857,0.4981132075471698,False
schafer_phyllosphere_2022,28,0.2,100,496,76,51,280,15,Supervised combined,0.17037877472169863,0.7683018867924528,True
schafer_phyllosphere_2022,28,0.4,199,496,76,51,280,15,Supervised combined,0.16972106379252172,0.7516981132075472,True
schafer_phyllosphere_2022,28,0.6,298,496,76,51,280,15,Supervised combined,0.17244178417149497,0.7428930817610063,True
schafer_phyllosphere_2022,28,0.8,397,496,76,51,280,15,Supervised combined,0.17108790543061717,0.7431446540880503,True
schafer_phyllosphere_2022,29,0.0,0,559,76,51,237,5,PLNNetwork,0.02109704641350211,0.4827586206896552,False
schafer_phyllosphere_2022,29,0.0,0,559,76,51,237,5,Poisson GLMNet,0.3459915611814346,0.6706896551724137,False
schafer_phyllosphere_2022,29,0.0,0,559,76,51,237,5,SparCC,0.10020242668129993,0.7810344827586206,False
schafer_phyllosphere_2022,29,0.0,0,559,76,51,237,5,Mean rank,0.13408602150537635,0.8491379310344828,False
schafer_phyllosphere_2022,29,0.0,0,559,76,51,237,5,SPIEC-EASI,0.02109704641350211,0.5,False
schafer_phyllosphere_2022,29,0.2,112,559,76,51,237,5,Supervised combined,0.188442569798502,0.8017241379310346,True
schafer_phyllosphere_2022,29,0.4,224,559,76,51,237,5,Supervised combined,0.19132619284059205,0.8163793103448276,True
schafer_phyllosphere_2022,29,0.6,336,559,76,51,237,5,Supervised combined,0.13638776428250113,0.85,True
schafer_phyllosphere_2022,29,0.8,448,559,76,51,237,5,Supervised combined,0.07973680908463517,0.8008620689655173,True
schafer_phyllosphere_2022,30,0.0,0,695,76,51,142,1,PLNNetwork,0.007042253521126761,0.4787234042553192,False
schafer_phyllosphere_2022,30,0.0,0,695,76,51,142,1,Poisson GLMNet,0.2,0.9716312056737588,False
schafer_phyllosphere_2022,30,0.0,0,695,76,51,142,1,SparCC,0.011235955056179775,0.375886524822695,False
schafer_phyllosphere_2022,30,0.0,0,695,76,51,142,1,Mean rank,0.1,0.9361702127659575,False
schafer_phyllosphere_2022,30,0.0,0,695,76,51,142,1,SPIEC-EASI,0.007042253521126761,0.49645390070921985,False
schafer_phyllosphere_2022,30,0.2,139,695,76,51,142,1,Supervised combined,0.06666666666666667,0.900709219858156,True
schafer_phyllosphere_2022,30,0.4,278,695,76,51,142,1,Supervised combined,0.05555555555555555,0.8794326241134752,True
schafer_phyllosphere_2022,30,0.6,417,695,76,51,142,1,Supervised combined,0.02127659574468085,0.6737588652482269,True
schafer_phyllosphere_2022,30,0.8,556,695,76,51,142,1,Supervised combined,0.023255813953488372,0.7021276595744681,True
schafer_phyllosphere_2022,31,0.0,0,554,76,51,236,10,PLNNetwork,0.15056497175141242,0.5938053097345132,False
schafer_phyllosphere_2022,31,0.0,0,554,76,51,236,10,Poisson GLMNet,0.0423728813559322,0.47123893805309736,False
schafer_phyllosphere_2022,31,0.0,0,554,76,51,236,10,SparCC,0.2186200562722302,0.8924778761061947,False
schafer_phyllosphere_2022,31,0.0,0,554,76,51,236,10,Mean rank,0.24202141000654198,0.9146017699115045,False
schafer_phyllosphere_2022,31,0.0,0,554,76,51,236,10,SPIEC-EASI,0.0423728813559322,0.497787610619469,False
schafer_phyllosphere_2022,31,0.2,111,554,76,51,236,10,Supervised combined,0.11219128955184808,0.7292035398230089,True
schafer_phyllosphere_2022,31,0.4,222,554,76,51,236,10,Supervised combined,0.27358406548850067,0.8703539823008849,True
schafer_phyllosphere_2022,31,0.6,333,554,76,51,236,10,Supervised combined,0.4695118131829211,0.9548672566371681,True
schafer_phyllosphere_2022,31,0.8,444,554,76,51,236,10,Supervised combined,0.43424912219416867,0.9371681415929204,True
schafer_phyllosphere_2022,32,0.0,0,498,76,51,271,11,PLNNetwork,0.5251497579910864,0.8069930069930069,False
schafer_phyllosphere_2022,32,0.0,0,498,76,51,271,11,Poisson GLMNet,0.0710891199821089,0.5470279720279722,False
schafer_phyllosphere_2022,32,0.0,0,498,76,51,271,11,SparCC,0.21857421078200298,0.8765734265734266,False
schafer_phyllosphere_2022,32,0.0,0,498,76,51,271,11,Mean rank,0.45762602139501846,0.8996503496503496,False
schafer_phyllosphere_2022,32,0.0,0,498,76,51,271,11,SPIEC-EASI,0.04059040590405904,0.4980769230769231,False
schafer_phyllosphere_2022,32,0.2,100,498,76,51,271,11,Supervised combined,0.15557668978354958,0.8115384615384615,True
schafer_phyllosphere_2022,32,0.4,200,498,76,51,271,11,Supervised combined,0.13768531726623198,0.8052447552447553,True
schafer_phyllosphere_2022,32,0.6,299,498,76,51,271,11,Supervised combined,0.1352145146154032,0.8003496503496503,True
schafer_phyllosphere_2022,32,0.8,399,498,76,51,271,11,Supervised combined,0.09420379923828186,0.7101398601398601,True
schafer_phyllosphere_2022,33,0.0,0,359,76,51,361,5,PLNNetwork,0.013850415512465374,0.476123595505618,False
schafer_phyllosphere_2022,33,0.0,0,359,76,51,361,5,Poisson GLMNet,0.016962685351148768,0.5174157303370787,False
schafer_phyllosphere_2022,33,0.0,0,359,76,51,361,5,SparCC,0.042002932364378145,0.79438202247191,False
schafer_phyllosphere_2022,33,0.0,0,359,76,51,361,5,Mean rank,0.033907947362177365,0.7578651685393258,False
schafer_phyllosphere_2022,33,0.0,0,359,76,51,361,5,SPIEC-EASI,0.013850415512465374,0.5,False
schafer_phyllosphere_2022,33,0.2,72,359,76,51,361,5,Supervised combined,0.013850415512465374,0.5,False
schafer_phyllosphere_2022,33,0.4,144,359,76,51,361,5,Supervised combined,0.013850415512465374,0.5,False
schafer_phyllosphere_2022,33,0.6,216,359,76,51,361,5,Supervised combined,0.018846139756692942,0.5848314606741574,True
schafer_phyllosphere_2022,33,0.8,288,359,76,51,361,5,Supervised combined,0.01695704291730782,0.5342696629213484,True
schafer_phyllosphere_2022,34,0.0,0,554,76,51,237,2,PLNNetwork,0.30952380952380953,0.9851063829787233,False
schafer_phyllosphere_2022,34,0.0,0,554,76,51,237,2,Poisson GLMNet,0.008438818565400843,0.46808510638297873,False
schafer_phyllosphere_2022,34,0.0,0,554,76,51,237,2,SparCC,0.14583333333333331,0.9638297872340426,False
schafer_phyllosphere_2022,34,0.0,0,554,76,51,237,2,Mean rank,0.5909090909090909,0.9808510638297872,False
schafer_phyllosphere_2022,34,0.0,0,554,76,51,237,2,SPIEC-EASI,0.008438818565400843,0.5,False
schafer_phyllosphere_2022,34,0.2,111,554,76,51,237,2,Supervised combined,0.8333333333333333,0.9978723404255319,True
schafer_phyllosphere_2022,34,0.4,222,554,76,51,237,2,Supervised combined,1.0,1.0,True
schafer_phyllosphere_2022,34,0.6,333,554,76,51,237,2,Supervised combined,0.5833333333333333,0.9957446808510638,True
schafer_phyllosphere_2022,34,0.8,444,554,76,51,237,2,Supervised combined,0.5833333333333333,0.9957446808510638,True
schafer_phyllosphere_2022,35,0.0,0,558,76,51,234,5,PLNNetwork,0.1170940170940171,0.588646288209607,False
schafer_phyllosphere_2022,35,0.0,0,558,76,51,234,5,Poisson GLMNet,0.3366544566544567,0.8755458515283843,False
schafer_phyllosphere_2022,35,0.0,0,558,76,51,234,5,SparCC,0.4228327228327229,0.8943231441048035,False
schafer_phyllosphere_2022,35,0.0,0,558,76,51,234,5,Mean rank,0.4580952380952381,0.9624454148471615,False
schafer_phyllosphere_2022,35,0.0,0,558,76,51,234,5,SPIEC-EASI,0.021367521367521368,0.5,False
schafer_phyllosphere_2022,35,0.2,112,558,76,51,234,5,Supervised combined,0.024168556340062448,0.4995633187772926,True
schafer_phyllosphere_2022,35,0.4,224,558,76,51,234,5,Supervised combined,0.15538126820367057,0.8349344978165939,True
schafer_phyllosphere_2022,35,0.6,335,558,76,51,234,5,Supervised combined,0.299765818310357,0.9109170305676856,True
schafer_phyllosphere_2022,35,0.8,447,558,76,51,234,5,Supervised combined,0.33450938465193636,0.9248908296943231,True
schafer_phyllosphere_2022,36,0.0,0,417,76,51,328,8,PLNNetwork,0.2682926829268293,0.615625,False
schafer_phyllosphere_2022,36,0.0,0,417,76,51,328,8,Poisson GLMNet,0.13492239467849224,0.70546875,False
schafer_phyllosphere_2022,36,0.0,0,417,76,51,328,8,SparCC,0.10334557805024158,0.8289062499999998,False
schafer_phyllosphere_2022,36,0.0,0,417,76,51,328,8,Mean rank,0.3040103977551424,0.9011718750000001,False
schafer_phyllosphere_2022,36,0.0,0,417,76,51,328,8,SPIEC-EASI,0.024390243902439025,0.5,False
schafer_phyllosphere_2022,36,0.2,84,417,76,51,328,8,Supervised combined,0.038028945312854924,0.625,True
schafer_phyllosphere_2022,36,0.4,167,417,76,51,328,8,Supervised combined,0.16493119870723097,0.8152343750000001,True
schafer_phyllosphere_2022,36,0.6,251,417,76,51,328,8,Supervised combined,0.17718539132310027,0.8203125,True
schafer_phyllosphere_2022,36,0.8,334,417,76,51,328,8,Supervised combined,0.1650819773461283,0.809765625,True
schafer_phyllosphere_2022,37,0.0,0,491,76,51,283,1,PLNNetwork,0.0035335689045936395,0.49113475177304966,False
schafer_phyllosphere_2022,37,0.0,0,491,76,51,283,1,Poisson GLMNet,0.0035335689045936395,0.4645390070921986,False
schafer_phyllosphere_2022,37,0.0,0,491,76,51,283,1,SparCC,0.02857142857142857,0.8794326241134752,False
schafer_phyllosphere_2022,37,0.0,0,491,76,51,283,1,Mean rank,0.023255813953488372,0.851063829787234,False
schafer_phyllosphere_2022,37,0.0,0,491,76,51,283,1,SPIEC-EASI,0.0035335689045936395,0.5,False
schafer_phyllosphere_2022,37,0.2,99,491,76,51,283,1,Supervised combined,0.009708737864077669,0.6382978723404256,True
schafer_phyllosphere_2022,37,0.4,197,491,76,51,283,1,Supervised combined,0.014285714285714285,0.7553191489361702,True
schafer_phyllosphere_2022,37,0.6,295,491,76,51,283,1,Supervised combined,0.011235955056179775,0.6879432624113475,True
schafer_phyllosphere_2022,37,0.8,393,491,76,51,283,1,Supervised combined,0.011363636363636364,0.6914893617021276,True
schafer_phyllosphere_2022,38,0.0,0,752,76,51,94,2,PLNNetwork,0.02127659574468085,0.483695652173913,False
schafer_phyllosphere_2022,38,0.0,0,752,76,51,94,2,Poisson GLMNet,0.02127659574468085,0.4891304347826087,False
schafer_phyllosphere_2022,38,0.0,0,752,76,51,94,2,SparCC,0.6,0.9565217391304348,False
schafer_phyllosphere_2022,38,0.0,0,752,76,51,94,2,Mean rank,0.16025641025641024,0.9130434782608696,False
schafer_phyllosphere_2022,38,0.0,0,752,76,51,94,2,SPIEC-EASI,0.02127659574468085,0.5,False
schafer_phyllosphere_2022,38,0.2,151,752,76,51,94,2,Supervised combined,0.02532201405152225,0.3804347826086957,True
schafer_phyllosphere_2022,38,0.4,301,752,76,51,94,2,Supervised combined,0.026169950738916255,0.3967391304347826,True
schafer_phyllosphere_2022,38,0.6,452,752,76,51,94,2,Supervised combined,0.026040061633281972,0.3967391304347826,True
schafer_phyllosphere_2022,38,0.8,602,752,76,51,94,2,Supervised combined,0.025562994522215457,0.391304347826087,True
schafer_phyllosphere_2022,39,0.0,0,620,76,51,192,4,PLNNetwork,0.21875,0.7367021276595745,False
schafer_phyllosphere_2022,39,0.0,0,620,76,51,192,4,Poisson GLMNet,0.18087121212121213,0.7194148936170213,False
schafer_phyllosphere_2022,39,0.0,0,620,76,51,192,4,SparCC,0.14522875816993464,0.9255319148936171,False
schafer_phyllosphere_2022,39,0.0,0,620,76,51,192,4,Mean rank,0.6201923076923077,0.9707446808510638,False
schafer_phyllosphere_2022,39,0.0,0,620,76,51,192,4,SPIEC-EASI,0.020833333333333332,0.5,False
schafer_phyllosphere_2022,39,0.2,124,620,76,51,192,4,Supervised combined,0.32998251748251745,0.901595744680851,True
schafer_phyllosphere_2022,39,0.4,248,620,76,51,192,4,Supervised combined,0.3588949749940462,0.9215425531914894,True
schafer_phyllosphere_2022,39,0.6,372,620,76,51,192,4,Supervised combined,0.37969367588932806,0.9202127659574468,True
schafer_phyllosphere_2022,39,0.8,496,620,76,51,192,4,Supervised combined,0.4430555555555556,0.9654255319148937,True
schafer_phyllosphere_2022,40,0.0,0,499,76,51,273,5,PLNNetwork,0.21399267399267397,0.7850746268656716,False
schafer_phyllosphere_2022,40,0.0,0,499,76,51,273,5,Poisson GLMNet,0.06465201465201466,0.5843283582089551,False
schafer_phyllosphere_2022,40,0.0,0,499,76,51,273,5,SparCC,0.06151368238808362,0.7880597014925372,False
schafer_phyllosphere_2022,40,0.0,0,499,76,51,273,5,Mean rank,0.17042957042957044,0.8888059701492538,False
schafer_phyllosphere_2022,40,0.0,0,499,76,51,273,5,SPIEC-EASI,0.018315018315018316,0.5,False
schafer_phyllosphere_2022,40,0.2,100,499,76,51,273,5,Supervised combined,0.024199736537525184,0.5298507462686567,True
schafer_phyllosphere_2022,40,0.4,200,499,76,51,273,5,Supervised combined,0.12070800305002281,0.5761194029850747,True
schafer_phyllosphere_2022,40,0.6,300,499,76,51,273,5,Supervised combined,0.05332567353467444,0.6246268656716418,True
schafer_phyllosphere_2022,40,0.8,400,499,76,51,273,5,Supervised combined,0.2160921670373116,0.8783582089552239,True
schafer_phyllosphere_2022,41,0.0,0,431,76,51,317,13,PLNNetwork,0.057233337990435784,0.551745951417004,False
schafer_phyllosphere_2022,41,0.0,0,431,76,51,317,13,Poisson GLMNet,0.34525756133375646,0.695597165991903,False
schafer_phyllosphere_2022,41,0.0,0,431,76,51,317,13,SparCC,0.1613377404652709,0.8494433198380567,False
schafer_phyllosphere_2022,41,0.0,0,431,76,51,317,13,Mean rank,0.19130089258087637,0.8853744939271255,False
schafer_phyllosphere_2022,41,0.0,0,431,76,51,317,13,SPIEC-EASI,0.04100946372239748,0.49835526315789475,False
schafer_phyllosphere_2022,41,0.2,87,431,76,51,317,13,Supervised combined,0.04100946372239748,0.5,False
schafer_phyllosphere_2022,41,0.4,173,431,76,51,317,13,Supervised combined,0.04100946372239748,0.5,False
schafer_phyllosphere_2022,41,0.6,259,431,76,51,317,13,Supervised combined,0.04100946372239748,0.5,False
schafer_phyllosphere_2022,41,0.8,345,431,76,51,317,13,Supervised combined,0.06719307942114819,0.5933704453441296,True
schafer_phyllosphere_2022,42,0.0,0,489,76,51,283,3,PLNNetwork,0.09040047114252062,0.6511904761904761,False
schafer_phyllosphere_2022,42,0.0,0,489,76,51,283,3,Poisson GLMNet,0.09040047114252062,0.6380952380952382,False
schafer_phyllosphere_2022,42,0.0,0,489,76,51,283,3,SparCC,0.12752525252525254,0.9511904761904763,False
schafer_phyllosphere_2022,42,0.0,0,489,76,51,283,3,Mean rank,0.24924924924924924,0.9523809523809523,False
schafer_phyllosphere_2022,42,0.0,0,489,76,51,283,3,SPIEC-EASI,0.01060070671378092,0.4982142857142857,False
schafer_phyllosphere_2022,42,0.2,98,489,76,51,283,3,Supervised combined,0.05134476320916999,0.694047619047619,True
schafer_phyllosphere_2022,42,0.4,196,489,76,51,283,3,Supervised combined,0.1841096995361968,0.7297619047619047,True
schafer_phyllosphere_2022,42,0.6,294,489,76,51,283,3,Supervised combined,0.3672364672364672,0.8857142857142857,True
schafer_phyllosphere_2022,42,0.8,392,489,76,51,283,3,Supervised combined,0.21618357487922704,0.9214285714285714,True
schafer_phyllosphere_2022,43,0.0,0,553,76,51,238,13,PLNNetwork,0.10573087043675278,0.5924786324786325,False
schafer_phyllosphere_2022,43,0.0,0,553,76,51,238,13,Poisson GLMNet,0.41466817496229263,0.6967521367521368,False
schafer_phyllosphere_2022,43,0.0,0,553,76,51,238,13,SparCC,0.23778010214978598,0.8601709401709402,False
schafer_phyllosphere_2022,43,0.0,0,553,76,51,238,13,Mean rank,0.308533776299915,0.8947008547008546,False
schafer_phyllosphere_2022,43,0.0,0,553,76,51,238,13,SPIEC-EASI,0.0546218487394958,0.49777777777777776,False
schafer_phyllosphere_2022,43,0.2,111,553,76,51,238,13,Supervised combined,0.14705832755740392,0.7193162393162393,True
schafer_phyllosphere_2022,43,0.4,222,553,76,51,238,13,Supervised combined,0.35284142382302275,0.8618803418803418,True
schafer_phyllosphere_2022,43,0.6,332,553,76,51,238,13,Supervised combined,0.3282089930754197,0.8608547008547008,True
schafer_phyllosphere_2022,43,0.8,443,553,76,51,238,13,Supervised combined,0.325831067044577,0.8598290598290599,True
schafer_phyllosphere_2022,44,0.0,0,621,76,51,192,4,PLNNetwork,0.020833333333333332,0.4787234042553192,False
schafer_phyllosphere_2022,44,0.0,0,621,76,51,192,4,Poisson GLMNet,0.1076388888888889,0.6968085106382979,False
schafer_phyllosphere_2022,44,0.0,0,621,76,51,192,4,SparCC,0.12590579710144928,0.8896276595744681,False
schafer_phyllosphere_2022,44,0.0,0,621,76,51,192,4,Mean rank,0.10490401439168043,0.8882978723404256,False
schafer_phyllosphere_2022,44,0.0,0,621,76,51,192,4,SPIEC-EASI,0.020833333333333332,0.5,False
schafer_phyllosphere_2022,44,0.2,125,621,76,51,192,4,Supervised combined,0.18125000000000002,0.925531914893617,True
schafer_phyllosphere_2022,44,0.4,249,621,76,51,192,4,Supervised combined,0.12145146520146521,0.8976063829787234,True
schafer_phyllosphere_2022,44,0.6,373,621,76,51,192,4,Supervised combined,0.1342948717948718,0.913563829787234,True
schafer_phyllosphere_2022,44,0.8,497,621,76,51,192,4,Supervised combined,0.15408549783549783,0.9215425531914894,True
schafer_phyllosphere_2022,45,0.0,0,684,76,51,145,5,PLNNetwork,0.1106896551724138,0.6649999999999999,False
schafer_phyllosphere_2022,45,0.0,0,684,76,51,145,5,Poisson GLMNet,0.09926108374384236,0.6357142857142857,False
schafer_phyllosphere_2022,45,0.0,0,684,76,51,145,5,SparCC,0.37976190476190474,0.9614285714285714,False
schafer_phyllosphere_2022,45,0.0,0,684,76,51,145,5,Mean rank,0.3316017316017316,0.8957142857142857,False
schafer_phyllosphere_2022,45,0.0,0,684,76,51,145,5,SPIEC-EASI,0.034482758620689655,0.5,False
schafer_phyllosphere_2022,45,0.2,137,684,76,51,145,5,Supervised combined,0.43056667470460575,0.937142857142857,True
schafer_phyllosphere_2022,45,0.4,274,684,76,51,145,5,Supervised combined,0.5094909688013136,0.9171428571428571,True
schafer_phyllosphere_2022,45,0.6,411,684,76,51,145,5,Supervised combined,0.39090909090909093,0.8957142857142857,True
schafer_phyllosphere_2022,45,0.8,548,684,76,51,145,5,Supervised combined,0.4285714285714286,0.9057142857142857,True
schafer_phyllosphere_2022,46,0.0,0,420,76,51,328,3,PLNNetwork,0.05371660859465737,0.6502564102564102,False
schafer_phyllosphere_2022,46,0.0,0,420,76,51,328,3,Poisson GLMNet,0.18162020905923343,0.8076923076923077,False
schafer_phyllosphere_2022,46,0.0,0,420,76,51,328,3,SparCC,0.10352728047740836,0.9487179487179487,False
schafer_phyllosphere_2022,46,0.0,0,420,76,51,328,3,Mean rank,0.2078754578754579,0.9774358974358974,False
schafer_phyllosphere_2022,46,0.0,0,420,76,51,328,3,SPIEC-EASI,0.009146341463414634,0.49846153846153846,False
schafer_phyllosphere_2022,46,0.2,84,420,76,51,328,3,Supervised combined,0.01899696048632219,0.6923076923076923,True
schafer_phyllosphere_2022,46,0.4,168,420,76,51,328,3,Supervised combined,0.15782828282828282,0.9682051282051282,True
schafer_phyllosphere_2022,46,0.6,252,420,76,51,328,3,Supervised combined,0.14484126984126983,0.9620512820512821,True
schafer_phyllosphere_2022,46,0.8,336,420,76,51,328,3,Supervised combined,0.1638888888888889,0.9641025641025641,True
schafer_phyllosphere_2022,47,0.0,0,691,76,51,143,2,PLNNetwork,0.506993006993007,0.7482269503546098,False
schafer_phyllosphere_2022,47,0.0,0,691,76,51,143,2,Poisson GLMNet,0.17365967365967366,0.7216312056737588,False
schafer_phyllosphere_2022,47,0.0,0,691,76,51,143,2,SparCC,0.26666666666666666,0.9645390070921986,False
schafer_phyllosphere_2022,47,0.0,0,691,76,51,143,2,Mean rank,0.5526315789473684,0.9397163120567377,False
schafer_phyllosphere_2022,47,0.0,0,691,76,51,143,2,SPIEC-EASI,0.013986013986013986,0.5,False
schafer_phyllosphere_2022,47,0.2,139,691,76,51,143,2,Supervised combined,0.035590277777777776,0.49290780141843976,True
schafer_phyllosphere_2022,47,0.4,277,691,76,51,143,2,Supervised combined,0.5222222222222223,0.8475177304964538,True
schafer_phyllosphere_2022,47,0.6,415,691,76,51,143,2,Supervised combined,0.52,0.8297872340425532,True
schafer_phyllosphere_2022,47,0.8,553,691,76,51,143,2,Supervised combined,0.5238095238095238,0.8581560283687943,True
schafer_phyllosphere_2022,48,0.0,0,553,76,51,236,7,PLNNetwork,0.06102160551313094,0.6144728633811603,False
schafer_phyllosphere_2022,48,0.0,0,553,76,51,236,7,Poisson GLMNet,0.3373871890821043,0.7461010605115409,False
schafer_phyllosphere_2022,48,0.0,0,553,76,51,236,7,SparCC,0.20844017094017092,0.9201497192763568,False
schafer_phyllosphere_2022,48,0.0,0,553,76,51,236,7,Mean rank,0.20222182440227554,0.9282595134123518,False
schafer_phyllosphere_2022,48,0.0,0,553,76,51,236,7,SPIEC-EASI,0.029661016949152543,0.5,False
schafer_phyllosphere_2022,48,0.2,111,553,76,51,236,7,Supervised combined,0.059762797842317715,0.6843418590143481,True
schafer_phyllosphere_2022,48,0.4,222,553,76,51,236,7,Supervised combined,0.25606756894276095,0.8346849656893325,True
schafer_phyllosphere_2022,48,0.6,332,553,76,51,236,7,Supervised combined,0.2605305653810067,0.9469744229569557,True
schafer_phyllosphere_2022,48,0.8,443,553,76,51,236,7,Supervised combined,0.28692404234421043,0.9507174048658765,True
schafer_phyllosphere_2022,49,0.0,0,561,76,51,237,6,PLNNetwork,0.12005224030540486,0.652958152958153,False
schafer_phyllosphere_2022,49,0.0,0,561,76,51,237,6,Poisson GLMNet,0.02531645569620253,0.4696969696969697,False
schafer_phyllosphere_2022,49,0.0,0,561,76,51,237,6,SparCC,0.28804713804713805,0.9660894660894661,False
schafer_phyllosphere_2022,49,0.0,0,561,76,51,237,6,Mean rank,0.1988426066686936,0.937950937950938,False
schafer_phyllosphere_2022,49,0.0,0,561,76,51,237,6,SPIEC-EASI,0.02531645569620253,0.5,False
schafer_phyllosphere_2022,49,0.2,113,561,76,51,237,6,Supervised combined,0.19307595312268208,0.8809523809523809,True
schafer_phyllosphere_2022,49,0.4,225,561,76,51,237,6,Supervised combined,0.17869946680726884,0.9033189033189034,True
schafer_phyllosphere_2022,49,0.6,337,561,76,51,237,6,Supervised combined,0.23368078491029312,0.9321789321789321,True
schafer_phyllosphere_2022,49,0.8,449,561,76,51,237,6,Supervised combined,0.20685624130391572,0.9379509379509379,True
schafer_phyllosphere_2022,50,0.0,0,687,76,51,147,4,PLNNetwork,0.26360544217687076,0.7307692307692307,False
schafer_phyllosphere_2022,50,0.0,0,687,76,51,147,4,Poisson GLMNet,0.09138321995464853,0.6800699300699301,False
schafer_phyllosphere_2022,50,0.0,0,687,76,51,147,4,SparCC,0.3173076923076923,0.9195804195804196,False
schafer_phyllosphere_2022,50,0.0,0,687,76,51,147,4,Mean rank,0.4107843137254902,0.923076923076923,False
schafer_phyllosphere_2022,50,0.0,0,687,76,51,147,4,SPIEC-EASI,0.027210884353741496,0.5,False
schafer_phyllosphere_2022,50,0.2,138,687,76,51,147,4,Supervised combined,0.4164405246494799,0.8688811188811189,True
schafer_phyllosphere_2022,50,0.4,275,687,76,51,147,4,Supervised combined,0.41075870646766166,0.8671328671328671,True
schafer_phyllosphere_2022,50,0.6,413,687,76,51,147,4,Supervised combined,0.27884615384615385,0.8444055944055944,True
schafer_phyllosphere_2022,50,0.8,550,687,76,51,147,4,Supervised combined,0.3911290322580645,0.8653846153846153,True
schafer_phyllosphere_2022,51,0.0,0,632,76,51,181,7,PLNNetwork,0.30228887134964477,0.7701149425287357,False
schafer_phyllosphere_2022,51,0.0,0,632,76,51,181,7,Poisson GLMNet,0.03867403314917127,0.49137931034482757,False
schafer_phyllosphere_2022,51,0.0,0,632,76,51,181,7,SparCC,0.19652243948018594,0.8645320197044335,False
schafer_phyllosphere_2022,51,0.0,0,632,76,51,181,7,Mean rank,0.4094110481458161,0.9187192118226601,False
schafer_phyllosphere_2022,51,0.0,0,632,76,51,181,7,SPIEC-EASI,0.03867403314917127,0.5,False
schafer_phyllosphere_2022,51,0.2,127,632,76,51,181,7,Supervised combined,0.19891553778962173,0.8620689655172413,True
schafer_phyllosphere_2022,51,0.4,253,632,76,51,181,7,Supervised combined,0.2423165020869388,0.854679802955665,True
schafer_phyllosphere_2022,51,0.6,380,632,76,51,181,7,Supervised combined,0.3120511872352815,0.8481116584564861,True
schafer_phyllosphere_2022,51,0.8,506,632,76,51,181,7,Supervised combined,0.6489050165520753,0.9712643678160919,True
schafer_phyllosphere_2022,52,0.0,0,489,76,51,279,8,PLNNetwork,0.11317204301075268,0.6088560885608857,False
schafer_phyllosphere_2022,52,0.0,0,489,76,51,279,8,Poisson GLMNet,0.02867383512544803,0.4575645756457565,False
schafer_phyllosphere_2022,52,0.0,0,489,76,51,279,8,SparCC,0.1680892976848859,0.9234317343173432,False
schafer_phyllosphere_2022,52,0.0,0,489,76,51,279,8,Mean rank,0.18212556357868176,0.889760147601476,False
schafer_phyllosphere_2022,52,0.0,0,489,76,51,279,8,SPIEC-EASI,0.02867383512544803,0.4981549815498155,False
schafer_phyllosphere_2022,52,0.2,98,489,76,51,279,8,Supervised combined,0.12734398582527004,0.8556273062730627,True
schafer_phyllosphere_2022,52,0.4,196,489,76,51,279,8,Supervised combined,0.1337921193226671,0.8643911439114392,True
schafer_phyllosphere_2022,52,0.6,294,489,76,51,279,8,Supervised combined,0.11378345644738816,0.845940959409594,True
schafer_phyllosphere_2022,52,0.8,392,489,76,51,279,8,Supervised combined,0.13517227564102563,0.8962177121771218,True
schafer_phyllosphere_2022,53,0.0,0,624,76,51,187,1,PLNNetwork,0.25,0.9838709677419355,False
schafer_phyllosphere_2022,53,0.0,0,624,76,51,187,1,Poisson GLMNet,0.0053475935828877,0.4596774193548387,False
schafer_phyllosphere_2022,53,0.0,0,624,76,51,187,1,SparCC,0.0625,0.9193548387096774,False
schafer_phyllosphere_2022,53,0.0,0,624,76,51,187,1,Mean rank,0.09090909090909091,0.946236559139785,False
schafer_phyllosphere_2022,53,0.0,0,624,76,51,187,1,SPIEC-EASI,0.0053475935828877,0.5,False
schafer_phyllosphere_2022,53,0.2,125,624,76,51,187,1,Supervised combined,0.07692307692307693,0.935483870967742,True
schafer_phyllosphere_2022,53,0.4,250,624,76,51,187,1,Supervised combined,0.1111111111111111,0.956989247311828,True
schafer_phyllosphere_2022,53,0.6,375,624,76,51,187,1,Supervised combined,0.06666666666666667,0.9247311827956989,True
schafer_phyllosphere_2022,53,0.8,500,624,76,51,187,1,Supervised combined,0.05555555555555555,0.9086021505376344,True
schafer_phyllosphere_2022,54,0.0,0,493,76,51,277,7,PLNNetwork,0.16920233797490114,0.6973544973544974,False
schafer_phyllosphere_2022,54,0.0,0,493,76,51,277,7,Poisson GLMNet,0.1641002971585746,0.6751322751322751,False
schafer_phyllosphere_2022,54,0.0,0,493,76,51,277,7,SparCC,0.1456943585515014,0.906878306878307,False
schafer_phyllosphere_2022,54,0.0,0,493,76,51,277,7,Mean rank,0.3736109828546803,0.9492063492063492,False
schafer_phyllosphere_2022,54,0.0,0,493,76,51,277,7,SPIEC-EASI,0.02527075812274368,0.4981481481481482,False
schafer_phyllosphere_2022,54,0.2,99,493,76,51,277,7,Supervised combined,0.3998961746860906,0.9661375661375661,True
schafer_phyllosphere_2022,54,0.4,198,493,76,51,277,7,Supervised combined,0.28866934778807485,0.9407407407407408,True
schafer_phyllosphere_2022,54,0.6,296,493,76,51,277,7,Supervised combined,0.3037215787215787,0.9412698412698413,True
schafer_phyllosphere_2022,54,0.8,395,493,76,51,277,7,Supervised combined,0.2703438742268067,0.9502645502645503,True
schafer_phyllosphere_2022,55,0.0,0,433,76,51,314,7,PLNNetwork,0.03951644352008319,0.549092601209865,False
schafer_phyllosphere_2022,55,0.0,0,433,76,51,314,7,Poisson GLMNet,0.022292993630573247,0.46416938110749184,False
schafer_phyllosphere_2022,55,0.0,0,433,76,51,314,7,SparCC,0.11672877846790888,0.9073987901349464,False
schafer_phyllosphere_2022,55,0.0,0,433,76,51,314,7,Mean rank,0.10027681897593566,0.8738948348068869,False
schafer_phyllosphere_2022,55,0.0,0,433,76,51,314,7,SPIEC-EASI,0.022292993630573247,0.498371335504886,False
schafer_phyllosphere_2022,55,0.2,87,433,76,51,314,7,Supervised combined,0.01939776900053204,0.38250348999534667,True
schafer_phyllosphere_2022,55,0.4,174,433,76,51,314,7,Supervised combined,0.024717371943389563,0.5230339692880409,True
schafer_phyllosphere_2022,55,0.6,260,433,76,51,314,7,Supervised combined,0.05949046307538698,0.7584923220102373,True
schafer_phyllosphere_2022,55,0.8,347,433,76,51,314,7,Supervised combined,0.0665339058502317,0.7845509539320614,True
schafer_phyllosphere_2022,56,0.0,0,686,76,51,147,7,PLNNetwork,0.08843537414965986,0.5479591836734693,False
schafer_phyllosphere_2022,56,0.0,0,686,76,51,147,7,Poisson GLMNet,0.4421768707482993,0.8102040816326532,False
schafer_phyllosphere_2022,56,0.0,0,686,76,51,147,7,SparCC,0.22688379158967395,0.8367346938775511,False
schafer_phyllosphere_2022,56,0.0,0,686,76,51,147,7,Mean rank,0.37621861299780746,0.8989795918367347,False
schafer_phyllosphere_2022,56,0.0,0,686,76,51,147,7,SPIEC-EASI,0.047619047619047616,0.5,False
schafer_phyllosphere_2022,56,0.2,138,686,76,51,147,7,Supervised combined,0.10384351631471447,0.7224489795918367,True
schafer_phyllosphere_2022,56,0.4,275,686,76,51,147,7,Supervised combined,0.22831589372190036,0.8061224489795917,True
schafer_phyllosphere_2022,56,0.6,412,686,76,51,147,7,Supervised combined,0.22690853477780473,0.8153061224489796,True
schafer_phyllosphere_2022,56,0.8,549,686,76,51,147,7,Supervised combined,0.3057148625023962,0.8275510204081633,True
schafer_phyllosphere_2022,57,0.0,0,491,76,51,281,16,PLNNetwork,0.14847629888254235,0.6860849056603774,False
schafer_phyllosphere_2022,57,0.0,0,491,76,51,281,16,Poisson GLMNet,0.05963078291814946,0.4813679245283019,False
schafer_phyllosphere_2022,57,0.0,0,491,76,51,281,16,SparCC,0.20896019995146087,0.8584905660377359,False
schafer_phyllosphere_2022,57,0.0,0,491,76,51,281,16,Mean rank,0.25813808636357355,0.8518867924528302,False
schafer_phyllosphere_2022,57,0.0,0,491,76,51,281,16,SPIEC-EASI,0.05693950177935943,0.5,False
schafer_phyllosphere_2022,57,0.2,99,491,76,51,281,16,Supervised combined,0.05693950177935943,0.5,False
schafer_phyllosphere_2022,57,0.4,197,491,76,51,281,16,Supervised combined,0.05608897968022254,0.47783018867924526,True
schafer_phyllosphere_2022,57,0.6,295,491,76,51,281,16,Supervised combined,0.05753726342381114,0.475,True
schafer_phyllosphere_2022,57,0.8,393,491,76,51,281,16,Supervised combined,0.06366157073717717,0.48773584905660383,True
schafer_phyllosphere_2022,58,0.0,0,622,76,51,191,2,PLNNetwork,0.1719022687609075,0.738095238095238,False
schafer_phyllosphere_2022,58,0.0,0,622,76,51,191,2,Poisson GLMNet,0.010471204188481676,0.47619047619047616,False
schafer_phyllosphere_2022,58,0.0,0,622,76,51,191,2,SparCC,0.1380952380952381,0.9497354497354497,False
schafer_phyllosphere_2022,58,0.0,0,622,76,51,191,2,Mean rank,0.3,0.9497354497354498,False
schafer_phyllosphere_2022,58,0.0,0,622,76,51,191,2,SPIEC-EASI,0.010471204188481676,0.5,False
schafer_phyllosphere_2022,58,0.2,125,622,76,51,191,2,Supervised combined,0.18115942028985507,0.8174603174603176,True
schafer_phyllosphere_2022,58,0.4,249,622,76,51,191,2,Supervised combined,0.18306010928961747,0.8386243386243387,True
schafer_phyllosphere_2022,58,0.6,374,622,76,51,191,2,Supervised combined,0.2722222222222222,0.8835978835978837,True
schafer_phyllosphere_2022,58,0.8,498,622,76,51,191,2,Supervised combined,0.5303030303030303,0.917989417989418,True
schafer_phyllosphere_2022,59,0.0,0,496,76,51,274,8,PLNNetwork,0.029197080291970802,0.4736842105263158,False
schafer_phyllosphere_2022,59,0.0,0,496,76,51,274,8,Poisson GLMNet,0.06721411192214112,0.5270206766917293,False
schafer_phyllosphere_2022,59,0.0,0,496,76,51,274,8,SparCC,0.0880549421338895,0.787593984962406,False
schafer_phyllosphere_2022,59,0.0,0,496,76,51,274,8,Mean rank,0.08781313219528472,0.8284774436090225,False
schafer_phyllosphere_2022,59,0.0,0,496,76,51,274,8,SPIEC-EASI,0.029197080291970802,0.5,False
schafer_phyllosphere_2022,59,0.2,100,496,76,51,274,8,Supervised combined,0.13174690839788214,0.8167293233082707,True
schafer_phyllosphere_2022,59,0.4,199,496,76,51,274,8,Supervised combined,0.0452837843883191,0.6480263157894737,True
schafer_phyllosphere_2022,59,0.6,298,496,76,51,274,8,Supervised combined,0.04382222936859722,0.6353383458646616,True
schafer_phyllosphere_2022,59,0.8,397,496,76,51,274,8,Supervised combined,0.038728609715009965,0.5953947368421053,True
schafer_phyllosphere_2022,60,0.0,0,500,76,51,276,10,PLNNetwork,0.34812020460358056,0.781203007518797,False
schafer_phyllosphere_2022,60,0.0,0,500,76,51,276,10,Poisson GLMNet,0.08260869565217391,0.5293233082706768,False
schafer_phyllosphere_2022,60,0.0,0,500,76,51,276,10,SparCC,0.2589620291367031,0.8943609022556391,False
schafer_phyllosphere_2022,60,0.0,0,500,76,51,276,10,Mean rank,0.37328174373197553,0.9214285714285715,False
schafer_phyllosphere_2022,60,0.0,0,500,76,51,276,10,SPIEC-EASI,0.036231884057971016,0.5,False
schafer_phyllosphere_2022,60,0.2,100,500,76,51,276,10,Supervised combined,0.3437858173572459,0.9169172932330827,True
schafer_phyllosphere_2022,60,0.4,200,500,76,51,276,10,Supervised combined,0.6654045561925996,0.968421052631579,True
schafer_phyllosphere_2022,60,0.6,300,500,76,51,276,10,Supervised combined,0.6266495989076634,0.9714285714285714,True
schafer_phyllosphere_2022,60,0.8,400,500,76,51,276,10,Supervised combined,0.6472752737458619,0.9808270676691729,True
schafer_phyllosphere_2022,61,0.0,0,428,76,51,319,9,PLNNetwork,0.038967258794845,0.5415770609318996,False
schafer_phyllosphere_2022,61,0.0,0,428,76,51,319,9,Poisson GLMNet,0.07470103332172298,0.6193548387096774,False
schafer_phyllosphere_2022,61,0.0,0,428,76,51,319,9,SparCC,0.1413395309948245,0.8594982078853046,False
schafer_phyllosphere_2022,61,0.0,0,428,76,51,319,9,Mean rank,0.14058233598431305,0.8996415770609318,False
schafer_phyllosphere_2022,61,0.0,0,428,76,51,319,9,SPIEC-EASI,0.02821316614420063,0.5,False
schafer_phyllosphere_2022,61,0.2,86,428,76,51,319,9,Supervised combined,0.08467718987333196,0.7111111111111111,True
schafer_phyllosphere_2022,61,0.4,172,428,76,51,319,9,Supervised combined,0.08834179429817013,0.700358422939068,True
schafer_phyllosphere_2022,61,0.6,257,428,76,51,319,9,Supervised combined,0.11177809026478869,0.7089605734767025,True
schafer_phyllosphere_2022,61,0.8,343,428,76,51,319,9,Supervised combined,0.10291297575819963,0.7075268817204301,True
schafer_phyllosphere_2022,62,0.0,0,556,76,51,239,6,PLNNetwork,0.39725708972570895,0.8168812589413448,False
schafer_phyllosphere_2022,62,0.0,0,556,76,51,239,6,Poisson GLMNet,0.3913401800431089,0.722818311874106,False
schafer_phyllosphere_2022,62,0.0,0,556,76,51,239,6,SparCC,0.3317307692307693,0.9663805436337626,False
schafer_phyllosphere_2022,62,0.0,0,556,76,51,239,6,Mean rank,0.5111111111111111,0.9549356223175965,False
schafer_phyllosphere_2022,62,0.0,0,556,76,51,239,6,SPIEC-EASI,0.02510460251046025,0.4978540772532189,False
schafer_phyllosphere_2022,62,0.2,112,556,76,51,239,6,Supervised combined,0.6840277777777777,0.9606580829756796,True
schafer_phyllosphere_2022,62,0.4,223,556,76,51,239,6,Supervised combined,0.6471929824561403,0.9556509298998569,True
schafer_phyllosphere_2022,62,0.6,334,556,76,51,239,6,Supervised combined,0.6759259259259259,0.9549356223175967,True
schafer_phyllosphere_2022,62,0.8,445,556,76,51,239,6,Supervised combined,0.5498316498316498,0.9527896995708155,True
schafer_phyllosphere_2022,63,0.0,0,432,76,51,321,10,PLNNetwork,0.17408908315819285,0.727331189710611,False
schafer_phyllosphere_2022,63,0.0,0,432,76,51,321,10,Poisson GLMNet,0.040537383177570094,0.5130225080385853,False
schafer_phyllosphere_2022,63,0.0,0,432,76,51,321,10,SparCC,0.17999402870220463,0.9006430868167203,False
schafer_phyllosphere_2022,63,0.0,0,432,76,51,321,10,Mean rank,0.18585761682519908,0.9131832797427653,False
schafer_phyllosphere_2022,63,0.0,0,432,76,51,321,10,SPIEC-EASI,0.03115264797507788,0.5,False
schafer_phyllosphere_2022,63,0.2,87,432,76,51,321,10,Supervised combined,0.03115264797507788,0.5,False
schafer_phyllosphere_2022,63,0.4,173,432,76,51,321,10,Supervised combined,0.03115264797507788,0.5,False
schafer_phyllosphere_2022,63,0.6,260,432,76,51,321,10,Supervised combined,0.16838559405451234,0.7430868167202573,True
schafer_phyllosphere_2022,63,0.8,346,432,76,51,321,10,Supervised combined,0.22758994607224348,0.8836012861736334,True
schafer_phyllosphere_2022,64,0.0,0,491,76,51,282,8,PLNNetwork,0.1671099290780142,0.614507299270073,False
schafer_phyllosphere_2022,64,0.0,0,491,76,51,282,8,Poisson GLMNet,0.35362918856059955,0.7734945255474451,False
schafer_phyllosphere_2022,64,0.0,0,491,76,51,282,8,SparCC,0.144374584574681,0.9032846715328466,False
schafer_phyllosphere_2022,64,0.0,0,491,76,51,282,8,Mean rank,0.44221512183468703,0.9229014598540146,False
schafer_phyllosphere_2022,64,0.0,0,491,76,51,282,8,SPIEC-EASI,0.028368794326241134,0.5,False
schafer_phyllosphere_2022,64,0.2,99,491,76,51,282,8,Supervised combined,0.19787483540938366,0.7468065693430657,True
schafer_phyllosphere_2022,64,0.4,197,491,76,51,282,8,Supervised combined,0.20368080014969908,0.7427007299270073,True
schafer_phyllosphere_2022,64,0.6,295,491,76,51,282,8,Supervised combined,0.37258751710550575,0.8626824817518248,True
schafer_phyllosphere_2022,64,0.8,393,491,76,51,282,8,Supervised combined,0.3926765610276249,0.886405109489051,True
schafer_phyllosphere_2022,65,0.0,0,550,76,51,239,2,PLNNetwork,0.008368200836820083,0.48523206751054854,False
schafer_phyllosphere_2022,65,0.0,0,550,76,51,239,2,Poisson GLMNet,0.008368200836820083,0.45358649789029537,False
schafer_phyllosphere_2022,65,0.0,0,550,76,51,239,2,SparCC,0.05625,0.8881856540084387,False
schafer_phyllosphere_2022,65,0.0,0,550,76,51,239,2,Mean rank,0.03979511426319937,0.850210970464135,False
schafer_phyllosphere_2022,65,0.0,0,550,76,51,239,2,SPIEC-EASI,0.008368200836820083,0.4978902953586498,False
schafer_phyllosphere_2022,65,0.2,110,550,76,51,239,2,Supervised combined,0.03644501278772379,0.8375527426160339,True
schafer_phyllosphere_2022,65,0.4,220,550,76,51,239,2,Supervised combined,0.03624078624078624,0.8354430379746834,True
schafer_phyllosphere_2022,65,0.6,330,550,76,51,239,2,Supervised combined,0.04034690799396681,0.8523206751054853,True
schafer_phyllosphere_2022,65,0.8,440,550,76,51,239,2,Supervised combined,0.03540100250626566,0.8270042194092826,True
schafer_phyllosphere_2022,66,0.0,0,559,76,51,233,3,PLNNetwork,0.012875536480686695,0.48043478260869565,False
schafer_phyllosphere_2022,66,0.0,0,559,76,51,233,3,Poisson GLMNet,0.05620273860617208,0.6420289855072464,False
schafer_phyllosphere_2022,66,0.0,0,559,76,51,233,3,SparCC,0.13442460317460317,0.9347826086956522,False
schafer_phyllosphere_2022,66,0.0,0,559,76,51,233,3,Mean rank,0.16269841269841268,0.908695652173913,False
schafer_phyllosphere_2022,66,0.0,0,559,76,51,233,3,SPIEC-EASI,0.012875536480686695,0.49782608695652175,False
schafer_phyllosphere_2022,66,0.2,112,559,76,51,233,3,Supervised combined,0.04219683824946983,0.7275362318840579,True
schafer_phyllosphere_2022,66,0.4,224,559,76,51,233,3,Supervised combined,0.04265068176492568,0.7333333333333334,True
schafer_phyllosphere_2022,66,0.6,336,559,76,51,233,3,Supervised combined,0.07469474969474969,0.7478260869565218,True
schafer_phyllosphere_2022,66,0.8,448,559,76,51,233,3,Supervised combined,0.05173201370384469,0.7304347826086957,True
schafer_phyllosphere_2022,67,0.0,0,551,76,51,238,5,PLNNetwork,0.11680672268907563,0.592274678111588,False
schafer_phyllosphere_2022,67,0.0,0,551,76,51,238,5,Poisson GLMNet,0.07926802299867315,0.7330472103004293,False
schafer_phyllosphere_2022,67,0.0,0,551,76,51,238,5,SparCC,0.15847485847485848,0.9184549356223176,False
schafer_phyllosphere_2022,67,0.0,0,551,76,51,238,5,Mean rank,0.3072997178260336,0.9167381974248926,False
schafer_phyllosphere_2022,67,0.0,0,551,76,51,238,5,SPIEC-EASI,0.02100840336134454,0.4978540772532189,False
schafer_phyllosphere_2022,67,0.2,111,551,76,51,238,5,Supervised combined,0.43200750243054664,0.7785407725321889,True
schafer_phyllosphere_2022,67,0.4,221,551,76,51,238,5,Supervised combined,0.4468025078369906,0.8472103004291845,True
schafer_phyllosphere_2022,67,0.6,331,551,76,51,238,5,Supervised combined,0.464653371320038,0.8721030042918456,True
schafer_phyllosphere_2022,67,0.8,441,551,76,51,238,5,Supervised combined,0.46048134665770135,0.8712446351931331,True
schafer_phyllosphere_2022,68,0.0,0,500,76,51,273,9,PLNNetwork,0.07008547008547009,0.5869107744107744,False
schafer_phyllosphere_2022,68,0.0,0,500,76,51,273,9,Poisson GLMNet,0.23260073260073258,0.6889730639730639,False
schafer_phyllosphere_2022,68,0.0,0,500,76,51,273,9,SparCC,0.19367165936719022,0.8787878787878788,False
schafer_phyllosphere_2022,68,0.0,0,500,76,51,273,9,Mean rank,0.2430790837394611,0.922979797979798,False
schafer_phyllosphere_2022,68,0.0,0,500,76,51,273,9,SPIEC-EASI,0.03296703296703297,0.5,False
schafer_phyllosphere_2022,68,0.2,100,500,76,51,273,9,Supervised combined,0.07447782349877068,0.678030303030303,True
schafer_phyllosphere_2022,68,0.4,200,500,76,51,273,9,Supervised combined,0.060858169941902594,0.6910774410774411,True
schafer_phyllosphere_2022,68,0.6,300,500,76,51,273,9,Supervised combined,0.2046180837926569,0.9255050505050505,True
schafer_phyllosphere_2022,68,0.8,400,500,76,51,273,9,Supervised combined,0.22343657423116625,0.9318181818181818,True
schafer_phyllosphere_2022,69,0.0,0,559,76,51,234,12,PLNNetwork,0.11862026862026862,0.6086711711711712,False
schafer_phyllosphere_2022,69,0.0,0,559,76,51,234,12,Poisson GLMNet,0.05128205128205128,0.47072072072072074,False
schafer_phyllosphere_2022,69,0.0,0,559,76,51,234,12,SparCC,0.16036423929730564,0.8198198198198199,False
schafer_phyllosphere_2022,69,0.0,0,559,76,51,234,12,Mean rank,0.1658315740089139,0.8303303303303303,False
schafer_phyllosphere_2022,69,0.0,0,559,76,51,234,12,SPIEC-EASI,0.05128205128205128,0.5,False
schafer_phyllosphere_2022,69,0.2,112,559,76,51,234,12,Supervised combined,0.14212168115594515,0.7593843843843844,True
schafer_phyllosphere_2022,69,0.4,224,559,76,51,234,12,Supervised combined,0.1460229300341366,0.8108108108108109,True
schafer_phyllosphere_2022,69,0.6,336,559,76,51,234,12,Supervised combined,0.1223591869082045,0.7391141141141142,True
schafer_phyllosphere_2022,69,0.8,448,559,76,51,234,12,Supervised combined,0.1918555618704809,0.8603603603603605,True
schafer_phyllosphere_2022,70,0.0,0,748,76,51,97,1,PLNNetwork,0.010309278350515464,0.4947916666666667,False
schafer_phyllosphere_2022,70,0.0,0,748,76,51,97,1,Poisson GLMNet,0.010309278350515464,0.4895833333333333,False
schafer_phyllosphere_2022,70,0.0,0,748,76,51,97,1,SparCC,0.5,0.9895833333333334,False
schafer_phyllosphere_2022,70,0.0,0,748,76,51,97,1,Mean rank,0.3333333333333333,0.9791666666666666,False
schafer_phyllosphere_2022,70,0.0,0,748,76,51,97,1,SPIEC-EASI,0.010309278350515464,0.5,False
schafer_phyllosphere_2022,70,0.2,150,748,76,51,97,1,Supervised combined,0.1,0.90625,True
schafer_phyllosphere_2022,70,0.4,300,748,76,51,97,1,Supervised combined,0.09090909090909091,0.8958333333333334,True
schafer_phyllosphere_2022,70,0.6,449,748,76,51,97,1,Supervised combined,0.1,0.90625,True
schafer_phyllosphere_2022,70,0.8,599,748,76,51,97,1,Supervised combined,0.09090909090909091,0.8958333333333334,True
schafer_phyllosphere_2022,71,0.0,0,564,76,51,234,7,PLNNetwork,0.2841257948400805,0.8996224040276904,False
schafer_phyllosphere_2022,71,0.0,0,564,76,51,234,7,Poisson GLMNet,0.16849816849816848,0.5544367526746381,False
schafer_phyllosphere_2022,71,0.0,0,564,76,51,234,7,SparCC,0.34790299769153155,0.9408432976714916,False
schafer_phyllosphere_2022,71,0.0,0,564,76,51,234,7,Mean rank,0.3855399502458326,0.9358086847073631,False
schafer_phyllosphere_2022,71,0.0,0,564,76,51,234,7,SPIEC-EASI,0.029914529914529916,0.4977973568281938,False
schafer_phyllosphere_2022,71,0.2,113,564,76,51,234,7,Supervised combined,0.04202568676737886,0.3568281938325991,True
schafer_phyllosphere_2022,71,0.4,226,564,76,51,234,7,Supervised combined,0.029877008792766446,0.46696035242290745,True
schafer_phyllosphere_2022,71,0.6,339,564,76,51,234,7,Supervised combined,0.14292857831391664,0.8508495909376966,True
schafer_phyllosphere_2022,71,0.8,452,564,76,51,234,7,Supervised combined,0.14642291335280308,0.8848332284455632,True
schafer_phyllosphere_2022,72,0.0,0,488,76,51,281,5,PLNNetwork,0.017793594306049824,0.4963768115942029,False
schafer_phyllosphere_2022,72,0.0,0,488,76,51,281,5,Poisson GLMNet,0.10074488870281209,0.7594202898550725,False
schafer_phyllosphere_2022,72,0.0,0,488,76,51,281,5,SparCC,0.0965229570088905,0.9014492753623189,False
schafer_phyllosphere_2022,72,0.0,0,488,76,51,281,5,Mean rank,0.1292436974789916,0.9253623188405797,False
schafer_phyllosphere_2022,72,0.0,0,488,76,51,281,5,SPIEC-EASI,0.017793594306049824,0.49818840579710144,False
schafer_phyllosphere_2022,72,0.2,98,488,76,51,281,5,Supervised combined,0.029049979220880064,0.6115942028985508,True
schafer_phyllosphere_2022,72,0.4,196,488,76,51,281,5,Supervised combined,0.19899519299756063,0.8673913043478261,True
schafer_phyllosphere_2022,72,0.6,293,488,76,51,281,5,Supervised combined,0.23618794326241133,0.9057971014492754,True
schafer_phyllosphere_2022,72,0.8,391,488,76,51,281,5,Supervised combined,0.23253331635684577,0.9173913043478261,True
schafer_phyllosphere_2022,73,0.0,0,497,76,51,278,3,PLNNetwork,0.2369304556354916,0.8175757575757576,False
schafer_phyllosphere_2022,73,0.0,0,497,76,51,278,3,Poisson GLMNet,0.3975365162415522,0.8084848484848484,False
schafer_phyllosphere_2022,73,0.0,0,497,76,51,278,3,SparCC,0.14822510822510823,0.9551515151515152,False
schafer_phyllosphere_2022,73,0.0,0,497,76,51,278,3,Mean rank,0.5,0.9769696969696969,False
schafer_phyllosphere_2022,73,0.0,0,497,76,51,278,3,SPIEC-EASI,0.01079136690647482,0.5,False
schafer_phyllosphere_2022,73,0.2,100,497,76,51,278,3,Supervised combined,0.020389822595704946,0.49696969696969695,True
schafer_phyllosphere_2022,73,0.4,199,497,76,51,278,3,Supervised combined,0.42114695340501795,0.9636363636363636,True
schafer_phyllosphere_2022,73,0.6,299,497,76,51,278,3,Supervised combined,0.681159420289855,0.9199999999999999,True
schafer_phyllosphere_2022,73,0.8,398,497,76,51,278,3,Supervised combined,0.5696400625978091,0.9163636363636363,True
schafer_phyllosphere_2022,74,0.0,0,555,76,51,234,3,PLNNetwork,0.01282051282051282,0.48917748917748916,False
schafer_phyllosphere_2022,74,0.0,0,555,76,51,234,3,Poisson GLMNet,0.47549019607843135,0.9711399711399712,False
schafer_phyllosphere_2022,74,0.0,0,555,76,51,234,3,SparCC,0.08946078431372549,0.911976911976912,False
schafer_phyllosphere_2022,74,0.0,0,555,76,51,234,3,Mean rank,0.49107142857142855,0.974025974025974,False
schafer_phyllosphere_2022,74,0.0,0,555,76,51,234,3,SPIEC-EASI,0.01282051282051282,0.5,False
schafer_phyllosphere_2022,74,0.2,111,555,76,51,234,3,Supervised combined,0.19166666666666668,0.9653679653679654,True
schafer_phyllosphere_2022,74,0.4,222,555,76,51,234,3,Supervised combined,0.41111111111111115,0.9884559884559885,True
schafer_phyllosphere_2022,74,0.6,333,555,76,51,234,3,Supervised combined,0.6388888888888888,0.9956709956709957,True
schafer_phyllosphere_2022,74,0.8,444,555,76,51,234,3,Supervised combined,0.4666666666666667,0.98989898989899,True
schafer_phyllosphere_2022,75,0.0,0,492,76,51,276,11,PLNNetwork,0.32056904448208795,0.76295025728988,False
schafer_phyllosphere_2022,75,0.0,0,492,76,51,276,11,Poisson GLMNet,0.04921889704498399,0.5039451114922813,False
schafer_phyllosphere_2022,75,0.0,0,492,76,51,276,11,SparCC,0.27230193696775895,0.9190394511149229,False
schafer_phyllosphere_2022,75,0.0,0,492,76,51,276,11,Mean rank,0.35170676809016366,0.900171526586621,False
schafer_phyllosphere_2022,75,0.0,0,492,76,51,276,11,SPIEC-EASI,0.03985507246376811,0.4981132075471698,False
schafer_phyllosphere_2022,75,0.2,99,492,76,51,276,11,Supervised combined,0.03985507246376811,0.5,False
schafer_phyllosphere_2022,75,0.4,197,492,76,51,276,11,Supervised combined,0.050144917687596435,0.6000000000000001,True
schafer_phyllosphere_2022,75,0.6,296,492,76,51,276,11,Supervised combined,0.10517904952404057,0.7602058319039451,True
schafer_phyllosphere_2022,75,0.8,394,492,76,51,276,11,Supervised combined,0.09279092399642809,0.7485420240137222,True
schafer_phyllosphere_2022,76,0.0,0,360,76,51,362,9,PLNNetwork,0.1091671782279517,0.6496694995278564,False
schafer_phyllosphere_2022,76,0.0,0,360,76,51,362,9,Poisson GLMNet,0.12448234869965993,0.6820900220333649,False
schafer_phyllosphere_2022,76,0.0,0,360,76,51,362,9,SparCC,0.1261810479748728,0.9011646207113628,False
schafer_phyllosphere_2022,76,0.0,0,360,76,51,362,9,Mean rank,0.23172327853700403,0.934844192634561,False
schafer_phyllosphere_2022,76,0.0,0,360,76,51,362,9,SPIEC-EASI,0.024861878453038673,0.5,False
schafer_phyllosphere_2022,76,0.2,72,360,76,51,362,9,Supervised combined,0.02722786210450727,0.5247088448221593,True
schafer_phyllosphere_2022,76,0.4,144,360,76,51,362,9,Supervised combined,0.20147619319634724,0.8948693736229147,True
schafer_phyllosphere_2022,76,0.6,216,360,76,51,362,9,Supervised combined,0.1884112692764615,0.7916273213723639,True
schafer_phyllosphere_2022,76,0.8,288,360,76,51,362,9,Supervised combined,0.2381114236018776,0.8158640226628895,True
schafer_phyllosphere_2022,77,0.0,0,687,76,51,146,4,PLNNetwork,0.305365296803653,0.7394366197183099,False
schafer_phyllosphere_2022,77,0.0,0,687,76,51,146,4,Poisson GLMNet,0.7321428571428572,0.9859154929577465,False
schafer_phyllosphere_2022,77,0.0,0,687,76,51,146,4,SparCC,0.5178571428571428,0.9841549295774649,False
schafer_phyllosphere_2022,77,0.0,0,687,76,51,146,4,Mean rank,0.7321428571428572,0.9859154929577465,False
schafer_phyllosphere_2022,77,0.0,0,687,76,51,146,4,SPIEC-EASI,0.0273972602739726,0.5,False
schafer_phyllosphere_2022,77,0.2,138,687,76,51,146,4,Supervised combined,0.75,0.9876760563380282,True
schafer_phyllosphere_2022,77,0.4,275,687,76,51,146,4,Supervised combined,0.75,0.9876760563380282,True
schafer_phyllosphere_2022,77,0.6,413,687,76,51,146,4,Supervised combined,0.7611111111111111,0.9876760563380282,True
schafer_phyllosphere_2022,77,0.8,550,687,76,51,146,4,Supervised combined,0.7611111111111111,0.9876760563380282,True
schafer_phyllosphere_2022,78,0.0,0,554,76,51,240,3,PLNNetwork,0.6708333333333333,0.830520393811533,False
schafer_phyllosphere_2022,78,0.0,0,554,76,51,240,3,Poisson GLMNet,0.24864024864024864,0.9704641350210971,False
schafer_phyllosphere_2022,78,0.0,0,554,76,51,240,3,SparCC,0.2785714285714286,0.9789029535864979,False
schafer_phyllosphere_2022,78,0.0,0,554,76,51,240,3,Mean rank,0.9166666666666666,0.9985935302390999,False
schafer_phyllosphere_2022,78,0.0,0,554,76,51,240,3,SPIEC-EASI,0.0125,0.5,False
schafer_phyllosphere_2022,78,0.2,111,554,76,51,240,3,Supervised combined,0.7333333333333333,0.9831223628691983,True
schafer_phyllosphere_2022,78,0.4,222,554,76,51,240,3,Supervised combined,0.7916666666666666,0.9929676511954993,True
schafer_phyllosphere_2022,78,0.6,333,554,76,51,240,3,Supervised combined,0.8333333333333333,0.9957805907172996,True
schafer_phyllosphere_2022,78,0.8,444,554,76,51,240,3,Supervised combined,0.8333333333333333,0.9957805907172996,True
schafer_phyllosphere_2022,79,0.0,0,359,76,51,365,8,PLNNetwork,0.11191291585127201,0.6684173669467787,False
schafer_phyllosphere_2022,79,0.0,0,359,76,51,365,8,Poisson GLMNet,0.13228837372672989,0.6426820728291316,False
schafer_phyllosphere_2022,79,0.0,0,359,76,51,365,8,SparCC,0.07343970630231422,0.7860644257703082,False
schafer_phyllosphere_2022,79,0.0,0,359,76,51,365,8,Mean rank,0.312441493872957,0.8809523809523809,False
schafer_phyllosphere_2022,79,0.0,0,359,76,51,365,8,SPIEC-EASI,0.021917808219178082,0.5,False
schafer_phyllosphere_2022,79,0.2,72,359,76,51,365,8,Supervised combined,0.13992637504287406,0.7671568627450981,True
schafer_phyllosphere_2022,79,0.4,144,359,76,51,365,8,Supervised combined,0.14973370829195823,0.7724089635854342,True
schafer_phyllosphere_2022,79,0.6,216,359,76,51,365,8,Supervised combined,0.23309265084868544,0.832282913165266,True
schafer_phyllosphere_2022,79,0.8,288,359,76,51,365,8,Supervised combined,0.25909143974986937,0.7913165266106443,True
schafer_phyllosphere_2022,80,0.0,0,423,76,51,323,16,PLNNetwork,0.15428059508216244,0.6655130293159609,False
schafer_phyllosphere_2022,80,0.0,0,423,76,51,323,16,Poisson GLMNet,0.09240702860091404,0.5653501628664495,False
schafer_phyllosphere_2022,80,0.0,0,423,76,51,323,16,SparCC,0.14526471978629724,0.816571661237785,False
schafer_phyllosphere_2022,80,0.0,0,423,76,51,323,16,Mean rank,0.2433902608143512,0.8383550488599348,False
schafer_phyllosphere_2022,80,0.0,0,423,76,51,323,16,SPIEC-EASI,0.04953560371517028,0.5,False
schafer_phyllosphere_2022,80,0.2,85,423,76,51,323,16,Supervised combined,0.07315992389916567,0.574714983713355,True
schafer_phyllosphere_2022,80,0.4,170,423,76,51,323,16,Supervised combined,0.0747965894950678,0.5973127035830619,True
schafer_phyllosphere_2022,80,0.6,254,423,76,51,323,16,Supervised combined,0.08539277839968508,0.6034201954397393,True
schafer_phyllosphere_2022,80,0.8,339,423,76,51,323,16,Supervised combined,0.08734171540594371,0.6107491856677525,True
schafer_phyllosphere_2022,81,0.0,0,698,76,51,137,7,PLNNetwork,0.11982968369829684,0.6241758241758241,False
schafer_phyllosphere_2022,81,0.0,0,698,76,51,137,7,Poisson GLMNet,0.051094890510948905,0.49230769230769234,False
schafer_phyllosphere_2022,81,0.0,0,698,76,51,137,7,SparCC,0.4294784580498866,0.9615384615384615,False
schafer_phyllosphere_2022,81,0.0,0,698,76,51,137,7,Mean rank,0.3479877265591551,0.9439560439560439,False
schafer_phyllosphere_2022,81,0.0,0,698,76,51,137,7,SPIEC-EASI,0.051094890510948905,0.5,False
schafer_phyllosphere_2022,81,0.2,140,698,76,51,137,7,Supervised combined,0.26550488997297506,0.865934065934066,True
schafer_phyllosphere_2022,81,0.4,280,698,76,51,137,7,Supervised combined,0.19891636141636138,0.843956043956044,True
schafer_phyllosphere_2022,81,0.6,419,698,76,51,137,7,Supervised combined,0.1779720697502421,0.8153846153846154,True
schafer_phyllosphere_2022,81,0.8,559,698,76,51,137,7,Supervised combined,0.23973684210526314,0.8769230769230769,True
schafer_phyllosphere_2022,82,0.0,0,687,76,51,144,3,PLNNetwork,0.3472222222222222,0.6643026004728132,False
schafer_phyllosphere_2022,82,0.0,0,687,76,51,144,3,Poisson GLMNet,0.3472222222222222,0.6524822695035462,False
schafer_phyllosphere_2022,82,0.0,0,687,76,51,144,3,SparCC,0.26666666666666666,0.9621749408983452,False
schafer_phyllosphere_2022,82,0.0,0,687,76,51,144,3,Mean rank,0.3409090909090909,0.9645390070921986,False
schafer_phyllosphere_2022,82,0.0,0,687,76,51,144,3,SPIEC-EASI,0.020833333333333332,0.5,False
schafer_phyllosphere_2022,82,0.2,138,687,76,51,144,3,Supervised combined,0.40317460317460313,0.817966903073286,True
schafer_phyllosphere_2022,82,0.4,275,687,76,51,144,3,Supervised combined,0.38596491228070173,0.9550827423167849,True
schafer_phyllosphere_2022,82,0.6,413,687,76,51,144,3,Supervised combined,0.3733333333333333,0.9408983451536643,True
schafer_phyllosphere_2022,82,0.8,550,687,76,51,144,3,Supervised combined,0.375,0.9432624113475178,True
schafer_phyllosphere_2022,83,0.0,0,621,76,51,193,3,PLNNetwork,0.09369602763385146,0.6491228070175439,False
schafer_phyllosphere_2022,83,0.0,0,621,76,51,193,3,Poisson GLMNet,0.1770293609671848,0.6473684210526316,False
schafer_phyllosphere_2022,83,0.0,0,621,76,51,193,3,SparCC,0.17083333333333334,0.9508771929824562,False
schafer_phyllosphere_2022,83,0.0,0,621,76,51,193,3,Mean rank,0.4305555555555555,0.9596491228070175,False
schafer_phyllosphere_2022,83,0.0,0,621,76,51,193,3,SPIEC-EASI,0.015544041450777202,0.5,False
schafer_phyllosphere_2022,83,0.2,125,621,76,51,193,3,Supervised combined,0.015881147540983607,0.37543859649122807,True
schafer_phyllosphere_2022,83,0.4,249,621,76,51,193,3,Supervised combined,0.024911537869818527,0.6,True
schafer_phyllosphere_2022,83,0.6,373,621,76,51,193,3,Supervised combined,0.07015839368780545,0.819298245614035,True
schafer_phyllosphere_2022,83,0.8,497,621,76,51,193,3,Supervised combined,0.1141713747645951,0.8719298245614034,True
schafer_phyllosphere_2022,84,0.0,0,634,76,51,185,10,PLNNetwork,0.12140926640926641,0.6274285714285714,False
schafer_phyllosphere_2022,84,0.0,0,634,76,51,185,10,Poisson GLMNet,0.05405405405405406,0.47714285714285715,False
schafer_phyllosphere_2022,84,0.0,0,634,76,51,185,10,SparCC,0.18933350957199419,0.8337142857142857,False
schafer_phyllosphere_2022,84,0.0,0,634,76,51,185,10,Mean rank,0.1927540876997399,0.8565714285714285,False
schafer_phyllosphere_2022,84,0.0,0,634,76,51,185,10,SPIEC-EASI,0.05405405405405406,0.5,False
schafer_phyllosphere_2022,84,0.2,127,634,76,51,185,10,Supervised combined,0.19379477725065417,0.8617142857142858,True
schafer_phyllosphere_2022,84,0.4,254,634,76,51,185,10,Supervised combined,0.17500092284976004,0.8342857142857143,True
schafer_phyllosphere_2022,84,0.6,381,634,76,51,185,10,Supervised combined,0.16740541910209833,0.824,True
schafer_phyllosphere_2022,84,0.8,508,634,76,51,185,10,Supervised combined,0.17938407008853036,0.8537142857142856,True
schafer_phyllosphere_2022,85,0.0,0,558,76,51,232,7,PLNNetwork,0.07348111658456485,0.5625396825396826,False
schafer_phyllosphere_2022,85,0.0,0,558,76,51,232,7,Poisson GLMNet,0.14544650751547303,0.6876190476190476,False
schafer_phyllosphere_2022,85,0.0,0,558,76,51,232,7,SparCC,0.2854978354978355,0.946031746031746,False
schafer_phyllosphere_2022,85,0.0,0,558,76,51,232,7,Mean rank,0.3361055611055611,0.9479365079365079,False
schafer_phyllosphere_2022,85,0.0,0,558,76,51,232,7,SPIEC-EASI,0.03017241379310345,0.5,False
schafer_phyllosphere_2022,85,0.2,112,558,76,51,232,7,Supervised combined,0.19570380262260823,0.7098412698412698,True
schafer_phyllosphere_2022,85,0.4,224,558,76,51,232,7,Supervised combined,0.17616622200662946,0.8742857142857141,True
schafer_phyllosphere_2022,85,0.6,335,558,76,51,232,7,Supervised combined,0.33540152839374193,0.9009523809523808,True
schafer_phyllosphere_2022,85,0.8,447,558,76,51,232,7,Supervised combined,0.3021691403834261,0.9066666666666667,True
schafer_phyllosphere_2022,86,0.0,0,418,76,51,325,4,PLNNetwork,0.23115384615384615,0.7429906542056075,False
schafer_phyllosphere_2022,86,0.0,0,418,76,51,325,4,Poisson GLMNet,0.1141083916083916,0.7180685358255451,False
schafer_phyllosphere_2022,86,0.0,0,418,76,51,325,4,SparCC,0.12837009803921567,0.9493769470404985,False
schafer_phyllosphere_2022,86,0.0,0,418,76,51,325,4,Mean rank,0.32767857142857143,0.9852024922118381,False
schafer_phyllosphere_2022,86,0.0,0,418,76,51,325,4,SPIEC-EASI,0.012307692307692308,0.4984423676012461,False
schafer_phyllosphere_2022,86,0.2,84,418,76,51,325,4,Supervised combined,0.0806967213114754,0.8309968847352025,True
schafer_phyllosphere_2022,86,0.4,168,418,76,51,325,4,Supervised combined,0.14091880341880342,0.9470404984423675,True
schafer_phyllosphere_2022,86,0.6,251,418,76,51,325,4,Supervised combined,0.15987903225806452,0.9299065420560747,True
schafer_phyllosphere_2022,86,0.8,335,418,76,51,325,4,Supervised combined,0.1484362941812008,0.9540498442367601,True
schafer_phyllosphere_2022,87,0.0,0,562,76,51,230,5,PLNNetwork,0.021739130434782608,0.4888888888888889,False
schafer_phyllosphere_2022,87,0.0,0,562,76,51,230,5,Poisson GLMNet,0.021739130434782608,0.4888888888888889,False
schafer_phyllosphere_2022,87,0.0,0,562,76,51,230,5,SparCC,0.1429020979020979,0.896888888888889,False
schafer_phyllosphere_2022,87,0.0,0,562,76,51,230,5,Mean rank,0.09770912789219426,0.8675555555555555,False
schafer_phyllosphere_2022,87,0.0,0,562,76,51,230,5,SPIEC-EASI,0.021739130434782608,0.5,False
schafer_phyllosphere_2022,87,0.2,113,562,76,51,230,5,Supervised combined,0.018375871532436534,0.3111111111111111,True
schafer_phyllosphere_2022,87,0.4,225,562,76,51,230,5,Supervised combined,0.019326313168837022,0.35733333333333334,True
schafer_phyllosphere_2022,87,0.6,338,562,76,51,230,5,Supervised combined,0.15284898676203024,0.8951111111111111,True
schafer_phyllosphere_2022,87,0.8,450,562,76,51,230,5,Supervised combined,0.0973256666805054,0.8542222222222222,True
schafer_phyllosphere_2022,88,0.0,0,431,76,51,316,5,PLNNetwork,0.05265822784810127,0.5845659163987138,False
schafer_phyllosphere_2022,88,0.0,0,431,76,51,316,5,Poisson GLMNet,0.07616033755274261,0.6758842443729903,False
schafer_phyllosphere_2022,88,0.0,0,431,76,51,316,5,SparCC,0.08423367885070011,0.7897106109324759,False
schafer_phyllosphere_2022,88,0.0,0,431,76,51,316,5,Mean rank,0.1130632008154944,0.8906752411575563,False
schafer_phyllosphere_2022,88,0.0,0,431,76,51,316,5,SPIEC-EASI,0.015822784810126583,0.5,False
schafer_phyllosphere_2022,88,0.2,87,431,76,51,316,5,Supervised combined,0.10915537766830871,0.8958199356913183,True
schafer_phyllosphere_2022,88,0.4,173,431,76,51,316,5,Supervised combined,0.19725620291658025,0.9427652733118971,True
schafer_phyllosphere_2022,88,0.6,259,431,76,51,316,5,Supervised combined,0.17813492063492062,0.8726688102893891,True
schafer_phyllosphere_2022,88,0.8,345,431,76,51,316,5,Supervised combined,0.14333617504973004,0.8,True
schafer_phyllosphere_2022,89,0.0,0,363,76,51,363,9,PLNNetwork,0.0775941230486685,0.5439422473320779,False
schafer_phyllosphere_2022,89,0.0,0,363,76,51,363,9,Poisson GLMNet,0.1462678735406008,0.5732893910860013,False
schafer_phyllosphere_2022,89,0.0,0,363,76,51,363,9,SparCC,0.090629762081011,0.8518518518518517,False
schafer_phyllosphere_2022,89,0.0,0,363,76,51,363,9,Mean rank,0.1564391523660016,0.8565599497802887,False
schafer_phyllosphere_2022,89,0.0,0,363,76,51,363,9,SPIEC-EASI,0.024793388429752067,0.5,False
schafer_phyllosphere_2022,89,0.2,73,363,76,51,363,9,Supervised combined,0.07530472040228577,0.8383553044569994,True
schafer_phyllosphere_2022,89,0.4,146,363,76,51,363,9,Supervised combined,0.04805835287779682,0.7372881355932204,True
schafer_phyllosphere_2022,89,0.6,218,363,76,51,363,9,Supervised combined,0.22225777445688977,0.8195229127432518,True
schafer_phyllosphere_2022,89,0.8,291,363,76,51,363,9,Supervised combined,0.22287296037296037,0.8757062146892655,True
schafer_phyllosphere_2022,90,0.0,0,495,76,51,279,8,PLNNetwork,0.0988863287250384,0.6134686346863469,False
schafer_phyllosphere_2022,90,0.0,0,495,76,51,279,8,Poisson GLMNet,0.02867383512544803,0.47601476014760147,False
schafer_phyllosphere_2022,90,0.0,0,495,76,51,279,8,SparCC,0.19775833601264636,0.9178966789667896,False
schafer_phyllosphere_2022,90,0.0,0,495,76,51,279,8,Mean rank,0.26247337933384446,0.8989852398523984,False
schafer_phyllosphere_2022,90,0.0,0,495,76,51,279,8,SPIEC-EASI,0.02867383512544803,0.5,False
schafer_phyllosphere_2022,90,0.2,99,495,76,51,279,8,Supervised combined,0.04081053034690875,0.6379151291512914,True
schafer_phyllosphere_2022,90,0.4,198,495,76,51,279,8,Supervised combined,0.0403483869187592,0.628690036900369,True
schafer_phyllosphere_2022,90,0.6,297,495,76,51,279,8,Supervised combined,0.04384909923994236,0.6346863468634686,True
schafer_phyllosphere_2022,90,0.8,396,495,76,51,279,8,Supervised combined,0.04270414324493489,0.6392988929889298,True
schafer_phyllosphere_2022,91,0.0,0,557,76,51,234,3,PLNNetwork,0.01282051282051282,0.49134199134199136,False
schafer_phyllosphere_2022,91,0.0,0,557,76,51,234,3,Poisson GLMNet,0.5042735042735043,0.8282828282828282,False
schafer_phyllosphere_2022,91,0.0,0,557,76,51,234,3,SparCC,0.30277777777777776,0.9812409812409812,False
schafer_phyllosphere_2022,91,0.0,0,557,76,51,234,3,Mean rank,0.3833333333333333,0.9812409812409812,False
schafer_phyllosphere_2022,91,0.0,0,557,76,51,234,3,SPIEC-EASI,0.01282051282051282,0.5,False
schafer_phyllosphere_2022,91,0.2,112,557,76,51,234,3,Supervised combined,0.19023569023569023,0.9105339105339105,True
schafer_phyllosphere_2022,91,0.4,223,557,76,51,234,3,Supervised combined,0.12767094017094016,0.9119769119769121,True
schafer_phyllosphere_2022,91,0.6,335,557,76,51,234,3,Supervised combined,0.40441176470588236,0.935064935064935,True
schafer_phyllosphere_2022,91,0.8,446,557,76,51,234,3,Supervised combined,0.4083333333333333,0.9408369408369408,True
schafer_phyllosphere_2022,92,0.0,0,685,76,51,145,2,PLNNetwork,0.06939655172413793,0.7097902097902098,False
schafer_phyllosphere_2022,92,0.0,0,685,76,51,145,2,Poisson GLMNet,0.25689655172413794,0.7307692307692308,False
schafer_phyllosphere_2022,92,0.0,0,685,76,51,145,2,SparCC,0.15555555555555556,0.9300699300699301,False
schafer_phyllosphere_2022,92,0.0,0,685,76,51,145,2,Mean rank,0.35,0.9685314685314685,False
schafer_phyllosphere_2022,92,0.0,0,685,76,51,145,2,SPIEC-EASI,0.013793103448275862,0.5,False
schafer_phyllosphere_2022,92,0.2,137,685,76,51,145,2,Supervised combined,0.26666666666666666,0.965034965034965,True
schafer_phyllosphere_2022,92,0.4,274,685,76,51,145,2,Supervised combined,0.2361111111111111,0.965034965034965,True
schafer_phyllosphere_2022,92,0.6,411,685,76,51,145,2,Supervised combined,0.1736111111111111,0.951048951048951,True
schafer_phyllosphere_2022,92,0.8,548,685,76,51,145,2,Supervised combined,0.2361111111111111,0.965034965034965,True
schafer_phyllosphere_2022,93,0.0,0,430,76,51,319,11,PLNNetwork,0.08871473354231975,0.6177685950413223,False
schafer_phyllosphere_2022,93,0.0,0,430,76,51,319,11,Poisson GLMNet,0.037841468875951634,0.49291617473435656,False
schafer_phyllosphere_2022,93,0.0,0,430,76,51,319,11,SparCC,0.13424221208838671,0.8665879574970484,False
schafer_phyllosphere_2022,93,0.0,0,430,76,51,319,11,Mean rank,0.14266859281924138,0.8435655253837071,False
schafer_phyllosphere_2022,93,0.0,0,430,76,51,319,11,SPIEC-EASI,0.034482758620689655,0.49837662337662336,False
schafer_phyllosphere_2022,93,0.2,86,430,76,51,319,11,Supervised combined,0.06845537808465879,0.7198937426210154,True
schafer_phyllosphere_2022,93,0.4,172,430,76,51,319,11,Supervised combined,0.10776221809931326,0.7806965761511215,True
schafer_phyllosphere_2022,93,0.6,258,430,76,51,319,11,Supervised combined,0.09130814373777286,0.751180637544274,True
schafer_phyllosphere_2022,93,0.8,344,430,76,51,319,11,Supervised combined,0.11294681955714714,0.8453364817001181,True
schafer_phyllosphere_2022,94,0.0,0,427,76,51,324,8,PLNNetwork,0.03722993827160494,0.5472705696202531,False
schafer_phyllosphere_2022,94,0.0,0,427,76,51,324,8,Poisson GLMNet,0.12583774250440916,0.7084651898734178,False
schafer_phyllosphere_2022,94,0.0,0,427,76,51,324,8,SparCC,0.11252224037763253,0.8623417721518987,False
schafer_phyllosphere_2022,94,0.0,0,427,76,51,324,8,Mean rank,0.18717519837802854,0.8785601265822786,False
schafer_phyllosphere_2022,94,0.0,0,427,76,51,324,8,SPIEC-EASI,0.024691358024691357,0.5,False
schafer_phyllosphere_2022,94,0.2,86,427,76,51,324,8,Supervised combined,0.03915973162456818,0.5893987341772151,True
schafer_phyllosphere_2022,94,0.4,171,427,76,51,324,8,Supervised combined,0.38952071964426616,0.8128955696202532,True
schafer_phyllosphere_2022,94,0.6,257,427,76,51,324,8,Supervised combined,0.3324705014749263,0.793512658227848,True
schafer_phyllosphere_2022,94,0.8,342,427,76,51,324,8,Supervised combined,0.254484797972591,0.8322784810126582,True
schafer_phyllosphere_2022,95,0.0,0,493,76,51,279,5,PLNNetwork,0.03933691756272402,0.5802919708029197,False
schafer_phyllosphere_2022,95,0.0,0,493,76,51,279,5,Poisson GLMNet,0.06433691756272401,0.5627737226277372,False
schafer_phyllosphere_2022,95,0.0,0,493,76,51,279,5,SparCC,0.1603796203796204,0.9467153284671532,False
schafer_phyllosphere_2022,95,0.0,0,493,76,51,279,5,Mean rank,0.11902115971883415,0.9102189781021899,False
schafer_phyllosphere_2022,95,0.0,0,493,76,51,279,5,SPIEC-EASI,0.017921146953405017,0.4981751824817518,False
schafer_phyllosphere_2022,95,0.2,99,493,76,51,279,5,Supervised combined,0.05912352176964491,0.7999999999999999,True
schafer_phyllosphere_2022,95,0.4,198,493,76,51,279,5,Supervised combined,0.048682332160593034,0.7905109489051095,True
schafer_phyllosphere_2022,95,0.6,296,493,76,51,279,5,Supervised combined,0.04907598413110867,0.7883211678832117,True
schafer_phyllosphere_2022,95,0.8,395,493,76,51,279,5,Supervised combined,0.04375275958689054,0.7708029197080292,True
schafer_phyllosphere_2022,96,0.0,0,423,76,51,319,9,PLNNetwork,0.12478799716798364,0.6899641577060932,False
schafer_phyllosphere_2022,96,0.0,0,423,76,51,319,9,Poisson GLMNet,0.055861702322682366,0.5421146953405018,False
schafer_phyllosphere_2022,96,0.0,0,423,76,51,319,9,SparCC,0.13758761297571395,0.9053763440860214,False
schafer_phyllosphere_2022,96,0.0,0,423,76,51,319,9,Mean rank,0.30954515713296876,0.8677419354838709,False
schafer_phyllosphere_2022,96,0.0,0,423,76,51,319,9,SPIEC-EASI,0.02821316614420063,0.5,False
schafer_phyllosphere_2022,96,0.2,85,423,76,51,319,9,Supervised combined,0.02821316614420063,0.5,False
schafer_phyllosphere_2022,96,0.4,170,423,76,51,319,9,Supervised combined,0.02821316614420063,0.5,False
schafer_phyllosphere_2022,96,0.6,254,423,76,51,319,9,Supervised combined,0.02821316614420063,0.5,False
schafer_phyllosphere_2022,96,0.8,339,423,76,51,319,9,Supervised combined,0.02821316614420063,0.5,False
schafer_phyllosphere_2022,97,0.0,0,352,76,51,368,4,PLNNetwork,0.035929951690821256,0.6092032967032966,False
schafer_phyllosphere_2022,97,0.0,0,352,76,51,368,4,Poisson GLMNet,0.02738294314381271,0.5734890109890111,False
schafer_phyllosphere_2022,97,0.0,0,352,76,51,368,4,SparCC,0.09009740259740259,0.9326923076923076,False
schafer_phyllosphere_2022,97,0.0,0,352,76,51,368,4,Mean rank,0.07168684622354007,0.8921703296703296,False
schafer_phyllosphere_2022,97,0.0,0,352,76,51,368,4,SPIEC-EASI,0.010869565217391304,0.49862637362637363,False
schafer_phyllosphere_2022,97,0.2,71,352,76,51,368,4,Supervised combined,0.012143842189011152,0.46565934065934067,True
schafer_phyllosphere_2022,97,0.4,141,352,76,51,368,4,Supervised combined,0.01413009357411792,0.5425824175824177,True
schafer_phyllosphere_2022,97,0.6,212,352,76,51,368,4,Supervised combined,0.014104769244820075,0.5418956043956045,True
schafer_phyllosphere_2022,97,0.8,282,352,76,51,368,4,Supervised combined,0.013889390419064325,0.5357142857142857,True
schafer_phyllosphere_2022,98,0.0,0,687,76,51,142,11,PLNNetwork,0.15590512773611362,0.6155447605829285,False
schafer_phyllosphere_2022,98,0.0,0,687,76,51,142,11,Poisson GLMNet,0.15482287665386257,0.5607217210270645,False
schafer_phyllosphere_2022,98,0.0,0,687,76,51,142,11,SparCC,0.454793898911546,0.9215822345593337,False
schafer_phyllosphere_2022,98,0.0,0,687,76,51,142,11,Mean rank,0.3469033727477453,0.8827203331020125,False
schafer_phyllosphere_2022,98,0.0,0,687,76,51,142,11,SPIEC-EASI,0.07746478873239436,0.4961832061068702,False
schafer_phyllosphere_2022,98,0.2,138,687,76,51,142,11,Supervised combined,0.11689061652669781,0.5850104094378904,True
schafer_phyllosphere_2022,98,0.4,275,687,76,51,142,11,Supervised combined,0.24449947181661236,0.6204024982650936,True
schafer_phyllosphere_2022,98,0.6,413,687,76,51,142,11,Supervised combined,0.24957765211681793,0.63705759888966,True
schafer_phyllosphere_2022,98,0.8,550,687,76,51,142,11,Supervised combined,0.3046469942546707,0.813324080499653,True
schafer_phyllosphere_2022,99,0.0,0,483,76,51,284,9,PLNNetwork,0.22483046426708397,0.6537373737373737,False
schafer_phyllosphere_2022,99,0.0,0,483,76,51,284,9,Poisson GLMNet,0.47710555270621546,0.8054545454545454,False
schafer_phyllosphere_2022,99,0.0,0,483,76,51,284,9,SparCC,0.13513763499163584,0.8266666666666667,False
schafer_phyllosphere_2022,99,0.0,0,483,76,51,284,9,Mean rank,0.3898323972359636,0.9272727272727272,False
schafer_phyllosphere_2022,99,0.0,0,483,76,51,284,9,SPIEC-EASI,0.03169014084507042,0.49636363636363634,False
schafer_phyllosphere_2022,99,0.2,97,483,76,51,284,9,Supervised combined,0.17782150220489737,0.8266666666666667,True
schafer_phyllosphere_2022,99,0.4,194,483,76,51,284,9,Supervised combined,0.382884715864574,0.7458585858585859,True
schafer_phyllosphere_2022,99,0.6,290,483,76,51,284,9,Supervised combined,0.43482580511845487,0.9402020202020202,True
schafer_phyllosphere_2022,99,0.8,387,483,76,51,284,9,Supervised combined,0.46653118486451817,0.9256565656565656,True
schafer_phyllosphere_2022,100,0.0,0,624,76,51,189,11,PLNNetwork,0.29504569504569506,0.6698161389172627,False
schafer_phyllosphere_2022,100,0.0,0,624,76,51,189,11,Poisson GLMNet,0.44583564583564583,0.72829417773238,False
schafer_phyllosphere_2022,100,0.0,0,624,76,51,189,11,SparCC,0.3524896886738992,0.924923391215526,False
schafer_phyllosphere_2022,100,0.0,0,624,76,51,189,11,Mean rank,0.4712115167608808,0.9208375893769153,False
schafer_phyllosphere_2022,100,0.0,0,624,76,51,189,11,SPIEC-EASI,0.0582010582010582,0.49719101123595505,False
schafer_phyllosphere_2022,100,0.2,125,624,76,51,189,11,Supervised combined,0.27226793328721177,0.7282941777323799,True
schafer_phyllosphere_2022,100,0.4,250,624,76,51,189,11,Supervised combined,0.45258417242265275,0.773237997957099,True
schafer_phyllosphere_2022,100,0.6,375,624,76,51,189,11,Supervised combined,0.35372333451832577,0.8442288049029623,True
schafer_phyllosphere_2022,100,0.8,500,624,76,51,189,11,Supervised combined,0.368264340494833,0.852400408580184,True
schafer_phyllosphere_2022,101,0.0,0,498,76,51,271,10,PLNNetwork,0.08708899956132429,0.6183908045977012,False
schafer_phyllosphere_2022,101,0.0,0,498,76,51,271,10,Poisson GLMNet,0.07475839044104726,0.5777777777777778,False
schafer_phyllosphere_2022,101,0.0,0,498,76,51,271,10,SparCC,0.35763303947514474,0.928352490421456,False
schafer_phyllosphere_2022,101,0.0,0,498,76,51,271,10,Mean rank,0.26028083271174396,0.9019157088122605,False
schafer_phyllosphere_2022,101,0.0,0,498,76,51,271,10,SPIEC-EASI,0.03690036900369004,0.5,False
schafer_phyllosphere_2022,101,0.2,100,498,76,51,271,10,Supervised combined,0.09179333024019931,0.7624521072796935,True
schafer_phyllosphere_2022,101,0.4,200,498,76,51,271,10,Supervised combined,0.2384119140826412,0.8605363984674329,True
schafer_phyllosphere_2022,101,0.6,299,498,76,51,271,10,Supervised combined,0.2701020081343438,0.8804597701149425,True
schafer_phyllosphere_2022,101,0.8,399,498,76,51,271,10,Supervised combined,0.30440610725845113,0.8877394636015326,True
schafer_phyllosphere_2022,102,0.0,0,493,76,51,277,12,PLNNetwork,0.060544524669073396,0.5251572327044025,False
schafer_phyllosphere_2022,102,0.0,0,493,76,51,277,12,Poisson GLMNet,0.185624293476279,0.653930817610063,False
schafer_phyllosphere_2022,102,0.0,0,493,76,51,277,12,SparCC,0.13880578603459812,0.8022012578616352,False
schafer_phyllosphere_2022,102,0.0,0,493,76,51,277,12,Mean rank,0.18085023000424968,0.8531446540880503,False
schafer_phyllosphere_2022,102,0.0,0,493,76,51,277,12,SPIEC-EASI,0.04332129963898917,0.5,False
schafer_phyllosphere_2022,102,0.2,99,493,76,51,277,12,Supervised combined,0.06564450277162523,0.6371069182389937,True
schafer_phyllosphere_2022,102,0.4,198,493,76,51,277,12,Supervised combined,0.06492417609493971,0.6091194968553459,True
schafer_phyllosphere_2022,102,0.6,296,493,76,51,277,12,Supervised combined,0.1511132383424866,0.7845911949685535,True
schafer_phyllosphere_2022,102,0.8,395,493,76,51,277,12,Supervised combined,0.16779088311113485,0.7918238993710692,True
schafer_phyllosphere_2022,103,0.0,0,428,76,51,320,16,PLNNetwork,0.22361111111111112,0.6439144736842106,False
schafer_phyllosphere_2022,103,0.0,0,428,76,51,320,16,Poisson GLMNet,0.1829312865497076,0.646998355263158,False
schafer_phyllosphere_2022,103,0.0,0,428,76,51,320,16,SparCC,0.22616444054213572,0.8667763157894737,False
schafer_phyllosphere_2022,103,0.0,0,428,76,51,320,16,Mean rank,0.36128695435102726,0.9056332236842105,False
schafer_phyllosphere_2022,103,0.0,0,428,76,51,320,16,SPIEC-EASI,0.05,0.5,False
schafer_phyllosphere_2022,103,0.2,86,428,76,51,320,16,Supervised combined,0.05,0.5,False
schafer_phyllosphere_2022,103,0.4,172,428,76,51,320,16,Supervised combined,0.31963993454970857,0.798108552631579,True
schafer_phyllosphere_2022,103,0.6,257,428,76,51,320,16,Supervised combined,0.3089964139159069,0.8803453947368421,True
schafer_phyllosphere_2022,103,0.8,343,428,76,51,320,16,Supervised combined,0.3877233580930362,0.894325657894737,True
schafer_phyllosphere_2022,104,0.0,0,563,76,51,233,4,PLNNetwork,0.23405375025546699,0.855349344978166,False
schafer_phyllosphere_2022,104,0.0,0,563,76,51,233,4,Poisson GLMNet,0.0628755364806867,0.5895196506550218,False
schafer_phyllosphere_2022,104,0.0,0,563,76,51,233,4,SparCC,0.11361111111111111,0.8024017467248908,False
schafer_phyllosphere_2022,104,0.0,0,563,76,51,233,4,Mean rank,0.45416666666666666,0.9574235807860262,False
schafer_phyllosphere_2022,104,0.0,0,563,76,51,233,4,SPIEC-EASI,0.017167381974248927,0.5,False
schafer_phyllosphere_2022,104,0.2,113,563,76,51,233,4,Supervised combined,0.021324618364092048,0.5229257641921398,True
schafer_phyllosphere_2022,104,0.4,226,563,76,51,233,4,Supervised combined,0.04521986760806017,0.759825327510917,True
schafer_phyllosphere_2022,104,0.6,338,563,76,51,233,4,Supervised combined,0.337797619047619,0.9639737991266375,True
schafer_phyllosphere_2022,104,0.8,451,563,76,51,233,4,Supervised combined,0.2879102617366016,0.8820960698689957,True
schafer_phyllosphere_2022,105,0.0,0,492,76,51,282,8,PLNNetwork,0.1739804964539007,0.6694799270072992,False
schafer_phyllosphere_2022,105,0.0,0,492,76,51,282,8,Poisson GLMNet,0.0547587386018237,0.573448905109489,False
schafer_phyllosphere_2022,105,0.0,0,492,76,51,282,8,SparCC,0.3521533613445378,0.9703467153284672,False
schafer_phyllosphere_2022,105,0.0,0,492,76,51,282,8,Mean rank,0.3536402750498495,0.906478102189781,False
schafer_phyllosphere_2022,105,0.0,0,492,76,51,282,8,SPIEC-EASI,0.028368794326241134,0.4981751824817518,False
schafer_phyllosphere_2022,105,0.2,99,492,76,51,282,8,Supervised combined,0.028368794326241134,0.5,False
schafer_phyllosphere_2022,105,0.4,197,492,76,51,282,8,Supervised combined,0.18225617686843093,0.9028284671532847,True
schafer_phyllosphere_2022,105,0.6,296,492,76,51,282,8,Supervised combined,0.02671581477405454,0.42244525547445255,True
schafer_phyllosphere_2022,105,0.8,394,492,76,51,282,8,Supervised combined,0.02583833253807351,0.4146897810218978,True
schafer_phyllosphere_2022,106,0.0,0,488,76,51,283,3,PLNNetwork,0.01060070671378092,0.48392857142857143,False
schafer_phyllosphere_2022,106,0.0,0,488,76,51,283,3,Poisson GLMNet,0.11464468001570474,0.7785714285714285,False
schafer_phyllosphere_2022,106,0.0,0,488,76,51,283,3,SparCC,0.090406162464986,0.9083333333333333,False
schafer_phyllosphere_2022,106,0.0,0,488,76,51,283,3,Mean rank,0.10606060606060606,0.919047619047619,False
schafer_phyllosphere_2022,106,0.0,0,488,76,51,283,3,SPIEC-EASI,0.01060070671378092,0.5,False
schafer_phyllosphere_2022,106,0.2,98,488,76,51,283,3,Supervised combined,0.035192776572086915,0.7809523809523808,True
schafer_phyllosphere_2022,106,0.4,196,488,76,51,283,3,Supervised combined,0.08485671191553545,0.9119047619047619,True
schafer_phyllosphere_2022,106,0.6,293,488,76,51,283,3,Supervised combined,0.09600898160220195,0.9071428571428573,True
schafer_phyllosphere_2022,106,0.8,391,488,76,51,283,3,Supervised combined,0.10907775020678245,0.9083333333333333,True
schafer_phyllosphere_2022,107,0.0,0,628,76,51,188,3,PLNNetwork,0.015957446808510637,0.4648648648648649,False
schafer_phyllosphere_2022,107,0.0,0,628,76,51,188,3,Poisson GLMNet,0.6719858156028369,0.8126126126126125,False
schafer_phyllosphere_2022,107,0.0,0,628,76,51,188,3,SparCC,0.35470085470085466,0.972972972972973,False
schafer_phyllosphere_2022,107,0.0,0,628,76,51,188,3,Mean rank,0.18412698412698414,0.9333333333333332,False
schafer_phyllosphere_2022,107,0.0,0,628,76,51,188,3,SPIEC-EASI,0.015957446808510637,0.5,False
schafer_phyllosphere_2022,107,0.2,126,628,76,51,188,3,Supervised combined,0.03638608305274972,0.6900900900900901,True
schafer_phyllosphere_2022,107,0.4,252,628,76,51,188,3,Supervised combined,0.08940661091198725,0.7981981981981981,True
schafer_phyllosphere_2022,107,0.6,377,628,76,51,188,3,Supervised combined,0.11164168870604368,0.7801801801801802,True
schafer_phyllosphere_2022,107,0.8,503,628,76,51,188,3,Supervised combined,0.14615384615384613,0.8108108108108107,True
schafer_phyllosphere_2022,108,0.0,0,690,76,51,143,2,PLNNetwork,0.17365967365967366,0.7393617021276595,False
schafer_phyllosphere_2022,108,0.0,0,690,76,51,143,2,Poisson GLMNet,0.17365967365967366,0.7216312056737588,False
schafer_phyllosphere_2022,108,0.0,0,690,76,51,143,2,SparCC,0.1213235294117647,0.9219858156028369,False
schafer_phyllosphere_2022,108,0.0,0,690,76,51,143,2,Mean rank,0.30952380952380953,0.9751773049645389,False
schafer_phyllosphere_2022,108,0.0,0,690,76,51,143,2,SPIEC-EASI,0.013986013986013986,0.5,False
schafer_phyllosphere_2022,108,0.2,138,690,76,51,143,2,Supervised combined,0.09538152610441766,0.6950354609929077,True
schafer_phyllosphere_2022,108,0.4,276,690,76,51,143,2,Supervised combined,0.45,0.9858156028368794,True
schafer_phyllosphere_2022,108,0.6,414,690,76,51,143,2,Supervised combined,0.5,0.9893617021276595,True
schafer_phyllosphere_2022,108,0.8,552,690,76,51,143,2,Supervised combined,0.5833333333333333,0.9929078014184397,True
schafer_phyllosphere_2022,109,0.0,0,686,76,51,146,2,PLNNetwork,0.2568493150684932,0.7413194444444444,False
schafer_phyllosphere_2022,109,0.0,0,686,76,51,146,2,Poisson GLMNet,0.07827788649706457,0.7118055555555556,False
schafer_phyllosphere_2022,109,0.0,0,686,76,51,146,2,SparCC,0.29166666666666663,0.9756944444444444,False
schafer_phyllosphere_2022,109,0.0,0,686,76,51,146,2,Mean rank,0.7,0.9895833333333333,False
schafer_phyllosphere_2022,109,0.0,0,686,76,51,146,2,SPIEC-EASI,0.0136986301369863,0.5,False
schafer_phyllosphere_2022,109,0.2,138,686,76,51,146,2,Supervised combined,0.625,0.9791666666666667,True
schafer_phyllosphere_2022,109,0.4,275,686,76,51,146,2,Supervised combined,0.5909090909090909,0.96875,True
schafer_phyllosphere_2022,109,0.6,412,686,76,51,146,2,Supervised combined,0.3611111111111111,0.9722222222222222,True
schafer_phyllosphere_2022,109,0.8,549,686,76,51,146,2,Supervised combined,0.5833333333333333,0.9930555555555556,True
schafer_phyllosphere_2022,110,0.0,0,489,76,51,280,3,PLNNetwork,0.010714285714285714,0.4927797833935018,False
schafer_phyllosphere_2022,110,0.0,0,489,76,51,280,3,Poisson GLMNet,0.45604395604395603,0.97352587244284,False
schafer_phyllosphere_2022,110,0.0,0,489,76,51,280,3,SparCC,0.07691549642769155,0.9133574007220217,False
schafer_phyllosphere_2022,110,0.0,0,489,76,51,280,3,Mean rank,0.44771241830065356,0.9711191335740071,False
schafer_phyllosphere_2022,110,0.0,0,489,76,51,280,3,SPIEC-EASI,0.010714285714285714,0.5,False
schafer_phyllosphere_2022,110,0.2,98,489,76,51,280,3,Supervised combined,0.03703103913630229,0.815884476534296,True
schafer_phyllosphere_2022,110,0.4,196,489,76,51,280,3,Supervised combined,0.12472677595628415,0.9121540312876053,True
schafer_phyllosphere_2022,110,0.6,294,489,76,51,280,3,Supervised combined,0.12704071527600938,0.7629362214199759,True
schafer_phyllosphere_2022,110,0.8,392,489,76,51,280,3,Supervised combined,0.21766381766381768,0.9747292418772564,True
schafer_phyllosphere_2022,111,0.0,0,627,76,51,191,7,PLNNetwork,0.06712789827973073,0.5388198757763975,False
schafer_phyllosphere_2022,111,0.0,0,627,76,51,191,7,Poisson GLMNet,0.20759005172749728,0.8012422360248448,False
schafer_phyllosphere_2022,111,0.0,0,627,76,51,191,7,SparCC,0.2688158596772042,0.9464285714285714,False
schafer_phyllosphere_2022,111,0.0,0,627,76,51,191,7,Mean rank,0.3507923181175461,0.9153726708074534,False
schafer_phyllosphere_2022,111,0.0,0,627,76,51,191,7,SPIEC-EASI,0.03664921465968586,0.5,False
schafer_phyllosphere_2022,111,0.2,126,627,76,51,191,7,Supervised combined,0.05504930366820518,0.6475155279503105,True
schafer_phyllosphere_2022,111,0.4,251,627,76,51,191,7,Supervised combined,0.08666476002435979,0.7111801242236024,True
schafer_phyllosphere_2022,111,0.6,377,627,76,51,191,7,Supervised combined,0.0728205246492372,0.7018633540372671,True
schafer_phyllosphere_2022,111,0.8,502,627,76,51,191,7,Supervised combined,0.08947629483334897,0.6909937888198758,True
schafer_phyllosphere_2022,112,0.0,0,357,76,51,360,12,PLNNetwork,0.06527777777777778,0.5675287356321839,False
schafer_phyllosphere_2022,112,0.0,0,357,76,51,360,12,Poisson GLMNet,0.11672932330827068,0.6161398467432949,False
schafer_phyllosphere_2022,112,0.0,0,357,76,51,360,12,SparCC,0.12529612617033506,0.8771551724137931,False
schafer_phyllosphere_2022,112,0.0,0,357,76,51,360,12,Mean rank,0.162479296531593,0.8864942528735632,False
schafer_phyllosphere_2022,112,0.0,0,357,76,51,360,12,SPIEC-EASI,0.03333333333333333,0.5,False
schafer_phyllosphere_2022,112,0.2,72,357,76,51,360,12,Supervised combined,0.14257244749937883,0.7741858237547894,True
schafer_phyllosphere_2022,112,0.4,143,357,76,51,360,12,Supervised combined,0.1443770461340035,0.7914272030651341,True
schafer_phyllosphere_2022,112,0.6,215,357,76,51,360,12,Supervised combined,0.11734441975450247,0.7550287356321839,True
schafer_phyllosphere_2022,112,0.8,286,357,76,51,360,12,Supervised combined,0.15497956406783203,0.7801724137931034,True
schafer_phyllosphere_2022,113,0.0,0,557,76,51,239,4,PLNNetwork,0.30003486750348674,0.7404255319148936,False
schafer_phyllosphere_2022,113,0.0,0,557,76,51,239,4,Poisson GLMNet,0.1396007670850767,0.823936170212766,False
schafer_phyllosphere_2022,113,0.0,0,557,76,51,239,4,SparCC,0.18541666666666667,0.9563829787234043,False
schafer_phyllosphere_2022,113,0.0,0,557,76,51,239,4,Mean rank,0.6785714285714286,0.9648936170212766,False
schafer_phyllosphere_2022,113,0.0,0,557,76,51,239,4,SPIEC-EASI,0.016736401673640166,0.5,False
schafer_phyllosphere_2022,113,0.2,112,557,76,51,239,4,Supervised combined,0.6341698841698842,0.9606382978723405,True
schafer_phyllosphere_2022,113,0.4,223,557,76,51,239,4,Supervised combined,0.5890151515151515,0.9446808510638297,True
schafer_phyllosphere_2022,113,0.6,335,557,76,51,239,4,Supervised combined,0.475,0.9521276595744681,True
schafer_phyllosphere_2022,113,0.8,446,557,76,51,239,4,Supervised combined,0.628419452887538,0.9500000000000001,True
schafer_phyllosphere_2022,114,0.0,0,491,76,51,280,5,PLNNetwork,0.017857142857142856,0.48363636363636364,False
schafer_phyllosphere_2022,114,0.0,0,491,76,51,280,5,Poisson GLMNet,0.26071428571428573,0.6770909090909091,False
schafer_phyllosphere_2022,114,0.0,0,491,76,51,280,5,SparCC,0.12038504864311317,0.9258181818181819,False
schafer_phyllosphere_2022,114,0.0,0,491,76,51,280,5,Mean rank,0.12150375939849624,0.9098181818181819,False
schafer_phyllosphere_2022,114,0.0,0,491,76,51,280,5,SPIEC-EASI,0.017857142857142856,0.49818181818181817,False
schafer_phyllosphere_2022,114,0.2,99,491,76,51,280,5,Supervised combined,0.022889192014251603,0.5534545454545454,True
schafer_phyllosphere_2022,114,0.4,197,491,76,51,280,5,Supervised combined,0.03468920188722169,0.7134545454545455,True
schafer_phyllosphere_2022,114,0.6,295,491,76,51,280,5,Supervised combined,0.03811885408660769,0.7221818181818181,True
schafer_phyllosphere_2022,114,0.8,393,491,76,51,280,5,Supervised combined,0.0408296322682907,0.7272727272727273,True
schafer_phyllosphere_2022,115,0.0,0,351,76,51,367,11,PLNNetwork,0.07300800924779127,0.5785240040858018,False
schafer_phyllosphere_2022,115,0.0,0,351,76,51,367,11,Poisson GLMNet,0.08080021703999905,0.5408580183861084,False
schafer_phyllosphere_2022,115,0.0,0,351,76,51,367,11,SparCC,0.12289183870986888,0.8720633299284986,False
schafer_phyllosphere_2022,115,0.0,0,351,76,51,367,11,Mean rank,0.1471358322555034,0.8735955056179775,False
schafer_phyllosphere_2022,115,0.0,0,351,76,51,367,11,SPIEC-EASI,0.02997275204359673,0.49859550561797755,False
schafer_phyllosphere_2022,115,0.2,71,351,76,51,367,11,Supervised combined,0.02997275204359673,0.5,False
schafer_phyllosphere_2022,115,0.4,141,351,76,51,367,11,Supervised combined,0.043806218805277075,0.5737997957099081,True
schafer_phyllosphere_2022,115,0.6,211,351,76,51,367,11,Supervised combined,0.04312981668875422,0.5579673135852912,True
schafer_phyllosphere_2022,115,0.8,281,351,76,51,367,11,Supervised combined,0.22737805375635037,0.6802860061287028,True
schafer_phyllosphere_2022,116,0.0,0,560,76,51,238,5,PLNNetwork,0.11680672268907563,0.5871244635193132,False
schafer_phyllosphere_2022,116,0.0,0,560,76,51,238,5,Poisson GLMNet,0.24574014221073048,0.8686695278969958,False
schafer_phyllosphere_2022,116,0.0,0,560,76,51,238,5,SparCC,0.21877599524658348,0.9399141630901287,False
schafer_phyllosphere_2022,116,0.0,0,560,76,51,238,5,Mean rank,0.39277310924369746,0.9527896995708155,False
schafer_phyllosphere_2022,116,0.0,0,560,76,51,238,5,SPIEC-EASI,0.02100840336134454,0.5,False
schafer_phyllosphere_2022,116,0.2,112,560,76,51,238,5,Supervised combined,0.44413229018492173,0.9536480686695279,True
schafer_phyllosphere_2022,116,0.4,224,560,76,51,238,5,Supervised combined,0.3771428571428571,0.934763948497854,True
schafer_phyllosphere_2022,116,0.6,336,560,76,51,238,5,Supervised combined,0.33004852556924225,0.9433476394849786,True
schafer_phyllosphere_2022,116,0.8,448,560,76,51,238,5,Supervised combined,0.49844322344322345,0.96137339055794,True
schafer_phyllosphere_2022,117,0.0,0,620,76,51,194,1,PLNNetwork,0.005154639175257732,0.4896373056994819,False
schafer_phyllosphere_2022,117,0.0,0,620,76,51,194,1,Poisson GLMNet,0.005154639175257732,0.46113989637305697,False
schafer_phyllosphere_2022,117,0.0,0,620,76,51,194,1,SparCC,0.05263157894736842,0.9067357512953368,False
schafer_phyllosphere_2022,117,0.0,0,620,76,51,194,1,Mean rank,0.038461538461538464,0.8704663212435233,False
schafer_phyllosphere_2022,117,0.0,0,620,76,51,194,1,SPIEC-EASI,0.005154639175257732,0.49740932642487046,False
schafer_phyllosphere_2022,117,0.2,124,620,76,51,194,1,Supervised combined,0.017241379310344827,0.7046632124352332,True
schafer_phyllosphere_2022,117,0.4,248,620,76,51,194,1,Supervised combined,0.023255813953488372,0.7823834196891192,True
schafer_phyllosphere_2022,117,0.6,372,620,76,51,194,1,Supervised combined,0.02631578947368421,0.8082901554404145,True
schafer_phyllosphere_2022,117,0.8,496,620,76,51,194,1,Supervised combined,0.03571428571428571,0.8601036269430051,True
schafer_phyllosphere_2022,118,0.0,0,625,76,51,188,12,PLNNetwork,0.24440996847911742,0.6837121212121213,False
schafer_phyllosphere_2022,118,0.0,0,625,76,51,188,12,Poisson GLMNet,0.2135849375211077,0.6070075757575757,False
schafer_phyllosphere_2022,118,0.0,0,625,76,51,188,12,SparCC,0.3100827983319364,0.878314393939394,False
schafer_phyllosphere_2022,118,0.0,0,625,76,51,188,12,Mean rank,0.3627040974090533,0.8598484848484849,False
schafer_phyllosphere_2022,118,0.0,0,625,76,51,188,12,SPIEC-EASI,0.06382978723404255,0.5,False
schafer_phyllosphere_2022,118,0.2,125,625,76,51,188,12,Supervised combined,0.34245810557690315,0.8243371212121213,True
schafer_phyllosphere_2022,118,0.4,250,625,76,51,188,12,Supervised combined,0.34255004695760444,0.8252840909090909,True
schafer_phyllosphere_2022,118,0.6,375,625,76,51,188,12,Supervised combined,0.36857861961691335,0.8134469696969697,True
schafer_phyllosphere_2022,118,0.8,500,625,76,51,188,12,Supervised combined,0.3635680755234071,0.8016098484848485,True
schafer_phyllosphere_2022,119,0.0,0,631,76,51,190,8,PLNNetwork,0.08555622009569377,0.592032967032967,False
schafer_phyllosphere_2022,119,0.0,0,631,76,51,190,8,Poisson GLMNet,0.19824561403508772,0.6016483516483516,False
schafer_phyllosphere_2022,119,0.0,0,631,76,51,190,8,SparCC,0.22074566926129424,0.8468406593406593,False
schafer_phyllosphere_2022,119,0.0,0,631,76,51,190,8,Mean rank,0.21340469694302647,0.8901098901098902,False
schafer_phyllosphere_2022,119,0.0,0,631,76,51,190,8,SPIEC-EASI,0.042105263157894736,0.5,False
schafer_phyllosphere_2022,119,0.2,127,631,76,51,190,8,Supervised combined,0.07224072052549677,0.6167582417582417,True
schafer_phyllosphere_2022,119,0.4,253,631,76,51,190,8,Supervised combined,0.3682098366907154,0.7953296703296704,True
schafer_phyllosphere_2022,119,0.6,379,631,76,51,190,8,Supervised combined,0.3508341940129958,0.7699175824175825,True
schafer_phyllosphere_2022,119,0.8,505,631,76,51,190,8,Supervised combined,0.1301789895327483,0.7190934065934066,True
schafer_phyllosphere_2022,120,0.0,0,501,76,51,275,10,PLNNetwork,0.1683116883116883,0.6341509433962265,False
schafer_phyllosphere_2022,120,0.0,0,501,76,51,275,10,Poisson GLMNet,0.05772727272727273,0.5216981132075472,False
schafer_phyllosphere_2022,120,0.0,0,501,76,51,275,10,SparCC,0.1353665280717504,0.799622641509434,False
schafer_phyllosphere_2022,120,0.0,0,501,76,51,275,10,Mean rank,0.2499948628291158,0.8743396226415094,False
schafer_phyllosphere_2022,120,0.0,0,501,76,51,275,10,SPIEC-EASI,0.03636363636363636,0.5,False
schafer_phyllosphere_2022,120,0.2,101,501,76,51,275,10,Supervised combined,0.03636363636363636,0.5,False
schafer_phyllosphere_2022,120,0.4,201,501,76,51,275,10,Supervised combined,0.1815387644876647,0.8381132075471699,True
schafer_phyllosphere_2022,120,0.6,301,501,76,51,275,10,Supervised combined,0.3148662718746554,0.8660377358490565,True
schafer_phyllosphere_2022,120,0.8,401,501,76,51,275,10,Supervised combined,0.3375462388962871,0.8826415094339624,True
schafer_phyllosphere_2022,121,0.0,0,416,76,51,326,5,PLNNetwork,0.07893660531697341,0.5862928348909657,False
schafer_phyllosphere_2022,121,0.0,0,416,76,51,326,5,Poisson GLMNet,0.07840769659788063,0.7476635514018692,False
schafer_phyllosphere_2022,121,0.0,0,416,76,51,326,5,SparCC,0.089698752228164,0.9096573208722741,False
schafer_phyllosphere_2022,121,0.0,0,416,76,51,326,5,Mean rank,0.2855063629379739,0.9227414330218069,False
schafer_phyllosphere_2022,121,0.0,0,416,76,51,326,5,SPIEC-EASI,0.015337423312883436,0.5,False
schafer_phyllosphere_2022,121,0.2,84,416,76,51,326,5,Supervised combined,0.23494242219975284,0.7993769470404986,True
schafer_phyllosphere_2022,121,0.4,167,416,76,51,326,5,Supervised combined,0.07351882489662698,0.8323987538940811,True
schafer_phyllosphere_2022,121,0.6,250,416,76,51,326,5,Supervised combined,0.18828590305839096,0.8940809968847352,True
schafer_phyllosphere_2022,121,0.8,333,416,76,51,326,5,Supervised combined,0.29849286515953183,0.9171339563862928,True
schafer_phyllosphere_2022,122,0.0,0,629,76,51,186,4,PLNNetwork,0.1411290322580645,0.6112637362637362,False
schafer_phyllosphere_2022,122,0.0,0,629,76,51,186,4,Poisson GLMNet,0.29585253456221194,0.8578296703296704,False
schafer_phyllosphere_2022,122,0.0,0,629,76,51,186,4,SparCC,0.5791666666666666,0.9876373626373627,False
schafer_phyllosphere_2022,122,0.0,0,629,76,51,186,4,Mean rank,0.619298245614035,0.9752747252747253,False
schafer_phyllosphere_2022,122,0.0,0,629,76,51,186,4,SPIEC-EASI,0.021505376344086023,0.5,False
schafer_phyllosphere_2022,122,0.2,126,629,76,51,186,4,Supervised combined,0.2102130325814536,0.8914835164835164,True
schafer_phyllosphere_2022,122,0.4,252,629,76,51,186,4,Supervised combined,0.5256410256410257,0.9423076923076923,True
schafer_phyllosphere_2022,122,0.6,378,629,76,51,186,4,Supervised combined,0.6666666666666666,0.9684065934065933,True
schafer_phyllosphere_2022,122,0.8,504,629,76,51,186,4,Supervised combined,0.6916666666666667,0.9697802197802197,True
schafer_phyllosphere_2022,123,0.0,0,290,76,51,403,15,PLNNetwork,0.13225806451612904,0.5562714776632302,False
schafer_phyllosphere_2022,123,0.0,0,290,76,51,403,15,Poisson GLMNet,0.07413935632151951,0.5762027491408935,False
schafer_phyllosphere_2022,123,0.0,0,290,76,51,403,15,SparCC,0.20008731953339276,0.9054982817869415,False
schafer_phyllosphere_2022,123,0.0,0,290,76,51,403,15,Mean rank,0.2571323145416158,0.8793814432989692,False
schafer_phyllosphere_2022,123,0.0,0,290,76,51,403,15,SPIEC-EASI,0.03722084367245657,0.49871134020618557,False
schafer_phyllosphere_2022,123,0.2,58,290,76,51,403,15,Supervised combined,0.03722084367245657,0.5,False
schafer_phyllosphere_2022,123,0.4,116,290,76,51,403,15,Supervised combined,0.03722084367245657,0.5,False
schafer_phyllosphere_2022,123,0.6,174,290,76,51,403,15,Supervised combined,0.10292260153370687,0.7221649484536082,True
schafer_phyllosphere_2022,123,0.8,232,290,76,51,403,15,Supervised combined,0.10222727974118061,0.7292096219931272,True
schafer_phyllosphere_2022,124,0.0,0,416,76,51,327,7,PLNNetwork,0.05406290956749672,0.5499999999999999,False
schafer_phyllosphere_2022,124,0.0,0,416,76,51,327,7,Poisson GLMNet,0.1352725674645727,0.8053571428571429,False
schafer_phyllosphere_2022,124,0.0,0,416,76,51,327,7,SparCC,0.12091844406898682,0.8607142857142858,False
schafer_phyllosphere_2022,124,0.0,0,416,76,51,327,7,Mean rank,0.31907579025082083,0.9299107142857143,False
schafer_phyllosphere_2022,124,0.0,0,416,76,51,327,7,SPIEC-EASI,0.021406727828746176,0.4984375,False
schafer_phyllosphere_2022,124,0.2,84,416,76,51,327,7,Supervised combined,0.21483256543062734,0.8459821428571429,True
schafer_phyllosphere_2022,124,0.4,167,416,76,51,327,7,Supervised combined,0.18701708402183181,0.8183035714285715,True
schafer_phyllosphere_2022,124,0.6,250,416,76,51,327,7,Supervised combined,0.20855354868668094,0.7727678571428571,True
schafer_phyllosphere_2022,124,0.8,333,416,76,51,327,7,Supervised combined,0.15310680415210032,0.8133928571428571,True
schafer_phyllosphere_2022,125,0.0,0,560,76,51,235,13,PLNNetwork,0.0991465980827683,0.5918225918225919,False
schafer_phyllosphere_2022,125,0.0,0,560,76,51,235,13,Poisson GLMNet,0.09809056192034915,0.5443520443520443,False
schafer_phyllosphere_2022,125,0.0,0,560,76,51,235,13,SparCC,0.2524076032154034,0.8700623700623701,False
schafer_phyllosphere_2022,125,0.0,0,560,76,51,235,13,Mean rank,0.2672968759159273,0.8828828828828829,False
schafer_phyllosphere_2022,125,0.0,0,560,76,51,235,13,SPIEC-EASI,0.05531914893617021,0.5,False
schafer_phyllosphere_2022,125,0.2,112,560,76,51,235,13,Supervised combined,0.09814410066004824,0.6036036036036035,True
schafer_phyllosphere_2022,125,0.4,224,560,76,51,235,13,Supervised combined,0.09905536145032585,0.6074151074151074,True
schafer_phyllosphere_2022,125,0.6,336,560,76,51,235,13,Supervised combined,0.1742451048289519,0.8312543312543313,True
schafer_phyllosphere_2022,125,0.8,448,560,76,51,235,13,Supervised combined,0.1729914905442499,0.8305613305613305,True
schafer_phyllosphere_2022,126,0.0,0,623,76,51,189,1,PLNNetwork,0.005291005291005291,0.48404255319148937,False
schafer_phyllosphere_2022,126,0.0,0,623,76,51,189,1,Poisson GLMNet,1.0,1.0,False
schafer_phyllosphere_2022,126,0.0,0,623,76,51,189,1,SparCC,0.25,0.9840425531914894,False
schafer_phyllosphere_2022,126,0.0,0,623,76,51,189,1,Mean rank,0.3333333333333333,0.9893617021276596,False
schafer_phyllosphere_2022,126,0.0,0,623,76,51,189,1,SPIEC-EASI,0.005291005291005291,0.5,False
schafer_phyllosphere_2022,126,0.2,125,623,76,51,189,1,Supervised combined,0.006024096385542169,0.12234042553191493,True
schafer_phyllosphere_2022,126,0.4,250,623,76,51,189,1,Supervised combined,0.006578947368421052,0.19680851063829785,True
schafer_phyllosphere_2022,126,0.6,374,623,76,51,189,1,Supervised combined,0.006578947368421052,0.19680851063829785,True
schafer_phyllosphere_2022,126,0.8,499,623,76,51,189,1,Supervised combined,0.00684931506849315,0.22872340425531912,True
schafer_phyllosphere_2022,127,0.0,0,748,76,51,96,1,PLNNetwork,0.5,0.9894736842105263,False
schafer_phyllosphere_2022,127,0.0,0,748,76,51,96,1,Poisson GLMNet,0.010416666666666666,0.45789473684210524,False
schafer_phyllosphere_2022,127,0.0,0,748,76,51,96,1,SparCC,0.25,0.968421052631579,False
schafer_phyllosphere_2022,127,0.0,0,748,76,51,96,1,Mean rank,0.5,0.9894736842105263,False
schafer_phyllosphere_2022,127,0.0,0,748,76,51,96,1,SPIEC-EASI,0.010416666666666666,0.5,False
schafer_phyllosphere_2022,127,0.2,150,748,76,51,96,1,Supervised combined,0.5,0.9894736842105263,True
schafer_phyllosphere_2022,127,0.4,300,748,76,51,96,1,Supervised combined,0.16666666666666666,0.9473684210526316,True
schafer_phyllosphere_2022,127,0.6,449,748,76,51,96,1,Supervised combined,0.2,0.9578947368421052,True
schafer_phyllosphere_2022,127,0.8,599,748,76,51,96,1,Supervised combined,0.25,0.968421052631579,True
schafer_phyllosphere_2022,128,0.0,0,492,76,51,280,4,PLNNetwork,0.038492063492063494,0.6068840579710145,False
schafer_phyllosphere_2022,128,0.0,0,492,76,51,280,4,Poisson GLMNet,0.26071428571428573,0.610054347826087,False
schafer_phyllosphere_2022,128,0.0,0,492,76,51,280,4,SparCC,0.06263244282130767,0.786231884057971,False
schafer_phyllosphere_2022,128,0.0,0,492,76,51,280,4,Mean rank,0.09877873563218391,0.917572463768116,False
schafer_phyllosphere_2022,128,0.0,0,492,76,51,280,4,SPIEC-EASI,0.014285714285714285,0.5,False
schafer_phyllosphere_2022,128,0.2,99,492,76,51,280,4,Supervised combined,0.014285714285714285,0.5,False
schafer_phyllosphere_2022,128,0.4,197,492,76,51,280,4,Supervised combined,0.052412738144903354,0.8251811594202898,True
schafer_phyllosphere_2022,128,0.6,296,492,76,51,280,4,Supervised combined,0.08339460784313726,0.8967391304347827,True
schafer_phyllosphere_2022,128,0.8,394,492,76,51,280,4,Supervised combined,0.05125690778302615,0.8297101449275363,True
schafer_phyllosphere_2022,129,0.0,0,484,76,51,285,4,PLNNetwork,0.03135964912280702,0.5978647686832741,False
schafer_phyllosphere_2022,129,0.0,0,484,76,51,285,4,Poisson GLMNet,0.014035087719298246,0.4395017793594306,False
schafer_phyllosphere_2022,129,0.0,0,484,76,51,285,4,SparCC,0.09250771158665896,0.9172597864768682,False
schafer_phyllosphere_2022,129,0.0,0,484,76,51,285,4,Mean rank,0.06196455541630515,0.8718861209964414,False
schafer_phyllosphere_2022,129,0.0,0,484,76,51,285,4,SPIEC-EASI,0.014035087719298246,0.5,False
schafer_phyllosphere_2022,129,0.2,97,484,76,51,285,4,Supervised combined,0.032783444625549885,0.7473309608540925,True
schafer_phyllosphere_2022,129,0.4,194,484,76,51,285,4,Supervised combined,0.03526021982867221,0.7695729537366548,True
schafer_phyllosphere_2022,129,0.6,291,484,76,51,285,4,Supervised combined,0.03516844317122587,0.7642348754448398,True
schafer_phyllosphere_2022,129,0.8,388,484,76,51,285,4,Supervised combined,0.038618272274988694,0.7891459074733097,True
schafer_phyllosphere_2022,130,0.0,0,488,76,51,283,1,PLNNetwork,0.14285714285714285,0.9787234042553191,False
schafer_phyllosphere_2022,130,0.0,0,488,76,51,283,1,Poisson GLMNet,0.0035335689045936395,0.45567375886524825,False
schafer_phyllosphere_2022,130,0.0,0,488,76,51,283,1,SparCC,0.029411764705882353,0.8829787234042553,False
schafer_phyllosphere_2022,130,0.0,0,488,76,51,283,1,Mean rank,0.047619047619047616,0.9290780141843972,False
schafer_phyllosphere_2022,130,0.0,0,488,76,51,283,1,SPIEC-EASI,0.0035335689045936395,0.5,False
schafer_phyllosphere_2022,130,0.2,98,488,76,51,283,1,Supervised combined,0.0041841004184100415,0.15602836879432624,True
schafer_phyllosphere_2022,130,0.4,196,488,76,51,283,1,Supervised combined,0.004048582995951417,0.12765957446808507,True
schafer_phyllosphere_2022,130,0.6,293,488,76,51,283,1,Supervised combined,0.004149377593360996,0.14893617021276595,True
schafer_phyllosphere_2022,130,0.8,391,488,76,51,283,1,Supervised combined,0.0625,0.9468085106382979,True
schafer_phyllosphere_2022,131,0.0,0,491,76,51,276,13,PLNNetwork,0.09113712374581939,0.5639075753144194,False
schafer_phyllosphere_2022,131,0.0,0,491,76,51,276,13,Poisson GLMNet,0.15100082983378177,0.6207955542556303,False
schafer_phyllosphere_2022,131,0.0,0,491,76,51,276,13,SparCC,0.14254496527726457,0.8098859315589354,False
schafer_phyllosphere_2022,131,0.0,0,491,76,51,276,13,Mean rank,0.23275295578133093,0.8657502193623866,False
schafer_phyllosphere_2022,131,0.0,0,491,76,51,276,13,SPIEC-EASI,0.04710144927536232,0.49809885931558934,False
schafer_phyllosphere_2022,131,0.2,99,491,76,51,276,13,Supervised combined,0.04710144927536232,0.5,False
schafer_phyllosphere_2022,131,0.4,197,491,76,51,276,13,Supervised combined,0.04710144927536232,0.5,False
schafer_phyllosphere_2022,131,0.6,295,491,76,51,276,13,Supervised combined,0.06850982774202347,0.650482597250658,True
schafer_phyllosphere_2022,131,0.8,393,491,76,51,276,13,Supervised combined,0.18736416491575966,0.7671833869552501,True
schafer_phyllosphere_2022,132,0.0,0,554,76,51,238,4,PLNNetwork,0.01680672268907563,0.48504273504273504,False
schafer_phyllosphere_2022,132,0.0,0,554,76,51,238,4,Poisson GLMNet,0.2557168321874204,0.8504273504273504,False
schafer_phyllosphere_2022,132,0.0,0,554,76,51,238,4,SparCC,0.18873974284422043,0.8418803418803419,False
schafer_phyllosphere_2022,132,0.0,0,554,76,51,238,4,Mean rank,0.18305555555555558,0.9476495726495726,False
schafer_phyllosphere_2022,132,0.0,0,554,76,51,238,4,SPIEC-EASI,0.01680672268907563,0.5,False
schafer_phyllosphere_2022,132,0.2,111,554,76,51,238,4,Supervised combined,0.025755932482470476,0.5918803418803419,True
schafer_phyllosphere_2022,132,0.4,222,554,76,51,238,4,Supervised combined,0.11174544109326717,0.7350427350427351,True
schafer_phyllosphere_2022,132,0.6,333,554,76,51,238,4,Supervised combined,0.11064590127866646,0.7254273504273504,True
schafer_phyllosphere_2022,132,0.8,444,554,76,51,238,4,Supervised combined,0.1232843137254902,0.8696581196581197,True
schafer_phyllosphere_2022,133,0.0,0,566,76,51,233,11,PLNNetwork,0.336357133567434,0.7100737100737101,False
schafer_phyllosphere_2022,133,0.0,0,566,76,51,233,11,Poisson GLMNet,0.08660749122122513,0.5773955773955773,False
schafer_phyllosphere_2022,133,0.0,0,566,76,51,233,11,SparCC,0.18424807515716607,0.8546273546273546,False
schafer_phyllosphere_2022,133,0.0,0,566,76,51,233,11,Mean rank,0.32923500958257035,0.8734643734643734,False
schafer_phyllosphere_2022,133,0.0,0,566,76,51,233,11,SPIEC-EASI,0.04721030042918455,0.5,False
schafer_phyllosphere_2022,133,0.2,114,566,76,51,233,11,Supervised combined,0.04721030042918455,0.5,False
schafer_phyllosphere_2022,133,0.4,227,566,76,51,233,11,Supervised combined,0.08823917051950791,0.6183456183456183,True
schafer_phyllosphere_2022,133,0.6,340,566,76,51,233,11,Supervised combined,0.09618227671211454,0.6445536445536445,True
schafer_phyllosphere_2022,133,0.8,453,566,76,51,233,11,Supervised combined,0.3123624382706894,0.8447993447993447,True
schafer_phyllosphere_2022,134,0.0,0,684,76,51,146,1,PLNNetwork,0.00684931506849315,0.4896551724137931,False
schafer_phyllosphere_2022,134,0.0,0,684,76,51,146,1,Poisson GLMNet,0.00684931506849315,0.45862068965517244,False
schafer_phyllosphere_2022,134,0.0,0,684,76,51,146,1,SparCC,0.125,0.9517241379310345,False
schafer_phyllosphere_2022,134,0.0,0,684,76,51,146,1,Mean rank,0.06666666666666667,0.903448275862069,False
schafer_phyllosphere_2022,134,0.0,0,684,76,51,146,1,SPIEC-EASI,0.00684931506849315,0.5,False
schafer_phyllosphere_2022,134,0.2,137,684,76,51,146,1,Supervised combined,0.027777777777777776,0.7586206896551724,True
schafer_phyllosphere_2022,134,0.4,274,684,76,51,146,1,Supervised combined,0.0196078431372549,0.6551724137931034,True
schafer_phyllosphere_2022,134,0.6,411,684,76,51,146,1,Supervised combined,0.022222222222222223,0.6965517241379311,True
schafer_phyllosphere_2022,134,0.8,548,684,76,51,146,1,Supervised combined,0.03225806451612903,0.7931034482758621,True
schafer_phyllosphere_2022,135,0.0,0,434,76,51,316,5,PLNNetwork,0.029324894514767934,0.5723472668810289,False
schafer_phyllosphere_2022,135,0.0,0,434,76,51,316,5,Poisson GLMNet,0.12366244725738396,0.7556270096463024,False
schafer_phyllosphere_2022,135,0.0,0,434,76,51,316,5,SparCC,0.0807480480801715,0.8958199356913183,False
schafer_phyllosphere_2022,135,0.0,0,434,76,51,316,5,Mean rank,0.11977725977725978,0.9247588424437299,False
schafer_phyllosphere_2022,135,0.0,0,434,76,51,316,5,SPIEC-EASI,0.015822784810126583,0.4983922829581994,False
schafer_phyllosphere_2022,135,0.2,87,434,76,51,316,5,Supervised combined,0.030133470958213227,0.7086816720257235,True
schafer_phyllosphere_2022,135,0.4,174,434,76,51,316,5,Supervised combined,0.07504337732160313,0.8765273311897106,True
schafer_phyllosphere_2022,135,0.6,261,434,76,51,316,5,Supervised combined,0.10639512617200245,0.9241157556270096,True
schafer_phyllosphere_2022,135,0.8,348,434,76,51,316,5,Supervised combined,0.0908935749493025,0.9041800643086817,True
schafer_phyllosphere_2022,136,0.0,0,747,76,51,98,4,PLNNetwork,0.04081632653061224,0.48404255319148937,False
schafer_phyllosphere_2022,136,0.0,0,747,76,51,98,4,Poisson GLMNet,0.7602040816326531,0.8683510638297872,False
schafer_phyllosphere_2022,136,0.0,0,747,76,51,98,4,SparCC,0.3306277056277056,0.8111702127659575,False
schafer_phyllosphere_2022,136,0.0,0,747,76,51,98,4,Mean rank,0.35,0.9494680851063829,False
schafer_phyllosphere_2022,136,0.0,0,747,76,51,98,4,SPIEC-EASI,0.04081632653061224,0.5,False
schafer_phyllosphere_2022,136,0.2,150,747,76,51,98,4,Supervised combined,0.04540560516170272,0.4654255319148936,True
schafer_phyllosphere_2022,136,0.4,299,747,76,51,98,4,Supervised combined,0.1658879819870532,0.8377659574468086,True
schafer_phyllosphere_2022,136,0.6,449,747,76,51,98,4,Supervised combined,0.12093253968253967,0.800531914893617,True
schafer_phyllosphere_2022,136,0.8,598,747,76,51,98,4,Supervised combined,0.11968954248366014,0.8031914893617021,True
schafer_phyllosphere_2022,137,0.0,0,483,76,51,284,3,PLNNetwork,0.28129890453834117,0.82502965599051,False
schafer_phyllosphere_2022,137,0.0,0,483,76,51,284,3,Poisson GLMNet,0.01056338028169014,0.4679715302491103,False
schafer_phyllosphere_2022,137,0.0,0,483,76,51,284,3,SparCC,0.10273752012882448,0.9406880189798339,False
schafer_phyllosphere_2022,137,0.0,0,483,76,51,284,3,Mean rank,0.1648148148148148,0.9525504151838672,False
schafer_phyllosphere_2022,137,0.0,0,483,76,51,284,3,SPIEC-EASI,0.01056338028169014,0.49644128113879005,False
schafer_phyllosphere_2022,137,0.2,97,483,76,51,284,3,Supervised combined,0.10280773840095875,0.9098457888493475,True
schafer_phyllosphere_2022,137,0.4,194,483,76,51,284,3,Supervised combined,0.41214470284237725,0.9501779359430605,True
schafer_phyllosphere_2022,137,0.6,290,483,76,51,284,3,Supervised combined,0.12643041712809155,0.933570581257414,True
schafer_phyllosphere_2022,137,0.8,387,483,76,51,284,3,Supervised combined,0.11009054784704579,0.9276393831553974,True
schafer_phyllosphere_2022,138,0.0,0,498,76,51,274,11,PLNNetwork,0.052632811585151644,0.5577255444175597,False
schafer_phyllosphere_2022,138,0.0,0,498,76,51,274,11,Poisson GLMNet,0.11089642669719957,0.6011061182163843,False
schafer_phyllosphere_2022,138,0.0,0,498,76,51,274,11,SparCC,0.21751527302416632,0.870376771517456,False
schafer_phyllosphere_2022,138,0.0,0,498,76,51,274,11,Mean rank,0.18212008378241876,0.8866228828206015,False
schafer_phyllosphere_2022,138,0.0,0,498,76,51,274,11,SPIEC-EASI,0.040145985401459854,0.5,False
schafer_phyllosphere_2022,138,0.2,100,498,76,51,274,11,Supervised combined,0.18429399774114263,0.861735222951953,True
schafer_phyllosphere_2022,138,0.4,200,498,76,51,274,11,Supervised combined,0.23570693628125014,0.8966470791565848,True
schafer_phyllosphere_2022,138,0.6,299,498,76,51,274,11,Supervised combined,0.22221978563441974,0.8862772208779813,True
schafer_phyllosphere_2022,138,0.8,399,498,76,51,274,11,Supervised combined,0.2581151473699782,0.9125475285171103,True
schafer_phyllosphere_2022,139,0.0,0,618,76,51,191,4,PLNNetwork,0.218804537521815,0.7366310160427808,False
schafer_phyllosphere_2022,139,0.0,0,618,76,51,191,4,Poisson GLMNet,0.26570680628272253,0.6129679144385027,False
schafer_phyllosphere_2022,139,0.0,0,618,76,51,191,4,SparCC,0.10850694444444445,0.78475935828877,False
schafer_phyllosphere_2022,139,0.0,0,618,76,51,191,4,Mean rank,0.2875,0.9545454545454546,False
schafer_phyllosphere_2022,139,0.0,0,618,76,51,191,4,SPIEC-EASI,0.020942408376963352,0.5,False
schafer_phyllosphere_2022,139,0.2,124,618,76,51,191,4,Supervised combined,0.0239584252276951,0.4371657754010695,True
schafer_phyllosphere_2022,139,0.4,248,618,76,51,191,4,Supervised combined,0.15697586726998491,0.8770053475935828,True
schafer_phyllosphere_2022,139,0.6,371,618,76,51,191,4,Supervised combined,0.22162698412698412,0.8676470588235293,True
schafer_phyllosphere_2022,139,0.8,495,618,76,51,191,4,Supervised combined,0.1305050505050505,0.8957219251336899,True
schafer_phyllosphere_2022,140,0.0,0,625,76,51,189,9,PLNNetwork,0.0582010582010582,0.5296296296296297,False
schafer_phyllosphere_2022,140,0.0,0,625,76,51,189,9,Poisson GLMNet,0.09259259259259259,0.5385802469135803,False
schafer_phyllosphere_2022,140,0.0,0,625,76,51,189,9,SparCC,0.33420188867715106,0.9191358024691358,False
schafer_phyllosphere_2022,140,0.0,0,625,76,51,189,9,Mean rank,0.20162965787487003,0.8351851851851853,False
schafer_phyllosphere_2022,140,0.0,0,625,76,51,189,9,SPIEC-EASI,0.047619047619047616,0.5,False
schafer_phyllosphere_2022,140,0.2,125,625,76,51,189,9,Supervised combined,0.0839666397670426,0.6987654320987655,True
schafer_phyllosphere_2022,140,0.4,250,625,76,51,189,9,Supervised combined,0.10349527557833782,0.6993827160493827,True
schafer_phyllosphere_2022,140,0.6,375,625,76,51,189,9,Supervised combined,0.0958932325700026,0.6895061728395062,True
schafer_phyllosphere_2022,140,0.8,500,625,76,51,189,9,Supervised combined,0.09809905248092343,0.7006172839506173,True
schafer_phyllosphere_2022,141,0.0,0,559,76,51,233,4,PLNNetwork,0.1378755364806867,0.6108078602620088,False
schafer_phyllosphere_2022,141,0.0,0,559,76,51,233,4,Poisson GLMNet,0.95,0.9989082969432315,False
schafer_phyllosphere_2022,141,0.0,0,559,76,51,233,4,SparCC,0.21547619047619046,0.8351528384279476,False
schafer_phyllosphere_2022,141,0.0,0,559,76,51,233,4,Mean rank,0.5826330532212884,0.980349344978166,False
schafer_phyllosphere_2022,141,0.0,0,559,76,51,233,4,SPIEC-EASI,0.017167381974248927,0.5,False
schafer_phyllosphere_2022,141,0.2,112,559,76,51,233,4,Supervised combined,0.6,0.9890829694323143,True
schafer_phyllosphere_2022,141,0.4,224,559,76,51,233,4,Supervised combined,0.34299754299754304,0.9104803493449782,True
schafer_phyllosphere_2022,141,0.6,336,559,76,51,233,4,Supervised combined,0.3789285714285714,0.925764192139738,True
schafer_phyllosphere_2022,141,0.8,448,559,76,51,233,4,Supervised combined,0.3372103386809269,0.8897379912663755,True
schafer_phyllosphere_2022,142,0.0,0,357,76,51,366,8,PLNNetwork,0.02185792349726776,0.4818435754189944,False
schafer_phyllosphere_2022,142,0.0,0,357,76,51,366,8,Poisson GLMNet,0.06562866603451314,0.6244762569832403,False
schafer_phyllosphere_2022,142,0.0,0,357,76,51,366,8,SparCC,0.08736132122306658,0.8722067039106144,False
schafer_phyllosphere_2022,142,0.0,0,357,76,51,366,8,Mean rank,0.09563156553578228,0.8631284916201117,False
schafer_phyllosphere_2022,142,0.0,0,357,76,51,366,8,SPIEC-EASI,0.02185792349726776,0.5,False
schafer_phyllosphere_2022,142,0.2,72,357,76,51,366,8,Supervised combined,0.043607864537454515,0.7321927374301676,True
schafer_phyllosphere_2022,142,0.4,143,357,76,51,366,8,Supervised combined,0.05114225869698821,0.761522346368715,True
schafer_phyllosphere_2022,142,0.6,215,357,76,51,366,8,Supervised combined,0.05507760449471839,0.787709497206704,True
schafer_phyllosphere_2022,142,0.8,286,357,76,51,366,8,Supervised combined,0.07152376402850787,0.7807262569832403,True
schafer_phyllosphere_2022,143,0.0,0,485,76,51,284,7,PLNNetwork,0.035412474849094565,0.5482207323362558,False
schafer_phyllosphere_2022,143,0.0,0,485,76,51,284,7,Poisson GLMNet,0.2565951263134362,0.7490974729241877,False
schafer_phyllosphere_2022,143,0.0,0,485,76,51,284,7,SparCC,0.13890220968480704,0.9138731304796287,False
schafer_phyllosphere_2022,143,0.0,0,485,76,51,284,7,Mean rank,0.17838036643375615,0.9221248066013409,False
schafer_phyllosphere_2022,143,0.0,0,485,76,51,284,7,SPIEC-EASI,0.02464788732394366,0.5,False
schafer_phyllosphere_2022,143,0.2,97,485,76,51,284,7,Supervised combined,0.16381660854432775,0.8757091284167096,True
schafer_phyllosphere_2022,143,0.4,194,485,76,51,284,7,Supervised combined,0.1372818692694469,0.8973697782362042,True
schafer_phyllosphere_2022,143,0.6,291,485,76,51,284,7,Supervised combined,0.15006792532981092,0.9040742650850954,True
schafer_phyllosphere_2022,143,0.8,388,485,76,51,284,7,Supervised combined,0.15507156387877893,0.9169675090252707,True
schafer_phyllosphere_2022,144,0.0,0,497,76,51,276,14,PLNNetwork,0.16334462638810465,0.6547164667393675,False
schafer_phyllosphere_2022,144,0.0,0,497,76,51,276,14,Poisson GLMNet,0.27908902691511384,0.601690294438386,False
schafer_phyllosphere_2022,144,0.0,0,497,76,51,276,14,SparCC,0.33739190916610273,0.9386586695747001,False
schafer_phyllosphere_2022,144,0.0,0,497,76,51,276,14,Mean rank,0.324710371637132,0.9105779716466739,False
schafer_phyllosphere_2022,144,0.0,0,497,76,51,276,14,SPIEC-EASI,0.050724637681159424,0.49809160305343514,False
schafer_phyllosphere_2022,144,0.2,100,497,76,51,276,14,Supervised combined,0.050724637681159424,0.5,False
schafer_phyllosphere_2022,144,0.4,199,497,76,51,276,14,Supervised combined,0.050724637681159424,0.5,False
schafer_phyllosphere_2022,144,0.6,299,497,76,51,276,14,Supervised combined,0.050724637681159424,0.5,False
schafer_phyllosphere_2022,144,0.8,398,497,76,51,276,14,Supervised combined,0.050724637681159424,0.5,False
schafer_phyllosphere_2022,145,0.0,0,753,76,51,97,1,PLNNetwork,0.010309278350515464,0.4947916666666667,False
schafer_phyllosphere_2022,145,0.0,0,753,76,51,97,1,Poisson GLMNet,0.5,0.9895833333333333,False
schafer_phyllosphere_2022,145,0.0,0,753,76,51,97,1,SparCC,0.125,0.9270833333333334,False
schafer_phyllosphere_2022,145,0.0,0,753,76,51,97,1,Mean rank,0.5,0.9895833333333334,False
schafer_phyllosphere_2022,145,0.0,0,753,76,51,97,1,SPIEC-EASI,0.010309278350515464,0.5,False
schafer_phyllosphere_2022,145,0.2,151,753,76,51,97,1,Supervised combined,0.1111111111111111,0.9166666666666666,True
schafer_phyllosphere_2022,145,0.4,302,753,76,51,97,1,Supervised combined,0.5,0.9895833333333334,True
schafer_phyllosphere_2022,145,0.6,452,753,76,51,97,1,Supervised combined,0.5,0.9895833333333334,True
schafer_phyllosphere_2022,145,0.8,603,753,76,51,97,1,Supervised combined,0.25,0.96875,True
schafer_phyllosphere_2022,146,0.0,0,492,76,51,282,6,PLNNetwork,0.34751773049645385,0.6630434782608695,False
schafer_phyllosphere_2022,146,0.0,0,492,76,51,282,6,Poisson GLMNet,0.2161127596835275,0.8719806763285025,False
schafer_phyllosphere_2022,146,0.0,0,492,76,51,282,6,SparCC,0.1392097458893301,0.9003623188405797,False
schafer_phyllosphere_2022,146,0.0,0,492,76,51,282,6,Mean rank,0.4987179487179487,0.9498792270531401,False
schafer_phyllosphere_2022,146,0.0,0,492,76,51,282,6,SPIEC-EASI,0.02127659574468085,0.5,False
schafer_phyllosphere_2022,146,0.2,99,492,76,51,282,6,Supervised combined,0.458440416448921,0.8013285024154589,True
schafer_phyllosphere_2022,146,0.4,197,492,76,51,282,6,Supervised combined,0.5657989126330891,0.9619565217391304,True
schafer_phyllosphere_2022,146,0.6,296,492,76,51,282,6,Supervised combined,0.643859649122807,0.9734299516908214,True
schafer_phyllosphere_2022,146,0.8,394,492,76,51,282,6,Supervised combined,0.6605263157894736,0.9746376811594203,True
schafer_phyllosphere_2022,147,0.0,0,553,76,51,237,8,PLNNetwork,0.08364978902953585,0.593886462882096,False
schafer_phyllosphere_2022,147,0.0,0,553,76,51,237,8,Poisson GLMNet,0.3648470464135021,0.6664847161572052,False
schafer_phyllosphere_2022,147,0.0,0,553,76,51,237,8,SparCC,0.25141755235505236,0.9459606986899564,False
schafer_phyllosphere_2022,147,0.0,0,553,76,51,237,8,Mean rank,0.3210407647907648,0.9268558951965066,False
schafer_phyllosphere_2022,147,0.0,0,553,76,51,237,8,SPIEC-EASI,0.03375527426160337,0.4978165938864629,False
schafer_phyllosphere_2022,147,0.2,111,553,76,51,237,8,Supervised combined,0.38553539714254,0.9088427947598253,True
schafer_phyllosphere_2022,147,0.4,222,553,76,51,237,8,Supervised combined,0.2884158217943048,0.8881004366812227,True
schafer_phyllosphere_2022,147,0.6,332,553,76,51,237,8,Supervised combined,0.3155913007625087,0.898471615720524,True
schafer_phyllosphere_2022,147,0.8,443,553,76,51,237,8,Supervised combined,0.37061919504643964,0.9170305676855895,True
schafer_phyllosphere_2022,148,0.0,0,629,76,51,185,8,PLNNetwork,0.06908783783783784,0.5406073446327683,False
schafer_phyllosphere_2022,148,0.0,0,629,76,51,185,8,Poisson GLMNet,0.043243243243243246,0.4548022598870056,False
schafer_phyllosphere_2022,148,0.0,0,629,76,51,185,8,SparCC,0.17361472501949204,0.8559322033898304,False
schafer_phyllosphere_2022,148,0.0,0,629,76,51,185,8,Mean rank,0.13280215136047138,0.8411016949152543,False
schafer_phyllosphere_2022,148,0.0,0,629,76,51,185,8,SPIEC-EASI,0.043243243243243246,0.5,False
schafer_phyllosphere_2022,148,0.2,126,629,76,51,185,8,Supervised combined,0.10602418462788091,0.7704802259887006,True
schafer_phyllosphere_2022,148,0.4,252,629,76,51,185,8,Supervised combined,0.145724690970218,0.8354519774011299,True
schafer_phyllosphere_2022,148,0.6,378,629,76,51,185,8,Supervised combined,0.13752691181180884,0.8283898305084746,True
schafer_phyllosphere_2022,148,0.8,504,629,76,51,185,8,Supervised combined,0.12967430627934368,0.8283898305084747,True
schafer_phyllosphere_2022,149,0.0,0,562,76,51,231,2,PLNNetwork,0.25432900432900435,0.7379912663755459,False
schafer_phyllosphere_2022,149,0.0,0,562,76,51,231,2,Poisson GLMNet,0.25,0.9737991266375545,False
schafer_phyllosphere_2022,149,0.0,0,562,76,51,231,2,SparCC,0.19444444444444442,0.9737991266375546,False
schafer_phyllosphere_2022,149,0.0,0,562,76,51,231,2,Mean rank,0.7,0.9934497816593886,False
schafer_phyllosphere_2022,149,0.0,0,562,76,51,231,2,SPIEC-EASI,0.008658008658008658,0.5,False
schafer_phyllosphere_2022,149,0.2,113,562,76,51,231,2,Supervised combined,0.2647058823529412,0.8537117903930131,True
schafer_phyllosphere_2022,149,0.4,225,562,76,51,231,2,Supervised combined,0.2916666666666667,0.9497816593886463,True
schafer_phyllosphere_2022,149,0.6,338,562,76,51,231,2,Supervised combined,0.10714285714285714,0.9301310043668122,True
schafer_phyllosphere_2022,149,0.8,450,562,76,51,231,2,Supervised combined,0.3125,0.9672489082969432,True
schafer_phyllosphere_2022,150,0.0,0,424,76,51,322,7,PLNNetwork,0.09489302967563837,0.6217687074829931,False
schafer_phyllosphere_2022,150,0.0,0,424,76,51,322,7,Poisson GLMNet,0.12208622579466569,0.6612244897959184,False
schafer_phyllosphere_2022,150,0.0,0,424,76,51,322,7,SparCC,0.10032028641051198,0.8916099773242631,False
schafer_phyllosphere_2022,150,0.0,0,424,76,51,322,7,Mean rank,0.2826874764339393,0.8984126984126983,False
schafer_phyllosphere_2022,150,0.0,0,424,76,51,322,7,SPIEC-EASI,0.021739130434782608,0.4984126984126984,False
schafer_phyllosphere_2022,150,0.2,85,424,76,51,322,7,Supervised combined,0.032876719032545756,0.6394557823129252,True
schafer_phyllosphere_2022,150,0.4,170,424,76,51,322,7,Supervised combined,0.03655030408969822,0.6507936507936508,True
schafer_phyllosphere_2022,150,0.6,255,424,76,51,322,7,Supervised combined,0.07576941875654081,0.708843537414966,True
schafer_phyllosphere_2022,150,0.8,340,424,76,51,322,7,Supervised combined,0.05287860387511867,0.6807256235827664,True
schafer_phyllosphere_2022,151,0.0,0,625,76,51,191,5,PLNNetwork,0.06094240837696336,0.5763440860215053,False
schafer_phyllosphere_2022,151,0.0,0,625,76,51,191,5,Poisson GLMNet,0.12995838367566118,0.7505376344086022,False
schafer_phyllosphere_2022,151,0.0,0,625,76,51,191,5,SparCC,0.2889795918367347,0.9150537634408602,False
schafer_phyllosphere_2022,151,0.0,0,625,76,51,191,5,Mean rank,0.3371213601719758,0.9118279569892473,False
schafer_phyllosphere_2022,151,0.0,0,625,76,51,191,5,SPIEC-EASI,0.02617801047120419,0.5,False
schafer_phyllosphere_2022,151,0.2,125,625,76,51,191,5,Supervised combined,0.30892501714419524,0.7032258064516129,True
schafer_phyllosphere_2022,151,0.4,250,625,76,51,191,5,Supervised combined,0.17847412649270233,0.6978494623655914,True
schafer_phyllosphere_2022,151,0.6,375,625,76,51,191,5,Supervised combined,0.2132689342934645,0.6967741935483871,True
schafer_phyllosphere_2022,151,0.8,500,625,76,51,191,5,Supervised combined,0.21258326999334193,0.7043010752688171,True
schafer_phyllosphere_2022,152,0.0,0,481,76,51,284,7,PLNNetwork,0.03699977643639615,0.5502836513666838,False
schafer_phyllosphere_2022,152,0.0,0,481,76,51,284,7,Poisson GLMNet,0.19617706237424548,0.6294481691593604,False
schafer_phyllosphere_2022,152,0.0,0,481,76,51,284,7,SparCC,0.14847299915949802,0.9236719958741619,False
schafer_phyllosphere_2022,152,0.0,0,481,76,51,284,7,Mean rank,0.1984044534978321,0.9375966993295513,False
schafer_phyllosphere_2022,152,0.0,0,481,76,51,284,7,SPIEC-EASI,0.02464788732394366,0.5,False
schafer_phyllosphere_2022,152,0.2,97,481,76,51,284,7,Supervised combined,0.12323162509080231,0.854564208354822,True
schafer_phyllosphere_2022,152,0.4,193,481,76,51,284,7,Supervised combined,0.17126752635592912,0.8638473439917483,True
schafer_phyllosphere_2022,152,0.6,289,481,76,51,284,7,Supervised combined,0.1617373630900993,0.8942753996905621,True
schafer_phyllosphere_2022,152,0.8,385,481,76,51,284,7,Supervised combined,0.14308133846706306,0.892212480660134,True
schafer_phyllosphere_2022,153,0.0,0,624,76,51,190,2,PLNNetwork,0.010526315789473684,0.48138297872340424,False
schafer_phyllosphere_2022,153,0.0,0,624,76,51,190,2,Poisson GLMNet,1.0,1.0,False
schafer_phyllosphere_2022,153,0.0,0,624,76,51,190,2,SparCC,0.08195488721804511,0.7367021276595744,False
schafer_phyllosphere_2022,153,0.0,0,624,76,51,190,2,Mean rank,0.18333333333333335,0.9627659574468085,False
schafer_phyllosphere_2022,153,0.0,0,624,76,51,190,2,SPIEC-EASI,0.010526315789473684,0.5,False
schafer_phyllosphere_2022,153,0.2,125,624,76,51,190,2,Supervised combined,0.018923611111111113,0.5984042553191489,True
schafer_phyllosphere_2022,153,0.4,250,624,76,51,190,2,Supervised combined,0.026021080368906456,0.7101063829787233,True
schafer_phyllosphere_2022,153,0.6,375,624,76,51,190,2,Supervised combined,0.0243593353984793,0.6888297872340425,True
schafer_phyllosphere_2022,153,0.8,500,624,76,51,190,2,Supervised combined,0.040507364975450086,0.8138297872340425,True
schafer_phyllosphere_2022,154,0.0,0,558,76,51,233,5,PLNNetwork,0.2952503576537911,0.7894736842105264,False
schafer_phyllosphere_2022,154,0.0,0,558,76,51,233,5,Poisson GLMNet,0.23858369098712445,0.7815789473684212,False
schafer_phyllosphere_2022,154,0.0,0,558,76,51,233,5,SparCC,0.18451048010370044,0.9210526315789473,False
schafer_phyllosphere_2022,154,0.0,0,558,76,51,233,5,Mean rank,0.6523809523809524,0.9719298245614035,False
schafer_phyllosphere_2022,154,0.0,0,558,76,51,233,5,SPIEC-EASI,0.02145922746781116,0.5,False
schafer_phyllosphere_2022,154,0.2,112,558,76,51,233,5,Supervised combined,0.24396480331262937,0.8570175438596492,True
schafer_phyllosphere_2022,154,0.4,224,558,76,51,233,5,Supervised combined,0.7235135135135136,0.9377192982456141,True
schafer_phyllosphere_2022,154,0.6,335,558,76,51,233,5,Supervised combined,0.67663139329806,0.9298245614035089,True
schafer_phyllosphere_2022,154,0.8,447,558,76,51,233,5,Supervised combined,0.5894885361552028,0.9228070175438597,True
schafer_phyllosphere_2022,155,0.0,0,422,76,51,319,7,PLNNetwork,0.0219435736677116,0.4807692307692308,False
schafer_phyllosphere_2022,155,0.0,0,422,76,51,319,7,Poisson GLMNet,0.593769592476489,0.8388278388278388,False
schafer_phyllosphere_2022,155,0.0,0,422,76,51,319,7,SparCC,0.08353673190629711,0.8076923076923077,False
schafer_phyllosphere_2022,155,0.0,0,422,76,51,319,7,Mean rank,0.17513766495090774,0.918040293040293,False
schafer_phyllosphere_2022,155,0.0,0,422,76,51,319,7,SPIEC-EASI,0.0219435736677116,0.5,False
schafer_phyllosphere_2022,155,0.2,85,422,76,51,319,7,Supervised combined,0.040917465720832324,0.6176739926739927,True
schafer_phyllosphere_2022,155,0.4,169,422,76,51,319,7,Supervised combined,0.12611940440331018,0.8241758241758241,True
schafer_phyllosphere_2022,155,0.6,254,422,76,51,319,7,Supervised combined,0.12276048982306222,0.8058608058608059,True
schafer_phyllosphere_2022,155,0.8,338,422,76,51,319,7,Supervised combined,0.1209710226799245,0.7971611721611722,True
schafer_phyllosphere_2022,156,0.0,0,623,76,51,190,1,PLNNetwork,0.16666666666666666,0.9735449735449735,False
schafer_phyllosphere_2022,156,0.0,0,623,76,51,190,1,Poisson GLMNet,0.005263157894736842,0.47619047619047616,False
schafer_phyllosphere_2022,156,0.0,0,623,76,51,190,1,SparCC,0.05263157894736842,0.9047619047619048,False
schafer_phyllosphere_2022,156,0.0,0,623,76,51,190,1,Mean rank,0.125,0.962962962962963,False
schafer_phyllosphere_2022,156,0.0,0,623,76,51,190,1,SPIEC-EASI,0.005263157894736842,0.4973544973544973,False
schafer_phyllosphere_2022,156,0.2,125,623,76,51,190,1,Supervised combined,0.16666666666666666,0.9735449735449735,True
schafer_phyllosphere_2022,156,0.4,250,623,76,51,190,1,Supervised combined,0.25,0.9841269841269842,True
schafer_phyllosphere_2022,156,0.6,374,623,76,51,190,1,Supervised combined,0.125,0.962962962962963,True
schafer_phyllosphere_2022,156,0.8,499,623,76,51,190,1,Supervised combined,0.16666666666666666,0.9735449735449735,True
schafer_phyllosphere_2022,157,0.0,0,617,76,51,191,2,PLNNetwork,0.010471204188481676,0.48677248677248675,False
schafer_phyllosphere_2022,157,0.0,0,617,76,51,191,2,Poisson GLMNet,0.06773560209424084,0.7195767195767195,False
schafer_phyllosphere_2022,157,0.0,0,617,76,51,191,2,SparCC,0.25,0.9761904761904762,False
schafer_phyllosphere_2022,157,0.0,0,617,76,51,191,2,Mean rank,0.18382352941176472,0.9523809523809524,False
schafer_phyllosphere_2022,157,0.0,0,617,76,51,191,2,SPIEC-EASI,0.010471204188481676,0.5,False
schafer_phyllosphere_2022,157,0.2,124,617,76,51,191,2,Supervised combined,0.2696078431372549,0.8677248677248677,True
schafer_phyllosphere_2022,157,0.4,247,617,76,51,191,2,Supervised combined,0.52,0.873015873015873,True
schafer_phyllosphere_2022,157,0.6,371,617,76,51,191,2,Supervised combined,0.5212765957446809,0.8809523809523809,True
schafer_phyllosphere_2022,157,0.8,494,617,76,51,191,2,Supervised combined,0.26515151515151514,0.828042328042328,True
schafer_phyllosphere_2022,158,0.0,0,621,76,51,193,7,PLNNetwork,0.1449543547989144,0.6263440860215054,False
schafer_phyllosphere_2022,158,0.0,0,621,76,51,193,7,Poisson GLMNet,0.2849524108591466,0.7407834101382488,False
schafer_phyllosphere_2022,158,0.0,0,621,76,51,193,7,SparCC,0.18478457529979778,0.8970814132104455,False
schafer_phyllosphere_2022,158,0.0,0,621,76,51,193,7,Mean rank,0.4273182957393484,0.9086021505376344,False
schafer_phyllosphere_2022,158,0.0,0,621,76,51,193,7,SPIEC-EASI,0.03626943005181347,0.5,False
schafer_phyllosphere_2022,158,0.2,125,621,76,51,193,7,Supervised combined,0.3620873665581379,0.8978494623655914,True
schafer_phyllosphere_2022,158,0.4,249,621,76,51,193,7,Supervised combined,0.5546959185403121,0.9101382488479263,True
schafer_phyllosphere_2022,158,0.6,373,621,76,51,193,7,Supervised combined,0.5517273576097106,0.9101382488479263,True
schafer_phyllosphere_2022,158,0.8,497,621,76,51,193,7,Supervised combined,0.5405612244897959,0.9201228878648233,True
schafer_phyllosphere_2022,159,0.0,0,563,76,51,230,3,PLNNetwork,0.0642512077294686,0.6519823788546255,False
schafer_phyllosphere_2022,159,0.0,0,563,76,51,230,3,Poisson GLMNet,0.09020641194554238,0.7929515418502202,False
schafer_phyllosphere_2022,159,0.0,0,563,76,51,230,3,SparCC,0.16428571428571428,0.9544787077826725,False
schafer_phyllosphere_2022,159,0.0,0,563,76,51,230,3,Mean rank,0.19924242424242425,0.9662261380323054,False
schafer_phyllosphere_2022,159,0.0,0,563,76,51,230,3,SPIEC-EASI,0.013043478260869565,0.5,False
schafer_phyllosphere_2022,159,0.2,113,563,76,51,230,3,Supervised combined,0.012634188440640053,0.30396475770925113,True
schafer_phyllosphere_2022,159,0.4,226,563,76,51,230,3,Supervised combined,0.017534190651153296,0.527165932452276,True
schafer_phyllosphere_2022,159,0.6,338,563,76,51,230,3,Supervised combined,0.04190016103059581,0.8017621145374448,True
schafer_phyllosphere_2022,159,0.8,451,563,76,51,230,3,Supervised combined,0.04910268270120259,0.8355359765051396,True
schafer_phyllosphere_2022,160,0.0,0,501,76,51,274,11,PLNNetwork,0.11026752499877913,0.6118216384376081,False
schafer_phyllosphere_2022,160,0.0,0,501,76,51,274,11,Poisson GLMNet,0.1274054412740544,0.5195298997580367,False
schafer_phyllosphere_2022,160,0.0,0,501,76,51,274,11,SparCC,0.20366609939505406,0.9045973038368476,False
schafer_phyllosphere_2022,160,0.0,0,501,76,51,274,11,Mean rank,0.2474056772909822,0.8942274455582441,False
schafer_phyllosphere_2022,160,0.0,0,501,76,51,274,11,SPIEC-EASI,0.040145985401459854,0.49809885931558934,False
schafer_phyllosphere_2022,160,0.2,101,501,76,51,274,11,Supervised combined,0.10093615100766883,0.626339440027653,True
schafer_phyllosphere_2022,160,0.4,201,501,76,51,274,11,Supervised combined,0.10055195349143041,0.6138956100933288,True
schafer_phyllosphere_2022,160,0.6,301,501,76,51,274,11,Supervised combined,0.1096830164463859,0.7473211199446941,True
schafer_phyllosphere_2022,160,0.8,401,501,76,51,274,11,Supervised combined,0.07364293468100111,0.6380919460767369,True
schafer_phyllosphere_2022,161,0.0,0,418,76,51,323,9,PLNNetwork,0.1629666486477632,0.7050601556970983,False
schafer_phyllosphere_2022,161,0.0,0,418,76,51,323,9,Poisson GLMNet,0.18894622176355924,0.6355272469922151,False
schafer_phyllosphere_2022,161,0.0,0,418,76,51,323,9,SparCC,0.14684027772512276,0.9115357395612173,False
schafer_phyllosphere_2022,161,0.0,0,418,76,51,323,9,Mean rank,0.3186530687648679,0.9288747346072187,False
schafer_phyllosphere_2022,161,0.0,0,418,76,51,323,9,SPIEC-EASI,0.02786377708978328,0.4984076433121019,False
schafer_phyllosphere_2022,161,0.2,84,418,76,51,323,9,Supervised combined,0.19209755195244738,0.8489030431705591,True
schafer_phyllosphere_2022,161,0.4,168,418,76,51,323,9,Supervised combined,0.4312335468682218,0.9366595895258316,True
schafer_phyllosphere_2022,161,0.6,251,418,76,51,323,9,Supervised combined,0.3744829244829245,0.9249823071479122,True
schafer_phyllosphere_2022,161,0.8,335,418,76,51,323,9,Supervised combined,0.3702149297862219,0.9214437367303608,True
schafer_phyllosphere_2022,162,0.0,0,492,76,51,281,8,PLNNetwork,0.16718564650059312,0.613095238095238,False
schafer_phyllosphere_2022,162,0.0,0,492,76,51,281,8,Poisson GLMNet,0.1808107856756363,0.8319597069597069,False
schafer_phyllosphere_2022,162,0.0,0,492,76,51,281,8,SparCC,0.1488182773109244,0.8956043956043956,False
schafer_phyllosphere_2022,162,0.0,0,492,76,51,281,8,Mean rank,0.4216702500398153,0.9409340659340659,False
schafer_phyllosphere_2022,162,0.0,0,492,76,51,281,8,SPIEC-EASI,0.028469750889679714,0.4981684981684982,False
schafer_phyllosphere_2022,162,0.2,99,492,76,51,281,8,Supervised combined,0.15779790861312598,0.8067765567765569,True
schafer_phyllosphere_2022,162,0.4,197,492,76,51,281,8,Supervised combined,0.0878505857874244,0.75503663003663,True
schafer_phyllosphere_2022,162,0.6,296,492,76,51,281,8,Supervised combined,0.18789146112233612,0.8173076923076923,True
schafer_phyllosphere_2022,162,0.8,394,492,76,51,281,8,Supervised combined,0.286367814171123,0.8923992673992674,True
schafer_phyllosphere_2022,163,0.0,0,489,76,51,280,16,PLNNetwork,0.10208333333333332,0.5482954545454545,False
schafer_phyllosphere_2022,163,0.0,0,489,76,51,280,16,Poisson GLMNet,0.14482940305308725,0.633996212121212,False
schafer_phyllosphere_2022,163,0.0,0,489,76,51,280,16,SparCC,0.19500757716495826,0.8288352272727273,False
schafer_phyllosphere_2022,163,0.0,0,489,76,51,280,16,Mean rank,0.30566081923382354,0.8255208333333333,False
schafer_phyllosphere_2022,163,0.0,0,489,76,51,280,16,SPIEC-EASI,0.05714285714285714,0.4981060606060606,False
schafer_phyllosphere_2022,163,0.2,98,489,76,51,280,16,Supervised combined,0.05714285714285714,0.5,False
schafer_phyllosphere_2022,163,0.4,196,489,76,51,280,16,Supervised combined,0.19704382506316723,0.7173295454545454,True
schafer_phyllosphere_2022,163,0.6,294,489,76,51,280,16,Supervised combined,0.2972025696274469,0.84375,True
schafer_phyllosphere_2022,163,0.8,392,489,76,51,280,16,Supervised combined,0.29857648013428584,0.842566287878788,True
schafer_phyllosphere_2022,164,0.0,0,555,76,51,238,2,PLNNetwork,0.17086834733893558,0.7415254237288136,False
schafer_phyllosphere_2022,164,0.0,0,555,76,51,238,2,Poisson GLMNet,0.008403361344537815,0.4682203389830508,False
schafer_phyllosphere_2022,164,0.0,0,555,76,51,238,2,SparCC,0.13392857142857142,0.9597457627118644,False
schafer_phyllosphere_2022,164,0.0,0,555,76,51,238,2,Mean rank,0.09307359307359307,0.9385593220338982,False
schafer_phyllosphere_2022,164,0.0,0,555,76,51,238,2,SPIEC-EASI,0.008403361344537815,0.5,False
schafer_phyllosphere_2022,164,0.2,111,555,76,51,238,2,Supervised combined,0.039972899728997285,0.7944915254237288,True
schafer_phyllosphere_2022,164,0.4,222,555,76,51,238,2,Supervised combined,0.030178950561116163,0.6292372881355932,True
schafer_phyllosphere_2022,164,0.6,333,555,76,51,238,2,Supervised combined,0.04945054945054945,0.8792372881355932,True
schafer_phyllosphere_2022,164,0.8,444,555,76,51,238,2,Supervised combined,0.08193979933110368,0.9300847457627118,True
schafer_phyllosphere_2022,165,0.0,0,567,76,51,232,13,PLNNetwork,0.11047142512659755,0.6232876712328766,False
schafer_phyllosphere_2022,165,0.0,0,567,76,51,232,13,Poisson GLMNet,0.1251547303271441,0.571127502634352,False
schafer_phyllosphere_2022,165,0.0,0,567,76,51,232,13,SparCC,0.43988865523547693,0.9283456269757641,False
schafer_phyllosphere_2022,165,0.0,0,567,76,51,232,13,Mean rank,0.28000095108568346,0.8921671935370565,False
schafer_phyllosphere_2022,165,0.0,0,567,76,51,232,13,SPIEC-EASI,0.05603448275862069,0.5,False
schafer_phyllosphere_2022,165,0.2,114,567,76,51,232,13,Supervised combined,0.2006916647377208,0.6989813839128908,True
schafer_phyllosphere_2022,165,0.4,227,567,76,51,232,13,Supervised combined,0.23665083449611374,0.7383210396909028,True
schafer_phyllosphere_2022,165,0.6,341,567,76,51,232,13,Supervised combined,0.3415793133951878,0.7643133122585177,True
schafer_phyllosphere_2022,165,0.8,454,567,76,51,232,13,Supervised combined,0.3003472085429457,0.7562346329469616,True
schafer_phyllosphere_2022,166,0.0,0,697,76,51,142,6,PLNNetwork,0.11854460093896713,0.5575980392156863,False
schafer_phyllosphere_2022,166,0.0,0,697,76,51,142,6,Poisson GLMNet,0.21223265519040163,0.7781862745098038,False
schafer_phyllosphere_2022,166,0.0,0,697,76,51,142,6,SparCC,0.3945887445887446,0.9411764705882353,False
schafer_phyllosphere_2022,166,0.0,0,697,76,51,142,6,Mean rank,0.36679154179154183,0.9142156862745098,False
schafer_phyllosphere_2022,166,0.0,0,697,76,51,142,6,SPIEC-EASI,0.04225352112676056,0.5,False
schafer_phyllosphere_2022,166,0.2,140,697,76,51,142,6,Supervised combined,0.31062176634465793,0.7941176470588235,True
schafer_phyllosphere_2022,166,0.4,279,697,76,51,142,6,Supervised combined,0.26443935725087436,0.7867647058823529,True
schafer_phyllosphere_2022,166,0.6,419,697,76,51,142,6,Supervised combined,0.2697274461314316,0.8026960784313725,True
schafer_phyllosphere_2022,166,0.8,558,697,76,51,142,6,Supervised combined,0.25671331136693376,0.7794117647058824,True
schafer_phyllosphere_2022,167,0.0,0,684,76,51,145,1,PLNNetwork,0.006896551724137931,0.4791666666666667,False
schafer_phyllosphere_2022,167,0.0,0,684,76,51,145,1,Poisson GLMNet,0.3333333333333333,0.986111111111111,False
schafer_phyllosphere_2022,167,0.0,0,684,76,51,145,1,SparCC,0.010526315789473684,0.3472222222222222,False
schafer_phyllosphere_2022,167,0.0,0,684,76,51,145,1,Mean rank,0.1111111111111111,0.9444444444444444,False
schafer_phyllosphere_2022,167,0.0,0,684,76,51,145,1,SPIEC-EASI,0.006896551724137931,0.5,False
schafer_phyllosphere_2022,167,0.2,137,684,76,51,145,1,Supervised combined,0.006896551724137931,0.5,False
schafer_phyllosphere_2022,167,0.4,274,684,76,51,145,1,Supervised combined,0.00819672131147541,0.1597222222222222,True
schafer_phyllosphere_2022,167,0.6,411,684,76,51,145,1,Supervised combined,0.009433962264150943,0.27083333333333337,True
schafer_phyllosphere_2022,167,0.8,548,684,76,51,145,1,Supervised combined,0.03125,0.7847222222222222,True
schafer_phyllosphere_2022,168,0.0,0,625,76,51,191,3,PLNNetwork,0.05809025180752929,0.6436170212765957,False
schafer_phyllosphere_2022,168,0.0,0,625,76,51,191,3,Poisson GLMNet,0.21952131637995512,0.7969858156028369,False
schafer_phyllosphere_2022,168,0.0,0,625,76,51,191,3,SparCC,0.1070317782285328,0.9113475177304964,False
schafer_phyllosphere_2022,168,0.0,0,625,76,51,191,3,Mean rank,0.23333333333333334,0.9574468085106383,False
schafer_phyllosphere_2022,168,0.0,0,625,76,51,191,3,SPIEC-EASI,0.015706806282722512,0.5,False
schafer_phyllosphere_2022,168,0.2,125,625,76,51,191,3,Supervised combined,0.1683375104427736,0.8865248226950354,True
schafer_phyllosphere_2022,168,0.4,250,625,76,51,191,3,Supervised combined,0.10925925925925925,0.9166666666666665,True
schafer_phyllosphere_2022,168,0.6,375,625,76,51,191,3,Supervised combined,0.125,0.9290780141843972,True
schafer_phyllosphere_2022,168,0.8,500,625,76,51,191,3,Supervised combined,0.2051948051948052,0.9609929078014184,True
schafer_phyllosphere_2022,169,0.0,0,625,76,51,189,8,PLNNetwork,0.09841269841269841,0.5973756906077348,False
schafer_phyllosphere_2022,169,0.0,0,625,76,51,189,8,Poisson GLMNet,0.08829365079365079,0.5808011049723757,False
schafer_phyllosphere_2022,169,0.0,0,625,76,51,189,8,SparCC,0.43024132730015086,0.9592541436464089,False
schafer_phyllosphere_2022,169,0.0,0,625,76,51,189,8,Mean rank,0.3181143329850227,0.914364640883978,False
schafer_phyllosphere_2022,169,0.0,0,625,76,51,189,8,SPIEC-EASI,0.042328042328042326,0.5,False
schafer_phyllosphere_2022,169,0.2,125,625,76,51,189,8,Supervised combined,0.042328042328042326,0.5,False
schafer_phyllosphere_2022,169,0.4,250,625,76,51,189,8,Supervised combined,0.13428584011698977,0.7161602209944752,True
schafer_phyllosphere_2022,169,0.6,375,625,76,51,189,8,Supervised combined,0.17059995707737147,0.8121546961325967,True
schafer_phyllosphere_2022,169,0.8,500,625,76,51,189,8,Supervised combined,0.23680449667291772,0.8957182320441989,True
schafer_phyllosphere_2022,170,0.0,0,499,76,51,272,12,PLNNetwork,0.08835200746965452,0.5666666666666667,False
schafer_phyllosphere_2022,170,0.0,0,499,76,51,272,12,Poisson GLMNet,0.04411764705882353,0.4826923076923077,False
schafer_phyllosphere_2022,170,0.0,0,499,76,51,272,12,SparCC,0.22396957104970747,0.919551282051282,False
schafer_phyllosphere_2022,170,0.0,0,499,76,51,272,12,Mean rank,0.26968695052978653,0.8897435897435897,False
schafer_phyllosphere_2022,170,0.0,0,499,76,51,272,12,SPIEC-EASI,0.04411764705882353,0.5,False
schafer_phyllosphere_2022,170,0.2,100,499,76,51,272,12,Supervised combined,0.1344349768400709,0.7682692307692307,True
schafer_phyllosphere_2022,170,0.4,200,499,76,51,272,12,Supervised combined,0.12721777368743695,0.7817307692307692,True
schafer_phyllosphere_2022,170,0.6,300,499,76,51,272,12,Supervised combined,0.1350797542159896,0.7958333333333334,True
schafer_phyllosphere_2022,170,0.8,400,499,76,51,272,12,Supervised combined,0.13024559630730229,0.7951923076923076,True
schafer_phyllosphere_2022,171,0.0,0,558,76,51,233,4,PLNNetwork,0.07537553648068669,0.6102620087336245,False
schafer_phyllosphere_2022,171,0.0,0,558,76,51,233,4,Poisson GLMNet,0.07537553648068669,0.6020742358078602,False
schafer_phyllosphere_2022,171,0.0,0,558,76,51,233,4,SparCC,0.2589285714285714,0.9694323144104804,False
schafer_phyllosphere_2022,171,0.0,0,558,76,51,233,4,Mean rank,0.2795833333333333,0.9497816593886463,False
schafer_phyllosphere_2022,171,0.0,0,558,76,51,233,4,SPIEC-EASI,0.017167381974248927,0.4978165938864629,False
schafer_phyllosphere_2022,171,0.2,112,558,76,51,233,4,Supervised combined,0.1437287346572685,0.62117903930131,True
schafer_phyllosphere_2022,171,0.4,224,558,76,51,233,4,Supervised combined,0.043487662240468704,0.5382096069868996,True
schafer_phyllosphere_2022,171,0.6,335,558,76,51,233,4,Supervised combined,0.05851439870427212,0.787117903930131,True
schafer_phyllosphere_2022,171,0.8,447,558,76,51,233,4,Supervised combined,0.08554492382617382,0.8427947598253274,True
schafer_phyllosphere_2022,172,0.0,0,626,76,51,187,4,PLNNetwork,0.1410427807486631,0.6092896174863388,False
schafer_phyllosphere_2022,172,0.0,0,626,76,51,187,4,Poisson GLMNet,0.5803475935828877,0.8483606557377049,False
schafer_phyllosphere_2022,172,0.0,0,626,76,51,187,4,SparCC,0.33733974358974356,0.9726775956284153,False
schafer_phyllosphere_2022,172,0.0,0,626,76,51,187,4,Mean rank,0.4564950980392157,0.9467213114754098,False
schafer_phyllosphere_2022,172,0.0,0,626,76,51,187,4,SPIEC-EASI,0.0213903743315508,0.5,False
schafer_phyllosphere_2022,172,0.2,126,626,76,51,187,4,Supervised combined,0.0309576259653659,0.592896174863388,True
schafer_phyllosphere_2022,172,0.4,251,626,76,51,187,4,Supervised combined,0.05567630474691844,0.6762295081967213,True
schafer_phyllosphere_2022,172,0.6,376,626,76,51,187,4,Supervised combined,0.18942307692307692,0.825136612021858,True
schafer_phyllosphere_2022,172,0.8,501,626,76,51,187,4,Supervised combined,0.19899942824471123,0.8538251366120219,True
schafer_phyllosphere_2022,173,0.0,0,560,76,51,235,10,PLNNetwork,0.11252532928064843,0.6324444444444445,False
schafer_phyllosphere_2022,173,0.0,0,560,76,51,235,10,Poisson GLMNet,0.2631205673758865,0.6364444444444445,False
schafer_phyllosphere_2022,173,0.0,0,560,76,51,235,10,SparCC,0.166070792587069,0.8297777777777777,False
schafer_phyllosphere_2022,173,0.0,0,560,76,51,235,10,Mean rank,0.3465430158077217,0.9422222222222223,False
schafer_phyllosphere_2022,173,0.0,0,560,76,51,235,10,SPIEC-EASI,0.0425531914893617,0.5,False
schafer_phyllosphere_2022,173,0.2,112,560,76,51,235,10,Supervised combined,0.0425531914893617,0.5,False
schafer_phyllosphere_2022,173,0.4,224,560,76,51,235,10,Supervised combined,0.32024272746685567,0.9137777777777778,True
schafer_phyllosphere_2022,173,0.6,336,560,76,51,235,10,Supervised combined,0.3695571095571096,0.9302222222222223,True
schafer_phyllosphere_2022,173,0.8,448,560,76,51,235,10,Supervised combined,0.3929727804165144,0.9284444444444445,True
schafer_phyllosphere_2022,174,0.0,0,620,76,51,193,4,PLNNetwork,0.32393134715025906,0.8584656084656085,False
schafer_phyllosphere_2022,174,0.0,0,620,76,51,193,4,Poisson GLMNet,0.4270293609671848,0.7380952380952381,False
schafer_phyllosphere_2022,174,0.0,0,620,76,51,193,4,SparCC,0.25383333333333336,0.8240740740740741,False
schafer_phyllosphere_2022,174,0.0,0,620,76,51,193,4,Mean rank,0.47294372294372294,0.9708994708994709,False
schafer_phyllosphere_2022,174,0.0,0,620,76,51,193,4,SPIEC-EASI,0.02072538860103627,0.4973544973544973,False
schafer_phyllosphere_2022,174,0.2,124,620,76,51,193,4,Supervised combined,0.2839912280701754,0.8875661375661376,True
schafer_phyllosphere_2022,174,0.4,248,620,76,51,193,4,Supervised combined,0.6884615384615385,0.9682539682539683,True
schafer_phyllosphere_2022,174,0.6,372,620,76,51,193,4,Supervised combined,0.6083333333333333,0.9801587301587302,True
schafer_phyllosphere_2022,174,0.8,496,620,76,51,193,4,Supervised combined,0.6666666666666666,0.9695767195767195,True
schafer_phyllosphere_2022,175,0.0,0,495,76,51,281,16,PLNNetwork,0.16501334519572952,0.5862028301886792,False
schafer_phyllosphere_2022,175,0.0,0,495,76,51,281,16,Poisson GLMNet,0.12492283627869696,0.6275943396226416,False
schafer_phyllosphere_2022,175,0.0,0,495,76,51,281,16,SparCC,0.26188207056191515,0.9000000000000001,False
schafer_phyllosphere_2022,175,0.0,0,495,76,51,281,16,Mean rank,0.37513426292644114,0.8912735849056603,False
schafer_phyllosphere_2022,175,0.0,0,495,76,51,281,16,SPIEC-EASI,0.05693950177935943,0.5,False
schafer_phyllosphere_2022,175,0.2,99,495,76,51,281,16,Supervised combined,0.05693950177935943,0.5,False
schafer_phyllosphere_2022,175,0.4,198,495,76,51,281,16,Supervised combined,0.1595332275708278,0.6471698113207547,True
schafer_phyllosphere_2022,175,0.6,297,495,76,51,281,16,Supervised combined,0.1596154595368343,0.649056603773585,True
schafer_phyllosphere_2022,175,0.8,396,495,76,51,281,16,Supervised combined,0.22127976851131828,0.7075471698113207,True
schafer_phyllosphere_2022,176,0.0,0,636,76,51,181,6,PLNNetwork,0.051433833201789,0.5538095238095239,False
schafer_phyllosphere_2022,176,0.0,0,636,76,51,181,6,Poisson GLMNet,0.06929097605893186,0.559047619047619,False
schafer_phyllosphere_2022,176,0.0,0,636,76,51,181,6,SparCC,0.08748811768606343,0.7200000000000001,False
schafer_phyllosphere_2022,176,0.0,0,636,76,51,181,6,Mean rank,0.11128050861921829,0.8257142857142856,False
schafer_phyllosphere_2022,176,0.0,0,636,76,51,181,6,SPIEC-EASI,0.03314917127071823,0.5,False
schafer_phyllosphere_2022,176,0.2,128,636,76,51,181,6,Supervised combined,0.107245182353878,0.8038095238095238,True
schafer_phyllosphere_2022,176,0.4,255,636,76,51,181,6,Supervised combined,0.10890844260409478,0.8285714285714286,True
schafer_phyllosphere_2022,176,0.6,382,636,76,51,181,6,Supervised combined,0.12300175669740887,0.8533333333333333,True
schafer_phyllosphere_2022,176,0.8,509,636,76,51,181,6,Supervised combined,0.11658091012929722,0.8476190476190476,True
schafer_phyllosphere_2022,177,0.0,0,552,76,51,236,6,PLNNetwork,0.04499596448748991,0.5608695652173913,False
schafer_phyllosphere_2022,177,0.0,0,552,76,51,236,6,Poisson GLMNet,0.6153483992467043,0.9028985507246379,False
schafer_phyllosphere_2022,177,0.0,0,552,76,51,236,6,SparCC,0.1698556438012598,0.8478260869565218,False
schafer_phyllosphere_2022,177,0.0,0,552,76,51,236,6,Mean rank,0.30350214221697597,0.9637681159420289,False
schafer_phyllosphere_2022,177,0.0,0,552,76,51,236,6,SPIEC-EASI,0.025423728813559324,0.5,False
schafer_phyllosphere_2022,177,0.2,111,552,76,51,236,6,Supervised combined,0.13049746492372563,0.5768115942028986,True
schafer_phyllosphere_2022,177,0.4,221,552,76,51,236,6,Supervised combined,0.10289026150947972,0.6717391304347826,True
schafer_phyllosphere_2022,177,0.6,332,552,76,51,236,6,Supervised combined,0.09388610664894642,0.7746376811594202,True
schafer_phyllosphere_2022,177,0.8,442,552,76,51,236,6,Supervised combined,0.16282173534989558,0.8724637681159421,True
schafer_phyllosphere_2022,178,0.0,0,561,76,51,233,12,PLNNetwork,0.26072365283738674,0.6621417797888386,False
schafer_phyllosphere_2022,178,0.0,0,561,76,51,233,12,Poisson GLMNet,0.20958512160228898,0.5644796380090498,False
schafer_phyllosphere_2022,178,0.0,0,561,76,51,233,12,SparCC,0.3065574601565314,0.8914027149321267,False
schafer_phyllosphere_2022,178,0.0,0,561,76,51,233,12,Mean rank,0.43346529978552445,0.9185520361990951,False
schafer_phyllosphere_2022,178,0.0,0,561,76,51,233,12,SPIEC-EASI,0.05150214592274678,0.5,False
schafer_phyllosphere_2022,178,0.2,113,561,76,51,233,12,Supervised combined,0.5624087048273514,0.9291101055806938,True
schafer_phyllosphere_2022,178,0.4,225,561,76,51,233,12,Supervised combined,0.573166380714503,0.951734539969834,True
schafer_phyllosphere_2022,178,0.6,337,561,76,51,233,12,Supervised combined,0.5381323024705378,0.9521116138763197,True
schafer_phyllosphere_2022,178,0.8,449,561,76,51,233,12,Supervised combined,0.5453424362061883,0.9585218702865762,True
schafer_phyllosphere_2022,179,0.0,0,625,76,51,190,7,PLNNetwork,0.21748120300751878,0.697111631537861,False
schafer_phyllosphere_2022,179,0.0,0,625,76,51,190,7,Poisson GLMNet,0.10964912280701754,0.6120218579234973,False
schafer_phyllosphere_2022,179,0.0,0,625,76,51,190,7,SparCC,0.3109391124871001,0.9484777517564402,False
schafer_phyllosphere_2022,179,0.0,0,625,76,51,190,7,Mean rank,0.4800530650284345,0.9305230288836847,False
schafer_phyllosphere_2022,179,0.0,0,625,76,51,190,7,SPIEC-EASI,0.03684210526315789,0.49453551912568305,False
schafer_phyllosphere_2022,179,0.2,125,625,76,51,190,7,Supervised combined,0.23487762599614237,0.7377049180327868,True
schafer_phyllosphere_2022,179,0.4,250,625,76,51,190,7,Supervised combined,0.10758165446363106,0.7447306791569086,True
schafer_phyllosphere_2022,179,0.6,375,625,76,51,190,7,Supervised combined,0.3118610468540342,0.7533177205308352,True
schafer_phyllosphere_2022,179,0.8,500,625,76,51,190,7,Supervised combined,0.32778649921507064,0.7689305230288837,True
schafer_phyllosphere_2022,180,0.0,0,685,76,51,145,2,PLNNetwork,0.506896551724138,0.7482517482517483,False
schafer_phyllosphere_2022,180,0.0,0,685,76,51,145,2,Poisson GLMNet,0.10689655172413794,0.7255244755244755,False
schafer_phyllosphere_2022,180,0.0,0,685,76,51,145,2,SparCC,0.07738095238095238,0.8776223776223776,False
schafer_phyllosphere_2022,180,0.0,0,685,76,51,145,2,Mean rank,0.26666666666666666,0.972027972027972,False
schafer_phyllosphere_2022,180,0.0,0,685,76,51,145,2,SPIEC-EASI,0.013793103448275862,0.5,False
schafer_phyllosphere_2022,180,0.2,137,685,76,51,145,2,Supervised combined,0.5105263157894737,0.6748251748251748,True
schafer_phyllosphere_2022,180,0.4,274,685,76,51,145,2,Supervised combined,0.51010101010101,0.6608391608391608,True
schafer_phyllosphere_2022,180,0.6,411,685,76,51,145,2,Supervised combined,0.05119047619047619,0.6013986013986014,True
schafer_phyllosphere_2022,180,0.8,548,685,76,51,145,2,Supervised combined,0.12439024390243902,0.8496503496503497,True
schafer_phyllosphere_2022,181,0.0,0,568,76,51,227,12,PLNNetwork,0.11906353150846544,0.5918604651162792,False
schafer_phyllosphere_2022,181,0.0,0,568,76,51,227,12,Poisson GLMNet,0.22754998305659097,0.6255813953488372,False
schafer_phyllosphere_2022,181,0.0,0,568,76,51,227,12,SparCC,0.31486273591527164,0.9034883720930234,False
schafer_phyllosphere_2022,181,0.0,0,568,76,51,227,12,Mean rank,0.30447168134105596,0.875968992248062,False
schafer_phyllosphere_2022,181,0.0,0,568,76,51,227,12,SPIEC-EASI,0.05286343612334802,0.5,False
schafer_phyllosphere_2022,181,0.2,114,568,76,51,227,12,Supervised combined,0.05286343612334802,0.5,False
schafer_phyllosphere_2022,181,0.4,228,568,76,51,227,12,Supervised combined,0.05286343612334802,0.5,False
schafer_phyllosphere_2022,181,0.6,341,568,76,51,227,12,Supervised combined,0.13553358817251587,0.7437984496124032,True
schafer_phyllosphere_2022,181,0.8,455,568,76,51,227,12,Supervised combined,0.13565121650868464,0.7577519379844961,True
schafer_phyllosphere_2022,182,0.0,0,555,76,51,234,4,PLNNetwork,0.3418803418803419,0.7380434782608696,False
schafer_phyllosphere_2022,182,0.0,0,555,76,51,234,4,Poisson GLMNet,0.14247557997557997,0.7184782608695652,False
schafer_phyllosphere_2022,182,0.0,0,555,76,51,234,4,SparCC,0.17214912280701755,0.9206521739130434,False
schafer_phyllosphere_2022,182,0.0,0,555,76,51,234,4,Mean rank,0.3558300395256917,0.9249999999999999,False
schafer_phyllosphere_2022,182,0.0,0,555,76,51,234,4,SPIEC-EASI,0.017094017094017096,0.5,False
schafer_phyllosphere_2022,182,0.2,111,555,76,51,234,4,Supervised combined,0.3072577925519102,0.807608695652174,True
schafer_phyllosphere_2022,182,0.4,222,555,76,51,234,4,Supervised combined,0.3026094276094276,0.8282608695652174,True
schafer_phyllosphere_2022,182,0.6,333,555,76,51,234,4,Supervised combined,0.31472986748216103,0.8195652173913043,True
schafer_phyllosphere_2022,182,0.8,444,555,76,51,234,4,Supervised combined,0.350487012987013,0.8934782608695653,True
schafer_phyllosphere_2022,183,0.0,0,426,76,51,322,3,PLNNetwork,0.33954451345755693,0.6572622779519331,False
schafer_phyllosphere_2022,183,0.0,0,426,76,51,322,3,Poisson GLMNet,0.021362695275738756,0.5997910135841169,False
schafer_phyllosphere_2022,183,0.0,0,426,76,51,322,3,SparCC,0.11871461871461872,0.955067920585162,False
schafer_phyllosphere_2022,183,0.0,0,426,76,51,322,3,Mean rank,0.36701607267645003,0.90282131661442,False
schafer_phyllosphere_2022,183,0.0,0,426,76,51,322,3,SPIEC-EASI,0.009316770186335404,0.49843260188087773,False
schafer_phyllosphere_2022,183,0.2,86,426,76,51,322,3,Supervised combined,0.07988550611501431,0.8913270637408568,True
schafer_phyllosphere_2022,183,0.4,171,426,76,51,322,3,Supervised combined,0.13338385752178855,0.9550679205851619,True
schafer_phyllosphere_2022,183,0.6,256,426,76,51,322,3,Supervised combined,0.12325174825174826,0.9561128526645768,True
schafer_phyllosphere_2022,183,0.8,341,426,76,51,322,3,Supervised combined,0.0939817368388797,0.910135841170324,True
schafer_phyllosphere_2022,184,0.0,0,423,76,51,320,10,PLNNetwork,0.07222222222222222,0.5864516129032258,False
schafer_phyllosphere_2022,184,0.0,0,423,76,51,320,10,Poisson GLMNet,0.03125,0.47258064516129034,False
schafer_phyllosphere_2022,184,0.0,0,423,76,51,320,10,SparCC,0.11442795773915318,0.8580645161290322,False
schafer_phyllosphere_2022,184,0.0,0,423,76,51,320,10,Mean rank,0.11523425626308836,0.8751612903225806,False
schafer_phyllosphere_2022,184,0.0,0,423,76,51,320,10,SPIEC-EASI,0.03125,0.5,False
schafer_phyllosphere_2022,184,0.2,85,423,76,51,320,10,Supervised combined,0.05297787626925417,0.6909677419354838,True
schafer_phyllosphere_2022,184,0.4,170,423,76,51,320,10,Supervised combined,0.1839583537025551,0.8848387096774194,True
schafer_phyllosphere_2022,184,0.6,254,423,76,51,320,10,Supervised combined,0.17873658330609132,0.8893548387096775,True
schafer_phyllosphere_2022,184,0.8,339,423,76,51,320,10,Supervised combined,0.1934479836008002,0.894516129032258,True
schafer_phyllosphere_2022,185,0.0,0,561,76,51,233,1,PLNNetwork,0.004291845493562232,0.4849137931034483,False
schafer_phyllosphere_2022,185,0.0,0,561,76,51,233,1,Poisson GLMNet,0.004291845493562232,0.47198275862068967,False
schafer_phyllosphere_2022,185,0.0,0,561,76,51,233,1,SparCC,0.08333333333333333,0.9525862068965517,False
schafer_phyllosphere_2022,185,0.0,0,561,76,51,233,1,Mean rank,0.047619047619047616,0.9137931034482758,False
schafer_phyllosphere_2022,185,0.0,0,561,76,51,233,1,SPIEC-EASI,0.004291845493562232,0.4978448275862069,False
schafer_phyllosphere_2022,185,0.2,113,561,76,51,233,1,Supervised combined,0.009615384615384616,0.5560344827586207,True
schafer_phyllosphere_2022,185,0.4,225,561,76,51,233,1,Supervised combined,0.009174311926605505,0.5344827586206897,True
schafer_phyllosphere_2022,185,0.6,337,561,76,51,233,1,Supervised combined,0.010752688172043012,0.603448275862069,True
schafer_phyllosphere_2022,185,0.8,449,561,76,51,233,1,Supervised combined,0.010309278350515464,0.5862068965517242,True
schafer_phyllosphere_2022,186,0.0,0,548,76,51,238,4,PLNNetwork,0.06260504201680672,0.6143162393162392,False
schafer_phyllosphere_2022,186,0.0,0,548,76,51,238,4,Poisson GLMNet,0.3209033613445378,0.7307692307692307,False
schafer_phyllosphere_2022,186,0.0,0,548,76,51,238,4,SparCC,0.08555699202758027,0.891025641025641,False
schafer_phyllosphere_2022,186,0.0,0,548,76,51,238,4,Mean rank,0.2599815724815725,0.9444444444444445,False
schafer_phyllosphere_2022,186,0.0,0,548,76,51,238,4,SPIEC-EASI,0.01680672268907563,0.5,False
schafer_phyllosphere_2022,186,0.2,110,548,76,51,238,4,Supervised combined,0.026380319433987914,0.5673076923076923,True
schafer_phyllosphere_2022,186,0.4,220,548,76,51,238,4,Supervised combined,0.12542819499341237,0.8108974358974359,True
schafer_phyllosphere_2022,186,0.6,329,548,76,51,238,4,Supervised combined,0.18809523809523807,0.8653846153846154,True
schafer_phyllosphere_2022,186,0.8,439,548,76,51,238,4,Supervised combined,0.19612068965517238,0.8621794871794871,True
schafer_phyllosphere_2022,187,0.0,0,691,76,51,143,8,PLNNetwork,0.11145104895104896,0.5453703703703704,False
schafer_phyllosphere_2022,187,0.0,0,691,76,51,143,8,Poisson GLMNet,0.09061771561771562,0.5509259259259258,False
schafer_phyllosphere_2022,187,0.0,0,691,76,51,143,8,SparCC,0.5930819180819181,0.950925925925926,False
schafer_phyllosphere_2022,187,0.0,0,691,76,51,143,8,Mean rank,0.4073002665978672,0.9361111111111111,False
schafer_phyllosphere_2022,187,0.0,0,691,76,51,143,8,SPIEC-EASI,0.055944055944055944,0.5,False
schafer_phyllosphere_2022,187,0.2,139,691,76,51,143,8,Supervised combined,0.08610293917973139,0.6657407407407407,True
schafer_phyllosphere_2022,187,0.4,277,691,76,51,143,8,Supervised combined,0.17163142460256212,0.8194444444444444,True
schafer_phyllosphere_2022,187,0.6,415,691,76,51,143,8,Supervised combined,0.3287315724815725,0.9194444444444445,True
schafer_phyllosphere_2022,187,0.8,553,691,76,51,143,8,Supervised combined,0.31856093113360556,0.9037037037037037,True
schafer_phyllosphere_2022,188,0.0,0,690,76,51,142,1,PLNNetwork,0.007042253521126761,0.48226950354609927,False
schafer_phyllosphere_2022,188,0.0,0,690,76,51,142,1,Poisson GLMNet,0.5,0.9929078014184397,False
schafer_phyllosphere_2022,188,0.0,0,690,76,51,142,1,SparCC,0.25,0.9787234042553191,False
schafer_phyllosphere_2022,188,0.0,0,690,76,51,142,1,Mean rank,0.25,0.9787234042553191,False
schafer_phyllosphere_2022,188,0.0,0,690,76,51,142,1,SPIEC-EASI,0.007042253521126761,0.5,False
schafer_phyllosphere_2022,188,0.2,138,690,76,51,142,1,Supervised combined,0.5,0.9929078014184397,True
schafer_phyllosphere_2022,188,0.4,276,690,76,51,142,1,Supervised combined,0.16666666666666666,0.9645390070921985,True
schafer_phyllosphere_2022,188,0.6,414,690,76,51,142,1,Supervised combined,0.1111111111111111,0.9432624113475178,True
schafer_phyllosphere_2022,188,0.8,552,690,76,51,142,1,Supervised combined,0.14285714285714285,0.9574468085106383,True
schafer_phyllosphere_2022,189,0.0,0,498,76,51,276,14,PLNNetwork,0.09682786157941436,0.5812431842966194,False
schafer_phyllosphere_2022,189,0.0,0,498,76,51,276,14,Poisson GLMNet,0.2220928226363009,0.6455834242093784,False
schafer_phyllosphere_2022,189,0.0,0,498,76,51,276,14,SparCC,0.30030429990769664,0.8890403489640131,False
schafer_phyllosphere_2022,189,0.0,0,498,76,51,276,14,Mean rank,0.31547907625667126,0.8898582333696838,False
schafer_phyllosphere_2022,189,0.0,0,498,76,51,276,14,SPIEC-EASI,0.050724637681159424,0.5,False
schafer_phyllosphere_2022,189,0.2,100,498,76,51,276,14,Supervised combined,0.28044189743561443,0.8950381679389313,True
schafer_phyllosphere_2022,189,0.4,200,498,76,51,276,14,Supervised combined,0.2831036784957179,0.8942202835332607,True
schafer_phyllosphere_2022,189,0.6,299,498,76,51,276,14,Supervised combined,0.2613970871033765,0.8707742639040349,True
schafer_phyllosphere_2022,189,0.8,399,498,76,51,276,14,Supervised combined,0.32061988062027624,0.8985823336968375,True
schafer_phyllosphere_2022,190,0.0,0,685,76,51,146,7,PLNNetwork,0.2009132420091324,0.6073997944501541,False
schafer_phyllosphere_2022,190,0.0,0,685,76,51,146,7,Poisson GLMNet,0.3330647662839443,0.8823227132579651,False
schafer_phyllosphere_2022,190,0.0,0,685,76,51,146,7,SparCC,0.306583892298178,0.9321685508735869,False
schafer_phyllosphere_2022,190,0.0,0,685,76,51,146,7,Mean rank,0.5900793650793651,0.9496402877697843,False
schafer_phyllosphere_2022,190,0.0,0,685,76,51,146,7,SPIEC-EASI,0.04794520547945205,0.5,False
schafer_phyllosphere_2022,190,0.2,137,685,76,51,146,7,Supervised combined,0.6397977022977023,0.9414182939362796,True
schafer_phyllosphere_2022,190,0.4,274,685,76,51,146,7,Supervised combined,0.6636263200932546,0.9619732785200412,True
schafer_phyllosphere_2022,190,0.6,411,685,76,51,146,7,Supervised combined,0.6336163836163836,0.9475847893114081,True
schafer_phyllosphere_2022,190,0.8,548,685,76,51,146,7,Supervised combined,0.7387963881204656,0.9691675231243577,True
schafer_phyllosphere_2022,191,0.0,0,558,76,51,235,8,PLNNetwork,0.03404255319148936,0.4911894273127753,False
schafer_phyllosphere_2022,191,0.0,0,558,76,51,235,8,Poisson GLMNet,0.10886524822695036,0.6007709251101321,False
schafer_phyllosphere_2022,191,0.0,0,558,76,51,235,8,SparCC,0.18093215994531783,0.9118942731277533,False
schafer_phyllosphere_2022,191,0.0,0,558,76,51,235,8,Mean rank,0.2086935557667265,0.9025330396475771,False
schafer_phyllosphere_2022,191,0.0,0,558,76,51,235,8,SPIEC-EASI,0.03404255319148936,0.5,False
schafer_phyllosphere_2022,191,0.2,112,558,76,51,235,8,Supervised combined,0.1139726542673697,0.7285242290748899,True
schafer_phyllosphere_2022,191,0.4,224,558,76,51,235,8,Supervised combined,0.11512728868215896,0.7417400881057269,True
schafer_phyllosphere_2022,191,0.6,335,558,76,51,235,8,Supervised combined,0.15510576380141597,0.85352422907489,True
schafer_phyllosphere_2022,191,0.8,447,558,76,51,235,8,Supervised combined,0.20936099003533212,0.875,True
schafer_phyllosphere_2022,192,0.0,0,628,76,51,188,6,PLNNetwork,0.031914893617021274,0.47802197802197804,False
schafer_phyllosphere_2022,192,0.0,0,628,76,51,188,6,Poisson GLMNet,0.031914893617021274,0.45604395604395603,False
schafer_phyllosphere_2022,192,0.0,0,628,76,51,188,6,SparCC,0.1554612581511316,0.8708791208791209,False
schafer_phyllosphere_2022,192,0.0,0,628,76,51,188,6,Mean rank,0.09995331729202697,0.8214285714285714,False
schafer_phyllosphere_2022,192,0.0,0,628,76,51,188,6,SPIEC-EASI,0.031914893617021274,0.5,False
schafer_phyllosphere_2022,192,0.2,126,628,76,51,188,6,Supervised combined,0.07126650764581799,0.7582417582417583,True
schafer_phyllosphere_2022,192,0.4,252,628,76,51,188,6,Supervised combined,0.06751104475503969,0.7298534798534798,True
schafer_phyllosphere_2022,192,0.6,377,628,76,51,188,6,Supervised combined,0.05856215839530633,0.6886446886446886,True
schafer_phyllosphere_2022,192,0.8,503,628,76,51,188,6,Supervised combined,0.0584502500291974,0.6877289377289377,True
schafer_phyllosphere_2022,193,0.0,0,562,76,51,231,9,PLNNetwork,0.12716450216450215,0.6481481481481481,False
schafer_phyllosphere_2022,193,0.0,0,562,76,51,231,9,Poisson GLMNet,0.12289562289562289,0.5560560560560561,False
schafer_phyllosphere_2022,193,0.0,0,562,76,51,231,9,SparCC,0.2933325503092945,0.8943943943943944,False
schafer_phyllosphere_2022,193,0.0,0,562,76,51,231,9,Mean rank,0.240402309050683,0.8868868868868869,False
schafer_phyllosphere_2022,193,0.0,0,562,76,51,231,9,SPIEC-EASI,0.03896103896103896,0.5,False
schafer_phyllosphere_2022,193,0.2,113,562,76,51,231,9,Supervised combined,0.14897483803222727,0.6406406406406406,True
schafer_phyllosphere_2022,193,0.4,225,562,76,51,231,9,Supervised combined,0.1554784018718032,0.6391391391391391,True
schafer_phyllosphere_2022,193,0.6,338,562,76,51,231,9,Supervised combined,0.1829140693377831,0.7707707707707707,True
schafer_phyllosphere_2022,193,0.8,450,562,76,51,231,9,Supervised combined,0.2580154413487747,0.8898898898898897,True
schafer_phyllosphere_2022,194,0.0,0,557,76,51,236,1,PLNNetwork,0.5,0.9957446808510638,False
schafer_phyllosphere_2022,194,0.0,0,557,76,51,236,1,Poisson GLMNet,0.14285714285714285,0.974468085106383,False
schafer_phyllosphere_2022,194,0.0,0,557,76,51,236,1,SparCC,0.09090909090909091,0.9574468085106383,False
schafer_phyllosphere_2022,194,0.0,0,557,76,51,236,1,Mean rank,1.0,1.0,False
schafer_phyllosphere_2022,194,0.0,0,557,76,51,236,1,SPIEC-EASI,0.00423728813559322,0.5,False
schafer_phyllosphere_2022,194,0.2,112,557,76,51,236,1,Supervised combined,0.00423728813559322,0.5,False
schafer_phyllosphere_2022,194,0.4,223,557,76,51,236,1,Supervised combined,0.004484304932735426,0.05531914893617018,True
schafer_phyllosphere_2022,194,0.6,335,557,76,51,236,1,Supervised combined,0.125,0.9702127659574468,True
schafer_phyllosphere_2022,194,0.8,446,557,76,51,236,1,Supervised combined,0.5,0.9957446808510638,True
schafer_phyllosphere_2022,195,0.0,0,554,76,51,240,3,PLNNetwork,0.075,0.6497890295358649,False
schafer_phyllosphere_2022,195,0.0,0,554,76,51,240,3,Poisson GLMNet,0.2440087145969499,0.9676511954992967,False
schafer_phyllosphere_2022,195,0.0,0,554,76,51,240,3,SparCC,0.11084656084656085,0.7848101265822784,False
schafer_phyllosphere_2022,195,0.0,0,554,76,51,240,3,Mean rank,0.4619047619047619,0.9549929676511955,False
schafer_phyllosphere_2022,195,0.0,0,554,76,51,240,3,SPIEC-EASI,0.0125,0.5,False
schafer_phyllosphere_2022,195,0.2,111,554,76,51,240,3,Supervised combined,0.2429193899782135,0.9437412095639944,True
schafer_phyllosphere_2022,195,0.4,222,554,76,51,240,3,Supervised combined,0.2340124504810413,0.9353023909985936,True
schafer_phyllosphere_2022,195,0.6,333,554,76,51,240,3,Supervised combined,0.2296626984126984,0.931082981715893,True
schafer_phyllosphere_2022,195,0.8,444,554,76,51,240,3,Supervised combined,0.24679487179487178,0.9465541490857946,True
schafer_phyllosphere_2022,196,0.0,0,490,76,51,283,13,PLNNetwork,0.18918184289209025,0.603988603988604,False
schafer_phyllosphere_2022,196,0.0,0,490,76,51,283,13,Poisson GLMNet,0.3938981336060284,0.9226495726495727,False
schafer_phyllosphere_2022,196,0.0,0,490,76,51,283,13,SparCC,0.15842713820167045,0.8378917378917379,False
schafer_phyllosphere_2022,196,0.0,0,490,76,51,283,13,Mean rank,0.5040586462378616,0.9424501424501425,False
schafer_phyllosphere_2022,196,0.0,0,490,76,51,283,13,SPIEC-EASI,0.045936395759717315,0.5,False
schafer_phyllosphere_2022,196,0.2,98,490,76,51,283,13,Supervised combined,0.045936395759717315,0.5,False
schafer_phyllosphere_2022,196,0.4,196,490,76,51,283,13,Supervised combined,0.06340168890874345,0.5307692307692308,True
schafer_phyllosphere_2022,196,0.6,294,490,76,51,283,13,Supervised combined,0.18770366409245404,0.6860398860398861,True
schafer_phyllosphere_2022,196,0.8,392,490,76,51,283,13,Supervised combined,0.17267688962165845,0.664957264957265,True
schafer_phyllosphere_2022,197,0.0,0,433,76,51,312,6,PLNNetwork,0.03685897435897436,0.5631808278867102,False
schafer_phyllosphere_2022,197,0.0,0,433,76,51,312,6,Poisson GLMNet,0.025284900284900286,0.5345860566448802,False
schafer_phyllosphere_2022,197,0.0,0,433,76,51,312,6,SparCC,0.09701851830389566,0.9003267973856209,False
schafer_phyllosphere_2022,197,0.0,0,433,76,51,312,6,Mean rank,0.08008658008658008,0.8703703703703705,False
schafer_phyllosphere_2022,197,0.0,0,433,76,51,312,6,SPIEC-EASI,0.019230769230769232,0.49836601307189543,False
schafer_phyllosphere_2022,197,0.2,87,433,76,51,312,6,Supervised combined,0.033030169908452575,0.5985838779956427,True
schafer_phyllosphere_2022,197,0.4,174,433,76,51,312,6,Supervised combined,0.04376319519579891,0.6486928104575164,True
schafer_phyllosphere_2022,197,0.6,260,433,76,51,312,6,Supervised combined,0.0717408677765433,0.6982570806100218,True
schafer_phyllosphere_2022,197,0.8,347,433,76,51,312,6,Supervised combined,0.07175418046824392,0.7194989106753813,True
schafer_phyllosphere_2022,198,0.0,0,622,76,51,192,2,PLNNetwork,0.010416666666666666,0.4868421052631579,False
schafer_phyllosphere_2022,198,0.0,0,622,76,51,192,2,Poisson GLMNet,0.2361111111111111,0.9736842105263157,False
schafer_phyllosphere_2022,198,0.0,0,622,76,51,192,2,SparCC,0.19642857142857142,0.968421052631579,False
schafer_phyllosphere_2022,198,0.0,0,622,76,51,192,2,Mean rank,0.8333333333333333,0.9973684210526316,False
schafer_phyllosphere_2022,198,0.0,0,622,76,51,192,2,SPIEC-EASI,0.010416666666666666,0.5,False
schafer_phyllosphere_2022,198,0.2,125,622,76,51,192,2,Supervised combined,0.07380952380952381,0.8710526315789474,True
schafer_phyllosphere_2022,198,0.4,249,622,76,51,192,2,Supervised combined,0.3333333333333333,0.9842105263157895,True
schafer_phyllosphere_2022,198,0.6,374,622,76,51,192,2,Supervised combined,0.41666666666666663,0.986842105263158,True
schafer_phyllosphere_2022,198,0.8,498,622,76,51,192,2,Supervised combined,0.45,0.9894736842105263,True
schafer_phyllosphere_2022,199,0.0,0,759,76,51,93,2,PLNNetwork,0.510752688172043,0.7445054945054944,False
schafer_phyllosphere_2022,199,0.0,0,759,76,51,93,2,Poisson GLMNet,1.0,1.0,False
schafer_phyllosphere_2022,199,0.0,0,759,76,51,93,2,SparCC,1.0,1.0,False
schafer_phyllosphere_2022,199,0.0,0,759,76,51,93,2,Mean rank,0.8333333333333333,0.9945054945054945,False
schafer_phyllosphere_2022,199,0.0,0,759,76,51,93,2,SPIEC-EASI,0.021505376344086023,0.5,False
schafer_phyllosphere_2022,199,0.2,152,759,76,51,93,2,Supervised combined,0.021505376344086023,0.5,False
schafer_phyllosphere_2022,199,0.4,304,759,76,51,93,2,Supervised combined,0.11458333333333333,0.8076923076923077,True
schafer_phyllosphere_2022,199,0.6,456,759,76,51,93,2,Supervised combined,0.2777777777777778,0.8076923076923077,True
schafer_phyllosphere_2022,199,0.8,608,759,76,51,93,2,Supervised combined,0.27941176470588236,0.8186813186813187,True
friedman_microcosm_2017,0,0.0,0,10,5,3,3,2,PLNNetwork,0.29166666666666663,0.25,False
friedman_microcosm_2017,0,0.0,0,10,5,3,3,2,Poisson GLMNet,0.5,0.75,False
friedman_microcosm_2017,0,0.0,0,10,5,3,3,2,SparCC,0.41666666666666663,0.5,False
friedman_microcosm_2017,0,0.0,0,10,5,3,3,2,Mean rank,0.29166666666666663,0.25,False
friedman_microcosm_2017,0,0.0,0,10,5,3,3,2,SPIEC-EASI,0.3333333333333333,0.5,False
friedman_microcosm_2017,0,0.2,2,10,5,3,3,2,Supervised combined,0.3333333333333333,0.5,True
friedman_microcosm_2017,0,0.4,4,10,5,3,3,2,Supervised combined,0.3333333333333333,0.5,True
friedman_microcosm_2017,0,0.6,6,10,5,3,3,2,Supervised combined,0.5,0.75,True
friedman_microcosm_2017,0,0.8,8,10,5,3,3,2,Supervised combined,0.5,0.75,True
friedman_microcosm_2017,1,0.0,0,10,5,3,3,5,PLNNetwork,0.9666666666666667,0.9,False
friedman_microcosm_2017,1,0.0,0,10,5,3,3,5,Poisson GLMNet,0.8833333333333333,0.5,False
friedman_microcosm_2017,1,0.0,0,10,5,3,3,5,SparCC,0.8833333333333333,0.5,False
friedman_microcosm_2017,1,0.0,0,10,5,3,3,5,Mean rank,0.9666666666666667,0.9,False
friedman_microcosm_2017,1,0.0,0,10,5,3,3,5,SPIEC-EASI,0.8333333333333334,0.5,False
friedman_microcosm_2017,1,0.2,2,10,5,3,3,5,Supervised combined,0.8333333333333334,0.5,True
friedman_microcosm_2017,1,0.4,4,10,5,3,3,5,Supervised combined,0.8833333333333333,0.5,True
friedman_microcosm_2017,1,0.6,6,10,5,3,3,5,Supervised combined,0.9666666666666667,0.9,True
friedman_microcosm_2017,1,0.8,8,10,5,3,3,5,Supervised combined,0.9666666666666667,0.9,True
friedman_microcosm_2017,2,0.0,0,10,5,3,3,3,PLNNetwork,0.5,0.5,False
friedman_microcosm_2017,2,0.0,0,10,5,3,3,3,Poisson GLMNet,0.5,0.5,False
friedman_microcosm_2017,2,0.0,0,10,5,3,3,3,SparCC,0.5,0.5,False
friedman_microcosm_2017,2,0.0,0,10,5,3,3,3,Mean rank,0.5,0.5,False
friedman_microcosm_2017,2,0.0,0,10,5,3,3,3,SPIEC-EASI,0.5,0.5,False
friedman_microcosm_2017,2,0.2,2,10,5,3,3,3,Supervised combined,0.5,0.5,True
friedman_microcosm_2017,2,0.4,4,10,5,3,3,3,Supervised combined,0.5,0.5,True
friedman_microcosm_2017,2,0.6,6,10,5,3,3,3,Supervised combined,0.5,0.5,True
friedman_microcosm_2017,2,0.8,8,10,5,3,3,3,Supervised combined,0.5,0.5,True
friedman_microcosm_2017,3,0.0,0,10,5,3,3,2,PLNNetwork,0.5,0.75,False
friedman_microcosm_2017,3,0.0,0,10,5,3,3,2,Poisson GLMNet,0.41666666666666663,0.5,False
friedman_microcosm_2017,3,0.0,0,10,5,3,3,2,SparCC,0.41666666666666663,0.5,False
friedman_microcosm_2017,3,0.0,0,10,5,3,3,2,Mean rank,0.41666666666666663,0.5,False
friedman_microcosm_2017,3,0.0,0,10,5,3,3,2,SPIEC-EASI,0.3333333333333333,0.5,False
friedman_microcosm_2017,3,0.2,2,10,5,3,3,2,Supervised combined,0.3333333333333333,0.5,True
friedman_microcosm_2017,3,0.4,4,10,5,3,3,2,Supervised combined,0.29166666666666663,0.25,True
friedman_microcosm_2017,3,0.6,6,10,5,3,3,2,Supervised combined,0.29166666666666663,0.25,True
friedman_microcosm_2017,3,0.8,8,10,5,3,3,2,Supervised combined,0.41666666666666663,0.5,True
friedman_microcosm_2017,4,0.0,0,10,5,3,3,5,PLNNetwork,0.9666666666666667,0.9,False
friedman_microcosm_2017,4,0.0,0,10,5,3,3,5,Poisson GLMNet,0.8833333333333333,0.5,False
friedman_microcosm_2017,4,0.0,0,10,5,3,3,5,SparCC,0.8833333333333333,0.5,False
friedman_microcosm_2017,4,0.0,0,10,5,3,3,5,Mean rank,0.9666666666666667,0.9,False
friedman_microcosm_2017,4,0.0,0,10,5,3,3,5,SPIEC-EASI,0.8333333333333334,0.5,False
friedman_microcosm_2017,4,0.2,2,10,5,3,3,5,Supervised combined,0.8333333333333334,0.5,False
friedman_microcosm_2017,4,0.4,4,10,5,3,3,5,Supervised combined,0.9666666666666667,0.9,True
friedman_microcosm_2017,4,0.6,6,10,5,3,3,5,Supervised combined,0.8833333333333333,0.5,True
friedman_microcosm_2017,4,0.8,8,10,5,3,3,5,Supervised combined,0.8833333333333333,0.5,True
friedman_microcosm_2017,5,0.0,0,10,5,3,3,4,PLNNetwork,0.8541666666666666,0.75,False
friedman_microcosm_2017,5,0.0,0,10,5,3,3,4,Poisson GLMNet,0.6666666666666666,0.5,False
friedman_microcosm_2017,5,0.0,0,10,5,3,3,4,SparCC,0.6666666666666666,0.5,False
friedman_microcosm_2017,5,0.0,0,10,5,3,3,4,Mean rank,0.6666666666666666,0.5,False
friedman_microcosm_2017,5,0.0,0,10,5,3,3,4,SPIEC-EASI,0.6666666666666666,0.5,False
friedman_microcosm_2017,5,0.2,2,10,5,3,3,4,Supervised combined,0.6666666666666666,0.5,True
friedman_microcosm_2017,5,0.4,4,10,5,3,3,4,Supervised combined,0.6666666666666666,0.5,True
friedman_microcosm_2017,5,0.6,6,10,5,3,3,4,Supervised combined,0.6666666666666666,0.5,True
friedman_microcosm_2017,5,0.8,8,10,5,3,3,4,Supervised combined,0.8541666666666666,0.75,True
friedman_microcosm_2017,6,0.0,0,10,5,3,3,3,PLNNetwork,0.5,0.5,False
friedman_microcosm_2017,6,0.0,0,10,5,3,3,3,Poisson GLMNet,0.5,0.5,False
friedman_microcosm_2017,6,0.0,0,10,5,3,3,3,SparCC,0.5,0.5,False
friedman_microcosm_2017,6,0.0,0,10,5,3,3,3,Mean rank,0.5,0.5,False
friedman_microcosm_2017,6,0.0,0,10,5,3,3,3,SPIEC-EASI,0.5,0.5,False
friedman_microcosm_2017,6,0.2,2,10,5,3,3,3,Supervised combined,0.5,0.5,True
friedman_microcosm_2017,6,0.4,4,10,5,3,3,3,Supervised combined,0.5,0.5,True
friedman_microcosm_2017,6,0.6,6,10,5,3,3,3,Supervised combined,0.5,0.5,True
friedman_microcosm_2017,6,0.8,8,10,5,3,3,3,Supervised combined,0.5,0.5,True
friedman_microcosm_2017,7,0.0,0,10,5,3,3,2,PLNNetwork,0.41666666666666663,0.5,False
friedman_microcosm_2017,7,0.0,0,10,5,3,3,2,Poisson GLMNet,0.41666666666666663,0.5,False
friedman_microcosm_2017,7,0.0,0,10,5,3,3,2,SparCC,0.29166666666666663,0.25,False
friedman_microcosm_2017,7,0.0,0,10,5,3,3,2,Mean rank,0.29166666666666663,0.25,False
friedman_microcosm_2017,7,0.0,0,10,5,3,3,2,SPIEC-EASI,0.3333333333333333,0.5,False
friedman_microcosm_2017,7,0.2,2,10,5,3,3,2,Supervised combined,0.5,0.75,True
friedman_microcosm_2017,7,0.4,4,10,5,3,3,2,Supervised combined,0.5,0.75,True
friedman_microcosm_2017,7,0.6,6,10,5,3,3,2,Supervised combined,0.5,0.75,True
friedman_microcosm_2017,7,0.8,8,10,5,3,3,2,Supervised combined,0.5,0.75,True
friedman_microcosm_2017,8,0.0,0,10,5,3,3,4,PLNNetwork,0.6666666666666666,0.5,False
friedman_microcosm_2017,8,0.0,0,10,5,3,3,4,Poisson GLMNet,0.5833333333333333,0.25,False
friedman_microcosm_2017,8,0.0,0,10,5,3,3,4,SparCC,0.5833333333333333,0.25,False
friedman_microcosm_2017,8,0.0,0,10,5,3,3,4,Mean rank,0.5833333333333333,0.25,False
friedman_microcosm_2017,8,0.0,0,10,5,3,3,4,SPIEC-EASI,0.6666666666666666,0.5,False
friedman_microcosm_2017,8,0.2,2,10,5,3,3,4,Supervised combined,0.6666666666666666,0.5,True
friedman_microcosm_2017,8,0.4,4,10,5,3,3,4,Supervised combined,0.8541666666666666,0.75,True
friedman_microcosm_2017,8,0.6,6,10,5,3,3,4,Supervised combined,0.5833333333333333,0.25,True
friedman_microcosm_2017,8,0.8,8,10,5,3,3,4,Supervised combined,0.6666666666666666,0.5,True
friedman_microcosm_2017,9,0.0,0,10,5,3,3,5,PLNNetwork,0.7333333333333333,0.1,False
friedman_microcosm_2017,9,0.0,0,10,5,3,3,5,Poisson GLMNet,0.9666666666666667,0.9,False
friedman_microcosm_2017,9,0.0,0,10,5,3,3,5,SparCC,0.9666666666666667,0.9,False
friedman_microcosm_2017,9,0.0,0,10,5,3,3,5,Mean rank,0.9666666666666667,0.9,False
friedman_microcosm_2017,9,0.0,0,10,5,3,3,5,SPIEC-EASI,0.8333333333333334,0.5,False
friedman_microcosm_2017,9,0.2,2,10,5,3,3,5,Supervised combined,0.8333333333333334,0.5,False
friedman_microcosm_2017,9,0.4,4,10,5,3,3,5,Supervised combined,0.7333333333333333,0.1,True
friedman_microcosm_2017,9,0.6,6,10,5,3,3,5,Supervised combined,0.7333333333333333,0.1,True
friedman_microcosm_2017,9,0.8,8,10,5,3,3,5,Supervised combined,0.7333333333333333,0.1,True
friedman_microcosm_2017,10,0.0,0,10,5,3,3,5,PLNNetwork,0.9666666666666667,0.9,False
friedman_microcosm_2017,10,0.0,0,10,5,3,3,5,Poisson GLMNet,0.8833333333333333,0.5,False
friedman_microcosm_2017,10,0.0,0,10,5,3,3,5,SparCC,0.8833333333333333,0.5,False
friedman_microcosm_2017,10,0.0,0,10,5,3,3,5,Mean rank,0.9666666666666667,0.9,False
friedman_microcosm_2017,10,0.0,0,10,5,3,3,5,SPIEC-EASI,0.8333333333333334,0.5,False
friedman_microcosm_2017,10,0.2,2,10,5,3,3,5,Supervised combined,0.8333333333333334,0.5,True
friedman_microcosm_2017,10,0.4,4,10,5,3,3,5,Supervised combined,0.8333333333333334,0.5,True
friedman_microcosm_2017,10,0.6,6,10,5,3,3,5,Supervised combined,0.8333333333333334,0.5,True
friedman_microcosm_2017,10,0.8,8,10,5,3,3,5,Supervised combined,0.7333333333333333,0.1,True
friedman_microcosm_2017,11,0.0,0,10,5,3,3,4,PLNNetwork,0.8541666666666666,0.75,False
friedman_microcosm_2017,11,0.0,0,10,5,3,3,4,Poisson GLMNet,0.5833333333333333,0.25,False
friedman_microcosm_2017,11,0.0,0,10,5,3,3,4,SparCC,0.8541666666666666,0.75,False
friedman_microcosm_2017,11,0.0,0,10,5,3,3,4,Mean rank,0.6666666666666666,0.5,False
friedman_microcosm_2017,11,0.0,0,10,5,3,3,4,SPIEC-EASI,0.6666666666666666,0.5,False
friedman_microcosm_2017,11,0.2,2,10,5,3,3,4,Supervised combined,0.5833333333333333,0.25,True
friedman_microcosm_2017,11,0.4,4,10,5,3,3,4,Supervised combined,0.5833333333333333,0.25,True
friedman_microcosm_2017,11,0.6,6,10,5,3,3,4,Supervised combined,0.5833333333333333,0.25,True
friedman_microcosm_2017,11,0.8,8,10,5,3,3,4,Supervised combined,0.5833333333333333,0.25,True
friedman_microcosm_2017,12,0.0,0,10,5,3,3,5,PLNNetwork,0.7333333333333333,0.1,False
friedman_microcosm_2017,12,0.0,0,10,5,3,3,5,Poisson GLMNet,0.8833333333333333,0.5,False
friedman_microcosm_2017,12,0.0,0,10,5,3,3,5,SparCC,0.9666666666666667,0.9,False
friedman_microcosm_2017,12,0.0,0,10,5,3,3,5,Mean rank,0.9666666666666667,0.9,False
friedman_microcosm_2017,12,0.0,0,10,5,3,3,5,SPIEC-EASI,0.8333333333333334,0.5,False
friedman_microcosm_2017,12,0.2,2,10,5,3,3,5,Supervised combined,0.9666666666666667,0.9,True
friedman_microcosm_2017,12,0.4,4,10,5,3,3,5,Supervised combined,0.7333333333333333,0.1,True
friedman_microcosm_2017,12,0.6,6,10,5,3,3,5,Supervised combined,0.7333333333333333,0.1,True
friedman_microcosm_2017,12,0.8,8,10,5,3,3,5,Supervised combined,0.7333333333333333,0.1,True
friedman_microcosm_2017,13,0.0,0,10,5,3,3,5,PLNNetwork,0.9666666666666667,0.9,False
friedman_microcosm_2017,13,0.0,0,10,5,3,3,5,Poisson GLMNet,0.7333333333333333,0.1,False
friedman_microcosm_2017,13,0.0,0,10,5,3,3,5,SparCC,0.8833333333333333,0.5,False
friedman_microcosm_2017,13,0.0,0,10,5,3,3,5,Mean rank,0.8833333333333333,0.5,False
friedman_microcosm_2017,13,0.0,0,10,5,3,3,5,SPIEC-EASI,0.8333333333333334,0.5,False
friedman_microcosm_2017,13,0.2,2,10,5,3,3,5,Supervised combined,0.9666666666666667,0.9,True
friedman_microcosm_2017,13,0.4,4,10,5,3,3,5,Supervised combined,0.7333333333333333,0.1,True
friedman_microcosm_2017,13,0.6,6,10,5,3,3,5,Supervised combined,0.8833333333333333,0.5,True
friedman_microcosm_2017,13,0.8,8,10,5,3,3,5,Supervised combined,0.7333333333333333,0.1,True
friedman_microcosm_2017,14,0.0,0,10,5,3,3,3,PLNNetwork,0.5,0.2777777777777778,False
friedman_microcosm_2017,14,0.0,0,10,5,3,3,3,Poisson GLMNet,0.6666666666666666,0.7222222222222223,False
friedman_microcosm_2017,14,0.0,0,10,5,3,3,3,SparCC,0.6666666666666666,0.7222222222222223,False
friedman_microcosm_2017,14,0.0,0,10,5,3,3,3,Mean rank,0.9166666666666666,0.9444444444444444,False
friedman_microcosm_2017,14,0.0,0,10,5,3,3,3,SPIEC-EASI,0.5,0.5,False
friedman_microcosm_2017,14,0.2,2,10,5,3,3,3,Supervised combined,0.5,0.2777777777777778,True
friedman_microcosm_2017,14,0.4,4,10,5,3,3,3,Supervised combined,0.4166666666666667,0.05555555555555556,True
friedman_microcosm_2017,14,0.6,6,10,5,3,3,3,Supervised combined,0.5,0.2777777777777778,True
friedman_microcosm_2017,14,0.8,8,10,5,3,3,3,Supervised combined,0.4166666666666667,0.05555555555555556,True
friedman_microcosm_2017,15,0.0,0,10,5,3,3,2,PLNNetwork,0.29166666666666663,0.25,False
friedman_microcosm_2017,15,0.0,0,10,5,3,3,2,Poisson GLMNet,0.41666666666666663,0.5,False
friedman_microcosm_2017,15,0.0,0,10,5,3,3,2,SparCC,0.29166666666666663,0.25,False
friedman_microcosm_2017,15,0.0,0,10,5,3,3,2,Mean rank,0.41666666666666663,0.5,False
friedman_microcosm_2017,15,0.0,0,10,5,3,3,2,SPIEC-EASI,0.3333333333333333,0.5,False
friedman_microcosm_2017,15,0.2,2,10,5,3,3,2,Supervised combined,0.3333333333333333,0.5,False
friedman_microcosm_2017,15,0.4,4,10,5,3,3,2,Supervised combined,0.5,0.75,True
friedman_microcosm_2017,15,0.6,6,10,5,3,3,2,Supervised combined,0.5,0.75,True
friedman_microcosm_2017,15,0.8,8,10,5,3,3,2,Supervised combined,0.5,0.75,True
friedman_microcosm_2017,16,0.0,0,10,5,3,3,4,PLNNetwork,0.5833333333333333,0.25,False
friedman_microcosm_2017,16,0.0,0,10,5,3,3,4,Poisson GLMNet,0.5833333333333333,0.25,False
friedman_microcosm_2017,16,0.0,0,10,5,3,3,4,SparCC,0.5833333333333333,0.25,False
friedman_microcosm_2017,16,0.0,0,10,5,3,3,4,Mean rank,0.5833333333333333,0.25,False
friedman_microcosm_2017,16,0.0,0,10,5,3,3,4,SPIEC-EASI,0.6666666666666666,0.5,False
friedman_microcosm_2017,16,0.2,2,10,5,3,3,4,Supervised combined,0.6666666666666666,0.5,True
friedman_microcosm_2017,16,0.4,4,10,5,3,3,4,Supervised combined,0.6666666666666666,0.5,True
friedman_microcosm_2017,16,0.6,6,10,5,3,3,4,Supervised combined,0.6666666666666666,0.5,True
friedman_microcosm_2017,16,0.8,8,10,5,3,3,4,Supervised combined,0.6666666666666666,0.5,True
friedman_microcosm_2017,17,0.0,0,10,5,3,3,4,PLNNetwork,0.5833333333333333,0.25,False
friedman_microcosm_2017,17,0.0,0,10,5,3,3,4,Poisson GLMNet,0.6666666666666666,0.5,False
friedman_microcosm_2017,17,0.0,0,10,5,3,3,4,SparCC,0.8541666666666666,0.75,False
friedman_microcosm_2017,17,0.0,0,10,5,3,3,4,Mean rank,0.6666666666666666,0.5,False
friedman_microcosm_2017,17,0.0,0,10,5,3,3,4,SPIEC-EASI,0.6666666666666666,0.5,False
friedman_microcosm_2017,17,0.2,2,10,5,3,3,4,Supervised combined,0.8541666666666666,0.75,True
friedman_microcosm_2017,17,0.4,4,10,5,3,3,4,Supervised combined,0.5833333333333333,0.25,True
friedman_microcosm_2017,17,0.6,6,10,5,3,3,4,Supervised combined,0.6666666666666666,0.5,True
friedman_microcosm_2017,17,0.8,8,10,5,3,3,4,Supervised combined,0.6666666666666666,0.5,True
friedman_microcosm_2017,18,0.0,0,10,5,3,3,4,PLNNetwork,0.6666666666666666,0.5,False
friedman_microcosm_2017,18,0.0,0,10,5,3,3,4,Poisson GLMNet,0.6666666666666666,0.5,False
friedman_microcosm_2017,18,0.0,0,10,5,3,3,4,SparCC,0.6666666666666666,0.5,False
friedman_microcosm_2017,18,0.0,0,10,5,3,3,4,Mean rank,0.6666666666666666,0.5,False
friedman_microcosm_2017,18,0.0,0,10,5,3,3,4,SPIEC-EASI,0.625,0.375,False
friedman_microcosm_2017,18,0.2,2,10,5,3,3,4,Supervised combined,0.5833333333333333,0.25,True
friedman_microcosm_2017,18,0.4,4,10,5,3,3,4,Supervised combined,0.6666666666666666,0.5,True
friedman_microcosm_2017,18,0.6,6,10,5,3,3,4,Supervised combined,0.8541666666666666,0.75,True
friedman_microcosm_2017,18,0.8,8,10,5,3,3,4,Supervised combined,0.8541666666666666,0.75,True
friedman_microcosm_2017,19,0.0,0,10,5,3,3,3,PLNNetwork,0.5,0.5,False
friedman_microcosm_2017,19,0.0,0,10,5,3,3,3,Poisson GLMNet,0.5,0.5,False
friedman_microcosm_2017,19,0.0,0,10,5,3,3,3,SparCC,0.5,0.5,False
friedman_microcosm_2017,19,0.0,0,10,5,3,3,3,Mean rank,0.5,0.5,False
friedman_microcosm_2017,19,0.0,0,10,5,3,3,3,SPIEC-EASI,0.5,0.5,False
friedman_microcosm_2017,19,0.2,2,10,5,3,3,3,Supervised combined,0.5,0.5,True
friedman_microcosm_2017,19,0.4,4,10,5,3,3,3,Supervised combined,0.5,0.5,True
friedman_microcosm_2017,19,0.6,6,10,5,3,3,3,Supervised combined,0.5,0.5,True
friedman_microcosm_2017,19,0.8,8,10,5,3,3,3,Supervised combined,0.5,0.5,True
friedman_microcosm_2017,20,0.0,0,10,5,3,3,3,PLNNetwork,0.5,0.5,False
friedman_microcosm_2017,20,0.0,0,10,5,3,3,3,Poisson GLMNet,0.5,0.5,False
friedman_microcosm_2017,20,0.0,0,10,5,3,3,3,SparCC,0.5,0.5,False
friedman_microcosm_2017,20,0.0,0,10,5,3,3,3,Mean rank,0.5,0.5,False
friedman_microcosm_2017,20,0.0,0,10,5,3,3,3,SPIEC-EASI,0.5,0.5,False
friedman_microcosm_2017,20,0.2,2,10,5,3,3,3,Supervised combined,0.5,0.5,True
friedman_microcosm_2017,20,0.4,4,10,5,3,3,3,Supervised combined,0.5,0.5,True
friedman_microcosm_2017,20,0.6,6,10,5,3,3,3,Supervised combined,0.5,0.5,True
friedman_microcosm_2017,20,0.8,8,10,5,3,3,3,Supervised combined,0.5,0.5,True
friedman_microcosm_2017,21,0.0,0,10,5,3,3,3,PLNNetwork,0.5,0.5,False
friedman_microcosm_2017,21,0.0,0,10,5,3,3,3,Poisson GLMNet,0.5,0.5,False
friedman_microcosm_2017,21,0.0,0,10,5,3,3,3,SparCC,0.5,0.5,False
friedman_microcosm_2017,21,0.0,0,10,5,3,3,3,Mean rank,0.5,0.5,False
friedman_microcosm_2017,21,0.0,0,10,5,3,3,3,SPIEC-EASI,0.5,0.5,False
friedman_microcosm_2017,21,0.2,2,10,5,3,3,3,Supervised combined,0.5,0.5,True
friedman_microcosm_2017,21,0.4,4,10,5,3,3,3,Supervised combined,0.5,0.5,True
friedman_microcosm_2017,21,0.6,6,10,5,3,3,3,Supervised combined,0.5,0.5,True
friedman_microcosm_2017,21,0.8,8,10,5,3,3,3,Supervised combined,0.5,0.5,True
friedman_microcosm_2017,22,0.0,0,10,5,3,3,3,PLNNetwork,0.5,0.5,False
friedman_microcosm_2017,22,0.0,0,10,5,3,3,3,Poisson GLMNet,0.5,0.5,False
friedman_microcosm_2017,22,0.0,0,10,5,3,3,3,SparCC,0.5,0.5,False
friedman_microcosm_2017,22,0.0,0,10,5,3,3,3,Mean rank,0.5,0.5,False
friedman_microcosm_2017,22,0.0,0,10,5,3,3,3,SPIEC-EASI,0.5,0.5,False
friedman_microcosm_2017,22,0.2,2,10,5,3,3,3,Supervised combined,0.5,0.5,True
friedman_microcosm_2017,22,0.4,4,10,5,3,3,3,Supervised combined,0.5,0.5,True
friedman_microcosm_2017,22,0.6,6,10,5,3,3,3,Supervised combined,0.5,0.5,True
friedman_microcosm_2017,22,0.8,8,10,5,3,3,3,Supervised combined,0.5,0.5,True
friedman_microcosm_2017,23,0.0,0,10,5,3,3,5,PLNNetwork,0.9666666666666667,0.9,False
friedman_microcosm_2017,23,0.0,0,10,5,3,3,5,Poisson GLMNet,0.8833333333333333,0.5,False
friedman_microcosm_2017,23,0.0,0,10,5,3,3,5,SparCC,0.8833333333333333,0.5,False
friedman_microcosm_2017,23,0.0,0,10,5,3,3,5,Mean rank,0.9666666666666667,0.9,False
friedman_microcosm_2017,23,0.0,0,10,5,3,3,5,SPIEC-EASI,0.8333333333333334,0.5,False
friedman_microcosm_2017,23,0.2,2,10,5,3,3,5,Supervised combined,0.8333333333333334,0.5,True
friedman_microcosm_2017,23,0.4,4,10,5,3,3,5,Supervised combined,0.8333333333333334,0.5,True
friedman_microcosm_2017,23,0.6,6,10,5,3,3,5,Supervised combined,0.9666666666666667,0.9,True
friedman_microcosm_2017,23,0.8,8,10,5,3,3,5,Supervised combined,0.9666666666666667,0.9,True
friedman_microcosm_2017,24,0.0,0,10,5,3,3,4,PLNNetwork,0.5833333333333333,0.25,False
friedman_microcosm_2017,24,0.0,0,10,5,3,3,4,Poisson GLMNet,0.6666666666666666,0.5,False
friedman_microcosm_2017,24,0.0,0,10,5,3,3,4,SparCC,0.8541666666666666,0.75,False
friedman_microcosm_2017,24,0.0,0,10,5,3,3,4,Mean rank,0.6666666666666666,0.5,False
friedman_microcosm_2017,24,0.0,0,10,5,3,3,4,SPIEC-EASI,0.625,0.375,False
friedman_microcosm_2017,24,0.2,2,10,5,3,3,4,Supervised combined,0.6666666666666666,0.5,True
friedman_microcosm_2017,24,0.4,4,10,5,3,3,4,Supervised combined,0.6666666666666666,0.5,True
friedman_microcosm_2017,24,0.6,6,10,5,3,3,4,Supervised combined,0.6666666666666666,0.5,True
friedman_microcosm_2017,24,0.8,8,10,5,3,3,4,Supervised combined,0.6666666666666666,0.5,True
friedman_microcosm_2017,25,0.0,0,10,5,3,3,4,PLNNetwork,0.8541666666666666,0.75,False
friedman_microcosm_2017,25,0.0,0,10,5,3,3,4,Poisson GLMNet,0.5833333333333333,0.25,False
friedman_microcosm_2017,25,0.0,0,10,5,3,3,4,SparCC,0.8541666666666666,0.75,False
friedman_microcosm_2017,25,0.0,0,10,5,3,3,4,Mean rank,0.8541666666666666,0.75,False
friedman_microcosm_2017,25,0.0,0,10,5,3,3,4,SPIEC-EASI,0.6666666666666666,0.5,False
friedman_microcosm_2017,25,0.2,2,10,5,3,3,4,Supervised combined,0.5833333333333333,0.25,True
friedman_microcosm_2017,25,0.4,4,10,5,3,3,4,Supervised combined,0.5833333333333333,0.25,True
friedman_microcosm_2017,25,0.6,6,10,5,3,3,4,Supervised combined,0.5833333333333333,0.25,True
friedman_microcosm_2017,25,0.8,8,10,5,3,3,4,Supervised combined,0.5833333333333333,0.25,True
friedman_microcosm_2017,26,0.0,0,10,5,3,3,4,PLNNetwork,0.5833333333333333,0.25,False
friedman_microcosm_2017,26,0.0,0,10,5,3,3,4,Poisson GLMNet,0.6666666666666666,0.5,False
friedman_microcosm_2017,26,0.0,0,10,5,3,3,4,SparCC,0.8541666666666666,0.75,False
friedman_microcosm_2017,26,0.0,0,10,5,3,3,4,Mean rank,0.6666666666666666,0.5,False
friedman_microcosm_2017,26,0.0,0,10,5,3,3,4,SPIEC-EASI,0.625,0.375,False
friedman_microcosm_2017,26,0.2,2,10,5,3,3,4,Supervised combined,0.6666666666666666,0.5,True
friedman_microcosm_2017,26,0.4,4,10,5,3,3,4,Supervised combined,0.8541666666666666,0.75,True
friedman_microcosm_2017,26,0.6,6,10,5,3,3,4,Supervised combined,0.8541666666666666,0.75,True
friedman_microcosm_2017,26,0.8,8,10,5,3,3,4,Supervised combined,0.8541666666666666,0.75,True
friedman_microcosm_2017,27,0.0,0,10,5,3,3,3,PLNNetwork,0.5,0.5,False
friedman_microcosm_2017,27,0.0,0,10,5,3,3,3,Poisson GLMNet,0.5,0.5,False
friedman_microcosm_2017,27,0.0,0,10,5,3,3,3,SparCC,0.5,0.5,False
friedman_microcosm_2017,27,0.0,0,10,5,3,3,3,Mean rank,0.5,0.5,False
friedman_microcosm_2017,27,0.0,0,10,5,3,3,3,SPIEC-EASI,0.5,0.5,False
friedman_microcosm_2017,27,0.2,2,10,5,3,3,3,Supervised combined,0.5,0.5,True
friedman_microcosm_2017,27,0.4,4,10,5,3,3,3,Supervised combined,0.5,0.5,True
friedman_microcosm_2017,27,0.6,6,10,5,3,3,3,Supervised combined,0.5,0.5,True
friedman_microcosm_2017,27,0.8,8,10,5,3,3,3,Supervised combined,0.5,0.5,True
friedman_microcosm_2017,28,0.0,0,10,5,3,3,3,PLNNetwork,0.5,0.5,False
friedman_microcosm_2017,28,0.0,0,10,5,3,3,3,Poisson GLMNet,0.5,0.5,False
friedman_microcosm_2017,28,0.0,0,10,5,3,3,3,SparCC,0.5,0.5,False
friedman_microcosm_2017,28,0.0,0,10,5,3,3,3,Mean rank,0.5,0.5,False
friedman_microcosm_2017,28,0.0,0,10,5,3,3,3,SPIEC-EASI,0.5,0.5,False
friedman_microcosm_2017,28,0.2,2,10,5,3,3,3,Supervised combined,0.5,0.5,True
friedman_microcosm_2017,28,0.4,4,10,5,3,3,3,Supervised combined,0.5,0.5,True
friedman_microcosm_2017,28,0.6,6,10,5,3,3,3,Supervised combined,0.5,0.5,True
friedman_microcosm_2017,28,0.8,8,10,5,3,3,3,Supervised combined,0.5,0.5,True
friedman_microcosm_2017,29,0.0,0,10,5,3,3,2,PLNNetwork,0.5,0.75,False
friedman_microcosm_2017,29,0.0,0,10,5,3,3,2,Poisson GLMNet,0.5,0.75,False
friedman_microcosm_2017,29,0.0,0,10,5,3,3,2,SparCC,0.29166666666666663,0.25,False
friedman_microcosm_2017,29,0.0,0,10,5,3,3,2,Mean rank,0.5,0.75,False
friedman_microcosm_2017,29,0.0,0,10,5,3,3,2,SPIEC-EASI,0.3333333333333333,0.5,False
friedman_microcosm_2017,29,0.2,2,10,5,3,3,2,Supervised combined,0.5,0.75,True
friedman_microcosm_2017,29,0.4,4,10,5,3,3,2,Supervised combined,0.5,0.75,True
friedman_microcosm_2017,29,0.6,6,10,5,3,3,2,Supervised combined,0.5,0.75,True
friedman_microcosm_2017,29,0.8,8,10,5,3,3,2,Supervised combined,0.5,0.75,True
friedman_microcosm_2017,30,0.0,0,10,5,3,3,4,PLNNetwork,0.6666666666666666,0.5,False
friedman_microcosm_2017,30,0.0,0,10,5,3,3,4,Poisson GLMNet,0.8541666666666666,0.75,False
friedman_microcosm_2017,30,0.0,0,10,5,3,3,4,SparCC,0.8541666666666666,0.75,False
friedman_microcosm_2017,30,0.0,0,10,5,3,3,4,Mean rank,0.8541666666666666,0.75,False
friedman_microcosm_2017,30,0.0,0,10,5,3,3,4,SPIEC-EASI,0.6666666666666666,0.5,False
friedman_microcosm_2017,30,0.2,2,10,5,3,3,4,Supervised combined,0.6666666666666666,0.5,True
friedman_microcosm_2017,30,0.4,4,10,5,3,3,4,Supervised combined,0.6666666666666666,0.5,True
friedman_microcosm_2017,30,0.6,6,10,5,3,3,4,Supervised combined,0.6666666666666666,0.5,True
friedman_microcosm_2017,30,0.8,8,10,5,3,3,4,Supervised combined,0.6666666666666666,0.5,True
friedman_microcosm_2017,31,0.0,0,10,5,3,3,3,PLNNetwork,0.5,0.5,False
friedman_microcosm_2017,31,0.0,0,10,5,3,3,3,Poisson GLMNet,0.5,0.5,False
friedman_microcosm_2017,31,0.0,0,10,5,3,3,3,SparCC,0.5,0.5,False
friedman_microcosm_2017,31,0.0,0,10,5,3,3,3,Mean rank,0.5,0.5,False
friedman_microcosm_2017,31,0.0,0,10,5,3,3,3,SPIEC-EASI,0.5,0.5,False
friedman_microcosm_2017,31,0.2,2,10,5,3,3,3,Supervised combined,0.5,0.5,True
friedman_microcosm_2017,31,0.4,4,10,5,3,3,3,Supervised combined,0.5,0.5,True
friedman_microcosm_2017,31,0.6,6,10,5,3,3,3,Supervised combined,0.5,0.5,True
friedman_microcosm_2017,31,0.8,8,10,5,3,3,3,Supervised combined,0.5,0.5,True
friedman_microcosm_2017,32,0.0,0,10,5,3,3,3,PLNNetwork,0.5,0.5,False
friedman_microcosm_2017,32,0.0,0,10,5,3,3,3,Poisson GLMNet,0.5,0.5,False
friedman_microcosm_2017,32,0.0,0,10,5,3,3,3,SparCC,0.5,0.5,False
friedman_microcosm_2017,32,0.0,0,10,5,3,3,3,Mean rank,0.5,0.5,False
friedman_microcosm_2017,32,0.0,0,10,5,3,3,3,SPIEC-EASI,0.5,0.5,False
friedman_microcosm_2017,32,0.2,2,10,5,3,3,3,Supervised combined,0.5,0.5,True
friedman_microcosm_2017,32,0.4,4,10,5,3,3,3,Supervised combined,0.5,0.5,True
friedman_microcosm_2017,32,0.6,6,10,5,3,3,3,Supervised combined,0.5,0.5,True
friedman_microcosm_2017,32,0.8,8,10,5,3,3,3,Supervised combined,0.5,0.5,True
friedman_microcosm_2017,33,0.0,0,10,5,3,3,3,PLNNetwork,0.5,0.5,False
friedman_microcosm_2017,33,0.0,0,10,5,3,3,3,Poisson GLMNet,0.5,0.5,False
friedman_microcosm_2017,33,0.0,0,10,5,3,3,3,SparCC,0.5,0.5,False
friedman_microcosm_2017,33,0.0,0,10,5,3,3,3,Mean rank,0.5,0.5,False
friedman_microcosm_2017,33,0.0,0,10,5,3,3,3,SPIEC-EASI,0.5,0.5,False
friedman_microcosm_2017,33,0.2,2,10,5,3,3,3,Supervised combined,0.5,0.5,True
friedman_microcosm_2017,33,0.4,4,10,5,3,3,3,Supervised combined,0.5,0.5,True
friedman_microcosm_2017,33,0.6,6,10,5,3,3,3,Supervised combined,0.5,0.5,True
friedman_microcosm_2017,33,0.8,8,10,5,3,3,3,Supervised combined,0.5,0.5,True
friedman_microcosm_2017,34,0.0,0,10,5,3,3,3,PLNNetwork,0.9166666666666666,0.9444444444444444,False
friedman_microcosm_2017,34,0.0,0,10,5,3,3,3,Poisson GLMNet,0.4166666666666667,0.05555555555555556,False
friedman_microcosm_2017,34,0.0,0,10,5,3,3,3,SparCC,0.5,0.2777777777777778,False
friedman_microcosm_2017,34,0.0,0,10,5,3,3,3,Mean rank,0.5,0.2777777777777778,False
friedman_microcosm_2017,34,0.0,0,10,5,3,3,3,SPIEC-EASI,0.5,0.5,False
friedman_microcosm_2017,34,0.2,2,10,5,3,3,3,Supervised combined,0.6666666666666666,0.7222222222222223,True
friedman_microcosm_2017,34,0.4,4,10,5,3,3,3,Supervised combined,0.6666666666666666,0.7222222222222223,True
friedman_microcosm_2017,34,0.6,6,10,5,3,3,3,Supervised combined,0.9166666666666666,0.9444444444444444,True
friedman_microcosm_2017,34,0.8,8,10,5,3,3,3,Supervised combined,0.6666666666666666,0.7222222222222223,True
friedman_microcosm_2017,35,0.0,0,10,5,3,3,3,PLNNetwork,0.9166666666666666,0.9444444444444444,False
friedman_microcosm_2017,35,0.0,0,10,5,3,3,3,Poisson GLMNet,0.4166666666666667,0.05555555555555556,False
friedman_microcosm_2017,35,0.0,0,10,5,3,3,3,SparCC,0.5,0.2777777777777778,False
friedman_microcosm_2017,35,0.0,0,10,5,3,3,3,Mean rank,0.5,0.2777777777777778,False
friedman_microcosm_2017,35,0.0,0,10,5,3,3,3,SPIEC-EASI,0.5,0.5,False
friedman_microcosm_2017,35,0.2,2,10,5,3,3,3,Supervised combined,0.4166666666666667,0.05555555555555556,True
friedman_microcosm_2017,35,0.4,4,10,5,3,3,3,Supervised combined,0.6666666666666666,0.7222222222222223,True
friedman_microcosm_2017,35,0.6,6,10,5,3,3,3,Supervised combined,0.6666666666666666,0.7222222222222223,True
friedman_microcosm_2017,35,0.8,8,10,5,3,3,3,Supervised combined,0.6666666666666666,0.7222222222222223,True
friedman_microcosm_2017,36,0.0,0,10,5,3,3,4,PLNNetwork,0.6666666666666666,0.5,False
friedman_microcosm_2017,36,0.0,0,10,5,3,3,4,Poisson GLMNet,0.8541666666666666,0.75,False
friedman_microcosm_2017,36,0.0,0,10,5,3,3,4,SparCC,0.8541666666666666,0.75,False
friedman_microcosm_2017,36,0.0,0,10,5,3,3,4,Mean rank,0.8541666666666666,0.75,False
friedman_microcosm_2017,36,0.0,0,10,5,3,3,4,SPIEC-EASI,0.6666666666666666,0.5,False
friedman_microcosm_2017,36,0.2,2,10,5,3,3,4,Supervised combined,0.8541666666666666,0.75,True
friedman_microcosm_2017,36,0.4,4,10,5,3,3,4,Supervised combined,0.5833333333333333,0.25,True
friedman_microcosm_2017,36,0.6,6,10,5,3,3,4,Supervised combined,0.5833333333333333,0.25,True
friedman_microcosm_2017,36,0.8,8,10,5,3,3,4,Supervised combined,0.5833333333333333,0.25,True
friedman_microcosm_2017,37,0.0,0,10,5,3,3,3,PLNNetwork,0.5,0.5,False
friedman_microcosm_2017,37,0.0,0,10,5,3,3,3,Poisson GLMNet,0.5,0.5,False
friedman_microcosm_2017,37,0.0,0,10,5,3,3,3,SparCC,0.5,0.5,False
friedman_microcosm_2017,37,0.0,0,10,5,3,3,3,Mean rank,0.5,0.5,False
friedman_microcosm_2017,37,0.0,0,10,5,3,3,3,SPIEC-EASI,0.5,0.5,False
friedman_microcosm_2017,37,0.2,2,10,5,3,3,3,Supervised combined,0.5,0.5,True
friedman_microcosm_2017,37,0.4,4,10,5,3,3,3,Supervised combined,0.5,0.5,True
friedman_microcosm_2017,37,0.6,6,10,5,3,3,3,Supervised combined,0.5,0.5,True
friedman_microcosm_2017,37,0.8,8,10,5,3,3,3,Supervised combined,0.5,0.5,True
friedman_microcosm_2017,38,0.0,0,10,5,3,3,3,PLNNetwork,0.5,0.5,False
friedman_microcosm_2017,38,0.0,0,10,5,3,3,3,Poisson GLMNet,0.5,0.5,False
friedman_microcosm_2017,38,0.0,0,10,5,3,3,3,SparCC,0.5,0.5,False
friedman_microcosm_2017,38,0.0,0,10,5,3,3,3,Mean rank,0.5,0.5,False
friedman_microcosm_2017,38,0.0,0,10,5,3,3,3,SPIEC-EASI,0.5,0.5,False
friedman_microcosm_2017,38,0.2,2,10,5,3,3,3,Supervised combined,0.5,0.5,True
friedman_microcosm_2017,38,0.4,4,10,5,3,3,3,Supervised combined,0.5,0.5,True
friedman_microcosm_2017,38,0.6,6,10,5,3,3,3,Supervised combined,0.5,0.5,True
friedman_microcosm_2017,38,0.8,8,10,5,3,3,3,Supervised combined,0.5,0.5,True
friedman_microcosm_2017,39,0.0,0,10,5,3,3,4,PLNNetwork,0.6666666666666666,0.5,False
friedman_microcosm_2017,39,0.0,0,10,5,3,3,4,Poisson GLMNet,0.8541666666666666,0.75,False
friedman_microcosm_2017,39,0.0,0,10,5,3,3,4,SparCC,0.8541666666666666,0.75,False
friedman_microcosm_2017,39,0.0,0,10,5,3,3,4,Mean rank,0.8541666666666666,0.75,False
friedman_microcosm_2017,39,0.0,0,10,5,3,3,4,SPIEC-EASI,0.6666666666666666,0.5,False
friedman_microcosm_2017,39,0.2,2,10,5,3,3,4,Supervised combined,0.5833333333333333,0.25,True
friedman_microcosm_2017,39,0.4,4,10,5,3,3,4,Supervised combined,0.8541666666666666,0.75,True
friedman_microcosm_2017,39,0.6,6,10,5,3,3,4,Supervised combined,0.8541666666666666,0.75,True
friedman_microcosm_2017,39,0.8,8,10,5,3,3,4,Supervised combined,0.5833333333333333,0.25,True
friedman_microcosm_2017,40,0.0,0,10,5,3,3,4,PLNNetwork,0.8541666666666666,0.75,False
friedman_microcosm_2017,40,0.0,0,10,5,3,3,4,Poisson GLMNet,0.5833333333333333,0.25,False
friedman_microcosm_2017,40,0.0,0,10,5,3,3,4,SparCC,0.6666666666666666,0.5,False
friedman_microcosm_2017,40,0.0,0,10,5,3,3,4,Mean rank,0.8541666666666666,0.75,False
friedman_microcosm_2017,40,0.0,0,10,5,3,3,4,SPIEC-EASI,0.6666666666666666,0.5,False
friedman_microcosm_2017,40,0.2,2,10,5,3,3,4,Supervised combined,0.5833333333333333,0.25,True
friedman_microcosm_2017,40,0.4,4,10,5,3,3,4,Supervised combined,0.5833333333333333,0.25,True
friedman_microcosm_2017,40,0.6,6,10,5,3,3,4,Supervised combined,0.6666666666666666,0.5,True
friedman_microcosm_2017,40,0.8,8,10,5,3,3,4,Supervised combined,0.6666666666666666,0.5,True
friedman_microcosm_2017,41,0.0,0,10,5,3,3,4,PLNNetwork,0.5833333333333333,0.25,False
friedman_microcosm_2017,41,0.0,0,10,5,3,3,4,Poisson GLMNet,0.8541666666666666,0.75,False
friedman_microcosm_2017,41,0.0,0,10,5,3,3,4,SparCC,0.6666666666666666,0.5,False
friedman_microcosm_2017,41,0.0,0,10,5,3,3,4,Mean rank,0.6666666666666666,0.5,False
friedman_microcosm_2017,41,0.0,0,10,5,3,3,4,SPIEC-EASI,0.6666666666666666,0.5,False
friedman_microcosm_2017,41,0.2,2,10,5,3,3,4,Supervised combined,0.8541666666666666,0.75,True
friedman_microcosm_2017,41,0.4,4,10,5,3,3,4,Supervised combined,0.8541666666666666,0.75,True
friedman_microcosm_2017,41,0.6,6,10,5,3,3,4,Supervised combined,0.6666666666666666,0.5,True
friedman_microcosm_2017,41,0.8,8,10,5,3,3,4,Supervised combined,0.8541666666666666,0.75,True
friedman_microcosm_2017,42,0.0,0,10,5,3,3,4,PLNNetwork,0.8541666666666666,0.75,False
friedman_microcosm_2017,42,0.0,0,10,5,3,3,4,Poisson GLMNet,0.6666666666666666,0.5,False
friedman_microcosm_2017,42,0.0,0,10,5,3,3,4,SparCC,0.6666666666666666,0.5,False
friedman_microcosm_2017,42,0.0,0,10,5,3,3,4,Mean rank,0.6666666666666666,0.5,False
friedman_microcosm_2017,42,0.0,0,10,5,3,3,4,SPIEC-EASI,0.6666666666666666,0.5,False
friedman_microcosm_2017,42,0.2,2,10,5,3,3,4,Supervised combined,0.5833333333333333,0.25,True
friedman_microcosm_2017,42,0.4,4,10,5,3,3,4,Supervised combined,0.5833333333333333,0.25,True
friedman_microcosm_2017,42,0.6,6,10,5,3,3,4,Supervised combined,0.5833333333333333,0.25,True
friedman_microcosm_2017,42,0.8,8,10,5,3,3,4,Supervised combined,0.6666666666666666,0.5,True
friedman_microcosm_2017,43,0.0,0,10,5,3,3,4,PLNNetwork,0.8541666666666666,0.75,False
friedman_microcosm_2017,43,0.0,0,10,5,3,3,4,Poisson GLMNet,0.5833333333333333,0.25,False
friedman_microcosm_2017,43,0.0,0,10,5,3,3,4,SparCC,0.5833333333333333,0.25,False
friedman_microcosm_2017,43,0.0,0,10,5,3,3,4,Mean rank,0.5833333333333333,0.25,False
friedman_microcosm_2017,43,0.0,0,10,5,3,3,4,SPIEC-EASI,0.6666666666666666,0.5,False
friedman_microcosm_2017,43,0.2,2,10,5,3,3,4,Supervised combined,0.6666666666666666,0.5,True
friedman_microcosm_2017,43,0.4,4,10,5,3,3,4,Supervised combined,0.8541666666666666,0.75,True
friedman_microcosm_2017,43,0.6,6,10,5,3,3,4,Supervised combined,0.8541666666666666,0.75,True
friedman_microcosm_2017,43,0.8,8,10,5,3,3,4,Supervised combined,0.8541666666666666,0.75,True
friedman_microcosm_2017,44,0.0,0,10,5,3,3,4,PLNNetwork,0.8541666666666666,0.75,False
friedman_microcosm_2017,44,0.0,0,10,5,3,3,4,Poisson GLMNet,0.5833333333333333,0.25,False
friedman_microcosm_2017,44,0.0,0,10,5,3,3,4,SparCC,0.8541666666666666,0.75,False
friedman_microcosm_2017,44,0.0,0,10,5,3,3,4,Mean rank,0.8541666666666666,0.75,False
friedman_microcosm_2017,44,0.0,0,10,5,3,3,4,SPIEC-EASI,0.6666666666666666,0.5,False
friedman_microcosm_2017,44,0.2,2,10,5,3,3,4,Supervised combined,0.5833333333333333,0.25,True
friedman_microcosm_2017,44,0.4,4,10,5,3,3,4,Supervised combined,0.5833333333333333,0.25,True
friedman_microcosm_2017,44,0.6,6,10,5,3,3,4,Supervised combined,0.5833333333333333,0.25,True
friedman_microcosm_2017,44,0.8,8,10,5,3,3,4,Supervised combined,0.5833333333333333,0.25,True
friedman_microcosm_2017,45,0.0,0,10,5,3,3,3,PLNNetwork,0.5,0.2777777777777778,False
friedman_microcosm_2017,45,0.0,0,10,5,3,3,3,Poisson GLMNet,0.8333333333333333,0.7222222222222222,False
friedman_microcosm_2017,45,0.0,0,10,5,3,3,3,SparCC,0.9166666666666666,0.9444444444444444,False
friedman_microcosm_2017,45,0.0,0,10,5,3,3,3,Mean rank,0.8333333333333333,0.7222222222222222,False
friedman_microcosm_2017,45,0.0,0,10,5,3,3,3,SPIEC-EASI,0.5,0.5,False
friedman_microcosm_2017,45,0.2,2,10,5,3,3,3,Supervised combined,0.5,0.5,True
friedman_microcosm_2017,45,0.4,4,10,5,3,3,3,Supervised combined,0.5,0.5,True
friedman_microcosm_2017,45,0.6,6,10,5,3,3,3,Supervised combined,0.8333333333333333,0.7222222222222222,True
friedman_microcosm_2017,45,0.8,8,10,5,3,3,3,Supervised combined,0.8333333333333333,0.7222222222222222,True
friedman_microcosm_2017,46,0.0,0,10,5,3,3,4,PLNNetwork,0.6666666666666666,0.5,False
friedman_microcosm_2017,46,0.0,0,10,5,3,3,4,Poisson GLMNet,0.8541666666666666,0.75,False
friedman_microcosm_2017,46,0.0,0,10,5,3,3,4,SparCC,0.8541666666666666,0.75,False
friedman_microcosm_2017,46,0.0,0,10,5,3,3,4,Mean rank,0.8541666666666666,0.75,False
friedman_microcosm_2017,46,0.0,0,10,5,3,3,4,SPIEC-EASI,0.6666666666666666,0.5,False
friedman_microcosm_2017,46,0.2,2,10,5,3,3,4,Supervised combined,0.8541666666666666,0.75,True
friedman_microcosm_2017,46,0.4,4,10,5,3,3,4,Supervised combined,0.8541666666666666,0.75,True
friedman_microcosm_2017,46,0.6,6,10,5,3,3,4,Supervised combined,0.8541666666666666,0.75,True
friedman_microcosm_2017,46,0.8,8,10,5,3,3,4,Supervised combined,0.8541666666666666,0.75,True
friedman_microcosm_2017,47,0.0,0,10,5,3,3,4,PLNNetwork,0.8541666666666666,0.75,False
friedman_microcosm_2017,47,0.0,0,10,5,3,3,4,Poisson GLMNet,0.5833333333333333,0.25,False
friedman_microcosm_2017,47,0.0,0,10,5,3,3,4,SparCC,0.8541666666666666,0.75,False
friedman_microcosm_2017,47,0.0,0,10,5,3,3,4,Mean rank,0.8541666666666666,0.75,False
friedman_microcosm_2017,47,0.0,0,10,5,3,3,4,SPIEC-EASI,0.6666666666666666,0.5,False
friedman_microcosm_2017,47,0.2,2,10,5,3,3,4,Supervised combined,0.8541666666666666,0.75,True
friedman_microcosm_2017,47,0.4,4,10,5,3,3,4,Supervised combined,0.6666666666666666,0.5,True
friedman_microcosm_2017,47,0.6,6,10,5,3,3,4,Supervised combined,0.5833333333333333,0.25,True
friedman_microcosm_2017,47,0.8,8,10,5,3,3,4,Supervised combined,0.5833333333333333,0.25,True
friedman_microcosm_2017,48,0.0,0,10,5,3,3,4,PLNNetwork,0.5833333333333333,0.25,False
friedman_microcosm_2017,48,0.0,0,10,5,3,3,4,Poisson GLMNet,0.6666666666666666,0.5,False
friedman_microcosm_2017,48,0.0,0,10,5,3,3,4,SparCC,0.8541666666666666,0.75,False
friedman_microcosm_2017,48,0.0,0,10,5,3,3,4,Mean rank,0.6666666666666666,0.5,False
friedman_microcosm_2017,48,0.0,0,10,5,3,3,4,SPIEC-EASI,0.625,0.375,False
friedman_microcosm_2017,48,0.2,2,10,5,3,3,4,Supervised combined,0.8541666666666666,0.75,True
friedman_microcosm_2017,48,0.4,4,10,5,3,3,4,Supervised combined,0.6666666666666666,0.5,True
friedman_microcosm_2017,48,0.6,6,10,5,3,3,4,Supervised combined,0.8541666666666666,0.75,True
friedman_microcosm_2017,48,0.8,8,10,5,3,3,4,Supervised combined,0.8541666666666666,0.75,True
friedman_microcosm_2017,49,0.0,0,10,5,3,3,4,PLNNetwork,0.6666666666666666,0.5,False
friedman_microcosm_2017,49,0.0,0,10,5,3,3,4,Poisson GLMNet,0.5833333333333333,0.25,False
friedman_microcosm_2017,49,0.0,0,10,5,3,3,4,SparCC,0.5833333333333333,0.25,False
friedman_microcosm_2017,49,0.0,0,10,5,3,3,4,Mean rank,0.5833333333333333,0.25,False
friedman_microcosm_2017,49,0.0,0,10,5,3,3,4,SPIEC-EASI,0.6666666666666666,0.5,False
friedman_microcosm_2017,49,0.2,2,10,5,3,3,4,Supervised combined,0.6666666666666666,0.5,False
friedman_microcosm_2017,49,0.4,4,10,5,3,3,4,Supervised combined,0.8541666666666666,0.75,True
friedman_microcosm_2017,49,0.6,6,10,5,3,3,4,Supervised combined,0.8541666666666666,0.75,True
friedman_microcosm_2017,49,0.8,8,10,5,3,3,4,Supervised combined,0.8541666666666666,0.75,True
friedman_microcosm_2017,50,0.0,0,10,5,3,3,2,PLNNetwork,0.5,0.75,False
friedman_microcosm_2017,50,0.0,0,10,5,3,3,2,Poisson GLMNet,0.41666666666666663,0.5,False
friedman_microcosm_2017,50,0.0,0,10,5,3,3,2,SparCC,0.5,0.75,False
friedman_microcosm_2017,50,0.0,0,10,5,3,3,2,Mean rank,0.5,0.75,False
friedman_microcosm_2017,50,0.0,0,10,5,3,3,2,SPIEC-EASI,0.41666666666666663,0.625,False
friedman_microcosm_2017,50,0.2,2,10,5,3,3,2,Supervised combined,0.29166666666666663,0.25,True
friedman_microcosm_2017,50,0.4,4,10,5,3,3,2,Supervised combined,0.29166666666666663,0.25,True
friedman_microcosm_2017,50,0.6,6,10,5,3,3,2,Supervised combined,0.29166666666666663,0.25,True
friedman_microcosm_2017,50,0.8,8,10,5,3,3,2,Supervised combined,0.29166666666666663,0.25,True
friedman_microcosm_2017,51,0.0,0,10,5,3,3,3,PLNNetwork,0.5,0.5,False
friedman_microcosm_2017,51,0.0,0,10,5,3,3,3,Poisson GLMNet,0.5,0.5,False
friedman_microcosm_2017,51,0.0,0,10,5,3,3,3,SparCC,0.5,0.5,False
friedman_microcosm_2017,51,0.0,0,10,5,3,3,3,Mean rank,0.5,0.5,False
friedman_microcosm_2017,51,0.0,0,10,5,3,3,3,SPIEC-EASI,0.5,0.5,False
friedman_microcosm_2017,51,0.2,2,10,5,3,3,3,Supervised combined,0.5,0.5,True
friedman_microcosm_2017,51,0.4,4,10,5,3,3,3,Supervised combined,0.5,0.5,True
friedman_microcosm_2017,51,0.6,6,10,5,3,3,3,Supervised combined,0.5,0.5,True
friedman_microcosm_2017,51,0.8,8,10,5,3,3,3,Supervised combined,0.5,0.5,True
friedman_microcosm_2017,52,0.0,0,10,5,3,3,4,PLNNetwork,0.6666666666666666,0.5,False
friedman_microcosm_2017,52,0.0,0,10,5,3,3,4,Poisson GLMNet,0.5833333333333333,0.25,False
friedman_microcosm_2017,52,0.0,0,10,5,3,3,4,SparCC,0.5833333333333333,0.25,False
friedman_microcosm_2017,52,0.0,0,10,5,3,3,4,Mean rank,0.5833333333333333,0.25,False
friedman_microcosm_2017,52,0.0,0,10,5,3,3,4,SPIEC-EASI,0.6666666666666666,0.5,False
friedman_microcosm_2017,52,0.2,2,10,5,3,3,4,Supervised combined,0.6666666666666666,0.5,True
friedman_microcosm_2017,52,0.4,4,10,5,3,3,4,Supervised combined,0.5833333333333333,0.25,True
friedman_microcosm_2017,52,0.6,6,10,5,3,3,4,Supervised combined,0.8541666666666666,0.75,True
friedman_microcosm_2017,52,0.8,8,10,5,3,3,4,Supervised combined,0.6666666666666666,0.5,True
friedman_microcosm_2017,53,0.0,0,10,5,3,3,3,PLNNetwork,0.5,0.5,False
friedman_microcosm_2017,53,0.0,0,10,5,3,3,3,Poisson GLMNet,0.5,0.5,False
friedman_microcosm_2017,53,0.0,0,10,5,3,3,3,SparCC,0.5,0.5,False
friedman_microcosm_2017,53,0.0,0,10,5,3,3,3,Mean rank,0.5,0.5,False
friedman_microcosm_2017,53,0.0,0,10,5,3,3,3,SPIEC-EASI,0.5,0.5,False
friedman_microcosm_2017,53,0.2,2,10,5,3,3,3,Supervised combined,0.5,0.5,True
friedman_microcosm_2017,53,0.4,4,10,5,3,3,3,Supervised combined,0.5,0.5,True
friedman_microcosm_2017,53,0.6,6,10,5,3,3,3,Supervised combined,0.5,0.5,True
friedman_microcosm_2017,53,0.8,8,10,5,3,3,3,Supervised combined,0.5,0.5,True
friedman_microcosm_2017,54,0.0,0,10,5,3,3,2,PLNNetwork,0.5,0.75,False
friedman_microcosm_2017,54,0.0,0,10,5,3,3,2,Poisson GLMNet,0.41666666666666663,0.5,False
friedman_microcosm_2017,54,0.0,0,10,5,3,3,2,SparCC,0.41666666666666663,0.5,False
friedman_microcosm_2017,54,0.0,0,10,5,3,3,2,Mean rank,0.41666666666666663,0.5,False
friedman_microcosm_2017,54,0.0,0,10,5,3,3,2,SPIEC-EASI,0.3333333333333333,0.5,False
friedman_microcosm_2017,54,0.2,2,10,5,3,3,2,Supervised combined,0.3333333333333333,0.5,False
friedman_microcosm_2017,54,0.4,4,10,5,3,3,2,Supervised combined,0.5,0.75,True
friedman_microcosm_2017,54,0.6,6,10,5,3,3,2,Supervised combined,0.41666666666666663,0.5,True
friedman_microcosm_2017,54,0.8,8,10,5,3,3,2,Supervised combined,0.41666666666666663,0.5,True
friedman_microcosm_2017,55,0.0,0,10,5,3,3,3,PLNNetwork,0.5,0.5,False
friedman_microcosm_2017,55,0.0,0,10,5,3,3,3,Poisson GLMNet,0.5,0.5,False
friedman_microcosm_2017,55,0.0,0,10,5,3,3,3,SparCC,0.5,0.5,False
friedman_microcosm_2017,55,0.0,0,10,5,3,3,3,Mean rank,0.5,0.5,False
friedman_microcosm_2017,55,0.0,0,10,5,3,3,3,SPIEC-EASI,0.5,0.5,False
friedman_microcosm_2017,55,0.2,2,10,5,3,3,3,Supervised combined,0.5,0.5,True
friedman_microcosm_2017,55,0.4,4,10,5,3,3,3,Supervised combined,0.5,0.5,True
friedman_microcosm_2017,55,0.6,6,10,5,3,3,3,Supervised combined,0.5,0.5,True
friedman_microcosm_2017,55,0.8,8,10,5,3,3,3,Supervised combined,0.5,0.5,True
friedman_microcosm_2017,56,0.0,0,10,5,3,3,3,PLNNetwork,0.5,0.5,False
friedman_microcosm_2017,56,0.0,0,10,5,3,3,3,Poisson GLMNet,0.5,0.5,False
friedman_microcosm_2017,56,0.0,0,10,5,3,3,3,SparCC,0.5,0.5,False
friedman_microcosm_2017,56,0.0,0,10,5,3,3,3,Mean rank,0.5,0.5,False
friedman_microcosm_2017,56,0.0,0,10,5,3,3,3,SPIEC-EASI,0.5,0.5,False
friedman_microcosm_2017,56,0.2,2,10,5,3,3,3,Supervised combined,0.5,0.5,True
friedman_microcosm_2017,56,0.4,4,10,5,3,3,3,Supervised combined,0.5,0.5,True
friedman_microcosm_2017,56,0.6,6,10,5,3,3,3,Supervised combined,0.5,0.5,True
friedman_microcosm_2017,56,0.8,8,10,5,3,3,3,Supervised combined,0.5,0.5,True
friedman_microcosm_2017,57,0.0,0,10,5,3,3,2,PLNNetwork,0.5,0.75,False
friedman_microcosm_2017,57,0.0,0,10,5,3,3,2,Poisson GLMNet,0.41666666666666663,0.5,False
friedman_microcosm_2017,57,0.0,0,10,5,3,3,2,SparCC,0.5,0.75,False
friedman_microcosm_2017,57,0.0,0,10,5,3,3,2,Mean rank,0.5,0.75,False
friedman_microcosm_2017,57,0.0,0,10,5,3,3,2,SPIEC-EASI,0.41666666666666663,0.625,False
friedman_microcosm_2017,57,0.2,2,10,5,3,3,2,Supervised combined,0.3333333333333333,0.5,True
friedman_microcosm_2017,57,0.4,4,10,5,3,3,2,Supervised combined,0.3333333333333333,0.5,True
friedman_microcosm_2017,57,0.6,6,10,5,3,3,2,Supervised combined,0.3333333333333333,0.5,True
friedman_microcosm_2017,57,0.8,8,10,5,3,3,2,Supervised combined,0.41666666666666663,0.5,True
friedman_microcosm_2017,58,0.0,0,10,5,3,3,3,PLNNetwork,0.5,0.5,False
friedman_microcosm_2017,58,0.0,0,10,5,3,3,3,Poisson GLMNet,0.5,0.5,False
friedman_microcosm_2017,58,0.0,0,10,5,3,3,3,SparCC,0.5,0.5,False
friedman_microcosm_2017,58,0.0,0,10,5,3,3,3,Mean rank,0.5,0.5,False
friedman_microcosm_2017,58,0.0,0,10,5,3,3,3,SPIEC-EASI,0.5,0.5,False
friedman_microcosm_2017,58,0.2,2,10,5,3,3,3,Supervised combined,0.5,0.5,True
friedman_microcosm_2017,58,0.4,4,10,5,3,3,3,Supervised combined,0.5,0.5,True
friedman_microcosm_2017,58,0.6,6,10,5,3,3,3,Supervised combined,0.5,0.5,True
friedman_microcosm_2017,58,0.8,8,10,5,3,3,3,Supervised combined,0.5,0.5,True
friedman_microcosm_2017,59,0.0,0,10,5,3,3,2,PLNNetwork,0.5,0.75,False
friedman_microcosm_2017,59,0.0,0,10,5,3,3,2,Poisson GLMNet,0.41666666666666663,0.5,False
friedman_microcosm_2017,59,0.0,0,10,5,3,3,2,SparCC,0.41666666666666663,0.5,False
friedman_microcosm_2017,59,0.0,0,10,5,3,3,2,Mean rank,0.41666666666666663,0.5,False
friedman_microcosm_2017,59,0.0,0,10,5,3,3,2,SPIEC-EASI,0.3333333333333333,0.5,False
friedman_microcosm_2017,59,0.2,2,10,5,3,3,2,Supervised combined,0.3333333333333333,0.5,True
friedman_microcosm_2017,59,0.4,4,10,5,3,3,2,Supervised combined,0.5,0.75,True
friedman_microcosm_2017,59,0.6,6,10,5,3,3,2,Supervised combined,0.5,0.75,True
friedman_microcosm_2017,59,0.8,8,10,5,3,3,2,Supervised combined,0.5,0.75,True
friedman_microcosm_2017,60,0.0,0,10,5,3,3,4,PLNNetwork,0.5833333333333333,0.25,False
friedman_microcosm_2017,60,0.0,0,10,5,3,3,4,Poisson GLMNet,0.5833333333333333,0.25,False
friedman_microcosm_2017,60,0.0,0,10,5,3,3,4,SparCC,0.5833333333333333,0.25,False
friedman_microcosm_2017,60,0.0,0,10,5,3,3,4,Mean rank,0.5833333333333333,0.25,False
friedman_microcosm_2017,60,0.0,0,10,5,3,3,4,SPIEC-EASI,0.6666666666666666,0.5,False
friedman_microcosm_2017,60,0.2,2,10,5,3,3,4,Supervised combined,0.6666666666666666,0.5,True
friedman_microcosm_2017,60,0.4,4,10,5,3,3,4,Supervised combined,0.5833333333333333,0.25,True
friedman_microcosm_2017,60,0.6,6,10,5,3,3,4,Supervised combined,0.5833333333333333,0.25,True
friedman_microcosm_2017,60,0.8,8,10,5,3,3,4,Supervised combined,0.5833333333333333,0.25,True
friedman_microcosm_2017,61,0.0,0,10,5,3,3,5,PLNNetwork,0.7333333333333333,0.1,False
friedman_microcosm_2017,61,0.0,0,10,5,3,3,5,Poisson GLMNet,0.8833333333333333,0.5,False
friedman_microcosm_2017,61,0.0,0,10,5,3,3,5,SparCC,0.7333333333333333,0.1,False
friedman_microcosm_2017,61,0.0,0,10,5,3,3,5,Mean rank,0.7333333333333333,0.1,False
friedman_microcosm_2017,61,0.0,0,10,5,3,3,5,SPIEC-EASI,0.8333333333333334,0.5,False
friedman_microcosm_2017,61,0.2,2,10,5,3,3,5,Supervised combined,0.8833333333333333,0.5,True
friedman_microcosm_2017,61,0.4,4,10,5,3,3,5,Supervised combined,0.8833333333333333,0.5,True
friedman_microcosm_2017,61,0.6,6,10,5,3,3,5,Supervised combined,0.8833333333333333,0.5,True
friedman_microcosm_2017,61,0.8,8,10,5,3,3,5,Supervised combined,0.8833333333333333,0.5,True
friedman_microcosm_2017,62,0.0,0,10,5,3,3,4,PLNNetwork,0.5833333333333333,0.25,False
friedman_microcosm_2017,62,0.0,0,10,5,3,3,4,Poisson GLMNet,0.5833333333333333,0.25,False
friedman_microcosm_2017,62,0.0,0,10,5,3,3,4,SparCC,0.5833333333333333,0.25,False
friedman_microcosm_2017,62,0.0,0,10,5,3,3,4,Mean rank,0.5833333333333333,0.25,False
friedman_microcosm_2017,62,0.0,0,10,5,3,3,4,SPIEC-EASI,0.6666666666666666,0.5,False
friedman_microcosm_2017,62,0.2,2,10,5,3,3,4,Supervised combined,0.6666666666666666,0.5,True
friedman_microcosm_2017,62,0.4,4,10,5,3,3,4,Supervised combined,0.5833333333333333,0.25,True
friedman_microcosm_2017,62,0.6,6,10,5,3,3,4,Supervised combined,0.5833333333333333,0.25,True
friedman_microcosm_2017,62,0.8,8,10,5,3,3,4,Supervised combined,0.5833333333333333,0.25,True
friedman_microcosm_2017,63,0.0,0,10,5,3,3,3,PLNNetwork,0.5,0.2777777777777778,False
friedman_microcosm_2017,63,0.0,0,10,5,3,3,3,Poisson GLMNet,0.6666666666666666,0.7222222222222223,False
friedman_microcosm_2017,63,0.0,0,10,5,3,3,3,SparCC,0.8333333333333333,0.7222222222222222,False
friedman_microcosm_2017,63,0.0,0,10,5,3,3,3,Mean rank,0.8333333333333333,0.7222222222222222,False
friedman_microcosm_2017,63,0.0,0,10,5,3,3,3,SPIEC-EASI,0.5,0.5,False
friedman_microcosm_2017,63,0.2,2,10,5,3,3,3,Supervised combined,0.4166666666666667,0.05555555555555556,True
friedman_microcosm_2017,63,0.4,4,10,5,3,3,3,Supervised combined,0.4166666666666667,0.05555555555555556,True
friedman_microcosm_2017,63,0.6,6,10,5,3,3,3,Supervised combined,0.4166666666666667,0.05555555555555556,True
friedman_microcosm_2017,63,0.8,8,10,5,3,3,3,Supervised combined,0.4166666666666667,0.05555555555555556,True
friedman_microcosm_2017,64,0.0,0,10,5,3,3,5,PLNNetwork,0.7333333333333333,0.1,False
friedman_microcosm_2017,64,0.0,0,10,5,3,3,5,Poisson GLMNet,0.8833333333333333,0.5,False
friedman_microcosm_2017,64,0.0,0,10,5,3,3,5,SparCC,0.7333333333333333,0.1,False
friedman_microcosm_2017,64,0.0,0,10,5,3,3,5,Mean rank,0.7333333333333333,0.1,False
friedman_microcosm_2017,64,0.0,0,10,5,3,3,5,SPIEC-EASI,0.8333333333333334,0.5,False
friedman_microcosm_2017,64,0.2,2,10,5,3,3,5,Supervised combined,0.8333333333333334,0.5,True
friedman_microcosm_2017,64,0.4,4,10,5,3,3,5,Supervised combined,0.7333333333333333,0.1,True
friedman_microcosm_2017,64,0.6,6,10,5,3,3,5,Supervised combined,0.7333333333333333,0.1,True
friedman_microcosm_2017,64,0.8,8,10,5,3,3,5,Supervised combined,0.7333333333333333,0.1,True
friedman_microcosm_2017,65,0.0,0,10,5,3,3,5,PLNNetwork,0.7333333333333333,0.1,False
friedman_microcosm_2017,65,0.0,0,10,5,3,3,5,Poisson GLMNet,0.8833333333333333,0.5,False
friedman_microcosm_2017,65,0.0,0,10,5,3,3,5,SparCC,0.9666666666666667,0.9,False
friedman_microcosm_2017,65,0.0,0,10,5,3,3,5,Mean rank,0.9666666666666667,0.9,False
friedman_microcosm_2017,65,0.0,0,10,5,3,3,5,SPIEC-EASI,0.8333333333333334,0.5,False
friedman_microcosm_2017,65,0.2,2,10,5,3,3,5,Supervised combined,0.8333333333333334,0.5,True
friedman_microcosm_2017,65,0.4,4,10,5,3,3,5,Supervised combined,0.8333333333333334,0.5,True
friedman_microcosm_2017,65,0.6,6,10,5,3,3,5,Supervised combined,0.8333333333333334,0.5,True
friedman_microcosm_2017,65,0.8,8,10,5,3,3,5,Supervised combined,0.8333333333333334,0.5,True
friedman_microcosm_2017,66,0.0,0,10,5,3,3,3,PLNNetwork,0.5,0.5,False
friedman_microcosm_2017,66,0.0,0,10,5,3,3,3,Poisson GLMNet,0.5,0.5,False
friedman_microcosm_2017,66,0.0,0,10,5,3,3,3,SparCC,0.5,0.5,False
friedman_microcosm_2017,66,0.0,0,10,5,3,3,3,Mean rank,0.5,0.5,False
friedman_microcosm_2017,66,0.0,0,10,5,3,3,3,SPIEC-EASI,0.5,0.5,False
friedman_microcosm_2017,66,0.2,2,10,5,3,3,3,Supervised combined,0.5,0.5,True
friedman_microcosm_2017,66,0.4,4,10,5,3,3,3,Supervised combined,0.5,0.5,True
friedman_microcosm_2017,66,0.6,6,10,5,3,3,3,Supervised combined,0.5,0.5,True
friedman_microcosm_2017,66,0.8,8,10,5,3,3,3,Supervised combined,0.5,0.5,True
friedman_microcosm_2017,67,0.0,0,10,5,3,3,2,PLNNetwork,0.5,0.75,False
friedman_microcosm_2017,67,0.0,0,10,5,3,3,2,Poisson GLMNet,0.41666666666666663,0.5,False
friedman_microcosm_2017,67,0.0,0,10,5,3,3,2,SparCC,0.41666666666666663,0.5,False
friedman_microcosm_2017,67,0.0,0,10,5,3,3,2,Mean rank,0.41666666666666663,0.5,False
friedman_microcosm_2017,67,0.0,0,10,5,3,3,2,SPIEC-EASI,0.3333333333333333,0.5,False
friedman_microcosm_2017,67,0.2,2,10,5,3,3,2,Supervised combined,0.29166666666666663,0.25,True
friedman_microcosm_2017,67,0.4,4,10,5,3,3,2,Supervised combined,0.5,0.75,True
friedman_microcosm_2017,67,0.6,6,10,5,3,3,2,Supervised combined,0.5,0.75,True
friedman_microcosm_2017,67,0.8,8,10,5,3,3,2,Supervised combined,0.29166666666666663,0.25,True
friedman_microcosm_2017,68,0.0,0,10,5,3,3,4,PLNNetwork,0.6666666666666666,0.5,False
friedman_microcosm_2017,68,0.0,0,10,5,3,3,4,Poisson GLMNet,0.5833333333333333,0.25,False
friedman_microcosm_2017,68,0.0,0,10,5,3,3,4,SparCC,0.6666666666666666,0.5,False
friedman_microcosm_2017,68,0.0,0,10,5,3,3,4,Mean rank,0.6666666666666666,0.5,False
friedman_microcosm_2017,68,0.0,0,10,5,3,3,4,SPIEC-EASI,0.625,0.375,False
friedman_microcosm_2017,68,0.2,2,10,5,3,3,4,Supervised combined,0.6666666666666666,0.5,True
friedman_microcosm_2017,68,0.4,4,10,5,3,3,4,Supervised combined,0.5833333333333333,0.25,True
friedman_microcosm_2017,68,0.6,6,10,5,3,3,4,Supervised combined,0.5833333333333333,0.25,True
friedman_microcosm_2017,68,0.8,8,10,5,3,3,4,Supervised combined,0.5833333333333333,0.25,True
friedman_microcosm_2017,69,0.0,0,10,5,3,3,3,PLNNetwork,0.5,0.5,False
friedman_microcosm_2017,69,0.0,0,10,5,3,3,3,Poisson GLMNet,0.5,0.5,False
friedman_microcosm_2017,69,0.0,0,10,5,3,3,3,SparCC,0.5,0.5,False
friedman_microcosm_2017,69,0.0,0,10,5,3,3,3,Mean rank,0.5,0.5,False
friedman_microcosm_2017,69,0.0,0,10,5,3,3,3,SPIEC-EASI,0.5,0.5,False
friedman_microcosm_2017,69,0.2,2,10,5,3,3,3,Supervised combined,0.5,0.5,True
friedman_microcosm_2017,69,0.4,4,10,5,3,3,3,Supervised combined,0.5,0.5,True
friedman_microcosm_2017,69,0.6,6,10,5,3,3,3,Supervised combined,0.5,0.5,True
friedman_microcosm_2017,69,0.8,8,10,5,3,3,3,Supervised combined,0.5,0.5,True
friedman_microcosm_2017,70,0.0,0,10,5,3,3,3,PLNNetwork,0.5,0.5,False
friedman_microcosm_2017,70,0.0,0,10,5,3,3,3,Poisson GLMNet,0.5,0.5,False
friedman_microcosm_2017,70,0.0,0,10,5,3,3,3,SparCC,0.5,0.5,False
friedman_microcosm_2017,70,0.0,0,10,5,3,3,3,Mean rank,0.5,0.5,False
friedman_microcosm_2017,70,0.0,0,10,5,3,3,3,SPIEC-EASI,0.5,0.5,False
friedman_microcosm_2017,70,0.2,2,10,5,3,3,3,Supervised combined,0.5,0.5,True
friedman_microcosm_2017,70,0.4,4,10,5,3,3,3,Supervised combined,0.5,0.5,True
friedman_microcosm_2017,70,0.6,6,10,5,3,3,3,Supervised combined,0.5,0.5,True
friedman_microcosm_2017,70,0.8,8,10,5,3,3,3,Supervised combined,0.5,0.5,True
friedman_microcosm_2017,71,0.0,0,10,5,3,3,3,PLNNetwork,0.5,0.5,False
friedman_microcosm_2017,71,0.0,0,10,5,3,3,3,Poisson GLMNet,0.5,0.5,False
friedman_microcosm_2017,71,0.0,0,10,5,3,3,3,SparCC,0.5,0.5,False
friedman_microcosm_2017,71,0.0,0,10,5,3,3,3,Mean rank,0.5,0.5,False
friedman_microcosm_2017,71,0.0,0,10,5,3,3,3,SPIEC-EASI,0.5,0.5,False
friedman_microcosm_2017,71,0.2,2,10,5,3,3,3,Supervised combined,0.5,0.5,True
friedman_microcosm_2017,71,0.4,4,10,5,3,3,3,Supervised combined,0.5,0.5,True
friedman_microcosm_2017,71,0.6,6,10,5,3,3,3,Supervised combined,0.5,0.5,True
friedman_microcosm_2017,71,0.8,8,10,5,3,3,3,Supervised combined,0.5,0.5,True
friedman_microcosm_2017,72,0.0,0,10,5,3,3,4,PLNNetwork,0.6666666666666666,0.5,False
friedman_microcosm_2017,72,0.0,0,10,5,3,3,4,Poisson GLMNet,0.8541666666666666,0.75,False
friedman_microcosm_2017,72,0.0,0,10,5,3,3,4,SparCC,0.8541666666666666,0.75,False
friedman_microcosm_2017,72,0.0,0,10,5,3,3,4,Mean rank,0.8541666666666666,0.75,False
friedman_microcosm_2017,72,0.0,0,10,5,3,3,4,SPIEC-EASI,0.6666666666666666,0.5,False
friedman_microcosm_2017,72,0.2,2,10,5,3,3,4,Supervised combined,0.5833333333333333,0.25,True
friedman_microcosm_2017,72,0.4,4,10,5,3,3,4,Supervised combined,0.6666666666666666,0.5,True
friedman_microcosm_2017,72,0.6,6,10,5,3,3,4,Supervised combined,0.6666666666666666,0.5,True
friedman_microcosm_2017,72,0.8,8,10,5,3,3,4,Supervised combined,0.6666666666666666,0.5,True
friedman_microcosm_2017,73,0.0,0,10,5,3,3,4,PLNNetwork,0.6666666666666666,0.5,False
friedman_microcosm_2017,73,0.0,0,10,5,3,3,4,Poisson GLMNet,0.6666666666666666,0.5,False
friedman_microcosm_2017,73,0.0,0,10,5,3,3,4,SparCC,0.6666666666666666,0.5,False
friedman_microcosm_2017,73,0.0,0,10,5,3,3,4,Mean rank,0.6666666666666666,0.5,False
friedman_microcosm_2017,73,0.0,0,10,5,3,3,4,SPIEC-EASI,0.625,0.375,False
friedman_microcosm_2017,73,0.2,2,10,5,3,3,4,Supervised combined,0.5833333333333333,0.25,True
friedman_microcosm_2017,73,0.4,4,10,5,3,3,4,Supervised combined,0.5833333333333333,0.25,True
friedman_microcosm_2017,73,0.6,6,10,5,3,3,4,Supervised combined,0.6666666666666666,0.5,True
friedman_microcosm_2017,73,0.8,8,10,5,3,3,4,Supervised combined,0.8541666666666666,0.75,True
friedman_microcosm_2017,74,0.0,0,10,5,3,3,3,PLNNetwork,0.5,0.5,False
friedman_microcosm_2017,74,0.0,0,10,5,3,3,3,Poisson GLMNet,0.5,0.5,False
friedman_microcosm_2017,74,0.0,0,10,5,3,3,3,SparCC,0.5,0.5,False
friedman_microcosm_2017,74,0.0,0,10,5,3,3,3,Mean rank,0.5,0.5,False
friedman_microcosm_2017,74,0.0,0,10,5,3,3,3,SPIEC-EASI,0.5,0.5,False
friedman_microcosm_2017,74,0.2,2,10,5,3,3,3,Supervised combined,0.5,0.5,True
friedman_microcosm_2017,74,0.4,4,10,5,3,3,3,Supervised combined,0.5,0.5,True
friedman_microcosm_2017,74,0.6,6,10,5,3,3,3,Supervised combined,0.5,0.5,True
friedman_microcosm_2017,74,0.8,8,10,5,3,3,3,Supervised combined,0.5,0.5,True
friedman_microcosm_2017,75,0.0,0,10,5,3,3,2,PLNNetwork,0.5,0.75,False
friedman_microcosm_2017,75,0.0,0,10,5,3,3,2,Poisson GLMNet,0.41666666666666663,0.5,False
friedman_microcosm_2017,75,0.0,0,10,5,3,3,2,SparCC,0.41666666666666663,0.5,False
friedman_microcosm_2017,75,0.0,0,10,5,3,3,2,Mean rank,0.41666666666666663,0.5,False
friedman_microcosm_2017,75,0.0,0,10,5,3,3,2,SPIEC-EASI,0.3333333333333333,0.5,False
friedman_microcosm_2017,75,0.2,2,10,5,3,3,2,Supervised combined,0.3333333333333333,0.5,False
friedman_microcosm_2017,75,0.4,4,10,5,3,3,2,Supervised combined,0.29166666666666663,0.25,True
friedman_microcosm_2017,75,0.6,6,10,5,3,3,2,Supervised combined,0.29166666666666663,0.25,True
friedman_microcosm_2017,75,0.8,8,10,5,3,3,2,Supervised combined,0.5,0.75,True
friedman_microcosm_2017,76,0.0,0,10,5,3,3,2,PLNNetwork,0.5,0.75,False
friedman_microcosm_2017,76,0.0,0,10,5,3,3,2,Poisson GLMNet,0.41666666666666663,0.5,False
friedman_microcosm_2017,76,0.0,0,10,5,3,3,2,SparCC,0.41666666666666663,0.5,False
friedman_microcosm_2017,76,0.0,0,10,5,3,3,2,Mean rank,0.41666666666666663,0.5,False
friedman_microcosm_2017,76,0.0,0,10,5,3,3,2,SPIEC-EASI,0.3333333333333333,0.5,False
friedman_microcosm_2017,76,0.2,2,10,5,3,3,2,Supervised combined,0.3333333333333333,0.5,True
friedman_microcosm_2017,76,0.4,4,10,5,3,3,2,Supervised combined,0.5,0.75,True
friedman_microcosm_2017,76,0.6,6,10,5,3,3,2,Supervised combined,0.5,0.75,True
friedman_microcosm_2017,76,0.8,8,10,5,3,3,2,Supervised combined,0.41666666666666663,0.5,True
friedman_microcosm_2017,77,0.0,0,10,5,3,3,4,PLNNetwork,0.8541666666666666,0.75,False
friedman_microcosm_2017,77,0.0,0,10,5,3,3,4,Poisson GLMNet,0.5833333333333333,0.25,False
friedman_microcosm_2017,77,0.0,0,10,5,3,3,4,SparCC,0.6666666666666666,0.5,False
friedman_microcosm_2017,77,0.0,0,10,5,3,3,4,Mean rank,0.8541666666666666,0.75,False
friedman_microcosm_2017,77,0.0,0,10,5,3,3,4,SPIEC-EASI,0.6666666666666666,0.5,False
friedman_microcosm_2017,77,0.2,2,10,5,3,3,4,Supervised combined,0.6666666666666666,0.5,True
friedman_microcosm_2017,77,0.4,4,10,5,3,3,4,Supervised combined,0.5833333333333333,0.25,True
friedman_microcosm_2017,77,0.6,6,10,5,3,3,4,Supervised combined,0.6666666666666666,0.5,True
friedman_microcosm_2017,77,0.8,8,10,5,3,3,4,Supervised combined,0.6666666666666666,0.5,True
friedman_microcosm_2017,78,0.0,0,10,5,3,3,3,PLNNetwork,0.5,0.5,False
friedman_microcosm_2017,78,0.0,0,10,5,3,3,3,Poisson GLMNet,0.5,0.5,False
friedman_microcosm_2017,78,0.0,0,10,5,3,3,3,SparCC,0.5,0.5,False
friedman_microcosm_2017,78,0.0,0,10,5,3,3,3,Mean rank,0.5,0.5,False
friedman_microcosm_2017,78,0.0,0,10,5,3,3,3,SPIEC-EASI,0.5,0.5,False
friedman_microcosm_2017,78,0.2,2,10,5,3,3,3,Supervised combined,0.5,0.5,True
friedman_microcosm_2017,78,0.4,4,10,5,3,3,3,Supervised combined,0.5,0.5,True
friedman_microcosm_2017,78,0.6,6,10,5,3,3,3,Supervised combined,0.5,0.5,True
friedman_microcosm_2017,78,0.8,8,10,5,3,3,3,Supervised combined,0.5,0.5,True
friedman_microcosm_2017,79,0.0,0,10,5,3,3,5,PLNNetwork,0.7333333333333333,0.1,False
friedman_microcosm_2017,79,0.0,0,10,5,3,3,5,Poisson GLMNet,0.9666666666666667,0.9,False
friedman_microcosm_2017,79,0.0,0,10,5,3,3,5,SparCC,0.9666666666666667,0.9,False
friedman_microcosm_2017,79,0.0,0,10,5,3,3,5,Mean rank,0.9666666666666667,0.9,False
friedman_microcosm_2017,79,0.0,0,10,5,3,3,5,SPIEC-EASI,0.8333333333333334,0.5,False
friedman_microcosm_2017,79,0.2,2,10,5,3,3,5,Supervised combined,0.8333333333333334,0.5,True
friedman_microcosm_2017,79,0.4,4,10,5,3,3,5,Supervised combined,0.7333333333333333,0.1,True
friedman_microcosm_2017,79,0.6,6,10,5,3,3,5,Supervised combined,0.7333333333333333,0.1,True
friedman_microcosm_2017,79,0.8,8,10,5,3,3,5,Supervised combined,0.7333333333333333,0.1,True
friedman_microcosm_2017,80,0.0,0,10,5,3,3,2,PLNNetwork,0.5,0.75,False
friedman_microcosm_2017,80,0.0,0,10,5,3,3,2,Poisson GLMNet,0.5,0.75,False
friedman_microcosm_2017,80,0.0,0,10,5,3,3,2,SparCC,0.29166666666666663,0.25,False
friedman_microcosm_2017,80,0.0,0,10,5,3,3,2,Mean rank,0.5,0.75,False
friedman_microcosm_2017,80,0.0,0,10,5,3,3,2,SPIEC-EASI,0.3333333333333333,0.5,False
friedman_microcosm_2017,80,0.2,2,10,5,3,3,2,Supervised combined,0.5,0.75,True
friedman_microcosm_2017,80,0.4,4,10,5,3,3,2,Supervised combined,0.29166666666666663,0.25,True
friedman_microcosm_2017,80,0.6,6,10,5,3,3,2,Supervised combined,0.41666666666666663,0.5,True
friedman_microcosm_2017,80,0.8,8,10,5,3,3,2,Supervised combined,0.29166666666666663,0.25,True
friedman_microcosm_2017,81,0.0,0,10,5,3,3,3,PLNNetwork,0.8333333333333333,0.7222222222222222,False
friedman_microcosm_2017,81,0.0,0,10,5,3,3,3,Poisson GLMNet,0.6666666666666666,0.7222222222222223,False
friedman_microcosm_2017,81,0.0,0,10,5,3,3,3,SparCC,0.8333333333333333,0.7222222222222222,False
friedman_microcosm_2017,81,0.0,0,10,5,3,3,3,Mean rank,0.8333333333333333,0.7222222222222222,False
friedman_microcosm_2017,81,0.0,0,10,5,3,3,3,SPIEC-EASI,0.5,0.5,False
friedman_microcosm_2017,81,0.2,2,10,5,3,3,3,Supervised combined,0.8333333333333333,0.7222222222222222,True
friedman_microcosm_2017,81,0.4,4,10,5,3,3,3,Supervised combined,0.5,0.2777777777777778,True
friedman_microcosm_2017,81,0.6,6,10,5,3,3,3,Supervised combined,0.5,0.2777777777777778,True
friedman_microcosm_2017,81,0.8,8,10,5,3,3,3,Supervised combined,0.8333333333333333,0.7222222222222222,True
friedman_microcosm_2017,82,0.0,0,10,5,3,3,4,PLNNetwork,0.6666666666666666,0.5,False
friedman_microcosm_2017,82,0.0,0,10,5,3,3,4,Poisson GLMNet,0.8541666666666666,0.75,False
friedman_microcosm_2017,82,0.0,0,10,5,3,3,4,SparCC,0.8541666666666666,0.75,False
friedman_microcosm_2017,82,0.0,0,10,5,3,3,4,Mean rank,0.8541666666666666,0.75,False
friedman_microcosm_2017,82,0.0,0,10,5,3,3,4,SPIEC-EASI,0.6666666666666666,0.5,False
friedman_microcosm_2017,82,0.2,2,10,5,3,3,4,Supervised combined,0.6666666666666666,0.5,True
friedman_microcosm_2017,82,0.4,4,10,5,3,3,4,Supervised combined,0.8541666666666666,0.75,True
friedman_microcosm_2017,82,0.6,6,10,5,3,3,4,Supervised combined,0.6666666666666666,0.5,True
friedman_microcosm_2017,82,0.8,8,10,5,3,3,4,Supervised combined,0.6666666666666666,0.5,True
friedman_microcosm_2017,83,0.0,0,10,5,3,3,2,PLNNetwork,0.5,0.75,False
friedman_microcosm_2017,83,0.0,0,10,5,3,3,2,Poisson GLMNet,0.5,0.75,False
friedman_microcosm_2017,83,0.0,0,10,5,3,3,2,SparCC,0.29166666666666663,0.25,False
friedman_microcosm_2017,83,0.0,0,10,5,3,3,2,Mean rank,0.5,0.75,False
friedman_microcosm_2017,83,0.0,0,10,5,3,3,2,SPIEC-EASI,0.3333333333333333,0.5,False
friedman_microcosm_2017,83,0.2,2,10,5,3,3,2,Supervised combined,0.29166666666666663,0.25,True
friedman_microcosm_2017,83,0.4,4,10,5,3,3,2,Supervised combined,0.29166666666666663,0.25,True
friedman_microcosm_2017,83,0.6,6,10,5,3,3,2,Supervised combined,0.29166666666666663,0.25,True
friedman_microcosm_2017,83,0.8,8,10,5,3,3,2,Supervised combined,0.29166666666666663,0.25,True
friedman_microcosm_2017,84,0.0,0,10,5,3,3,2,PLNNetwork,0.5,0.75,False
friedman_microcosm_2017,84,0.0,0,10,5,3,3,2,Poisson GLMNet,0.5,0.75,False
friedman_microcosm_2017,84,0.0,0,10,5,3,3,2,SparCC,0.29166666666666663,0.25,False
friedman_microcosm_2017,84,0.0,0,10,5,3,3,2,Mean rank,0.5,0.75,False
friedman_microcosm_2017,84,0.0,0,10,5,3,3,2,SPIEC-EASI,0.3333333333333333,0.5,False
friedman_microcosm_2017,84,0.2,2,10,5,3,3,2,Supervised combined,0.3333333333333333,0.5,False
friedman_microcosm_2017,84,0.4,4,10,5,3,3,2,Supervised combined,0.29166666666666663,0.25,True
friedman_microcosm_2017,84,0.6,6,10,5,3,3,2,Supervised combined,0.29166666666666663,0.25,True
friedman_microcosm_2017,84,0.8,8,10,5,3,3,2,Supervised combined,0.29166666666666663,0.25,True
friedman_microcosm_2017,85,0.0,0,10,5,3,3,4,PLNNetwork,0.6666666666666666,0.5,False
friedman_microcosm_2017,85,0.0,0,10,5,3,3,4,Poisson GLMNet,0.6666666666666666,0.5,False
friedman_microcosm_2017,85,0.0,0,10,5,3,3,4,SparCC,0.6666666666666666,0.5,False
friedman_microcosm_2017,85,0.0,0,10,5,3,3,4,Mean rank,0.8541666666666666,0.75,False
friedman_microcosm_2017,85,0.0,0,10,5,3,3,4,SPIEC-EASI,0.6666666666666666,0.5,False
friedman_microcosm_2017,85,0.2,2,10,5,3,3,4,Supervised combined,0.8541666666666666,0.75,True
friedman_microcosm_2017,85,0.4,4,10,5,3,3,4,Supervised combined,0.8541666666666666,0.75,True
friedman_microcosm_2017,85,0.6,6,10,5,3,3,4,Supervised combined,0.5833333333333333,0.25,True
friedman_microcosm_2017,85,0.8,8,10,5,3,3,4,Supervised combined,0.5833333333333333,0.25,True
friedman_microcosm_2017,86,0.0,0,10,5,3,3,3,PLNNetwork,0.5,0.5,False
friedman_microcosm_2017,86,0.0,0,10,5,3,3,3,Poisson GLMNet,0.5,0.5,False
friedman_microcosm_2017,86,0.0,0,10,5,3,3,3,SparCC,0.5,0.5,False
friedman_microcosm_2017,86,0.0,0,10,5,3,3,3,Mean rank,0.5,0.5,False
friedman_microcosm_2017,86,0.0,0,10,5,3,3,3,SPIEC-EASI,0.5,0.5,False
friedman_microcosm_2017,86,0.2,2,10,5,3,3,3,Supervised combined,0.5,0.5,True
friedman_microcosm_2017,86,0.4,4,10,5,3,3,3,Supervised combined,0.5,0.5,True
friedman_microcosm_2017,86,0.6,6,10,5,3,3,3,Supervised combined,0.5,0.5,True
friedman_microcosm_2017,86,0.8,8,10,5,3,3,3,Supervised combined,0.5,0.5,True
friedman_microcosm_2017,87,0.0,0,10,5,3,3,2,PLNNetwork,0.5,0.75,False
friedman_microcosm_2017,87,0.0,0,10,5,3,3,2,Poisson GLMNet,0.41666666666666663,0.5,False
friedman_microcosm_2017,87,0.0,0,10,5,3,3,2,SparCC,0.41666666666666663,0.5,False
friedman_microcosm_2017,87,0.0,0,10,5,3,3,2,Mean rank,0.41666666666666663,0.5,False
friedman_microcosm_2017,87,0.0,0,10,5,3,3,2,SPIEC-EASI,0.3333333333333333,0.5,False
friedman_microcosm_2017,87,0.2,2,10,5,3,3,2,Supervised combined,0.3333333333333333,0.5,True
friedman_microcosm_2017,87,0.4,4,10,5,3,3,2,Supervised combined,0.3333333333333333,0.5,True
friedman_microcosm_2017,87,0.6,6,10,5,3,3,2,Supervised combined,0.5,0.75,True
friedman_microcosm_2017,87,0.8,8,10,5,3,3,2,Supervised combined,0.5,0.75,True
friedman_microcosm_2017,88,0.0,0,10,5,3,3,3,PLNNetwork,0.5,0.5,False
friedman_microcosm_2017,88,0.0,0,10,5,3,3,3,Poisson GLMNet,0.5,0.5,False
friedman_microcosm_2017,88,0.0,0,10,5,3,3,3,SparCC,0.5,0.5,False
friedman_microcosm_2017,88,0.0,0,10,5,3,3,3,Mean rank,0.5,0.5,False
friedman_microcosm_2017,88,0.0,0,10,5,3,3,3,SPIEC-EASI,0.5,0.5,False
friedman_microcosm_2017,88,0.2,2,10,5,3,3,3,Supervised combined,0.5,0.5,True
friedman_microcosm_2017,88,0.4,4,10,5,3,3,3,Supervised combined,0.5,0.5,True
friedman_microcosm_2017,88,0.6,6,10,5,3,3,3,Supervised combined,0.5,0.5,True
friedman_microcosm_2017,88,0.8,8,10,5,3,3,3,Supervised combined,0.5,0.5,True
friedman_microcosm_2017,89,0.0,0,10,5,3,3,5,PLNNetwork,0.9666666666666667,0.9,False
friedman_microcosm_2017,89,0.0,0,10,5,3,3,5,Poisson GLMNet,0.8833333333333333,0.5,False
friedman_microcosm_2017,89,0.0,0,10,5,3,3,5,SparCC,0.8833333333333333,0.5,False
friedman_microcosm_2017,89,0.0,0,10,5,3,3,5,Mean rank,0.9666666666666667,0.9,False
friedman_microcosm_2017,89,0.0,0,10,5,3,3,5,SPIEC-EASI,0.8333333333333334,0.5,False
friedman_microcosm_2017,89,0.2,2,10,5,3,3,5,Supervised combined,0.8333333333333334,0.5,False
friedman_microcosm_2017,89,0.4,4,10,5,3,3,5,Supervised combined,0.7333333333333333,0.1,True
friedman_microcosm_2017,89,0.6,6,10,5,3,3,5,Supervised combined,0.9666666666666667,0.9,True
friedman_microcosm_2017,89,0.8,8,10,5,3,3,5,Supervised combined,0.7333333333333333,0.1,True
friedman_microcosm_2017,90,0.0,0,10,5,3,3,2,PLNNetwork,0.5,0.75,False
friedman_microcosm_2017,90,0.0,0,10,5,3,3,2,Poisson GLMNet,0.41666666666666663,0.5,False
friedman_microcosm_2017,90,0.0,0,10,5,3,3,2,SparCC,0.5,0.75,False
friedman_microcosm_2017,90,0.0,0,10,5,3,3,2,Mean rank,0.5,0.75,False
friedman_microcosm_2017,90,0.0,0,10,5,3,3,2,SPIEC-EASI,0.41666666666666663,0.625,False
friedman_microcosm_2017,90,0.2,2,10,5,3,3,2,Supervised combined,0.3333333333333333,0.5,True
friedman_microcosm_2017,90,0.4,4,10,5,3,3,2,Supervised combined,0.41666666666666663,0.5,True
friedman_microcosm_2017,90,0.6,6,10,5,3,3,2,Supervised combined,0.29166666666666663,0.25,True
friedman_microcosm_2017,90,0.8,8,10,5,3,3,2,Supervised combined,0.29166666666666663,0.25,True
friedman_microcosm_2017,91,0.0,0,10,5,3,3,2,PLNNetwork,0.5,0.75,False
friedman_microcosm_2017,91,0.0,0,10,5,3,3,2,Poisson GLMNet,0.41666666666666663,0.5,False
friedman_microcosm_2017,91,0.0,0,10,5,3,3,2,SparCC,0.41666666666666663,0.5,False
friedman_microcosm_2017,91,0.0,0,10,5,3,3,2,Mean rank,0.41666666666666663,0.5,False
friedman_microcosm_2017,91,0.0,0,10,5,3,3,2,SPIEC-EASI,0.3333333333333333,0.5,False
friedman_microcosm_2017,91,0.2,2,10,5,3,3,2,Supervised combined,0.29166666666666663,0.25,True
friedman_microcosm_2017,91,0.4,4,10,5,3,3,2,Supervised combined,0.29166666666666663,0.25,True
friedman_microcosm_2017,91,0.6,6,10,5,3,3,2,Supervised combined,0.41666666666666663,0.5,True
friedman_microcosm_2017,91,0.8,8,10,5,3,3,2,Supervised combined,0.5,0.75,True
friedman_microcosm_2017,92,0.0,0,10,5,3,3,5,PLNNetwork,0.8833333333333333,0.5,False
friedman_microcosm_2017,92,0.0,0,10,5,3,3,5,Poisson GLMNet,0.8833333333333333,0.5,False
friedman_microcosm_2017,92,0.0,0,10,5,3,3,5,SparCC,0.7333333333333333,0.1,False
friedman_microcosm_2017,92,0.0,0,10,5,3,3,5,Mean rank,0.7333333333333333,0.1,False
friedman_microcosm_2017,92,0.0,0,10,5,3,3,5,SPIEC-EASI,0.8333333333333334,0.5,False
friedman_microcosm_2017,92,0.2,2,10,5,3,3,5,Supervised combined,0.8333333333333334,0.5,True
friedman_microcosm_2017,92,0.4,4,10,5,3,3,5,Supervised combined,0.9666666666666667,0.9,True
friedman_microcosm_2017,92,0.6,6,10,5,3,3,5,Supervised combined,0.9666666666666667,0.9,True
friedman_microcosm_2017,92,0.8,8,10,5,3,3,5,Supervised combined,0.9666666666666667,0.9,True
friedman_microcosm_2017,93,0.0,0,10,5,3,3,3,PLNNetwork,0.5,0.2777777777777778,False
friedman_microcosm_2017,93,0.0,0,10,5,3,3,3,Poisson GLMNet,0.8333333333333333,0.7222222222222222,False
friedman_microcosm_2017,93,0.0,0,10,5,3,3,3,SparCC,0.9166666666666666,0.9444444444444444,False
friedman_microcosm_2017,93,0.0,0,10,5,3,3,3,Mean rank,0.8333333333333333,0.7222222222222222,False
friedman_microcosm_2017,93,0.0,0,10,5,3,3,3,SPIEC-EASI,0.5,0.5,False
friedman_microcosm_2017,93,0.2,2,10,5,3,3,3,Supervised combined,0.5,0.5,True
friedman_microcosm_2017,93,0.4,4,10,5,3,3,3,Supervised combined,0.9166666666666666,0.9444444444444444,True
friedman_microcosm_2017,93,0.6,6,10,5,3,3,3,Supervised combined,0.8333333333333333,0.7222222222222222,True
friedman_microcosm_2017,93,0.8,8,10,5,3,3,3,Supervised combined,0.9166666666666666,0.9444444444444444,True
friedman_microcosm_2017,94,0.0,0,10,5,3,3,2,PLNNetwork,0.5,0.75,False
friedman_microcosm_2017,94,0.0,0,10,5,3,3,2,Poisson GLMNet,0.41666666666666663,0.5,False
friedman_microcosm_2017,94,0.0,0,10,5,3,3,2,SparCC,0.5,0.75,False
friedman_microcosm_2017,94,0.0,0,10,5,3,3,2,Mean rank,0.5,0.75,False
friedman_microcosm_2017,94,0.0,0,10,5,3,3,2,SPIEC-EASI,0.41666666666666663,0.625,False
friedman_microcosm_2017,94,0.2,2,10,5,3,3,2,Supervised combined,0.3333333333333333,0.5,True
friedman_microcosm_2017,94,0.4,4,10,5,3,3,2,Supervised combined,0.3333333333333333,0.5,True
friedman_microcosm_2017,94,0.6,6,10,5,3,3,2,Supervised combined,0.3333333333333333,0.5,True
friedman_microcosm_2017,94,0.8,8,10,5,3,3,2,Supervised combined,0.41666666666666663,0.5,True
friedman_microcosm_2017,95,0.0,0,10,5,3,3,5,PLNNetwork,0.9666666666666667,0.9,False
friedman_microcosm_2017,95,0.0,0,10,5,3,3,5,Poisson GLMNet,0.7333333333333333,0.1,False
friedman_microcosm_2017,95,0.0,0,10,5,3,3,5,SparCC,0.8833333333333333,0.5,False
friedman_microcosm_2017,95,0.0,0,10,5,3,3,5,Mean rank,0.8833333333333333,0.5,False
friedman_microcosm_2017,95,0.0,0,10,5,3,3,5,SPIEC-EASI,0.8333333333333334,0.5,False
friedman_microcosm_2017,95,0.2,2,10,5,3,3,5,Supervised combined,0.8333333333333334,0.5,True
friedman_microcosm_2017,95,0.4,4,10,5,3,3,5,Supervised combined,0.8833333333333333,0.5,True
friedman_microcosm_2017,95,0.6,6,10,5,3,3,5,Supervised combined,0.7333333333333333,0.1,True
friedman_microcosm_2017,95,0.8,8,10,5,3,3,5,Supervised combined,0.7333333333333333,0.1,True
friedman_microcosm_2017,96,0.0,0,10,5,3,3,4,PLNNetwork,0.5833333333333333,0.25,False
friedman_microcosm_2017,96,0.0,0,10,5,3,3,4,Poisson GLMNet,0.6666666666666666,0.5,False
friedman_microcosm_2017,96,0.0,0,10,5,3,3,4,SparCC,0.6666666666666666,0.5,False
friedman_microcosm_2017,96,0.0,0,10,5,3,3,4,Mean rank,0.6666666666666666,0.5,False
friedman_microcosm_2017,96,0.0,0,10,5,3,3,4,SPIEC-EASI,0.6666666666666666,0.5,False
friedman_microcosm_2017,96,0.2,2,10,5,3,3,4,Supervised combined,0.6666666666666666,0.5,False
friedman_microcosm_2017,96,0.4,4,10,5,3,3,4,Supervised combined,0.8541666666666666,0.75,True
friedman_microcosm_2017,96,0.6,6,10,5,3,3,4,Supervised combined,0.6666666666666666,0.5,True
friedman_microcosm_2017,96,0.8,8,10,5,3,3,4,Supervised combined,0.5833333333333333,0.25,True
friedman_microcosm_2017,97,0.0,0,10,5,3,3,2,PLNNetwork,0.5,0.75,False
friedman_microcosm_2017,97,0.0,0,10,5,3,3,2,Poisson GLMNet,0.41666666666666663,0.5,False
friedman_microcosm_2017,97,0.0,0,10,5,3,3,2,SparCC,0.5,0.75,False
friedman_microcosm_2017,97,0.0,0,10,5,3,3,2,Mean rank,0.5,0.75,False
friedman_microcosm_2017,97,0.0,0,10,5,3,3,2,SPIEC-EASI,0.41666666666666663,0.625,False
friedman_microcosm_2017,97,0.2,2,10,5,3,3,2,Supervised combined,0.3333333333333333,0.5,True
friedman_microcosm_2017,97,0.4,4,10,5,3,3,2,Supervised combined,0.3333333333333333,0.5,True
friedman_microcosm_2017,97,0.6,6,10,5,3,3,2,Supervised combined,0.41666666666666663,0.5,True
friedman_microcosm_2017,97,0.8,8,10,5,3,3,2,Supervised combined,0.29166666666666663,0.25,True
friedman_microcosm_2017,98,0.0,0,10,5,3,3,4,PLNNetwork,0.5833333333333333,0.25,False
friedman_microcosm_2017,98,0.0,0,10,5,3,3,4,Poisson GLMNet,0.6666666666666666,0.5,False
friedman_microcosm_2017,98,0.0,0,10,5,3,3,4,SparCC,0.8541666666666666,0.75,False
friedman_microcosm_2017,98,0.0,0,10,5,3,3,4,Mean rank,0.6666666666666666,0.5,False
friedman_microcosm_2017,98,0.0,0,10,5,3,3,4,SPIEC-EASI,0.6666666666666666,0.5,False
friedman_microcosm_2017,98,0.2,2,10,5,3,3,4,Supervised combined,0.8541666666666666,0.75,True
friedman_microcosm_2017,98,0.4,4,10,5,3,3,4,Supervised combined,0.6666666666666666,0.5,True
friedman_microcosm_2017,98,0.6,6,10,5,3,3,4,Supervised combined,0.6666666666666666,0.5,True
friedman_microcosm_2017,98,0.8,8,10,5,3,3,4,Supervised combined,0.6666666666666666,0.5,True
friedman_microcosm_2017,99,0.0,0,10,5,3,3,5,PLNNetwork,0.9666666666666667,0.9,False
friedman_microcosm_2017,99,0.0,0,10,5,3,3,5,Poisson GLMNet,0.8833333333333333,0.5,False
friedman_microcosm_2017,99,0.0,0,10,5,3,3,5,SparCC,0.8833333333333333,0.5,False
friedman_microcosm_2017,99,0.0,0,10,5,3,3,5,Mean rank,0.9666666666666667,0.9,False
friedman_microcosm_2017,99,0.0,0,10,5,3,3,5,SPIEC-EASI,0.8333333333333334,0.5,False
friedman_microcosm_2017,99,0.2,2,10,5,3,3,5,Supervised combined,0.8333333333333334,0.5,True
friedman_microcosm_2017,99,0.4,4,10,5,3,3,5,Supervised combined,0.8333333333333334,0.5,True
friedman_microcosm_2017,99,0.6,6,10,5,3,3,5,Supervised combined,0.7333333333333333,0.1,True
friedman_microcosm_2017,99,0.8,8,10,5,3,3,5,Supervised combined,0.7333333333333333,0.1,True
friedman_microcosm_2017,100,0.0,0,10,5,3,3,3,PLNNetwork,0.5,0.5,False
friedman_microcosm_2017,100,0.0,0,10,5,3,3,3,Poisson GLMNet,0.5,0.5,False
friedman_microcosm_2017,100,0.0,0,10,5,3,3,3,SparCC,0.5,0.5,False
friedman_microcosm_2017,100,0.0,0,10,5,3,3,3,Mean rank,0.5,0.5,False
friedman_microcosm_2017,100,0.0,0,10,5,3,3,3,SPIEC-EASI,0.5,0.5,False
friedman_microcosm_2017,100,0.2,2,10,5,3,3,3,Supervised combined,0.5,0.5,True
friedman_microcosm_2017,100,0.4,4,10,5,3,3,3,Supervised combined,0.5,0.5,True
friedman_microcosm_2017,100,0.6,6,10,5,3,3,3,Supervised combined,0.5,0.5,True
friedman_microcosm_2017,100,0.8,8,10,5,3,3,3,Supervised combined,0.5,0.5,True
friedman_microcosm_2017,101,0.0,0,10,5,3,3,4,PLNNetwork,0.5833333333333333,0.25,False
friedman_microcosm_2017,101,0.0,0,10,5,3,3,4,Poisson GLMNet,0.8541666666666666,0.75,False
friedman_microcosm_2017,101,0.0,0,10,5,3,3,4,SparCC,0.6666666666666666,0.5,False
friedman_microcosm_2017,101,0.0,0,10,5,3,3,4,Mean rank,0.6666666666666666,0.5,False
friedman_microcosm_2017,101,0.0,0,10,5,3,3,4,SPIEC-EASI,0.6666666666666666,0.5,False
friedman_microcosm_2017,101,0.2,2,10,5,3,3,4,Supervised combined,0.8541666666666666,0.75,True
friedman_microcosm_2017,101,0.4,4,10,5,3,3,4,Supervised combined,0.8541666666666666,0.75,True
friedman_microcosm_2017,101,0.6,6,10,5,3,3,4,Supervised combined,0.8541666666666666,0.75,True
friedman_microcosm_2017,101,0.8,8,10,5,3,3,4,Supervised combined,0.8541666666666666,0.75,True
friedman_microcosm_2017,102,0.0,0,10,5,3,3,3,PLNNetwork,0.5,0.5,False
friedman_microcosm_2017,102,0.0,0,10,5,3,3,3,Poisson GLMNet,0.5,0.5,False
friedman_microcosm_2017,102,0.0,0,10,5,3,3,3,SparCC,0.5,0.5,False
friedman_microcosm_2017,102,0.0,0,10,5,3,3,3,Mean rank,0.5,0.5,False
friedman_microcosm_2017,102,0.0,0,10,5,3,3,3,SPIEC-EASI,0.5,0.5,False
friedman_microcosm_2017,102,0.2,2,10,5,3,3,3,Supervised combined,0.5,0.5,True
friedman_microcosm_2017,102,0.4,4,10,5,3,3,3,Supervised combined,0.5,0.5,True
friedman_microcosm_2017,102,0.6,6,10,5,3,3,3,Supervised combined,0.5,0.5,True
friedman_microcosm_2017,102,0.8,8,10,5,3,3,3,Supervised combined,0.5,0.5,True
friedman_microcosm_2017,103,0.0,0,10,5,3,3,3,PLNNetwork,0.5,0.2777777777777778,False
friedman_microcosm_2017,103,0.0,0,10,5,3,3,3,Poisson GLMNet,0.9166666666666666,0.9444444444444444,False
friedman_microcosm_2017,103,0.0,0,10,5,3,3,3,SparCC,0.8333333333333333,0.7222222222222222,False
friedman_microcosm_2017,103,0.0,0,10,5,3,3,3,Mean rank,0.9166666666666666,0.9444444444444444,False
friedman_microcosm_2017,103,0.0,0,10,5,3,3,3,SPIEC-EASI,0.5,0.5,False
friedman_microcosm_2017,103,0.2,2,10,5,3,3,3,Supervised combined,0.5,0.5,True
friedman_microcosm_2017,103,0.4,4,10,5,3,3,3,Supervised combined,0.6666666666666666,0.7222222222222223,True
friedman_microcosm_2017,103,0.6,6,10,5,3,3,3,Supervised combined,0.6666666666666666,0.7222222222222223,True
friedman_microcosm_2017,103,0.8,8,10,5,3,3,3,Supervised combined,0.6666666666666666,0.7222222222222223,True
friedman_microcosm_2017,104,0.0,0,10,5,3,3,3,PLNNetwork,0.8333333333333333,0.7222222222222222,False
friedman_microcosm_2017,104,0.0,0,10,5,3,3,3,Poisson GLMNet,0.6666666666666666,0.7222222222222223,False
friedman_microcosm_2017,104,0.0,0,10,5,3,3,3,SparCC,0.8333333333333333,0.7222222222222222,False
friedman_microcosm_2017,104,0.0,0,10,5,3,3,3,Mean rank,0.8333333333333333,0.7222222222222222,False
friedman_microcosm_2017,104,0.0,0,10,5,3,3,3,SPIEC-EASI,0.5,0.5,False
friedman_microcosm_2017,104,0.2,2,10,5,3,3,3,Supervised combined,0.5,0.2777777777777778,True
friedman_microcosm_2017,104,0.4,4,10,5,3,3,3,Supervised combined,0.4166666666666667,0.05555555555555556,True
friedman_microcosm_2017,104,0.6,6,10,5,3,3,3,Supervised combined,0.5,0.2777777777777778,True
friedman_microcosm_2017,104,0.8,8,10,5,3,3,3,Supervised combined,0.5,0.2777777777777778,True
friedman_microcosm_2017,105,0.0,0,10,5,3,3,3,PLNNetwork,0.5,0.2777777777777778,False
friedman_microcosm_2017,105,0.0,0,10,5,3,3,3,Poisson GLMNet,0.9166666666666666,0.9444444444444444,False
friedman_microcosm_2017,105,0.0,0,10,5,3,3,3,SparCC,0.8333333333333333,0.7222222222222222,False
friedman_microcosm_2017,105,0.0,0,10,5,3,3,3,Mean rank,0.9166666666666666,0.9444444444444444,False
friedman_microcosm_2017,105,0.0,0,10,5,3,3,3,SPIEC-EASI,0.5,0.5,False
friedman_microcosm_2017,105,0.2,2,10,5,3,3,3,Supervised combined,0.5,0.5,True
friedman_microcosm_2017,105,0.4,4,10,5,3,3,3,Supervised combined,0.6666666666666666,0.7222222222222223,True
friedman_microcosm_2017,105,0.6,6,10,5,3,3,3,Supervised combined,0.6666666666666666,0.7222222222222223,True
friedman_microcosm_2017,105,0.8,8,10,5,3,3,3,Supervised combined,0.6666666666666666,0.7222222222222223,True
friedman_microcosm_2017,106,0.0,0,10,5,3,3,3,PLNNetwork,0.5,0.5,False
friedman_microcosm_2017,106,0.0,0,10,5,3,3,3,Poisson GLMNet,0.5,0.5,False
friedman_microcosm_2017,106,0.0,0,10,5,3,3,3,SparCC,0.5,0.5,False
friedman_microcosm_2017,106,0.0,0,10,5,3,3,3,Mean rank,0.5,0.5,False
friedman_microcosm_2017,106,0.0,0,10,5,3,3,3,SPIEC-EASI,0.5,0.5,False
friedman_microcosm_2017,106,0.2,2,10,5,3,3,3,Supervised combined,0.5,0.5,True
friedman_microcosm_2017,106,0.4,4,10,5,3,3,3,Supervised combined,0.5,0.5,True
friedman_microcosm_2017,106,0.6,6,10,5,3,3,3,Supervised combined,0.5,0.5,True
friedman_microcosm_2017,106,0.8,8,10,5,3,3,3,Supervised combined,0.5,0.5,True
friedman_microcosm_2017,107,0.0,0,10,5,3,3,3,PLNNetwork,0.5,0.2777777777777778,False
friedman_microcosm_2017,107,0.0,0,10,5,3,3,3,Poisson GLMNet,0.9166666666666666,0.9444444444444444,False
friedman_microcosm_2017,107,0.0,0,10,5,3,3,3,SparCC,0.8333333333333333,0.7222222222222222,False
friedman_microcosm_2017,107,0.0,0,10,5,3,3,3,Mean rank,0.9166666666666666,0.9444444444444444,False
friedman_microcosm_2017,107,0.0,0,10,5,3,3,3,SPIEC-EASI,0.5,0.5,False
friedman_microcosm_2017,107,0.2,2,10,5,3,3,3,Supervised combined,0.9166666666666666,0.9444444444444444,True
friedman_microcosm_2017,107,0.4,4,10,5,3,3,3,Supervised combined,0.6666666666666666,0.7222222222222223,True
friedman_microcosm_2017,107,0.6,6,10,5,3,3,3,Supervised combined,0.5,0.2777777777777778,True
friedman_microcosm_2017,107,0.8,8,10,5,3,3,3,Supervised combined,0.6666666666666666,0.7222222222222223,True
friedman_microcosm_2017,108,0.0,0,10,5,3,3,5,PLNNetwork,0.7333333333333333,0.1,False
friedman_microcosm_2017,108,0.0,0,10,5,3,3,5,Poisson GLMNet,0.8833333333333333,0.5,False
friedman_microcosm_2017,108,0.0,0,10,5,3,3,5,SparCC,0.9666666666666667,0.9,False
friedman_microcosm_2017,108,0.0,0,10,5,3,3,5,Mean rank,0.9666666666666667,0.9,False
friedman_microcosm_2017,108,0.0,0,10,5,3,3,5,SPIEC-EASI,0.8333333333333334,0.5,False
friedman_microcosm_2017,108,0.2,2,10,5,3,3,5,Supervised combined,0.7333333333333333,0.1,True
friedman_microcosm_2017,108,0.4,4,10,5,3,3,5,Supervised combined,0.8833333333333333,0.5,True
friedman_microcosm_2017,108,0.6,6,10,5,3,3,5,Supervised combined,0.8833333333333333,0.5,True
friedman_microcosm_2017,108,0.8,8,10,5,3,3,5,Supervised combined,0.8833333333333333,0.5,True
friedman_microcosm_2017,109,0.0,0,10,5,3,3,4,PLNNetwork,0.8541666666666666,0.75,False
friedman_microcosm_2017,109,0.0,0,10,5,3,3,4,Poisson GLMNet,0.5833333333333333,0.25,False
friedman_microcosm_2017,109,0.0,0,10,5,3,3,4,SparCC,0.6666666666666666,0.5,False
friedman_microcosm_2017,109,0.0,0,10,5,3,3,4,Mean rank,0.8541666666666666,0.75,False
friedman_microcosm_2017,109,0.0,0,10,5,3,3,4,SPIEC-EASI,0.6666666666666666,0.5,False
friedman_microcosm_2017,109,0.2,2,10,5,3,3,4,Supervised combined,0.5833333333333333,0.25,True
friedman_microcosm_2017,109,0.4,4,10,5,3,3,4,Supervised combined,0.5833333333333333,0.25,True
friedman_microcosm_2017,109,0.6,6,10,5,3,3,4,Supervised combined,0.5833333333333333,0.25,True
friedman_microcosm_2017,109,0.8,8,10,5,3,3,4,Supervised combined,0.5833333333333333,0.25,True
friedman_microcosm_2017,110,0.0,0,10,5,3,3,3,PLNNetwork,0.5,0.2777777777777778,False
friedman_microcosm_2017,110,0.0,0,10,5,3,3,3,Poisson GLMNet,0.6666666666666666,0.7222222222222223,False
friedman_microcosm_2017,110,0.0,0,10,5,3,3,3,SparCC,0.6666666666666666,0.7222222222222223,False
friedman_microcosm_2017,110,0.0,0,10,5,3,3,3,Mean rank,0.9166666666666666,0.9444444444444444,False
friedman_microcosm_2017,110,0.0,0,10,5,3,3,3,SPIEC-EASI,0.5,0.5,False
friedman_microcosm_2017,110,0.2,2,10,5,3,3,3,Supervised combined,0.5,0.5,False
friedman_microcosm_2017,110,0.4,4,10,5,3,3,3,Supervised combined,0.4166666666666667,0.05555555555555556,True
friedman_microcosm_2017,110,0.6,6,10,5,3,3,3,Supervised combined,0.6666666666666666,0.7222222222222223,True
friedman_microcosm_2017,110,0.8,8,10,5,3,3,3,Supervised combined,0.6666666666666666,0.7222222222222223,True
friedman_microcosm_2017,111,0.0,0,10,5,3,3,3,PLNNetwork,0.5,0.5,False
friedman_microcosm_2017,111,0.0,0,10,5,3,3,3,Poisson GLMNet,0.5,0.5,False
friedman_microcosm_2017,111,0.0,0,10,5,3,3,3,SparCC,0.5,0.5,False
friedman_microcosm_2017,111,0.0,0,10,5,3,3,3,Mean rank,0.5,0.5,False
friedman_microcosm_2017,111,0.0,0,10,5,3,3,3,SPIEC-EASI,0.5,0.5,False
friedman_microcosm_2017,111,0.2,2,10,5,3,3,3,Supervised combined,0.5,0.5,True
friedman_microcosm_2017,111,0.4,4,10,5,3,3,3,Supervised combined,0.5,0.5,True
friedman_microcosm_2017,111,0.6,6,10,5,3,3,3,Supervised combined,0.5,0.5,True
friedman_microcosm_2017,111,0.8,8,10,5,3,3,3,Supervised combined,0.5,0.5,True
friedman_microcosm_2017,112,0.0,0,10,5,3,3,5,PLNNetwork,0.8833333333333333,0.5,False
friedman_microcosm_2017,112,0.0,0,10,5,3,3,5,Poisson GLMNet,0.8833333333333333,0.5,False
friedman_microcosm_2017,112,0.0,0,10,5,3,3,5,SparCC,0.7333333333333333,0.1,False
friedman_microcosm_2017,112,0.0,0,10,5,3,3,5,Mean rank,0.7333333333333333,0.1,False
friedman_microcosm_2017,112,0.0,0,10,5,3,3,5,SPIEC-EASI,0.8333333333333334,0.5,False
friedman_microcosm_2017,112,0.2,2,10,5,3,3,5,Supervised combined,0.7333333333333333,0.1,True
friedman_microcosm_2017,112,0.4,4,10,5,3,3,5,Supervised combined,0.9666666666666667,0.9,True
friedman_microcosm_2017,112,0.6,6,10,5,3,3,5,Supervised combined,0.9666666666666667,0.9,True
friedman_microcosm_2017,112,0.8,8,10,5,3,3,5,Supervised combined,0.9666666666666667,0.9,True
friedman_microcosm_2017,113,0.0,0,10,5,3,3,3,PLNNetwork,0.5,0.5,False
friedman_microcosm_2017,113,0.0,0,10,5,3,3,3,Poisson GLMNet,0.5,0.5,False
friedman_microcosm_2017,113,0.0,0,10,5,3,3,3,SparCC,0.5,0.5,False
friedman_microcosm_2017,113,0.0,0,10,5,3,3,3,Mean rank,0.5,0.5,False
friedman_microcosm_2017,113,0.0,0,10,5,3,3,3,SPIEC-EASI,0.5,0.5,False
friedman_microcosm_2017,113,0.2,2,10,5,3,3,3,Supervised combined,0.5,0.5,True
friedman_microcosm_2017,113,0.4,4,10,5,3,3,3,Supervised combined,0.5,0.5,True
friedman_microcosm_2017,113,0.6,6,10,5,3,3,3,Supervised combined,0.5,0.5,True
friedman_microcosm_2017,113,0.8,8,10,5,3,3,3,Supervised combined,0.5,0.5,True
friedman_microcosm_2017,114,0.0,0,10,5,3,3,4,PLNNetwork,0.5833333333333333,0.25,False
friedman_microcosm_2017,114,0.0,0,10,5,3,3,4,Poisson GLMNet,0.8541666666666666,0.75,False
friedman_microcosm_2017,114,0.0,0,10,5,3,3,4,SparCC,0.6666666666666666,0.5,False
friedman_microcosm_2017,114,0.0,0,10,5,3,3,4,Mean rank,0.6666666666666666,0.5,False
friedman_microcosm_2017,114,0.0,0,10,5,3,3,4,SPIEC-EASI,0.6666666666666666,0.5,False
friedman_microcosm_2017,114,0.2,2,10,5,3,3,4,Supervised combined,0.8541666666666666,0.75,True
friedman_microcosm_2017,114,0.4,4,10,5,3,3,4,Supervised combined,0.8541666666666666,0.75,True
friedman_microcosm_2017,114,0.6,6,10,5,3,3,4,Supervised combined,0.8541666666666666,0.75,True
friedman_microcosm_2017,114,0.8,8,10,5,3,3,4,Supervised combined,0.8541666666666666,0.75,True
friedman_microcosm_2017,115,0.0,0,10,5,3,3,3,PLNNetwork,0.5,0.5,False
friedman_microcosm_2017,115,0.0,0,10,5,3,3,3,Poisson GLMNet,0.5,0.5,False
friedman_microcosm_2017,115,0.0,0,10,5,3,3,3,SparCC,0.5,0.5,False
friedman_microcosm_2017,115,0.0,0,10,5,3,3,3,Mean rank,0.5,0.5,False
friedman_microcosm_2017,115,0.0,0,10,5,3,3,3,SPIEC-EASI,0.5,0.5,False
friedman_microcosm_2017,115,0.2,2,10,5,3,3,3,Supervised combined,0.5,0.5,True
friedman_microcosm_2017,115,0.4,4,10,5,3,3,3,Supervised combined,0.5,0.5,True
friedman_microcosm_2017,115,0.6,6,10,5,3,3,3,Supervised combined,0.5,0.5,True
friedman_microcosm_2017,115,0.8,8,10,5,3,3,3,Supervised combined,0.5,0.5,True
friedman_microcosm_2017,116,0.0,0,10,5,3,3,4,PLNNetwork,0.8541666666666666,0.75,False
friedman_microcosm_2017,116,0.0,0,10,5,3,3,4,Poisson GLMNet,0.5833333333333333,0.25,False
friedman_microcosm_2017,116,0.0,0,10,5,3,3,4,SparCC,0.5833333333333333,0.25,False
friedman_microcosm_2017,116,0.0,0,10,5,3,3,4,Mean rank,0.5833333333333333,0.25,False
friedman_microcosm_2017,116,0.0,0,10,5,3,3,4,SPIEC-EASI,0.6666666666666666,0.5,False
friedman_microcosm_2017,116,0.2,2,10,5,3,3,4,Supervised combined,0.6666666666666666,0.5,True
friedman_microcosm_2017,116,0.4,4,10,5,3,3,4,Supervised combined,0.6666666666666666,0.5,True
friedman_microcosm_2017,116,0.6,6,10,5,3,3,4,Supervised combined,0.6666666666666666,0.5,True
friedman_microcosm_2017,116,0.8,8,10,5,3,3,4,Supervised combined,0.6666666666666666,0.5,True
friedman_microcosm_2017,117,0.0,0,10,5,3,3,4,PLNNetwork,0.8541666666666666,0.75,False
friedman_microcosm_2017,117,0.0,0,10,5,3,3,4,Poisson GLMNet,0.5833333333333333,0.25,False
friedman_microcosm_2017,117,0.0,0,10,5,3,3,4,SparCC,0.8541666666666666,0.75,False
friedman_microcosm_2017,117,0.0,0,10,5,3,3,4,Mean rank,0.6666666666666666,0.5,False
friedman_microcosm_2017,117,0.0,0,10,5,3,3,4,SPIEC-EASI,0.6666666666666666,0.5,False
friedman_microcosm_2017,117,0.2,2,10,5,3,3,4,Supervised combined,0.6666666666666666,0.5,True
friedman_microcosm_2017,117,0.4,4,10,5,3,3,4,Supervised combined,0.5833333333333333,0.25,True
friedman_microcosm_2017,117,0.6,6,10,5,3,3,4,Supervised combined,0.5833333333333333,0.25,True
friedman_microcosm_2017,117,0.8,8,10,5,3,3,4,Supervised combined,0.5833333333333333,0.25,True
friedman_microcosm_2017,118,0.0,0,10,5,3,3,4,PLNNetwork,0.8541666666666666,0.75,False
friedman_microcosm_2017,118,0.0,0,10,5,3,3,4,Poisson GLMNet,0.5833333333333333,0.25,False
friedman_microcosm_2017,118,0.0,0,10,5,3,3,4,SparCC,0.6666666666666666,0.5,False
friedman_microcosm_2017,118,0.0,0,10,5,3,3,4,Mean rank,0.8541666666666666,0.75,False
friedman_microcosm_2017,118,0.0,0,10,5,3,3,4,SPIEC-EASI,0.6666666666666666,0.5,False
friedman_microcosm_2017,118,0.2,2,10,5,3,3,4,Supervised combined,0.6666666666666666,0.5,True
friedman_microcosm_2017,118,0.4,4,10,5,3,3,4,Supervised combined,0.8541666666666666,0.75,True
friedman_microcosm_2017,118,0.6,6,10,5,3,3,4,Supervised combined,0.6666666666666666,0.5,True
friedman_microcosm_2017,118,0.8,8,10,5,3,3,4,Supervised combined,0.6666666666666666,0.5,True
friedman_microcosm_2017,119,0.0,0,10,5,3,3,4,PLNNetwork,0.5833333333333333,0.25,False
friedman_microcosm_2017,119,0.0,0,10,5,3,3,4,Poisson GLMNet,0.6666666666666666,0.5,False
friedman_microcosm_2017,119,0.0,0,10,5,3,3,4,SparCC,0.6666666666666666,0.5,False
friedman_microcosm_2017,119,0.0,0,10,5,3,3,4,Mean rank,0.6666666666666666,0.5,False
friedman_microcosm_2017,119,0.0,0,10,5,3,3,4,SPIEC-EASI,0.6666666666666666,0.5,False
friedman_microcosm_2017,119,0.2,2,10,5,3,3,4,Supervised combined,0.5833333333333333,0.25,True
friedman_microcosm_2017,119,0.4,4,10,5,3,3,4,Supervised combined,0.5833333333333333,0.25,True
friedman_microcosm_2017,119,0.6,6,10,5,3,3,4,Supervised combined,0.5833333333333333,0.25,True
friedman_microcosm_2017,119,0.8,8,10,5,3,3,4,Supervised combined,0.5833333333333333,0.25,True
friedman_microcosm_2017,120,0.0,0,10,5,3,3,2,PLNNetwork,0.5,0.75,False
friedman_microcosm_2017,120,0.0,0,10,5,3,3,2,Poisson GLMNet,0.5,0.75,False
friedman_microcosm_2017,120,0.0,0,10,5,3,3,2,SparCC,0.29166666666666663,0.25,False
friedman_microcosm_2017,120,0.0,0,10,5,3,3,2,Mean rank,0.5,0.75,False
friedman_microcosm_2017,120,0.0,0,10,5,3,3,2,SPIEC-EASI,0.3333333333333333,0.5,False
friedman_microcosm_2017,120,0.2,2,10,5,3,3,2,Supervised combined,0.5,0.75,True
friedman_microcosm_2017,120,0.4,4,10,5,3,3,2,Supervised combined,0.29166666666666663,0.25,True
friedman_microcosm_2017,120,0.6,6,10,5,3,3,2,Supervised combined,0.29166666666666663,0.25,True
friedman_microcosm_2017,120,0.8,8,10,5,3,3,2,Supervised combined,0.29166666666666663,0.25,True
friedman_microcosm_2017,121,0.0,0,10,5,3,3,3,PLNNetwork,0.5,0.5,False
friedman_microcosm_2017,121,0.0,0,10,5,3,3,3,Poisson GLMNet,0.5,0.5,False
friedman_microcosm_2017,121,0.0,0,10,5,3,3,3,SparCC,0.5,0.5,False
friedman_microcosm_2017,121,0.0,0,10,5,3,3,3,Mean rank,0.5,0.5,False
friedman_microcosm_2017,121,0.0,0,10,5,3,3,3,SPIEC-EASI,0.5,0.5,False
friedman_microcosm_2017,121,0.2,2,10,5,3,3,3,Supervised combined,0.5,0.5,True
friedman_microcosm_2017,121,0.4,4,10,5,3,3,3,Supervised combined,0.5,0.5,True
friedman_microcosm_2017,121,0.6,6,10,5,3,3,3,Supervised combined,0.5,0.5,True
friedman_microcosm_2017,121,0.8,8,10,5,3,3,3,Supervised combined,0.5,0.5,True
friedman_microcosm_2017,122,0.0,0,10,5,3,3,2,PLNNetwork,0.29166666666666663,0.25,False
friedman_microcosm_2017,122,0.0,0,10,5,3,3,2,Poisson GLMNet,0.5,0.75,False
friedman_microcosm_2017,122,0.0,0,10,5,3,3,2,SparCC,0.41666666666666663,0.5,False
friedman_microcosm_2017,122,0.0,0,10,5,3,3,2,Mean rank,0.29166666666666663,0.25,False
friedman_microcosm_2017,122,0.0,0,10,5,3,3,2,SPIEC-EASI,0.3333333333333333,0.5,False
friedman_microcosm_2017,122,0.2,2,10,5,3,3,2,Supervised combined,0.3333333333333333,0.5,True
friedman_microcosm_2017,122,0.4,4,10,5,3,3,2,Supervised combined,0.3333333333333333,0.5,True
friedman_microcosm_2017,122,0.6,6,10,5,3,3,2,Supervised combined,0.3333333333333333,0.5,True
friedman_microcosm_2017,122,0.8,8,10,5,3,3,2,Supervised combined,0.29166666666666663,0.25,True
friedman_microcosm_2017,123,0.0,0,10,5,3,3,2,PLNNetwork,0.5,0.75,False
friedman_microcosm_2017,123,0.0,0,10,5,3,3,2,Poisson GLMNet,0.41666666666666663,0.5,False
friedman_microcosm_2017,123,0.0,0,10,5,3,3,2,SparCC,0.5,0.75,False
friedman_microcosm_2017,123,0.0,0,10,5,3,3,2,Mean rank,0.5,0.75,False
friedman_microcosm_2017,123,0.0,0,10,5,3,3,2,SPIEC-EASI,0.41666666666666663,0.625,False
friedman_microcosm_2017,123,0.2,2,10,5,3,3,2,Supervised combined,0.41666666666666663,0.5,True
friedman_microcosm_2017,123,0.4,4,10,5,3,3,2,Supervised combined,0.41666666666666663,0.5,True
friedman_microcosm_2017,123,0.6,6,10,5,3,3,2,Supervised combined,0.29166666666666663,0.25,True
friedman_microcosm_2017,123,0.8,8,10,5,3,3,2,Supervised combined,0.29166666666666663,0.25,True
friedman_microcosm_2017,124,0.0,0,10,5,3,3,3,PLNNetwork,0.5,0.5,False
friedman_microcosm_2017,124,0.0,0,10,5,3,3,3,Poisson GLMNet,0.5,0.5,False
friedman_microcosm_2017,124,0.0,0,10,5,3,3,3,SparCC,0.5,0.5,False
friedman_microcosm_2017,124,0.0,0,10,5,3,3,3,Mean rank,0.5,0.5,False
friedman_microcosm_2017,124,0.0,0,10,5,3,3,3,SPIEC-EASI,0.5,0.5,False
friedman_microcosm_2017,124,0.2,2,10,5,3,3,3,Supervised combined,0.5,0.5,True
friedman_microcosm_2017,124,0.4,4,10,5,3,3,3,Supervised combined,0.5,0.5,True
friedman_microcosm_2017,124,0.6,6,10,5,3,3,3,Supervised combined,0.5,0.5,True
friedman_microcosm_2017,124,0.8,8,10,5,3,3,3,Supervised combined,0.5,0.5,True
friedman_microcosm_2017,125,0.0,0,10,5,3,3,4,PLNNetwork,0.8541666666666666,0.75,False
friedman_microcosm_2017,125,0.0,0,10,5,3,3,4,Poisson GLMNet,0.5833333333333333,0.25,False
friedman_microcosm_2017,125,0.0,0,10,5,3,3,4,SparCC,0.5833333333333333,0.25,False
friedman_microcosm_2017,125,0.0,0,10,5,3,3,4,Mean rank,0.5833333333333333,0.25,False
friedman_microcosm_2017,125,0.0,0,10,5,3,3,4,SPIEC-EASI,0.6666666666666666,0.5,False
friedman_microcosm_2017,125,0.2,2,10,5,3,3,4,Supervised combined,0.8541666666666666,0.75,True
friedman_microcosm_2017,125,0.4,4,10,5,3,3,4,Supervised combined,0.6666666666666666,0.5,True
friedman_microcosm_2017,125,0.6,6,10,5,3,3,4,Supervised combined,0.8541666666666666,0.75,True
friedman_microcosm_2017,125,0.8,8,10,5,3,3,4,Supervised combined,0.6666666666666666,0.5,True
friedman_microcosm_2017,126,0.0,0,10,5,3,3,2,PLNNetwork,0.29166666666666663,0.25,False
friedman_microcosm_2017,126,0.0,0,10,5,3,3,2,Poisson GLMNet,0.41666666666666663,0.5,False
friedman_microcosm_2017,126,0.0,0,10,5,3,3,2,SparCC,0.29166666666666663,0.25,False
friedman_microcosm_2017,126,0.0,0,10,5,3,3,2,Mean rank,0.41666666666666663,0.5,False
friedman_microcosm_2017,126,0.0,0,10,5,3,3,2,SPIEC-EASI,0.3333333333333333,0.5,False
friedman_microcosm_2017,126,0.2,2,10,5,3,3,2,Supervised combined,0.5,0.75,True
friedman_microcosm_2017,126,0.4,4,10,5,3,3,2,Supervised combined,0.29166666666666663,0.25,True
friedman_microcosm_2017,126,0.6,6,10,5,3,3,2,Supervised combined,0.29166666666666663,0.25,True
friedman_microcosm_2017,126,0.8,8,10,5,3,3,2,Supervised combined,0.5,0.75,True
friedman_microcosm_2017,127,0.0,0,10,5,3,3,3,PLNNetwork,0.5,0.5,False
friedman_microcosm_2017,127,0.0,0,10,5,3,3,3,Poisson GLMNet,0.5,0.5,False
friedman_microcosm_2017,127,0.0,0,10,5,3,3,3,SparCC,0.5,0.5,False
friedman_microcosm_2017,127,0.0,0,10,5,3,3,3,Mean rank,0.5,0.5,False
friedman_microcosm_2017,127,0.0,0,10,5,3,3,3,SPIEC-EASI,0.5,0.5,False
friedman_microcosm_2017,127,0.2,2,10,5,3,3,3,Supervised combined,0.5,0.5,True
friedman_microcosm_2017,127,0.4,4,10,5,3,3,3,Supervised combined,0.5,0.5,True
friedman_microcosm_2017,127,0.6,6,10,5,3,3,3,Supervised combined,0.5,0.5,True
friedman_microcosm_2017,127,0.8,8,10,5,3,3,3,Supervised combined,0.5,0.5,True
friedman_microcosm_2017,128,0.0,0,10,5,3,3,4,PLNNetwork,0.5833333333333333,0.25,False
friedman_microcosm_2017,128,0.0,0,10,5,3,3,4,Poisson GLMNet,0.8541666666666666,0.75,False
friedman_microcosm_2017,128,0.0,0,10,5,3,3,4,SparCC,0.6666666666666666,0.5,False
friedman_microcosm_2017,128,0.0,0,10,5,3,3,4,Mean rank,0.6666666666666666,0.5,False
friedman_microcosm_2017,128,0.0,0,10,5,3,3,4,SPIEC-EASI,0.6666666666666666,0.5,False
friedman_microcosm_2017,128,0.2,2,10,5,3,3,4,Supervised combined,0.6666666666666666,0.5,True
friedman_microcosm_2017,128,0.4,4,10,5,3,3,4,Supervised combined,0.6666666666666666,0.5,True
friedman_microcosm_2017,128,0.6,6,10,5,3,3,4,Supervised combined,0.6666666666666666,0.5,True
friedman_microcosm_2017,128,0.8,8,10,5,3,3,4,Supervised combined,0.8541666666666666,0.75,True
friedman_microcosm_2017,129,0.0,0,10,5,3,3,3,PLNNetwork,0.5,0.2777777777777778,False
friedman_microcosm_2017,129,0.0,0,10,5,3,3,3,Poisson GLMNet,0.8333333333333333,0.7222222222222222,False
friedman_microcosm_2017,129,0.0,0,10,5,3,3,3,SparCC,0.9166666666666666,0.9444444444444444,False
friedman_microcosm_2017,129,0.0,0,10,5,3,3,3,Mean rank,0.8333333333333333,0.7222222222222222,False
friedman_microcosm_2017,129,0.0,0,10,5,3,3,3,SPIEC-EASI,0.5,0.5,False
friedman_microcosm_2017,129,0.2,2,10,5,3,3,3,Supervised combined,0.8333333333333333,0.7222222222222222,True
friedman_microcosm_2017,129,0.4,4,10,5,3,3,3,Supervised combined,0.4166666666666667,0.05555555555555556,True
friedman_microcosm_2017,129,0.6,6,10,5,3,3,3,Supervised combined,0.6666666666666666,0.7222222222222223,True
friedman_microcosm_2017,129,0.8,8,10,5,3,3,3,Supervised combined,0.6666666666666666,0.7222222222222223,True
friedman_microcosm_2017,130,0.0,0,10,5,3,3,4,PLNNetwork,0.6666666666666666,0.5,False
friedman_microcosm_2017,130,0.0,0,10,5,3,3,4,Poisson GLMNet,0.6666666666666666,0.5,False
friedman_microcosm_2017,130,0.0,0,10,5,3,3,4,SparCC,0.6666666666666666,0.5,False
friedman_microcosm_2017,130,0.0,0,10,5,3,3,4,Mean rank,0.6666666666666666,0.5,False
friedman_microcosm_2017,130,0.0,0,10,5,3,3,4,SPIEC-EASI,0.625,0.375,False
friedman_microcosm_2017,130,0.2,2,10,5,3,3,4,Supervised combined,0.6666666666666666,0.5,True
friedman_microcosm_2017,130,0.4,4,10,5,3,3,4,Supervised combined,0.6666666666666666,0.5,True
friedman_microcosm_2017,130,0.6,6,10,5,3,3,4,Supervised combined,0.8541666666666666,0.75,True
friedman_microcosm_2017,130,0.8,8,10,5,3,3,4,Supervised combined,0.8541666666666666,0.75,True
friedman_microcosm_2017,131,0.0,0,10,5,3,3,4,PLNNetwork,0.6666666666666666,0.5,False
friedman_microcosm_2017,131,0.0,0,10,5,3,3,4,Poisson GLMNet,0.5833333333333333,0.25,False
friedman_microcosm_2017,131,0.0,0,10,5,3,3,4,SparCC,0.6666666666666666,0.5,False
friedman_microcosm_2017,131,0.0,0,10,5,3,3,4,Mean rank,0.6666666666666666,0.5,False
friedman_microcosm_2017,131,0.0,0,10,5,3,3,4,SPIEC-EASI,0.625,0.375,False
friedman_microcosm_2017,131,0.2,2,10,5,3,3,4,Supervised combined,0.8541666666666666,0.75,True
friedman_microcosm_2017,131,0.4,4,10,5,3,3,4,Supervised combined,0.6666666666666666,0.5,True
friedman_microcosm_2017,131,0.6,6,10,5,3,3,4,Supervised combined,0.6666666666666666,0.5,True
friedman_microcosm_2017,131,0.8,8,10,5,3,3,4,Supervised combined,0.6666666666666666,0.5,True
friedman_microcosm_2017,132,0.0,0,10,5,3,3,3,PLNNetwork,0.5,0.5,False
friedman_microcosm_2017,132,0.0,0,10,5,3,3,3,Poisson GLMNet,0.5,0.5,False
friedman_microcosm_2017,132,0.0,0,10,5,3,3,3,SparCC,0.5,0.5,False
friedman_microcosm_2017,132,0.0,0,10,5,3,3,3,Mean rank,0.5,0.5,False
friedman_microcosm_2017,132,0.0,0,10,5,3,3,3,SPIEC-EASI,0.5,0.5,False
friedman_microcosm_2017,132,0.2,2,10,5,3,3,3,Supervised combined,0.5,0.5,True
friedman_microcosm_2017,132,0.4,4,10,5,3,3,3,Supervised combined,0.5,0.5,True
friedman_microcosm_2017,132,0.6,6,10,5,3,3,3,Supervised combined,0.5,0.5,True
friedman_microcosm_2017,132,0.8,8,10,5,3,3,3,Supervised combined,0.5,0.5,True
friedman_microcosm_2017,133,0.0,0,10,5,3,3,2,PLNNetwork,0.29166666666666663,0.25,False
friedman_microcosm_2017,133,0.0,0,10,5,3,3,2,Poisson GLMNet,0.41666666666666663,0.5,False
friedman_microcosm_2017,133,0.0,0,10,5,3,3,2,SparCC,0.29166666666666663,0.25,False
friedman_microcosm_2017,133,0.0,0,10,5,3,3,2,Mean rank,0.41666666666666663,0.5,False
friedman_microcosm_2017,133,0.0,0,10,5,3,3,2,SPIEC-EASI,0.3333333333333333,0.5,False
friedman_microcosm_2017,133,0.2,2,10,5,3,3,2,Supervised combined,0.3333333333333333,0.5,True
friedman_microcosm_2017,133,0.4,4,10,5,3,3,2,Supervised combined,0.3333333333333333,0.5,True
friedman_microcosm_2017,133,0.6,6,10,5,3,3,2,Supervised combined,0.41666666666666663,0.5,True
friedman_microcosm_2017,133,0.8,8,10,5,3,3,2,Supervised combined,0.5,0.75,True
friedman_microcosm_2017,134,0.0,0,10,5,3,3,2,PLNNetwork,0.5,0.75,False
friedman_microcosm_2017,134,0.0,0,10,5,3,3,2,Poisson GLMNet,0.41666666666666663,0.5,False
friedman_microcosm_2017,134,0.0,0,10,5,3,3,2,SparCC,0.41666666666666663,0.5,False
friedman_microcosm_2017,134,0.0,0,10,5,3,3,2,Mean rank,0.41666666666666663,0.5,False
friedman_microcosm_2017,134,0.0,0,10,5,3,3,2,SPIEC-EASI,0.3333333333333333,0.5,False
friedman_microcosm_2017,134,0.2,2,10,5,3,3,2,Supervised combined,0.3333333333333333,0.5,True
friedman_microcosm_2017,134,0.4,4,10,5,3,3,2,Supervised combined,0.5,0.75,True
friedman_microcosm_2017,134,0.6,6,10,5,3,3,2,Supervised combined,0.5,0.75,True
friedman_microcosm_2017,134,0.8,8,10,5,3,3,2,Supervised combined,0.5,0.75,True
friedman_microcosm_2017,135,0.0,0,10,5,3,3,4,PLNNetwork,0.6666666666666666,0.5,False
friedman_microcosm_2017,135,0.0,0,10,5,3,3,4,Poisson GLMNet,0.5833333333333333,0.25,False
friedman_microcosm_2017,135,0.0,0,10,5,3,3,4,SparCC,0.6666666666666666,0.5,False
friedman_microcosm_2017,135,0.0,0,10,5,3,3,4,Mean rank,0.6666666666666666,0.5,False
friedman_microcosm_2017,135,0.0,0,10,5,3,3,4,SPIEC-EASI,0.625,0.375,False
friedman_microcosm_2017,135,0.2,2,10,5,3,3,4,Supervised combined,0.6666666666666666,0.5,True
friedman_microcosm_2017,135,0.4,4,10,5,3,3,4,Supervised combined,0.5833333333333333,0.25,True
friedman_microcosm_2017,135,0.6,6,10,5,3,3,4,Supervised combined,0.5833333333333333,0.25,True
friedman_microcosm_2017,135,0.8,8,10,5,3,3,4,Supervised combined,0.5833333333333333,0.25,True
friedman_microcosm_2017,136,0.0,0,10,5,3,3,4,PLNNetwork,0.8541666666666666,0.75,False
friedman_microcosm_2017,136,0.0,0,10,5,3,3,4,Poisson GLMNet,0.5833333333333333,0.25,False
friedman_microcosm_2017,136,0.0,0,10,5,3,3,4,SparCC,0.8541666666666666,0.75,False
friedman_microcosm_2017,136,0.0,0,10,5,3,3,4,Mean rank,0.6666666666666666,0.5,False
friedman_microcosm_2017,136,0.0,0,10,5,3,3,4,SPIEC-EASI,0.6666666666666666,0.5,False
friedman_microcosm_2017,136,0.2,2,10,5,3,3,4,Supervised combined,0.6666666666666666,0.5,True
friedman_microcosm_2017,136,0.4,4,10,5,3,3,4,Supervised combined,0.8541666666666666,0.75,True
friedman_microcosm_2017,136,0.6,6,10,5,3,3,4,Supervised combined,0.5833333333333333,0.25,True
friedman_microcosm_2017,136,0.8,8,10,5,3,3,4,Supervised combined,0.5833333333333333,0.25,True
friedman_microcosm_2017,137,0.0,0,10,5,3,3,5,PLNNetwork,0.9666666666666667,0.9,False
friedman_microcosm_2017,137,0.0,0,10,5,3,3,5,Poisson GLMNet,0.8833333333333333,0.5,False
friedman_microcosm_2017,137,0.0,0,10,5,3,3,5,SparCC,0.8833333333333333,0.5,False
friedman_microcosm_2017,137,0.0,0,10,5,3,3,5,Mean rank,0.9666666666666667,0.9,False
friedman_microcosm_2017,137,0.0,0,10,5,3,3,5,SPIEC-EASI,0.8333333333333334,0.5,False
friedman_microcosm_2017,137,0.2,2,10,5,3,3,5,Supervised combined,0.8833333333333333,0.5,True
friedman_microcosm_2017,137,0.4,4,10,5,3,3,5,Supervised combined,0.8833333333333333,0.5,True
friedman_microcosm_2017,137,0.6,6,10,5,3,3,5,Supervised combined,0.9666666666666667,0.9,True
friedman_microcosm_2017,137,0.8,8,10,5,3,3,5,Supervised combined,0.7333333333333333,0.1,True
friedman_microcosm_2017,138,0.0,0,10,5,3,3,3,PLNNetwork,0.5,0.2777777777777778,False
friedman_microcosm_2017,138,0.0,0,10,5,3,3,3,Poisson GLMNet,0.6666666666666666,0.7222222222222223,False
friedman_microcosm_2017,138,0.0,0,10,5,3,3,3,SparCC,0.8333333333333333,0.7222222222222222,False
friedman_microcosm_2017,138,0.0,0,10,5,3,3,3,Mean rank,0.8333333333333333,0.7222222222222222,False
friedman_microcosm_2017,138,0.0,0,10,5,3,3,3,SPIEC-EASI,0.5,0.5,False
friedman_microcosm_2017,138,0.2,2,10,5,3,3,3,Supervised combined,0.5,0.5,True
friedman_microcosm_2017,138,0.4,4,10,5,3,3,3,Supervised combined,0.5,0.2777777777777778,True
friedman_microcosm_2017,138,0.6,6,10,5,3,3,3,Supervised combined,0.4166666666666667,0.05555555555555556,True
friedman_microcosm_2017,138,0.8,8,10,5,3,3,3,Supervised combined,0.4166666666666667,0.05555555555555556,True
friedman_microcosm_2017,139,0.0,0,10,5,3,3,3,PLNNetwork,0.5,0.5,False
friedman_microcosm_2017,139,0.0,0,10,5,3,3,3,Poisson GLMNet,0.5,0.5,False
friedman_microcosm_2017,139,0.0,0,10,5,3,3,3,SparCC,0.5,0.5,False
friedman_microcosm_2017,139,0.0,0,10,5,3,3,3,Mean rank,0.5,0.5,False
friedman_microcosm_2017,139,0.0,0,10,5,3,3,3,SPIEC-EASI,0.5,0.5,False
friedman_microcosm_2017,139,0.2,2,10,5,3,3,3,Supervised combined,0.5,0.5,True
friedman_microcosm_2017,139,0.4,4,10,5,3,3,3,Supervised combined,0.5,0.5,True
friedman_microcosm_2017,139,0.6,6,10,5,3,3,3,Supervised combined,0.5,0.5,True
friedman_microcosm_2017,139,0.8,8,10,5,3,3,3,Supervised combined,0.5,0.5,True
friedman_microcosm_2017,140,0.0,0,10,5,3,3,2,PLNNetwork,0.29166666666666663,0.25,False
friedman_microcosm_2017,140,0.0,0,10,5,3,3,2,Poisson GLMNet,0.5,0.75,False
friedman_microcosm_2017,140,0.0,0,10,5,3,3,2,SparCC,0.41666666666666663,0.5,False
friedman_microcosm_2017,140,0.0,0,10,5,3,3,2,Mean rank,0.29166666666666663,0.25,False
friedman_microcosm_2017,140,0.0,0,10,5,3,3,2,SPIEC-EASI,0.3333333333333333,0.5,False
friedman_microcosm_2017,140,0.2,2,10,5,3,3,2,Supervised combined,0.3333333333333333,0.5,True
friedman_microcosm_2017,140,0.4,4,10,5,3,3,2,Supervised combined,0.5,0.75,True
friedman_microcosm_2017,140,0.6,6,10,5,3,3,2,Supervised combined,0.41666666666666663,0.5,True
friedman_microcosm_2017,140,0.8,8,10,5,3,3,2,Supervised combined,0.41666666666666663,0.5,True
friedman_microcosm_2017,141,0.0,0,10,5,3,3,5,PLNNetwork,0.7333333333333333,0.1,False
friedman_microcosm_2017,141,0.0,0,10,5,3,3,5,Poisson GLMNet,0.8833333333333333,0.5,False
friedman_microcosm_2017,141,0.0,0,10,5,3,3,5,SparCC,0.9666666666666667,0.9,False
friedman_microcosm_2017,141,0.0,0,10,5,3,3,5,Mean rank,0.9666666666666667,0.9,False
friedman_microcosm_2017,141,0.0,0,10,5,3,3,5,SPIEC-EASI,0.8333333333333334,0.5,False
friedman_microcosm_2017,141,0.2,2,10,5,3,3,5,Supervised combined,0.8333333333333334,0.5,True
friedman_microcosm_2017,141,0.4,4,10,5,3,3,5,Supervised combined,0.8333333333333334,0.5,True
friedman_microcosm_2017,141,0.6,6,10,5,3,3,5,Supervised combined,0.8333333333333334,0.5,True
friedman_microcosm_2017,141,0.8,8,10,5,3,3,5,Supervised combined,0.7333333333333333,0.1,True
friedman_microcosm_2017,142,0.0,0,10,5,3,3,4,PLNNetwork,0.6666666666666666,0.5,False
friedman_microcosm_2017,142,0.0,0,10,5,3,3,4,Poisson GLMNet,0.6666666666666666,0.5,False
friedman_microcosm_2017,142,0.0,0,10,5,3,3,4,SparCC,0.8541666666666666,0.75,False
friedman_microcosm_2017,142,0.0,0,10,5,3,3,4,Mean rank,0.8541666666666666,0.75,False
friedman_microcosm_2017,142,0.0,0,10,5,3,3,4,SPIEC-EASI,0.6666666666666666,0.5,False
friedman_microcosm_2017,142,0.2,2,10,5,3,3,4,Supervised combined,0.5833333333333333,0.25,True
friedman_microcosm_2017,142,0.4,4,10,5,3,3,4,Supervised combined,0.5833333333333333,0.25,True
friedman_microcosm_2017,142,0.6,6,10,5,3,3,4,Supervised combined,0.5833333333333333,0.25,True
friedman_microcosm_2017,142,0.8,8,10,5,3,3,4,Supervised combined,0.5833333333333333,0.25,True
friedman_microcosm_2017,143,0.0,0,10,5,3,3,5,PLNNetwork,0.8833333333333333,0.5,False
friedman_microcosm_2017,143,0.0,0,10,5,3,3,5,Poisson GLMNet,0.8833333333333333,0.5,False
friedman_microcosm_2017,143,0.0,0,10,5,3,3,5,SparCC,0.7333333333333333,0.1,False
friedman_microcosm_2017,143,0.0,0,10,5,3,3,5,Mean rank,0.7333333333333333,0.1,False
friedman_microcosm_2017,143,0.0,0,10,5,3,3,5,SPIEC-EASI,0.8333333333333334,0.5,False
friedman_microcosm_2017,143,0.2,2,10,5,3,3,5,Supervised combined,0.7333333333333333,0.1,True
friedman_microcosm_2017,143,0.4,4,10,5,3,3,5,Supervised combined,0.9666666666666667,0.9,True
friedman_microcosm_2017,143,0.6,6,10,5,3,3,5,Supervised combined,0.9666666666666667,0.9,True
friedman_microcosm_2017,143,0.8,8,10,5,3,3,5,Supervised combined,0.9666666666666667,0.9,True
friedman_microcosm_2017,144,0.0,0,10,5,3,3,4,PLNNetwork,0.6666666666666666,0.5,False
friedman_microcosm_2017,144,0.0,0,10,5,3,3,4,Poisson GLMNet,0.8541666666666666,0.75,False
friedman_microcosm_2017,144,0.0,0,10,5,3,3,4,SparCC,0.8541666666666666,0.75,False
friedman_microcosm_2017,144,0.0,0,10,5,3,3,4,Mean rank,0.8541666666666666,0.75,False
friedman_microcosm_2017,144,0.0,0,10,5,3,3,4,SPIEC-EASI,0.6666666666666666,0.5,False
friedman_microcosm_2017,144,0.2,2,10,5,3,3,4,Supervised combined,0.8541666666666666,0.75,True
friedman_microcosm_2017,144,0.4,4,10,5,3,3,4,Supervised combined,0.8541666666666666,0.75,True
friedman_microcosm_2017,144,0.6,6,10,5,3,3,4,Supervised combined,0.8541666666666666,0.75,True
friedman_microcosm_2017,144,0.8,8,10,5,3,3,4,Supervised combined,0.8541666666666666,0.75,True
friedman_microcosm_2017,145,0.0,0,10,5,3,3,3,PLNNetwork,0.5,0.5,False
friedman_microcosm_2017,145,0.0,0,10,5,3,3,3,Poisson GLMNet,0.5,0.5,False
friedman_microcosm_2017,145,0.0,0,10,5,3,3,3,SparCC,0.5,0.5,False
friedman_microcosm_2017,145,0.0,0,10,5,3,3,3,Mean rank,0.5,0.5,False
friedman_microcosm_2017,145,0.0,0,10,5,3,3,3,SPIEC-EASI,0.5,0.5,False
friedman_microcosm_2017,145,0.2,2,10,5,3,3,3,Supervised combined,0.5,0.5,True
friedman_microcosm_2017,145,0.4,4,10,5,3,3,3,Supervised combined,0.5,0.5,True
friedman_microcosm_2017,145,0.6,6,10,5,3,3,3,Supervised combined,0.5,0.5,True
friedman_microcosm_2017,145,0.8,8,10,5,3,3,3,Supervised combined,0.5,0.5,True
friedman_microcosm_2017,146,0.0,0,10,5,3,3,4,PLNNetwork,0.5833333333333333,0.25,False
friedman_microcosm_2017,146,0.0,0,10,5,3,3,4,Poisson GLMNet,0.8541666666666666,0.75,False
friedman_microcosm_2017,146,0.0,0,10,5,3,3,4,SparCC,0.6666666666666666,0.5,False
friedman_microcosm_2017,146,0.0,0,10,5,3,3,4,Mean rank,0.6666666666666666,0.5,False
friedman_microcosm_2017,146,0.0,0,10,5,3,3,4,SPIEC-EASI,0.6666666666666666,0.5,False
friedman_microcosm_2017,146,0.2,2,10,5,3,3,4,Supervised combined,0.6666666666666666,0.5,True
friedman_microcosm_2017,146,0.4,4,10,5,3,3,4,Supervised combined,0.8541666666666666,0.75,True
friedman_microcosm_2017,146,0.6,6,10,5,3,3,4,Supervised combined,0.8541666666666666,0.75,True
friedman_microcosm_2017,146,0.8,8,10,5,3,3,4,Supervised combined,0.8541666666666666,0.75,True
friedman_microcosm_2017,147,0.0,0,10,5,3,3,5,PLNNetwork,0.7333333333333333,0.1,False
friedman_microcosm_2017,147,0.0,0,10,5,3,3,5,Poisson GLMNet,0.8833333333333333,0.5,False
friedman_microcosm_2017,147,0.0,0,10,5,3,3,5,SparCC,0.7333333333333333,0.1,False
friedman_microcosm_2017,147,0.0,0,10,5,3,3,5,Mean rank,0.7333333333333333,0.1,False
friedman_microcosm_2017,147,0.0,0,10,5,3,3,5,SPIEC-EASI,0.8333333333333334,0.5,False
friedman_microcosm_2017,147,0.2,2,10,5,3,3,5,Supervised combined,0.8833333333333333,0.5,True
friedman_microcosm_2017,147,0.4,4,10,5,3,3,5,Supervised combined,0.9666666666666667,0.9,True
friedman_microcosm_2017,147,0.6,6,10,5,3,3,5,Supervised combined,0.8833333333333333,0.5,True
friedman_microcosm_2017,147,0.8,8,10,5,3,3,5,Supervised combined,0.8833333333333333,0.5,True
friedman_microcosm_2017,148,0.0,0,10,5,3,3,5,PLNNetwork,0.8833333333333333,0.5,False
friedman_microcosm_2017,148,0.0,0,10,5,3,3,5,Poisson GLMNet,0.8833333333333333,0.5,False
friedman_microcosm_2017,148,0.0,0,10,5,3,3,5,SparCC,0.7333333333333333,0.1,False
friedman_microcosm_2017,148,0.0,0,10,5,3,3,5,Mean rank,0.7333333333333333,0.1,False
friedman_microcosm_2017,148,0.0,0,10,5,3,3,5,SPIEC-EASI,0.8333333333333334,0.5,False
friedman_microcosm_2017,148,0.2,2,10,5,3,3,5,Supervised combined,0.8333333333333334,0.5,True
friedman_microcosm_2017,148,0.4,4,10,5,3,3,5,Supervised combined,0.8333333333333334,0.5,True
friedman_microcosm_2017,148,0.6,6,10,5,3,3,5,Supervised combined,0.9666666666666667,0.9,True
friedman_microcosm_2017,148,0.8,8,10,5,3,3,5,Supervised combined,0.9666666666666667,0.9,True
friedman_microcosm_2017,149,0.0,0,10,5,3,3,2,PLNNetwork,0.5,0.75,False
friedman_microcosm_2017,149,0.0,0,10,5,3,3,2,Poisson GLMNet,0.41666666666666663,0.5,False
friedman_microcosm_2017,149,0.0,0,10,5,3,3,2,SparCC,0.41666666666666663,0.5,False
friedman_microcosm_2017,149,0.0,0,10,5,3,3,2,Mean rank,0.41666666666666663,0.5,False
friedman_microcosm_2017,149,0.0,0,10,5,3,3,2,SPIEC-EASI,0.3333333333333333,0.5,False
friedman_microcosm_2017,149,0.2,2,10,5,3,3,2,Supervised combined,0.3333333333333333,0.5,False
friedman_microcosm_2017,149,0.4,4,10,5,3,3,2,Supervised combined,0.41666666666666663,0.5,True
friedman_microcosm_2017,149,0.6,6,10,5,3,3,2,Supervised combined,0.41666666666666663,0.5,True
friedman_microcosm_2017,149,0.8,8,10,5,3,3,2,Supervised combined,0.41666666666666663,0.5,True
friedman_microcosm_2017,150,0.0,0,10,5,3,3,4,PLNNetwork,0.8541666666666666,0.75,False
friedman_microcosm_2017,150,0.0,0,10,5,3,3,4,Poisson GLMNet,0.5833333333333333,0.25,False
friedman_microcosm_2017,150,0.0,0,10,5,3,3,4,SparCC,0.8541666666666666,0.75,False
friedman_microcosm_2017,150,0.0,0,10,5,3,3,4,Mean rank,0.6666666666666666,0.5,False
friedman_microcosm_2017,150,0.0,0,10,5,3,3,4,SPIEC-EASI,0.6666666666666666,0.5,False
friedman_microcosm_2017,150,0.2,2,10,5,3,3,4,Supervised combined,0.5833333333333333,0.25,True
friedman_microcosm_2017,150,0.4,4,10,5,3,3,4,Supervised combined,0.5833333333333333,0.25,True
friedman_microcosm_2017,150,0.6,6,10,5,3,3,4,Supervised combined,0.5833333333333333,0.25,True
friedman_microcosm_2017,150,0.8,8,10,5,3,3,4,Supervised combined,0.5833333333333333,0.25,True
friedman_microcosm_2017,151,0.0,0,10,5,3,3,3,PLNNetwork,0.5,0.5,False
friedman_microcosm_2017,151,0.0,0,10,5,3,3,3,Poisson GLMNet,0.5,0.5,False
friedman_microcosm_2017,151,0.0,0,10,5,3,3,3,SparCC,0.5,0.5,False
friedman_microcosm_2017,151,0.0,0,10,5,3,3,3,Mean rank,0.5,0.5,False
friedman_microcosm_2017,151,0.0,0,10,5,3,3,3,SPIEC-EASI,0.5,0.5,False
friedman_microcosm_2017,151,0.2,2,10,5,3,3,3,Supervised combined,0.5,0.5,True
friedman_microcosm_2017,151,0.4,4,10,5,3,3,3,Supervised combined,0.5,0.5,True
friedman_microcosm_2017,151,0.6,6,10,5,3,3,3,Supervised combined,0.5,0.5,True
friedman_microcosm_2017,151,0.8,8,10,5,3,3,3,Supervised combined,0.5,0.5,True
friedman_microcosm_2017,152,0.0,0,10,5,3,3,2,PLNNetwork,0.29166666666666663,0.25,False
friedman_microcosm_2017,152,0.0,0,10,5,3,3,2,Poisson GLMNet,0.41666666666666663,0.5,False
friedman_microcosm_2017,152,0.0,0,10,5,3,3,2,SparCC,0.29166666666666663,0.25,False
friedman_microcosm_2017,152,0.0,0,10,5,3,3,2,Mean rank,0.41666666666666663,0.5,False
friedman_microcosm_2017,152,0.0,0,10,5,3,3,2,SPIEC-EASI,0.3333333333333333,0.5,False
friedman_microcosm_2017,152,0.2,2,10,5,3,3,2,Supervised combined,0.3333333333333333,0.5,False
friedman_microcosm_2017,152,0.4,4,10,5,3,3,2,Supervised combined,0.41666666666666663,0.5,True
friedman_microcosm_2017,152,0.6,6,10,5,3,3,2,Supervised combined,0.41666666666666663,0.5,True
friedman_microcosm_2017,152,0.8,8,10,5,3,3,2,Supervised combined,0.5,0.75,True
friedman_microcosm_2017,153,0.0,0,10,5,3,3,3,PLNNetwork,0.5,0.5,False
friedman_microcosm_2017,153,0.0,0,10,5,3,3,3,Poisson GLMNet,0.5,0.5,False
friedman_microcosm_2017,153,0.0,0,10,5,3,3,3,SparCC,0.5,0.5,False
friedman_microcosm_2017,153,0.0,0,10,5,3,3,3,Mean rank,0.5,0.5,False
friedman_microcosm_2017,153,0.0,0,10,5,3,3,3,SPIEC-EASI,0.5,0.5,False
friedman_microcosm_2017,153,0.2,2,10,5,3,3,3,Supervised combined,0.5,0.5,True
friedman_microcosm_2017,153,0.4,4,10,5,3,3,3,Supervised combined,0.5,0.5,True
friedman_microcosm_2017,153,0.6,6,10,5,3,3,3,Supervised combined,0.5,0.5,True
friedman_microcosm_2017,153,0.8,8,10,5,3,3,3,Supervised combined,0.5,0.5,True
friedman_microcosm_2017,154,0.0,0,10,5,3,3,2,PLNNetwork,0.5,0.75,False
friedman_microcosm_2017,154,0.0,0,10,5,3,3,2,Poisson GLMNet,0.41666666666666663,0.5,False
friedman_microcosm_2017,154,0.0,0,10,5,3,3,2,SparCC,0.41666666666666663,0.5,False
friedman_microcosm_2017,154,0.0,0,10,5,3,3,2,Mean rank,0.41666666666666663,0.5,False
friedman_microcosm_2017,154,0.0,0,10,5,3,3,2,SPIEC-EASI,0.3333333333333333,0.5,False
friedman_microcosm_2017,154,0.2,2,10,5,3,3,2,Supervised combined,0.41666666666666663,0.5,True
friedman_microcosm_2017,154,0.4,4,10,5,3,3,2,Supervised combined,0.41666666666666663,0.5,True
friedman_microcosm_2017,154,0.6,6,10,5,3,3,2,Supervised combined,0.41666666666666663,0.5,True
friedman_microcosm_2017,154,0.8,8,10,5,3,3,2,Supervised combined,0.41666666666666663,0.5,True
friedman_microcosm_2017,155,0.0,0,10,5,3,3,4,PLNNetwork,0.6666666666666666,0.5,False
friedman_microcosm_2017,155,0.0,0,10,5,3,3,4,Poisson GLMNet,0.6666666666666666,0.5,False
friedman_microcosm_2017,155,0.0,0,10,5,3,3,4,SparCC,0.6666666666666666,0.5,False
friedman_microcosm_2017,155,0.0,0,10,5,3,3,4,Mean rank,0.8541666666666666,0.75,False
friedman_microcosm_2017,155,0.0,0,10,5,3,3,4,SPIEC-EASI,0.6666666666666666,0.5,False
friedman_microcosm_2017,155,0.2,2,10,5,3,3,4,Supervised combined,0.5833333333333333,0.25,True
friedman_microcosm_2017,155,0.4,4,10,5,3,3,4,Supervised combined,0.5833333333333333,0.25,True
friedman_microcosm_2017,155,0.6,6,10,5,3,3,4,Supervised combined,0.5833333333333333,0.25,True
friedman_microcosm_2017,155,0.8,8,10,5,3,3,4,Supervised combined,0.5833333333333333,0.25,True
friedman_microcosm_2017,156,0.0,0,10,5,3,3,4,PLNNetwork,0.8541666666666666,0.75,False
friedman_microcosm_2017,156,0.0,0,10,5,3,3,4,Poisson GLMNet,0.5833333333333333,0.25,False
friedman_microcosm_2017,156,0.0,0,10,5,3,3,4,SparCC,0.6666666666666666,0.5,False
friedman_microcosm_2017,156,0.0,0,10,5,3,3,4,Mean rank,0.8541666666666666,0.75,False
friedman_microcosm_2017,156,0.0,0,10,5,3,3,4,SPIEC-EASI,0.6666666666666666,0.5,False
friedman_microcosm_2017,156,0.2,2,10,5,3,3,4,Supervised combined,0.6666666666666666,0.5,True
friedman_microcosm_2017,156,0.4,4,10,5,3,3,4,Supervised combined,0.8541666666666666,0.75,True
friedman_microcosm_2017,156,0.6,6,10,5,3,3,4,Supervised combined,0.6666666666666666,0.5,True
friedman_microcosm_2017,156,0.8,8,10,5,3,3,4,Supervised combined,0.6666666666666666,0.5,True
friedman_microcosm_2017,157,0.0,0,10,5,3,3,4,PLNNetwork,0.5833333333333333,0.25,False
friedman_microcosm_2017,157,0.0,0,10,5,3,3,4,Poisson GLMNet,0.6666666666666666,0.5,False
friedman_microcosm_2017,157,0.0,0,10,5,3,3,4,SparCC,0.6666666666666666,0.5,False
friedman_microcosm_2017,157,0.0,0,10,5,3,3,4,Mean rank,0.6666666666666666,0.5,False
friedman_microcosm_2017,157,0.0,0,10,5,3,3,4,SPIEC-EASI,0.6666666666666666,0.5,False
friedman_microcosm_2017,157,0.2,2,10,5,3,3,4,Supervised combined,0.6666666666666666,0.5,True
friedman_microcosm_2017,157,0.4,4,10,5,3,3,4,Supervised combined,0.8541666666666666,0.75,True
friedman_microcosm_2017,157,0.6,6,10,5,3,3,4,Supervised combined,0.6666666666666666,0.5,True
friedman_microcosm_2017,157,0.8,8,10,5,3,3,4,Supervised combined,0.5833333333333333,0.25,True
friedman_microcosm_2017,158,0.0,0,10,5,3,3,3,PLNNetwork,0.5,0.5,False
friedman_microcosm_2017,158,0.0,0,10,5,3,3,3,Poisson GLMNet,0.5,0.5,False
friedman_microcosm_2017,158,0.0,0,10,5,3,3,3,SparCC,0.5,0.5,False
friedman_microcosm_2017,158,0.0,0,10,5,3,3,3,Mean rank,0.5,0.5,False
friedman_microcosm_2017,158,0.0,0,10,5,3,3,3,SPIEC-EASI,0.5,0.5,False
friedman_microcosm_2017,158,0.2,2,10,5,3,3,3,Supervised combined,0.5,0.5,True
friedman_microcosm_2017,158,0.4,4,10,5,3,3,3,Supervised combined,0.5,0.5,True
friedman_microcosm_2017,158,0.6,6,10,5,3,3,3,Supervised combined,0.5,0.5,True
friedman_microcosm_2017,158,0.8,8,10,5,3,3,3,Supervised combined,0.5,0.5,True
friedman_microcosm_2017,159,0.0,0,10,5,3,3,3,PLNNetwork,0.5,0.5,False
friedman_microcosm_2017,159,0.0,0,10,5,3,3,3,Poisson GLMNet,0.5,0.5,False
friedman_microcosm_2017,159,0.0,0,10,5,3,3,3,SparCC,0.5,0.5,False
friedman_microcosm_2017,159,0.0,0,10,5,3,3,3,Mean rank,0.5,0.5,False
friedman_microcosm_2017,159,0.0,0,10,5,3,3,3,SPIEC-EASI,0.5,0.5,False
friedman_microcosm_2017,159,0.2,2,10,5,3,3,3,Supervised combined,0.5,0.5,True
friedman_microcosm_2017,159,0.4,4,10,5,3,3,3,Supervised combined,0.5,0.5,True
friedman_microcosm_2017,159,0.6,6,10,5,3,3,3,Supervised combined,0.5,0.5,True
friedman_microcosm_2017,159,0.8,8,10,5,3,3,3,Supervised combined,0.5,0.5,True
friedman_microcosm_2017,160,0.0,0,10,5,3,3,3,PLNNetwork,0.5,0.5,False
friedman_microcosm_2017,160,0.0,0,10,5,3,3,3,Poisson GLMNet,0.5,0.5,False
friedman_microcosm_2017,160,0.0,0,10,5,3,3,3,SparCC,0.5,0.5,False
friedman_microcosm_2017,160,0.0,0,10,5,3,3,3,Mean rank,0.5,0.5,False
friedman_microcosm_2017,160,0.0,0,10,5,3,3,3,SPIEC-EASI,0.5,0.5,False
friedman_microcosm_2017,160,0.2,2,10,5,3,3,3,Supervised combined,0.5,0.5,True
friedman_microcosm_2017,160,0.4,4,10,5,3,3,3,Supervised combined,0.5,0.5,True
friedman_microcosm_2017,160,0.6,6,10,5,3,3,3,Supervised combined,0.5,0.5,True
friedman_microcosm_2017,160,0.8,8,10,5,3,3,3,Supervised combined,0.5,0.5,True
friedman_microcosm_2017,161,0.0,0,10,5,3,3,3,PLNNetwork,0.5,0.2777777777777778,False
friedman_microcosm_2017,161,0.0,0,10,5,3,3,3,Poisson GLMNet,0.6666666666666666,0.7222222222222223,False
friedman_microcosm_2017,161,0.0,0,10,5,3,3,3,SparCC,0.8333333333333333,0.7222222222222222,False
friedman_microcosm_2017,161,0.0,0,10,5,3,3,3,Mean rank,0.8333333333333333,0.7222222222222222,False
friedman_microcosm_2017,161,0.0,0,10,5,3,3,3,SPIEC-EASI,0.5,0.5,False
friedman_microcosm_2017,161,0.2,2,10,5,3,3,3,Supervised combined,0.5,0.2777777777777778,True
friedman_microcosm_2017,161,0.4,4,10,5,3,3,3,Supervised combined,0.5,0.2777777777777778,True
friedman_microcosm_2017,161,0.6,6,10,5,3,3,3,Supervised combined,0.8333333333333333,0.7222222222222222,True
friedman_microcosm_2017,161,0.8,8,10,5,3,3,3,Supervised combined,0.4166666666666667,0.05555555555555556,True
friedman_microcosm_2017,162,0.0,0,10,5,3,3,4,PLNNetwork,0.6666666666666666,0.5,False
friedman_microcosm_2017,162,0.0,0,10,5,3,3,4,Poisson GLMNet,0.5833333333333333,0.25,False
friedman_microcosm_2017,162,0.0,0,10,5,3,3,4,SparCC,0.8541666666666666,0.75,False
friedman_microcosm_2017,162,0.0,0,10,5,3,3,4,Mean rank,0.6666666666666666,0.5,False
friedman_microcosm_2017,162,0.0,0,10,5,3,3,4,SPIEC-EASI,0.625,0.375,False
friedman_microcosm_2017,162,0.2,2,10,5,3,3,4,Supervised combined,0.6666666666666666,0.5,True
friedman_microcosm_2017,162,0.4,4,10,5,3,3,4,Supervised combined,0.8541666666666666,0.75,True
friedman_microcosm_2017,162,0.6,6,10,5,3,3,4,Supervised combined,0.8541666666666666,0.75,True
friedman_microcosm_2017,162,0.8,8,10,5,3,3,4,Supervised combined,0.6666666666666666,0.5,True
friedman_microcosm_2017,163,0.0,0,10,5,3,3,4,PLNNetwork,0.5833333333333333,0.25,False
friedman_microcosm_2017,163,0.0,0,10,5,3,3,4,Poisson GLMNet,0.6666666666666666,0.5,False
friedman_microcosm_2017,163,0.0,0,10,5,3,3,4,SparCC,0.8541666666666666,0.75,False
friedman_microcosm_2017,163,0.0,0,10,5,3,3,4,Mean rank,0.6666666666666666,0.5,False
friedman_microcosm_2017,163,0.0,0,10,5,3,3,4,SPIEC-EASI,0.625,0.375,False
friedman_microcosm_2017,163,0.2,2,10,5,3,3,4,Supervised combined,0.6666666666666666,0.5,True
friedman_microcosm_2017,163,0.4,4,10,5,3,3,4,Supervised combined,0.6666666666666666,0.5,True
friedman_microcosm_2017,163,0.6,6,10,5,3,3,4,Supervised combined,0.8541666666666666,0.75,True
friedman_microcosm_2017,163,0.8,8,10,5,3,3,4,Supervised combined,0.8541666666666666,0.75,True
friedman_microcosm_2017,164,0.0,0,10,5,3,3,5,PLNNetwork,0.9666666666666667,0.9,False
friedman_microcosm_2017,164,0.0,0,10,5,3,3,5,Poisson GLMNet,0.7333333333333333,0.1,False
friedman_microcosm_2017,164,0.0,0,10,5,3,3,5,SparCC,0.8833333333333333,0.5,False
friedman_microcosm_2017,164,0.0,0,10,5,3,3,5,Mean rank,0.8833333333333333,0.5,False
friedman_microcosm_2017,164,0.0,0,10,5,3,3,5,SPIEC-EASI,0.8333333333333334,0.5,False
friedman_microcosm_2017,164,0.2,2,10,5,3,3,5,Supervised combined,0.8333333333333334,0.5,True
friedman_microcosm_2017,164,0.4,4,10,5,3,3,5,Supervised combined,0.9666666666666667,0.9,True
friedman_microcosm_2017,164,0.6,6,10,5,3,3,5,Supervised combined,0.9666666666666667,0.9,True
friedman_microcosm_2017,164,0.8,8,10,5,3,3,5,Supervised combined,0.9666666666666667,0.9,True
friedman_microcosm_2017,165,0.0,0,10,5,3,3,3,PLNNetwork,0.5,0.5,False
friedman_microcosm_2017,165,0.0,0,10,5,3,3,3,Poisson GLMNet,0.5,0.5,False
friedman_microcosm_2017,165,0.0,0,10,5,3,3,3,SparCC,0.5,0.5,False
friedman_microcosm_2017,165,0.0,0,10,5,3,3,3,Mean rank,0.5,0.5,False
friedman_microcosm_2017,165,0.0,0,10,5,3,3,3,SPIEC-EASI,0.5,0.5,False
friedman_microcosm_2017,165,0.2,2,10,5,3,3,3,Supervised combined,0.5,0.5,True
friedman_microcosm_2017,165,0.4,4,10,5,3,3,3,Supervised combined,0.5,0.5,True
friedman_microcosm_2017,165,0.6,6,10,5,3,3,3,Supervised combined,0.5,0.5,True
friedman_microcosm_2017,165,0.8,8,10,5,3,3,3,Supervised combined,0.5,0.5,True
friedman_microcosm_2017,166,0.0,0,10,5,3,3,3,PLNNetwork,0.5,0.5,False
friedman_microcosm_2017,166,0.0,0,10,5,3,3,3,Poisson GLMNet,0.5,0.5,False
friedman_microcosm_2017,166,0.0,0,10,5,3,3,3,SparCC,0.5,0.5,False
friedman_microcosm_2017,166,0.0,0,10,5,3,3,3,Mean rank,0.5,0.5,False
friedman_microcosm_2017,166,0.0,0,10,5,3,3,3,SPIEC-EASI,0.5,0.5,False
friedman_microcosm_2017,166,0.2,2,10,5,3,3,3,Supervised combined,0.5,0.5,True
friedman_microcosm_2017,166,0.4,4,10,5,3,3,3,Supervised combined,0.5,0.5,True
friedman_microcosm_2017,166,0.6,6,10,5,3,3,3,Supervised combined,0.5,0.5,True
friedman_microcosm_2017,166,0.8,8,10,5,3,3,3,Supervised combined,0.5,0.5,True
friedman_microcosm_2017,167,0.0,0,10,5,3,3,4,PLNNetwork,0.8541666666666666,0.75,False
friedman_microcosm_2017,167,0.0,0,10,5,3,3,4,Poisson GLMNet,0.5833333333333333,0.25,False
friedman_microcosm_2017,167,0.0,0,10,5,3,3,4,SparCC,0.6666666666666666,0.5,False
friedman_microcosm_2017,167,0.0,0,10,5,3,3,4,Mean rank,0.8541666666666666,0.75,False
friedman_microcosm_2017,167,0.0,0,10,5,3,3,4,SPIEC-EASI,0.6666666666666666,0.5,False
friedman_microcosm_2017,167,0.2,2,10,5,3,3,4,Supervised combined,0.8541666666666666,0.75,True
friedman_microcosm_2017,167,0.4,4,10,5,3,3,4,Supervised combined,0.8541666666666666,0.75,True
friedman_microcosm_2017,167,0.6,6,10,5,3,3,4,Supervised combined,0.8541666666666666,0.75,True
friedman_microcosm_2017,167,0.8,8,10,5,3,3,4,Supervised combined,0.6666666666666666,0.5,True
friedman_microcosm_2017,168,0.0,0,10,5,3,3,5,PLNNetwork,0.9666666666666667,0.9,False
friedman_microcosm_2017,168,0.0,0,10,5,3,3,5,Poisson GLMNet,0.7333333333333333,0.1,False
friedman_microcosm_2017,168,0.0,0,10,5,3,3,5,SparCC,0.8833333333333333,0.5,False
friedman_microcosm_2017,168,0.0,0,10,5,3,3,5,Mean rank,0.8833333333333333,0.5,False
friedman_microcosm_2017,168,0.0,0,10,5,3,3,5,SPIEC-EASI,0.8333333333333334,0.5,False
friedman_microcosm_2017,168,0.2,2,10,5,3,3,5,Supervised combined,0.8333333333333334,0.5,True
friedman_microcosm_2017,168,0.4,4,10,5,3,3,5,Supervised combined,0.8833333333333333,0.5,True
friedman_microcosm_2017,168,0.6,6,10,5,3,3,5,Supervised combined,0.8833333333333333,0.5,True
friedman_microcosm_2017,168,0.8,8,10,5,3,3,5,Supervised combined,0.8833333333333333,0.5,True
friedman_microcosm_2017,169,0.0,0,10,5,3,3,4,PLNNetwork,0.5833333333333333,0.25,False
friedman_microcosm_2017,169,0.0,0,10,5,3,3,4,Poisson GLMNet,0.6666666666666666,0.5,False
friedman_microcosm_2017,169,0.0,0,10,5,3,3,4,SparCC,0.8541666666666666,0.75,False
friedman_microcosm_2017,169,0.0,0,10,5,3,3,4,Mean rank,0.6666666666666666,0.5,False
friedman_microcosm_2017,169,0.0,0,10,5,3,3,4,SPIEC-EASI,0.625,0.375,False
friedman_microcosm_2017,169,0.2,2,10,5,3,3,4,Supervised combined,0.6666666666666666,0.5,True
friedman_microcosm_2017,169,0.4,4,10,5,3,3,4,Supervised combined,0.6666666666666666,0.5,True
friedman_microcosm_2017,169,0.6,6,10,5,3,3,4,Supervised combined,0.6666666666666666,0.5,True
friedman_microcosm_2017,169,0.8,8,10,5,3,3,4,Supervised combined,0.8541666666666666,0.75,True
friedman_microcosm_2017,170,0.0,0,10,5,3,3,4,PLNNetwork,0.5833333333333333,0.25,False
friedman_microcosm_2017,170,0.0,0,10,5,3,3,4,Poisson GLMNet,0.6666666666666666,0.5,False
friedman_microcosm_2017,170,0.0,0,10,5,3,3,4,SparCC,0.8541666666666666,0.75,False
friedman_microcosm_2017,170,0.0,0,10,5,3,3,4,Mean rank,0.6666666666666666,0.5,False
friedman_microcosm_2017,170,0.0,0,10,5,3,3,4,SPIEC-EASI,0.625,0.375,False
friedman_microcosm_2017,170,0.2,2,10,5,3,3,4,Supervised combined,0.6666666666666666,0.5,True
friedman_microcosm_2017,170,0.4,4,10,5,3,3,4,Supervised combined,0.6666666666666666,0.5,True
friedman_microcosm_2017,170,0.6,6,10,5,3,3,4,Supervised combined,0.6666666666666666,0.5,True
friedman_microcosm_2017,170,0.8,8,10,5,3,3,4,Supervised combined,0.6666666666666666,0.5,True
friedman_microcosm_2017,171,0.0,0,10,5,3,3,4,PLNNetwork,0.5833333333333333,0.25,False
friedman_microcosm_2017,171,0.0,0,10,5,3,3,4,Poisson GLMNet,0.6666666666666666,0.5,False
friedman_microcosm_2017,171,0.0,0,10,5,3,3,4,SparCC,0.6666666666666666,0.5,False
friedman_microcosm_2017,171,0.0,0,10,5,3,3,4,Mean rank,0.6666666666666666,0.5,False
friedman_microcosm_2017,171,0.0,0,10,5,3,3,4,SPIEC-EASI,0.625,0.375,False
friedman_microcosm_2017,171,0.2,2,10,5,3,3,4,Supervised combined,0.8541666666666666,0.75,True
friedman_microcosm_2017,171,0.4,4,10,5,3,3,4,Supervised combined,0.6666666666666666,0.5,True
friedman_microcosm_2017,171,0.6,6,10,5,3,3,4,Supervised combined,0.6666666666666666,0.5,True
friedman_microcosm_2017,171,0.8,8,10,5,3,3,4,Supervised combined,0.6666666666666666,0.5,True
friedman_microcosm_2017,172,0.0,0,10,5,3,3,4,PLNNetwork,0.6666666666666666,0.5,False
friedman_microcosm_2017,172,0.0,0,10,5,3,3,4,Poisson GLMNet,0.6666666666666666,0.5,False
friedman_microcosm_2017,172,0.0,0,10,5,3,3,4,SparCC,0.6666666666666666,0.5,False
friedman_microcosm_2017,172,0.0,0,10,5,3,3,4,Mean rank,0.6666666666666666,0.5,False
friedman_microcosm_2017,172,0.0,0,10,5,3,3,4,SPIEC-EASI,0.625,0.375,False
friedman_microcosm_2017,172,0.2,2,10,5,3,3,4,Supervised combined,0.6666666666666666,0.5,True
friedman_microcosm_2017,172,0.4,4,10,5,3,3,4,Supervised combined,0.5833333333333333,0.25,True
friedman_microcosm_2017,172,0.6,6,10,5,3,3,4,Supervised combined,0.8541666666666666,0.75,True
friedman_microcosm_2017,172,0.8,8,10,5,3,3,4,Supervised combined,0.8541666666666666,0.75,True
friedman_microcosm_2017,173,0.0,0,10,5,3,3,4,PLNNetwork,0.8541666666666666,0.75,False
friedman_microcosm_2017,173,0.0,0,10,5,3,3,4,Poisson GLMNet,0.5833333333333333,0.25,False
friedman_microcosm_2017,173,0.0,0,10,5,3,3,4,SparCC,0.6666666666666666,0.5,False
friedman_microcosm_2017,173,0.0,0,10,5,3,3,4,Mean rank,0.8541666666666666,0.75,False
friedman_microcosm_2017,173,0.0,0,10,5,3,3,4,SPIEC-EASI,0.6666666666666666,0.5,False
friedman_microcosm_2017,173,0.2,2,10,5,3,3,4,Supervised combined,0.8541666666666666,0.75,True
friedman_microcosm_2017,173,0.4,4,10,5,3,3,4,Supervised combined,0.5833333333333333,0.25,True
friedman_microcosm_2017,173,0.6,6,10,5,3,3,4,Supervised combined,0.5833333333333333,0.25,True
friedman_microcosm_2017,173,0.8,8,10,5,3,3,4,Supervised combined,0.6666666666666666,0.5,True
friedman_microcosm_2017,174,0.0,0,10,5,3,3,3,PLNNetwork,0.5,0.5,False
friedman_microcosm_2017,174,0.0,0,10,5,3,3,3,Poisson GLMNet,0.5,0.5,False
friedman_microcosm_2017,174,0.0,0,10,5,3,3,3,SparCC,0.5,0.5,False
friedman_microcosm_2017,174,0.0,0,10,5,3,3,3,Mean rank,0.5,0.5,False
friedman_microcosm_2017,174,0.0,0,10,5,3,3,3,SPIEC-EASI,0.5,0.5,False
friedman_microcosm_2017,174,0.2,2,10,5,3,3,3,Supervised combined,0.5,0.5,True
friedman_microcosm_2017,174,0.4,4,10,5,3,3,3,Supervised combined,0.5,0.5,True
friedman_microcosm_2017,174,0.6,6,10,5,3,3,3,Supervised combined,0.5,0.5,True
friedman_microcosm_2017,174,0.8,8,10,5,3,3,3,Supervised combined,0.5,0.5,True
friedman_microcosm_2017,175,0.0,0,10,5,3,3,4,PLNNetwork,0.6666666666666666,0.5,False
friedman_microcosm_2017,175,0.0,0,10,5,3,3,4,Poisson GLMNet,0.8541666666666666,0.75,False
friedman_microcosm_2017,175,0.0,0,10,5,3,3,4,SparCC,0.8541666666666666,0.75,False
friedman_microcosm_2017,175,0.0,0,10,5,3,3,4,Mean rank,0.8541666666666666,0.75,False
friedman_microcosm_2017,175,0.0,0,10,5,3,3,4,SPIEC-EASI,0.6666666666666666,0.5,False
friedman_microcosm_2017,175,0.2,2,10,5,3,3,4,Supervised combined,0.6666666666666666,0.5,True
friedman_microcosm_2017,175,0.4,4,10,5,3,3,4,Supervised combined,0.6666666666666666,0.5,True
friedman_microcosm_2017,175,0.6,6,10,5,3,3,4,Supervised combined,0.6666666666666666,0.5,True
friedman_microcosm_2017,175,0.8,8,10,5,3,3,4,Supervised combined,0.8541666666666666,0.75,True
friedman_microcosm_2017,176,0.0,0,10,5,3,3,2,PLNNetwork,0.5,0.75,False
friedman_microcosm_2017,176,0.0,0,10,5,3,3,2,Poisson GLMNet,0.5,0.75,False
friedman_microcosm_2017,176,0.0,0,10,5,3,3,2,SparCC,0.29166666666666663,0.25,False
friedman_microcosm_2017,176,0.0,0,10,5,3,3,2,Mean rank,0.5,0.75,False
friedman_microcosm_2017,176,0.0,0,10,5,3,3,2,SPIEC-EASI,0.3333333333333333,0.5,False
friedman_microcosm_2017,176,0.2,2,10,5,3,3,2,Supervised combined,0.5,0.75,True
friedman_microcosm_2017,176,0.4,4,10,5,3,3,2,Supervised combined,0.29166666666666663,0.25,True
friedman_microcosm_2017,176,0.6,6,10,5,3,3,2,Supervised combined,0.5,0.75,True
friedman_microcosm_2017,176,0.8,8,10,5,3,3,2,Supervised combined,0.5,0.75,True
friedman_microcosm_2017,177,0.0,0,10,5,3,3,3,PLNNetwork,0.5,0.2777777777777778,False
friedman_microcosm_2017,177,0.0,0,10,5,3,3,3,Poisson GLMNet,0.8333333333333333,0.7222222222222222,False
friedman_microcosm_2017,177,0.0,0,10,5,3,3,3,SparCC,0.9166666666666666,0.9444444444444444,False
friedman_microcosm_2017,177,0.0,0,10,5,3,3,3,Mean rank,0.8333333333333333,0.7222222222222222,False
friedman_microcosm_2017,177,0.0,0,10,5,3,3,3,SPIEC-EASI,0.5,0.5,False
friedman_microcosm_2017,177,0.2,2,10,5,3,3,3,Supervised combined,0.5,0.5,True
friedman_microcosm_2017,177,0.4,4,10,5,3,3,3,Supervised combined,0.9166666666666666,0.9444444444444444,True
friedman_microcosm_2017,177,0.6,6,10,5,3,3,3,Supervised combined,0.9166666666666666,0.9444444444444444,True
friedman_microcosm_2017,177,0.8,8,10,5,3,3,3,Supervised combined,0.9166666666666666,0.9444444444444444,True
friedman_microcosm_2017,178,0.0,0,10,5,3,3,3,PLNNetwork,0.5,0.5,False
friedman_microcosm_2017,178,0.0,0,10,5,3,3,3,Poisson GLMNet,0.5,0.5,False
friedman_microcosm_2017,178,0.0,0,10,5,3,3,3,SparCC,0.5,0.5,False
friedman_microcosm_2017,178,0.0,0,10,5,3,3,3,Mean rank,0.5,0.5,False
friedman_microcosm_2017,178,0.0,0,10,5,3,3,3,SPIEC-EASI,0.5,0.5,False
friedman_microcosm_2017,178,0.2,2,10,5,3,3,3,Supervised combined,0.5,0.5,True
friedman_microcosm_2017,178,0.4,4,10,5,3,3,3,Supervised combined,0.5,0.5,True
friedman_microcosm_2017,178,0.6,6,10,5,3,3,3,Supervised combined,0.5,0.5,True
friedman_microcosm_2017,178,0.8,8,10,5,3,3,3,Supervised combined,0.5,0.5,True
friedman_microcosm_2017,179,0.0,0,10,5,3,3,2,PLNNetwork,0.41666666666666663,0.5,False
friedman_microcosm_2017,179,0.0,0,10,5,3,3,2,Poisson GLMNet,0.41666666666666663,0.5,False
friedman_microcosm_2017,179,0.0,0,10,5,3,3,2,SparCC,0.29166666666666663,0.25,False
friedman_microcosm_2017,179,0.0,0,10,5,3,3,2,Mean rank,0.29166666666666663,0.25,False
friedman_microcosm_2017,179,0.0,0,10,5,3,3,2,SPIEC-EASI,0.3333333333333333,0.5,False
friedman_microcosm_2017,179,0.2,2,10,5,3,3,2,Supervised combined,0.5,0.75,True
friedman_microcosm_2017,179,0.4,4,10,5,3,3,2,Supervised combined,0.29166666666666663,0.25,True
friedman_microcosm_2017,179,0.6,6,10,5,3,3,2,Supervised combined,0.29166666666666663,0.25,True
friedman_microcosm_2017,179,0.8,8,10,5,3,3,2,Supervised combined,0.5,0.75,True
friedman_microcosm_2017,180,0.0,0,10,5,3,3,3,PLNNetwork,0.5,0.5,False
friedman_microcosm_2017,180,0.0,0,10,5,3,3,3,Poisson GLMNet,0.5,0.5,False
friedman_microcosm_2017,180,0.0,0,10,5,3,3,3,SparCC,0.5,0.5,False
friedman_microcosm_2017,180,0.0,0,10,5,3,3,3,Mean rank,0.5,0.5,False
friedman_microcosm_2017,180,0.0,0,10,5,3,3,3,SPIEC-EASI,0.5,0.5,False
friedman_microcosm_2017,180,0.2,2,10,5,3,3,3,Supervised combined,0.5,0.5,True
friedman_microcosm_2017,180,0.4,4,10,5,3,3,3,Supervised combined,0.5,0.5,True
friedman_microcosm_2017,180,0.6,6,10,5,3,3,3,Supervised combined,0.5,0.5,True
friedman_microcosm_2017,180,0.8,8,10,5,3,3,3,Supervised combined,0.5,0.5,True
friedman_microcosm_2017,181,0.0,0,10,5,3,3,4,PLNNetwork,0.6666666666666666,0.5,False
friedman_microcosm_2017,181,0.0,0,10,5,3,3,4,Poisson GLMNet,0.6666666666666666,0.5,False
friedman_microcosm_2017,181,0.0,0,10,5,3,3,4,SparCC,0.6666666666666666,0.5,False
friedman_microcosm_2017,181,0.0,0,10,5,3,3,4,Mean rank,0.6666666666666666,0.5,False
friedman_microcosm_2017,181,0.0,0,10,5,3,3,4,SPIEC-EASI,0.625,0.375,False
friedman_microcosm_2017,181,0.2,2,10,5,3,3,4,Supervised combined,0.6666666666666666,0.5,True
friedman_microcosm_2017,181,0.4,4,10,5,3,3,4,Supervised combined,0.6666666666666666,0.5,True
friedman_microcosm_2017,181,0.6,6,10,5,3,3,4,Supervised combined,0.6666666666666666,0.5,True
friedman_microcosm_2017,181,0.8,8,10,5,3,3,4,Supervised combined,0.6666666666666666,0.5,True
friedman_microcosm_2017,182,0.0,0,10,5,3,3,4,PLNNetwork,0.6666666666666666,0.5,False
friedman_microcosm_2017,182,0.0,0,10,5,3,3,4,Poisson GLMNet,0.8541666666666666,0.75,False
friedman_microcosm_2017,182,0.0,0,10,5,3,3,4,SparCC,0.8541666666666666,0.75,False
friedman_microcosm_2017,182,0.0,0,10,5,3,3,4,Mean rank,0.8541666666666666,0.75,False
friedman_microcosm_2017,182,0.0,0,10,5,3,3,4,SPIEC-EASI,0.6666666666666666,0.5,False
friedman_microcosm_2017,182,0.2,2,10,5,3,3,4,Supervised combined,0.6666666666666666,0.5,True
friedman_microcosm_2017,182,0.4,4,10,5,3,3,4,Supervised combined,0.8541666666666666,0.75,True
friedman_microcosm_2017,182,0.6,6,10,5,3,3,4,Supervised combined,0.6666666666666666,0.5,True
friedman_microcosm_2017,182,0.8,8,10,5,3,3,4,Supervised combined,0.5833333333333333,0.25,True
friedman_microcosm_2017,183,0.0,0,10,5,3,3,3,PLNNetwork,0.5,0.5,False
friedman_microcosm_2017,183,0.0,0,10,5,3,3,3,Poisson GLMNet,0.5,0.5,False
friedman_microcosm_2017,183,0.0,0,10,5,3,3,3,SparCC,0.5,0.5,False
friedman_microcosm_2017,183,0.0,0,10,5,3,3,3,Mean rank,0.5,0.5,False
friedman_microcosm_2017,183,0.0,0,10,5,3,3,3,SPIEC-EASI,0.5,0.5,False
friedman_microcosm_2017,183,0.2,2,10,5,3,3,3,Supervised combined,0.5,0.5,True
friedman_microcosm_2017,183,0.4,4,10,5,3,3,3,Supervised combined,0.5,0.5,True
friedman_microcosm_2017,183,0.6,6,10,5,3,3,3,Supervised combined,0.5,0.5,True
friedman_microcosm_2017,183,0.8,8,10,5,3,3,3,Supervised combined,0.5,0.5,True
friedman_microcosm_2017,184,0.0,0,10,5,3,3,4,PLNNetwork,0.8541666666666666,0.75,False
friedman_microcosm_2017,184,0.0,0,10,5,3,3,4,Poisson GLMNet,0.5833333333333333,0.25,False
friedman_microcosm_2017,184,0.0,0,10,5,3,3,4,SparCC,0.6666666666666666,0.5,False
friedman_microcosm_2017,184,0.0,0,10,5,3,3,4,Mean rank,0.8541666666666666,0.75,False
friedman_microcosm_2017,184,0.0,0,10,5,3,3,4,SPIEC-EASI,0.6666666666666666,0.5,False
friedman_microcosm_2017,184,0.2,2,10,5,3,3,4,Supervised combined,0.6666666666666666,0.5,True
friedman_microcosm_2017,184,0.4,4,10,5,3,3,4,Supervised combined,0.6666666666666666,0.5,True
friedman_microcosm_2017,184,0.6,6,10,5,3,3,4,Supervised combined,0.8541666666666666,0.75,True
friedman_microcosm_2017,184,0.8,8,10,5,3,3,4,Supervised combined,0.8541666666666666,0.75,True
friedman_microcosm_2017,185,0.0,0,10,5,3,3,3,PLNNetwork,0.5,0.5,False
friedman_microcosm_2017,185,0.0,0,10,5,3,3,3,Poisson GLMNet,0.5,0.5,False
friedman_microcosm_2017,185,0.0,0,10,5,3,3,3,SparCC,0.5,0.5,False
friedman_microcosm_2017,185,0.0,0,10,5,3,3,3,Mean rank,0.5,0.5,False
friedman_microcosm_2017,185,0.0,0,10,5,3,3,3,SPIEC-EASI,0.5,0.5,False
friedman_microcosm_2017,185,0.2,2,10,5,3,3,3,Supervised combined,0.5,0.5,True
friedman_microcosm_2017,185,0.4,4,10,5,3,3,3,Supervised combined,0.5,0.5,True
friedman_microcosm_2017,185,0.6,6,10,5,3,3,3,Supervised combined,0.5,0.5,True
friedman_microcosm_2017,185,0.8,8,10,5,3,3,3,Supervised combined,0.5,0.5,True
friedman_microcosm_2017,186,0.0,0,10,5,3,3,4,PLNNetwork,0.5833333333333333,0.25,False
friedman_microcosm_2017,186,0.0,0,10,5,3,3,4,Poisson GLMNet,0.6666666666666666,0.5,False
friedman_microcosm_2017,186,0.0,0,10,5,3,3,4,SparCC,0.6666666666666666,0.5,False
friedman_microcosm_2017,186,0.0,0,10,5,3,3,4,Mean rank,0.6666666666666666,0.5,False
friedman_microcosm_2017,186,0.0,0,10,5,3,3,4,SPIEC-EASI,0.6666666666666666,0.5,False
friedman_microcosm_2017,186,0.2,2,10,5,3,3,4,Supervised combined,0.8541666666666666,0.75,True
friedman_microcosm_2017,186,0.4,4,10,5,3,3,4,Supervised combined,0.6666666666666666,0.5,True
friedman_microcosm_2017,186,0.6,6,10,5,3,3,4,Supervised combined,0.5833333333333333,0.25,True
friedman_microcosm_2017,186,0.8,8,10,5,3,3,4,Supervised combined,0.6666666666666666,0.5,True
friedman_microcosm_2017,187,0.0,0,10,5,3,3,5,PLNNetwork,0.9666666666666667,0.9,False
friedman_microcosm_2017,187,0.0,0,10,5,3,3,5,Poisson GLMNet,0.8833333333333333,0.5,False
friedman_microcosm_2017,187,0.0,0,10,5,3,3,5,SparCC,0.8833333333333333,0.5,False
friedman_microcosm_2017,187,0.0,0,10,5,3,3,5,Mean rank,0.9666666666666667,0.9,False
friedman_microcosm_2017,187,0.0,0,10,5,3,3,5,SPIEC-EASI,0.8333333333333334,0.5,False
friedman_microcosm_2017,187,0.2,2,10,5,3,3,5,Supervised combined,0.8333333333333334,0.5,True
friedman_microcosm_2017,187,0.4,4,10,5,3,3,5,Supervised combined,0.8333333333333334,0.5,True
friedman_microcosm_2017,187,0.6,6,10,5,3,3,5,Supervised combined,0.8833333333333333,0.5,True
friedman_microcosm_2017,187,0.8,8,10,5,3,3,5,Supervised combined,0.8833333333333333,0.5,True
friedman_microcosm_2017,188,0.0,0,10,5,3,3,3,PLNNetwork,0.5,0.2777777777777778,False
friedman_microcosm_2017,188,0.0,0,10,5,3,3,3,Poisson GLMNet,0.6666666666666666,0.7222222222222223,False
friedman_microcosm_2017,188,0.0,0,10,5,3,3,3,SparCC,0.6666666666666666,0.7222222222222223,False
friedman_microcosm_2017,188,0.0,0,10,5,3,3,3,Mean rank,0.9166666666666666,0.9444444444444444,False
friedman_microcosm_2017,188,0.0,0,10,5,3,3,3,SPIEC-EASI,0.5,0.5,False
friedman_microcosm_2017,188,0.2,2,10,5,3,3,3,Supervised combined,0.4166666666666667,0.05555555555555556,True
friedman_microcosm_2017,188,0.4,4,10,5,3,3,3,Supervised combined,0.8333333333333333,0.7222222222222222,True
friedman_microcosm_2017,188,0.6,6,10,5,3,3,3,Supervised combined,0.9166666666666666,0.9444444444444444,True
friedman_microcosm_2017,188,0.8,8,10,5,3,3,3,Supervised combined,0.6666666666666666,0.7222222222222223,True
friedman_microcosm_2017,189,0.0,0,10,5,3,3,5,PLNNetwork,0.9666666666666667,0.9,False
friedman_microcosm_2017,189,0.0,0,10,5,3,3,5,Poisson GLMNet,0.8833333333333333,0.5,False
friedman_microcosm_2017,189,0.0,0,10,5,3,3,5,SparCC,0.8833333333333333,0.5,False
friedman_microcosm_2017,189,0.0,0,10,5,3,3,5,Mean rank,0.9666666666666667,0.9,False
friedman_microcosm_2017,189,0.0,0,10,5,3,3,5,SPIEC-EASI,0.8333333333333334,0.5,False
friedman_microcosm_2017,189,0.2,2,10,5,3,3,5,Supervised combined,0.8833333333333333,0.5,True
friedman_microcosm_2017,189,0.4,4,10,5,3,3,5,Supervised combined,0.8833333333333333,0.5,True
friedman_microcosm_2017,189,0.6,6,10,5,3,3,5,Supervised combined,0.9666666666666667,0.9,True
friedman_microcosm_2017,189,0.8,8,10,5,3,3,5,Supervised combined,0.9666666666666667,0.9,True
friedman_microcosm_2017,190,0.0,0,10,5,3,3,2,PLNNetwork,0.29166666666666663,0.25,False
friedman_microcosm_2017,190,0.0,0,10,5,3,3,2,Poisson GLMNet,0.5,0.75,False
friedman_microcosm_2017,190,0.0,0,10,5,3,3,2,SparCC,0.41666666666666663,0.5,False
friedman_microcosm_2017,190,0.0,0,10,5,3,3,2,Mean rank,0.29166666666666663,0.25,False
friedman_microcosm_2017,190,0.0,0,10,5,3,3,2,SPIEC-EASI,0.3333333333333333,0.5,False
friedman_microcosm_2017,190,0.2,2,10,5,3,3,2,Supervised combined,0.41666666666666663,0.5,True
friedman_microcosm_2017,190,0.4,4,10,5,3,3,2,Supervised combined,0.5,0.75,True
friedman_microcosm_2017,190,0.6,6,10,5,3,3,2,Supervised combined,0.5,0.75,True
friedman_microcosm_2017,190,0.8,8,10,5,3,3,2,Supervised combined,0.41666666666666663,0.5,True
friedman_microcosm_2017,191,0.0,0,10,5,3,3,3,PLNNetwork,0.5,0.5,False
friedman_microcosm_2017,191,0.0,0,10,5,3,3,3,Poisson GLMNet,0.5,0.5,False
friedman_microcosm_2017,191,0.0,0,10,5,3,3,3,SparCC,0.5,0.5,False
friedman_microcosm_2017,191,0.0,0,10,5,3,3,3,Mean rank,0.5,0.5,False
friedman_microcosm_2017,191,0.0,0,10,5,3,3,3,SPIEC-EASI,0.5,0.5,False
friedman_microcosm_2017,191,0.2,2,10,5,3,3,3,Supervised combined,0.5,0.5,True
friedman_microcosm_2017,191,0.4,4,10,5,3,3,3,Supervised combined,0.5,0.5,True
friedman_microcosm_2017,191,0.6,6,10,5,3,3,3,Supervised combined,0.5,0.5,True
friedman_microcosm_2017,191,0.8,8,10,5,3,3,3,Supervised combined,0.5,0.5,True
friedman_microcosm_2017,192,0.0,0,10,5,3,3,3,PLNNetwork,0.8333333333333333,0.7222222222222222,False
friedman_microcosm_2017,192,0.0,0,10,5,3,3,3,Poisson GLMNet,0.6666666666666666,0.7222222222222223,False
friedman_microcosm_2017,192,0.0,0,10,5,3,3,3,SparCC,0.8333333333333333,0.7222222222222222,False
friedman_microcosm_2017,192,0.0,0,10,5,3,3,3,Mean rank,0.8333333333333333,0.7222222222222222,False
friedman_microcosm_2017,192,0.0,0,10,5,3,3,3,SPIEC-EASI,0.5,0.5,False
friedman_microcosm_2017,192,0.2,2,10,5,3,3,3,Supervised combined,0.5,0.5,True
friedman_microcosm_2017,192,0.4,4,10,5,3,3,3,Supervised combined,0.5,0.5,True
friedman_microcosm_2017,192,0.6,6,10,5,3,3,3,Supervised combined,0.4166666666666667,0.05555555555555556,True
friedman_microcosm_2017,192,0.8,8,10,5,3,3,3,Supervised combined,0.9166666666666666,0.9444444444444444,True
friedman_microcosm_2017,193,0.0,0,10,5,3,3,2,PLNNetwork,0.5,0.75,False
friedman_microcosm_2017,193,0.0,0,10,5,3,3,2,Poisson GLMNet,0.41666666666666663,0.5,False
friedman_microcosm_2017,193,0.0,0,10,5,3,3,2,SparCC,0.5,0.75,False
friedman_microcosm_2017,193,0.0,0,10,5,3,3,2,Mean rank,0.5,0.75,False
friedman_microcosm_2017,193,0.0,0,10,5,3,3,2,SPIEC-EASI,0.41666666666666663,0.625,False
friedman_microcosm_2017,193,0.2,2,10,5,3,3,2,Supervised combined,0.41666666666666663,0.5,True
friedman_microcosm_2017,193,0.4,4,10,5,3,3,2,Supervised combined,0.41666666666666663,0.5,True
friedman_microcosm_2017,193,0.6,6,10,5,3,3,2,Supervised combined,0.41666666666666663,0.5,True
friedman_microcosm_2017,193,0.8,8,10,5,3,3,2,Supervised combined,0.41666666666666663,0.5,True
friedman_microcosm_2017,194,0.0,0,10,5,3,3,4,PLNNetwork,0.6666666666666666,0.5,False
friedman_microcosm_2017,194,0.0,0,10,5,3,3,4,Poisson GLMNet,0.6666666666666666,0.5,False
friedman_microcosm_2017,194,0.0,0,10,5,3,3,4,SparCC,0.6666666666666666,0.5,False
friedman_microcosm_2017,194,0.0,0,10,5,3,3,4,Mean rank,0.6666666666666666,0.5,False
friedman_microcosm_2017,194,0.0,0,10,5,3,3,4,SPIEC-EASI,0.625,0.375,False
friedman_microcosm_2017,194,0.2,2,10,5,3,3,4,Supervised combined,0.5833333333333333,0.25,True
friedman_microcosm_2017,194,0.4,4,10,5,3,3,4,Supervised combined,0.5833333333333333,0.25,True
friedman_microcosm_2017,194,0.6,6,10,5,3,3,4,Supervised combined,0.6666666666666666,0.5,True
friedman_microcosm_2017,194,0.8,8,10,5,3,3,4,Supervised combined,0.6666666666666666,0.5,True
friedman_microcosm_2017,195,0.0,0,10,5,3,3,4,PLNNetwork,0.5833333333333333,0.25,False
friedman_microcosm_2017,195,0.0,0,10,5,3,3,4,Poisson GLMNet,0.5833333333333333,0.25,False
friedman_microcosm_2017,195,0.0,0,10,5,3,3,4,SparCC,0.5833333333333333,0.25,False
friedman_microcosm_2017,195,0.0,0,10,5,3,3,4,Mean rank,0.5833333333333333,0.25,False
friedman_microcosm_2017,195,0.0,0,10,5,3,3,4,SPIEC-EASI,0.6666666666666666,0.5,False
friedman_microcosm_2017,195,0.2,2,10,5,3,3,4,Supervised combined,0.6666666666666666,0.5,True
friedman_microcosm_2017,195,0.4,4,10,5,3,3,4,Supervised combined,0.6666666666666666,0.5,True
friedman_microcosm_2017,195,0.6,6,10,5,3,3,4,Supervised combined,0.6666666666666666,0.5,True
friedman_microcosm_2017,195,0.8,8,10,5,3,3,4,Supervised combined,0.5833333333333333,0.25,True
friedman_microcosm_2017,196,0.0,0,10,5,3,3,4,PLNNetwork,0.5833333333333333,0.25,False
friedman_microcosm_2017,196,0.0,0,10,5,3,3,4,Poisson GLMNet,0.6666666666666666,0.5,False
friedman_microcosm_2017,196,0.0,0,10,5,3,3,4,SparCC,0.8541666666666666,0.75,False
friedman_microcosm_2017,196,0.0,0,10,5,3,3,4,Mean rank,0.6666666666666666,0.5,False
friedman_microcosm_2017,196,0.0,0,10,5,3,3,4,SPIEC-EASI,0.625,0.375,False
friedman_microcosm_2017,196,0.2,2,10,5,3,3,4,Supervised combined,0.6666666666666666,0.5,True
friedman_microcosm_2017,196,0.4,4,10,5,3,3,4,Supervised combined,0.6666666666666666,0.5,True
friedman_microcosm_2017,196,0.6,6,10,5,3,3,4,Supervised combined,0.6666666666666666,0.5,True
friedman_microcosm_2017,196,0.8,8,10,5,3,3,4,Supervised combined,0.8541666666666666,0.75,True
friedman_microcosm_2017,197,0.0,0,10,5,3,3,4,PLNNetwork,0.6666666666666666,0.5,False
friedman_microcosm_2017,197,0.0,0,10,5,3,3,4,Poisson GLMNet,0.6666666666666666,0.5,False
friedman_microcosm_2017,197,0.0,0,10,5,3,3,4,SparCC,0.6666666666666666,0.5,False
friedman_microcosm_2017,197,0.0,0,10,5,3,3,4,Mean rank,0.6666666666666666,0.5,False
friedman_microcosm_2017,197,0.0,0,10,5,3,3,4,SPIEC-EASI,0.625,0.375,False
friedman_microcosm_2017,197,0.2,2,10,5,3,3,4,Supervised combined,0.8541666666666666,0.75,True
friedman_microcosm_2017,197,0.4,4,10,5,3,3,4,Supervised combined,0.8541666666666666,0.75,True
friedman_microcosm_2017,197,0.6,6,10,5,3,3,4,Supervised combined,0.8541666666666666,0.75,True
friedman_microcosm_2017,197,0.8,8,10,5,3,3,4,Supervised combined,0.8541666666666666,0.75,True
friedman_microcosm_2017,198,0.0,0,10,5,3,3,2,PLNNetwork,0.5,0.75,False
friedman_microcosm_2017,198,0.0,0,10,5,3,3,2,Poisson GLMNet,0.5,0.75,False
friedman_microcosm_2017,198,0.0,0,10,5,3,3,2,SparCC,0.29166666666666663,0.25,False
friedman_microcosm_2017,198,0.0,0,10,5,3,3,2,Mean rank,0.5,0.75,False
friedman_microcosm_2017,198,0.0,0,10,5,3,3,2,SPIEC-EASI,0.3333333333333333,0.5,False
friedman_microcosm_2017,198,0.2,2,10,5,3,3,2,Supervised combined,0.3333333333333333,0.5,True
friedman_microcosm_2017,198,0.4,4,10,5,3,3,2,Supervised combined,0.5,0.75,True
friedman_microcosm_2017,198,0.6,6,10,5,3,3,2,Supervised combined,0.5,0.75,True
friedman_microcosm_2017,198,0.8,8,10,5,3,3,2,Supervised combined,0.5,0.75,True
friedman_microcosm_2017,199,0.0,0,10,5,3,3,4,PLNNetwork,0.6666666666666666,0.5,False
friedman_microcosm_2017,199,0.0,0,10,5,3,3,4,Poisson GLMNet,0.6666666666666666,0.5,False
friedman_microcosm_2017,199,0.0,0,10,5,3,3,4,SparCC,0.6666666666666666,0.5,False
friedman_microcosm_2017,199,0.0,0,10,5,3,3,4,Mean rank,0.6666666666666666,0.5,False
friedman_microcosm_2017,199,0.0,0,10,5,3,3,4,SPIEC-EASI,0.625,0.375,False
friedman_microcosm_2017,199,0.2,2,10,5,3,3,4,Supervised combined,0.6666666666666666,0.5,True
friedman_microcosm_2017,199,0.4,4,10,5,3,3,4,Supervised combined,0.6666666666666666,0.5,True
friedman_microcosm_2017,199,0.6,6,10,5,3,3,4,Supervised combined,0.8541666666666666,0.75,True
friedman_microcosm_2017,199,0.8,8,10,5,3,3,4,Supervised combined,0.8541666666666666,0.75,True
